1998-06-08/00:16:18      122.420     -62.1500      10.6800      85.0000      4.08838    0.0871558    0.0710842
1998-06-08/00:16:38      122.080     -61.0900      10.1600      82.0000      9.38476     0.139173     0.162201
1998-06-08/00:16:58      122.470     -59.9300      9.96000      79.0000      2.86438     0.190809    0.0490743
1998-06-08/00:17:19      123.060     -58.7500      6.28000      75.0000      6.34069     0.258819     0.106895
1998-06-08/00:17:39      123.570     -57.5200      8.23000      69.0000      13.3115     0.358368     0.216898
1998-06-08/00:17:59      124.770     -56.1100      8.75000      76.0000      9.73667     0.241922     0.164889
1998-06-08/00:18:19      126.680     -54.7100      11.5000      72.0000      4.92515     0.309017    0.0817529
1998-06-08/00:18:39      128.240     -53.6300      11.9700      71.0000      18.8223     0.325568     0.310614
1998-06-08/00:20:39      130.800     -46.9600      9.00000      69.0000      11.6098     0.358368     0.189171
1998-06-08/00:20:59      130.980     -45.8900      6.28000      67.0000      3.60949     0.390731    0.0579895
1998-06-08/00:21:19      131.210     -44.8700      9.87000      73.0000      6.94302     0.292372     0.115884
1998-06-08/00:21:39      131.290     -43.8300      11.3300      58.0000      5.86516     0.529919    0.0868116
1998-06-08/00:21:59      131.460     -42.7800      10.4600      60.0000      23.7264     0.500000     0.358624
1998-06-08/00:22:19      131.580     -41.7600      9.06000      170.000      17.0160     0.984808    0.0515710
1998-06-08/00:22:39      131.570     -40.6400      9.15000      154.000      36.0924     0.898794     0.276144
1998-06-08/00:23:00      131.720     -39.4300      9.02000      68.0000      11.1366     0.374607     0.180217
1998-06-08/00:23:20      132.080     -38.2800      9.64000      83.0000      19.9121     0.121869     0.344942
1998-06-08/00:23:40      132.290     -37.2100      8.95000      79.0000      21.1866     0.190809     0.362982
1998-06-08/00:25:40      132.460     -30.6400      9.04000      172.000      45.0000     0.990268     0.109306
1998-06-08/00:26:00      132.560     -29.5300      9.87000      172.000      30.1131     0.990268    0.0731456
1998-06-08/00:26:20      132.630     -28.4400      9.69000      46.0000      26.9050     0.694658     0.337788
1998-06-08/00:26:41      132.730     -27.2700      8.13000      59.0000      7.20927     0.515038     0.107854
1998-06-08/00:35:03      132.880    -0.160000      9.33000      50.0000      5.31607     0.642788    0.0710758
1998-06-08/00:35:23      132.760     0.990000      9.30000      51.0000      8.87976     0.629320     0.120443
1998-06-08/00:35:43      132.710      2.15000      9.70000      57.0000      7.34258     0.544639     0.107477
1998-06-08/00:36:02      132.730      3.22000      11.6400      52.0000      5.38581     0.615661    0.0740731
1998-06-08/00:36:22      132.760      4.28000      10.1200      45.0000      3.75230     0.707107    0.0463084
1998-06-08/00:36:42      132.740      5.35000      7.90000      55.0000      2.07314     0.573576    0.0296395
1998-06-08/00:37:03      132.710      6.42000      11.6400      65.0000      3.09401     0.422618    0.0489412
1998-06-08/00:37:23      132.630      7.51000      10.7900      60.0000      4.47089     0.500000    0.0675775
1998-06-08/00:37:43      132.520      8.61000      7.69000      81.0000      3.65394     0.156434    0.0629881
1998-06-08/00:38:03      132.380      9.74000      5.73000      66.0000      7.73311     0.406737     0.123300
1998-06-08/00:38:23      132.200      10.8500      9.45000      61.0000      3.10994     0.484810    0.0474732
1998-06-08/00:38:44      132.040      12.0200      11.2300      55.0000      1.61080     0.573576    0.0230294
1998-06-08/00:39:04      131.780      13.1700      9.41000      52.0000      6.49897     0.615661    0.0893828
1998-06-08/00:39:24      131.640      14.2900      7.62000      68.0000      8.14810     0.374607     0.131856
1998-06-08/00:39:44      131.410      15.3700      8.16000      50.0000      5.31607     0.642788    0.0710758
1998-06-08/00:40:04      131.140      16.4100      8.48000      59.0000      2.92475     0.515038    0.0437554
1998-06-08/00:40:24      130.960      17.4800      9.31000      57.0000      3.71607     0.544639    0.0543942
1998-06-08/00:40:44      130.630      18.5600      8.97000      47.0000      3.84916     0.681998    0.0491327
1998-06-08/00:41:04      130.370      19.6300      9.20000      66.0000      1.25657     0.406737    0.0200352
1998-06-08/00:41:24      130.110      20.7100      8.84000      53.0000      7.40466     0.601815     0.103212
1998-06-08/00:41:44      129.890      21.8100      8.82000      67.0000      4.85743     0.390731    0.0780387
1998-06-08/00:42:04      129.650      22.9100      8.86000      69.0000      4.37406     0.358368    0.0712712
1998-06-08/00:42:24      129.390      24.0100      9.98000      78.0000      4.33435     0.207912    0.0739956
1998-06-08/00:42:44      129.260      25.0400      11.1800      57.0000      2.40317     0.544639    0.0351766
1998-06-08/00:43:04      128.860      26.1700      10.6500      70.0000      3.32780     0.342020    0.0545784
1998-06-08/00:43:24      128.540      27.3300      9.93000      69.0000      2.83141     0.358368    0.0461351
1998-06-08/00:43:44      128.180      28.4200      9.39000      42.0000      4.84314     0.743145    0.0565608
1998-06-08/00:44:04      127.940      29.5500      9.85000      66.0000      2.42089     0.406737    0.0385996
1998-06-08/00:44:25      127.430      30.7700      8.66000      67.0000      2.29214     0.390731    0.0368252
1998-06-08/00:44:45      127.080      31.9100      8.62000      68.0000      2.32941     0.374607    0.0376955
1998-06-08/00:45:05      126.790      33.0300      9.54000      67.0000      5.11072     0.390731    0.0821080
1998-06-08/00:45:25      126.110      34.2300      7.10000      68.0000      2.47319     0.374607    0.0400222
1998-06-08/00:45:45      125.460      35.4100      6.81000      70.0000      2.93767     0.342020    0.0481799
1998-06-08/00:46:06      124.920      36.5800      15.5000      75.0000      4.10868     0.258819    0.0692665
1998-06-08/00:46:26      124.220      37.7400      18.3000      60.0000      3.85064     0.500000    0.0582024
1998-06-08/00:46:45      123.310      38.9300      11.5700      64.0000      4.02131     0.438371    0.0630819
1998-06-08/00:47:05      122.460      40.1100      9.06000      59.0000      2.97762     0.515038    0.0445464
1998-06-08/00:47:25      121.420      41.4000      9.52000      60.0000      7.20557     0.500000     0.108912
1998-06-08/00:47:45      120.110      42.7400      9.31000      65.0000      2.46245     0.422618    0.0389512
1998-06-08/00:48:06      118.530      44.2000      9.41000      64.0000      3.09391     0.438371    0.0485339
1998-06-08/02:24:48      132.360     -26.2200      9.35000      55.0000      17.6815     0.573576     0.252791
1998-06-08/02:25:08      132.590     -25.1600      8.99000      46.0000      10.8293     0.694658     0.135960
1998-06-08/02:25:28      132.710     -24.1200      8.96000      64.0000      7.36341     0.438371     0.115509
1998-06-08/02:25:48      132.760     -23.1300      9.18000      68.0000      4.16675     0.374607    0.0674281
1998-06-08/02:26:08      132.780     -22.1100      9.22000      65.0000      3.75034     0.422618    0.0593231
1998-06-08/02:26:28      132.760     -21.0600      9.22000      68.0000      3.42468     0.374607    0.0554196
1998-06-08/02:26:49      132.770     -20.0100      9.13000      46.0000      4.62152     0.694658    0.0580225
1998-06-08/02:27:08      132.780     -18.9900      9.33000      36.0000      34.4662     0.809017     0.353581
1998-06-08/02:27:28      132.740     -17.9400      9.27000      43.0000      8.82971     0.731354     0.105101
1998-06-08/02:27:48      132.620     -16.8300      9.21000      58.0000      3.81771     0.529919    0.0565068
1998-06-08/02:35:30      131.300      9.27000      9.33000      68.0000      6.14871     0.374607    0.0995010
1998-06-08/02:35:50      131.240      10.2100      9.41000      43.0000      4.91887     0.731354    0.0585499
1998-06-08/02:36:11      130.890      11.2400      9.42000      34.0000      1.94633     0.829038    0.0189957
1998-06-08/02:36:31      130.260      12.6000      9.42000      56.0000      2.04324     0.559193    0.0295645
1998-06-08/02:36:51      130.230      13.9200      9.40000      56.0000      3.47125     0.559193    0.0502270
1998-06-08/02:37:11      130.200      14.7100      9.39000      58.0000      3.43143     0.529919    0.0507894
1998-06-08/02:37:31      129.930      15.9000      9.41000      59.0000      2.87450     0.515038    0.0430036
1998-06-08/02:37:51      130.310      16.8200      9.37000      66.0000      4.06747     0.406737    0.0648533
1998-06-08/02:38:11      130.190      17.8700      9.26000      34.0000      7.24691     0.829038    0.0707281
1998-06-08/02:38:31      130.140      18.8400      9.24000      45.0000      4.55141     0.707107    0.0561705
1998-06-08/02:38:51      129.970      19.9100      9.23000      61.0000      3.20731     0.484810    0.0489596
1998-06-08/02:39:11      129.760      20.8100      9.24000      64.0000      7.36341     0.438371     0.115509
1998-06-08/03:18:04      309.110      44.9800      9.24000      105.000      8.75356     0.258819     0.147573
1998-06-08/03:18:24      309.060      43.5100      9.14000      112.000      17.4097     0.374607     0.281731
1998-06-08/03:18:44      309.210      42.1000      9.10000      122.000      8.08792     0.529919     0.119711
1998-06-08/03:19:04      309.340      40.6200      9.08000      135.000      8.96907     0.707107     0.110690
1998-06-08/03:19:24      309.250      39.1800      9.29000      139.000      9.19840     0.754710     0.105325
1998-06-08/03:19:44      309.380      37.8800      9.18000      145.000      11.4944     0.819152     0.115068
1998-06-08/03:20:04      309.600      36.4700      9.24000      155.000      15.6480     0.906308     0.115421
1998-06-08/03:20:24      309.710      35.1000      9.13000      151.000      15.8608     0.874620     0.134207
1998-06-08/03:22:24      311.780      29.4000      9.20000      151.000      17.0623     0.874620     0.144373
1998-06-08/03:22:44      311.960      28.6600      9.32000      140.000      11.2951     0.766045     0.126717
1998-06-08/03:23:04      311.960      27.7100      9.44000      136.000      3.38449     0.719340    0.0410338
1998-06-08/03:23:25      311.860      26.7800      9.48000      139.000      7.80653     0.754710    0.0893878
1998-06-08/03:23:45      311.850      25.8400      9.37000      138.000      6.11781     0.743145    0.0714470
1998-06-08/03:24:05      311.870      24.9500      9.40000      130.000      5.57643     0.642788    0.0745569
1998-06-08/03:24:25      311.780      23.8900      9.35000      113.000      5.99490     0.390731    0.0963131
1998-06-08/03:24:46      311.640      22.9500      9.32000      107.000      22.5796     0.292372     0.376869
1998-06-08/03:25:06      311.570      21.9900      9.30000      120.000      10.5005     0.500000     0.158715
1998-06-08/03:25:26      311.710      20.9700      9.20000      121.000      7.73894     0.515038     0.115778
1998-06-08/03:25:46      311.970      20.0000      9.23000      122.000      21.3608     0.529919     0.316166
1998-06-08/03:26:05      312.140      19.1200      9.27000      127.000      9.03646     0.601815     0.125958
1998-06-08/03:26:25      312.450      18.1000      9.33000      126.000      11.1706     0.587785     0.157729
1998-06-08/03:26:45      312.640      17.1100      9.51000      129.000      10.7422     0.629321     0.145705
1998-06-08/03:27:05      312.780      15.9800      11.4200      133.000      8.93288     0.681998     0.114024
1998-06-08/03:27:26      312.850      14.9900      12.3300      132.000      7.76444     0.669131     0.100707
1998-06-08/03:30:26      312.520      5.27000      12.0700      124.000      6.94095     0.559193     0.100432
1998-06-08/03:30:47      312.660      4.17000      10.0100      128.000      9.41108     0.615661     0.129434
1998-06-08/03:31:07      312.810      3.04000      8.97000      121.000      7.73894     0.515038     0.115778
1998-06-08/03:31:27      312.790      1.88000      11.1000      125.000      5.54943     0.573576    0.0793396
1998-06-08/03:31:47      312.800     0.890000      12.4700      123.000      7.13625     0.544639     0.104457
1998-06-08/03:32:07      312.860    -0.140000      13.6900      121.000      5.49953     0.515038    0.0822751
1998-06-08/03:32:27      312.850     -1.28000      12.8900      129.000      25.6400     0.629321     0.347775
1998-06-08/03:32:47      312.700     -2.37000      11.2000      124.000      6.94095     0.559193     0.100432
1998-06-08/03:33:07      312.490     -3.50000      14.0800      118.000      4.54485     0.469472    0.0700377
1998-06-08/03:33:27      312.280     -4.88000      14.4000      112.000      2.74726     0.374607    0.0444573
1998-06-08/03:33:47      311.920     -6.15000      13.2200      133.000      5.70103     0.681998    0.0727710
1998-06-08/03:34:07      311.570     -7.46000      12.0400      130.000      7.13225     0.642788    0.0953582
1998-06-08/03:34:27      310.550     -8.34000      11.5800      124.000      6.29588     0.559193    0.0910978
1998-06-08/03:36:08      309.100     -15.9600      11.7500      142.000      13.0080     0.788011     0.139775
1998-06-08/03:36:28      309.340     -16.9000      10.8200      146.000      2.89858     0.829038    0.0282894
1998-06-08/03:36:48      309.210     -17.9300      11.3700      144.000      12.3320     0.809017     0.126511
1998-06-08/03:37:08      309.660     -18.8700      11.9200      149.000      31.4226     0.857167     0.282461
1998-06-08/03:37:28      310.410     -20.0800      11.5100      145.000      30.0488     0.819152     0.300812
1998-06-08/03:43:10      306.680     -30.8800      9.75000      127.000      7.31930     0.601815     0.102022
1998-06-08/03:43:29      307.480     -32.8200      8.95000      100.000      4.63867     0.173648    0.0797301
1998-06-08/03:43:49      307.570     -34.6400      11.6100      119.000      3.17715     0.484810    0.0484992
1998-06-08/03:44:09      307.390     -36.0500      10.9700      108.000      3.27522     0.309017    0.0543656
1998-06-08/03:44:29      306.270     -37.1600      13.1100      105.000      2.76988     0.258819    0.0466963
1998-06-08/03:44:50      304.980     -38.4200      12.6000      102.000      2.65735     0.207912    0.0453660
1998-06-08/03:45:10      303.440     -38.6900      12.3100      114.000      2.85912     0.406737    0.0455869
1998-06-08/03:45:30      302.060     -39.8700      8.39000      116.000      3.56278     0.438371    0.0558890
1998-06-08/03:45:50      299.700     -41.1500      7.59000      116.000      2.35343     0.438371    0.0369181
1998-06-08/03:46:11      298.660     -42.8100      6.88000      117.000      2.18261     0.453991    0.0339418
1998-06-08/03:46:31      299.530     -44.5800      11.1200      116.000      3.12038     0.438371    0.0489491
1998-06-08/03:46:51      301.690     -45.7800      12.1500      117.000      4.15842     0.453991    0.0646676
1998-06-08/03:47:11      302.870     -46.5700      10.4000      114.000      2.85912     0.406737    0.0455869
1998-06-08/03:47:30      302.570     -47.3500      8.67000      109.000      3.56289     0.325568    0.0587963
1998-06-08/03:47:50      303.080     -48.7000      10.0100      109.000      5.30545     0.325568    0.0875527
1998-06-08/03:48:10      301.600     -50.0700      10.3000      112.000      2.39763     0.374607    0.0387994
1998-06-08/03:48:30      300.570     -51.2900      10.4600      113.000      1.58863     0.390731    0.0255227
1998-06-08/03:48:51      297.850     -52.6500      10.2400      114.000      1.94222     0.406737    0.0309675
1998-06-08/03:49:11      294.790     -53.6900      9.90000      112.000      1.33425     0.374607    0.0215914
1998-06-08/03:49:31      294.930     -54.7400      10.4500      111.000      2.04548     0.358368    0.0333292
1998-06-08/03:49:51      295.600     -55.7900      10.6600      110.000      2.45938     0.342020    0.0403356
1998-06-08/03:50:12      292.370     -57.2600      9.99000      113.000      1.69368     0.390731    0.0272104
1998-06-08/03:50:32      289.490     -58.7300      9.90000      108.000      2.72086     0.309017    0.0451637
1998-06-08/04:11:16      111.590     -65.8200      10.5300      71.0000      5.69753     0.325568    0.0940230
1998-06-08/04:11:37      112.290     -64.6500      10.1600      74.0000      3.92395     0.275637    0.0658328
1998-06-08/04:11:57      117.140     -63.1600      9.15000      75.0000      2.18875     0.258819    0.0368992
1998-06-08/04:12:17      111.800     -62.3900      9.27000      66.0000      5.74550     0.406737    0.0916084
1998-06-08/04:12:37      110.510     -61.3600      9.21000      68.0000      7.16061     0.374607     0.115876
1998-06-08/04:12:56      113.910     -60.1900      8.74000      66.0000      1.82806     0.406737    0.0291473
1998-06-08/04:13:17      116.330     -58.7300      8.78000      42.0000      3.58474     0.743145    0.0418645
1998-06-08/04:13:37      120.570     -57.0300      8.75000      12.0000      16.1423     0.978148    0.0585763
1998-06-08/04:13:57      122.840     -55.8900      12.2600      68.0000      2.66344     0.374607    0.0431009
1998-06-08/04:14:17      123.970     -55.0000      12.5500      73.0000      5.01508     0.292372    0.0837050
1998-06-08/04:14:37      123.390     -54.3100      10.8000      75.0000      7.22898     0.258819     0.121870
1998-06-08/04:14:57      122.690     -53.4500      10.2700      78.0000      6.40089     0.207912     0.109275
1998-06-08/04:15:17      122.450     -52.5800      10.2900      71.0000      3.12735     0.325568    0.0516088
1998-06-08/04:15:38      124.600     -50.8200      9.54000      68.0000      2.53204     0.374607    0.0409745
1998-06-08/04:15:58      126.470     -49.3400      9.38000      68.0000      11.1366     0.374607     0.180217
1998-06-08/04:16:18      127.720     -48.0700      9.48000      69.0000      2.73958     0.358368    0.0446389
1998-06-08/04:16:38      128.200     -46.8100      9.72000      59.0000      5.88799     0.515038    0.0880866
1998-06-08/04:16:57      127.600     -45.9000      9.43000      12.0000      18.1249     0.978148    0.0657706
1998-06-08/04:17:17      127.490     -44.8800      9.39000      60.0000      7.74654     0.500000     0.117089
1998-06-08/04:17:38      127.890     -43.7100      9.50000      62.0000      4.56993     0.469472    0.0704242
1998-06-08/04:17:58      128.190     -42.5700      9.32000      60.0000      6.22112     0.500000    0.0940322
1998-06-08/04:18:18      128.160     -41.5300      9.30000      71.0000      4.32231     0.325568    0.0713285
1998-06-08/04:18:38      128.320     -40.3300      9.27000      83.0000      3.64446     0.121869    0.0631337
1998-06-08/04:18:58      128.860     -39.0300      9.25000      79.0000      2.78705     0.190809    0.0477495
1998-06-08/04:19:18      129.130     -37.9300      9.35000      82.0000      3.54206     0.139173    0.0612190
1998-06-08/04:19:38      129.110     -37.1100      9.31000      62.0000      7.43414     0.469472     0.114563
1998-06-08/04:19:58      129.320     -36.1800      9.30000      57.0000      7.03694     0.544639     0.103004
1998-06-08/04:20:18      129.290     -35.1800      9.31000      73.0000      4.39636     0.292372    0.0733782
1998-06-08/04:20:38      129.210     -34.0600      9.40000      74.0000      3.09738     0.275637    0.0519653
1998-06-08/04:20:58      129.320     -32.9500      9.45000      69.0000      3.07254     0.358368    0.0500641
1998-06-08/04:21:18      129.720     -31.8100      9.52000      61.0000      4.98984     0.484810    0.0761699
1998-06-08/04:21:38      129.840     -30.8300      9.50000      76.0000      3.43504     0.241922    0.0581719
1998-06-08/04:21:59      129.810     -29.8500      9.35000      71.0000      6.39265     0.325568     0.105494
1998-06-08/04:22:19      129.700     -28.7600      9.26000      74.0000      9.39453     0.275637     0.157614
1998-06-08/04:22:39      129.890     -27.5900      9.16000      77.0000      1.99423     0.224951    0.0339138
1998-06-08/04:25:40      129.900     -17.5700      9.10000      70.0000      2.83748     0.342020    0.0465367
1998-06-08/04:26:00      129.990     -16.3500      9.05000      61.0000      2.91367     0.484810    0.0444772
1998-06-08/04:26:20      130.390     -15.1600      9.12000      63.0000      8.88126     0.453990     0.138112
1998-06-08/04:26:40      130.350     -14.1400      9.09000      32.0000      8.63457     0.848048    0.0798597
1998-06-08/04:27:00      130.300     -13.0600      9.00000      64.0000      8.55196     0.438371     0.134154
1998-06-08/04:27:20      130.390     -12.0400      9.04000      69.0000      3.45863     0.358368    0.0563551
1998-06-08/04:27:40      130.280     -11.0300      9.07000      61.0000      6.05586     0.484810    0.0924427
1998-06-08/04:28:00      130.080     -9.68000      9.16000      62.0000      6.66541     0.469472     0.102716
1998-06-08/04:28:20      130.070     -8.49000      9.25000      63.0000      3.45764     0.453990    0.0537698
1998-06-08/04:28:40      130.310     -7.44000      8.82000      66.0000      1.78538     0.406737    0.0284668
1998-06-08/04:29:00      130.450     -6.49000      9.04000      56.0000      2.11018     0.559193    0.0305331
1998-06-08/04:29:21      130.440     -5.48000      9.01000      62.0000      10.7070     0.469472     0.164999
1998-06-08/04:29:41      130.390     -4.41000      9.17000      24.0000      11.6969     0.913545    0.0830351
1998-06-08/04:30:01      130.280     -3.27000      9.12000      72.0000      6.06730     0.309017     0.100712
1998-06-08/04:30:20      130.110     -2.25000      9.26000      73.0000      5.88729     0.292372    0.0982628
1998-06-08/04:30:40      129.850     -1.07000      9.27000      85.0000      5.29583    0.0871558    0.0920779
1998-06-08/04:31:00      129.590     0.220000      9.14000      65.0000      5.47039     0.422618    0.0865309
1998-06-08/04:31:20      129.380      1.41000      9.13000      67.0000      3.28072     0.390731    0.0527075
1998-06-08/04:31:41      129.340      2.65000      9.12000      70.0000      4.47027     0.342020    0.0733157
1998-06-08/04:32:01      129.520      3.78000      9.10000      76.0000      1.89749     0.241922    0.0321337
1998-06-08/04:32:21      129.800      4.84000      9.06000      69.0000      2.83141     0.358368    0.0461351
1998-06-08/04:32:41      129.920      5.70000      8.97000      66.0000      2.79642     0.406737    0.0445872
1998-06-08/04:33:02      129.730      6.80000      9.02000      48.0000      25.9298     0.669131     0.336318
1998-06-08/04:33:22      129.610      7.90000      9.11000      58.0000      3.90478     0.529919    0.0577956
1998-06-08/04:33:42      129.550      9.10000      9.19000      57.0000      2.09344     0.544639    0.0306429
1998-06-08/04:39:43      126.920      28.6000      9.27000      64.0000      3.09391     0.438371    0.0485339
1998-06-08/04:40:03      126.650      29.5900      9.30000      67.0000      2.22430     0.390731    0.0357352
1998-06-08/04:40:23      126.500      30.6200      8.98000      65.0000      2.63779     0.422618    0.0417247
1998-06-08/04:40:43      126.140      31.6700      8.87000      65.0000      7.90321     0.422618     0.125013
1998-06-08/04:41:03      125.770      32.7200      8.75000      68.0000      2.59786     0.374607    0.0420396
1998-06-08/04:41:23      125.400      33.8000      8.72000      67.0000      3.38726     0.390731    0.0544192
1998-06-08/04:41:43      125.040      34.9300      8.10000      73.0000      2.94420     0.292372    0.0491407
1998-06-08/04:42:03      124.880      36.0200      10.4400      59.0000      3.14954     0.515038    0.0471184
1998-06-08/04:42:23      124.620      37.1000      10.3600      70.0000      3.44885     0.342020    0.0565637
1998-06-08/04:42:43      123.490      38.2400      8.86000      72.0000      2.19297     0.309017    0.0364013
1998-06-08/04:43:03      122.260      39.6700      8.92000      64.0000      3.47634     0.438371    0.0545331
1998-06-08/04:43:24      121.300      40.9500      8.56000      68.0000      2.43529     0.374607    0.0394089
1998-06-08/04:43:44      120.970      42.1500      7.95000      69.0000      4.77781     0.358368    0.0778499
1998-06-08/04:44:04      120.700      43.2500      8.25000      70.0000      2.90309     0.342020    0.0476128
1998-06-08/04:44:24      119.440      44.5000      8.68000      66.0000      2.10025     0.406737    0.0334872
1998-06-08/04:44:44      119.140      45.4100      9.31000      58.0000      3.31091     0.529919    0.0490055
1998-06-08/04:45:03      118.370      46.4000      7.76000      65.0000      4.72533     0.422618    0.0747455
1998-06-08/04:45:23      116.890      47.6500      9.03000      63.0000      6.06317     0.453990    0.0942883
1998-06-08/04:45:43      115.340      48.7400      8.58000      74.0000      2.85935     0.275637    0.0479718
1998-06-08/06:16:04      129.430     -40.1400      9.64000      50.0000      4.42622     0.642788    0.0591786
1998-06-08/06:16:24      129.420     -39.0100      8.97000      65.0000      7.74852     0.422618     0.122567
1998-06-08/06:16:44      129.610     -37.8700      9.83000      62.0000      7.07804     0.469472     0.109075
1998-06-08/06:17:04      129.880     -36.8200      9.54000      74.0000      4.42859     0.275637    0.0742993
1998-06-08/06:17:25      130.050     -35.8000      8.42000      54.0000      9.94304     0.587785     0.140396
1998-06-08/06:17:45      130.050     -34.8000      8.78000      59.0000      3.73037     0.515038    0.0558078
1998-06-08/06:18:05      129.950     -33.7800      9.37000      52.0000      22.1762     0.615661     0.304998
1998-06-08/06:18:25      129.820     -32.7300      9.54000      57.0000      7.40268     0.544639     0.108357
1998-06-08/06:18:46      129.830     -31.6100      8.30000      46.0000      9.19740     0.694658     0.115472
1998-06-08/06:19:06      129.900     -30.5500      8.24000      59.0000      21.9826     0.515038     0.328868
1998-06-08/06:19:26      129.920     -29.5200      8.51000      117.000      10.4396     0.453991     0.162346
1998-06-08/06:19:46      129.770     -28.4600      8.81000      64.0000      4.02131     0.438371    0.0630819
1998-06-08/06:20:06      129.600     -27.3400      8.77000      69.0000      4.37406     0.358368    0.0712712
1998-06-08/06:20:26      129.550     -26.1500      8.96000      52.0000      7.59353     0.615661     0.104437
1998-06-08/06:20:47      129.600     -24.9700      8.59000      51.0000      5.62066     0.629320    0.0762373
1998-06-08/06:21:07      129.740     -23.8500      8.56000      54.0000      5.54943     0.587785    0.0783580
1998-06-08/06:21:26      129.870     -22.8200      8.39000      65.0000      5.84843     0.422618    0.0925108
1998-06-08/06:21:46      129.840     -21.7600      8.36000      49.0000      6.73825     0.656059    0.0887574
1998-06-08/06:22:06      129.780     -20.7100      8.99000      63.0000      3.89243     0.453990    0.0605312
1998-06-08/06:22:26      129.670     -19.6200      8.64000      57.0000      3.96800     0.544639    0.0580819
1998-06-08/06:22:47      129.560     -18.5200      8.85000      63.0000      5.66333     0.453990    0.0880704
1998-06-08/06:27:08      129.020     -4.05000      8.29000      45.0000      3.27043     0.707107    0.0403615
1998-06-08/06:27:29      128.840     -2.91000      6.15000      43.0000      3.38449     0.731354    0.0402860
1998-06-08/06:27:49      128.660     -1.76000      5.62000      62.0000      6.66541     0.469472     0.102716
1998-06-08/06:28:09      128.550    -0.660000      8.15000      48.0000      5.55836     0.669131    0.0720937
1998-06-08/06:28:29      128.480     0.380000      8.16000      63.0000      4.03187     0.453990    0.0626996
1998-06-08/06:28:49      128.140      1.51000      8.33000      58.0000      7.02267     0.529919     0.103944
1998-06-08/06:29:09      127.790      2.65000      9.42000      62.0000      22.6838     0.469472     0.349565
1998-06-08/06:29:30      127.380      3.96000      9.75000      47.0000      8.79280     0.681998     0.112236
1998-06-08/06:34:51      123.880      22.4300      10.8600      53.0000      8.75951     0.601815     0.122097
1998-06-08/06:35:11      123.350      23.6800      9.91000      56.0000      23.1802     0.559193     0.335404
1998-06-08/06:35:31      122.700      25.0300      8.94000      43.0000      11.7388     0.731354     0.139728
1998-06-08/06:35:51      121.990      26.2900      9.32000      38.0000      5.84887     0.788011    0.0628480
1998-06-08/06:36:12      120.830      27.7600      9.32000      63.0000      8.88126     0.453990     0.138112
1998-06-08/06:36:32      119.090      29.5200      9.28000      54.0000      4.97892     0.587785    0.0703024
1998-06-08/06:36:52      117.320      31.1300      9.14000      25.0000      11.4993     0.906308    0.0848198
1998-06-08/07:24:19      305.870      11.5100      8.98000      109.000      2.75142     0.325568    0.0454051
1998-06-08/07:24:39      305.750      10.6100      9.01000      100.000      2.22837     0.173648    0.0383015
1998-06-08/07:24:59      305.310      9.80000      9.02000      101.000      1.89705     0.190809    0.0325014
1998-06-08/07:25:19      305.670      8.83000      8.96000      104.000      4.10868     0.241922    0.0695799
1998-06-08/07:25:40      305.450      7.93000      8.99000      103.000      1.98394     0.224951    0.0337388
1998-06-08/07:26:00      304.900      6.94000      8.87000      93.0000      2.62598    0.0523359    0.0457692
1998-06-08/07:26:20      305.200      6.09000      8.83000      93.0000      2.10335    0.0523359    0.0366601
1998-06-08/07:26:40      304.790      4.83000      8.84000      96.0000      2.64068     0.104529    0.0458361
1998-06-08/07:27:00      304.280      3.76000      8.82000      97.0000      2.93299     0.121869    0.0508088
1998-06-08/07:27:20      302.930      2.73000      8.98000      102.000      1.55031     0.207912    0.0264667
1998-06-08/07:27:40      301.090      1.77000      9.02000      108.000      2.42687     0.309017    0.0402838
1998-06-08/07:28:00      300.150   -0.0300000      8.95000      106.000      2.31977     0.275637    0.0389192
1998-06-08/07:31:21      301.720     -10.3700      8.88000      102.000      1.80454     0.207912    0.0308069
1998-06-08/07:32:01      299.960     -12.8300      8.72000      108.000      2.85097     0.309017    0.0473234
1998-06-08/07:32:42      296.820     -16.0500      8.70000      99.0000      4.06312     0.156434    0.0700417
1998-06-08/07:33:02      298.000     -16.0900      8.56000      111.000      2.01220     0.358368    0.0327869
1998-06-08/07:33:22      298.550     -17.3600      8.43000      116.000      3.77145     0.438371    0.0591624
1998-06-08/07:34:01      300.250     -19.1400      8.52000      107.000      2.56265     0.292372    0.0427723
1998-06-08/07:34:21      301.770     -20.4900      8.59000      114.000      1.85548     0.406737    0.0295845
1998-06-08/07:35:02      300.030     -22.6800      8.45000      92.0000      2.04513    0.0348995    0.0356725
1998-06-08/07:36:02      302.430     -25.9000      8.41000      109.000      5.50232     0.325568    0.0908016
1998-06-08/07:36:22      300.110     -27.2800      8.45000      97.0000      5.76105     0.121869    0.0997998
1998-06-08/07:36:42      299.250     -28.3000      8.59000      94.0000      3.35741    0.0697566    0.0584551
1998-06-08/07:37:03      297.290     -29.6300      8.58000      103.000      2.99630     0.224951    0.0509550
1998-06-08/08:04:08      124.410     -73.4700      8.73000      51.0000      5.76257     0.629320    0.0781621
1998-06-08/08:04:29      120.940     -72.1000      8.22000      60.0000      4.29604     0.500000    0.0649346
1998-06-08/08:04:49      103.890     -73.7100      8.58000      71.0000      3.03428     0.325568    0.0500729
1998-06-08/08:05:09      108.660     -72.3600      8.69000      71.0000      2.42687     0.325568    0.0400492
1998-06-08/08:05:29      108.390     -71.1400      8.73000      67.0000      3.60949     0.390731    0.0579895
1998-06-08/08:05:48      111.840     -69.8100      8.80000      78.0000      1.89705     0.207912    0.0323862
1998-06-08/08:06:08      110.940     -68.6400      8.77000      73.0000      2.45874     0.292372    0.0410380
1998-06-08/08:06:29      114.590     -67.0400      8.94000      35.0000      3.21083     0.819152    0.0321430
1998-06-08/08:06:49      116.910     -65.5400      8.82000      65.0000      4.12941     0.422618    0.0653192
1998-06-08/08:07:09      119.660     -64.3500      8.71000      74.0000      4.42859     0.275637    0.0742993
1998-06-08/08:07:29      118.520     -63.6500      8.69000      78.0000      1.56173     0.207912    0.0266617
1998-06-08/08:07:49      119.230     -62.5900      8.71000      75.0000      2.56031     0.258819    0.0431632
1998-06-08/08:08:09      119.400     -61.4500      8.62000      67.0000      3.13059     0.390731    0.0502956
1998-06-08/08:08:30      120.620     -59.9800      8.52000      95.0000      13.1067    0.0871559     0.227885
1998-06-08/08:08:50      121.970     -58.5900      8.62000      62.0000      4.56993     0.469472    0.0704242
1998-06-08/08:09:10      122.720     -57.0700      8.71000      65.0000      3.37699     0.422618    0.0534174
1998-06-08/08:09:30      123.870     -55.7900      8.82000      70.0000      3.32780     0.342020    0.0545784
1998-06-08/08:09:49      124.360     -54.6900      8.93000      63.0000      4.78372     0.453990    0.0743916
1998-06-08/08:10:09      123.500     -53.8000      10.3900      68.0000      3.19789     0.374607    0.0517496
1998-06-08/08:10:29      121.930     -53.2200      10.0900      71.0000      5.21591     0.325568    0.0860751
1998-06-08/08:10:50      120.320     -52.2000      9.88000      74.0000      6.44406     0.275637     0.108113
1998-06-08/08:11:10      119.430     -50.9600      9.73000      70.0000      3.38317     0.342020    0.0554865
1998-06-08/08:11:30      121.890     -49.0900      11.8200      59.0000      21.9826     0.515038     0.328868
1998-06-08/08:11:50      123.690     -47.7100      11.2400      62.0000      4.45875     0.469472    0.0687109
1998-06-08/08:12:10      125.140     -46.8400      9.53000      62.0000      4.82079     0.469472    0.0742900
1998-06-08/08:12:31      125.700     -45.9200      8.89000      69.0000      3.10278     0.358368    0.0505569
1998-06-08/08:12:51      125.830     -44.8600      11.0000      67.0000      3.38726     0.390731    0.0544192
1998-06-08/08:13:11      125.540     -43.8200      11.3300      62.0000      2.81654     0.469472    0.0434038
1998-06-08/08:13:31      126.180     -42.8300      11.7500      65.0000      3.75034     0.422618    0.0593231
1998-06-08/08:13:51      126.410     -41.6100      11.6400      65.0000      2.54404     0.422618    0.0402418
1998-06-08/08:14:11      126.330     -40.4200      9.70000      60.0000      2.80616     0.500000    0.0424151
1998-06-08/08:14:31      126.870     -39.1200      8.25000      67.0000      5.51131     0.390731    0.0885438
1998-06-08/08:14:51      127.310     -37.9300      11.0000      75.0000      18.8654     0.258819     0.318044
1998-06-08/08:15:11      127.670     -36.7700      11.3800      75.0000      4.68251     0.258819    0.0789405
1998-06-08/08:15:31      127.900     -35.7600      9.35000      64.0000      4.13745     0.438371    0.0649038
1998-06-08/08:15:51      128.080     -34.7300      10.7600      59.0000      3.14954     0.515038    0.0471184
1998-06-08/08:16:12      128.200     -33.7000      10.8700      48.0000      5.91848     0.669131    0.0767646
1998-06-08/08:16:31      128.260     -32.7000      12.6100      76.0000      4.49561     0.241922    0.0761325
1998-06-08/08:16:51      128.320     -31.6700      11.5600      66.0000      6.73520     0.406737     0.107389
1998-06-08/08:17:11      128.430     -30.6100      10.3800      69.0000      26.6230     0.358368     0.433797
1998-06-08/08:17:31      128.330     -29.5700      10.9900      63.0000      8.84343     0.453990     0.137524
1998-06-08/08:17:52      128.230     -28.5300      10.9800      59.0000      8.09911     0.515038     0.121166
1998-06-08/08:18:12      128.110     -27.4600      10.5700      69.0000      3.82218     0.358368    0.0622788
1998-06-08/08:18:32      128.010     -26.3600      10.2900      64.0000      8.55196     0.438371     0.134154
1998-06-08/08:18:52      128.030     -25.2800      10.3800      62.0000      8.02201     0.469472     0.123622
1998-06-08/08:19:13      128.060     -24.1700      11.0600      73.0000      4.58811     0.292372    0.0765786
1998-06-08/08:19:33      128.110     -23.1100      11.3800      75.0000      3.29861     0.258819    0.0556099
1998-06-08/08:19:53      128.140     -22.0700      9.70000      78.0000      2.09172     0.207912    0.0357096
1998-06-08/08:20:13      128.150     -21.0200      10.4500      77.0000      2.85176     0.224951    0.0484969
1998-06-08/08:20:33      128.150     -19.9300      10.2600      79.0000      6.64558     0.190809     0.113856
1998-06-08/08:20:53      128.180     -18.8400      9.97000      79.0000      3.53087     0.190809    0.0604931
1998-06-08/08:21:13      128.220     -17.7500      12.4300      68.0000      10.3407     0.374607     0.167337
1998-06-08/08:21:34      128.300     -16.6600      12.1000      74.0000      9.39453     0.275637     0.157614
1998-06-08/08:21:53      128.370     -15.6200      15.0900      50.0000      7.05361     0.642788    0.0943067
1998-06-08/08:22:13      128.410     -14.5300      14.2200      46.0000      7.86042     0.694658    0.0986864
1998-06-08/08:22:33      128.400     -13.4600      10.9200      58.0000      3.75244     0.529919    0.0555407
1998-06-08/08:22:53      128.350     -12.3500      11.3900      65.0000      20.2240     0.422618     0.319904
1998-06-08/08:23:14      128.380     -11.1900      10.8300      68.0000      2.09106     0.374607    0.0338384
1998-06-08/08:23:34      128.390     -10.0700      11.6200      68.0000      2.37731     0.374607    0.0384706
1998-06-08/08:23:54      128.480     -8.99000      11.8700      59.0000      6.42175     0.515038    0.0960719
1998-06-08/08:24:14      128.560     -7.89000      11.4100      49.0000      8.19975     0.656059     0.108008
1998-06-08/08:24:33      128.590     -6.89000      11.3900      60.0000      23.7264     0.500000     0.358624
1998-06-08/08:24:53      128.500     -5.84000      11.5400      61.0000      4.21409     0.484810    0.0643281
1998-06-08/08:25:14      128.460     -4.76000      11.3300      65.0000      1.94222     0.422618    0.0307221
1998-06-08/08:25:34      128.410     -3.67000      10.5100      71.0000      3.91815     0.325568    0.0646589
1998-06-08/08:25:54      128.400     -2.60000      9.53000      75.0000      18.8654     0.258819     0.318044
1998-06-08/08:26:14      128.420     -1.56000      11.2300      75.0000      9.26910     0.258819     0.156264
1998-06-08/08:26:34      128.290    -0.550000      9.15000      45.0000      4.55141     0.707107    0.0561705
1998-06-08/08:26:54      128.150     0.480000      9.99000      59.0000      6.07296     0.515038    0.0908539
1998-06-08/08:27:15      128.060      1.62000      9.56000      59.0000      7.06002     0.515038     0.105621
1998-06-08/08:27:35      128.090      2.62000      10.0700      26.0000      32.8278     0.898794     0.251166
1998-06-08/08:27:55      128.170      3.66000      10.7500      56.0000      4.58978     0.559193    0.0664115
1998-06-08/08:28:15      128.210      4.74000      10.2000      67.0000      5.51131     0.390731    0.0885438
1998-06-08/08:28:34      128.190      5.72000      9.99000      61.0000      4.34637     0.484810    0.0663473
1998-06-08/08:28:54      128.160      6.86000      9.76000      63.0000      21.9194     0.453990     0.340869
1998-06-08/08:29:15      128.100      7.99000      9.93000      58.0000      19.9174     0.529919     0.294803
1998-06-08/08:29:35      128.140      9.10000      9.74000      46.0000      3.09065     0.694658    0.0388026
1998-06-08/08:29:55      128.110      10.2400      9.56000      70.0000      3.50897     0.342020    0.0575497
1998-06-08/08:30:15      128.080      11.3100      9.28000      68.0000      2.32941     0.374607    0.0376955
1998-06-08/08:30:36      127.960      12.4300      9.28000      50.0000      5.52914     0.642788    0.0739246
1998-06-08/08:30:56      127.750      13.5700      7.95000      60.0000      7.74654     0.500000     0.117089
1998-06-08/08:31:16      127.560      14.7500      10.4900      86.0000      3.31445    0.0697565    0.0577071
1998-06-08/08:31:36      127.410      15.9100      11.3700      64.0000      5.53081     0.438371    0.0867613
1998-06-08/08:31:56      127.300      17.0700      10.2200      64.0000      8.55196     0.438371     0.134154
1998-06-08/08:32:16      127.200      18.2500      9.74000      43.0000      5.09926     0.731354    0.0606971
1998-06-08/08:32:36      127.010      19.4800      9.89000      70.0000      5.30545     0.342020    0.0870133
1998-06-08/08:32:56      126.900      20.6100      9.78000      70.0000      3.84268     0.342020    0.0630228
1998-06-08/08:33:16      126.620      21.6700      10.5200      65.0000      3.37699     0.422618    0.0534174
1998-06-08/08:33:36      126.350      22.7800      10.9400      46.0000      4.62152     0.694658    0.0580225
1998-06-08/08:33:56      126.230      23.8700      10.6600      61.0000      6.05586     0.484810    0.0924427
1998-06-08/10:14:58      128.810     -29.5100      9.86000      46.0000      8.10068     0.694658     0.101703
1998-06-08/10:15:18      128.580     -28.5700      9.43000      62.0000      7.07804     0.469472     0.109075
1998-06-08/10:15:38      128.270     -27.5500      9.84000      65.0000      2.85912     0.422618    0.0452257
1998-06-08/10:15:58      128.110     -26.4900      9.99000      62.0000      7.43414     0.469472     0.114563
1998-06-08/10:16:18      127.950     -25.4200      9.86000      47.0000      3.84916     0.681998    0.0491327
1998-06-08/10:16:39      127.710     -24.2700      9.82000      37.0000      6.03022     0.798635    0.0633394
1998-06-08/10:16:58      127.550     -23.2700      9.83000      53.0000      6.55871     0.601815    0.0914207
1998-06-08/10:17:18      127.520     -22.3100      9.62000      60.0000      5.18222     0.500000    0.0783292
1998-06-08/10:17:38      127.470     -21.3600      9.54000      60.0000      2.72378     0.500000    0.0411699
1998-06-08/10:17:58      127.350     -20.3400      9.74000      61.0000      4.54485     0.484810    0.0693771
1998-06-08/10:18:19      127.100     -19.2400      9.78000      69.0000      4.30470     0.358368    0.0701410
1998-06-08/10:18:39      126.870     -18.0800      9.76000      46.0000      11.6502     0.694658     0.146266
1998-06-08/10:18:59      126.780     -17.0100      9.63000      22.0000      7.25328     0.927184    0.0474228
1998-06-08/10:19:19      126.740     -15.9100      9.50000      73.0000      5.01508     0.292372    0.0837050
1998-06-08/10:19:40      126.850     -14.8200      9.65000      48.0000      12.4791     0.669131     0.161858
1998-06-08/10:20:00      126.770     -13.6700      9.75000      63.0000      10.9152     0.453990     0.169742
1998-06-08/10:28:02      123.450      13.3100      9.88000      54.0000      21.8278     0.587785     0.308209
1998-06-08/10:28:22      123.640      14.1400      10.0300      52.0000      3.32400     0.615661    0.0457162
1998-06-08/10:28:42      122.140      15.8600      9.90000      55.0000      1.90183     0.573576    0.0271903
1998-06-08/10:29:01      122.090      16.9400      9.67000      57.0000      2.26089     0.544639    0.0330939
1998-06-08/10:29:21      121.920      18.4700      9.61000      55.0000      2.94981     0.573576    0.0421731
1998-06-08/10:29:41      121.340      19.8300      9.69000      58.0000      6.79686     0.529919     0.100602
1998-06-08/10:30:01      121.990      20.4900      9.65000      65.0000      4.12941     0.422618    0.0653192
1998-06-08/10:30:22      122.170      21.2900      9.54000      42.0000      6.65724     0.743145    0.0777468
1998-06-08/10:30:42      121.330      22.2900      9.63000      77.0000      3.60088     0.224951    0.0612364
1998-06-08/10:31:02      119.130      23.8300      9.82000      49.0000      3.76166     0.656059    0.0495492
1998-06-08/10:31:22      116.110      25.7400      9.75000      54.0000      2.63929     0.587785    0.0372668
1998-06-08/10:31:43      116.800      26.5300      9.58000      55.0000      1.61080     0.573576    0.0230294
1998-06-08/15:58:55      114.750     -62.0600      9.64000      52.0000      3.57709     0.615661    0.0491971
1998-06-08/15:59:15      111.820     -61.6900      9.69000      66.0000      2.02531     0.406737    0.0322923
1998-06-08/15:59:36      110.380     -60.7500      9.73000      54.0000      2.12168     0.587785    0.0299581
1998-06-08/15:59:56      109.440     -59.6000      9.91000      54.0000      4.06454     0.587785    0.0573913
1998-06-08/16:00:16      114.770     -58.0700      9.85000      62.0000      4.45875     0.469472    0.0687109
1998-06-08/16:00:36      116.790     -56.6400      9.62000      57.0000      2.19844     0.544639    0.0321798
1998-06-08/16:00:55      117.970     -55.4500      9.69000      59.0000      3.73037     0.515038    0.0558078
1998-06-08/16:01:16      118.440     -54.3800      10.1300      54.0000      2.21851     0.587785    0.0313254
1998-06-08/16:01:36      118.250     -53.8200      10.1200      58.0000      2.86288     0.529919    0.0423742
1998-06-08/16:01:56      119.260     -52.1900      10.0500      63.0000      4.03187     0.453990    0.0626996
1998-06-08/16:02:16      119.230     -51.3300      10.1000      68.0000      3.93253     0.374607    0.0636378
1998-06-08/16:02:36      118.970     -50.2600      10.1600      66.0000      4.93153     0.406737    0.0786302
1998-06-08/16:02:57      119.700     -48.9600      10.1200      69.0000      5.10242     0.358368    0.0831391
1998-06-08/16:03:17      120.110     -47.8600      9.93000      75.0000      3.76712     0.258819    0.0635083
1998-06-08/16:03:37      120.140     -46.9300      9.83000      73.0000      2.84991     0.292372    0.0475669
1998-06-08/16:03:57      120.470     -45.7600      9.81000      50.0000      25.6400     0.642788     0.342807
1998-06-08/16:04:17      120.630     -44.7300      9.80000      73.0000      3.98240     0.292372    0.0664689
1998-06-08/16:04:37      121.110     -43.6000      9.69000      64.0000      4.13745     0.438371    0.0649038
1998-06-08/16:04:57      121.490     -42.5200      9.73000      63.0000      4.03187     0.453990    0.0626996
1998-06-08/16:05:17      121.730     -41.5300      9.88000      65.0000      3.37699     0.422618    0.0534174
1998-06-08/16:05:37      121.980     -40.3000      9.97000      66.0000      2.42089     0.406737    0.0385996
1998-06-08/16:05:57      122.370     -39.0500      9.97000      61.0000      3.10994     0.484810    0.0474732
1998-06-08/16:06:17      122.560     -37.8800      10.0000      64.0000      3.09391     0.438371    0.0485339
1998-06-08/16:06:37      122.620     -36.8500      10.1200      59.0000      2.68786     0.515038    0.0402114
1998-06-08/16:06:57      122.760     -35.7400      9.83000      65.0000      2.00852     0.422618    0.0317709
1998-06-08/16:07:18      122.870     -34.7800      9.87000      68.0000      2.09106     0.374607    0.0338384
1998-06-08/16:07:38      123.100     -33.7400      9.74000      64.0000      3.16159     0.438371    0.0495956
1998-06-08/16:07:58      123.120     -32.8000      9.84000      64.0000      3.61512     0.438371    0.0567101
1998-06-08/16:08:18      123.310     -31.7000      9.91000      46.0000      4.30268     0.694658    0.0540195
1998-06-08/16:08:38      123.250     -30.6500      12.1400      55.0000      1.94146     0.573576    0.0277569
1998-06-08/16:08:58      123.230     -29.6400      11.0000      67.0000      4.59444     0.390731    0.0738135
1998-06-08/16:09:18      123.280     -28.5100      9.59000      69.0000      3.07254     0.358368    0.0500641
1998-06-08/16:09:38      123.480     -27.3400      11.6200      71.0000      4.32231     0.325568    0.0713285
1998-06-08/16:09:58      123.620     -26.2400      11.3000      73.0000      13.1468     0.292372     0.219429
1998-06-08/16:10:18      123.720     -25.1700      11.5800      99.0000      3.85562     0.156434    0.0664648
1998-06-08/16:10:38      123.700     -24.1000      11.6100      89.0000      2.08808    0.0174524    0.0364383
1998-06-08/16:10:58      123.700     -23.0100      9.18000      70.0000      3.44885     0.342020    0.0565637
1998-06-08/16:11:18      123.650     -21.9400      12.2600      69.0000      2.88719     0.358368    0.0470440
1998-06-08/16:11:38      123.670     -20.8900      11.4500      67.0000      2.39763     0.390731    0.0385199
1998-06-08/16:11:58      123.710     -19.8000      10.3700      65.0000      2.00852     0.422618    0.0317709
1998-06-08/16:12:18      123.820     -18.7200      11.5400      68.0000      2.25057     0.374607    0.0364197
1998-06-08/16:12:38      123.890     -17.6700      11.2500      65.0000      3.55449     0.422618    0.0562251
1998-06-08/16:12:58      123.960     -16.5800      11.8300      69.0000      2.78623     0.358368    0.0453990
1998-06-08/16:13:19      124.040     -15.5000      10.9700      69.0000      2.88719     0.358368    0.0470440
1998-06-08/16:13:39      124.040     -14.4300      11.5600      64.0000      3.16159     0.438371    0.0495956
1998-06-08/16:13:59      123.990     -13.3500      10.7800      66.0000      1.97323     0.406737    0.0314619
1998-06-08/16:14:19      123.970     -12.2100      10.0400      74.0000      3.09738     0.275637    0.0519653
1998-06-08/16:14:40      123.970     -11.0900      10.1200      76.0000      1.78707     0.241922    0.0302638
1998-06-08/16:15:00      124.050     -10.0000      10.8300      71.0000      3.27522     0.325568    0.0540490
1998-06-08/16:15:20      124.010     -8.95000      10.1300      54.0000      4.71222     0.587785    0.0665366
1998-06-08/16:15:39      123.980     -7.96000      10.7500      64.0000      3.34448     0.438371    0.0524646
1998-06-08/16:15:59      123.990     -6.91000      10.0800      43.0000      24.0070     0.731354     0.285758
1998-06-08/16:16:19      123.850     -5.78000      9.96000      46.0000      7.86042     0.694658    0.0986864
1998-06-08/16:16:39      123.840     -4.66000      9.85000      67.0000      3.28072     0.390731    0.0527075
1998-06-08/16:17:00      123.820     -3.51000      11.2200      70.0000      2.51082     0.342020    0.0411793
1998-06-08/16:17:20      123.730     -2.39000      9.55000      72.0000      2.89541     0.309017    0.0480611
1998-06-08/16:17:40      123.620     -1.23000      10.3600      64.0000      3.34448     0.438371    0.0524646
1998-06-08/16:18:00      123.500    -0.150000      14.3200      50.0000      4.60242     0.642788    0.0615343
1998-06-08/16:18:20      123.310     0.940000      13.2800      55.0000      1.68852     0.573576    0.0241406
1998-06-08/16:18:40      123.100      2.04000      15.1400      65.0000      3.09401     0.422618    0.0489412
1998-06-08/16:19:00      122.970      3.24000      15.6900      67.0000      2.03620     0.390731    0.0327133
1998-06-08/16:19:21      123.070      4.39000      14.0000      58.0000      6.51334     0.529919    0.0964055
1998-06-08/16:19:40      123.210      5.43000      13.7300      42.0000      6.89146     0.743145    0.0804821
1998-06-08/16:20:00      123.400      6.45000      10.9400      37.0000      3.32991     0.798635    0.0349762
1998-06-08/16:20:20      123.450      7.50000      10.5400      24.0000      6.43176     0.913545    0.0456584
1998-06-08/16:20:40      123.440      8.50000      11.3600      66.0000      2.10025     0.406737    0.0334872
1998-06-08/16:21:01      123.400      9.57000      11.6400      70.0000      2.97829     0.342020    0.0488461
1998-06-08/16:21:21      123.390      10.6300      11.4100      49.0000      7.45448     0.656059    0.0981917
1998-06-08/16:21:41      123.350      11.7200      11.1100      59.0000      4.89963     0.515038    0.0733004
1998-06-08/16:22:01      123.250      12.8200      10.5100      57.0000      3.21278     0.544639    0.0470273
1998-06-08/16:22:20      123.120      13.8900      11.6800      49.0000      5.57643     0.656059    0.0734537
1998-06-08/16:22:40      122.930      15.0700      10.4100      60.0000      3.17715     0.500000    0.0480226
1998-06-08/16:23:00      123.040      16.2000      10.0000      59.0000      3.14954     0.515038    0.0471184
1998-06-08/16:23:21      123.170      17.2600      10.4500      47.0000      4.18323     0.681998    0.0533970
1998-06-08/16:23:41      123.060      18.3500      10.8200      55.0000      1.77427     0.573576    0.0253666
1998-06-08/16:24:01      122.930      19.5100      11.5300      35.0000      13.0306     0.819152     0.130447
1998-06-08/16:24:21      122.810      20.6300      11.1100      62.0000      3.04900     0.469472    0.0469861
1998-06-08/16:24:41      122.570      21.7400      10.9900      39.0000      6.29343     0.777146    0.0691252
1998-06-08/16:25:02      122.080      22.9600      10.5400      65.0000      20.2240     0.422618     0.319904
1998-06-08/16:25:22      121.850      24.1500      10.7300      36.0000      6.17974     0.809017    0.0633966
1998-06-08/16:25:42      121.550      25.2900      10.7200      61.0000      4.45736     0.484810    0.0680416
1998-06-08/16:26:02      121.390      26.4700      10.4100      42.0000      9.13064     0.743145     0.106632
1998-06-08/16:26:21      121.180      27.4900      12.3100      48.0000      6.82167     0.669131    0.0884793
1998-06-08/16:26:41      121.060      28.6500      16.7800      64.0000      4.36896     0.438371    0.0685355
1998-06-08/16:27:01      121.090      29.7000      14.9100      55.0000      3.42183     0.573576    0.0489216
1998-06-08/16:27:21      120.970      30.8200      12.5900      67.0000      2.03620     0.390731    0.0327133
1998-06-08/16:27:42      120.800      31.9800      11.2200      56.0000      4.32308     0.559193    0.0625525
1998-06-08/16:28:02      120.460      33.0600      11.3300      74.0000      4.42859     0.275637    0.0742993
1998-06-08/16:28:22      120.030      34.1800      11.3400      70.0000      2.90309     0.342020    0.0476128
1998-06-08/16:28:42      119.710      35.2500      11.3200      71.0000      2.88853     0.325568    0.0476677
1998-06-08/16:29:02      119.170      36.3800      11.6000      71.0000      2.61726     0.325568    0.0431911
1998-06-08/16:29:22      118.190      37.5600      11.2200      66.0000      1.87336     0.406737    0.0298696
1998-06-08/16:29:42      117.430      38.6300      10.9100      71.0000      3.03428     0.325568    0.0500729
1998-06-08/16:30:02      116.250      39.8300      11.0200      69.0000      3.07254     0.358368    0.0500641
1998-06-08/16:30:22      114.880      41.1000      10.8700      65.0000      2.26885     0.422618    0.0358888
1998-06-08/16:30:43      112.780      42.5900      10.7000      63.0000      3.34944     0.453990    0.0520871
1998-06-08/16:31:03      111.260      44.0200      10.5800      69.0000      3.07254     0.358368    0.0500641
1998-06-08/16:31:23      108.330      45.7100      10.5400      70.0000      3.44885     0.342020    0.0565637
1998-06-08/16:31:43      106.850      46.8900      10.4600      71.0000      3.27522     0.325568    0.0540490
1998-06-08/16:32:03      107.040      47.7600      10.4500      68.0000      3.06196     0.374607    0.0495499
1998-06-08/18:05:24      121.460     -33.2400      10.2300      62.0000      7.43414     0.469472     0.114563
1998-06-08/18:05:44      121.340     -32.2000      10.2800      58.0000      5.63168     0.529919    0.0833558
1998-06-08/18:06:04      121.120     -31.1000      10.4400      68.0000      3.50869     0.374607    0.0567791
1998-06-08/18:06:24      121.120     -29.8400      10.5300      62.0000      10.4396     0.469472     0.160878
1998-06-08/18:06:44      121.120     -28.6200      10.3200      63.0000      3.89243     0.453990    0.0605312
1998-06-08/18:07:04      121.180     -27.4400      10.2800      65.0000      5.84843     0.422618    0.0925108
1998-06-08/18:07:25      121.260     -26.3600      10.4900      54.0000      2.63929     0.587785    0.0372668
1998-06-08/18:07:45      121.540     -25.4200      10.8200      70.0000      4.13709     0.342020    0.0678513
1998-06-08/18:08:04      121.860     -24.4900      11.3300      70.0000      2.97829     0.342020    0.0488461
1998-06-08/18:08:24      121.920     -23.4000      11.1800      52.0000      10.3087     0.615661     0.141779
1998-06-08/18:08:44      121.770     -22.3000      10.9700      64.0000      4.53078     0.438371    0.0710740
1998-06-08/18:09:04      121.840     -21.2100      10.4900      46.0000      4.30268     0.694658    0.0540195
1998-06-08/18:09:25      121.900     -20.1500      10.6100      54.0000      2.77985     0.587785    0.0392515
1998-06-08/18:09:45      121.870     -19.1000      10.9000      60.0000      4.29604     0.500000    0.0649346
1998-06-08/18:10:05      122.070     -17.9800      11.1100      61.0000      4.21409     0.484810    0.0643281
1998-06-08/18:10:25      121.920     -16.9400      11.1100      63.0000      3.01723     0.453990    0.0469209
1998-06-08/18:10:46      121.980     -15.8900      10.8000      58.0000      2.86288     0.529919    0.0423742
1998-06-08/18:11:06      121.940     -14.7300      10.7800      57.0000      3.39229     0.544639    0.0496549
1998-06-08/18:11:26      121.930     -13.5600      10.7300      44.0000      2.82523     0.719340    0.0342533
1998-06-08/18:11:46      121.790     -12.4600      10.5800      49.0000      7.72989     0.656059     0.101819
1998-06-08/18:12:05      121.880     -11.3900      10.5500      64.0000      4.24559     0.438371    0.0666002
1998-06-08/18:12:25      121.670     -10.2600      10.6900      61.0000      3.91119     0.484810    0.0597043
1998-06-08/18:12:45      121.520     -9.23000      11.0700      57.0000      3.33634     0.544639    0.0488359
1998-06-08/18:13:05      121.490     -8.22000      11.0700      66.0000      2.30954     0.406737    0.0368242
1998-06-08/18:13:26      121.340     -7.14000      10.9600      48.0000      4.20512     0.669131    0.0545418
1998-06-08/18:13:46      121.260     -6.14000      10.9000      54.0000      7.96749     0.587785     0.112501
1998-06-08/18:14:06      121.130     -4.98000      10.8200      51.0000      4.45622     0.629320    0.0604431
1998-06-08/18:14:26      120.980     -3.79000      11.0200      67.0000      6.37525     0.390731     0.102424
1998-06-08/18:14:47      120.900     -2.61000      11.2200      51.0000      5.21979     0.629320    0.0708000
1998-06-08/18:15:07      120.630     -1.44000      11.7700      52.0000      8.63176     0.615661     0.118716
1998-06-08/18:15:27      120.510    -0.300000      11.8000      52.0000      7.59353     0.615661     0.104437
1998-06-08/18:15:47      120.350     0.890000      11.8500      52.0000      6.09990     0.615661    0.0838943
1998-06-08/18:16:06      120.320      1.99000      11.9100      46.0000      5.17562     0.694658    0.0649791
1998-06-08/18:16:26      120.190      3.02000      11.6700      46.0000      8.10068     0.694658     0.101703
1998-06-08/18:16:47      119.930      4.13000      11.5800      53.0000      6.22073     0.601815    0.0867096
1998-06-08/18:17:07      119.630      5.21000      11.8100      57.0000      2.26089     0.544639    0.0330939
1998-06-08/18:17:27      119.830      6.20000      12.1200      50.0000      4.10091     0.642788    0.0548292
1998-06-08/18:17:47      120.030      7.32000      11.7300      69.0000      7.62332     0.358368     0.124215
1998-06-08/18:18:07      120.290      8.58000      11.5200      73.0000      4.73724     0.292372    0.0790677
1998-06-08/18:18:27      120.310      9.79000      11.8700      62.0000      3.27689     0.469472    0.0504980
1998-06-08/18:18:48      120.390      10.7000      12.0700      60.0000      3.17715     0.500000    0.0480226
1998-06-08/18:19:08      120.240      11.7100      12.1500      58.0000      19.9174     0.529919     0.294803
1998-06-08/18:19:28      120.100      12.7200      11.8700      60.0000      7.20557     0.500000     0.108912
1998-06-08/18:19:48      119.870      13.7800      11.8400      55.0000      4.82249     0.573576    0.0689467
1998-06-08/18:20:07      119.300      14.9900      11.9500      46.0000      2.56416     0.694658    0.0321926
1998-06-08/18:20:27      118.480      16.4000      12.0100      36.0000      5.30347     0.809017    0.0544072
1998-06-08/18:20:47      117.890      17.8300      11.9900      65.0000      4.32846     0.422618    0.0684678
1998-06-08/18:21:08      117.710      19.1500      11.9000      51.0000      4.88513     0.629320    0.0662607
1998-06-08/18:21:28      117.240      20.5200      8.90000      43.0000      7.98734     0.731354    0.0950743
1998-06-08/18:21:48      116.480      21.8100      10.1200      50.0000      6.16208     0.642788    0.0823870
1998-06-08/18:22:08      115.380      23.2800      11.2200      48.0000      3.18592     0.669131    0.0413224
1998-06-08/18:22:29      114.470      24.6600      8.05000      45.0000      3.99895     0.707107    0.0493524
1998-06-08/18:22:49      114.400      25.6300      12.8000      58.0000      2.86288     0.529919    0.0423742
1998-06-08/18:23:09      114.400      26.5000      9.44000      51.0000      7.34587     0.629320    0.0996376
1998-06-08/18:23:29      113.350      27.6400      12.4100      43.0000      3.54875     0.731354    0.0422412
1998-06-08/18:23:49      109.670      29.6400      15.9900      54.0000      2.21851     0.587785    0.0313254
1998-06-08/18:25:29      113.400      34.3300      13.9800      64.0000      3.24076     0.438371    0.0508375
1998-06-08/20:08:51      119.520     -15.1000      14.0800      55.0000      5.05511     0.573576    0.0722724
1998-06-08/20:09:11      119.490     -14.0200      11.9600      77.0000      19.1297     0.224951     0.325319
1998-06-08/20:09:31      119.630     -12.9800      10.5900      49.0000      12.0405     0.656059     0.158599
1998-06-08/20:09:52      119.710     -11.9300      11.0300      60.0000      7.96123     0.500000     0.120334
1998-06-08/20:10:12      119.820     -10.9000      11.1400      69.0000      5.10242     0.358368    0.0831391
1998-06-08/20:10:32      119.940     -9.95000      9.68000      59.0000      4.56678     0.515038    0.0683208
1998-06-08/20:10:52      119.930     -9.01000      11.0100      71.0000      3.27522     0.325568    0.0540490
1998-06-08/20:11:13      119.820     -7.92000      11.1400      70.0000      3.56289     0.342020    0.0584340
1998-06-08/20:11:33      119.680     -6.81000      9.74000      57.0000      4.94186     0.544639    0.0723368
1998-06-08/20:11:53      119.350     -5.81000      9.64000      66.0000      2.79642     0.406737    0.0445872
1998-06-08/20:12:13      119.130     -4.83000      9.59000      24.0000      9.27504     0.913545    0.0658425
1998-06-08/20:12:32      118.940     -3.82000      9.67000      45.0000      10.1597     0.707107     0.125384
1998-06-08/20:12:52      118.630     -2.59000      9.79000      64.0000      2.90088     0.438371    0.0455059
1998-06-08/20:13:12      118.360     -1.27000      10.8800      66.0000      7.84901     0.406737     0.125148
1998-06-08/20:13:32      118.480   -0.0400000      10.3600      55.0000      2.39890     0.573576    0.0342968
1998-06-08/20:13:53      118.650      1.26000      9.84000      45.0000      10.2667     0.707107     0.126705
1998-06-08/20:14:13      118.650      2.54000      10.5600      35.0000      8.33847     0.819152    0.0834747
1998-06-08/20:14:33      118.770      3.66000      10.6100      53.0000      7.12940     0.601815    0.0993754
1998-06-08/20:14:53      118.560      4.78000      10.5500      46.0000      2.70353     0.694658    0.0339424
1998-06-08/20:15:14      118.160      5.93000      10.3900      66.0000      2.42089     0.406737    0.0385996
1998-06-08/20:15:34      117.730      7.16000      10.4300      57.0000      2.19844     0.544639    0.0321798
1998-06-08/20:15:54      117.610      8.38000      10.5600      68.0000      3.06196     0.374607    0.0495499
1998-06-08/20:16:14      117.370      9.80000      12.1500      53.0000      7.89555     0.601815     0.110055
1998-06-08/20:16:33      117.980      10.7500      18.4300      66.0000      1.92248     0.406737    0.0306527
1998-06-08/20:16:53      118.000      11.9000      16.0900      64.0000      5.53081     0.438371    0.0867613
1998-06-08/20:17:13      117.850      12.8500      12.3100      56.0000      7.13625     0.559193     0.103258
1998-06-08/20:17:34      117.550      13.9000      11.1400      49.0000      25.7972     0.656059     0.339805
1998-06-08/20:17:54      116.640      14.9100      10.8900      49.0000      3.40025     0.656059    0.0447887
1998-06-08/20:18:14      115.410      16.0800      10.4800      57.0000      3.03619     0.544639    0.0444424
1998-06-08/20:18:34      113.680      17.6000      10.0800      49.0000      25.7972     0.656059     0.339805
1998-06-08/20:18:54      111.780      19.6500      10.3500      45.0000      2.70510     0.707107    0.0333846
1998-06-08/20:20:34      110.890      26.1800      10.4900      47.0000      7.11006     0.681998    0.0907566
1998-06-08/20:20:54      111.980      26.7200      10.4400      51.0000      4.62609     0.629320    0.0627472
1998-06-08/20:21:14      111.950      27.6900      10.7400      54.0000      2.63929     0.587785    0.0372668
1998-06-08/20:21:35      110.840      28.9100      10.2400      54.0000      2.01076     0.587785    0.0283920
1998-06-08/21:55:16      110.140     -53.1000      9.89000      67.0000      1.98706     0.390731    0.0319238
1998-06-08/21:55:35      111.940     -52.1700      9.93000      65.0000      2.17026     0.422618    0.0343293
1998-06-08/21:55:55      111.890     -51.4800      9.99000      71.0000      3.35424     0.325568    0.0553531
1998-06-08/21:56:16      111.850     -50.6100      9.97000      66.0000      1.82806     0.406737    0.0291473
1998-06-08/21:56:36      113.870     -49.1500      9.88000      68.0000      2.43529     0.374607    0.0394089
1998-06-08/21:56:56      114.070     -48.1200      9.85000      66.0000      1.92248     0.406737    0.0306527
1998-06-08/21:57:16      114.300     -46.8400      9.95000      67.0000      2.29214     0.390731    0.0368252
1998-06-08/21:57:37      114.930     -45.6700      9.90000      73.0000      2.45874     0.292372    0.0410380
1998-06-08/21:57:57      114.550     -44.6500      9.79000      67.0000      2.54874     0.390731    0.0409477
1998-06-08/21:58:17      114.190     -43.8300      9.77000      72.0000      2.72835     0.309017    0.0452881
1998-06-08/21:58:37      115.320     -42.8000      10.1600      59.0000      2.87450     0.515038    0.0430036
1998-06-08/21:58:57      115.110     -41.9500      10.6300      57.0000      2.81476     0.544639    0.0412012
1998-06-08/21:59:17      114.590     -41.0900      10.2100      64.0000      3.88985     0.438371    0.0610197
1998-06-08/21:59:37      115.430     -39.4400      9.79000      71.0000      2.34566     0.325568    0.0387090
1998-06-08/21:59:57      116.720     -37.8800      9.62000      48.0000      3.18592     0.669131    0.0413224
1998-06-08/22:00:17      115.970     -36.7500      9.40000      53.0000      3.62091     0.601815    0.0504712
1998-06-08/22:00:37      116.330     -35.6100      9.28000      58.0000      3.13232     0.529919    0.0463622
1998-06-08/22:00:57      117.820     -34.3000      9.24000      60.0000      2.55857     0.500000    0.0386728
1998-06-08/22:04:18      116.660     -24.1800      9.52000      69.0000      2.78623     0.358368    0.0453990
1998-06-08/22:04:38      116.910     -23.3300      9.63000      66.0000      1.82806     0.406737    0.0291473
1998-06-08/22:04:58      115.470     -22.2200      9.45000      66.0000      1.82806     0.406737    0.0291473
1998-06-08/22:05:18      115.040     -21.1500      9.42000      65.0000      1.94222     0.422618    0.0307221
1998-06-08/22:05:38      113.410     -19.9400      9.42000      64.0000      3.00722     0.438371    0.0471740
1998-06-08/22:05:59      114.540     -19.0400      9.35000      62.0000      3.48879     0.469472    0.0537635
1998-06-08/22:06:18      113.050     -18.4200      9.05000      59.0000      2.53734     0.515038    0.0379596
1998-06-08/22:06:38      111.720     -17.4900      9.39000      63.0000      3.66487     0.453990    0.0569924
1998-06-08/22:06:58      111.290     -16.3000      9.67000      56.0000      8.76421     0.559193     0.126813
1998-06-08/22:07:39      112.510     -13.4500      9.76000      66.0000      1.97323     0.406737    0.0314619
1998-06-08/22:07:59      114.600     -12.2900      9.66000      64.0000      3.16159     0.438371    0.0495956
1998-06-08/22:08:19      114.870     -10.8800      9.61000      66.0000      2.19499     0.406737    0.0349977
1998-06-08/22:08:39      116.070     -9.65000      9.87000      49.0000      7.13225     0.656059    0.0939472
1998-06-08/22:08:59      117.160     -8.49000      10.0400      73.0000      3.07495     0.292372    0.0513230
1998-06-08/22:09:20      116.990     -7.32000      10.0300      75.0000      2.65779     0.258819    0.0448066
1998-06-08/22:09:40      116.310     -6.38000      9.92000      74.0000      3.52055     0.275637    0.0590649
1998-06-08/22:10:00      115.330     -5.23000      9.84000      65.0000      2.74282     0.422618    0.0433861
1998-06-08/22:10:19      115.120     -4.09000      9.73000      70.0000      2.34075     0.342020    0.0383900
1998-06-08/22:10:39      113.090     -2.46000      9.55000      70.0000      2.51082     0.342020    0.0411793
1998-06-08/22:10:59      112.730    -0.680000      9.56000      64.0000      2.55251     0.438371    0.0400410
1998-06-08/22:11:19      114.600     0.620000      9.46000      52.0000      3.32400     0.615661    0.0457162
1998-06-08/22:11:40      115.690      1.46000      9.38000      54.0000      2.96422     0.587785    0.0418548
1998-06-08/22:12:00      116.580      2.01000      9.28000      69.0000      3.67818     0.358368    0.0599325
1998-06-08/22:12:20      117.120      2.75000      9.46000      55.0000      3.61780     0.573576    0.0517233
1998-06-08/22:12:40      117.650      3.51000      9.52000      62.0000      4.56993     0.469472    0.0704242
1998-06-08/22:16:01      115.930      12.4900      9.48000      70.0000      5.45873     0.342020    0.0895272
1998-06-08/22:16:21      116.090      13.8500      9.50000      67.0000      5.70370     0.390731    0.0916347
1998-06-08/22:16:41      115.530      15.2800      9.56000      77.0000      2.23194     0.224951    0.0379563
1998-06-08/22:17:01      114.580      16.6200      9.66000      62.0000      7.70864     0.469472     0.118793
1998-06-08/22:17:21      116.010      17.6700      9.60000      63.0000      3.77145     0.453990    0.0586498
1998-06-08/22:17:41      115.210      18.6800      9.36000      68.0000      2.76042     0.374607    0.0446703
1998-06-08/22:18:01      115.260      19.7600      8.64000      73.0000      5.39553     0.292372    0.0900550
1998-06-08/22:18:21      114.880      20.9400      9.42000      75.0000      5.59382     0.258819    0.0943039
1998-06-08/22:18:41      115.230      22.0400      9.69000      79.0000      10.7631     0.190809     0.184400
1998-06-08/22:19:01      115.570      23.0800      9.25000      64.0000      22.3924     0.438371     0.351268
1998-06-08/22:19:21      115.100      23.9400      8.92000      61.0000      4.34637     0.484810    0.0663473
1998-06-08/22:19:42      114.520      24.9400      9.03000      74.0000      3.60824     0.275637    0.0605361
1998-06-08/22:20:02      113.980      25.9800      8.42000      71.0000      3.81802     0.325568    0.0630065
1998-06-08/22:20:22      114.110      26.8500      8.01000      60.0000      23.7264     0.500000     0.358624
1998-06-08/22:20:42      113.910      27.5900      9.24000      72.0000      2.80513     0.309017    0.0465625
1998-06-08/22:21:01      113.220      28.4500      9.53000      69.0000      2.65743     0.358368    0.0433003
1998-06-08/22:21:22      113.240      29.3900      9.25000      52.0000      4.95410     0.615661    0.0681356
1998-06-08/22:21:42      112.930      30.5200      8.82000      58.0000      7.02267     0.529919     0.103944
1998-06-08/22:22:02      113.350      31.6800      9.30000      88.0000      8.59401    0.0348994     0.149902
1998-06-08/22:22:22      112.640      32.8200      9.37000      66.0000      17.3017     0.406737     0.275865
1998-06-08/22:22:43      112.150      34.0600      9.43000      80.0000      4.38296     0.173648    0.0753349
1998-06-08/22:23:03      111.410      35.2600      9.48000      69.0000      3.00121     0.358368    0.0489019
1998-06-08/22:23:23      110.800      36.4900      9.02000      58.0000      8.57916     0.529919     0.126982
1998-06-08/22:57:50      298.230      40.5300      8.85000      120.000      5.29080     0.500000    0.0799704
1998-06-08/22:58:10      298.210      39.2000      9.06000      120.000      5.88799     0.500000    0.0889969
1998-06-08/22:58:29      297.310      38.1800      9.23000      121.000      5.01394     0.515038    0.0750105
1998-06-08/22:58:49      296.940      37.3900      9.36000      119.000      6.91906     0.484810     0.105619
1998-06-08/22:59:09      297.090      36.7300      9.37000      112.000      2.74726     0.374607    0.0444573
1998-06-08/22:59:29      297.380      36.1300      9.09000      102.000      2.28924     0.207912    0.0390817
1998-06-08/22:59:50      297.950      35.0600      9.13000      103.000      2.89847     0.224951    0.0492913
1998-06-08/23:00:10      297.920      33.6200      9.32000      104.000      3.76712     0.241922    0.0637956
1998-06-08/23:00:30      297.860      32.4600      9.47000      106.000      4.31371     0.275637    0.0723719
1998-06-08/23:00:50      298.760      31.5300      9.61000      105.000      2.76988     0.258819    0.0466963
1998-06-08/23:01:11      298.690      30.4600      9.81000      107.000      3.43378     0.292372    0.0573121
1998-06-08/23:01:31      298.580      29.2300      9.65000      105.000      2.96037     0.258819    0.0499077
1998-06-08/23:01:51      298.380      27.8700      9.33000      110.000      4.47342     0.342020    0.0733674
1998-06-08/23:02:11      298.100      27.0700      10.0800      103.000      4.07256     0.224951    0.0692578
1998-06-08/23:02:30      298.550      25.8100      10.1900      106.000      5.39553     0.275637    0.0905218
1998-06-08/23:02:50      298.710      24.9300      10.0700      99.0000      4.38296     0.156434    0.0755553
1998-06-08/23:03:10      298.250      23.4200      9.86000      108.000      5.21591     0.309017    0.0865792
1998-06-08/23:03:30      299.150      22.7900      9.87000      107.000      5.97539     0.292372    0.0997332
1998-06-08/23:03:51      299.160      21.6000      9.84000      110.000      9.32133     0.342020     0.152877
1998-06-08/23:04:11      299.480      20.6500      9.48000      110.000      5.40118     0.342020    0.0885833
1998-06-08/23:04:31      299.670      19.7800      9.79000      106.000      5.39553     0.275637    0.0905218
1998-06-08/23:04:51      299.820      18.7600      10.4700      103.000      4.07256     0.224951    0.0692578
1998-06-08/23:05:11      300.320      17.6900      10.6300      102.000      3.60088     0.207912    0.0614738
1998-06-08/23:05:31      300.630      16.5900      10.3600      111.000      3.50869     0.358368    0.0571708
1998-06-08/23:05:51      300.860      15.2900      10.7700      117.000      6.88610     0.453991     0.107086
1998-06-08/23:06:11      300.910      14.3400      11.1600      108.000      5.48886     0.309017    0.0911100
1998-06-08/23:07:11      300.670      11.2800      11.1500      97.0000      4.95064     0.121869    0.0857609
1998-06-08/23:07:31      299.940      10.0700      11.2000      96.0000      3.59625     0.104529    0.0624226
1998-06-08/23:07:52      299.030      9.41000      11.2400      129.000      4.60242     0.629321    0.0624261
1998-06-08/23:08:12      299.540      8.50000      11.0400      135.000      20.6726     0.707107     0.255128
1998-06-08/23:08:32      299.510      7.28000      11.1100      167.000      15.4857     0.974370    0.0607989
1998-06-08/23:10:53      298.970     0.360000      11.0000      104.000      2.74456     0.241922    0.0464787
1998-06-08/23:11:13      298.670    -0.730000      10.4700      108.000      4.90683     0.309017    0.0814488
1998-06-08/23:11:33      297.440     -1.49000      10.3300      109.000      2.83748     0.325568    0.0468253
1998-06-08/23:11:53      298.040     -1.89000      10.8300      109.000      2.75142     0.325568    0.0454051
1998-06-08/23:12:13      298.200     -2.92000      10.5900      116.000      3.45764     0.438371    0.0542397
1998-06-08/23:12:33      298.630     -4.30000      10.3100      105.000      2.34766     0.258819    0.0395782
1998-06-08/23:12:53      297.930     -5.56000      10.5600      105.000      1.91034     0.258819    0.0322056
1998-06-08/23:13:13      297.510     -6.26000      10.9300      110.000      2.39465     0.342020    0.0392740
1998-06-08/23:13:33      297.400     -7.13000      10.2500      114.000      1.51041     0.406737    0.0240825
1998-06-08/23:13:53      297.450     -8.54000      10.0400      112.000      1.19008     0.374607    0.0192584
1998-06-08/23:14:13      297.880     -9.57000      8.68000      113.000      1.11861     0.390731    0.0179714
1998-06-08/23:14:33      297.660     -10.6000      8.97000      113.000      1.58863     0.390731    0.0255227
1998-06-08/23:14:53      297.740     -11.5600      10.0300      115.000      2.46981     0.422618    0.0390676
1998-06-08/23:15:14      297.750     -12.2600      8.91000      119.000      2.72378     0.484810    0.0415785
1998-06-08/23:15:34      297.960     -13.4500      10.1600      121.000      3.31091     0.515038    0.0495325
1998-06-08/23:15:54      297.680     -14.1300      10.9300      126.000      4.02896     0.587785    0.0568890
1998-06-08/23:16:34      298.300     -17.0100      9.67000      110.000      2.45938     0.342020    0.0403356
1998-06-08/23:16:54      297.630     -17.9800      9.58000      106.000      2.94420     0.275637    0.0493954
1998-06-08/23:17:14      297.520     -18.9300      10.0200      110.000      2.32336     0.342020    0.0381048
1998-06-08/23:17:34      297.660     -20.0200      8.43000      120.000      2.87450     0.500000    0.0434480
1998-06-08/23:17:54      297.660     -21.0400      11.5600      124.000      1.99801     0.559193    0.0289101
1998-06-08/23:18:14      297.350     -22.1000      12.5800      113.000      3.00172     0.390731    0.0482252
1998-06-08/23:20:54      298.000     -31.6700      11.1700      92.0000      2.02629    0.0348995    0.0353439
1998-06-08/23:21:55      296.480     -35.5000      9.69000      94.0000      3.00569    0.0697566    0.0523314
1998-06-08/23:22:15      294.940     -36.2100      10.6000      98.0000      2.79037     0.139173    0.0482272
1998-06-08/23:22:36      294.140     -37.0900      9.65000      104.000      2.26526     0.241922    0.0383619
1998-06-08/23:22:56      293.210     -38.2900      10.6400      101.000      1.78652     0.190809    0.0306078
1998-06-08/23:23:16      291.590     -39.9500      9.94000      114.000      2.54404     0.406737    0.0405631
1998-06-08/23:23:36      290.100     -41.4000      9.09000      101.000      2.61109     0.190809    0.0447348
1998-06-08/23:23:55      287.190     -43.1800      11.4200      119.000      6.91906     0.484810     0.105619
1998-06-08/23:24:35      283.860     -45.1800      10.6800      110.000      2.55790     0.342020    0.0419514
1998-06-09/00:03:44      116.220     -19.7000      9.81000      47.0000      4.66135     0.681998    0.0594999
1998-06-09/00:04:05      116.210     -18.6300      10.3100      85.0000      26.9820    0.0871558     0.469133
1998-06-09/00:04:25      116.030     -17.5900      10.1800      59.0000      21.9826     0.515038     0.328868
1998-06-09/00:04:45      116.040     -16.4600      9.96000      55.0000      17.6815     0.573576     0.252791
1998-06-09/00:05:05      116.140     -15.2600      11.7600      65.0000      3.55449     0.422618    0.0562251
1998-06-09/00:05:26      116.530     -14.0200      11.2600      71.0000      4.61738     0.325568    0.0761979
1998-06-09/00:05:46      116.990     -12.8400      9.81000      68.0000      2.59786     0.374607    0.0420396
1998-06-09/00:06:06      117.470     -11.6800      10.3900      35.0000      12.5361     0.819152     0.125496
1998-06-09/00:06:26      117.860     -10.5700      6.52000      53.0000      5.06650     0.601815    0.0706210
1998-06-09/00:06:45      118.150     -9.53000      10.6300      59.0000      2.92475     0.515038    0.0437554
1998-06-09/00:07:05      118.320     -8.49000      8.18000      87.0000      3.29409    0.0523359    0.0574139
1998-06-09/00:07:25      118.270     -7.48000      11.1900      79.0000      2.22837     0.190809    0.0381778
1998-06-09/00:07:45      118.080     -6.46000      17.5300      62.0000      7.43414     0.469472     0.114563
1998-06-09/00:08:06      117.830     -5.34000      13.6400      76.0000      4.54472     0.241922    0.0769642
1998-06-09/00:08:26      117.640     -4.20000      10.8900      79.0000      2.93754     0.190809    0.0503278
1998-06-09/00:08:46      117.610     -3.08000      10.5900      77.0000      10.0207     0.224951     0.170412
1998-06-09/00:09:06      117.540     -1.93000      11.0800      68.0000      7.62214     0.374607     0.123345
1998-06-09/00:09:26      117.460    -0.800000      10.0700      61.0000      4.06758     0.484810    0.0620916
1998-06-09/00:09:47      117.370     0.300000      10.4200      60.0000      10.7474     0.500000     0.162447
1998-06-09/00:14:27      113.150      14.6700      10.8700      78.0000      1.82292     0.207912    0.0311207
1998-06-09/00:14:47      113.570      15.9600      7.53000      36.0000      6.17974     0.809017    0.0633966
1998-06-09/00:15:07      114.400      16.7600      10.8200      56.0000      2.22103     0.559193    0.0321371
1998-06-09/00:15:27      114.410      17.4400      10.7900      60.0000      3.98186     0.500000    0.0601858
1998-06-09/00:15:47      113.060      18.1500      10.6600      69.0000      2.65743     0.358368    0.0433003
1998-06-09/00:16:28      109.370      21.3200      11.4300      88.0000      2.12954    0.0348994    0.0371448
1998-06-09/00:16:48      111.120      22.5200      9.94000      87.0000      1.86320    0.0523359    0.0324744
1998-06-09/00:17:08      112.160      23.8700      9.16000      68.0000      2.16209     0.374607    0.0349878
1998-06-09/00:17:27      111.750      25.0000      10.1600      68.0000      1.76109     0.374607    0.0284987
1998-06-09/00:17:47      110.820      26.2800      10.6800      73.0000      3.23908     0.292372    0.0540624
1998-06-09/00:18:08      110.800      27.4700      9.25000      69.0000      2.45938     0.358368    0.0400733
1998-06-09/00:18:28      110.680      28.5200      11.3000      68.0000      2.76042     0.374607    0.0446703
1998-06-09/00:18:48      110.430      29.5900      11.9200      49.0000      3.08779     0.656059    0.0406729
1998-06-09/00:19:08      110.720      30.6700      11.3300      46.0000      2.38774     0.694658    0.0299777
1998-06-09/00:19:28      109.420      31.7000      10.9500      53.0000      4.16535     0.601815    0.0580601
1998-06-09/00:19:49      109.070      32.6200      10.6700      60.0000      3.57206     0.500000    0.0539917
1998-06-09/00:20:08      106.950      33.8300      10.8800      77.0000      2.85176     0.224951    0.0484969
1998-06-09/00:20:28      103.910      35.0600      12.3100      76.0000      2.32163     0.241922    0.0393165
1998-06-09/00:22:09      101.450      42.5200      11.4100      70.0000      2.83748     0.342020    0.0465367
1998-06-09/01:48:49      99.4500     -62.2100      9.55000      78.0000      3.53374     0.207912    0.0603276
1998-06-09/01:49:09      100.690     -60.9900      9.55000      79.0000      3.33630     0.190809    0.0571596
1998-06-09/01:49:29      102.050     -59.7200      9.42000      68.0000      22.2732     0.374607     0.360434
1998-06-09/01:49:48      103.130     -58.4600      10.8600      73.0000      3.37382     0.292372    0.0563113
1998-06-09/01:50:08      105.750     -57.1500      11.3100      66.0000      5.21823     0.406737    0.0832014
1998-06-09/01:50:28      108.140     -55.8800      10.8700      64.0000      3.47634     0.438371    0.0545331
1998-06-09/01:50:49      109.920     -54.6500      10.1400      62.0000      2.58715     0.469472    0.0398689
1998-06-09/01:51:09      111.140     -53.4900      9.87000      67.0000      2.03620     0.390731    0.0327133
1998-06-09/01:51:29      112.040     -52.3800      10.1600      70.0000      4.71565     0.342020    0.0773401
1998-06-09/01:51:49      112.500     -51.2800      11.3800      68.0000      3.72656     0.374607    0.0603047
1998-06-09/01:52:09      113.180     -50.1100      11.4200      65.0000      2.97444     0.422618    0.0470499
1998-06-09/01:52:29      113.830     -48.9700      10.0200      61.0000      4.45736     0.484810    0.0680416
1998-06-09/01:52:49      114.240     -47.8300      9.79000      67.0000      17.4097     0.390731     0.279702
1998-06-09/01:53:09      114.790     -46.6500      10.1100      77.0000      2.36358     0.224951    0.0401950
1998-06-09/01:53:29      115.430     -45.4100      10.2200      66.0000      4.44103     0.406737    0.0708095
1998-06-09/01:53:49      115.590     -44.3400      10.2900      73.0000      6.94302     0.292372     0.115884
1998-06-09/01:54:09      115.770     -43.2500      10.4400      64.0000      2.55251     0.438371    0.0400410
1998-06-09/01:54:29      115.900     -42.1600      10.5000      57.0000      2.14938     0.544639    0.0314617
1998-06-09/01:54:50      116.170     -41.0100      10.7800      71.0000      3.91815     0.325568    0.0646589
1998-06-09/01:55:10      116.480     -39.8300      10.9400      77.0000      3.13465     0.224951    0.0533077
1998-06-09/01:55:30      116.580     -38.8200      10.5500      58.0000      7.02267     0.529919     0.103944
1998-06-09/01:55:50      116.780     -37.6900      9.91000      53.0000      10.8082     0.601815     0.150654
1998-06-09/01:56:10      117.180     -36.4900      10.3600      62.0000      10.4396     0.469472     0.160878
1998-06-09/01:56:30      117.470     -35.3900      10.0600      58.0000      5.39685     0.529919    0.0798800
1998-06-09/01:56:50      117.690     -34.2900      9.76000      57.0000      7.74172     0.544639     0.113320
1998-06-09/01:57:10      117.860     -33.2300      9.75000      63.0000      6.06317     0.453990    0.0942883
1998-06-09/01:57:30      117.900     -32.2500      10.0500      62.0000      9.28522     0.469472     0.143088
1998-06-09/01:57:51      117.690     -31.2100      10.0700      57.0000      2.81476     0.544639    0.0412012
1998-06-09/01:58:11      117.550     -30.1100      10.4400      61.0000      6.39865     0.484810    0.0976754
1998-06-09/01:58:31      117.570     -29.0000      10.7200      54.0000      2.63929     0.587785    0.0372668
1998-06-09/01:58:51      117.620     -27.9900      10.4100      61.0000      3.91119     0.484810    0.0597043
1998-06-09/01:59:11      117.710     -26.8800      10.2800      67.0000      3.80142     0.390731    0.0610730
1998-06-09/01:59:31      117.700     -25.7600      10.4000      66.0000      2.02531     0.406737    0.0322923
1998-06-09/01:59:51      117.770     -24.6100      9.99000      67.0000      4.59444     0.390731    0.0738135
1998-06-09/02:00:11      117.890     -23.5000      10.2700      61.0000      4.54485     0.484810    0.0693771
1998-06-09/02:00:31      118.010     -22.4200      10.8400      62.0000      10.7070     0.469472     0.164999
1998-06-09/02:00:51      118.110     -21.3100      10.4600      59.0000      21.9826     0.515038     0.328868
1998-06-09/02:01:11      118.100     -20.2200      10.3100      67.0000      17.4097     0.390731     0.279702
1998-06-09/02:01:31      118.080     -19.1500      10.7600      74.0000      20.0866     0.275637     0.336997
1998-06-09/02:01:51      118.090     -18.0700      10.3100      12.0000      13.9095     0.978148    0.0504740
1998-06-09/02:13:14      116.080      19.5400      10.1900      67.0000      3.13059     0.390731    0.0502956
1998-06-09/02:13:34      116.240      20.6100      8.38000      71.0000      3.86319     0.325568    0.0637520
1998-06-09/02:13:54      116.340      21.6400      10.2300      62.0000      6.40714     0.469472    0.0987362
1998-06-09/02:14:14      116.300      22.6500      11.3100      56.0000      6.93669     0.559193     0.100370
1998-06-09/02:14:34      116.090      23.7200      11.4300      54.0000      21.8278     0.587785     0.308209
1998-06-09/02:14:54      115.820      24.8400      8.73000      62.0000      4.82079     0.469472    0.0742900
1998-06-09/02:15:14      115.470      25.9900      12.2000      57.0000      3.33634     0.544639    0.0488359
1998-06-09/02:15:34      115.280      27.0800      11.8300      69.0000      4.37406     0.358368    0.0712712
1998-06-09/02:15:54      115.040      28.2000      10.9800      59.0000      3.14954     0.515038    0.0471184
1998-06-09/02:16:15      114.880      29.2600      11.7600      67.0000      2.22430     0.390731    0.0357352
1998-06-09/02:16:35      114.870      30.3300      12.0100      78.0000      1.95756     0.207912    0.0334193
1998-06-09/02:16:55      114.620      31.4100      15.6200      80.0000      3.16593     0.173648    0.0544164
1998-06-09/02:17:15      114.340      32.5000      15.4300      77.0000      1.99423     0.224951    0.0339138
1998-06-09/02:17:35      113.920      33.6200      13.9800      79.0000      4.17527     0.190809    0.0715333
1998-06-09/02:17:55      113.380      34.7600      12.4800      76.0000      4.07256     0.241922    0.0689682
1998-06-09/02:18:15      112.900      35.9500      12.3800      76.0000      2.80807     0.241922    0.0475543
1998-06-09/02:18:35      112.500      37.1000      11.7600      78.0000      1.89705     0.207912    0.0323862
1998-06-09/02:18:55      111.900      38.2400      12.8300      80.0000      4.55162     0.173648    0.0782339
1998-06-09/02:19:16      111.420      39.3800      13.0200      61.0000      10.9143     0.484810     0.166607
1998-06-09/02:47:41      277.350      62.0400      12.3700      92.0000      5.35622    0.0348995    0.0934267
1998-06-09/02:48:01      280.200      60.9600      11.9400      95.0000      3.56113    0.0871559    0.0619169
1998-06-09/02:48:22      282.250      59.7700      12.0600      96.0000      19.9121     0.104529     0.345629
1998-06-09/02:48:42      283.760      58.6000      11.9800      107.000      4.34779     0.292372    0.0725675
1998-06-09/02:49:02      285.020      57.5100      11.7000      101.000      25.3882     0.190809     0.434967
1998-06-09/02:49:22      286.400      56.4000      12.9200      95.0000      26.2134    0.0871559     0.455769
1998-06-09/02:50:02      288.800      54.2000      12.3000      108.000      18.8223     0.309017     0.312433
1998-06-09/02:50:22      290.140      53.0200      11.7300      106.000      9.72621     0.275637     0.163178
1998-06-09/02:51:02      291.390      50.9200      12.2600      91.0000      20.6698    0.0174525     0.360701
1998-06-09/03:46:55      104.680     -59.4600      14.2800      74.0000      4.30197     0.275637    0.0721749
1998-06-09/03:47:15      104.490     -58.3300      12.3900      75.0000      7.66710     0.258819     0.129256
1998-06-09/03:47:35      105.650     -57.1400      8.35000      71.0000      6.39265     0.325568     0.105494
1998-06-09/03:47:55      107.520     -55.8600      11.4700      74.0000      8.45833     0.275637     0.141907
1998-06-09/03:48:15      108.990     -54.6200      11.7300      75.0000      18.8654     0.258819     0.318044
1998-06-09/03:48:35      110.260     -53.4800      13.0300      70.0000      25.5614     0.342020     0.419226
1998-06-09/03:48:56      111.310     -52.3600      11.4100      65.0000      4.94227     0.422618    0.0781771
1998-06-09/03:49:16      111.810     -51.2600      16.6600      59.0000      5.88799     0.515038    0.0880866
1998-06-09/03:49:36      112.130     -50.1800      15.1800      67.0000      1.94513     0.390731    0.0312501
1998-06-09/03:49:56      112.720     -49.0400      10.7900      78.0000      12.6941     0.207912     0.216712
1998-06-09/03:50:15      113.020     -47.9400      12.8000      81.0000      5.00329     0.156434    0.0862488
1998-06-09/03:50:36      113.370     -46.7800      14.2000      70.0000      12.7807     0.342020     0.209613
1998-06-09/03:50:56      113.880     -45.6400      12.9200      74.0000      20.0866     0.275637     0.336997
1998-06-09/03:51:16      114.460     -44.5300      13.5300      54.0000      21.8278     0.587785     0.308209
1998-06-09/03:51:36      114.720     -43.4200      13.4200      59.0000      3.05288     0.515038    0.0456723
1998-06-09/03:51:56      114.810     -42.3600      9.40000      50.0000      3.95825     0.642788    0.0529218
1998-06-09/03:52:17      114.930     -41.3100      8.32000      49.0000      8.42084     0.656059     0.110921
1998-06-09/03:52:37      114.950     -40.1900      10.9100      65.0000      2.74282     0.422618    0.0433861
1998-06-09/03:52:57      115.210     -39.0700      14.1500      59.0000      4.01660     0.515038    0.0600899
1998-06-09/03:53:17      115.380     -37.9800      16.9800      76.0000      3.80260     0.241922    0.0643965
1998-06-09/03:53:37      115.390     -36.8800      15.2200      44.0000      3.60312     0.719340    0.0436845
1998-06-09/03:53:57      115.790     -35.7700      12.1100      44.0000      8.96907     0.719340     0.108742
1998-06-09/03:54:17      116.080     -34.6500      12.8300      41.0000      4.89944     0.754710    0.0561005
1998-06-09/03:54:37      116.360     -33.6100      12.8500      51.0000      6.40122     0.629320    0.0868246
1998-06-09/03:54:57      116.450     -32.5400      13.6500      48.0000      4.60264     0.669131    0.0596977
1998-06-09/03:55:17      116.280     -31.5400      13.9600      58.0000      5.86516     0.529919    0.0868116
1998-06-09/03:55:37      116.180     -30.5000      14.4400      57.0000      21.3608     0.544639     0.312670
1998-06-09/03:55:57      115.910     -29.3700      14.4900      59.0000      3.44536     0.515038    0.0515439
1998-06-09/03:56:18      116.000     -28.2400      13.7200      47.0000      6.32968     0.681998    0.0807954
1998-06-09/03:56:38      116.170     -27.1900      13.2800      55.0000      3.97079     0.573576    0.0567700
1998-06-09/03:56:58      116.010     -26.1200      12.8400      55.0000      6.94095     0.573576    0.0992341
1998-06-09/03:57:18      116.200     -25.0400      12.5900      58.0000      3.56322     0.529919    0.0527400
1998-06-09/03:57:38      116.470     -23.9600      11.2100      58.0000      7.33576     0.529919     0.108578
1998-06-09/03:57:58      116.590     -22.9000      12.1800      61.0000      21.8068     0.484810     0.332881
1998-06-09/03:58:18      116.680     -21.9000      11.7500      59.0000      5.62883     0.515038    0.0842095
1998-06-09/03:58:38      116.750     -20.8300      12.0700      42.0000      26.5798     0.743145     0.310413
1998-06-09/03:58:58      116.750     -19.7600      12.5700      31.0000      7.46921     0.857167    0.0671416
1998-06-09/03:59:18      116.750     -18.6700      12.7600      39.0000      28.7126     0.777146     0.315371
1998-06-09/04:00:58      116.550     -13.2900      12.4400      65.0000      9.08406     0.422618     0.143692
1998-06-09/04:01:18      116.660     -12.1900      12.5000      38.0000      13.7746     0.788011     0.148012
1998-06-09/04:01:38      116.790     -11.1000      12.4100      35.0000      8.72747     0.819152    0.0873690
1998-06-09/04:01:58      116.920     -10.0000      12.6700      36.0000      5.63087     0.809017    0.0577659
1998-06-09/04:02:19      117.020     -8.92000      12.7000      62.0000      22.6838     0.469472     0.349565
1998-06-09/04:02:39      117.230     -7.84000      12.6100      47.0000      5.60423     0.681998    0.0715354
1998-06-09/04:02:59      117.290     -6.78000      12.5200      58.0000      3.75244     0.529919    0.0555407
1998-06-09/04:03:19      117.330     -5.83000      12.5300      53.0000      25.0610     0.601815     0.349321
1998-06-09/04:03:40      117.180     -4.77000      12.6100      70.0000      25.5614     0.342020     0.419226
1998-06-09/04:04:00      116.920     -3.68000      12.4400      64.0000      3.34448     0.438371    0.0524646
1998-06-09/04:04:20      116.720     -2.54000      12.4600      57.0000      2.48027     0.544639    0.0363051
1998-06-09/04:04:40      116.480     -1.36000      12.6400      53.0000      6.55871     0.601815    0.0914207
1998-06-09/04:04:59      116.460    -0.330000      13.0800      50.0000      8.78521     0.642788     0.117458
1998-06-09/04:05:19      116.510     0.740000      13.1900      64.0000      22.3924     0.438371     0.351268
1998-06-09/04:05:39      116.450      1.73000      12.4900      57.0000      7.34258     0.544639     0.107477
1998-06-09/04:05:59      116.290      2.79000      12.5500      54.0000      21.8278     0.587785     0.308209
1998-06-09/04:06:20      116.130      3.92000      12.6400      65.0000      8.15788     0.422618     0.129042
1998-06-09/04:06:40      116.100      5.03000      12.7100      23.0000      19.6690     0.920505     0.134134
1998-06-09/04:07:00      116.060      6.09000      12.7200      60.0000      23.7264     0.500000     0.358624
1998-06-09/04:07:20      116.060      7.12000      12.8800      32.0000      30.4102     0.848048     0.281259
1998-06-09/04:07:41      116.010      8.21000      12.8800      75.0000      18.8654     0.258819     0.318044
1998-06-09/04:08:01      115.860      9.32000      12.6600      73.0000      26.2936     0.292372     0.438858
1998-06-09/04:10:41      113.370      18.3600      12.6600      64.0000      8.55196     0.438371     0.134154
1998-06-09/04:11:01      113.340      19.6100      12.9300      65.0000      9.16334     0.422618     0.144946
1998-06-09/04:11:21      113.610      20.6900      13.0800      76.0000      4.54472     0.241922    0.0769642
1998-06-09/04:11:41      113.700      21.7000      13.0100      76.0000      2.24958     0.241922    0.0380963
1998-06-09/04:12:01      113.640      22.7700      13.0500      80.0000      5.58373     0.173648    0.0959739
1998-06-09/04:12:21      113.680      23.7600      12.7200      59.0000      6.21023     0.515038    0.0929075
1998-06-09/04:12:41      113.260      24.9000      12.6500      70.0000      2.75142     0.342020    0.0451253
1998-06-09/04:13:01      112.770      26.1000      13.0900      65.0000      4.53015     0.422618    0.0716582
1998-06-09/04:13:21      112.270      27.3000      13.2200      69.0000      26.6230     0.358368     0.433797
1998-06-09/04:13:41      112.030      28.4500      13.1700      68.0000      3.50869     0.374607    0.0567791
1998-06-09/04:14:01      111.820      29.5400      13.5600      60.0000      11.8632     0.500000     0.179312
1998-06-09/04:14:22      111.640      30.6300      13.4000      58.0000      8.57916     0.529919     0.126982
1998-06-09/04:14:42      111.300      31.7200      13.5500      44.0000      9.27146     0.719340     0.112408
1998-06-09/04:15:02      110.550      32.9300      13.3300      59.0000      6.21023     0.515038    0.0929075
1998-06-09/04:15:22      109.550      34.1900      13.5000      65.0000      2.17026     0.422618    0.0343293
1998-06-09/04:15:42      108.140      35.5400      13.4600      74.0000      3.40585     0.275637    0.0571406
1998-06-09/04:16:02      106.390      37.1300      13.1000      62.0000      3.71922     0.469472    0.0573145
1998-06-09/04:16:22      104.230      38.7000      13.2000      66.0000      1.92248     0.406737    0.0306527
1998-06-09/06:21:10      101.170      53.9100      13.3200      132.000      3.27162     0.669131    0.0424340
1998-06-09/06:21:30      99.2700      54.4400      13.2300      132.000      3.16030     0.669131    0.0409901
1998-06-09/06:21:50      101.800      55.4200      15.9500      133.000      3.88307     0.681998    0.0495656
1998-06-09/06:22:10      104.150      56.4800      16.1000      142.000      7.58741     0.788011    0.0815291
1998-06-09/06:22:30      105.070      57.3200      16.4700      132.000      5.60423     0.669131    0.0726887
1998-06-09/06:22:50      103.420      58.1700      16.4800      134.000      5.43402     0.694658    0.0682233
1998-06-09/06:23:30      102.490      60.2600      16.9900      136.000      5.60432     0.719340    0.0679472
1998-06-09/06:23:50      101.920      61.1400      17.3500      144.000      7.64877     0.809017    0.0784671
1998-06-09/06:24:10      99.8300      62.1700      16.1700      134.000      4.40170     0.694658    0.0552627
1998-06-09/06:24:30      96.6300      62.5800      16.5000      132.000      6.73908     0.669131    0.0874081
1998-06-09/06:24:51      93.1000      62.9000      17.5700      130.000      7.13225     0.642788    0.0953582
1998-06-09/06:25:11      87.3100      62.7400      17.7400      130.000      5.28399     0.642788    0.0706469
1998-06-09/06:25:30      83.3700      62.3000      17.7400      131.000      4.49430     0.656059    0.0591997
1998-06-09/06:29:31      103.610      65.7500      17.4500      150.000      8.98520     0.866026    0.0784106
1998-06-09/06:29:51      113.600      71.6400      16.7700      156.000      16.0687     0.913545     0.114070
1998-06-09/06:30:11      120.100      72.3700      16.1200      153.000      13.8447     0.891007     0.109700
1998-06-09/06:30:31      123.900      70.2900      16.7500      146.000      4.03107     0.829038    0.0393423
1998-06-09/06:30:52      126.730      67.2600      14.9800      144.000      5.79441     0.809017    0.0594436
1998-06-09/06:31:32      132.680      72.3800      15.0200      141.000      5.84887     0.777146    0.0642423
1998-06-09/06:31:52      134.940      74.3200      14.0400      142.000      7.58741     0.788011    0.0815291
1998-06-09/06:32:12      138.890      75.9500      14.6900      133.000      4.47367     0.681998    0.0571043
1998-06-09/06:32:33      142.740      77.5900      14.0200      141.000      6.41107     0.777146    0.0704173
1998-06-09/06:32:53      146.910      78.6600      15.2800      143.000      6.17974     0.798636    0.0649098
1998-06-09/06:33:13      154.860      81.3900      17.4200      137.000      6.89146     0.731354    0.0820298
1998-06-09/06:33:32      158.230      80.0600      13.3500      134.000      6.71490     0.694658    0.0843045
1998-06-09/06:33:52      166.010      82.0200      15.1300      138.000      6.51124     0.743145    0.0760417
1998-06-09/06:34:12      173.020      82.9300      15.5200      140.000      7.25249     0.766045    0.0813639
1998-06-09/06:34:32      179.330      82.7700      12.7600      132.000      4.47968     0.669131    0.0581029
1998-06-09/06:34:53      188.490      83.4600      15.3000      127.000      4.95410     0.601815    0.0690543
1998-06-09/06:35:13      199.060      84.3500      12.2400      127.000      5.57686     0.601815    0.0777348
1998-06-09/06:35:33      219.160      84.8000      17.9000      125.000      3.85072     0.573576    0.0550534
1998-06-09/06:35:53      234.090      84.6000      17.0700      130.000      5.12876     0.642788    0.0685715
1998-06-09/06:36:12      243.180      84.0600      11.9900      128.000      5.87966     0.615661    0.0808652
1998-06-09/06:36:33      251.200      83.0300      14.6100      128.000      4.76905     0.615661    0.0655906
1998-06-09/06:36:53      252.620      82.2000      16.1000      130.000      3.24964     0.642788    0.0434477
1998-06-09/06:37:13      262.420      81.2600      14.4000      133.000      3.16770     0.681998    0.0404342
1998-06-09/06:37:33      269.950      79.9500      13.6500      132.000      4.84587     0.669131    0.0628525
1998-06-09/06:37:53      273.000      78.8100      14.1100      133.000      3.88307     0.681998    0.0495656
1998-06-09/06:38:13      274.070      77.7900      12.4600      105.000      4.72693     0.258819    0.0796894
1998-06-09/06:38:33      277.170      76.6000      14.5200      123.000      4.07612     0.544639    0.0596645
1998-06-09/06:39:13      281.260      74.4600      14.1000      117.000      4.31892     0.453991    0.0671635
1998-06-09/06:39:33      282.180      73.5400      13.2400      119.000      2.94180     0.484810    0.0449066
1998-06-09/06:39:53      283.920      72.6100      12.7200      110.000      2.78623     0.342020    0.0456962
1998-06-09/06:40:13      285.810      71.7600      14.8300      101.000      2.74699     0.190809    0.0470632
1998-06-09/06:40:33      287.020      70.8200      15.3600      103.000      3.43504     0.224951    0.0584162
1998-06-09/06:40:54      287.830      69.8900      15.5000      101.000      3.38606     0.190809    0.0580121
1998-06-09/06:41:54      291.200      66.6400      14.9900      107.000      3.33396     0.292372    0.0556460
1998-06-09/06:42:14      291.970      65.4200      15.2800      103.000      2.99630     0.224951    0.0509550
1998-06-09/06:42:35      292.240      64.1400      15.5300      104.000      4.10868     0.241922    0.0695799
1998-06-09/06:42:54      292.120      63.1900      15.0700      105.000      3.48493     0.258819    0.0587510
1998-06-09/06:43:14      292.230      62.2500      14.9100      112.000      1.81141     0.374607    0.0293130
1998-06-09/06:48:36      296.930      43.5500      14.9500      111.000      5.07297     0.358368    0.0826592
1998-06-09/06:48:56      297.160      42.5300      14.3900      106.000      5.64541     0.275637    0.0947141
1998-06-09/06:49:16      297.350      41.5700      13.6700      91.0000      2.01692    0.0174525    0.0351965
1998-06-09/06:49:35      297.500      40.7200      13.5100      102.000      2.97429     0.207912    0.0507768
1998-06-09/06:49:55      297.580      39.8500      14.1100      91.0000      2.01692    0.0174525    0.0351965
1998-06-09/06:50:35      297.800      38.0900      14.2300      100.000      2.22837     0.173648    0.0383015
1998-06-09/06:50:56      297.810      37.1600      13.9300      97.0000      2.72844     0.121869    0.0472653
1998-06-09/06:51:56      297.710      34.4700      13.9400      99.0000      2.63679     0.156434    0.0454541
1998-06-09/06:52:17      297.620      33.2900      14.5700      106.000      2.31977     0.275637    0.0389192
1998-06-09/06:52:37      297.450      32.1600      14.4800      109.000      2.41105     0.325568    0.0397881
1998-06-09/06:52:57      297.080      31.0000      14.3500      98.0000      2.79037     0.139173    0.0482272
1998-06-09/06:53:17      296.380      30.0200      14.2700      127.000      5.17975     0.601815    0.0721996
1998-06-09/06:53:36      296.280      28.9100      14.3200      122.000      2.14938     0.529919    0.0318135
1998-06-09/06:53:56      296.150      27.8400      14.5600      99.0000      2.55400     0.156434    0.0440269
1998-06-09/06:54:16      295.920      26.7400      14.7200      100.000      1.74092     0.173648    0.0299232
1998-06-09/06:54:36      295.560      25.8700      14.7000      100.000      2.10644     0.173648    0.0362058
1998-06-09/06:54:57      295.300      25.0500      14.5500      111.000      2.41315     0.358368    0.0393200
1998-06-09/06:55:17      295.280      24.1100      14.2900      109.000      2.97829     0.325568    0.0491490
1998-06-09/06:55:37      295.160      23.2300      14.2100      101.000      1.78652     0.190809    0.0306078
1998-06-09/06:55:57      295.290      22.1700      14.1000      100.000      2.22837     0.173648    0.0383015
1998-06-09/06:56:18      295.630      21.0700      14.2900      97.0000      2.99788     0.121869    0.0519329
1998-06-09/06:58:18      295.540      13.2000      14.6900      94.0000      2.07602    0.0697566    0.0361451
1998-06-09/06:58:38      295.990      11.7600      14.6800      99.0000      2.27326     0.156434    0.0391874
1998-06-09/06:58:58      296.280      10.7100      13.4600      96.0000      2.40437     0.104529    0.0417343
1998-06-09/06:59:18      296.180      9.82000      13.4900      92.0000      1.76223    0.0348995    0.0307380
1998-06-09/06:59:38      296.260      8.96000      13.5800      93.0000      2.01383    0.0523359    0.0350998
1998-06-09/06:59:58      295.580      7.70000      13.5300      92.0000      2.04513    0.0348995    0.0356725
1998-06-09/07:01:18      296.450      1.86000      13.5200      111.000      6.14871     0.358368     0.100187
1998-06-09/07:01:38      297.090     0.810000      13.5600      137.000      9.13064     0.731354     0.108683
1998-06-09/07:01:58      297.940    -0.270000      13.4600      132.000      24.7334     0.669131     0.320800
1998-06-09/07:02:19      298.770    -0.960000      13.3700      162.000      10.6463     0.951056    0.0574194
1998-06-09/07:02:39      299.020     -1.56000      13.4000      98.0000      5.65160     0.139173    0.0976791
1998-06-09/07:02:59      298.830     -2.47000      13.3800      101.000      2.02113     0.190809    0.0346273
1998-06-09/07:03:19      298.260     -3.50000      13.4900      96.0000      8.18422     0.104529     0.142059
1998-06-09/07:03:39      297.580     -4.47000      13.6400      115.000      4.24559     0.422618    0.0671570
1998-06-09/07:04:00      296.790     -5.55000      13.6500      109.000      3.23959     0.325568    0.0534610
1998-06-09/07:04:19      296.170     -6.66000      13.7000      104.000      2.26526     0.241922    0.0383619
1998-06-09/07:04:39      295.760     -8.17000      13.7100      105.000      3.40585     0.258819    0.0574178
1998-06-09/07:04:59      295.610     -9.45000      13.8000      100.000      2.86438     0.173648    0.0492334
1998-06-09/07:05:19      295.460     -10.2000      13.7800      95.0000      3.56113    0.0871559    0.0619169
1998-06-09/07:05:40      294.900     -11.2000      14.0100      96.0000      3.24676     0.104529    0.0563562
1998-06-09/07:06:00      294.720     -12.1400      14.0200      104.000      3.37305     0.241922    0.0571221
1998-06-09/07:06:20      294.020     -13.5500      13.7600      105.000      3.48493     0.258819    0.0587510
1998-06-09/07:06:40      293.650     -14.4900      13.7400      102.000      2.28924     0.207912    0.0390817
1998-06-09/07:07:00      294.440     -15.4600      13.5500      95.0000      3.29517    0.0871559    0.0572927
1998-06-09/07:07:20      294.760     -16.3000      13.6500      99.0000      2.86740     0.156434    0.0494294
1998-06-09/07:07:40      294.580     -17.2600      13.7100      92.0000      2.00491    0.0348995    0.0349710
1998-06-09/07:08:00      294.390     -18.2100      13.7300      93.0000      2.26419    0.0523359    0.0394634
1998-06-09/07:08:20      293.880     -19.1900      13.7500      108.000      3.03428     0.309017    0.0503662
1998-06-09/07:08:40      293.990     -20.3900      13.8700      96.0000      2.79431     0.104529    0.0485027
1998-06-09/07:09:00      293.420     -21.7600      13.8300      91.0000      1.56751    0.0174525    0.0273540
1998-06-09/07:10:01      290.790     -24.7700      13.6900      95.0000      3.12222    0.0871559    0.0542857
1998-06-09/07:10:21      287.640     -25.5100      13.7600      111.000      3.27161     0.358368    0.0533078
1998-06-09/07:10:41      286.370     -26.1700      13.7100      111.000      2.39953     0.358368    0.0390981
1998-06-09/07:11:00      282.730     -26.7000      13.7800      111.000      1.71930     0.358368    0.0280144
1998-06-09/07:11:20      284.150     -27.8200      13.7300      111.000      2.09106     0.358368    0.0340718
1998-06-09/07:12:21      283.910     -31.4800      13.6100      113.000      1.25657     0.390731    0.0201879
1998-06-09/07:12:41      283.740     -33.2500      13.5400      113.000      1.53310     0.390731    0.0246305
1998-06-09/07:39:28      99.9100     -71.6400      13.5700      64.0000      2.46981     0.438371    0.0387437
1998-06-09/07:39:48      103.120     -71.4300      13.8400      64.0000      2.26287     0.438371    0.0354975
1998-06-09/07:40:08      101.780     -71.5500      13.8000      69.0000      2.32336     0.358368    0.0378569
1998-06-09/07:40:27      104.170     -70.5900      13.8500      69.0000      2.27385     0.358368    0.0370502
1998-06-09/07:40:47      104.000     -69.5200      13.8700      63.0000      2.75008     0.453990    0.0427665
1998-06-09/07:41:07      101.210     -67.4500      13.0000      67.0000      1.47353     0.390731    0.0236735
1998-06-09/07:41:27      97.8300     -66.1900      13.0200      76.0000      1.57584     0.241922    0.0266866
1998-06-09/07:41:48      100.520     -64.6600      13.0600      78.0000      1.35630     0.207912    0.0231546
1998-06-09/07:42:08      98.1300     -63.9300      13.1800      70.0000      2.51082     0.342020    0.0411793
1998-06-09/07:42:28      101.700     -62.2200      13.2400      69.0000      2.32336     0.358368    0.0378569
1998-06-09/07:42:48      103.860     -60.2000      13.0300      71.0000      2.72086     0.325568    0.0449008
1998-06-09/07:43:09      105.160     -58.5400      11.8400      77.0000      1.80454     0.224951    0.0306879
1998-06-09/07:43:29      105.180     -57.4200      12.5900      70.0000      2.51082     0.342020    0.0411793
1998-06-09/07:43:49      103.140     -57.0500      13.3300      66.0000      1.53310     0.406737    0.0244443
1998-06-09/07:44:09      105.320     -55.8700      13.4700      70.0000      2.57545     0.342020    0.0422393
1998-06-09/07:44:28      107.160     -55.1600      13.1800      69.0000      2.20291     0.358368    0.0358943
1998-06-09/07:44:48      108.950     -54.2000      12.9900      64.0000      2.36999     0.438371    0.0371778
1998-06-09/07:45:09      109.060     -53.7300      12.5300      61.0000      2.81502     0.484810    0.0429713
1998-06-09/07:45:29      109.730     -52.7100      12.2700      66.0000      1.69368     0.406737    0.0270047
1998-06-09/07:45:49      110.100     -51.6100      13.2800      67.0000      1.68015     0.390731    0.0269930
1998-06-09/07:46:09      110.880     -50.3400      13.9000      65.0000      1.85548     0.422618    0.0293501
1998-06-09/07:46:29      111.530     -49.0700      13.4300      61.0000      2.81502     0.484810    0.0429713
1998-06-09/07:46:49      111.560     -47.4000      11.8700      67.0000      1.86436     0.390731    0.0299525
1998-06-09/07:47:09      111.860     -46.0900      9.54000      70.0000      2.57545     0.342020    0.0422393
1998-06-09/07:47:29      112.280     -44.6300      14.1700      59.0000      2.39210     0.515038    0.0357868
1998-06-09/07:47:49      111.780     -43.6700      13.5800      59.0000      2.75537     0.515038    0.0412214
1998-06-09/07:48:09      112.610     -42.7600      11.9300      59.0000      2.92475     0.515038    0.0437554
1998-06-09/07:48:29      112.040     -41.8300      13.7400      60.0000      3.98186     0.500000    0.0601858
1998-06-09/07:48:49      112.540     -40.6300      12.9200      62.0000      3.16633     0.469472    0.0487942
1998-06-09/07:49:10      112.840     -39.5600      13.7300      66.0000      2.10025     0.406737    0.0334872
1998-06-09/07:49:30      113.110     -38.1900      15.7800      70.0000      2.51082     0.342020    0.0411793
1998-06-09/07:49:50      112.420     -37.1000      14.7000      65.0000      2.00852     0.422618    0.0317709
1998-06-09/07:50:10      112.280     -35.4700      13.8400      58.0000      3.18689     0.529919    0.0471699
1998-06-09/07:50:30      112.160     -33.9500      13.3500      56.0000      2.53819     0.559193    0.0367262
1998-06-09/07:50:51      112.120     -32.6300      12.5200      41.0000      5.25326     0.754710    0.0601519
1998-06-09/07:51:10      111.720     -31.3900      13.3500      31.0000      3.35179     0.857167    0.0301296
1998-06-09/07:51:30      112.220     -30.4000      13.5700      40.0000      3.26963     0.766044    0.0366812
1998-06-09/07:51:50      112.820     -29.5400      12.9200      56.0000      2.11018     0.559193    0.0305331
1998-06-09/07:52:10      113.280     -28.4700      13.5200      59.0000      3.14954     0.515038    0.0471184
1998-06-09/07:52:31      113.510     -27.3300      12.4500      66.0000      2.42089     0.406737    0.0385996
1998-06-09/07:52:51      113.650     -26.3100      15.2100      66.0000      1.58863     0.406737    0.0253297
1998-06-09/07:53:11      114.050     -25.2800      14.5700      54.0000      2.96422     0.587785    0.0418548
1998-06-09/07:53:31      114.450     -24.1800      12.5600      37.0000      7.17296     0.798635    0.0753423
1998-06-09/07:53:51      114.710     -23.0600      13.5400      67.0000      1.90709     0.390731    0.0306390
1998-06-09/07:54:11      114.840     -21.8800      13.3600      58.0000      3.04718     0.529919    0.0451020
1998-06-09/07:54:31      114.960     -20.8000      11.1200      61.0000      4.98984     0.484810    0.0761699
1998-06-09/07:54:51      115.040     -19.6800      12.0200      62.0000      10.4396     0.469472     0.160878
1998-06-09/07:55:11      115.080     -18.5800      13.0800      63.0000      3.12038     0.453990    0.0485250
1998-06-09/07:55:31      115.060     -17.5000      13.1000      64.0000      3.47634     0.438371    0.0545331
1998-06-09/07:55:51      115.090     -16.5100      13.6700      35.0000      7.32484     0.819152    0.0733275
1998-06-09/07:56:11      114.920     -15.3700      10.6700      68.0000      2.37731     0.374607    0.0384706
1998-06-09/07:56:32      115.050     -14.1300      21.8200      69.0000      2.32336     0.358368    0.0378569
1998-06-09/07:56:52      115.130     -12.9200      23.0900      63.0000      2.93375     0.453990    0.0456227
1998-06-09/07:57:12      115.170     -11.8700      17.5300      61.0000      2.81502     0.484810    0.0429713
1998-06-09/07:57:32      115.230     -10.8100      17.7900      45.0000      2.70510     0.707107    0.0333846
1998-06-09/07:57:51      115.360     -9.69000      15.1000      49.0000      4.98111     0.656059    0.0656120
1998-06-09/07:58:11      115.390     -8.35000      14.4900      47.0000      3.42443     0.681998    0.0437112
1998-06-09/07:58:31      115.610     -7.28000      15.3800      58.0000      2.86288     0.529919    0.0423742
1998-06-09/07:58:51      115.820     -6.06000      13.5500      65.0000      5.84843     0.422618    0.0925108
1998-06-09/07:59:12      116.030     -5.06000      11.7100      46.0000      4.09574     0.694658    0.0514214
1998-06-09/07:59:32      116.310     -4.18000      12.8000      73.0000      3.45951     0.292372    0.0577415
1998-06-09/07:59:52      116.340     -3.15000      11.5200      70.0000      3.11900     0.342020    0.0511539
1998-06-09/08:00:12      116.510     -2.10000      13.4500      64.0000      3.00722     0.438371    0.0471740
1998-06-09/08:00:33      116.680     -1.31000      14.9000      67.0000      1.74712     0.390731    0.0280690
1998-06-09/08:00:53      116.540    -0.440000      15.0200      67.0000      2.09250     0.390731    0.0336178
1998-06-09/08:04:34      113.290      11.6000      15.5600      68.0000      1.92688     0.374607    0.0311816
1998-06-09/08:04:54      113.360      12.5800      14.7500      56.0000      2.34112     0.559193    0.0338747
1998-06-09/08:05:14      114.130      13.4700      14.7900      57.0000      2.56560     0.544639    0.0375541
1998-06-09/08:05:34      113.540      14.7700      13.7900      36.0000      3.51992     0.809017    0.0361101
1998-06-09/08:05:53      113.330      15.6700      13.4100      45.0000      3.04750     0.707107    0.0376102
1998-06-09/08:06:13      112.920      16.6000      13.4600      62.0000      3.04900     0.469472    0.0469861
1998-06-09/08:06:34      111.510      17.8200      13.6400      57.0000      2.26089     0.544639    0.0330939
1998-06-09/08:06:54      111.090      18.9200      13.9900      56.0000      2.11018     0.559193    0.0305331
1998-06-09/08:07:14      111.660      20.2600      13.8700      60.0000      6.47383     0.500000    0.0978519
1998-06-09/08:07:34      109.920      20.9000      13.0600      46.0000      3.45868     0.694658    0.0434232
1998-06-09/08:07:54      111.020      21.7700      12.0700      51.0000      6.86438     0.629320    0.0931068
1998-06-09/08:08:14      108.340      23.4800      13.4800      58.0000      2.94793     0.529919    0.0436330
1998-06-09/08:08:34      109.010      24.4500      13.6400      66.0000      1.78538     0.406737    0.0284668
1998-06-09/08:08:54      107.980      25.7800      13.4100      61.0000      3.56851     0.484810    0.0544733
1998-06-09/08:09:14      108.480      27.8300      13.6200      50.0000      6.60271     0.642788    0.0882782
1998-06-09/08:09:34      106.590      29.4500      13.6300      54.0000      2.35709     0.587785    0.0332821
1998-06-09/08:18:16      107.030      55.3400      13.7900      83.0000      19.9121     0.121869     0.344942
1998-06-09/08:18:36      106.140      56.2800      13.9600      59.0000      7.20927     0.515038     0.107854
1998-06-09/08:18:57      103.980      57.7000      13.8400      75.0000      3.29861     0.258819    0.0556099
1998-06-09/08:19:16      101.660      58.9200      13.6800      74.0000      5.02431     0.275637    0.0842938
1998-06-09/08:19:36      95.6200      60.4400      13.6400      79.0000      3.56687     0.190809    0.0611099
1998-06-09/08:19:56      93.3000      61.8000      13.8700      77.0000      1.26700     0.224951    0.0215466
1998-06-09/08:20:16      92.1400      63.8400      14.2200      77.0000      1.99423     0.224951    0.0339138
1998-06-09/08:20:37      93.8500      64.0900      14.2200      72.0000      3.33396     0.309017    0.0553406
1998-06-09/09:37:15      99.6100     -70.2100      13.8900      74.0000      5.02431     0.275637    0.0842938
1998-06-09/09:37:35      100.590     -69.2300      13.5800      69.0000      3.67818     0.358368    0.0599325
1998-06-09/09:37:55      101.560     -68.1800      13.3700      68.0000      2.89320     0.374607    0.0468189
1998-06-09/09:38:14      102.290     -67.1500      13.4200      60.0000      3.98186     0.500000    0.0601858
1998-06-09/09:38:34      102.300     -66.0600      13.7000      80.0000      3.05685     0.173648    0.0525416
1998-06-09/09:38:54      102.590     -64.9200      13.9200      69.0000      4.47342     0.358368    0.0728901
1998-06-09/09:39:15      103.280     -63.9400      13.8000      73.0000      4.31371     0.292372    0.0719987
1998-06-09/09:39:35      103.440     -63.0200      13.3500      64.0000      5.07437     0.438371    0.0796012
1998-06-09/09:39:55      103.080     -62.0900      13.3300      71.0000      6.16223     0.325568     0.101692
1998-06-09/09:40:15      101.980     -61.1000      13.3800      72.0000      2.89541     0.309017    0.0480611
1998-06-09/09:40:35      103.280     -59.6300      13.5400      73.0000      13.1468     0.292372     0.219429
1998-06-09/09:40:55      105.300     -58.2200      13.5100      71.0000      3.72693     0.325568    0.0615033
1998-06-09/09:41:15      106.190     -56.9700      13.5200      78.0000      2.89487     0.207912    0.0494209
1998-06-09/09:41:35      107.070     -55.8200      13.5800      67.0000      1.90709     0.390731    0.0306390
1998-06-09/09:41:55      107.580     -54.9200      13.6900      74.0000      2.68027     0.275637    0.0449674
1998-06-09/09:42:15      108.760     -53.8000      13.6300      70.0000      5.93844     0.342020    0.0973948
1998-06-09/09:42:35      108.640     -53.0200      13.4900      68.0000      3.19789     0.374607    0.0517496
1998-06-09/09:42:55      108.900     -51.8800      13.6100      60.0000      4.47089     0.500000    0.0675775
1998-06-09/09:43:15      109.790     -50.8100      13.6900      63.0000      3.12038     0.453990    0.0485250
1998-06-09/09:43:36      110.210     -49.5100      13.6800      64.0000      3.61512     0.438371    0.0567101
1998-06-09/09:43:56      110.510     -48.4200      13.7700      66.0000      1.64092     0.406737    0.0261634
1998-06-09/09:44:16      110.940     -47.2500      13.8900      65.0000      2.97444     0.422618    0.0470499
1998-06-09/09:44:36      111.290     -46.1000      13.9500      70.0000      3.23959     0.342020    0.0531316
1998-06-09/09:44:56      111.670     -45.0400      13.9800      64.0000      9.95592     0.438371     0.156178
1998-06-09/09:45:16      111.740     -44.0400      14.0600      42.0000      5.97986     0.743145    0.0698360
1998-06-09/09:45:36      112.300     -42.7700      14.0900      58.0000      7.33576     0.529919     0.108578
1998-06-09/09:45:56      112.480     -41.7800      14.1600      68.0000      6.14871     0.374607    0.0995010
1998-06-09/09:46:16      112.320     -40.7100      14.1100      72.0000      2.89541     0.309017    0.0480611
1998-06-09/09:46:37      112.830     -39.6400      13.8600      69.0000      2.88719     0.358368    0.0470440
1998-06-09/09:46:57      113.050     -38.4800      13.6600      69.0000      4.37406     0.358368    0.0712712
1998-06-09/09:47:17      113.100     -37.4100      13.9700      68.0000      2.66344     0.374607    0.0431009
1998-06-09/09:47:37      113.170     -36.3900      13.9600      70.0000      3.23959     0.342020    0.0531316
1998-06-09/09:47:57      113.230     -35.2100      13.8500      65.0000      2.09785     0.422618    0.0331839
1998-06-09/09:48:17      113.440     -34.1300      13.8400      67.0000      1.81141     0.390731    0.0291018
1998-06-09/09:48:37      113.640     -33.0300      13.9700      36.0000      12.9627     0.809017     0.132982
1998-06-09/09:48:57      113.760     -32.0700      14.0100      22.0000      10.9940     0.927184    0.0718801
1998-06-09/09:49:17      113.870     -30.8800      13.8800      32.0000      8.10921     0.848048    0.0750008
1998-06-09/09:49:37      114.210     -29.6900      14.0900      51.0000      7.34587     0.629320    0.0996376
1998-06-09/09:49:57      114.170     -28.6600      13.7900      66.0000      5.99490     0.406737    0.0955849
1998-06-09/09:50:17      114.210     -27.5700      13.7900      69.0000      4.20403     0.358368    0.0685007
1998-06-09/09:50:37      114.300     -26.4400      13.6200      62.0000      6.88610     0.469472     0.106117
1998-06-09/09:50:58      114.360     -25.3600      13.7100      59.0000      9.38932     0.515038     0.140468
1998-06-09/09:51:18      114.310     -24.2200      13.6800      47.0000      8.05910     0.681998     0.102871
1998-06-09/09:51:38      114.380     -23.1400      13.5800      62.0000      4.45875     0.469472    0.0687109
1998-06-09/09:51:58      114.340     -22.1500      13.5800      49.0000      5.41771     0.656059    0.0713630
1998-06-09/09:52:18      114.350     -21.1500      13.5400      56.0000      1.76984     0.559193    0.0256086
1998-06-09/09:52:38      114.440     -20.1500      13.5900      68.0000      2.66344     0.374607    0.0431009
1998-06-09/09:52:58      114.520     -19.1000      13.7600      74.0000      4.06813     0.275637    0.0682518
1998-06-09/09:53:18      114.710     -18.0800      13.7300      68.0000      2.53204     0.374607    0.0409745
1998-06-09/09:53:38      114.760     -17.1200      13.6600      70.0000      3.04196     0.342020    0.0498904
1998-06-09/09:53:58      114.790     -16.0100      13.5900      73.0000      5.39553     0.292372    0.0900550
1998-06-09/09:54:18      114.790     -14.8500      13.5100      78.0000      2.17303     0.207912    0.0370977
1998-06-09/09:54:38      114.750     -13.7600      13.4300      75.0000      9.29244     0.258819     0.156657
1998-06-09/09:54:59      114.520     -12.8000      13.3900      81.0000      2.91341     0.156434    0.0502226
1998-06-09/09:55:19      114.460     -11.5400      15.1200      67.0000      1.94513     0.390731    0.0312501
1998-06-09/09:55:38      114.500     -10.1600      15.3200      58.0000      5.86516     0.529919    0.0868116
1998-06-09/09:55:58      114.630     -8.95000      14.0000      66.0000      2.53069     0.406737    0.0403503
1998-06-09/09:56:18      114.660     -7.92000      14.7200      46.0000      2.62354     0.694658    0.0329381
1998-06-09/09:56:38      114.750     -6.84000      15.0600      49.0000      4.24681     0.656059    0.0559397
1998-06-09/09:56:59      114.730     -6.00000      15.4800      66.0000      8.36336     0.406737     0.133349
1998-06-09/09:57:19      114.770     -4.83000      14.5600      61.0000      4.54485     0.484810    0.0693771
1998-06-09/09:57:39      114.730     -3.82000      13.1100      61.0000      4.06758     0.484810    0.0620916
1998-06-09/09:57:59      114.880     -2.77000      15.7900      73.0000      4.31371     0.292372    0.0719987
1998-06-09/09:58:20      114.960     -1.53000      14.0400      77.0000      3.13465     0.224951    0.0533077
1998-06-09/09:58:40      115.080    -0.290000      13.2800      60.0000      10.7474     0.500000     0.162447
1998-06-09/09:59:00      114.950     0.880000      14.9900      70.0000      3.63450     0.342020    0.0596085
1998-06-09/09:59:20      114.760      1.81000      13.8400      76.0000      3.30191     0.241922    0.0559174
1998-06-09/10:02:00      114.150      10.1800      15.1200      68.0000      2.32941     0.374607    0.0376955
1998-06-09/10:02:21      114.060      11.2100      15.8900      66.0000      1.97323     0.406737    0.0314619
1998-06-09/10:02:41      114.010      12.2600      14.7500      49.0000      4.50733     0.656059    0.0593713
1998-06-09/10:03:01      114.000      13.2800      14.5400      65.0000      7.74852     0.422618     0.122567
1998-06-09/10:03:21      113.880      14.3400      14.1600      20.0000      2.80537     0.939693    0.0167463
1998-06-09/10:03:40      113.570      15.3500      15.2000      45.0000      10.1597     0.707107     0.125384
1998-06-09/10:04:00      113.380      16.4700      14.2900      67.0000      8.14304     0.390731     0.130825
1998-06-09/10:04:20      113.100      17.6400      14.5300      75.0000      4.75772     0.258819    0.0802084
1998-06-09/10:04:40      112.930      18.7800      14.5800      46.0000      8.70322     0.694658     0.109268
1998-06-09/10:05:01      112.800      19.9500      13.8000      38.0000      10.1633     0.788011     0.109208
1998-06-09/10:05:21      112.690      21.0500      13.9400      71.0000      6.39265     0.325568     0.105494
1998-06-09/10:05:41      112.610      22.1900      14.8800      70.0000      25.5614     0.342020     0.419226
1998-06-09/10:06:01      112.520      23.4000      15.4300      79.0000      9.65396     0.190809     0.165398
1998-06-09/10:06:21      112.520      24.4800      15.4000      76.0000      4.36973     0.241922    0.0740007
1998-06-09/10:06:41      112.390      25.5800      10.5500      64.0000      3.75347     0.438371    0.0588804
1998-06-09/10:07:01      112.340      26.7500      8.52000      68.0000      5.62288     0.374607    0.0909918
1998-06-09/10:07:21      112.150      27.8800      11.9500      43.0000      24.0070     0.731354     0.285758
1998-06-09/10:07:41      111.880      28.9900      12.2700      63.0000      8.84343     0.453990     0.137524
1998-06-09/10:08:01      111.590      30.1300      15.1800      53.0000      4.58610     0.601815    0.0639248
1998-06-09/10:08:21      111.400      31.2900      13.7500      45.0000      10.1597     0.707107     0.125384
1998-06-09/10:08:41      111.210      32.4200      19.5800      43.0000      3.38449     0.731354    0.0402860
1998-06-09/10:09:02      111.120      33.4700      21.2200      56.0000      4.07612     0.559193    0.0589792
1998-06-09/10:09:22      111.000      34.4700      17.8800      53.0000      6.55871     0.601815    0.0914207
1998-06-09/10:09:42      110.800      35.5500      17.3700      57.0000      2.86821     0.544639    0.0419836
1998-06-09/10:10:02      110.560      36.5900      14.2100      65.0000      3.93486     0.422618    0.0622418
1998-06-09/10:10:21      110.420      37.6600      15.2800      68.0000      3.35176     0.374607    0.0542396
1998-06-09/10:10:42      110.410      38.7500      15.2700      66.0000      2.53069     0.406737    0.0403503
1998-06-09/10:11:02      110.400      39.8500      14.2800      67.0000      1.94513     0.390731    0.0312501
1998-06-09/10:11:22      110.160      41.0400      15.8000      72.0000      3.00550     0.309017    0.0498885
1998-06-09/10:11:42      109.880      42.2300      14.0000      66.0000      2.42089     0.406737    0.0385996
1998-06-09/10:12:02      109.460      43.4500      14.2700      76.0000      1.57584     0.241922    0.0266866
1998-06-09/10:12:23      108.860      44.6800      15.7600      66.0000      1.53310     0.406737    0.0244443
1998-06-09/10:12:43      107.990      45.8600      16.3000      73.0000      9.27993     0.292372     0.154888
1998-06-09/10:13:02      107.250      47.0200      16.3200      68.0000      3.35176     0.374607    0.0542396
1998-06-09/10:13:22      106.610      48.2800      16.3500      64.0000      4.53078     0.438371    0.0710740
1998-06-09/10:13:42      105.910      49.5200      14.9200      60.0000      3.85064     0.500000    0.0582024
1998-06-09/10:14:02      105.250      50.7600      13.7500      69.0000      2.35372     0.358368    0.0383516
1998-06-09/10:14:22      104.430      52.0700      13.9600      72.0000      2.56265     0.309017    0.0425376
1998-06-09/10:14:43      104.030      53.2000      14.1300      72.0000      2.56265     0.309017    0.0425376
1998-06-09/10:15:03      102.860      54.4400      14.3400      74.0000      3.09738     0.275637    0.0519653
1998-06-09/11:36:41      102.650     -66.0300      14.5000      80.0000      4.47393     0.173648    0.0768985
1998-06-09/11:37:01      104.270     -64.8900      14.3800      81.0000      5.00329     0.156434    0.0862488
1998-06-09/11:37:22      105.450     -63.6300      14.1900      77.0000      2.28924     0.224951    0.0389307
1998-06-09/11:37:42      106.230     -62.5000      14.2600      65.0000      9.16334     0.422618     0.144946
1998-06-09/11:38:02      106.430     -61.5700      14.3600      82.0000      5.90919     0.139173     0.102131
1998-06-09/11:38:22      107.650     -60.2900      14.3500      70.0000      3.28169     0.342020    0.0538221
1998-06-09/11:38:41      108.520     -59.0000      14.1300      87.0000      2.51267    0.0523359    0.0437943
1998-06-09/11:39:01      109.060     -57.7900      14.4200      60.0000      3.85064     0.500000    0.0582024
1998-06-09/11:39:22      109.380     -56.6900      14.4600      78.0000      1.78652     0.207912    0.0304993
1998-06-09/11:39:42      109.810     -55.5900      14.4800      63.0000      3.77145     0.453990    0.0586498
1998-06-09/11:40:02      110.340     -54.3800      14.3600      61.0000      3.10994     0.484810    0.0474732
1998-06-09/11:40:22      110.530     -53.3100      14.5300      68.0000      5.27078     0.374607    0.0852939
1998-06-09/11:40:42      110.490     -52.2500      14.6200      60.0000      4.13137     0.500000    0.0624456
1998-06-09/11:41:02      110.270     -51.1300      14.6100      66.0000      1.87336     0.406737    0.0298696
1998-06-09/11:41:22      110.020     -50.0300      14.4900      60.0000      5.18222     0.500000    0.0783292
1998-06-09/11:41:42      110.750     -48.7600      14.2700      56.0000      2.68240     0.559193    0.0388128
1998-06-09/11:42:02      111.220     -47.5800      14.2400      72.0000      7.31677     0.309017     0.121452
1998-06-09/11:42:22      111.630     -46.4900      14.3300      74.0000      5.24147     0.275637    0.0879371
1998-06-09/11:42:42      111.840     -45.4400      14.4200      58.0000      7.33576     0.529919     0.108578
1998-06-09/11:43:02      111.990     -44.4200      14.4300      53.0000      6.55871     0.601815    0.0914207
1998-06-09/11:43:22      112.240     -43.2600      14.4100      56.0000      4.92552     0.559193    0.0712695
1998-06-09/11:43:43      112.280     -42.0600      13.9100      66.0000      5.21823     0.406737    0.0832014
1998-06-09/11:44:03      112.390     -40.8900      14.1000      74.0000      6.17242     0.275637     0.103556
1998-06-09/11:44:23      112.500     -39.8300      14.2800      88.0000      20.6698    0.0348994     0.360536
1998-06-09/11:44:43      112.550     -38.8400      14.3600      65.0000      4.72533     0.422618    0.0747455
1998-06-09/11:45:03      112.830     -37.6300      14.4100      69.0000      3.67818     0.358368    0.0599325
1998-06-09/11:45:23      112.750     -36.6000      14.3600      62.0000      4.15842     0.469472    0.0640827
1998-06-09/11:45:43      112.600     -35.4600      14.2300      66.0000      3.71143     0.406737    0.0591764
1998-06-09/11:46:03      112.660     -34.2400      14.2200      59.0000      8.61405     0.515038     0.128870
1998-06-09/11:47:44      113.340     -28.6100      14.2800      50.0000      11.5301     0.642788     0.154157
1998-06-09/11:48:04      113.650     -27.4700      14.3200      38.0000      13.7746     0.788011     0.148012
1998-06-09/11:48:24      113.800     -26.3600      14.4400      51.0000      10.8989     0.629320     0.147830
1998-06-09/11:48:44      113.940     -25.3400      14.3500      53.0000      6.22073     0.601815    0.0867096
1998-06-09/11:49:04      114.000     -24.1800      14.3700      33.0000      6.03401     0.838671    0.0573578
1998-06-09/11:49:24      114.130     -23.1400      14.4400      53.0000      6.55871     0.601815    0.0914207
1998-06-09/11:49:44      114.230     -22.1400      14.5600      64.0000      3.16159     0.438371    0.0495956
1998-06-09/11:50:04      114.330     -21.1100      14.4500      55.0000      3.61780     0.573576    0.0517233
1998-06-09/11:50:24      114.320     -19.9700      14.3600      58.0000      3.90478     0.529919    0.0577956
1998-06-09/11:50:45      114.410     -18.7700      14.2800      65.0000      3.55449     0.422618    0.0562251
1998-06-09/11:51:05      114.580     -17.7700      14.0900      57.0000      3.03619     0.544639    0.0444424
1998-06-09/11:51:25      114.460     -16.8300      14.1100      66.0000      1.69368     0.406737    0.0270047
1998-06-09/11:51:45      114.490     -15.7500      14.2000      49.0000      7.72989     0.656059     0.101819
1998-06-09/11:52:04      114.340     -14.6400      14.3000      36.0000      5.63087     0.809017    0.0577659
1998-06-09/11:52:24      114.370     -13.6200      14.1200      57.0000      9.83224     0.544639     0.143920
1998-06-09/11:52:44      114.220     -12.4700      14.0400      66.0000      3.25485     0.406737    0.0518966
1998-06-09/11:53:04      114.170     -11.4100      14.1900      55.0000      3.18371     0.573576    0.0455172
1998-06-09/11:53:25      114.050     -10.4400      14.3800      54.0000      2.35709     0.587785    0.0332821
1998-06-09/11:53:45      113.950     -9.26000      14.0500      58.0000      2.63036     0.529919    0.0389326
1998-06-09/11:54:05      113.890     -8.20000      14.1400      57.0000      3.33634     0.544639    0.0488359
1998-06-09/11:54:25      114.110     -6.85000      14.1100      47.0000      9.52931     0.681998     0.121637
1998-06-09/11:54:46      114.240     -5.73000      13.9300      57.0000      3.03619     0.544639    0.0444424
1998-06-09/11:55:06      114.220     -4.73000      13.9300      57.0000      21.3608     0.544639     0.312670
1998-06-09/11:55:26      114.240     -3.70000      13.8100      56.0000      2.17132     0.559193    0.0314178
1998-06-09/11:59:47      114.160      10.6500      13.8500      59.0000      6.07296     0.515038    0.0908539
1998-06-09/12:00:06      114.050      11.6500      13.6600      53.0000      6.99875     0.601815    0.0975543
1998-06-09/12:00:27      114.040      12.7700      13.8600      43.0000      3.05713     0.731354    0.0363894
1998-06-09/12:00:47      113.880      13.8000      13.9400      27.0000      13.1488     0.891007     0.104186
1998-06-09/12:01:07      113.530      14.9300      13.9900      21.0000      17.7407     0.933580     0.110963
1998-06-09/12:01:27      113.190      15.9700      14.1700      35.0000      10.4268     0.819152     0.104381
1998-06-09/12:01:47      112.850      17.0700      14.1800      60.0000      4.89643     0.500000    0.0740095
1998-06-09/12:02:07      112.460      18.2800      13.9000      47.0000      3.63051     0.681998    0.0463418
1998-06-09/12:02:27      112.230      19.1500      13.8700      36.0000      2.85718     0.809017    0.0293112
1998-06-09/12:02:47      112.180      20.1900      14.3900      34.0000      30.0488     0.829038     0.293269
1998-06-09/12:03:07      112.120      21.2100      13.2100      44.0000      20.6726     0.719340     0.250636
1998-06-09/12:03:27      111.870      22.3300      15.0500      59.0000      5.62883     0.515038    0.0842095
1998-06-09/12:06:09      107.650      31.9100      15.0400      52.0000      8.22300     0.615661     0.113094
1998-06-09/12:06:29      106.490      33.5200      14.0200      48.0000      5.91848     0.669131    0.0767646
1998-06-09/12:06:48      106.210      33.9900      14.0400      66.0000      2.02531     0.406737    0.0322923
1998-06-09/12:07:08      102.930      36.7400      13.9300      49.0000      7.72989     0.656059     0.101819
1998-06-09/12:07:28      102.610      37.8100      12.0900      45.0000      20.5334     0.707107     0.253410
1998-06-09/12:07:48      100.310      39.5300      14.5000      61.0000      5.35676     0.484810    0.0817709
1998-06-09/12:08:09      100.850      40.5400      15.6000      65.0000      3.75034     0.422618    0.0593231
1998-06-09/12:08:29      101.630      41.1100      13.2900      66.0000      3.25485     0.406737    0.0518966
1998-06-09/12:08:49      102.070      41.9000      12.6800      70.0000      3.11900     0.342020    0.0511539
1998-06-09/13:46:50      107.250     -22.8800      14.3200      60.0000      7.49223     0.500000     0.113245
1998-06-09/13:47:11      106.660     -21.7200      14.9000      59.0000      5.88799     0.515038    0.0880866
1998-06-09/13:47:31      103.950     -19.7600      13.5000      61.0000      4.98984     0.484810    0.0761699
1998-06-09/13:47:51      108.130     -19.3400      12.0000      57.0000      2.86821     0.544639    0.0419836
1998-06-09/13:48:11      109.730     -18.4100      14.9800      55.0000      3.61780     0.573576    0.0517233
1998-06-09/13:48:31      106.160     -15.6800      15.9400      50.0000      5.15548     0.642788    0.0689288
1998-06-09/13:49:31      108.050     -17.3700      15.5300      67.0000      1.94513     0.390731    0.0312501
1998-06-09/13:49:51      109.350     -15.7300      10.8900      70.0000      2.75142     0.342020    0.0451253
1998-06-09/13:50:11      110.520     -13.8900      15.3300      65.0000      3.21946     0.422618    0.0509256
1998-06-09/13:50:31      109.620     -12.5600      15.6700      71.0000      3.12735     0.325568    0.0516088
1998-06-09/13:50:51      110.610     -11.4400      14.2500      75.0000      2.85144     0.258819    0.0480712
1998-06-09/13:51:12      109.610     -10.2000      15.5400      72.0000      2.80513     0.309017    0.0465625
1998-06-09/13:51:32      109.520     -8.85000      23.6700      64.0000      4.24559     0.438371    0.0666002
1998-06-09/13:51:52      109.340     -7.41000      15.8100      58.0000      3.13232     0.529919    0.0463622
1998-06-09/13:52:12      107.460     -6.37000      14.3200      59.0000      2.81804     0.515038    0.0421590
1998-06-09/13:52:31      105.360     -5.86000      13.5600      64.0000      2.55251     0.438371    0.0400410
1998-06-09/13:52:51      107.090     -5.18000      13.5200      64.0000      3.00722     0.438371    0.0471740
1998-06-09/13:53:11      108.920     -4.05000      14.0300      66.0000      1.74178     0.406737    0.0277716
1998-06-09/13:53:31      108.590     -2.65000      12.1000      61.0000      3.56851     0.484810    0.0544733
1998-06-09/13:53:52      109.110     -1.71000      13.6000      62.0000      4.15842     0.469472    0.0640827
1998-06-09/13:54:12      109.550    -0.760000      18.1200      60.0000      2.87886     0.500000    0.0435140
1998-06-09/13:54:32      110.180     0.330000      18.0700      61.0000      4.06758     0.484810    0.0620916
1998-06-09/13:54:52      110.370      1.71000      18.7200      65.0000      2.85912     0.422618    0.0452257
1998-06-09/14:47:03      293.510      21.2600      17.1400      98.0000      4.60170     0.139173    0.0795332
1998-06-09/14:47:24      294.110      18.8600      14.6700      131.000      7.10549     0.656059    0.0935947
1998-06-09/14:47:44      293.270      16.7500      16.5200      125.000      21.8278     0.573576     0.312070
1998-06-09/14:48:04      293.580      16.7900      17.3200      128.000      8.87976     0.615661     0.122127
1998-06-09/14:48:24      293.690      16.1400      15.0900      115.000      8.55196     0.422618     0.135275
1998-06-09/14:48:45      293.120      15.0300      14.2300      112.000      4.85743     0.374607    0.0786049
1998-06-09/14:50:04      294.480      11.7200      14.8000      98.0000      5.65160     0.139173    0.0976791
1998-06-09/14:50:24      293.990      11.2600      14.8400      132.000      4.84587     0.669131    0.0628525
1998-06-09/14:50:44      293.820      10.6000      14.9400      142.000      4.39176     0.788011    0.0471909
1998-06-09/14:51:04      292.830      9.59000      14.3800      99.0000      3.10816     0.156434    0.0535798
1998-06-09/14:51:25      291.400      9.16000      14.9900      111.000      2.89320     0.358368    0.0471420
1998-06-09/14:51:45      290.410      8.62000      14.3800      117.000      4.56993     0.453991    0.0710670
1998-06-09/14:52:05      291.130      7.87000      14.8900      121.000      3.31091     0.515038    0.0495325
1998-06-09/14:52:25      291.220      7.49000      14.7700      120.000      9.72750     0.500000     0.147031
1998-06-09/14:53:05      293.720      3.77000      14.6200      101.000      2.28375     0.190809    0.0391266
1998-06-09/14:54:25      293.850    -0.800000      14.2600      110.000      3.07254     0.342020    0.0503919
1998-06-09/14:54:45      291.870     -3.02000      14.2800      99.0000      2.70037     0.156434    0.0465501
1998-06-09/14:55:26      289.160     -7.46000      14.3400      101.000      6.40089     0.190809     0.109664
1998-06-09/14:57:46      287.920     -16.9700      14.5400      107.000      4.13682     0.292372    0.0690463
1998-06-09/14:58:06      289.580     -15.3600      14.5600      118.000      4.34637     0.469472    0.0669791
1998-06-09/14:58:27      287.610     -16.2500      14.3400      101.000      2.52565     0.190809    0.0432710
1998-06-09/14:58:47      287.040     -16.8100      14.1600      101.000      2.66120     0.190809    0.0455933
1998-06-09/14:59:07      285.610     -19.1500      14.1100      107.000      3.33396     0.292372    0.0556460
1998-06-09/14:59:27      286.150     -19.5600      14.4100      121.000      2.49214     0.515038    0.0372834
1998-06-09/14:59:47      284.500     -20.8900      14.5500      119.000      3.17715     0.484810    0.0484992
1998-06-09/15:00:07      282.530     -22.6300      14.2700      118.000      3.30730     0.469472    0.0509666
1998-06-09/15:04:27      278.250     -38.4300      14.2500      118.000      3.30730     0.469472    0.0509666
1998-06-09/15:04:48      283.440     -37.2200      14.2400      101.000      1.78652     0.190809    0.0306078
1998-06-09/16:44:30      288.680      22.7300      14.1700      100.000      2.37992     0.173648    0.0409064
1998-06-09/16:44:50      289.670      20.5600      13.4700      106.000      5.01508     0.275637    0.0841389
1998-06-09/16:45:11      288.980      20.0700      13.7600      99.0000      3.05685     0.156434    0.0526952
1998-06-09/16:45:31      289.210      19.9500      14.1700      96.0000      2.40437     0.104529    0.0417343
1998-06-09/16:45:51      288.320      19.2000      14.2600      92.0000      1.80828    0.0348995    0.0315412
1998-06-09/16:46:11      288.460      18.3300      14.5100      103.000      1.83560     0.224951    0.0312162
1998-06-09/16:46:30      289.000      16.4900      14.5900      99.0000      2.78112     0.156434    0.0479421
1998-06-09/16:46:51      289.730      14.7300      14.6100      94.0000      3.67169    0.0697566    0.0639270
1998-06-09/16:47:11      289.130      13.4700      14.5100      100.000      2.93754     0.173648    0.0504908
1998-06-09/16:47:31      288.110      12.5200      14.2900      104.000      3.37305     0.241922    0.0571221
1998-06-09/16:47:51      288.080      11.3400      14.3600      105.000      3.40585     0.258819    0.0574178
1998-06-09/16:48:11      288.610      10.1700      14.4700      126.000      2.78934     0.587785    0.0393855
1998-06-09/16:48:31      288.960      9.41000      14.4400      111.000      2.37731     0.358368    0.0387360
1998-06-09/16:48:51      288.920      8.29000      14.4300      98.0000      3.43655     0.139173    0.0593954
1998-06-09/16:50:31      289.070      2.96000      14.4200      105.000      4.42859     0.258819    0.0746598
1998-06-09/16:50:51      288.730      1.73000      14.3900      102.000      1.92393     0.207912    0.0328451
1998-06-09/16:51:12      288.330     0.820000      14.5200      95.0000      2.86062    0.0871559    0.0497372
1998-06-09/16:51:32      288.120    0.0700000      14.5700      99.0000      2.49419     0.156434    0.0429959
1998-06-09/16:51:52      288.280    -0.870000      14.6800      100.000      2.08986     0.173648    0.0359208
1998-06-09/16:52:12      287.840     -2.30000      14.5800      101.000      1.68212     0.190809    0.0288191
1998-06-09/16:52:32      287.150     -3.95000      14.5700      104.000      3.55530     0.241922    0.0602085
1998-06-09/16:52:53      284.900     -5.60000      14.5900      104.000      2.26526     0.241922    0.0383619
1998-06-09/17:01:14      281.980     -30.8300      14.6700      70.0000      2.46527     0.342020    0.0404322
1998-06-09/17:01:34      282.410     -32.4000      14.7600      70.0000      2.51082     0.342020    0.0411793
1998-06-09/17:01:54      280.930     -33.9700      14.7100      71.0000      2.72086     0.325568    0.0449008
1998-06-09/17:02:35      279.590     -36.0000      14.4800      67.0000      1.68015     0.390731    0.0269930
1998-06-09/17:02:55      279.260     -36.3900      14.5000      72.0000      2.19297     0.309017    0.0364013
1998-06-09/17:03:15      281.930     -37.1300      14.4900      75.0000      1.91551     0.258819    0.0322928
1998-06-09/17:03:35      282.100     -37.9500      14.9600      77.0000      1.31060     0.224951    0.0222880
1998-06-09/17:03:54      282.310     -38.8300      14.6600      74.0000      2.24074     0.275637    0.0375933
1998-06-09/17:04:14      282.450     -39.8500      14.2800      71.0000      2.25162     0.325568    0.0371572
1998-06-09/17:04:34      282.540     -40.8800      14.4800      73.0000      2.76827     0.292372    0.0462043
1998-06-09/17:04:54      282.190     -41.8300      14.4100      71.0000      2.51776     0.325568    0.0415491
1998-06-09/17:05:15      280.530     -42.8900      14.2500      75.0000      3.45956     0.258819    0.0583233
1998-06-09/17:05:35      279.820     -43.9500      14.2500      71.0000      4.32231     0.325568    0.0713285
1998-06-09/17:05:55      278.320     -45.0400      14.2100      71.0000      3.35424     0.325568    0.0553531
1998-06-09/17:06:15      278.080     -45.9400      14.0600      70.0000      3.50897     0.342020    0.0575497
1998-06-09/17:06:36      278.370     -46.8000      14.1900      68.0000      5.62288     0.374607    0.0909918
1998-06-09/17:06:56      277.970     -47.7500      14.2600      70.0000      4.71565     0.342020    0.0773401
1998-06-09/17:07:16      277.210     -48.6500      14.1400      74.0000      4.06813     0.275637    0.0682518
1998-06-09/17:07:36      275.020     -49.6300      14.1800      72.0000      6.45796     0.309017     0.107196
1998-06-09/17:33:02      96.1600     -58.3300      14.4500      114.000      1.76200     0.406737    0.0280940
1998-06-09/17:33:42      96.5800     -55.7800      14.3100      115.000      2.15278     0.422618    0.0340528
1998-06-09/17:34:02      100.520     -54.3100      14.2200      112.000      1.42458     0.374607    0.0230531
1998-06-09/17:34:22      100.030     -52.7100      14.2000      115.000      2.15278     0.422618    0.0340528
1998-06-09/17:34:42      102.820     -51.5000      14.1600      114.000      1.51041     0.406737    0.0240825
1998-06-09/17:35:02      102.450     -50.5300      14.1100      120.000      2.81804     0.500000    0.0425947
1998-06-09/17:35:22      102.280     -49.7200      14.1400      128.000      4.45622     0.615661    0.0612881
1998-06-09/17:35:42      102.710     -48.8400      14.0100      130.000      3.24964     0.642788    0.0434477
1998-06-09/17:36:02      103.870     -47.7200      14.0700      125.000      1.84329     0.573576    0.0263533
1998-06-09/17:36:22      105.250     -46.8000      14.2400      124.000      1.55036     0.559193    0.0224328
1998-06-09/17:36:42      107.320     -45.7500      10.0700      126.000      2.17909     0.587785    0.0307688
1998-06-09/17:37:02      106.540     -43.9900      9.83000      120.000      2.68786     0.500000    0.0406270
1998-06-09/17:37:22      105.680     -42.8600      9.67000      120.000      2.61527     0.500000    0.0395298
1998-06-09/17:37:42      104.870     -42.0400      9.75000      121.000      2.49214     0.515038    0.0372834
1998-06-09/17:38:03      104.730     -41.0800      9.51000      121.000      2.63036     0.515038    0.0393512
1998-06-09/17:38:23      104.910     -40.0300      9.69000      126.000      2.65970     0.587785    0.0375550
1998-06-09/17:38:43      104.990     -38.7100      9.80000      125.000      2.41496     0.573576    0.0345264
1998-06-09/17:39:03      105.740     -37.4500      9.74000      118.000      2.18262     0.469472    0.0336349
1998-06-09/17:39:24      106.240     -36.2500      9.79000      116.000      2.15172     0.438371    0.0337538
1998-06-09/17:39:44      106.250     -35.1800      9.85000      119.000      2.45967     0.484810    0.0375468
1998-06-09/17:40:03      106.590     -33.9200      9.81000      123.000      1.64087     0.544639    0.0240183
1998-06-09/17:40:23      107.790     -32.4900      9.48000      128.000      2.59154     0.615661    0.0356424
1998-06-09/17:40:43      108.270     -31.3600      9.32000      125.000      1.71507     0.573576    0.0245202
1998-06-09/17:41:03      108.570     -30.2100      9.37000      124.000      1.43726     0.559193    0.0207963
1998-06-09/17:41:24      108.710     -29.2200      9.26000      131.000      3.97424     0.656059    0.0523494
1998-06-09/17:41:44      108.230     -28.5100      9.17000      128.000      3.17442     0.615661    0.0436590
1998-06-09/17:42:04      108.010     -27.9300      9.12000      129.000      3.48074     0.629321    0.0472119
1998-06-09/17:42:24      109.590     -26.7800      9.28000      126.000      3.29175     0.587785    0.0464795
1998-06-09/17:42:44      110.170     -25.3500      9.50000      133.000      2.27454     0.681998    0.0290334
1998-06-09/17:43:04      110.440     -24.1500      9.32000      129.000      2.31269     0.629321    0.0313688
1998-06-09/17:43:24      110.150     -23.0500      7.65000      131.000      2.94219     0.656059    0.0387550
1998-06-09/17:43:45      109.940     -21.9500      6.94000      148.000      3.35179     0.848048    0.0310001
1998-06-09/17:44:04      109.760     -20.9300      7.10000      125.000      1.84329     0.573576    0.0263533
1998-06-09/17:44:24      109.670     -19.8400      7.06000      133.000      2.38774     0.681998    0.0304784
1998-06-09/17:44:44      109.530     -18.6500      8.85000      129.000      3.95825     0.629321    0.0536887
1998-06-09/17:45:04      109.370     -17.4500      9.55000      121.000      2.56239     0.515038    0.0383344
1998-06-09/17:45:25      109.530     -16.3200      9.35000      120.000      3.05288     0.500000    0.0461443
1998-06-09/17:45:45      109.070     -15.3900      9.16000      120.000      2.92475     0.500000    0.0442076
1998-06-09/17:46:05      108.810     -14.4500      9.28000      116.000      3.34944     0.438371    0.0525424
1998-06-09/17:46:25      108.800     -13.5000      9.34000      135.000      2.00488     0.707107    0.0247429
1998-06-09/17:46:44      108.880     -12.2700      9.22000      142.000      5.10555     0.788011    0.0548608
1998-06-09/17:47:04      109.130     -11.0400      9.81000      126.000      2.54888     0.587785    0.0359902
1998-06-09/17:47:24      109.240     -9.82000      9.93000      127.000      2.82921     0.601815    0.0394358
1998-06-09/17:47:45      109.550     -8.60000      9.70000      128.000      2.71384     0.615661    0.0373245
1998-06-09/17:48:05      109.580     -7.33000      9.68000      128.000      4.62609     0.615661    0.0636244
1998-06-09/17:48:25      109.500     -6.17000      9.29000      126.000      3.07954     0.587785    0.0434831
1998-06-09/17:48:45      109.450     -5.15000      9.30000      127.000      3.96993     0.601815    0.0553361
1998-06-09/17:49:05      109.320     -4.21000      9.31000      121.000      3.04718     0.515038    0.0455870
1998-06-09/17:49:26      109.340     -3.08000      9.04000      122.000      2.66196     0.529919    0.0394003
1998-06-09/17:49:46      109.300     -2.08000      9.56000      121.000      2.35910     0.515038    0.0352931
1998-06-09/17:50:06      109.150    -0.920000      9.54000      125.000      2.63929     0.573576    0.0377337
1998-06-09/17:50:26      108.480     0.170000      9.70000      125.000      1.78161     0.573576    0.0254715
1998-06-09/17:50:45      108.060      1.14000      9.81000      116.000      3.34944     0.438371    0.0525424
1998-06-09/17:51:05      107.430      2.12000      9.93000      114.000      1.67200     0.406737    0.0266590
1998-06-09/17:51:25      106.630      3.10000      9.71000      116.000      2.61791     0.438371    0.0410669
1998-06-09/17:51:46      105.530      4.09000      9.61000      117.000      2.58715     0.453991    0.0402328
1998-06-09/17:52:06      103.030      5.52000      9.75000      125.000      2.01076     0.573576    0.0287476
1998-06-09/17:52:26      105.550      6.55000      10.0200      115.000      2.36999     0.422618    0.0374886
1998-06-09/17:52:46      106.790      7.29000      9.95000      115.000      1.94748     0.422618    0.0308053
1998-06-09/17:53:06      107.800      7.93000      9.79000      109.000      3.04196     0.325568    0.0501997
1998-06-09/17:53:27      107.320      8.98000      10.0200      110.000      2.73958     0.342020    0.0449311
1998-06-09/17:53:47      107.610      10.0400      10.1700      92.0000      10.4004    0.0348995     0.181411
1998-06-09/17:54:07      107.820      11.2100      9.79000      146.000      28.3908     0.829038     0.277087
1998-06-09/17:54:27      108.450      12.3600      9.29000      122.000      3.96800     0.529919    0.0587313
1998-06-09/17:54:47      109.050      13.3900      9.53000      132.000      7.76444     0.669131     0.100707
1998-06-09/17:55:07      109.610      14.4200      9.66000      121.000      5.24339     0.515038    0.0784432
1998-06-09/17:55:27      109.390      15.3900      9.72000      92.0000      7.99527    0.0348995     0.139459
1998-06-09/17:55:47      109.080      16.7900      9.69000      126.000      2.90571     0.587785    0.0410286
1998-06-09/17:56:07      108.730      17.9500      9.64000      133.000      2.91887     0.681998    0.0372580
1998-06-09/17:56:27      108.980      18.9600      10.1600      124.000      1.94146     0.559193    0.0280918
1998-06-09/17:56:47      109.230      20.0800      10.0300      113.000      1.87336     0.390731    0.0300971
1998-06-09/17:57:07      109.490      20.7100      10.3400      105.000      4.30197     0.258819    0.0725251
1998-06-09/17:57:27      110.090      21.7100      9.39000      120.000      7.06002     0.500000     0.106712
1998-06-09/17:57:47      109.960      23.1500      9.60000      91.0000      20.6698    0.0174525     0.360701
1998-06-09/17:58:07      109.280      24.3400      9.68000      113.000      5.21823     0.390731    0.0838352
1998-06-09/17:58:27      108.450      25.7800      9.41000      104.000      2.74456     0.241922    0.0464787
1998-06-09/17:58:48      107.640      27.1900      8.90000      121.000      3.04718     0.515038    0.0455870
1998-06-09/17:59:08      106.860      28.4600      9.46000      117.000      2.93155     0.453991    0.0455885
1998-06-09/17:59:28      106.380      29.6100      9.34000      120.000      2.92475     0.500000    0.0442076
1998-06-09/17:59:48      106.200      30.8700      9.60000      123.000      1.64087     0.544639    0.0240183
1998-06-09/18:00:08      105.920      32.1000      9.60000      121.000      2.42035     0.515038    0.0362094
1998-06-09/18:00:29      105.850      33.0900      9.59000      114.000      1.85548     0.406737    0.0295845
1998-06-09/18:00:49      106.030      34.2700      9.67000      137.000      3.41887     0.731354    0.0406952
1998-06-09/18:01:09      105.640      35.2600      9.58000      118.000      2.71868     0.469472    0.0418958
1998-06-09/18:01:28      104.740      36.1100      9.54000      120.000      2.81804     0.500000    0.0425947
1998-06-09/18:01:48      105.920      36.4700      9.36000      103.000      2.32163     0.224951    0.0394816
1998-06-09/18:02:08      105.100      37.6700      9.67000      117.000      4.00009     0.453991    0.0622054
1998-06-09/18:02:28      105.250      38.6200      9.88000      119.000      2.87886     0.484810    0.0439458
1998-06-09/18:02:49      105.450      39.6900      9.45000      127.000      2.92358     0.601815    0.0407513
1998-06-09/18:03:09      105.490      40.5700      9.51000      122.000      2.56560     0.529919    0.0379740
1998-06-09/18:03:29      106.980      41.6000      9.42000      151.000      5.15647     0.874620    0.0436316
1998-06-09/18:03:49      108.020      43.0200      8.26000      122.000      2.09344     0.529919    0.0309855
1998-06-09/18:04:08      108.140      43.5700      8.92000      118.000      2.71868     0.469472    0.0418958
1998-06-09/18:04:28      110.060      44.8200      8.87000      102.000      2.45751     0.207912    0.0419544
1998-06-09/18:40:36      281.680      31.9900      8.16000      118.000      2.91367     0.469472    0.0449007
1998-06-09/18:40:56      283.880      30.7100      9.81000      123.000      1.71277     0.544639    0.0250708
1998-06-09/18:41:16      284.770      29.5800      9.30000      130.000      3.76166     0.642788    0.0502934
1998-06-09/18:41:37      284.590      28.5000      8.96000      117.000      2.93155     0.453991    0.0455885
1998-06-09/18:41:57      284.060      27.6200      9.16000      120.000      2.31453     0.500000    0.0349841
1998-06-09/18:42:17      283.700      26.7000      9.44000      122.000      1.99687     0.529919    0.0295561
1998-06-09/18:42:37      283.630      25.7200      8.78000      122.000      2.26089     0.529919    0.0334640
1998-06-09/18:42:56      283.430      24.7700      9.30000      128.000      3.17442     0.615661    0.0436590
1998-06-09/18:43:16      283.920      23.4500      9.27000      122.000      1.78902     0.529919    0.0264797
1998-06-09/18:43:36      284.250      22.1300      9.77000      116.000      3.12038     0.438371    0.0489491
1998-06-09/18:43:57      284.650      20.8100      9.08000      119.000      2.34718     0.484810    0.0358297
1998-06-09/18:44:17      284.890      19.4700      8.98000      127.000      2.74226     0.601815    0.0382239
1998-06-09/18:44:37      285.550      17.9500      9.16000      121.000      2.75133     0.515038    0.0411610
1998-06-09/18:44:57      285.780      16.8300      8.66000      121.000      2.63036     0.515038    0.0393512
1998-06-09/18:45:17      285.700      15.6000      8.36000      117.000      2.31939     0.453991    0.0360688
1998-06-09/18:45:38      285.700      14.4300      8.72000      123.000      3.84539     0.544639    0.0562871
1998-06-09/18:45:58      285.560      13.3700      7.74000      117.000      22.6838     0.453991     0.352756
1998-06-09/18:46:18      285.640      12.1000      6.90000      121.000      9.31718     0.515038     0.139389
1998-06-09/18:46:38      285.540      11.1300      7.62000      123.000      23.1802     0.544639     0.339302
1998-06-09/18:46:58      285.780      9.98000      8.38000      119.000      23.7264     0.484810     0.362183
1998-06-09/18:47:18      285.890      8.64000      8.88000      121.000      19.9174     0.515038     0.297973
1998-06-09/18:47:38      285.690      7.40000      8.24000      117.000      22.6838     0.453991     0.352756
1998-06-09/18:47:58      285.660      6.15000      7.64000      115.000      22.3924     0.422618     0.354204
1998-06-09/18:48:18      285.850      4.93000      7.93000      116.000      6.46327     0.438371     0.101389
1998-06-09/18:48:38      286.360      3.75000      8.34000      115.000      1.86319     0.422618    0.0294720
1998-06-09/18:48:58      286.640      2.62000      8.55000      112.000      1.42458     0.374607    0.0230531
1998-06-09/18:49:18      287.050      1.62000      8.44000      114.000      1.44377     0.406737    0.0230200
1998-06-09/18:49:38      287.530     0.460000      8.39000      115.000      1.94748     0.422618    0.0308053
1998-06-09/18:49:58      287.360    -0.960000      8.56000      110.000      2.12442     0.342020    0.0348420
1998-06-09/18:50:18      287.200     -2.16000      8.54000      110.000      2.20291     0.342020    0.0361293
1998-06-09/18:50:38      287.180     -3.28000      8.39000      104.000      1.91551     0.241922    0.0324389
1998-06-09/18:50:59      287.130     -4.45000      8.30000      103.000      1.37376     0.224951    0.0233621
1998-06-09/18:51:19      287.000     -5.64000      8.35000      99.0000      2.00340     0.156434    0.0345354
1998-06-09/18:51:39      286.660     -6.43000      8.21000      101.000      1.27428     0.190809    0.0218318
1998-06-09/18:51:59      287.160     -7.38000      8.14000      103.000      1.42981     0.224951    0.0243153
1998-06-09/18:52:19      287.580     -8.67000      8.23000      104.000      1.81482     0.241922    0.0307337
1998-06-09/18:52:40      287.770     -9.92000      8.18000      112.000      3.38726     0.374607    0.0548140
1998-06-09/18:53:00      287.900     -11.0700      8.44000      106.000      2.31977     0.275637    0.0389192
1998-06-09/18:53:20      287.670     -11.8100      8.43000      107.000      2.31438     0.292372    0.0386285
1998-06-09/18:53:39      287.490     -12.9500      8.41000      114.000      1.94222     0.406737    0.0309675
1998-06-09/18:53:59      287.730     -14.1300      8.43000      102.000      1.19059     0.207912    0.0203256
1998-06-09/18:54:19      287.980     -15.5600      8.33000      96.0000      2.79431     0.104529    0.0485027
1998-06-09/18:54:39      288.360     -16.8200      8.30000      92.0000      1.97205    0.0348995    0.0343978
1998-06-09/18:55:00      287.120     -17.2100      8.25000      108.000      2.72086     0.309017    0.0451637
1998-06-09/18:55:20      287.010     -19.5100      8.19000      126.000      3.91933     0.587785    0.0553410
1998-06-09/18:55:40      287.650     -20.7000      8.18000      103.000      3.09582     0.224951    0.0526474
1998-06-09/18:56:40      289.000     -25.4700      8.18000      97.0000      3.17298     0.121869    0.0549662
1998-06-09/18:57:01      288.430     -26.0000      8.28000      102.000      3.60088     0.207912    0.0614738
1998-06-09/18:57:21      286.510     -28.6900      6.23000      136.000      5.60432     0.719340    0.0679472
1998-06-09/18:57:40      286.300     -29.3600      6.66000      133.000      4.09574     0.681998    0.0522802
1998-06-09/18:58:00      284.700     -29.6800      7.02000      103.000      2.80807     0.224951    0.0477539
1998-06-09/18:58:20      283.250     -29.8300      7.51000      105.000      3.48493     0.258819    0.0587510
1998-06-09/18:58:40      283.150     -33.1600      8.32000      131.000      3.97424     0.656059    0.0523494
1998-06-09/18:59:01      281.560     -35.8200      8.48000      124.000      3.18371     0.559193    0.0460665
1998-06-09/18:59:21      286.220     -33.2800      8.38000      100.000      2.37992     0.173648    0.0409064
1998-06-09/18:59:41      288.260     -33.5100      8.53000      124.000      1.94146     0.559193    0.0280918
1998-06-09/19:00:01      289.470     -34.2200      8.38000      117.000      2.93155     0.453991    0.0455885
1998-06-09/19:00:20      287.060     -35.3800      8.48000      106.000      2.58370     0.275637    0.0433472
1998-06-09/19:00:40      285.940     -36.9100      8.78000      98.0000      2.85571     0.139173    0.0493565
1998-06-09/19:01:01      285.220     -37.8400      9.23000      99.0000      2.55400     0.156434    0.0440269
1998-06-09/19:01:21      284.530     -38.5600      9.70000      100.000      2.01648     0.173648    0.0346595
1998-06-09/19:01:41      284.660     -39.2700      9.43000      99.0000      2.27326     0.156434    0.0391874
1998-06-09/19:02:01      283.380     -40.7900      8.57000      98.0000      2.47734     0.139173    0.0428170
1998-06-09/19:02:21      283.410     -42.4800      8.65000      103.000      1.98394     0.224951    0.0337388
1998-06-09/19:02:41      283.250     -43.5000      8.69000      101.000      1.74878     0.190809    0.0299612
1998-06-09/19:03:02      283.850     -44.1200      8.34000      99.0000      2.49419     0.156434    0.0429959
1998-06-09/19:03:22      283.360     -45.2400      8.23000      100.000      1.79598     0.173648    0.0308696
1998-06-09/19:03:42      281.940     -46.5900      8.14000      108.000      2.25162     0.309017    0.0373748
1998-06-09/19:04:02      282.900     -47.4500      8.35000      102.000      1.36590     0.207912    0.0233185
1998-06-09/19:04:21      279.910     -49.5900      8.42000      93.0000      2.60843    0.0523359    0.0454633
1998-06-09/19:05:02      277.950     -52.2600      8.16000      97.0000      3.10004     0.121869    0.0537026
1998-06-09/19:05:22      279.760     -52.1500      7.98000      105.000      2.46569     0.258819    0.0415680
1998-06-09/19:06:02      278.000     -54.4200      8.06000      109.000      2.90309     0.325568    0.0479080
1998-06-09/19:07:03      278.870     -57.4700      7.91000      112.000      2.95217     0.374607    0.0477732
1998-06-09/19:07:23      283.460     -59.0900      7.88000      111.000      2.39953     0.358368    0.0390981
1998-06-09/23:23:41      82.2300     -63.8700      7.97000      57.0000      2.48027     0.544639    0.0363051
1998-06-09/23:24:00      88.5000     -63.4900      8.01000      63.0000      9.99865     0.453990     0.155489
1998-06-09/23:24:20      90.5300     -62.8000      8.10000      45.0000      3.04750     0.707107    0.0376102
1998-06-09/23:24:41      89.9900     -61.6500      8.12000      56.0000      1.90567     0.559193    0.0275740
1998-06-09/23:25:01      91.7600     -60.4700      7.83000      50.0000      3.81963     0.642788    0.0510684
1998-06-09/23:25:21      92.3700     -59.2200      7.76000      55.0000      1.90183     0.573576    0.0271903
1998-06-09/23:25:41      94.1100     -58.3200      7.79000      56.0000      1.66979     0.559193    0.0241609
1998-06-09/23:26:01      96.9200     -57.1800      7.66000      63.0000      3.34944     0.453990    0.0520871
1998-06-09/23:26:22      98.0200     -55.7200      7.61000      59.0000      2.92475     0.515038    0.0437554
1998-06-09/23:26:42      94.6300     -55.3300      7.96000      65.0000      2.17026     0.422618    0.0343293
1998-06-09/23:27:02      96.5800     -54.4300      8.05000      70.0000      2.83748     0.342020    0.0465367
1998-06-09/23:27:22      97.4000     -53.5200      8.09000      69.0000      2.45938     0.358368    0.0400733
1998-06-09/23:27:42      92.8800     -53.4500      7.82000      61.0000      3.01293     0.484810    0.0459924
1998-06-09/23:28:02      96.1800     -52.3200      16.6500      64.0000      2.55251     0.438371    0.0400410
1998-06-09/23:28:22      96.8600     -50.6100      13.3700      36.0000      4.16649     0.809017    0.0427431
1998-06-09/23:28:42      97.0000     -49.5800      9.78000      59.0000      2.75537     0.515038    0.0412214
1998-06-09/23:29:02      99.0500     -48.1800      7.85000      63.0000      2.75008     0.453990    0.0427665
1998-06-09/23:29:22      101.650     -46.7800      5.73000      63.0000      3.66487     0.453990    0.0569924
1998-06-09/23:29:42      102.010     -45.1500      7.74000      64.0000      4.53078     0.438371    0.0710740
1998-06-09/23:30:02      99.9400     -44.1900      7.99000      70.0000      2.65359     0.342020    0.0435208
1998-06-09/23:30:22      97.3600     -43.8700      7.73000      76.0000      1.65840     0.241922    0.0280848
1998-06-09/23:30:42      98.5500     -42.7900      7.99000      75.0000      2.35032     0.258819    0.0396231
1998-06-09/23:31:02      98.2000     -42.2100      8.02000      67.0000      1.47353     0.390731    0.0236735
1998-06-09/23:31:22      99.1400     -40.8300      7.88000      64.0000      1.94748     0.438371    0.0305500
1998-06-09/23:31:42      99.8200     -39.6800      7.63000      66.0000      1.69368     0.406737    0.0270047
1998-06-09/23:32:03      101.150     -38.4400      7.89000      74.0000      3.26672     0.275637    0.0548064
1998-06-09/23:32:23      101.550     -37.1000      7.79000      55.0000      17.6815     0.573576     0.252791
1998-06-09/23:32:43      101.730     -35.7100      7.56000      67.0000      2.54874     0.390731    0.0409477
1998-06-09/23:33:03      100.390     -34.5800      7.58000      63.0000      2.75008     0.453990    0.0427665
1998-06-09/23:33:23      100.530     -33.3800      7.50000      65.0000      1.67200     0.422618    0.0264478
1998-06-09/23:33:44      101.630     -32.2600      8.13000      56.0000      1.83647     0.559193    0.0265727
1998-06-09/23:34:04      103.470     -31.4500      7.95000      52.0000      3.69186     0.615661    0.0507756
1998-06-09/23:34:24      104.570     -30.0400      7.68000      47.0000      5.05634     0.681998    0.0645418
1998-06-09/23:34:43      104.410     -29.0400      7.94000      51.0000      2.96915     0.629320    0.0402728
1998-06-09/23:35:03      105.060     -27.5400      8.26000      61.0000      6.05586     0.484810    0.0924427
1998-06-09/23:35:23      103.840     -25.9200      8.58000      63.0000      6.46327     0.453990     0.100510
1998-06-09/23:35:43      103.640     -24.5300      8.75000      65.0000      5.18252     0.422618    0.0819774
1998-06-09/23:36:04      103.150     -24.3100      8.23000      63.0000      3.66487     0.453990    0.0569924
1998-06-09/23:36:24      103.650     -23.6900      8.46000      70.0000      3.84268     0.342020    0.0630228
1998-06-09/23:36:44      103.390     -22.7100      8.89000      63.0000      3.01723     0.453990    0.0469209
1998-06-09/23:37:04      104.060     -21.6700      8.54000      55.0000      1.61080     0.573576    0.0230294
1998-06-09/23:37:24      103.720     -20.6400      7.91000      62.0000      2.93155     0.469472    0.0451762
1998-06-09/23:37:45      103.210     -19.7400      8.19000      70.0000      2.51082     0.342020    0.0411793
1998-06-09/23:38:05      103.700     -18.7000      8.33000      66.0000      1.64092     0.406737    0.0261634
1998-06-09/23:38:25      104.610     -16.9300      7.79000      67.0000      4.85743     0.390731    0.0780387
1998-06-09/23:38:44      102.680     -15.3700      7.70000      57.0000      4.46606     0.544639    0.0653722
1998-06-10/00:30:36      279.350      38.0700      7.53000      120.000      4.12284     0.500000    0.0623167
1998-06-10/00:30:55      279.520      37.1600      7.43000      102.000      2.28924     0.207912    0.0390817
1998-06-10/00:31:15      279.330      36.1500      7.68000      101.000      2.89487     0.190809    0.0495967
1998-06-10/00:31:35      279.290      35.0800      7.30000      123.000      2.27303     0.544639    0.0332716
1998-06-10/00:31:55      278.810      33.9500      7.38000      126.000      3.62091     0.587785    0.0511273
1998-06-10/00:32:16      278.420      32.9100      7.87000      126.000      3.91933     0.587785    0.0553410
1998-06-10/00:32:36      278.060      32.0100      6.86000      125.000      2.41496     0.573576    0.0345264
1998-06-10/00:32:56      279.310      31.1300      6.90000      126.000      3.07954     0.587785    0.0434831
1998-06-10/00:33:16      279.740      29.6500      7.05000      121.000      3.31091     0.515038    0.0495325
1998-06-10/00:33:37      278.800      28.8900      7.04000      123.000      2.17132     0.544639    0.0317828
1998-06-10/00:33:57      279.470      28.2100      6.46000      115.000      2.90088     0.422618    0.0458863
1998-06-10/00:34:17      279.010      27.1700      6.91000      115.000      2.78826     0.422618    0.0441048
1998-06-10/01:28:09      98.7400     -43.7300      5.94000      73.0000      3.23908     0.292372    0.0540624
1998-06-10/01:28:29      98.6800     -42.9600      5.88000      74.0000      4.06813     0.275637    0.0682518
1998-06-10/01:28:49      98.1600     -41.9800      5.65000      70.0000      4.47027     0.342020    0.0733157
1998-06-10/01:29:09      98.1700     -40.7900      5.79000      74.0000      4.56806     0.275637    0.0766392
1998-06-10/01:29:29      99.0700     -39.6200      8.66000      60.0000      5.88945     0.500000    0.0890190
1998-06-10/01:29:49      99.7600     -38.4600      8.66000      76.0000      4.36973     0.241922    0.0740007
1998-06-10/01:30:09      100.190     -37.3300      8.70000      71.0000      5.83238     0.325568    0.0962483
1998-06-10/01:30:30      100.660     -36.2700      8.88000      61.0000      3.56851     0.484810    0.0544733
1998-06-10/01:30:50      101.230     -35.1600      8.42000      62.0000      6.88610     0.469472     0.106117
1998-06-10/01:31:10      101.620     -34.0900      8.70000      72.0000      4.19933     0.309017    0.0697050
1998-06-10/01:31:30      102.060     -33.1000      8.64000      64.0000      3.09391     0.438371    0.0485339
1998-06-10/01:31:51      102.400     -32.1900      8.78000      59.0000      5.88799     0.515038    0.0880866
1998-06-10/01:32:11      102.350     -31.3500      8.69000      44.0000      2.52047     0.719340    0.0305584
1998-06-10/01:32:30      102.370     -30.4200      8.49000      64.0000      1.86319     0.438371    0.0292277
1998-06-10/01:32:50      102.230     -29.4700      8.56000      63.0000      2.47717     0.453990    0.0385225
1998-06-10/01:33:10      102.310     -28.3600      8.44000      64.0000      2.62014     0.438371    0.0411019
1998-06-10/01:33:30      102.420     -27.3100      8.40000      65.0000      2.00852     0.422618    0.0317709
1998-06-10/01:33:51      102.490     -26.1700      8.66000      65.0000      2.09785     0.422618    0.0331839
1998-06-10/01:34:11      102.700     -25.0700      7.97000      66.0000      1.74178     0.406737    0.0277716
1998-06-10/01:34:31      102.750     -23.9200      8.44000      67.0000      2.09250     0.390731    0.0336178
1998-06-10/01:34:51      103.050     -22.7700      9.73000      64.0000      2.55251     0.438371    0.0400410
1998-06-10/01:35:11      103.350     -21.5800      8.49000      64.0000      2.55251     0.438371    0.0400410
1998-06-10/01:35:32      103.780     -20.4700      7.88000      66.0000      1.87336     0.406737    0.0298696
1998-06-10/01:35:52      104.130     -19.1600      8.20000      66.0000      2.30954     0.406737    0.0368242
1998-06-10/01:36:12      105.070     -18.1100      7.79000      63.0000      3.34944     0.453990    0.0520871
1998-06-10/01:36:31      104.990     -17.4600      8.20000      67.0000      2.03620     0.390731    0.0327133
1998-06-10/01:36:51      104.150     -16.5700      7.68000      71.0000      3.27522     0.325568    0.0540490
1998-06-10/01:37:11      103.430     -15.9300      8.47000      65.0000      2.09785     0.422618    0.0331839
1998-06-10/01:37:32      103.460     -14.9600      8.76000      67.0000      1.68015     0.390731    0.0269930
1998-06-10/01:37:52      105.780     -13.9200      8.39000      42.0000      5.52538     0.743145    0.0645283
1998-06-10/01:38:12      102.610     -12.3500      8.67000      56.0000      4.07612     0.559193    0.0589792
1998-06-10/01:39:53      103.120     -5.51000      9.05000      56.0000      7.31069     0.559193     0.105782
1998-06-10/01:40:13      101.240     -5.56000      9.19000      55.0000      3.97079     0.573576    0.0567700
1998-06-10/01:40:32      103.480     -4.24000      8.75000      63.0000      3.89243     0.453990    0.0605312
1998-06-10/01:40:52      104.450     -2.29000      8.68000      53.0000      2.27823     0.601815    0.0317558
1998-06-10/01:41:13      104.710     -1.62000      8.68000      53.0000      4.83331     0.601815    0.0673706
1998-06-10/01:41:33      105.330     -1.56000      11.0600      60.0000      3.07917     0.500000    0.0465416
1998-06-10/03:27:37      97.7400     -35.5700      10.1300      51.0000      9.67942     0.629320     0.131289
1998-06-10/03:27:57      98.4800     -36.1300      9.32000      65.0000      5.18252     0.422618    0.0819774
1998-06-10/03:28:17      100.110     -35.0100      9.04000      47.0000      5.30442     0.681998    0.0677084
1998-06-10/03:28:37      100.890     -34.2400      9.62000      66.0000      6.31137     0.406737     0.100631
1998-06-10/03:28:56      102.430     -34.1400      8.95000      48.0000      3.42408     0.669131    0.0444114
1998-06-10/03:29:16      104.420     -34.0100      7.69000      56.0000      1.97618     0.559193    0.0285942
1998-06-10/03:29:36      105.880     -32.2400      7.03000      67.0000      2.95217     0.390731    0.0474291
1998-06-10/03:29:56      106.550     -30.9600      7.78000      64.0000      4.02131     0.438371    0.0630819
1998-06-10/03:30:17      107.510     -30.4300      8.87000      60.0000      3.71706     0.500000    0.0561833
1998-06-10/03:30:37      108.890     -29.2500      8.28000      59.0000      4.33929     0.515038    0.0649175
1998-06-10/03:30:57      110.640     -30.3400      7.92000      86.0000      3.46203    0.0697565    0.0602766
1998-06-10/03:31:17      109.460     -28.0600      7.80000      62.0000      3.60112     0.469472    0.0554945
1998-06-10/05:19:01      88.1500     -62.2400      7.70000      62.0000      4.31892     0.469472    0.0665560
1998-06-10/05:19:21      93.5600     -60.3800      7.30000      63.0000      3.77145     0.453990    0.0586498
1998-06-10/05:19:41      95.2400     -59.2100      7.56000      65.0000      2.00852     0.422618    0.0317709
1998-06-10/05:20:01      96.4300     -58.4000      6.81000      65.0000      1.58638     0.422618    0.0250934
1998-06-10/05:20:22      96.7800     -57.1400      7.36000      68.0000      2.53204     0.374607    0.0409745
1998-06-10/05:20:42      97.0200     -56.0500      8.57000      77.0000      1.65815     0.224951    0.0281984
1998-06-10/05:21:02      97.0800     -55.1600      8.60000      72.0000      2.31438     0.309017    0.0384165
1998-06-10/05:21:22      97.8800     -54.0300      7.67000      76.0000      1.65840     0.241922    0.0280848
1998-06-10/05:21:42      98.0800     -52.9800      7.57000      59.0000      2.61527     0.515038    0.0391255
1998-06-10/05:22:02      98.0300     -51.7400      8.02000      64.0000      2.04489     0.438371    0.0320780
1998-06-10/05:22:22      98.3100     -50.3800      5.94000      27.0000      4.80267     0.891007    0.0380546
1998-06-10/05:22:42      98.9900     -48.8700      4.91000      54.0000      2.12168     0.587785    0.0299581
1998-06-10/05:23:02      99.0200     -47.7300      5.55000      64.0000      2.04489     0.438371    0.0320780
1998-06-10/05:23:22      98.0700     -46.8200      6.55000      71.0000      5.83238     0.325568    0.0962483
1998-06-10/05:23:42      98.7400     -45.6300      7.18000      100.000      5.85885     0.173648     0.100703
1998-06-10/05:24:02      98.9400     -44.6400      6.76000      67.0000      2.39763     0.390731    0.0385199
1998-06-10/05:24:22      98.8100     -43.5100      7.05000      73.0000      3.98240     0.292372    0.0664689
1998-06-10/05:24:43      98.5100     -42.3100      7.19000      67.0000      2.15767     0.390731    0.0346648
1998-06-10/05:25:03      98.9000     -41.1700      6.98000      62.0000      4.45875     0.469472    0.0687109
1998-06-10/05:25:22      100.030     -40.0200      6.96000      64.0000      2.55251     0.438371    0.0400410
1998-06-10/05:25:42      101.130     -39.0500      6.89000      76.0000      2.08650     0.241922    0.0353346
1998-06-10/05:26:02      101.590     -38.1500      7.22000      86.0000      2.65662    0.0697565    0.0462538
1998-06-10/05:26:22      101.980     -36.9700      7.22000      43.0000      2.72704     0.731354    0.0324603
1998-06-10/05:26:43      102.080     -35.5600      7.21000      65.0000      1.94222     0.422618    0.0307221
1998-06-10/05:27:03      101.800     -34.3700      7.39000      67.0000      1.90709     0.390731    0.0306390
1998-06-10/05:27:23      101.800     -33.4700      7.54000      64.0000      1.78727     0.438371    0.0280368
1998-06-10/05:27:43      101.550     -32.3100      7.86000      48.0000      3.42408     0.669131    0.0444114
1998-06-10/05:28:04      100.810     -31.9100      7.76000      32.0000      2.61049     0.848048    0.0241440
1998-06-10/05:28:24      101.650     -30.7000      7.76000      58.0000      3.04718     0.529919    0.0451020
1998-06-10/05:28:44      101.850     -29.4400      7.58000      64.0000      2.46981     0.438371    0.0387437
1998-06-10/05:29:04      101.590     -28.3900      7.26000      59.0000      2.68786     0.515038    0.0402114
1998-06-10/05:29:23      102.290     -27.3500      6.94000      73.0000      2.31977     0.292372    0.0387185
1998-06-10/05:29:43      102.820     -25.9000      6.61000      71.0000      2.51776     0.325568    0.0415491
1998-06-10/05:30:03      102.900     -24.6500      4.52000      74.0000      2.76988     0.275637    0.0464708
1998-06-10/05:30:23      103.160     -23.4500      3.66000      72.0000      3.13206     0.309017    0.0519893
1998-06-10/05:30:44      102.800     -22.1400      4.13000      65.0000      3.93486     0.422618    0.0622418
1998-06-10/05:31:04      103.060     -21.3000      4.89000      64.0000      2.15278     0.438371    0.0337705
1998-06-10/05:31:24      103.500     -20.0400      4.61000      74.0000      2.46569     0.275637    0.0413673
1998-06-10/05:31:44      103.510     -18.7900      5.07000      68.0000      2.04548     0.374607    0.0331008
1998-06-10/05:32:05      103.450     -17.6600      5.21000      64.0000      3.47634     0.438371    0.0545331
1998-06-10/05:32:25      103.610     -16.6500      5.04000      71.0000      2.85097     0.325568    0.0470479
1998-06-10/05:32:45      103.640     -15.5500      6.49000      70.0000      2.41105     0.342020    0.0395430
1998-06-10/05:33:05      103.500     -14.4900      6.43000      72.0000      2.56265     0.309017    0.0425376
1998-06-10/05:33:24      103.250     -13.5300      5.64000      68.0000      2.41315     0.374607    0.0390506
1998-06-10/05:33:44      102.980     -12.3600      7.79000      68.0000      2.04548     0.374607    0.0331008
1998-06-10/05:34:04      102.800     -11.2200      6.98000      67.0000      1.86436     0.390731    0.0299525
1998-06-10/05:34:24      102.930     -10.0700      6.87000      65.0000      2.74282     0.422618    0.0433861
1998-06-10/05:34:45      103.290     -8.85000      6.92000      60.0000      2.72378     0.500000    0.0411699
1998-06-10/05:35:05      103.060     -7.66000      7.06000      60.0000      2.45967     0.500000    0.0371779
1998-06-10/05:35:25      102.780     -6.46000      7.36000      50.0000      3.66249     0.642788    0.0489675
1998-06-10/05:35:45      102.760     -5.47000      7.45000      50.0000      3.48074     0.642788    0.0465375
1998-06-10/05:36:05      102.690     -4.36000      7.64000      57.0000      2.11743     0.544639    0.0309940
1998-06-10/05:36:25      102.510     -3.35000      7.10000      66.0000      2.19499     0.406737    0.0349977
1998-06-10/05:36:45      102.790     -2.37000      7.25000      60.0000      3.85064     0.500000    0.0582024
1998-06-10/05:37:05      102.900     -1.14000      7.30000      55.0000      1.55036     0.573576    0.0221653
1998-06-10/05:37:25      102.980   -0.0400000      7.30000      59.0000      3.05288     0.515038    0.0456723
1998-06-10/05:37:45      103.230     0.980000      7.11000      65.0000      2.46245     0.422618    0.0389512
1998-06-10/05:38:05      103.640      2.21000      6.18000      67.0000      4.05729     0.390731    0.0651838
1998-06-10/06:37:18      283.290     -1.28000      9.01000      107.000      2.56265     0.292372    0.0427723
1998-06-10/06:37:39      282.450     -2.92000      9.66000      105.000      3.48493     0.258819    0.0587510
1998-06-10/06:37:59      282.350     -4.53000      10.2500      104.000      3.45956     0.241922    0.0585871
1998-06-10/06:38:19      282.360     -5.57000      11.5600      105.000      3.26672     0.258819    0.0550723
1998-06-10/06:38:39      282.120     -6.44000      10.3300      123.000      3.32815     0.544639    0.0487160
1998-06-10/06:38:59      282.430     -6.93000      8.44000      157.000      1.60754     0.920505    0.0109627
1998-06-10/06:39:20      281.390     -7.94000      10.4500      155.000      1.90552     0.906308    0.0140553
1998-06-10/06:39:40      280.910     -9.48000      10.7200      151.000      3.71275     0.874620    0.0314155
1998-06-10/06:40:00      281.110     -10.4700      9.97000      128.000      5.21979     0.615661    0.0717898
1998-06-10/06:40:19      280.560     -11.4000      10.9300      99.0000      2.27326     0.156434    0.0391874
1998-06-10/06:40:39      279.830     -12.5600      10.4300      100.000      1.69625     0.173648    0.0291554
1998-06-10/06:40:59      279.700     -13.6000      9.61000      97.0000      2.50016     0.121869    0.0433108
1998-06-10/06:41:19      279.670     -14.8200      9.05000      101.000      1.71735     0.190809    0.0294227
1998-06-10/06:41:40      279.880     -16.1700      9.28000      100.000      2.06637     0.173648    0.0355171
1998-06-10/06:42:00      279.790     -17.4600      9.49000      108.000      2.94697     0.309017    0.0489170
1998-06-10/06:42:20      280.700     -18.5100      9.79000      103.000      2.24958     0.224951    0.0382563
1998-06-10/06:42:40      281.000     -19.7200      9.93000      104.000      3.45956     0.241922    0.0585871
1998-06-10/06:43:00      281.070     -20.4400      9.80000      104.000      2.45144     0.241922    0.0415148
1998-06-10/06:43:20      280.910     -21.5400      11.0900      97.0000      2.93299     0.121869    0.0508088
1998-06-10/06:43:41      280.040     -22.8300      11.4100      101.000      1.71735     0.190809    0.0294227
1998-06-10/06:44:01      279.980     -23.6400      10.7100      100.000      2.06637     0.173648    0.0355171
1998-06-10/06:44:20      279.120     -24.4600      10.2500      102.000      1.43056     0.207912    0.0244224
1998-06-10/06:44:40      279.360     -25.6600      10.1200      106.000      3.50255     0.275637    0.0587629
1998-06-10/06:45:00      279.430     -26.6000      9.54000      101.000      1.68212     0.190809    0.0288191
1998-06-10/06:45:20      279.900     -27.1600      9.38000      97.0000      2.86343     0.121869    0.0496038
1998-06-10/06:45:41      279.400     -27.9400      9.49000      100.000      2.13861     0.173648    0.0367587
1998-06-10/06:46:01      277.560     -28.9400      9.64000      96.0000      2.40437     0.104529    0.0417343
1998-06-10/06:46:21      277.290     -29.8100      9.63000      92.0000      2.00491    0.0348995    0.0349710
1998-06-10/07:23:29      99.1700     -39.1200      9.49000      61.0000      21.8068     0.484810     0.332881
1998-06-10/07:23:49      99.6400     -38.0700      9.14000      60.0000      7.65778     0.500000     0.115747
1998-06-10/07:24:09      99.9800     -36.9700      9.09000      72.0000      3.43378     0.309017    0.0569975
1998-06-10/07:24:29      100.240     -35.7600      9.47000      79.0000      3.77737     0.190809    0.0647163
1998-06-10/07:24:50      100.310     -34.5700      10.3800      76.0000      4.53095     0.241922    0.0767310
1998-06-10/07:25:10      100.390     -33.4600      10.9500      73.0000      4.58811     0.292372    0.0765786
1998-06-10/07:25:30      100.530     -32.3500      10.3000      27.0000      8.15304     0.891007    0.0646017
1998-06-10/07:25:50      100.640     -31.1700      9.02000      56.0000      7.81620     0.559193     0.113096
1998-06-10/07:26:11      100.620     -30.0700      8.74000      57.0000      2.74913     0.544639    0.0402406
1998-06-10/07:26:31      100.510     -28.9500      9.51000      64.0000      2.26287     0.438371    0.0354975
1998-06-10/07:26:51      100.500     -27.8100      9.89000      67.0000      1.98706     0.390731    0.0319238
1998-06-10/07:27:10      100.600     -26.7600      9.74000      75.0000      4.68251     0.258819    0.0789405
1998-06-10/07:27:30      100.800     -25.6900      9.84000      66.0000      3.25485     0.406737    0.0518966
1998-06-10/07:27:50      100.850     -24.6400      10.0000      66.0000      1.92248     0.406737    0.0306527
1998-06-10/07:28:10      100.770     -23.5600      9.69000      69.0000      3.45863     0.358368    0.0563551
1998-06-10/07:28:31      100.790     -22.3600      9.51000      55.0000      2.39890     0.573576    0.0342968
1998-06-10/07:28:51      100.960     -21.1800      9.52000      66.0000      3.25485     0.406737    0.0518966
1998-06-10/07:29:11      101.150     -20.0000      9.58000      70.0000      5.45873     0.342020    0.0895272
1998-06-10/07:29:31      101.450     -18.8900      9.78000      69.0000      3.17304     0.358368    0.0517017
1998-06-10/07:29:51      101.590     -17.7300      9.22000      70.0000      3.38317     0.342020    0.0554865
1998-06-10/07:30:11      101.670     -16.6700      9.18000      76.0000      3.18314     0.241922    0.0539060
1998-06-10/07:30:32      101.710     -15.6700      10.0200      61.0000      4.06758     0.484810    0.0620916
1998-06-10/07:30:52      101.760     -14.6700      9.89000      67.0000      1.74712     0.390731    0.0280690
1998-06-10/07:31:11      101.650     -13.6900      9.62000      68.0000      3.19789     0.374607    0.0517496
1998-06-10/07:31:31      101.570     -12.6500      9.47000      66.0000      4.93153     0.406737    0.0786302
1998-06-10/07:31:51      101.540     -11.5600      9.48000      75.0000      2.65779     0.258819    0.0448066
1998-06-10/07:32:11      101.490     -10.3600      8.91000      66.0000      2.42089     0.406737    0.0385996
1998-06-10/07:32:32      101.570     -9.22000      9.04000      63.0000      3.45764     0.453990    0.0537698
1998-06-10/07:32:52      101.610     -8.13000      9.48000      63.0000      3.01723     0.453990    0.0469209
1998-06-10/07:33:12      101.660     -7.09000      10.1200      57.0000      3.51694     0.544639    0.0514794
1998-06-10/07:33:32      101.610     -5.96000      10.5900      65.0000      20.2240     0.422618     0.319904
1998-06-10/07:33:51      101.650     -4.95000      10.2600      58.0000      5.24339     0.529919    0.0776086
1998-06-10/07:34:11      101.750     -4.03000      9.18000      75.0000      4.29017     0.258819    0.0723262
1998-06-10/07:34:32      101.750     -2.95000      9.63000      70.0000      5.39605     0.342020    0.0884992
1998-06-10/07:34:52      101.710     -1.88000      10.7800      67.0000      3.13059     0.390731    0.0502956
1998-06-10/07:35:12      101.650    -0.750000      9.72000      52.0000      8.63176     0.615661     0.118716
1998-06-10/07:35:32      101.510     0.410000      10.0900      67.0000      4.05729     0.390731    0.0651838
1998-06-10/07:35:52      101.540      1.57000      9.90000      65.0000      20.2240     0.422618     0.319904
1998-06-10/07:36:12      101.650      2.68000      9.92000      59.0000      5.62883     0.515038    0.0842095
1998-06-10/07:36:33      101.820      3.75000      9.86000      57.0000      2.93854     0.544639    0.0430131
1998-06-10/07:36:53      101.870      4.74000      10.0900      71.0000      5.65703     0.325568    0.0933546
1998-06-10/07:37:13      101.810      5.73000      10.0600      54.0000      3.85072     0.587785    0.0543722
1998-06-10/07:37:33      101.690      6.79000      10.1800      36.0000      6.47353     0.809017    0.0664106
1998-06-10/07:37:52      101.530      7.87000      10.3700      55.0000      17.6815     0.573576     0.252791
1998-06-10/07:38:12      101.370      9.00000      10.5400      42.0000      12.0387     0.743145     0.140594
1998-06-10/07:38:32      101.260      10.1100      10.0400      69.0000      4.37406     0.358368    0.0712712
1998-06-10/07:38:53      101.100      11.2700      10.1200      83.0000      19.9121     0.121869     0.344942
1998-06-10/09:27:37      99.3000     -17.9600      10.2200      73.0000      26.2936     0.292372     0.438858
1998-06-10/09:27:57      99.4100     -16.8300      10.2600      73.0000      3.76704     0.292372    0.0628744
1998-06-10/09:28:18      99.4600     -15.7400      10.3100      59.0000      7.65753     0.515038     0.114560
1998-06-10/09:28:38      99.4900     -14.7500      10.0300      72.0000      4.25171     0.309017    0.0705744
1998-06-10/09:28:58      99.2700     -13.7300      10.4100      58.0000      3.56322     0.529919    0.0527400
1998-06-10/09:29:18      98.9500     -12.6200      10.0900      74.0000      4.42859     0.275637    0.0742993
1998-06-10/09:29:38      98.8100     -11.5300      10.2700      73.0000      26.2936     0.292372     0.438858
1998-06-10/09:29:58      98.7400     -10.4000      10.1400      44.0000      8.96907     0.719340     0.108742
1998-06-10/09:30:19      98.8000     -9.39000      10.6800      66.0000      2.42089     0.406737    0.0385996
1998-06-10/09:30:39      98.9100     -8.34000      9.71000      66.0000      2.19499     0.406737    0.0349977
1998-06-10/09:30:59      99.0300     -7.24000      9.60000      69.0000      2.88719     0.358368    0.0470440
1998-06-10/09:31:19      99.2200     -6.18000      9.62000      62.0000      4.56993     0.469472    0.0704242
1998-06-10/09:31:38      99.2600     -5.16000      9.87000      51.0000      6.07521     0.629320    0.0824027
1998-06-10/09:31:58      99.3700     -4.08000      8.46000      54.0000      21.8278     0.587785     0.308209
1998-06-10/09:32:19      99.4000     -3.01000      8.34000      58.0000      19.9174     0.529919     0.294803
1998-06-10/09:32:39      99.4300     -1.92000      8.63000      75.0000      9.26910     0.258819     0.156264
1998-06-10/09:32:59      99.4600    -0.830000      8.76000      63.0000      10.7139     0.453990     0.166612
1998-06-10/09:33:19      99.3900     0.210000      9.42000      57.0000      7.03694     0.544639     0.103004
1998-06-10/09:33:39      99.4700      1.21000      9.02000      69.0000      26.6230     0.358368     0.433797
1998-06-10/09:33:59      99.4700      2.37000      9.18000      74.0000      20.0866     0.275637     0.336997
1998-06-10/09:34:20      99.4800      3.40000      8.87000      67.0000      4.85743     0.390731    0.0780387
1998-06-10/09:34:40      99.4700      4.53000      8.33000      66.0000      7.15040     0.406737     0.114009
1998-06-10/09:35:00      99.4400      5.64000      5.35000      66.0000      2.79642     0.406737    0.0445872
1998-06-10/09:35:20      99.2700      6.66000      5.21000      65.0000      7.74852     0.422618     0.122567
1998-06-10/09:35:39      99.0400      7.61000      6.68000      71.0000      6.39265     0.325568     0.105494
1998-06-10/09:35:59      98.8800      8.73000      7.21000      65.0000      2.54404     0.422618    0.0402418
1998-06-10/09:36:19      98.7900      9.87000      7.56000      49.0000      8.71274     0.656059     0.114766
1998-06-10/09:36:40      98.7100      10.9700      6.92000      55.0000      6.70178     0.573576    0.0958147
1998-06-10/09:37:00      98.8300      12.0400      8.09000      60.0000      23.7264     0.500000     0.358624
1998-06-10/09:41:21      95.5300      26.9300      7.22000      46.0000      4.74620     0.694658    0.0595878
1998-06-10/09:41:41      95.3600      28.0800      6.56000      55.0000      3.79061     0.573576    0.0541940
1998-06-10/09:42:02      94.9600      29.2900      7.97000      61.0000      6.39865     0.484810    0.0976754
1998-06-10/09:42:21      94.6000      30.5100      9.52000      61.0000      3.10994     0.484810    0.0474732
1998-06-10/09:42:41      94.2800      31.6700      9.96000      66.0000      4.23993     0.406737    0.0676030
1998-06-10/09:43:01      93.8500      32.8100      9.08000      65.0000      2.54404     0.422618    0.0402418
1998-06-10/09:43:21      93.5100      33.9300      7.79000      58.0000      3.75244     0.529919    0.0555407
1998-06-10/09:43:42      93.1200      35.0000      7.88000      69.0000      3.17304     0.358368    0.0517017
1998-06-10/09:44:02      92.0200      36.1800      8.22000      66.0000      4.06747     0.406737    0.0648533
1998-06-10/09:44:22      91.9300      37.2000      5.90000      63.0000      4.18389     0.453990    0.0650637
1998-06-10/09:44:42      91.0300      38.4400      6.48000      63.0000      4.18389     0.453990    0.0650637
1998-06-10/11:20:44      98.4700     -34.0900      6.76000      81.0000      5.86897     0.156434     0.101172
1998-06-10/11:21:04      98.3300     -33.1100      7.18000      67.0000      2.29214     0.390731    0.0368252
1998-06-10/11:21:23      98.3200     -32.1300      8.54000      77.0000      2.75810     0.224951    0.0469042
1998-06-10/11:21:43      98.3800     -31.1200      9.49000      75.0000      7.22898     0.258819     0.121870
1998-06-10/11:22:03      98.2400     -29.9700      8.53000      70.0000      4.92358     0.342020    0.0807503
1998-06-10/11:22:23      98.3300     -29.0000      8.98000      71.0000      10.3627     0.325568     0.171010
1998-06-10/11:22:44      98.4800     -28.0100      9.34000      65.0000      5.84843     0.422618    0.0925108
1998-06-10/11:23:04      98.3300     -26.9500      8.98000      73.0000      4.88163     0.292372    0.0814777
1998-06-10/11:23:24      98.4400     -25.8900      8.69000      71.0000      2.88853     0.325568    0.0476677
1998-06-10/11:23:44      98.2600     -25.1500      8.54000      75.0000      3.55530     0.258819    0.0599373
1998-06-10/11:24:04      97.7900     -24.4300      8.05000      66.0000      2.30954     0.406737    0.0368242
1998-06-10/11:24:25      97.4100     -23.0200      8.74000      66.0000      7.84901     0.406737     0.125148
1998-06-10/11:24:45      96.4100     -22.7000      9.30000      57.0000      3.51694     0.544639    0.0514794
1998-06-10/11:25:05      97.1800     -21.5600      8.87000      86.0000      3.71427    0.0697565    0.0646683
1998-06-10/11:25:24      97.9400     -20.5300      9.75000      64.0000      22.3924     0.438371     0.351268
1998-06-10/11:25:44      98.7000     -19.3500      9.56000      76.0000      4.07256     0.241922    0.0689682
1998-06-10/11:26:04      98.7800     -18.2700      9.07000      68.0000      4.86263     0.374607    0.0786891
1998-06-10/11:26:24      98.1400     -16.8100      8.68000      111.000      4.16675     0.358368    0.0678932
1998-06-10/11:26:45      98.3500     -15.8300      8.85000      76.0000      4.49561     0.241922    0.0761325
1998-06-10/11:27:05      97.5400     -14.7900      9.74000      66.0000      1.92248     0.406737    0.0306527
1998-06-10/11:27:25      97.5800     -13.5000      9.42000      68.0000      10.3407     0.374607     0.167337
1998-06-10/11:27:45      98.2800     -12.5900      9.12000      64.0000      5.27870     0.438371    0.0828065
1998-06-10/11:28:04      98.3400     -11.3600      9.18000      63.0000      3.01723     0.453990    0.0469209
1998-06-10/11:28:25      98.0500     -10.4500      8.50000      62.0000      3.60112     0.469472    0.0554945
1998-06-10/11:28:45      98.3600     -9.17000      9.23000      87.0000      5.09008    0.0523359    0.0887169
1998-06-10/11:29:05      98.4800     -7.93000      9.90000      72.0000      4.34779     0.309017    0.0721693
1998-06-10/11:29:25      98.6400     -6.58000      10.2400      65.0000      20.2240     0.422618     0.319904
1998-06-10/11:39:27      98.8000      27.4600      10.1800      62.0000      2.81654     0.469472    0.0434038
1998-06-10/11:39:47      98.2600      28.7100      9.93000      66.0000      2.64073     0.406737    0.0421048
1998-06-10/11:40:08      98.1000      29.7700      9.44000      72.0000      5.27146     0.309017    0.0875013
1998-06-10/11:40:28      97.8000      30.8200      9.02000      70.0000      5.14260     0.342020    0.0843424
1998-06-10/11:40:48      97.3100      32.0300      10.2400      58.0000      3.23298     0.529919    0.0478521
1998-06-10/11:41:08      96.8300      33.0300      8.83000      58.0000      5.86516     0.529919    0.0868116
1998-06-10/11:41:29      96.4100      34.4100      8.53000      11.0000      18.0474     0.981627    0.0601023
1998-06-10/11:41:49      95.8900      35.6300      9.01000      58.0000      5.49953     0.529919    0.0813998
1998-06-10/11:42:09      94.8100      36.9800      8.93000      66.0000      3.25485     0.406737    0.0518966
1998-06-10/11:42:29      94.0600      37.9700      8.83000      67.0000      5.97429     0.390731    0.0959820
1998-06-10/11:42:48      93.2100      39.1500      8.74000      63.0000      6.26546     0.453990    0.0974342
1998-06-10/11:43:08      92.7800      39.9800      8.92000      74.0000      4.72693     0.275637    0.0793046
1998-06-10/13:17:10      97.5600     -38.8000      9.54000      77.0000      3.74086     0.224951    0.0636169
1998-06-10/13:17:30      98.2100     -37.3700      9.10000      46.0000      26.9050     0.694658     0.337788
1998-06-10/13:17:49      98.0700     -36.5500      9.49000      70.0000      5.39605     0.342020    0.0884992
1998-06-10/13:18:09      97.7100     -35.5100      8.82000      80.0000      10.5664     0.173648     0.181617
1998-06-10/13:18:29      97.6600     -34.4600      8.85000      70.0000      4.47027     0.342020    0.0733157
1998-06-10/13:18:49      97.9500     -33.1800      9.21000      65.0000      2.97444     0.422618    0.0470499
1998-06-10/13:19:10      98.3700     -31.9800      9.52000      59.0000      4.01660     0.515038    0.0600899
1998-06-10/13:19:30      98.4600     -31.0000      9.93000      61.0000      10.9143     0.484810     0.166607
1998-06-10/13:19:50      98.1300     -30.1900      9.17000      84.0000      26.2134     0.104528     0.455004
1998-06-10/13:20:10      97.8900     -28.8300      9.09000      75.0000      9.89686     0.258819     0.166847
1998-06-10/13:20:31      97.7800     -27.1600      8.94000      57.0000      3.21278     0.544639    0.0470273
1998-06-10/13:20:51      98.5700     -26.0500      9.05000      67.0000      5.11072     0.390731    0.0821080
1998-06-10/13:21:11      97.8600     -25.6000      9.39000      69.0000      4.47342     0.358368    0.0728901
1998-06-10/13:21:31      97.7200     -23.7800      9.96000      64.0000      9.62023     0.438371     0.150912
1998-06-10/13:21:50      97.6600     -22.9000      9.41000      53.0000      6.55871     0.601815    0.0914207
1998-06-10/13:22:10      97.0700     -22.1000      9.46000      61.0000      3.56851     0.484810    0.0544733
1998-06-10/13:22:30      96.4300     -21.4800      8.76000      67.0000      2.74726     0.390731    0.0441370
1998-06-10/13:22:50      95.8400     -20.6900      9.21000      70.0000      3.63450     0.342020    0.0596085
1998-06-10/13:23:11      95.4100     -19.3900      9.38000      73.0000      4.39636     0.292372    0.0733782
1998-06-10/13:25:32      97.3100     -11.8800      8.66000      62.0000      2.93155     0.469472    0.0451762
1998-06-10/13:25:51      97.1400     -10.7800      8.82000      76.0000      4.36973     0.241922    0.0740007
1998-06-10/13:26:12      96.6600     -9.94000      8.96000      68.0000      3.19789     0.374607    0.0517496
1998-06-10/13:26:32      96.1800     -9.18000      9.01000      63.0000      3.66487     0.453990    0.0569924
1998-06-10/13:26:52      96.2500     -8.04000      9.21000      67.0000      2.74726     0.390731    0.0441370
1998-06-10/13:27:12      96.6900     -6.58000      8.90000      62.0000      6.40714     0.469472    0.0987362
1998-06-10/13:27:32      97.1600     -5.41000      8.91000      76.0000      5.79159     0.241922    0.0980797
1998-06-10/13:27:52      97.2400     -4.39000      8.93000      73.0000      5.16517     0.292372    0.0862101
1998-06-10/13:28:12      97.0800     -3.37000      8.74000      76.0000      2.99630     0.241922    0.0507419
1998-06-10/13:37:55      95.3300      28.9000      8.66000      59.0000      3.88265     0.515038    0.0580860
1998-06-10/13:38:15      93.9000      30.4900      9.04000      64.0000      22.3924     0.438371     0.351268
1998-06-10/13:38:35      92.8200      32.1100      9.26000      76.0000      2.24958     0.241922    0.0380963
1998-06-10/13:38:55      93.0700      33.0800      8.77000      75.0000      2.74456     0.258819    0.0462694
1998-06-10/13:39:16      93.1400      33.6200      9.14000      70.0000      3.56289     0.342020    0.0584340
1998-06-10/13:39:36      91.6000      35.0900      8.98000      66.0000      7.15040     0.406737     0.114009
1998-06-10/13:39:56      90.1900      36.1300      9.28000      74.0000      6.17242     0.275637     0.103556
1998-06-10/13:40:16      90.4000      36.2200      8.78000      71.0000      2.85097     0.325568    0.0470479
1998-06-10/13:40:37      87.9800      37.4300      8.71000      70.0000      3.23959     0.342020    0.0531316
1998-06-10/13:40:57      84.2800      38.7600      8.87000      74.0000      3.48493     0.275637    0.0584673
1998-06-10/16:07:28      271.630      59.8200      9.02000      99.0000      3.25690     0.156434    0.0561438
1998-06-10/16:07:47      271.460      58.8700      8.88000      106.000      3.50255     0.275637    0.0587629
1998-06-10/16:08:07      270.850      58.0200      8.64000      107.000      3.13206     0.292372    0.0522762
1998-06-10/16:08:27      270.620      57.3300      8.18000      96.0000      2.99009     0.104529    0.0519010
1998-06-10/16:08:47      270.610      56.4200      5.81000      101.000      1.71735     0.190809    0.0294227
1998-06-10/16:09:08      271.160      55.3100      10.5900      103.000      1.98394     0.224951    0.0337388
1998-06-10/16:09:28      271.730      54.0600      9.77000      104.000      2.45144     0.241922    0.0415148
1998-06-10/16:09:48      271.660      52.7500      9.09000      112.000      1.61897     0.374607    0.0261988
1998-06-10/16:10:08      271.540      51.2300      8.66000      115.000      2.69276     0.422618    0.0425942
1998-06-10/16:10:29      271.450      49.8600      8.44000      118.000      3.01293     0.469472    0.0464303
1998-06-10/16:10:49      272.190      48.2100      8.39000      120.000      3.44536     0.500000    0.0520766
1998-06-10/16:11:09      272.270      46.7700      8.37000      121.000      3.18689     0.515038    0.0476771
1998-06-10/16:11:29      272.620      45.2600      8.59000      125.000      4.26413     0.573576    0.0609638
1998-06-10/16:11:48      272.760      43.8300      9.00000      137.000      6.42576     0.731354    0.0764866
1998-06-10/16:12:08      272.380      42.2000      8.88000      140.000      7.25249     0.766045    0.0813639
1998-06-10/16:12:28      271.910      40.3300      9.43000      146.000      7.83142     0.829038    0.0764327
1998-06-10/16:12:49      271.150      38.2600      8.30000      145.000      12.8347     0.819152     0.128486
1998-06-10/16:13:09      269.890      36.2900      5.35000      148.000      9.02431     0.848048    0.0834643
1998-06-10/16:13:29      268.890      34.4600      7.85000      152.000      10.6951     0.882948    0.0876338
1998-06-10/16:13:49      268.230      33.3700      8.88000      151.000      11.8040     0.874620    0.0998798
1998-06-10/16:14:09      267.560      32.3900      8.93000      144.000      6.45117     0.809017    0.0661812
1998-06-10/17:12:22      89.1500     -37.0900      8.31000      44.0000      4.39715     0.719340    0.0533114
1998-06-10/17:12:42      89.9200     -36.1500      9.58000      83.0000      5.03888     0.121869    0.0872895
1998-06-10/17:13:02      91.3000     -34.3700      9.46000      66.0000      2.10025     0.406737    0.0334872
1998-06-10/17:41:49      83.2500      54.7100      8.30000      109.000      2.75142     0.325568    0.0454051
1998-06-10/17:42:09      85.6400      55.7900      8.83000      110.000      2.35372     0.342020    0.0386027
1998-06-10/17:42:29      82.3500      57.2100      8.59000      110.000      2.32336     0.342020    0.0381048
1998-06-10/17:42:50      73.5400      60.0600      8.08000      141.000      3.93486     0.777146    0.0432194
1998-06-10/17:43:10      72.7500      61.5200      8.34000      115.000      2.69276     0.422618    0.0425942
1998-06-10/17:43:30      83.2700      60.9000      8.74000      109.000      2.46527     0.325568    0.0406829
1998-06-10/17:43:50      80.6100      61.9100      8.98000      112.000      1.52115     0.374607    0.0246159
1998-06-10/17:44:09      85.4100      62.5700      8.84000      108.000      2.85097     0.309017    0.0473234
1998-06-10/17:44:29      81.5500      64.6400      8.35000      111.000      2.04548     0.358368    0.0333292
1998-06-10/17:44:50      80.9100      65.7600      8.17000      110.000      2.39465     0.342020    0.0392740
1998-06-10/17:45:10      84.5100      66.2400      8.42000      107.000      2.72835     0.292372    0.0455380
1998-06-10/17:45:30      85.7100      67.0400      8.87000      108.000      3.20879     0.309017    0.0532629
1998-06-10/17:45:50      88.6100      67.3700      9.42000      100.000      2.93754     0.173648    0.0504908
1998-06-10/18:26:59      269.520     -7.81000      10.0500      64.0000      2.04489     0.438371    0.0320780
1998-06-10/18:27:19      272.920     -9.32000      8.61000      71.0000      1.81096     0.325568    0.0298852
1998-06-10/18:27:39      274.430     -10.0700      7.85000      73.0000      2.04680     0.292372    0.0341625
1998-06-10/18:27:59      275.030     -10.9000      7.92000      98.0000      3.71770     0.139173    0.0642546
1998-06-10/18:28:20      275.410     -12.1400      7.16000      69.0000      4.47342     0.358368    0.0728901
1998-06-10/18:28:40      275.990     -13.3700      7.55000      77.0000      1.73073     0.224951    0.0294327
1998-06-10/18:29:00      276.180     -14.5500      8.01000      77.0000      1.73073     0.224951    0.0294327
1998-06-10/18:29:20      275.760     -15.4400      8.09000      72.0000      2.56265     0.309017    0.0425376
1998-06-10/18:29:41      275.850     -16.1200      8.34000      69.0000      3.03986     0.358368    0.0495316
1998-06-10/18:30:01      275.660     -17.3300      8.56000      69.0000      2.88719     0.358368    0.0470440
1998-06-10/18:30:21      275.170     -18.1100      8.45000      70.0000      3.18880     0.342020    0.0522987
1998-06-10/18:30:41      275.000     -18.9200      8.26000      65.0000      3.21946     0.422618    0.0509256
1998-06-10/18:31:00      274.640     -19.3800      8.22000      56.0000      3.84539     0.559193    0.0556406
1998-06-10/20:10:02      271.320      37.3200      8.48000      107.000      3.13206     0.292372    0.0522762
1998-06-10/20:10:22      269.430      36.4100      8.57000      115.000      2.90088     0.422618    0.0458863
1998-06-10/20:10:42      268.170      35.6300      8.20000      111.000      2.04548     0.358368    0.0333292
1998-06-10/20:11:03      268.660      34.7900      8.43000      110.000      2.32336     0.342020    0.0381048
1998-06-10/20:11:23      268.720      33.8400      7.88000      109.000      2.46527     0.325568    0.0406829
1998-06-10/20:11:43      270.210      32.7500      7.64000      108.000      2.42687     0.309017    0.0402838
1998-06-10/20:12:03      271.770      31.4000      7.83000      109.000      2.65359     0.325568    0.0437906
1998-06-10/20:12:23      272.200      29.6600      8.09000      117.000      3.85261     0.453991    0.0599119
1998-06-10/20:12:43      271.490      28.1800      8.30000      120.000      4.01660     0.500000    0.0607109
1998-06-10/20:13:03      271.780      27.0200      8.05000      124.000      2.16123     0.559193    0.0312718
1998-06-10/20:13:23      271.950      25.6800      8.08000      126.000      3.91933     0.587785    0.0553410
1998-06-10/20:14:03      271.910      22.4100      8.32000      136.000      4.32886     0.719340    0.0524834
1998-06-10/20:14:43      271.840      21.5400      8.33000      138.000      5.43261     0.743145    0.0634449
1998-06-10/20:15:04      271.080      21.1600      8.29000      122.000      2.74913     0.529919    0.0406905
1998-06-10/20:15:24      268.270      20.6800      8.20000      119.000      2.45967     0.484810    0.0375468
1998-06-10/20:33:28      265.450     -34.1500      8.08000      69.0000      2.78623     0.358368    0.0453990
1998-06-10/20:33:48      265.610     -34.7700      7.78000      67.0000      1.90709     0.390731    0.0306390
1998-06-10/20:34:08      264.050     -35.3500      7.78000      63.0000      3.45764     0.453990    0.0537698
1998-06-10/20:34:28      266.840     -37.0300      7.80000      62.0000      3.04900     0.469472    0.0469861
1998-06-10/20:34:48      267.090     -38.1400      7.76000      59.0000      2.61527     0.515038    0.0391255
1998-06-10/20:35:08      268.160     -39.4200      7.77000      63.0000      2.93375     0.453990    0.0456227
1998-06-10/20:35:28      268.820     -40.5400      7.78000      62.0000      4.45875     0.469472    0.0687109
1998-06-10/20:35:48      268.590     -41.4200      7.74000      59.0000      4.12284     0.515038    0.0616793
1998-06-10/20:36:08      269.080     -42.4600      7.58000      52.0000      3.69186     0.615661    0.0507756
1998-06-10/20:36:29      269.260     -43.4800      7.47000      54.0000      2.63929     0.587785    0.0372668
1998-06-10/20:36:49      269.570     -44.7500      7.55000      49.0000      2.86654     0.656059    0.0377585
1998-06-10/20:37:09      269.360     -45.7400      7.62000      56.0000      2.53819     0.559193    0.0367262
1998-06-10/20:37:29      268.470     -46.8000      8.16000      46.0000      4.74620     0.694658    0.0595878
1998-06-10/20:37:50      268.150     -47.9800      7.36000      63.0000      6.70074     0.453990     0.104203
1998-06-10/20:38:09      268.340     -48.9700      6.94000      60.0000      6.66047     0.500000     0.100673
1998-06-10/20:38:29      266.220     -49.7100      7.23000      64.0000      3.61512     0.438371    0.0567101
1998-06-10/20:38:49      265.470     -50.8900      8.19000      66.0000      3.89541     0.406737    0.0621099
1998-06-10/20:39:09      265.000     -51.9400      9.27000      70.0000      5.30545     0.342020    0.0870133
1998-06-10/20:39:30      263.670     -53.3500      11.5800      66.0000      1.97323     0.406737    0.0314619
1998-06-10/20:39:50      263.320     -54.5600      20.1800      72.0000      4.67314     0.309017    0.0775698
1998-06-10/20:40:10      261.800     -55.5300      13.0400      60.0000      3.17715     0.500000    0.0480226
1998-06-10/20:40:30      261.000     -56.6500      9.10000      63.0000      2.93375     0.453990    0.0456227
1998-06-10/20:40:50      258.690     -57.7500      8.99000      59.0000      2.81804     0.515038    0.0421590
1998-06-10/20:41:10      256.620     -58.9100      7.67000      62.0000      3.16633     0.469472    0.0487942
1998-06-10/20:41:30      258.690     -60.0800      7.33000      64.0000      3.16159     0.438371    0.0495956
1998-06-10/20:42:30      246.650     -62.8700      7.47000      59.0000      3.57647     0.515038    0.0535054
1998-06-10/20:42:50      249.660     -64.2600      7.49000      57.0000      2.66196     0.544639    0.0389646
1998-06-10/20:43:10      241.910     -64.4400      7.54000      51.0000      4.45622     0.629320    0.0604431
1998-06-10/20:43:31      245.170     -65.9600      7.81000      67.0000      2.15767     0.390731    0.0346648
1998-06-10/20:43:51      243.700     -67.1200      7.92000      56.0000      2.22103     0.559193    0.0321371
1998-06-10/20:44:31      231.580     -68.5700      8.12000      59.0000      3.34165     0.515038    0.0499924
1998-06-10/20:44:50      242.440     -70.7400      8.53000      70.0000      4.13709     0.342020    0.0678513
1998-06-10/20:45:10      244.140     -71.5700      8.28000      57.0000      2.66196     0.544639    0.0389646
1998-06-10/20:45:30      230.100     -70.8700      8.32000      55.0000      1.77427     0.573576    0.0253666
1998-06-10/21:14:38      94.6000     -19.0200      8.42000      105.000      2.46569     0.258819    0.0415680
1998-06-10/21:14:58      94.2900     -17.0300      8.39000      115.000      3.88985     0.422618    0.0615299
1998-06-10/21:15:18      93.6500     -15.2700      8.24000      131.000      4.89541     0.656059    0.0644832
1998-06-10/21:15:38      92.4900     -14.0400      8.49000      132.000      2.89838     0.669131    0.0375929
1998-06-10/21:15:58      92.7200     -13.3400      8.41000      127.000      3.57709     0.601815    0.0498604
1998-06-10/21:16:18      92.3200     -13.0200      8.32000      119.000      2.45967     0.484810    0.0375468
1998-06-10/21:16:38      90.3000     -12.5700      8.16000      112.000      1.33425     0.374607    0.0215914
1998-06-10/21:16:59      84.9700     -12.5600      7.89000      106.000      2.04680     0.275637    0.0343395
1998-06-10/21:19:19      85.7000     -3.75000      8.47000      123.000      1.64087     0.544639    0.0240183
1998-06-10/21:19:39      88.7600     -3.01000      8.76000      118.000      1.76345     0.469472    0.0271754
1998-06-10/21:20:19      87.8900    -0.960000      8.44000      139.000      3.61108     0.754710    0.0413483
1998-06-10/21:20:39      84.9300   -0.0100000      8.02000      137.000      2.19198     0.731354    0.0260914
1998-06-10/21:20:59      87.9400      1.30000      7.86000      138.000      4.02178     0.743145    0.0469685
1998-06-10/21:21:19      90.3700      2.27000      6.54000      111.000      5.62288     0.358368    0.0916195
1998-06-10/21:21:39      90.7600      3.19000      6.73000      108.000      3.91815     0.309017    0.0650376
1998-06-10/21:35:01      78.5500      45.8800      6.24000      114.000      1.67200     0.406737    0.0266590
1998-06-10/21:36:42      79.5800      50.6700      6.25000      112.000      1.68015     0.374607    0.0271889
1998-06-10/21:37:03      77.4100      51.9500      6.44000      109.000      2.75142     0.325568    0.0454051
1998-06-10/21:37:23      83.6300      53.1900      6.08000      108.000      3.12735     0.309017    0.0519111
1998-06-10/21:37:43      84.2800      53.7300      5.58000      94.0000      3.27280    0.0697566    0.0569820
1998-06-10/21:38:03      85.5100      54.7700      4.87000      95.0000      3.56113    0.0871559    0.0619169
1998-06-10/21:38:22      85.6300      55.8400      5.94000      97.0000      3.54206     0.121869    0.0613598
1998-06-10/21:38:42      87.1600      57.1200      11.2800      116.000      4.18389     0.438371    0.0656323
1998-06-10/21:39:02      85.5100      58.4700      7.52000      103.000      3.09582     0.224951    0.0526474
1998-06-10/21:39:22      83.1100      59.3600      7.31000      108.000      3.35424     0.309017    0.0556773
1998-06-10/21:39:43      78.5900      60.3900      7.33000      121.000      3.13232     0.515038    0.0468607
1998-06-10/21:40:03      77.8200      61.2300      7.00000      105.000      3.60824     0.258819    0.0608298
1998-06-10/21:40:23      75.4100      61.9600      6.69000      104.000      3.29861     0.241922    0.0558615
1998-06-10/21:40:43      73.2500      63.0400      6.70000      120.000      3.34165     0.500000    0.0505090
1998-06-10/21:41:04      74.3800      64.4200      6.80000      103.000      2.53537     0.224951    0.0431164
1998-06-10/21:41:24      70.3600      65.5800      6.78000      104.000      3.37305     0.241922    0.0571221
1998-06-10/21:41:44      66.5200      66.4600      7.02000      108.000      3.27522     0.309017    0.0543656
1998-06-10/21:42:04      63.9600      67.2600      6.81000      103.000      2.89847     0.224951    0.0492913
1998-06-10/21:42:23      53.2200      67.1200      7.01000      110.000      2.94955     0.342020    0.0483748
1998-06-10/22:33:15      269.190     -39.9300      5.30000      47.0000      4.03781     0.681998    0.0515408
1998-06-10/22:33:35      269.910     -40.8900      5.71000      45.0000      3.27043     0.707107    0.0403615
1998-06-10/22:33:55      270.340     -41.6900      5.84000      38.0000      6.17150     0.788011    0.0663147
1998-06-10/22:34:15      270.190     -43.1100      5.91000      41.0000      3.86611     0.754710    0.0442685
1998-06-10/22:34:36      271.880     -44.9300      5.38000      45.0000      2.23258     0.707107    0.0275530
1998-06-10/22:34:56      270.330     -46.4800      4.44000      54.0000      1.91644     0.587785    0.0270602
1998-06-10/22:35:16      268.390     -47.4600      6.44000      55.0000      1.55036     0.573576    0.0221653
1998-06-10/22:35:36      270.200     -48.5500      6.56000      57.0000      2.56560     0.544639    0.0375541
1998-06-10/22:35:55      267.670     -49.4500      6.92000      62.0000      3.04900     0.469472    0.0469861
1998-06-10/22:36:16      266.620     -50.4200      7.21000      60.0000      2.72378     0.500000    0.0411699
1998-06-10/22:36:36      266.370     -51.4800      7.14000      62.0000      2.93155     0.469472    0.0451762
1998-06-10/22:36:56      266.340     -52.9000      7.14000      69.0000      3.03986     0.358368    0.0495316
1998-06-10/22:37:16      263.150     -54.5400      7.30000      72.0000      2.56265     0.309017    0.0425376
1998-06-10/22:37:37      260.120     -55.7000      7.22000      69.0000      2.65743     0.358368    0.0433003
1998-06-10/22:37:57      257.010     -56.7100      8.59000      63.0000      2.47717     0.453990    0.0385225
1998-06-10/22:38:17      259.300     -57.5300      7.63000      65.0000      1.85548     0.422618    0.0293501
1998-06-10/22:38:37      256.270     -59.2200      8.10000      67.0000      1.56737     0.390731    0.0251811
1998-06-10/22:38:57      249.210     -59.8700      8.41000      62.0000      2.70413     0.469472    0.0416716
1998-06-10/22:39:17      253.390     -61.1100      8.46000      59.0000      2.87450     0.515038    0.0430036
1998-06-10/22:39:37      251.050     -61.7800      8.39000      61.0000      2.62505     0.484810    0.0400714
1998-06-11/05:00:43      81.9600     -34.5900      7.60000      76.0000      4.99506     0.241922    0.0845906
1998-06-11/05:01:03      85.7600     -34.3000      8.51000      80.0000      3.45414     0.173648    0.0593702
1998-06-11/05:01:24      86.5500     -33.5100      9.68000      78.0000      2.66120     0.207912    0.0454317
1998-06-11/05:01:44      86.1500     -33.0000      10.4800      81.0000      2.95756     0.156434    0.0509836
1998-06-11/05:02:04      86.2200     -32.1800      10.3800      74.0000      4.30197     0.275637    0.0721749
1998-06-11/05:02:24      87.3600     -30.9000      10.3100      58.0000      2.69424     0.529919    0.0398781
1998-06-11/05:02:43      86.7700     -29.8100      10.9600      49.0000      2.95564     0.656059    0.0389322
1998-06-11/05:03:03      85.1000     -28.6300      10.2500      41.0000      2.92034     0.754710    0.0334390
1998-06-11/05:03:23      83.8100     -27.6500      9.17000      34.0000      2.50573     0.829038    0.0244553
1998-06-11/05:04:04      85.4900     -25.5900      9.36000      66.0000      1.46827     0.406737    0.0234106
1998-06-11/05:04:24      86.5800     -24.2600      7.99000      65.0000      1.85548     0.422618    0.0293501
1998-06-11/05:04:44      86.6500     -23.3800      8.58000      62.0000      2.58715     0.469472    0.0398689
1998-06-11/05:05:04      86.5200     -22.0600      8.73000      59.0000      3.24624     0.515038    0.0485650
1998-06-11/05:05:25      87.1500     -20.8700      8.92000      61.0000      3.20731     0.484810    0.0489596
1998-06-11/05:05:45      88.1800     -19.5500      8.42000      68.0000      2.41315     0.374607    0.0390506
1998-06-11/05:06:05      88.9400     -18.3500      8.63000      62.0000      3.48879     0.469472    0.0537635
1998-06-11/05:06:25      89.8500     -17.1600      8.79000      58.0000      2.94793     0.529919    0.0436330
1998-06-11/05:06:45      90.5000     -16.1900      8.73000      56.0000      1.71277     0.559193    0.0247828
1998-06-11/05:07:05      90.3900     -15.1500      8.07000      64.0000      2.69276     0.438371    0.0422411
1998-06-11/05:07:25      90.2600     -14.0600      7.14000      64.0000      2.55251     0.438371    0.0400410
1998-06-11/05:07:45      90.2500     -13.0600      7.31000      58.0000      2.75133     0.529919    0.0407231
1998-06-11/05:08:05      90.5200     -12.0000      7.15000      59.0000      3.24624     0.515038    0.0485650
1998-06-11/05:08:25      90.4100     -10.8800      6.72000      56.0000      1.76984     0.559193    0.0256086
1998-06-11/05:08:45      90.8000     -9.63000      8.17000      61.0000      2.42354     0.484810    0.0369953
1998-06-11/05:09:05      91.2700     -8.52000      8.45000      62.0000      2.05042     0.469472    0.0315977
1998-06-11/05:09:25      91.4600     -7.39000      8.42000      56.0000      2.17132     0.559193    0.0314178
1998-06-11/06:50:08      72.3400     -61.9000      8.41000      49.0000      3.97021     0.656059    0.0522963
1998-06-11/06:50:28      73.2400     -60.9400      7.85000      54.0000      2.29797     0.587785    0.0324474
1998-06-11/06:50:48      75.4800     -60.0300      7.67000      53.0000      3.00177     0.601815    0.0418411
1998-06-11/06:51:09      74.3000     -58.7200      7.66000      49.0000      2.80401     0.656059    0.0369349
1998-06-11/06:51:29      73.2300     -57.2700      7.55000      49.0000      5.57643     0.656059    0.0734537
1998-06-11/06:51:49      73.2500     -55.9600      7.34000      62.0000      6.66541     0.469472     0.102716
1998-06-11/06:52:09      78.6700     -55.2400      7.06000      33.0000      2.70573     0.838671    0.0257200
1998-06-11/06:52:29      80.8200     -54.1800      7.82000      70.0000      25.5614     0.342020     0.419226
1998-06-11/06:52:49      79.8600     -53.1800      8.63000      67.0000      17.4097     0.390731     0.279702
1998-06-11/06:53:09      80.2000     -52.1700      7.87000      53.0000      6.22073     0.601815    0.0867096
1998-06-11/06:53:29      76.9900     -51.4800      6.38000      59.0000      2.92475     0.515038    0.0437554
1998-06-11/06:53:49      73.5900     -50.1600      6.46000      57.0000      2.66196     0.544639    0.0389646
1998-06-11/06:54:09      72.8200     -48.2400      6.41000      59.0000      2.68786     0.515038    0.0402114
1998-06-11/06:54:49      74.3100     -45.9100      5.95000      59.0000      2.97762     0.515038    0.0445464
1998-06-11/06:55:10      78.2600     -45.0400      5.30000      64.0000      3.00722     0.438371    0.0471740
1998-06-11/06:55:30      80.5400     -44.4800      5.64000      58.0000      2.69424     0.529919    0.0398781
1998-06-11/06:55:50      80.6700     -43.8900      5.49000      51.0000      3.76307     0.629320    0.0510414
1998-06-11/06:56:10      81.4600     -43.1500      5.57000      50.0000      4.10091     0.642788    0.0548292
1998-06-11/06:56:29      81.6200     -42.3900      4.74000      61.0000      3.10994     0.484810    0.0474732
1998-06-11/06:56:49      80.2800     -41.6000      6.24000      59.0000      2.46330     0.515038    0.0368519
1998-06-11/06:57:09      79.6900     -40.8400      6.54000      56.0000      1.66979     0.559193    0.0241609
1998-06-11/06:57:29      75.4000     -40.0200      6.47000      54.0000      2.35709     0.587785    0.0332821
1998-06-11/08:42:33      28.8300     -80.4200      6.45000      74.0000      3.92395     0.275637    0.0658328
1998-06-11/08:42:53      32.1400     -79.3100      6.47000      75.0000      3.37305     0.258819    0.0568649
1998-06-11/08:47:55      67.8500     -60.0600      6.22000      46.0000      3.28870     0.694658    0.0412891
1998-06-11/08:48:15      78.3400     -60.7200      6.17000      42.0000      6.23492     0.743145    0.0728147
1998-06-11/08:48:35      81.4100     -60.9100      6.05000      47.0000      2.98051     0.681998    0.0380448
1998-06-11/08:48:55      79.8300     -60.5400      6.01000      64.0000      3.00722     0.438371    0.0471740
1998-06-11/08:49:16      74.3300     -59.9500      6.10000      66.0000      1.58863     0.406737    0.0253297
1998-06-11/08:51:15      80.8100     -55.5300      6.03000      69.0000      2.32336     0.358368    0.0378569
1998-06-11/08:51:36      80.7700     -54.4000      5.99000      68.0000      1.86614     0.374607    0.0301986
1998-06-11/08:51:56      79.8500     -52.6800      6.05000      73.0000      2.76827     0.292372    0.0462043
1998-06-11/08:52:16      79.9500     -51.4400      6.29000      69.0000      2.78623     0.358368    0.0453990
1998-06-11/08:52:36      84.4200     -49.5900      6.53000      75.0000      2.85144     0.258819    0.0480712
1998-06-11/08:52:55      86.7000     -47.4200      6.45000      98.0000      4.02632     0.139173    0.0695887
1998-06-11/08:53:16      87.0000     -46.2600      6.35000      62.0000      4.65407     0.469472    0.0717208
1998-06-11/08:53:36      87.2800     -45.2000      5.68000      58.0000      3.31091     0.529919    0.0490055
1998-06-11/08:53:56      87.6200     -43.9600      6.03000      40.0000      27.2650     0.766044     0.305880
1998-06-11/08:54:16      87.2800     -43.2600      6.10000      63.0000      5.10837     0.453990    0.0794403
1998-06-11/08:54:36      87.7500     -42.5900      6.24000      57.0000      2.48027     0.544639    0.0363051
1998-06-11/08:54:56      88.3700     -41.5600      6.11000      44.0000      3.84070     0.719340    0.0465649
1998-06-11/08:55:16      88.8300     -40.5600      6.20000      99.0000      24.3528     0.156434     0.419804
1998-06-11/08:55:37      88.4600     -39.3600      6.49000      67.0000      5.11072     0.390731    0.0821080
1998-06-11/08:55:57      88.1400     -39.7900      6.51000      103.000      4.07256     0.224951    0.0692578
1998-06-11/08:59:58      83.9400     -26.1600      6.49000      72.0000      2.31438     0.309017    0.0384165
1998-06-11/09:00:18      84.2300     -25.1400      6.58000      70.0000      2.75142     0.342020    0.0451253
1998-06-11/09:00:38      84.7700     -23.6500      6.65000      63.0000      2.85385     0.453990    0.0443802
1998-06-11/09:00:58      85.2000     -22.3000      6.86000      57.0000      2.33138     0.544639    0.0341257
1998-06-11/09:01:18      85.9200     -20.9400      6.95000      58.0000      2.80403     0.529919    0.0415031
1998-06-11/09:01:38      86.5600     -19.6200      6.82000      71.0000      2.72086     0.325568    0.0449008
1998-06-11/09:01:58      86.3700     -18.6100      8.79000      77.0000      1.60103     0.224951    0.0272271
1998-06-11/09:02:18      86.5300     -17.6500      6.91000      79.0000      1.66439     0.190809    0.0285154
1998-06-11/09:02:38      86.4900     -16.5900      7.36000      76.0000      1.78707     0.241922    0.0302638
1998-06-11/09:02:58      85.6900     -15.4400      8.58000      75.0000      3.22223     0.258819    0.0543222
1998-06-11/09:03:19      84.9200     -14.5100      7.79000      78.0000      1.82292     0.207912    0.0311207
1998-06-11/09:03:39      84.4000     -13.4400      7.54000      65.0000      1.94222     0.422618    0.0307221
1998-06-11/09:03:59      84.0200     -12.4000      7.74000      65.0000      2.00852     0.422618    0.0317709
1998-06-11/09:04:19      84.5500     -11.4000      7.83000      63.0000      2.47717     0.453990    0.0385225
1998-06-11/09:04:39      85.2800     -10.2700      7.94000      66.0000      1.92248     0.406737    0.0306527
1998-06-11/09:04:59      85.6000     -9.21000      7.90000      61.0000      2.71868     0.484810    0.0415006
1998-06-11/09:05:19      86.5800     -8.00000      8.03000      56.0000      2.11018     0.559193    0.0305331
1998-06-11/09:05:39      85.8800     -6.35000      7.97000      59.0000      2.39210     0.515038    0.0357868
1998-06-11/09:05:59      84.4700     -5.02000      8.19000      58.0000      3.31091     0.529919    0.0490055
1998-06-11/09:06:19      83.2100     -4.07000      8.31000      58.0000      2.42035     0.529919    0.0358242
1998-06-11/09:06:39      83.6600     -2.67000      8.44000      57.0000      2.81476     0.544639    0.0412012
1998-06-11/09:06:59      83.4900     -1.39000      8.43000      54.0000      2.21851     0.587785    0.0313254
1998-06-11/09:07:20      82.5200    -0.110000      8.31000      59.0000      2.46330     0.515038    0.0368519
1998-06-11/09:07:39      81.6500      1.14000      8.19000      57.0000      2.33138     0.544639    0.0341257
1998-06-11/09:07:59      82.9000      2.45000      8.17000      58.0000      3.23298     0.529919    0.0478521
1998-06-11/09:08:19      82.8600      3.97000      8.18000      73.0000      3.37382     0.292372    0.0563113
1998-06-11/09:08:39      83.6400      5.56000      8.24000      59.0000      3.24624     0.515038    0.0485650
1998-06-11/09:09:00      81.2000      7.15000      8.24000      58.0000      2.80403     0.529919    0.0415031
1998-06-11/09:09:20      83.3800      7.45000      8.31000      50.0000      4.78361     0.642788    0.0639569
1998-06-11/09:09:40      84.0700      8.18000      8.38000      56.0000      2.11018     0.559193    0.0305331
1998-06-11/09:10:00      82.8000      9.11000      8.04000      62.0000      3.38384     0.469472    0.0521461
1998-06-11/09:10:21      80.7500      10.5000      8.14000      66.0000      2.53069     0.406737    0.0403503
1998-06-11/11:39:34      207.260      73.3600      8.28000      103.000      5.79159     0.224951    0.0984916
1998-06-11/11:40:33      230.490      74.0000      7.96000      118.000      4.54485     0.469472    0.0700377
1998-06-11/11:40:53      236.680      73.5500      8.03000      113.000      4.44103     0.390731    0.0713489
1998-06-11/11:41:13      241.070      73.0000      8.02000      131.000      6.26182     0.656059    0.0824817
1998-06-11/11:41:34      243.310      71.9700      8.09000      100.000      5.51226     0.173648    0.0947455
1998-06-11/11:42:14      248.500      69.8600      8.26000      120.000      7.36306     0.500000     0.111293
1998-06-11/11:42:34      249.400      68.4500      8.05000      116.000      21.9194     0.438371     0.343848
1998-06-11/11:47:35      254.440      53.6600      7.44000      108.000      4.90683     0.309017    0.0814488
1998-06-11/11:47:55      254.180      52.6400      7.75000      101.000      2.68482     0.190809    0.0459980
1998-06-11/11:48:15      253.190      51.6600      7.82000      107.000      3.59803     0.292372    0.0600535
1998-06-11/11:49:16      255.220      48.3100      7.78000      105.000      6.44406     0.258819     0.108638
1998-06-11/11:51:56      261.180      39.9700      8.02000      121.000      3.56322     0.515038    0.0533072
1998-06-11/11:53:17      263.190      35.8500      7.88000      97.0000      9.38476     0.121869     0.162574
1998-06-11/11:53:36      263.430      34.7700      7.91000      97.0000      5.90919     0.121869     0.102366
1998-06-11/11:54:16      263.460      32.7200      8.01000      93.0000      5.76786    0.0523359     0.100530
1998-06-11/11:56:18      264.630      25.8600      8.16000      101.000      1.85434     0.190809    0.0317697
1998-06-11/11:56:38      264.820      24.8600      8.96000      102.000      2.36358     0.207912    0.0403508
1998-06-11/11:56:58      264.770      23.7800      9.74000      103.000      4.49561     0.224951    0.0764522
1998-06-11/11:57:57      263.900      21.2600      9.48000      96.0000      3.24676     0.104529    0.0563562
1998-06-11/11:58:17      263.950      20.3200      10.1700      104.000      3.12045     0.241922    0.0528444
1998-06-11/11:58:37      264.380      19.1500      9.11000      105.000      2.85935     0.258819    0.0482046
1998-06-11/11:58:58      264.500      18.2500      8.70000      109.000      3.11900     0.325568    0.0514710
1998-06-11/11:59:18      263.870      16.8100      8.71000      132.000      5.94674     0.669131    0.0771312
1998-06-11/11:59:38      263.880      15.4200      8.78000      122.000      5.22966     0.529919    0.0774054
1998-06-11/11:59:58      264.640      14.4500      8.75000      115.000      5.07437     0.422618    0.0802667
1998-06-11/12:00:18      264.590      13.4600      8.48000      98.0000      5.29420     0.139173    0.0915020
1998-06-11/12:00:39      264.250      12.4700      8.40000      104.000      4.56736     0.241922    0.0773476
1998-06-11/12:00:59      263.430      11.3300      8.39000      105.000      4.56806     0.258819    0.0770110
1998-06-11/12:01:19      263.290      10.2400      8.45000      100.000      2.93754     0.173648    0.0504908
1998-06-11/12:01:38      262.880      8.90000      8.75000      97.0000      5.81941     0.121869     0.100811
1998-06-11/12:01:58      262.580      7.66000      8.75000      98.0000      3.49675     0.139173    0.0604359
1998-06-11/12:02:18      261.080      6.29000      8.74000      95.0000      7.92562    0.0871559     0.137802
1998-06-11/12:03:19      261.520      2.51000      8.75000      92.0000      9.62558    0.0348995     0.167896
1998-06-11/12:03:59      262.670     0.400000      8.88000      110.000      6.05545     0.342020    0.0993138
1998-06-11/12:04:18      263.650    -0.220000      9.11000      122.000      21.3608     0.529919     0.316166
1998-06-11/12:04:39      264.050     -1.03000      8.77000      102.000      19.1297     0.207912     0.326580
1998-06-11/12:04:59      263.090     -2.36000      8.64000      102.000      19.1297     0.207912     0.326580
1998-06-11/12:05:19      263.780     -3.07000      9.12000      123.000      23.1802     0.544639     0.339302
1998-06-11/12:06:19      263.270     -6.86000      8.82000      110.000      9.32133     0.342020     0.152877
1998-06-11/12:06:39      262.640     -8.01000      8.79000      127.000      22.1762     0.601815     0.309110
1998-06-11/12:38:47      48.2600     -76.3000      8.94000      49.0000      4.50733     0.656059    0.0593713
1998-06-11/12:39:07      48.9900     -74.9600      8.89000      55.0000      4.38424     0.573576    0.0626810
1998-06-11/12:40:47      42.1700     -68.6400      8.68000      70.0000      4.71565     0.342020    0.0773401
1998-06-11/12:41:27      60.9700     -67.5500      8.63000      59.0000      4.12284     0.515038    0.0616793
1998-06-11/12:41:48      63.9600     -67.6900      8.92000      59.0000      5.29080     0.515038    0.0791524
1998-06-11/12:42:08      63.1200     -67.2700      8.85000      65.0000      3.37699     0.422618    0.0534174
1998-06-11/12:42:28      64.6100     -66.9200      9.09000      68.0000      3.93253     0.374607    0.0636378
1998-06-11/12:46:29      70.4000     -54.1700      8.67000      74.0000      3.75271     0.275637    0.0629599
1998-06-11/12:47:30      71.8600     -50.5700      9.05000      65.0000      3.09401     0.422618    0.0489412
1998-06-11/12:47:50      75.5400     -49.5100      8.79000      49.0000      5.41771     0.656059    0.0713630
1998-06-11/12:48:10      75.3700     -48.2200      8.75000      49.0000      12.8986     0.656059     0.169903
1998-06-11/12:48:29      79.0800     -47.3400      8.78000      75.0000      3.65734     0.258819    0.0616576
1998-06-11/12:48:49      79.4900     -46.4100      8.89000      77.0000      2.97429     0.224951    0.0505807
1998-06-11/12:49:09      79.0100     -45.7600      9.03000      78.0000      2.74699     0.207912    0.0468963
1998-06-11/12:49:29      76.1200     -44.3400      8.79000      78.0000      2.52565     0.207912    0.0431176
1998-06-11/12:49:50      79.7300     -43.4100      8.58000      68.0000      4.16675     0.374607    0.0674281
1998-06-11/12:50:10      78.7600     -42.5900      9.11000      67.0000      2.54874     0.390731    0.0409477
1998-06-11/12:50:30      77.9600     -41.6100      8.79000      72.0000      4.13682     0.309017    0.0686674
1998-06-11/12:50:50      78.7600     -40.3400      8.80000      65.0000      5.84843     0.422618    0.0925108
1998-06-11/12:51:09      79.8000     -39.5300      9.06000      61.0000      3.20731     0.484810    0.0489596
1998-06-11/12:51:30      79.1800     -38.5700      8.89000      60.0000      5.52790     0.500000    0.0835542
1998-06-11/12:54:51      83.4600     -26.4100      8.57000      57.0000      3.33634     0.544639    0.0488359
1998-06-11/12:55:10      82.2900     -25.4300      8.57000      62.0000      2.93155     0.469472    0.0451762
1998-06-11/12:55:30      82.2700     -24.3300      8.64000      56.0000      2.53819     0.559193    0.0367262
1998-06-11/12:55:51      80.9600     -23.6800      8.48000      64.0000      3.61512     0.438371    0.0567101
1998-06-11/12:56:11      80.7600     -22.2700      8.47000      63.0000      3.56278     0.453990    0.0554048
1998-06-11/12:56:31      79.6600     -21.0200      8.28000      60.0000      3.57206     0.500000    0.0539917
1998-06-11/12:56:51      79.6300     -19.7700      8.42000      63.0000      3.12038     0.453990    0.0485250
1998-06-11/12:57:12      80.4900     -18.6300      8.20000      63.0000      3.23533     0.453990    0.0503126
1998-06-11/12:57:32      81.6900     -17.5100      8.28000      51.0000      8.62271     0.629320     0.116956
1998-06-11/12:57:52      82.3100     -16.6500      8.24000      58.0000      3.23298     0.529919    0.0478521
1998-06-11/12:58:12      82.4400     -15.8300      8.33000      61.0000      4.54485     0.484810    0.0693771
1998-06-11/12:58:32      81.7300     -14.8400      8.35000      66.0000      2.02531     0.406737    0.0322923
1998-06-11/12:58:52      77.2600     -12.6800      8.22000      68.0000      3.72656     0.374607    0.0603047
1998-06-11/12:59:12      75.8600     -10.4200      8.06000      37.0000      7.17296     0.798635    0.0753423
1998-06-11/12:59:32      80.4100     -9.71000      7.93000      50.0000      5.82398     0.642788    0.0778666
1998-06-11/12:59:52      81.6500     -8.97000      7.01000      56.0000      2.11018     0.559193    0.0305331
1998-06-11/13:00:12      81.4900     -8.26000      7.19000      49.0000      4.50733     0.656059    0.0593713
1998-06-11/13:00:32      80.7100     -7.04000      7.03000      53.0000      2.90571     0.601815    0.0405022
1998-06-11/13:00:52      80.3600     -5.85000      8.86000      42.0000      5.52538     0.743145    0.0645283
1998-06-11/13:48:03      253.930      46.1100      8.81000      106.000      3.60398     0.275637    0.0604646
1998-06-11/13:48:23      254.430      45.3300      8.13000      110.000      3.45863     0.342020    0.0567241
1998-06-11/13:48:43      256.810      44.1900      8.25000      95.0000      3.64144    0.0871559    0.0633133
1998-06-11/13:49:03      258.290      42.9400      8.12000      92.0000      2.43456    0.0348995    0.0424652
1998-06-11/13:49:23      258.640      41.3900      8.24000      101.000      2.89487     0.190809    0.0495967
1998-06-11/13:49:43      256.610      40.6500      8.03000      109.000      3.38317     0.325568    0.0558305
1998-06-11/13:50:03      259.140      39.8100      8.01000      94.0000      3.53395    0.0697566    0.0615288
1998-06-11/13:50:23      259.160      38.3900      7.70000      102.000      2.56531     0.207912    0.0437947
1998-06-11/13:50:43      258.270      37.9000      7.69000      110.000      2.94955     0.342020    0.0483748
1998-06-11/13:51:03      260.790      36.7700      10.0000      102.000      2.28924     0.207912    0.0390817
1998-06-11/13:52:23      260.930      31.7700      12.8800      99.0000      5.39066     0.156434    0.0929264
1998-06-11/13:52:43      260.290      30.1800      11.4000      119.000      9.59639     0.484810     0.146489
1998-06-11/13:53:04      258.930      29.1700      8.30000      125.000      2.41496     0.573576    0.0345264
1998-06-11/13:53:24      257.450      27.8500      7.92000      123.000      2.17132     0.544639    0.0317828
1998-06-11/13:53:44      257.980      26.6300      7.82000      119.000      4.13137     0.484810    0.0630653
1998-06-11/14:03:26      254.580     -1.69000      8.56000      113.000      1.64092     0.390731    0.0263628
1998-06-11/14:03:46      255.850     -2.66000      9.14000      117.000      2.45583     0.453991    0.0381906
1998-06-11/14:04:06      256.220     -3.47000      9.40000      112.000      1.52115     0.374607    0.0246159
1998-06-11/14:04:26      257.100     -4.56000      8.94000      110.000      2.65743     0.342020    0.0435838
1998-06-11/14:04:47      258.920     -5.75000      8.47000      111.000      2.76042     0.358368    0.0449784
1998-06-11/14:05:07      259.350     -7.05000      9.58000      107.000      2.80513     0.292372    0.0468195
1998-06-11/14:05:47      259.220     -9.47000      9.31000      111.000      3.93253     0.358368    0.0640768
1998-06-11/14:06:06      259.080     -10.4500      9.00000      111.000      3.42468     0.358368    0.0558019
1998-06-11/14:06:26      258.390     -11.6200      8.81000      107.000      4.25171     0.292372    0.0709639
1998-06-11/14:06:46      258.140     -12.7700      8.72000      110.000      3.07254     0.342020    0.0503919
1998-06-11/14:07:07      257.440     -14.1900      8.83000      107.000      3.22839     0.292372    0.0538840
1998-06-11/14:07:27      257.170     -15.4300      8.61000      105.000      2.68027     0.258819    0.0451856
1998-06-11/14:07:47      256.850     -16.7700      8.44000      99.0000      3.05685     0.156434    0.0526952
1998-06-11/14:08:07      257.340     -17.9600      8.18000      95.0000      2.96642    0.0871559    0.0515768
1998-06-11/14:08:27      253.540     -19.4000      8.02000      96.0000      3.41592     0.104529    0.0592925
1998-06-11/14:42:15      67.2500     -60.1200      8.60000      68.0000      2.89320     0.374607    0.0468189
1998-06-11/14:42:35      67.2200     -59.2900      8.68000      61.0000      4.21409     0.484810    0.0643281
1998-06-11/14:42:55      67.0200     -58.3000      8.60000      62.0000      3.60112     0.469472    0.0554945
1998-06-11/14:43:15      68.6300     -57.4100      8.39000      51.0000      3.76307     0.629320    0.0510414
1998-06-11/14:43:36      67.9600     -56.3500      8.09000      43.0000      3.25040     0.731354    0.0386899
1998-06-11/14:43:56      68.7500     -55.5400      7.99000      48.0000      2.94219     0.669131    0.0381612
1998-06-11/14:44:16      67.5500     -54.7700      8.20000      70.0000      4.13709     0.342020    0.0678513
1998-06-11/14:44:55      69.2000     -52.3900      8.32000      69.0000      3.03986     0.358368    0.0495316
1998-06-11/14:45:15      70.4900     -51.3700      8.09000      64.0000      3.34448     0.438371    0.0524646
1998-06-11/14:45:36      72.1300     -50.2900      7.88000      63.0000      3.34944     0.453990    0.0520871
1998-06-11/14:45:56      71.0500     -49.0700      7.66000      62.0000      3.16633     0.469472    0.0487942
1998-06-11/14:46:16      71.1000     -47.3600      7.40000      48.0000      2.94219     0.669131    0.0381612
1998-06-11/14:46:36      75.0000     -46.3200      7.04000      36.0000      9.59244     0.809017    0.0984068
1998-06-11/14:46:56      76.7200     -45.4000      7.34000      61.0000      5.35676     0.484810    0.0817709
1998-06-11/14:47:16      76.9000     -44.2200      7.73000      62.0000      3.16633     0.469472    0.0487942
1998-06-11/14:47:37      76.4400     -43.0100      7.85000      53.0000      3.00177     0.601815    0.0418411
1998-06-11/14:47:57      77.8400     -41.9300      7.68000      72.0000      4.34779     0.309017    0.0721693
1998-06-11/14:52:58      79.4800     -26.2700      7.65000      77.0000      2.23194     0.224951    0.0379563
1998-06-11/14:53:18      78.6800     -25.2400      7.69000      70.0000      2.83748     0.342020    0.0465367
1998-06-11/14:53:38      77.1500     -24.1700      7.59000      70.0000      2.83748     0.342020    0.0465367
1998-06-11/14:53:58      78.2000     -23.0300      7.80000      69.0000      2.35372     0.358368    0.0383516
1998-06-11/14:54:18      77.5900     -21.7300      7.73000      68.0000      2.04548     0.374607    0.0331008
1998-06-11/14:54:38      78.2000     -20.6100      7.54000      65.0000      2.05132     0.422618    0.0324479
1998-06-11/14:54:58      79.4000     -19.5800      7.30000      68.0000      2.37731     0.374607    0.0384706
1998-06-11/14:55:18      81.0600     -18.7300      7.51000      67.0000      1.90709     0.390731    0.0306390
1998-06-11/14:55:39      81.4400     -18.0200      8.13000      68.0000      2.32941     0.374607    0.0376955
1998-06-11/14:55:59      81.9000     -17.0300      8.15000      68.0000      2.25057     0.374607    0.0364197
1998-06-11/14:56:19      80.9500     -16.2000      8.25000      66.0000      1.74178     0.406737    0.0277716
1998-06-11/14:56:39      80.1800     -15.0600      8.24000      64.0000      2.69276     0.438371    0.0422411
1998-06-11/14:56:59      80.2000     -14.0300      8.29000      72.0000      2.72835     0.309017    0.0452881
1998-06-11/14:57:19      80.9100     -12.9100      8.22000      72.0000      2.31438     0.309017    0.0384165
1998-06-11/14:57:39      80.4100     -11.8300      8.11000      65.0000      2.26885     0.422618    0.0358888
1998-06-11/14:57:59      81.4900     -10.7200      8.41000      52.0000      3.69186     0.615661    0.0507756
1998-06-11/14:58:19      81.3200     -9.73000      8.52000      65.0000      1.67200     0.422618    0.0264478
1998-06-11/14:58:39      81.1500     -8.87000      8.34000      66.0000      1.25657     0.406737    0.0200352
1998-06-11/14:58:59      80.1900     -7.65000      8.19000      61.0000      2.62505     0.484810    0.0400714
1998-06-11/14:59:19      77.8300     -6.26000      8.25000      67.0000      1.81141     0.390731    0.0291018
