1998-11-02/05:00:24      177.810      41.1800      9.46000      126.000      2.78934     0.587785    0.0393855
1998-11-02/05:00:44      177.740      40.3400      10.6800      116.000      2.04763     0.438371    0.0321210
1998-11-02/05:01:04      177.680      39.4000      10.1600      118.000      2.52996     0.469472    0.0389875
1998-11-02/05:01:24      177.590      38.3900      8.23000      121.000      2.56239     0.515038    0.0383344
1998-11-02/05:01:45      177.480      37.3500      8.75000      127.000      2.92358     0.601815    0.0407513
1998-11-02/05:02:05      177.540      36.1900      11.5000      115.000      1.78727     0.422618    0.0282711
1998-11-02/05:02:25      177.550      34.9800      11.9700      110.000      2.05488     0.342020    0.0337015
1998-11-02/05:02:45      177.470      33.7700      9.00000      118.000      2.30775     0.469472    0.0355632
1998-11-02/05:03:04      177.320      32.5800      6.28000      116.000      2.85385     0.438371    0.0447681
1998-11-02/05:03:24      176.940      31.3600      9.87000      122.000      2.19844     0.529919    0.0325396
1998-11-02/05:03:44      176.470      30.0000      11.3300      127.000      2.74226     0.601815    0.0382239
1998-11-02/05:04:04      176.020      28.4400      10.4600      134.000      1.98574     0.694658    0.0249307
1998-11-02/05:04:45      176.770      24.8100      9.06000      169.000      19.0868     0.981627    0.0635637
1998-11-02/05:05:05      176.830      23.8400      9.15000      120.000      21.9826     0.500000     0.332267
1998-11-02/05:05:25      177.300      23.2500      9.02000      168.000      26.9898     0.978148    0.0979390
1998-11-02/05:05:44      177.560      23.2600      9.64000      141.000      3.47534     0.777146    0.0381721
1998-11-02/05:06:04      177.270      22.7700      8.95000      123.000      1.83647     0.544639    0.0268814
1998-11-02/05:06:24      177.360      22.0400      9.04000      126.000      2.01124     0.587785    0.0283987
1998-11-02/05:06:44      177.190      21.3900      9.87000      119.000      2.55857     0.484810    0.0390565
1998-11-02/05:07:05      177.190      20.2300      9.69000      126.000      3.29175     0.587785    0.0464795
1998-11-02/05:07:25      176.810      18.9100      8.13000      145.000      2.02115     0.819152    0.0202333
1998-11-02/05:07:45      176.560      17.5200      9.33000      122.000      3.21278     0.529919    0.0475531
1998-11-02/05:08:05      176.500      15.7800      9.30000      142.000      5.10555     0.788011    0.0548608
1998-11-02/05:08:24      176.760      14.3700      9.70000      137.000      2.95958     0.731354    0.0352282
1998-11-02/05:08:44      177.010      13.3400      11.6400      135.000      1.91243     0.707107    0.0236020
1998-11-02/05:09:04      177.060      12.3100      10.1200      134.000      2.70510     0.694658    0.0339621
1998-11-02/05:09:24      176.950      11.3400      11.6400      135.000      3.84070     0.707107    0.0473994
1998-11-02/05:09:45      176.860      10.3300      10.7900      145.000      2.20234     0.819152    0.0220472
1998-11-02/05:10:05      176.740      9.30000      7.69000      128.000      4.45622     0.615661    0.0612881
1998-11-02/05:10:25      176.720      8.10000      9.45000      127.000      3.57709     0.601815    0.0498604
1998-11-02/05:10:45      176.530      7.07000      11.2300      122.000      2.26089     0.529919    0.0334640
1998-11-02/05:11:04      176.720      5.83000      9.41000      132.000      4.03781     0.669131    0.0523717
1998-11-02/05:11:24      176.840      4.77000      7.50000      134.000      20.5334     0.694658     0.257794
1998-11-02/05:11:44      176.770      3.74000      8.16000      169.000      8.51857     0.981627    0.0283689
1998-11-02/05:12:04      176.740      2.72000      8.48000      138.000      7.48664     0.743145    0.0874330
1998-11-02/05:12:25      176.710      1.48000      9.31000      147.000      5.60037     0.838671    0.0532357
1998-11-02/05:12:45      176.750     0.190000      7.90000      134.000      20.5334     0.694658     0.257794
1998-11-02/05:13:05      176.600     -1.02000      8.97000      137.000      26.5798     0.731354     0.316382
1998-11-02/05:13:25      176.520     -2.09000      9.20000      147.000      11.7754     0.838671     0.111934
1998-11-02/05:13:44      176.410     -2.82000      8.84000      141.000      5.10732     0.777146    0.0560973
1998-11-02/05:14:04      176.510     -3.65000      8.82000      135.000      2.66943     0.707107    0.0329443
1998-11-02/05:14:24      176.410     -4.67000      8.86000      129.000      3.12558     0.629321    0.0423946
1998-11-02/05:14:44      176.270     -5.90000      9.98000      142.000      3.23603     0.788011    0.0347722
1998-11-02/05:15:05      176.340     -6.94000      11.1800      136.000      4.01277     0.719340    0.0486511
1998-11-02/05:15:25      176.210     -7.80000      10.6500      147.000      3.98005     0.838671    0.0378333
1998-11-02/05:15:45      176.140     -8.82000      9.93000      136.000      5.09926     0.719340    0.0618238
1998-11-02/05:16:05      176.190     -9.86000      9.39000      124.000      2.16123     0.559193    0.0312718
1998-11-02/05:16:24      176.090     -11.0300      8.75000      130.000      25.7972     0.642788     0.344909
1998-11-02/05:24:24      175.210     -37.4300      9.85000      136.000      4.32886     0.719340    0.0524834
1998-11-02/05:24:44      175.110     -38.6700      8.66000      170.000      17.0160     0.984808    0.0515710
1998-11-02/05:25:04      175.060     -39.9000      7.54000      136.000      5.36807     0.719340    0.0650829
1998-11-02/05:25:24      175.000     -41.1300      8.62000      117.000      22.6838     0.453991     0.352756
1998-11-02/05:25:45      174.870     -42.3600      9.54000      123.000      23.1802     0.544639     0.339302
1998-11-02/05:26:05      174.810     -43.5700      8.63000      172.000      14.4751     0.990268    0.0351605
1998-11-02/05:26:25      174.830     -44.6800      8.08000      134.000      10.2667     0.694658     0.128897
1998-11-02/05:26:45      174.760     -45.7000      6.19000      126.000      3.44405     0.587785    0.0486300
1998-11-02/05:27:04      174.650     -46.7100      6.81000      151.000      12.3338     0.874620     0.104363
1998-11-02/05:27:24      174.460     -47.8000      15.5000      151.000      37.2472     0.874620     0.315168
1998-11-02/05:27:44      174.200     -49.0300      18.3000      113.000      4.66686     0.390731    0.0749770
1998-11-02/05:28:04      173.700     -50.3000      11.5700      134.000      20.5334     0.694658     0.257794
1998-11-02/05:28:25      173.220     -51.6200      9.52000      125.000      21.8278     0.573576     0.312070
1998-11-02/05:28:45      172.580     -52.9200      9.31000      143.000      5.91483     0.798636    0.0621273
1998-11-02/05:29:05      171.610     -54.5200      9.41000      149.000      15.0632     0.857167     0.135405
1998-11-02/05:29:25      170.440     -57.2500      9.33000      128.000      5.62066     0.615661    0.0773031
1998-11-02/05:29:44      170.860     -57.9400      9.35000      124.000      2.07314     0.559193    0.0299972
1998-11-02/05:30:04      168.840     -59.6600      8.96000      123.000      5.35613     0.544639    0.0784007
1998-11-02/05:30:24      167.020     -61.6400      9.18000      137.000      3.08131     0.731354    0.0366772
1998-11-02/05:30:44      166.180     -63.1800      9.22000      137.000      2.95958     0.731354    0.0352282
1998-11-02/05:31:05      165.960     -64.3700      9.22000      136.000      2.91780     0.719340    0.0353756
1998-11-02/05:31:25      165.480     -65.6800      9.13000      131.000      3.42408     0.656059    0.0451026
1998-11-02/05:31:45      164.000     -67.8300      9.13000      128.000      3.61859     0.615661    0.0497679
1998-11-02/05:32:05      160.250     -70.5100      9.33000      124.000      1.77427     0.559193    0.0256727
1998-11-02/06:46:41      154.220      81.7700      9.27000      114.000      2.97444     0.406737    0.0474256
1998-11-02/06:47:02      163.210      80.2200      9.21000      114.000      3.93486     0.406737    0.0627389
1998-11-02/06:47:22      160.450      80.2800      9.33000      108.000      3.12735     0.309017    0.0519111
1998-11-02/06:47:42      167.030      78.4700      9.41000      114.000      3.09401     0.406737    0.0493321
1998-11-02/06:48:02      168.210      77.4200      9.42000      115.000      3.16159     0.422618    0.0500102
1998-11-02/06:48:21      168.920      76.3500      9.42000      114.000      2.46245     0.406737    0.0392622
1998-11-02/06:48:41      170.150      74.9400      9.40000      111.000      2.41315     0.358368    0.0393200
1998-11-02/06:49:01      171.500      73.6400      9.39000      115.000      2.36999     0.422618    0.0374886
1998-11-02/06:49:21      171.910      72.3400      9.41000      116.000      2.75008     0.438371    0.0431403
1998-11-02/06:49:42      172.460      71.1500      9.37000      114.000      2.05132     0.406737    0.0327070
1998-11-02/06:50:02      172.790      69.9000      9.26000      131.000      2.64955     0.656059    0.0349003
1998-11-02/06:50:22      173.300      68.4700      9.24000      130.000      2.86654     0.642788    0.0383256
1998-11-02/06:50:42      172.930      67.4400      9.23000      124.000      1.37144     0.559193    0.0198440
1998-11-02/06:51:01      173.090      66.2300      9.24000      117.000      2.81654     0.453991    0.0438000
1998-11-02/06:51:21      173.210      65.1400      9.24000      126.000      2.27823     0.587785    0.0321686
1998-11-02/06:51:41      173.590      64.0200      9.14000      122.000      2.26089     0.529919    0.0334640
1998-11-02/06:52:01      173.840      62.8200      9.10000      131.000      2.80781     0.656059    0.0369849
1998-11-02/06:52:22      174.230      61.5500      9.08000      123.000      1.90567     0.544639    0.0278944
1998-11-02/06:52:42      174.350      60.3400      9.29000      120.000      2.39210     0.500000    0.0361566
1998-11-02/06:53:02      174.320      59.1500      9.25000      116.000      2.61791     0.438371    0.0410669
1998-11-02/06:53:22      174.330      57.9500      9.18000      124.000      1.32967     0.559193    0.0192396
1998-11-02/06:53:41      174.450      56.8300      9.24000      117.000      2.18261     0.453991    0.0339418
1998-11-02/06:54:01      174.570      55.6900      9.13000      121.000      2.30422     0.515038    0.0344720
1998-11-02/06:54:21      174.600      54.6000      9.20000      123.000      1.43834     0.544639    0.0210538
1998-11-02/06:54:41      174.770      53.5200      9.32000      120.000      2.21718     0.500000    0.0335127
1998-11-02/06:55:02      174.960      52.4200      9.44000      120.000      2.31453     0.500000    0.0349841
1998-11-02/06:55:22      175.250      51.2000      9.48000      115.000      2.78826     0.422618    0.0441048
1998-11-02/06:55:42      175.450      50.0900      9.37000      124.000      1.55036     0.559193    0.0224328
1998-11-02/06:56:02      175.500      48.9200      9.40000      124.000      1.55036     0.559193    0.0224328
1998-11-02/06:56:21      175.580      47.6700      9.35000      115.000      2.36999     0.422618    0.0374886
1998-11-02/06:56:41      175.570      46.4500      9.32000      118.000      2.30775     0.469472    0.0355632
1998-11-02/06:57:01      175.780      45.3600      9.30000      112.000      1.56737     0.374607    0.0253638
1998-11-02/06:57:21      175.830      44.2800      9.20000      112.000      1.56737     0.374607    0.0253638
1998-11-02/06:57:42      175.830      43.1600      9.23000      126.000      2.54888     0.587785    0.0359902
1998-11-02/06:58:02      175.810      42.0900      9.27000      114.000      1.44377     0.406737    0.0230200
1998-11-02/06:58:22      175.820      40.9700      9.33000      111.000      1.97620     0.358368    0.0322003
1998-11-02/06:58:42      175.810      39.8300      9.51000      118.000      3.10994     0.469472    0.0479252
1998-11-02/06:59:01      175.890      38.8200      9.52000      124.000      2.16123     0.559193    0.0312718
1998-11-02/06:59:21      175.970      37.7000      11.4200      141.000      4.16401     0.777146    0.0457363
1998-11-02/06:59:41      175.970      36.6200      12.3300      126.000      2.90571     0.587785    0.0410286
1998-11-02/07:00:01      176.020      35.5600      12.0700      115.000      2.55251     0.422618    0.0403757
1998-11-02/07:00:22      176.100      34.5100      10.0100      112.000      1.74712     0.374607    0.0282726
1998-11-02/07:00:42      176.220      33.4900      8.97000      116.000      2.93375     0.438371    0.0460215
1998-11-02/07:01:02      176.210      32.3500      11.1000      112.000      1.42458     0.374607    0.0230531
1998-11-02/07:01:22      176.150      31.3000      12.4700      114.000      1.51041     0.406737    0.0240825
1998-11-02/07:01:41      176.120      30.1700      13.6900      128.000      2.96915     0.615661    0.0408359
1998-11-02/07:02:01      176.180      29.0300      12.8900      116.000      2.35343     0.438371    0.0369181
1998-11-02/07:02:21      176.170      28.0000      11.2000      119.000      2.22720     0.484810    0.0339982
1998-11-02/07:02:41      176.210      26.9600      14.0800      114.000      1.58638     0.406737    0.0252938
1998-11-02/07:03:02      176.250      25.8500      14.4000      104.000      1.64793     0.241922    0.0279075
1998-11-02/07:03:22      176.240      24.7600      13.2200      113.000      1.46827     0.390731    0.0235890
1998-11-02/07:03:42      176.270      23.6400      12.3100      109.000      2.51082     0.325568    0.0414346
1998-11-02/07:04:02      176.350      22.4900      12.0400      110.000      2.55790     0.342020    0.0419514
1998-11-02/07:04:21      176.380      21.4200      11.5800      114.000      1.58638     0.406737    0.0252938
1998-11-02/07:04:41      176.370      20.3200      11.7500      135.000      2.11900     0.707107    0.0261513
1998-11-02/07:05:01      176.350      19.2400      10.8200      121.000      3.75244     0.515038    0.0561380
1998-11-02/07:05:21      176.320      18.1400      11.3700      116.000      5.41446     0.438371    0.0849362
1998-11-02/07:05:42      176.260      16.9900      11.9200      116.000      3.45764     0.438371    0.0542397
1998-11-02/07:06:02      176.210      15.8800      11.5100      102.000      3.72861     0.207912    0.0636544
1998-11-02/07:06:22      176.160      14.8000      9.75000      127.000      2.92358     0.601815    0.0407513
1998-11-02/07:06:42      176.120      13.7300      8.95000      114.000      2.26885     0.406737    0.0361754
1998-11-02/07:07:01      176.150      12.6700      10.4000      104.000      2.65779     0.241922    0.0450093
1998-11-02/07:07:21      176.180      11.5900      8.96000      105.000      3.40585     0.258819    0.0574178
1998-11-02/07:07:41      176.200      10.5400      9.27000      108.000      2.85097     0.309017    0.0473234
1998-11-02/07:08:01      176.190      9.49000      10.9500      129.000      2.65361     0.629321    0.0359929
1998-11-02/07:08:22      176.160      8.41000      10.9800      95.0000      3.64144    0.0871559    0.0633133
1998-11-02/07:08:42      176.130      7.38000      9.66000      127.000      2.74226     0.601815    0.0382239
1998-11-02/07:09:02      176.120      6.32000      8.70000      111.000      2.04548     0.358368    0.0333292
1998-11-02/07:09:22      176.120      5.18000      8.67000      127.000      3.04156     0.601815    0.0423958
1998-11-02/07:09:41      176.120      4.13000      10.0100      109.000      2.41105     0.325568    0.0397881
1998-11-02/07:10:01      176.130      3.18000      10.3000      102.000      1.31060     0.207912    0.0223744
1998-11-02/07:10:21      176.080      2.34000      10.4600      100.000      1.58072     0.173648    0.0271696
1998-11-02/07:10:41      176.010      1.53000      10.2400      142.000      3.39940     0.788011    0.0365276
1998-11-02/07:11:02      175.920     0.500000      9.90000      137.000      2.42132     0.731354    0.0288213
1998-11-02/07:11:22      175.880    -0.780000      10.4500      147.000      2.72951     0.838671    0.0259460
1998-11-02/07:11:42      175.860     -2.11000      10.6600      129.000      3.00037     0.629321    0.0406963
1998-11-02/07:12:02      175.870     -3.40000      9.99000      112.000      2.03620     0.374607    0.0329506
1998-11-02/07:12:21      175.870     -4.50000      9.90000      119.000      3.57206     0.484810    0.0545275
1998-11-02/07:12:41      175.880     -5.54000      10.5300      121.000      2.75133     0.515038    0.0411610
1998-11-02/07:13:01      175.910     -6.51000      9.68000      142.000      2.87535     0.788011    0.0308966
1998-11-02/07:13:21      175.920     -7.51000      10.1600      150.000      4.96490     0.866026    0.0433269
1998-11-02/07:13:42      175.960     -8.63000      9.15000      129.000      8.17918     0.629321     0.110940
1998-11-02/07:14:22      175.860     -11.0900      9.27000      148.000      5.29970     0.848048    0.0490160
1998-11-02/07:14:42      175.790     -12.2700      9.21000      108.000      18.8223     0.309017     0.312433
1998-11-02/07:15:01      175.710     -13.3200      8.74000      141.000      7.52202     0.777146    0.0826197
1998-11-02/07:15:21      175.800     -14.3000      8.78000      130.000      3.08779     0.642788    0.0412837
1998-11-02/07:15:41      175.720     -15.3800      8.57000      140.000      9.92016     0.766045     0.111292
1998-11-02/07:16:22      175.580     -17.6400      8.52000      150.000      15.7884     0.866026     0.137780
1998-11-02/07:16:42      175.550     -18.6800      8.13000      164.000      9.54045     0.961262    0.0458970
1998-11-02/07:17:02      175.430     -19.6700      7.77000      143.000      4.53954     0.798636    0.0476817
1998-11-02/07:17:22      175.300     -20.7300      8.75000      125.000      4.06454     0.573576    0.0581103
1998-11-02/07:17:41      175.200     -21.7700      12.2600      123.000      23.1802     0.544639     0.339302
1998-11-02/07:18:01      175.110     -22.8800      12.5500      171.000      30.1829     0.987688    0.0824083
1998-11-02/07:18:21      175.050     -23.9500      10.8000      162.000      45.0000     0.951056     0.242701
1998-11-02/07:18:41      174.940     -25.1400      10.2700      143.000      34.4662     0.798636     0.362021
1998-11-02/07:19:02      174.800     -26.4900      10.2900      153.000      32.8278     0.891007     0.260115
1998-11-02/07:19:22      174.600     -27.9300      9.54000      147.000      2.41432     0.838671    0.0229499
1998-11-02/07:22:42      174.240     -38.7600      9.38000      121.000      4.08844     0.515038    0.0611647
1998-11-02/07:23:01      174.560     -40.3100      9.48000      126.000      3.00177     0.587785    0.0423850
1998-11-02/07:23:21      174.760     -41.1600      9.72000      115.000      6.70687     0.422618     0.106090
1998-11-02/07:23:41      174.600     -42.1200      9.43000      107.000      22.5796     0.292372     0.376869
1998-11-02/07:24:01      174.500     -43.1400      9.39000      160.000      17.3586     0.939693     0.103620
1998-11-02/07:24:22      174.340     -44.1700      9.50000      151.000      4.96663     0.874620    0.0420253
1998-11-02/07:24:42      174.020     -45.2500      9.32000      109.000      3.11900     0.325568    0.0514710
1998-11-02/07:25:02      173.760     -46.3800      9.30000      125.000      3.85072     0.573576    0.0550534
1998-11-02/07:27:02      172.360     -53.8500      9.27000      156.000      5.35693     0.913545    0.0380283
1998-11-02/07:27:22      171.860     -55.1700      9.25000      144.000      6.45117     0.809017    0.0661812
1998-11-02/07:27:42      171.220     -56.4800      9.35000      112.000      4.05729     0.374607    0.0656567
1998-11-02/07:28:02      170.730     -57.8200      9.31000      119.000      2.87886     0.484810    0.0439458
1998-11-02/07:28:21      170.420     -59.0300      9.30000      127.000      2.53994     0.601815    0.0354038
1998-11-02/07:28:41      170.110     -60.1300      9.31000      123.000      23.1802     0.544639     0.339302
1998-11-02/07:29:01      169.610     -61.4800      9.40000      130.000      2.86654     0.642788    0.0383256
1998-11-02/07:29:21      168.690     -62.9700      9.45000      129.000      3.66249     0.629321    0.0496771
1998-11-02/07:29:42      167.580     -64.4600      9.52000      132.000      2.60335     0.669131    0.0337663
1998-11-02/07:30:02      166.180     -65.9400      9.50000      118.000      3.91119     0.469472    0.0602728
1998-11-02/07:30:22      163.810     -67.5300      9.35000      118.000      2.42354     0.469472    0.0373476
1998-11-02/07:30:42      163.300     -68.4800      9.26000      136.000      2.91780     0.719340    0.0353756
1998-11-02/07:31:01      160.840     -69.9900      9.16000      103.000      2.32163     0.224951    0.0394816
1998-11-02/07:32:01      158.490     -74.5400      9.10000      110.000      2.55790     0.342020    0.0419514
1998-11-02/07:32:22      156.070     -75.3400      9.05000      112.000      1.42458     0.374607    0.0230531
1998-11-02/07:32:42      141.310     -78.3300      9.12000      104.000      2.56031     0.241922    0.0433585
1998-11-02/10:43:18      162.150      80.6400      9.09000      113.000      1.31741     0.390731    0.0211653
1998-11-02/10:43:38      166.860      77.8400      9.00000      117.000      2.31939     0.453991    0.0360688
1998-11-02/10:43:58      168.140      76.2700      9.04000      119.000      2.10667     0.484810    0.0321583
1998-11-02/10:44:17      168.700      74.2600      9.07000      121.000      2.69424     0.515038    0.0403069
1998-11-02/10:44:37      168.330      73.1200      9.16000      122.000      2.07130     0.529919    0.0306578
1998-11-02/10:44:57      168.860      72.4300      9.25000      121.000      2.07089     0.515038    0.0309813
1998-11-02/10:45:17      169.910      70.9900      8.82000      119.000      2.22720     0.484810    0.0339982
1998-11-02/10:45:37      170.550      69.7100      9.04000      120.000      2.21718     0.500000    0.0335127
1998-11-02/10:45:57      171.060      68.5600      9.01000      117.000      7.25609     0.453991     0.112839
1998-11-02/10:46:17      170.990      67.3500      9.17000      127.000      3.69186     0.601815    0.0514602
1998-11-02/10:46:37      171.050      66.2400      9.12000      120.000      2.75537     0.500000    0.0416474
1998-11-02/10:46:57      171.340      64.8500      9.26000      139.000      6.78485     0.754710    0.0776892
1998-11-02/10:47:17      171.440      63.5700      9.27000      133.000      2.38774     0.681998    0.0304784
1998-11-02/10:47:37      171.720      62.3700      9.14000      124.000      1.40634     0.559193    0.0203489
1998-11-02/10:49:37      173.080      55.7900      9.13000      128.000      4.45622     0.615661    0.0612881
1998-11-02/10:49:57      173.230      54.6700      9.12000      141.000      3.78011     0.777146    0.0415196
1998-11-02/10:50:17      173.330      53.5400      9.10000      132.000      2.82961     0.669131    0.0367010
1998-11-02/10:50:37      173.450      52.4300      9.06000      137.000      2.86910     0.731354    0.0341512
1998-11-02/10:50:57      173.500      51.3300      8.97000      128.000      2.96915     0.615661    0.0408359
1998-11-02/10:51:17      173.550      50.1800      9.02000      136.000      1.87199     0.719340    0.0226961
1998-11-02/10:51:37      173.560      48.9700      9.11000      125.000      1.64420     0.573576    0.0235070
1998-11-02/10:51:57      173.560      47.7600      9.19000      130.000      3.08779     0.642788    0.0412837
1998-11-02/10:52:17      173.620      46.5800      9.27000      135.000      1.60899     0.707107    0.0198571
1998-11-02/10:52:37      173.630      45.4400      9.30000      131.000      3.05442     0.656059    0.0402333
1998-11-02/10:52:57      173.620      44.3100      8.98000      126.000      2.65970     0.587785    0.0375550
1998-11-02/10:53:17      173.640      43.1600      8.87000      137.000      2.65205     0.731354    0.0315677
1998-11-02/10:53:37      173.640      42.0800      8.75000      127.000      2.92358     0.601815    0.0407513
1998-11-02/10:53:57      173.710      40.9800      8.72000      133.000      2.56416     0.681998    0.0327303
1998-11-02/10:54:16      173.720      39.8600      9.40000      142.000      5.76805     0.788011    0.0619795
1998-11-02/10:54:36      173.710      38.6600      7.27000      132.000      2.89838     0.669131    0.0375929
1998-11-02/10:54:57      173.720      37.5400      6.56000      131.000      2.54792     0.656059    0.0335616
1998-11-02/10:55:17      173.770      36.4700      7.89000      125.000      2.29797     0.573576    0.0328538
1998-11-02/10:55:37      173.790      35.4100      9.33000      140.000      4.58750     0.766045    0.0514661
1998-11-02/10:55:57      173.830      34.3100      8.32000      120.000      2.92475     0.500000    0.0442076
1998-11-02/10:56:16      173.860      33.2500      7.84000      133.000      2.56416     0.681998    0.0327303
1998-11-02/10:56:36      173.880      32.2200      7.90000      130.000      3.40025     0.642788    0.0454613
1998-11-02/10:56:56      173.910      31.1600      10.4400      123.000      2.22103     0.544639    0.0325105
1998-11-02/10:57:16      173.890      30.0700      10.3600      123.000      1.97618     0.544639    0.0289265
1998-11-02/10:57:37      173.900      28.9800      8.86000      129.000      4.10091     0.629321    0.0556237
1998-11-02/10:57:57      173.900      27.8900      8.92000      130.000      3.08779     0.642788    0.0412837
1998-11-02/10:58:17      173.910      26.8300      7.95000      129.000      3.66249     0.629321    0.0496771
1998-11-02/10:58:37      173.900      25.7700      8.25000      131.000      3.55430     0.656059    0.0468178
1998-11-02/10:58:56      173.860      24.7300      8.68000      132.000      2.60335     0.669131    0.0337663
1998-11-02/10:59:16      173.860      23.6600      9.31000      127.000      3.69186     0.601815    0.0514602
1998-11-02/10:59:36      173.860      22.6000      7.68000      119.000      3.17715     0.484810    0.0484992
1998-11-02/10:59:56      173.830      21.5200      7.76000      126.000      3.29175     0.587785    0.0464795
1998-11-02/11:00:17      173.810      20.4100      9.03000      131.000      2.86963     0.656059    0.0377993
1998-11-02/11:00:37      173.810      19.3100      8.58000      129.000      2.90193     0.629321    0.0393611
1998-11-02/11:00:57      173.810      18.2100      9.54000      115.000      3.16159     0.422618    0.0500102
1998-11-02/11:01:17      173.830      17.1500      8.42000      130.000      3.08779     0.642788    0.0412837
1998-11-02/11:01:36      173.820      16.0900      7.69000      128.000      2.84796     0.615661    0.0391691
1998-11-02/11:01:56      173.830      14.9800      8.78000      124.000      1.90183     0.559193    0.0275184
1998-11-02/11:02:16      173.800      13.8300      9.37000      127.000      4.13394     0.601815    0.0576222
1998-11-02/11:02:36      173.750      12.6600      9.54000      131.000      3.31843     0.656059    0.0437109
1998-11-02/11:02:57      173.720      11.5100      8.30000      128.000      3.07219     0.615661    0.0422530
1998-11-02/11:03:17      173.700      10.4300      8.24000      119.000      3.07917     0.484810    0.0470035
1998-11-02/11:03:37      173.690      9.39000      8.51000      133.000      2.81077     0.681998    0.0358782
1998-11-02/11:03:57      173.680      8.34000      8.81000      143.000      3.82588     0.798636    0.0401857
1998-11-02/11:04:16      173.690      7.32000      8.77000      137.000      3.85431     0.731354    0.0458783
1998-11-02/11:04:36      173.690      6.28000      8.96000      121.000      2.69424     0.515038    0.0403069
1998-11-02/11:04:56      173.680      5.21000      8.59000      130.000      5.86415     0.642788    0.0784037
1998-11-02/11:05:16      173.670      4.15000      8.56000      154.000      12.1514     0.898794    0.0929706
1998-11-02/11:05:37      173.670      3.08000      8.39000      148.000      14.5323     0.848048     0.134407
1998-11-02/11:05:57      173.640      2.02000      8.36000      142.000      3.39940     0.788011    0.0365276
1998-11-02/11:06:17      173.610     0.960000      8.99000      146.000      2.37906     0.829038    0.0232190
1998-11-02/11:06:37      173.580    -0.120000      8.64000      135.000      3.37755     0.707107    0.0416835
1998-11-02/11:06:56      173.560     -1.20000      8.85000      129.000      6.60271     0.629321    0.0895575
1998-11-02/11:07:16      173.540     -2.34000      8.43000      139.000      4.27770     0.754710    0.0489813
1998-11-02/11:07:36      173.540     -3.47000      8.29000      125.000      5.26571     0.573576    0.0752833
1998-11-02/11:07:56      173.520     -4.56000      6.15000      126.000      5.29392     0.587785    0.0747502
1998-11-02/11:08:17      173.500     -5.62000      5.62000      143.000      12.9627     0.798636     0.136156
1998-11-02/11:08:37      173.460     -6.65000      8.15000      109.000      5.50232     0.325568    0.0908016
1998-11-02/11:08:57      173.390     -7.72000      8.40000      141.000      3.47534     0.777146    0.0381721
1998-11-02/11:09:17      173.300     -8.80000      8.16000      147.000      30.4102     0.838671     0.289071
1998-11-02/11:09:36      173.180     -9.94000      8.31000      137.000      26.5798     0.731354     0.316382
1998-11-02/11:09:56      173.130     -11.1200      8.33000      144.000      30.4326     0.809017     0.312202
1998-11-02/11:10:16      173.110     -12.1900      9.42000      135.000      20.6726     0.707107     0.255128
1998-11-02/11:10:36      173.110     -13.2100      9.75000      137.000      26.5798     0.731354     0.316382
1998-11-02/11:13:16      173.200     -22.0100      10.8600      155.000      16.7002     0.906308     0.123182
1998-11-02/11:13:37      173.150     -23.1500      9.91000      148.000      32.7620     0.848048     0.303010
1998-11-02/11:13:57      173.010     -24.2100      8.83000      143.000      34.4662     0.798636     0.362021
1998-11-02/11:14:17      172.820     -25.3500      8.94000      145.000      30.0488     0.819152     0.300812
1998-11-02/11:14:37      172.560     -26.7100      9.32000      153.000      32.8278     0.891007     0.260115
1998-11-02/11:14:56      172.440     -28.1000      9.32000      173.000      31.7538     0.992546    0.0675410
1998-11-02/11:15:16      172.600     -29.0800      9.28000      138.000      11.4550     0.743145     0.133778
1998-11-02/11:15:36      172.760     -29.9500      9.14000      137.000      3.08131     0.731354    0.0366772
1998-11-02/11:15:56      172.740     -30.9600      8.98000      148.000      11.8854     0.848048     0.109926
1998-11-02/11:23:36      167.820     -57.7100      9.01000      122.000      2.74913     0.529919    0.0406905
1998-11-02/11:23:56      167.510     -58.9800      9.02000      116.000      2.61791     0.438371    0.0410669
1998-11-02/11:24:16      166.840     -60.2300      8.96000      119.000      3.42648     0.484810    0.0523052
1998-11-02/11:24:36      165.440     -62.3800      8.99000      132.000      2.60335     0.669131    0.0337663
1998-11-02/11:24:56      163.220     -64.5700      8.87000      144.000      4.70679     0.809017    0.0482860
1998-11-02/11:25:16      158.810     -67.2200      8.83000      117.000      4.45875     0.453991    0.0693380
1998-11-02/11:25:36      157.240     -68.3700      8.84000      123.000      2.34112     0.544639    0.0342683
1998-11-02/11:25:56      153.960     -69.6400      8.82000      108.000      5.48886     0.309017    0.0911100
1998-11-02/12:41:35      150.240      81.6300      8.98000      108.000      2.51776     0.309017    0.0417925
1998-11-02/12:42:15      166.770      77.2900      9.02000      110.000      2.20291     0.342020    0.0361293
1998-11-02/12:42:35      164.880      75.4200      8.95000      114.000      1.38339     0.406737    0.0220573
1998-11-02/12:42:56      168.100      72.8200      8.88000      115.000      2.15278     0.422618    0.0340528
1998-11-02/12:43:16      168.970      70.9100      8.72000      117.000      2.31939     0.453991    0.0360688
1998-11-02/12:43:36      169.490      69.2600      8.70000      120.000      2.81804     0.500000    0.0425947
1998-11-02/12:43:56      169.650      67.7700      8.56000      122.000      2.56560     0.529919    0.0379740
1998-11-02/12:44:15      169.840      66.8000      8.43000      120.000      2.81804     0.500000    0.0425947
1998-11-02/12:44:35      170.470      65.3900      8.52000      112.000      8.75018     0.374607     0.141599
1998-11-02/12:44:55      170.760      64.0800      8.59000      126.000      3.00177     0.587785    0.0423850
1998-11-02/12:45:15      170.910      62.6900      8.45000      129.000      3.81963     0.629321    0.0518085
1998-11-02/12:45:36      170.880      61.5400      8.41000      120.000      3.57647     0.500000    0.0540583
1998-11-02/12:45:56      171.330      60.3900      8.45000      121.000      4.36846     0.515038    0.0653539
1998-11-02/12:46:16      171.500      59.1900      8.59000      123.000      2.34112     0.544639    0.0342683
1998-11-02/12:46:36      171.820      58.0700      8.58000      126.000      3.29175     0.587785    0.0464795
1998-11-02/12:46:55      172.140      56.9300      8.73000      129.000      5.31607     0.629321    0.0721059
1998-11-02/12:47:15      172.310      55.8800      8.52000      118.000      4.45736     0.469472    0.0686894
1998-11-02/12:47:55      172.880      53.6400      8.22000      127.000      5.17975     0.601815    0.0721996
1998-11-02/12:48:16      173.000      52.4400      8.58000      121.000      5.01394     0.515038    0.0750105
1998-11-02/12:48:36      173.140      51.3800      8.69000      116.000      4.57356     0.438371    0.0717451
1998-11-02/12:48:56      173.400      50.2400      8.73000      126.000      6.22073     0.587785    0.0878368
1998-11-02/12:49:16      173.590      48.9400      8.80000      121.000      3.90478     0.515038    0.0584170
1998-11-02/12:49:35      173.610      47.6200      8.77000      124.000      17.6815     0.559193     0.255841
1998-11-02/12:49:55      173.550      46.1800      8.94000      127.000      22.1762     0.601815     0.309110
1998-11-02/12:50:15      173.410      44.7800      8.82000      137.000      6.89146     0.731354    0.0820298
1998-11-02/12:50:35      173.250      43.5100      8.71000      145.000      12.4588     0.819152     0.124723
1998-11-02/12:50:56      173.260      42.2500      8.69000      146.000      28.3908     0.829038     0.277087
1998-11-02/12:51:56      173.170      38.7700      8.71000      172.000      45.0000     0.990268     0.109306
1998-11-02/12:52:15      173.180      37.6900      8.62000      170.000      45.0000     0.984808     0.136383
1998-11-02/12:53:56      173.150      32.6400      8.52000      141.000      11.4203     0.777146     0.125437
1998-11-02/12:54:16      173.230      31.8500      8.62000      131.000      25.9298     0.656059     0.341552
1998-11-02/12:54:36      173.100      31.0300      8.71000      136.000      7.43412     0.719340    0.0901318
1998-11-02/12:54:55      172.900      30.3400      8.82000      119.000      3.17715     0.484810    0.0484992
1998-11-02/12:55:15      172.630      29.4900      8.93000      116.000      2.75008     0.438371    0.0431403
1998-11-02/12:55:35      172.590      28.3800      9.03000      114.000      1.58638     0.406737    0.0252938
1998-11-02/12:55:55      172.580      27.0700      11.8200      119.000      3.42648     0.484810    0.0523052
1998-11-02/12:56:16      172.600      25.9800      11.2400      116.000      5.10837     0.438371    0.0801346
1998-11-02/12:56:36      172.600      24.9100      9.53000      121.000      4.36846     0.515038    0.0653539
1998-11-02/12:56:56      172.540      23.9000      8.89000      118.000      4.21409     0.469472    0.0649406
1998-11-02/12:57:16      172.510      22.9100      11.0000      117.000      3.38384     0.453991    0.0526221
1998-11-02/12:57:35      172.430      21.8200      11.3300      132.000      2.82961     0.669131    0.0367010
1998-11-02/12:57:55      172.430      20.6600      11.7500      122.000      2.40317     0.529919    0.0355699
1998-11-02/12:58:15      172.450      19.5100      11.6400      120.000      5.88799     0.500000    0.0889969
1998-11-02/12:58:35      172.470      18.3700      9.70000      127.000      4.13394     0.601815    0.0576222
1998-11-02/12:58:56      172.500      17.2400      8.25000      123.000      2.27303     0.544639    0.0332716
1998-11-02/12:59:16      172.540      16.1600      11.3800      132.000      3.84916     0.669131    0.0499249
1998-11-02/12:59:36      172.520      15.1200      9.35000      128.000      5.87966     0.615661    0.0808652
1998-11-02/12:59:56      172.510      14.1000      10.0300      128.000      3.07219     0.615661    0.0422530
1998-11-02/13:00:15      172.480      13.1000      10.7600      124.000      1.68852     0.559193    0.0244319
1998-11-02/13:00:35      172.470      12.0600      10.8700      118.000      4.21409     0.469472    0.0649406
1998-11-02/13:00:55      172.440      10.9600      12.6100      127.000      3.82036     0.601815    0.0532513
1998-11-02/13:01:15      172.410      9.94000      11.5600      124.000      1.90183     0.559193    0.0275184
1998-11-02/13:01:36      172.460      8.88000      10.3800      133.000      3.28870     0.681998    0.0419787
1998-11-02/13:01:56      172.500      7.81000      10.9900      118.000      4.54485     0.469472    0.0700377
1998-11-02/13:02:16      172.520      6.72000      10.9800      123.000      2.68240     0.544639    0.0392638
1998-11-02/13:02:36      172.550      5.64000      10.5700      146.000      4.03107     0.829038    0.0393423
1998-11-02/13:02:55      172.580      4.64000      9.43000      132.000      2.66416     0.669131    0.0345550
1998-11-02/13:03:15      172.570      3.60000      10.2900      130.000      6.28058     0.642788    0.0839713
1998-11-02/13:03:35      172.570      2.56000      10.3800      121.000      3.75244     0.515038    0.0561380
1998-11-02/13:03:55      172.570      1.52000      11.0600      115.000      2.69276     0.422618    0.0425942
1998-11-02/13:04:16      172.560     0.420000      11.3800      102.000      1.99423     0.207912    0.0340453
1998-11-02/13:04:36      172.540    -0.680000      9.70000      106.000      4.88163     0.275637    0.0819000
1998-11-02/13:04:56      172.520     -1.80000      9.88000      127.000      4.13394     0.601815    0.0576222
1998-11-02/13:05:16      172.500     -2.91000      10.4500      118.000      3.30730     0.469472    0.0509666
1998-11-02/13:05:35      172.490     -3.97000      10.2600      120.000      2.81804     0.500000    0.0425947
1998-11-02/13:05:55      172.480     -5.06000      12.4300      120.000      4.56678     0.500000    0.0690269
1998-11-02/13:06:15      172.460     -6.13000      12.1000      105.000      4.18673     0.258819    0.0705824
1998-11-02/13:06:35      172.440     -7.18000      15.0900      106.000      4.31371     0.275637    0.0723719
1998-11-02/13:06:56      172.420     -8.33000      14.2200      103.000      4.54472     0.224951    0.0772874
1998-11-02/13:07:16      172.390     -9.49000      10.9200      116.000      6.26546     0.438371    0.0982857
1998-11-02/13:07:36      172.370     -10.6400      11.3900      142.000      7.17296     0.788011    0.0770757
1998-11-02/13:07:56      172.360     -11.7300      10.8300      173.000      19.1264     0.992546    0.0406822
1998-11-02/13:09:56      172.020     -17.9200      11.6200      148.000      32.7620     0.848048     0.303010
1998-11-02/13:10:16      171.910     -19.0600      11.8700      172.000      11.8018     0.990268    0.0286669
1998-11-02/13:10:36      171.760     -20.3700      11.4100      118.000      21.8068     0.469472     0.336050
1998-11-02/13:10:55      171.660     -21.7000      11.3900      174.000      45.0000     0.994522    0.0820963
1998-11-02/13:11:15      171.570     -23.1300      11.5400      171.000      11.4516     0.987688    0.0312663
1998-11-02/13:11:35      171.480     -24.3700      11.3300      168.000      4.55563     0.978148    0.0165312
1998-11-02/13:13:35      171.520     -31.2200      10.5100      123.000      4.92552     0.544639    0.0720976
1998-11-02/13:13:55      171.540     -32.4900      9.53000      121.000      6.79686     0.515038     0.101684
1998-11-02/13:14:15      171.530     -33.6800      11.2300      122.000      7.34258     0.529919     0.108679
1998-11-02/13:19:55      163.890     -56.7600      9.99000      123.000      23.1802     0.544639     0.339302
1998-11-02/13:20:16      160.980     -59.9000      9.56000      133.000      7.12413     0.681998    0.0909362
1998-11-02/13:20:36      157.910     -62.2400      10.0700      139.000      5.16888     0.754710    0.0591857
1998-11-02/13:21:16      157.520     -63.5200      10.7500      132.000      3.63051     0.669131    0.0470889
1998-11-02/14:38:33      160.940      83.4800      10.2000      113.000      1.53310     0.390731    0.0246305
1998-11-02/14:38:52      166.250      80.9800      9.99000      113.000      1.87336     0.390731    0.0300971
1998-11-02/14:39:12      167.470      79.4900      9.62000      122.000      2.66196     0.529919    0.0394003
1998-11-02/14:39:32      169.320      77.7800      9.76000      119.000      3.29344     0.484810    0.0502743
1998-11-02/14:39:52      170.470      75.8400      9.93000      119.000      3.07917     0.484810    0.0470035
1998-11-02/14:40:13      171.090      74.3800      9.74000      117.000      3.16633     0.453991    0.0492396
1998-11-02/14:40:33      171.190      73.0400      9.56000      117.000      2.31939     0.453991    0.0360688
1998-11-02/14:40:53      170.880      71.6800      8.89000      115.000      2.62014     0.422618    0.0414455
1998-11-02/14:41:13      170.730      70.4900      9.28000      121.000      2.75133     0.515038    0.0411610
1998-11-02/14:41:32      170.700      69.3300      9.28000      119.000      2.80616     0.484810    0.0428360
1998-11-02/14:41:52      170.630      68.2000      7.95000      133.000      3.01339     0.681998    0.0384645
1998-11-02/14:42:12      170.580      67.0200      10.4900      119.000      2.55857     0.484810    0.0390565
1998-11-02/14:42:32      170.600      65.8600      11.3700      116.000      3.12038     0.438371    0.0489491
1998-11-02/14:42:53      171.020      65.2800      10.2200      144.000      11.8737     0.809017     0.121810
1998-11-02/14:43:13      171.710      63.8600      9.74000      125.000      4.47399     0.573576    0.0639642
1998-11-02/14:43:33      171.850      62.4600      9.89000      124.000      1.99801     0.559193    0.0289101
1998-11-02/14:43:53      171.910      61.2500      9.78000      139.000      4.05259     0.754710    0.0464037
1998-11-02/14:44:12      171.940      60.0400      10.5200      120.000      2.81804     0.500000    0.0425947
1998-11-02/14:44:32      172.030      58.7700      10.9400      120.000      2.53734     0.500000    0.0383519
1998-11-02/14:44:52      172.130      57.6300      10.6600      121.000      2.75133     0.515038    0.0411610
1998-11-02/14:45:12      172.240      56.4500      9.86000      124.000      1.77427     0.559193    0.0256727
1998-11-02/14:45:33      172.250      55.3200      9.43000      105.000      2.58033     0.258819    0.0435007
1998-11-02/14:45:53      172.300      54.2800      9.84000      111.000      2.16209     0.358368    0.0352292
1998-11-02/14:46:13      172.440      53.2600      9.99000      111.000      1.97620     0.358368    0.0322003
1998-11-02/14:46:33      172.500      52.1900      9.86000      118.000      2.30775     0.469472    0.0355632
1998-11-02/14:46:52      172.460      51.1500      9.82000      122.000      2.40317     0.529919    0.0355699
1998-11-02/14:47:12      172.570      50.0600      9.83000      115.000      2.55251     0.422618    0.0403757
1998-11-02/14:47:32      172.650      48.8800      9.62000      121.000      2.63036     0.515038    0.0393512
1998-11-02/14:47:52      172.770      47.7200      9.54000      131.000      2.80781     0.656059    0.0369849
1998-11-02/14:48:13      172.850      46.4000      9.74000      114.000      2.26885     0.406737    0.0361754
1998-11-02/14:48:33      172.840      45.1200      9.78000      122.000      2.11743     0.529919    0.0313406
1998-11-02/14:48:53      172.810      43.8800      9.76000      113.000      1.78538     0.390731    0.0286836
1998-11-02/14:49:13      172.770      42.6800      9.63000      115.000      2.55251     0.422618    0.0403757
1998-11-02/14:49:32      172.650      41.5500      9.50000      112.000      1.74712     0.374607    0.0282726
1998-11-02/14:49:52      172.640      40.4800      9.65000      118.000      2.52996     0.469472    0.0389875
1998-11-02/14:50:12      172.660      39.3600      9.75000      112.000      1.90709     0.374607    0.0308613
1998-11-02/14:50:32      172.580      38.1900      9.88000      132.000      3.63051     0.669131    0.0470889
1998-11-02/14:50:53      172.580      37.0400      10.0300      121.000      2.80403     0.515038    0.0419494
1998-11-02/14:51:13      172.570      35.9600      9.90000      112.000      2.54874     0.374607    0.0412448
1998-11-02/14:51:33      172.490      34.8200      9.67000      109.000      2.51082     0.325568    0.0414346
1998-11-02/14:51:53      172.380      33.7700      9.61000      114.000      1.94222     0.406737    0.0309675
1998-11-02/14:52:12      172.390      32.8000      9.69000      111.000      2.76042     0.358368    0.0449784
1998-11-02/14:52:32      172.470      31.7600      9.65000      120.000      3.05288     0.500000    0.0461443
1998-11-02/14:52:52      172.550      30.7100      9.54000      117.000      2.81654     0.453991    0.0438000
1998-11-02/14:53:12      172.590      29.6200      9.63000      110.000      2.39465     0.342020    0.0392740
1998-11-02/14:53:33      172.650      28.4900      9.82000      109.000      2.51082     0.325568    0.0414346
1998-11-02/14:53:53      172.670      27.3800      9.75000      120.000      3.14954     0.500000    0.0476053
1998-11-02/14:54:13      172.630      26.2800      9.58000      101.000      2.09172     0.190809    0.0358367
1998-11-02/14:54:33      172.600      25.2200      9.64000      101.000      1.63026     0.190809    0.0279306
1998-11-02/14:54:52      172.590      24.1900      9.69000      105.000      3.40585     0.258819    0.0574178
1998-11-02/14:55:12      172.550      23.1200      9.73000      120.000      4.12284     0.500000    0.0623167
1998-11-02/14:55:32      172.520      22.0500      9.91000      111.000      2.43529     0.358368    0.0396807
1998-11-02/14:55:52      172.470      20.9300      9.85000      113.000      1.87336     0.390731    0.0300971
1998-11-02/14:56:13      172.430      19.7900      9.62000      109.000      2.97829     0.325568    0.0491490
1998-11-02/14:56:33      172.350      18.6700      9.69000      105.000      2.58033     0.258819    0.0435007
1998-11-02/14:56:53      172.260      17.6200      10.1300      116.000      2.85385     0.438371    0.0447681
1998-11-02/14:57:13      172.200      16.6000      10.1200      105.000      2.34766     0.258819    0.0395782
1998-11-02/14:57:32      172.140      15.6200      10.0500      117.000      4.15842     0.453991    0.0646676
1998-11-02/14:57:52      172.120      14.5700      10.1000      115.000      3.47634     0.422618    0.0549889
1998-11-02/14:58:12      172.120      13.4600      10.1600      122.000      2.33138     0.529919    0.0345073
1998-11-02/14:58:32      172.120      12.3200      10.1200      117.000      3.48879     0.453991    0.0542542
1998-11-02/14:58:52      172.120      11.2200      9.93000      102.000      1.49575     0.207912    0.0255353
1998-11-02/14:59:12      172.100      10.1300      9.83000      145.000      2.20234     0.819152    0.0220472
1998-11-02/14:59:32      172.080      9.06000      9.81000      135.000      1.91243     0.707107    0.0236020
1998-11-02/14:59:52      172.040      7.99000      9.80000      124.000      2.56447     0.559193    0.0371064
1998-11-02/15:00:12      172.030      6.91000      9.69000      122.000      2.66196     0.529919    0.0394003
1998-11-02/15:00:32      172.020      5.86000      9.73000      92.0000      1.97205    0.0348995    0.0343978
1998-11-02/15:00:52      172.000      4.77000      9.88000      112.000      8.75018     0.374607     0.141599
1998-11-02/15:01:12      171.970      3.68000      9.97000      133.000      4.09574     0.681998    0.0522802
1998-11-02/15:01:32      171.930      2.63000      9.97000      153.000      13.8447     0.891007     0.109700
1998-11-02/15:06:12      171.640     -12.6500      10.0000      123.000      23.1802     0.544639     0.339302
1998-11-02/15:06:32      171.630     -13.6400      10.1200      121.000      5.86516     0.515038    0.0877451
1998-11-02/15:06:52      171.590     -14.6500      9.83000      135.000      20.6726     0.707107     0.255128
1998-11-02/15:07:12      171.520     -15.7400      9.87000      146.000      3.42024     0.829038    0.0333807
1998-11-02/15:07:32      171.480     -16.8300      9.74000      164.000      6.55802     0.961262    0.0315492
1998-11-02/15:07:52      171.400     -17.8400      9.84000      152.000      11.3178     0.882948    0.0927361
1998-11-02/15:18:12      168.930     -52.7900      12.1400      144.000      7.01272     0.809017    0.0719420
1998-11-02/15:18:32      168.610     -54.0200      11.0000      150.000      7.97400     0.866026    0.0695863
1998-11-02/15:18:52      168.330     -55.2600      9.59000      121.000      10.1557     0.515038     0.151933
1998-11-02/15:19:12      168.080     -56.2300      9.14000      116.000      3.77145     0.438371    0.0591624
1998-11-02/15:19:32      167.780     -57.3000      10.8500      117.000      2.31939     0.453991    0.0360688
1998-11-02/15:19:52      167.370     -58.4500      11.6200      111.000      1.80723     0.358368    0.0294471
1998-11-02/15:20:12      166.750     -59.7800      11.3000      116.000      2.61791     0.438371    0.0410669
1998-11-02/15:20:32      166.120     -61.1100      11.5800      121.000      4.08844     0.515038    0.0611647
1998-11-02/15:20:52      165.500     -62.4200      11.6100      130.000      3.08779     0.642788    0.0412837
1998-11-02/15:21:12      164.990     -63.6700      9.18000      139.000      6.00063     0.754710    0.0687095
1998-11-02/15:21:32      164.520     -64.8700      12.2600      113.000      1.87336     0.390731    0.0300971
1998-11-02/15:21:52      164.350     -65.9900      11.4500      115.000      3.34448     0.422618    0.0529032
1998-11-02/15:22:12      163.820     -67.1200      10.3700      113.000      1.53310     0.390731    0.0246305
1998-11-02/15:22:32      163.140     -68.1800      11.5400      108.000      2.51776     0.309017    0.0417925
1998-11-02/15:22:52      162.130     -69.4100      11.2500      117.000      4.45875     0.453991    0.0693380
1998-11-02/15:23:12      160.880     -70.8700      12.0500      130.000      4.50733     0.642788    0.0602630
1998-11-02/15:23:32      159.760     -72.1300      11.8300      142.000      6.03022     0.788011    0.0647966
1998-11-02/15:23:52      157.470     -73.7100      10.9700      120.000      3.34165     0.500000    0.0505090
1998-11-02/15:24:12      154.510     -75.3700      11.5600      118.000      2.91367     0.469472    0.0449007
1998-11-02/15:24:32      148.820     -77.4700      10.7800      114.000      2.00852     0.406737    0.0320246
1998-11-02/15:24:52      134.390     -80.2900      10.0400      115.000      2.69276     0.422618    0.0425942
1998-11-02/16:36:50      160.360      73.3900      10.1200      152.000      8.90213     0.882948    0.0729425
1998-11-02/16:37:10      162.110      72.3300      10.8300      151.000      17.0623     0.874620     0.144373
1998-11-02/16:37:31      162.450      71.2200      10.1300      144.000      30.4326     0.809017     0.312202
1998-11-02/16:37:51      162.950      70.4800      10.7500      129.000      25.6400     0.629321     0.347775
1998-11-02/16:38:11      163.810      70.3200      9.96000      141.000      6.17150     0.777146    0.0677860
1998-11-02/16:38:31      162.730      69.8600      9.85000      142.000      3.79876     0.788011    0.0408189
1998-11-02/16:38:50      163.500      69.4000      11.2200      131.000      2.94219     0.656059    0.0387550
1998-11-02/16:39:10      165.600      68.5500      9.55000      121.000      3.56322     0.515038    0.0533072
1998-11-02/16:39:30      166.820      67.2400      10.3600      128.000      4.76905     0.615661    0.0655906
1998-11-02/16:39:50      167.320      66.2800      14.3200      139.000      5.82442     0.754710    0.0666919
1998-11-02/16:40:11      168.170      65.2500      13.2800      138.000      3.47773     0.743145    0.0406148
1998-11-02/16:40:31      168.780      63.9700      15.1400      135.000      1.91243     0.707107    0.0236020
1998-11-02/16:40:51      169.160      62.6700      15.6900      138.000      4.89944     0.743145    0.0572183
1998-11-02/16:41:11      169.440      61.4300      14.0000      135.000      2.00488     0.707107    0.0247429
1998-11-02/16:41:30      169.840      60.3000      13.7300      132.000      3.27162     0.669131    0.0424340
1998-11-02/16:41:50      170.190      59.2400      10.9400      135.000      2.82523     0.707107    0.0348671
1998-11-02/16:42:10      170.610      58.0900      10.5400      133.000      3.66805     0.681998    0.0468209
1998-11-02/16:42:30      170.920      56.8100      11.3600      138.000      5.73175     0.743145    0.0669384
1998-11-02/16:42:51      171.130      55.6200      11.6400      123.000      3.03702     0.544639    0.0444546
1998-11-02/16:43:11      171.220      54.3000      11.4100      133.000      4.62152     0.681998    0.0589915
1998-11-02/16:43:31      171.230      53.0500      11.1100      140.000      8.22101     0.766045    0.0922295
1998-11-02/16:43:51      171.260      51.8300      10.5100      139.000      8.56860     0.754710    0.0981138
1998-11-02/16:44:10      171.340      50.6400      11.6800      145.000      9.65466     0.819152    0.0966509
1998-11-02/16:44:30      171.440      49.4200      10.4100      133.000      26.9050     0.681998     0.343430
1998-11-02/16:44:50      171.560      48.2700      10.0000      134.000      20.5334     0.694658     0.257794
1998-11-02/16:45:10      171.660      47.2200      10.4500      136.000      24.0070     0.719340     0.291063
1998-11-02/16:45:31      171.730      46.1700      10.8200      134.000      9.17734     0.694658     0.115220
1998-11-02/16:45:51      171.740      45.0900      11.5300      142.000      7.96597     0.788011    0.0855969
1998-11-02/16:46:11      171.640      44.0400      11.1100      142.000      8.84563     0.788011    0.0950491
1998-11-02/16:46:31      171.520      42.9300      10.9900      136.000      24.0070     0.719340     0.291063
1998-11-02/16:46:50      171.420      41.8500      10.5800      142.000      29.0452     0.788011     0.312100
1998-11-02/16:47:10      171.320      40.6900      10.4500      139.000      27.2650     0.754710     0.312195
1998-11-02/16:47:30      171.280      39.5300      10.5400      143.000      34.4662     0.798636     0.362021
1998-11-02/16:47:50      171.330      38.3700      10.7300      145.000      30.0488     0.819152     0.300812
1998-11-02/16:48:11      171.440      37.2300      10.7200      150.000      12.5558     0.866026     0.109570
1998-11-02/16:48:31      171.550      36.2700      10.4100      150.000      7.35244     0.866026    0.0641621
1998-11-02/16:48:51      171.700      35.3300      10.3700      146.000      7.83142     0.829038    0.0764327
1998-11-02/16:49:11      171.720      34.5100      10.3800      135.000      4.65228     0.707107    0.0574154
1998-11-02/16:49:30      171.650      33.6700      12.3100      137.000      3.23584     0.731354    0.0385166
1998-11-02/16:49:50      171.520      32.6800      16.7800      113.000      17.3017     0.390731     0.277966
1998-11-02/16:50:10      171.370      31.6500      14.9100      115.000      22.3924     0.422618     0.354204
1998-11-02/16:50:30      171.310      30.5800      12.5900      131.000      3.73483     0.656059    0.0491958
1998-11-02/16:50:51      171.250      29.4200      11.2200      143.000      6.77975     0.798636    0.0712121
1998-11-02/16:51:11      171.190      28.2900      11.3300      129.000      8.17918     0.629321     0.110940
1998-11-02/16:51:31      171.160      27.2000      11.3400      122.000      3.33634     0.529919    0.0493819
1998-11-02/16:51:51      171.180      26.0900      11.3200      128.000      4.76905     0.615661    0.0655906
1998-11-02/16:52:12      171.240      24.9800      11.6000      143.000      10.6223     0.798636     0.111573
1998-11-02/16:52:32      171.290      23.9200      11.2200      129.000      5.62312     0.629321    0.0762706
1998-11-02/16:52:52      171.330      22.8600      10.9100      132.000      2.72335     0.669131    0.0353227
1998-11-02/16:53:12      171.440      21.7900      11.0200      123.000      6.93669     0.544639     0.101536
1998-11-02/16:53:31      171.510      20.7200      10.8700      135.000      2.37842     0.707107    0.0293529
1998-11-02/16:53:51      171.450      19.6200      10.7000      125.000      3.85072     0.573576    0.0550534
1998-11-02/16:54:11      171.350      18.5700      10.5800      127.000      4.38046     0.601815    0.0610584
1998-11-02/16:54:31      171.180      17.4200      10.5400      136.000      3.14865     0.719340    0.0381745
1998-11-02/16:54:52      171.020      16.2300      10.4600      142.000      11.0236     0.788011     0.118452
1998-11-02/16:55:12      170.920      15.1000      10.4500      139.000      3.92732     0.754710    0.0449693
1998-11-02/16:55:32      170.820      14.0100      10.2300      138.000      4.02178     0.743145    0.0469685
1998-11-02/16:55:52      170.700      12.8300      10.2800      132.000      6.32968     0.669131    0.0820980
1998-11-02/16:56:11      170.640      11.7400      10.4400      133.000      4.30268     0.681998    0.0549217
1998-11-02/16:56:31      170.490      10.6100      10.5300      134.000      2.49403     0.694658    0.0313122
1998-11-02/16:56:51      170.420      9.43000      10.3200      140.000      9.17525     0.766045     0.102935
1998-11-02/16:57:11      170.310      8.28000      10.2800      141.000      10.7936     0.777146     0.118554
1998-11-02/16:57:32      170.300      7.21000      10.4900      135.000      20.6726     0.707107     0.255128
1998-11-02/16:57:52      170.280      6.15000      10.8200      138.000      26.7062     0.743145     0.311889
1998-11-02/16:58:12      170.140      5.06000      11.3300      130.000      12.0405     0.642788     0.160981
1998-11-02/16:58:32      169.980      4.01000      11.1800      139.000      7.80653     0.754710    0.0893878
1998-11-02/16:58:51      169.920      3.16000      10.9700      133.000      26.9050     0.681998     0.343430
1998-11-02/16:59:11      169.960      2.37000      10.4900      127.000      9.03646     0.601815     0.125958
1998-11-02/16:59:31      170.110      1.55000      10.6100      170.000      20.5702     0.984808    0.0623428
1998-11-02/17:08:32      169.300     -29.2900      10.9000      133.000      9.01497     0.681998     0.115072
1998-11-02/17:08:52      169.500     -30.3900      11.1100      135.000      8.06918     0.707107    0.0995845
1998-11-02/17:09:12      169.720     -31.6400      11.1100      135.000      4.93263     0.707107    0.0608753
1998-11-02/17:09:31      169.720     -32.9300      10.8000      145.000      8.71918     0.819152    0.0872860
1998-11-02/17:09:51      169.710     -34.1900      10.7800      170.000      19.7469     0.984808    0.0598476
1998-11-02/17:10:12      169.690     -35.4800      10.7300      167.000      45.0000     0.974370     0.176676
1998-11-02/17:10:32      169.660     -36.8100      10.5800      170.000      17.0160     0.984808    0.0515710
1998-11-02/17:10:52      169.830     -37.6900      10.5500      145.000      5.23356     0.819152    0.0523921
1998-11-02/17:11:12      169.750     -38.5600      10.6900      144.000      3.07767     0.809017    0.0315732
1998-11-02/17:11:32      169.580     -39.3500      11.0700      172.000      30.1131     0.990268    0.0731456
1998-11-02/17:12:52      168.800     -42.9200      11.0700      112.000      5.33701     0.374607    0.0863657
1998-11-02/17:13:12      168.450     -44.3900      10.9600      137.000      12.5060     0.731354     0.148860
1998-11-02/17:13:32      167.930     -46.4100      10.9000      170.000      11.0099     0.984808    0.0333681
1998-11-02/17:13:52      167.660     -48.4000      10.8200      169.000      10.4666     0.981627    0.0348563
1998-11-02/17:14:12      167.890     -49.3000      11.2200      136.000      24.0070     0.719340     0.291063
1998-11-02/17:14:32      167.890     -50.3500      11.7700      129.000      25.6400     0.629321     0.347775
1998-11-02/17:14:52      167.520     -51.5400      11.8000      131.000      25.9298     0.656059     0.341552
1998-11-02/17:15:12      166.720     -52.7400      11.8500      122.000      6.10862     0.529919    0.0904151
1998-11-02/17:15:32      165.520     -54.4200      11.9100      135.000      4.39715     0.707107    0.0542667
1998-11-02/17:15:52      163.820     -55.9700      11.6700      135.000      2.99077     0.707107    0.0369101
1998-11-02/17:16:12      163.090     -56.9200      11.5800      120.000      21.9826     0.500000     0.332267
1998-11-02/17:16:32      161.560     -58.3900      11.8100      133.000      3.01339     0.681998    0.0384645
1998-11-02/17:16:52      162.600     -58.0700      12.1200      121.000      3.04718     0.515038    0.0455870
1998-11-02/17:17:12      162.930     -58.0500      11.7300      109.000      2.75142     0.325568    0.0454051
1998-11-02/17:17:32      164.070     -58.7100      11.5200      105.000      3.09738     0.258819    0.0522174
1998-11-02/17:17:52      163.210     -60.4300      11.8700      115.000      4.02131     0.422618    0.0636093
1998-11-02/17:18:12      161.490     -62.8100      12.0700      142.000      3.23603     0.788011    0.0347722
1998-11-02/17:18:32      159.650     -66.0500      12.1500      136.000      2.72704     0.719340    0.0330628
1998-11-02/18:35:08      159.740      80.0900      11.8700      102.000      2.28924     0.207912    0.0390817
1998-11-02/18:36:08      164.470      75.6600      11.8400      128.000      2.59154     0.615661    0.0356424
1998-11-02/18:36:28      166.000      74.2100      11.9500      123.000      1.59085     0.544639    0.0232862
1998-11-02/18:36:48      166.980      72.4100      12.0100      121.000      2.07089     0.515038    0.0309813
1998-11-02/18:37:08      167.340      71.1800      11.9900      121.000      2.30422     0.515038    0.0344720
1998-11-02/18:37:28      167.960      69.6100      11.9000      125.000      1.64420     0.573576    0.0235070
1998-11-02/18:37:48      168.260      68.3500      11.8800      123.000      1.56129     0.544639    0.0228535
1998-11-02/18:38:08      168.430      66.9700      10.5900      123.000      1.59085     0.544639    0.0232862
1998-11-02/18:38:28      168.500      65.7700      10.1900      127.000      2.64459     0.601815    0.0368625
1998-11-02/18:38:48      168.780      64.5200      10.9200      124.000      1.37144     0.559193    0.0198440
1998-11-02/18:39:08      168.870      63.3500      10.1200      131.000      2.35911     0.656059    0.0310746
1998-11-02/18:39:28      169.100      62.1900      7.51000      118.000      3.42319     0.469472    0.0527525
1998-11-02/18:39:48      169.230      61.0700      9.70000      119.000      2.10667     0.484810    0.0321583
1998-11-02/18:40:08      169.560      59.7000      11.0300      123.000      1.43834     0.544639    0.0210538
1998-11-02/18:40:28      169.670      58.4300      10.1900      121.000      1.86698     0.515038    0.0279308
1998-11-02/18:40:48      169.730      57.2500      10.0600      124.000      1.40634     0.559193    0.0203489
1998-11-02/18:41:08      169.750      56.0100      9.85000      123.000      1.52507     0.544639    0.0223233
1998-11-02/18:41:28      169.730      54.8700      9.97000      122.000      1.93500     0.529919    0.0286404
1998-11-02/18:41:48      169.780      53.7000      9.32000      113.000      1.31741     0.390731    0.0211653
1998-11-02/18:42:08      169.760      52.5000      9.98000      126.000      2.17909     0.587785    0.0307688
1998-11-02/18:42:28      169.710      51.3700      9.74000      121.000      2.35910     0.515038    0.0352931
1998-11-02/18:42:48      169.700      50.2700      9.12000      127.000      2.44444     0.601815    0.0340726
1998-11-02/18:43:08      169.740      49.1100      8.83000      125.000      2.01076     0.573576    0.0287476
1998-11-02/18:43:28      169.790      47.9600      9.65000      120.000      3.44536     0.500000    0.0520766
1998-11-02/18:43:48      169.810      46.7900      9.76000      134.000      2.13954     0.694658    0.0268616
1998-11-02/18:44:08      169.840      45.6800      8.65000      126.000      2.27823     0.587785    0.0321686
1998-11-02/18:44:28      169.860      44.5200      8.63000      117.000      3.48879     0.453991    0.0542542
1998-11-02/18:44:48      169.880      43.3900      8.61000      123.000      1.83647     0.544639    0.0268814
1998-11-02/18:45:08      169.920      42.2800      8.90000      144.000      2.74559     0.809017    0.0281664
1998-11-02/18:45:28      169.960      41.1100      10.1200      127.000      3.69186     0.601815    0.0514602
1998-11-02/18:45:48      169.970      39.9700      11.2200      127.000      2.34174     0.601815    0.0326411
1998-11-02/18:46:08      169.950      38.8400      8.05000      129.000      3.48074     0.629321    0.0472119
1998-11-02/18:46:28      169.930      37.7200      9.10000      123.000      2.27303     0.544639    0.0332716
1998-11-02/18:46:48      169.910      36.6500      12.8000      132.000      2.47687     0.669131    0.0321258
1998-11-02/18:47:08      169.890      35.5400      9.44000      118.000      3.73865     0.469472    0.0576139
1998-11-02/18:47:28      169.890      34.4300      12.4100      127.000      2.74226     0.601815    0.0382239
1998-11-02/18:47:48      169.910      33.3000      15.9900      131.000      2.86963     0.656059    0.0377993
1998-11-02/18:48:08      169.930      32.1500      13.9800      127.000      2.64459     0.601815    0.0368625
1998-11-02/18:48:28      169.940      31.0400      14.0800      124.000      1.77427     0.559193    0.0256727
1998-11-02/18:48:48      169.950      29.9300      11.9600      116.000      2.85385     0.438371    0.0447681
1998-11-02/18:49:08      169.960      28.8200      10.1400      116.000      3.12038     0.438371    0.0489491
1998-11-02/18:49:28      169.960      27.7600      10.5900      143.000      3.08601     0.798636    0.0324144
1998-11-02/18:49:48      169.970      26.6500      11.0300      128.000      4.76905     0.615661    0.0655906
1998-11-02/18:50:08      169.960      25.5500      11.1400      118.000      2.91367     0.469472    0.0449007
1998-11-02/18:50:28      169.960      24.4600      9.68000      115.000      3.09391     0.422618    0.0489396
1998-11-02/18:50:48      169.940      23.3400      11.0100      123.000      1.61630     0.544639    0.0236587
1998-11-02/18:51:08      169.920      22.2500      11.1400      124.000      2.07314     0.559193    0.0299972
1998-11-02/18:51:28      169.900      21.1600      9.74000      118.000      3.91119     0.469472    0.0602728
1998-11-02/18:51:48      169.890      20.0800      9.35000      130.000      3.40025     0.642788    0.0454613
1998-11-02/18:52:08      169.880      19.0100      9.64000      127.000      4.74053     0.601815    0.0660774
1998-11-02/18:52:28      169.890      17.9300      9.67000      118.000      9.06853     0.469472     0.139749
1998-11-02/18:52:48      169.900      16.8400      9.79000      132.000      2.66416     0.669131    0.0345550
1998-11-02/18:53:08      169.910      15.7600      10.8800      136.000      2.50700     0.719340    0.0303951
1998-11-02/18:53:28      169.910      14.6400      10.3600      125.000      2.01076     0.573576    0.0287476
1998-11-02/18:53:48      169.910      13.5400      9.84000      136.000      2.18785     0.719340    0.0265257
1998-11-02/18:54:08      169.920      12.4300      10.5600      139.000      5.53958     0.754710    0.0634303
1998-11-02/18:54:28      169.930      11.3100      10.6100      126.000      7.03291     0.587785    0.0993048
1998-11-02/18:54:48      169.940      10.2400      10.5500      136.000      2.72704     0.719340    0.0330628
1998-11-02/18:55:08      169.950      9.15000      10.3900      106.000      4.47458     0.275637    0.0750708
1998-11-02/18:56:27      169.860      4.94000      10.4300      165.000      21.1453     0.965926    0.0955184
1998-11-02/18:56:47      169.820      3.87000      10.5600      151.000      5.30607     0.874620    0.0448974
1998-11-02/18:57:07      169.790      2.88000      12.1500      153.000      4.95870     0.891007    0.0392909
1998-11-02/18:57:28      169.750      1.91000      18.4300      169.000      21.3847     0.981627    0.0712162
1998-11-02/19:00:07      169.450     -6.84000      16.0900      120.000      4.89963     0.500000    0.0740579
1998-11-02/19:00:27      169.420     -7.91000      12.3100      130.000      11.3415     0.642788     0.151636
1998-11-02/19:00:47      169.390     -9.02000      11.1400      149.000      12.3555     0.857167     0.111065
1998-11-02/19:01:07      169.390     -10.1300      10.8900      130.000      25.7972     0.642788     0.344909
1998-11-02/19:01:27      169.410     -11.1500      10.4800      126.000      3.29175     0.587785    0.0464795
1998-11-02/19:01:47      169.420     -12.1700      10.0800      147.000      13.7548     0.838671     0.130750
1998-11-02/19:02:07      169.400     -13.1900      10.3500      170.000      3.27321     0.984808   0.00992023
1998-11-02/19:02:27      169.330     -14.2300      10.4900      114.000      20.2240     0.406737     0.322459
1998-11-02/19:02:47      169.240     -15.3400      10.0100      151.000      7.99658     0.874620    0.0676632
1998-11-02/19:03:07      169.140     -16.4200      10.4400      148.000      32.7620     0.848048     0.303010
1998-11-02/19:03:27      169.040     -17.5000      10.7400      91.0000      20.6698    0.0174525     0.360701
1998-11-02/19:03:47      168.930     -18.5600      10.2400      125.000      3.16559     0.573576    0.0452581
1998-11-02/19:04:07      168.830     -19.5700      9.79000      104.000      18.8654     0.241922     0.319483
1998-11-02/19:04:27      168.710     -20.6600      9.89000      168.000      4.55563     0.978148    0.0165312
1998-11-02/19:05:27      168.510     -24.4900      9.93000      171.000      22.5551     0.987688    0.0615821
1998-11-02/19:05:47      168.580     -25.5800      9.99000      153.000      32.8278     0.891007     0.260115
1998-11-02/19:06:07      168.660     -26.5000      9.97000      161.000      45.0000     0.945519     0.255701
1998-11-02/19:06:27      168.710     -27.5000      9.88000      171.000      23.7188     0.987688    0.0647594
1998-11-02/19:07:27      168.620     -31.0900      9.85000      162.000      7.31579     0.951056    0.0394567
1998-11-02/19:07:47      168.540     -32.2500      9.95000      160.000      13.4425     0.939693    0.0802433
1998-11-02/19:08:07      168.450     -33.4500      9.90000      145.000      30.0488     0.819152     0.300812
1998-11-02/19:08:27      168.390     -34.6000      9.79000      148.000      9.61210     0.848048    0.0889007
1998-11-02/19:08:47      168.380     -35.7000      9.77000      171.000      17.3008     0.987688    0.0472363
1998-11-02/19:09:07      168.350     -36.7800      10.1600      134.000      20.5334     0.694658     0.257794
1998-11-02/19:09:27      168.320     -37.7700      10.6300      149.000      31.4226     0.857167     0.282461
1998-11-02/19:09:47      168.260     -38.7600      10.2100      168.000      1.65482     0.978148   0.00600492
1998-11-02/19:10:07      168.210     -39.7900      9.79000      162.000      21.0753     0.951056     0.113667
1998-11-02/19:10:27      168.160     -40.8400      9.62000      174.000      45.0000     0.994522    0.0820963
1998-11-02/19:12:47      167.390     -48.9200      9.40000      174.000      45.0000     0.994522    0.0820963
1998-11-02/19:13:07      167.190     -50.0400      9.28000      97.0000      18.5254     0.121869     0.320920
1998-11-02/19:13:27      166.970     -51.2700      9.24000      132.000      24.7334     0.669131     0.320800
1998-11-02/19:13:47      166.760     -52.5600      9.52000      109.000      25.5614     0.325568     0.421825
1998-11-02/19:14:07      166.550     -53.8400      9.63000      168.000      8.82093     0.978148    0.0320089
1998-11-02/19:14:27      166.400     -55.0600      9.45000      126.000      25.0610     0.587785     0.353862
1998-11-02/19:14:47      166.230     -56.1500      9.42000      116.000      21.9194     0.438371     0.343848
1998-11-02/19:15:07      166.030     -57.2500      9.42000      109.000      2.51082     0.325568    0.0414346
1998-11-02/19:15:27      165.720     -58.4700      9.35000      141.000      30.1216     0.777146     0.330847
1998-11-02/19:15:47      165.180     -59.8600      9.14000      122.000      2.33138     0.529919    0.0345073
1998-11-02/19:16:07      164.590     -61.3400      9.05000      124.000      1.94146     0.559193    0.0280918
1998-11-02/19:16:27      164.150     -62.7100      9.39000      148.000      6.63263     0.848048    0.0613441
1998-11-02/19:16:47      163.560     -64.1500      9.67000      137.000      4.56578     0.731354    0.0543470
1998-11-02/19:17:07      162.950     -65.6600      9.76000      116.000      3.45764     0.438371    0.0542397
1998-11-02/19:17:27      162.660     -66.8900      9.66000      105.000      2.68027     0.258819    0.0451856
1998-11-02/19:17:47      162.150     -68.0800      9.61000      108.000      2.79788     0.309017    0.0464422
1998-11-02/19:18:07      161.260     -69.4100      9.87000      121.000      3.31091     0.515038    0.0495325
1998-11-02/19:18:27      160.190     -70.8000      10.0400      113.000      1.31741     0.390731    0.0211653
1998-11-02/19:18:47      158.630     -72.4700      10.0300      118.000      3.10994     0.469472    0.0479252
1998-11-02/19:19:07      156.390     -74.1800      9.92000      113.000      1.64092     0.390731    0.0263628
1998-11-02/19:19:27      153.480     -75.7800      9.84000      116.000      2.04763     0.438371    0.0321210
1998-11-02/19:19:47      147.690     -77.8300      9.73000      110.000      1.55965     0.342020    0.0255794
1998-11-02/20:33:45      162.260      75.2400      9.55000      98.0000      5.86897     0.139173     0.101436
1998-11-02/20:34:05      163.230      73.8900      9.56000      111.000      1.86614     0.358368    0.0304070
1998-11-02/20:34:25      164.180      72.5400      9.46000      120.000      2.81804     0.500000    0.0425947
1998-11-02/20:34:46      164.790      71.2100      9.38000      121.000      2.30422     0.515038    0.0344720
1998-11-02/20:35:06      165.210      69.9500      9.28000      126.000      2.54888     0.587785    0.0359902
1998-11-02/20:35:26      165.580      68.7300      9.46000      123.000      1.64087     0.544639    0.0240183
1998-11-02/20:35:46      165.920      67.4900      9.52000      121.000      2.49214     0.515038    0.0372834
1998-11-02/20:36:05      166.210      66.2900      9.48000      130.000      3.62131     0.642788    0.0484169
1998-11-02/20:36:25      166.510      65.0200      9.50000      117.000      3.38384     0.453991    0.0526221
1998-11-02/20:36:45      166.710      63.7900      9.56000      122.000      2.66196     0.529919    0.0394003
1998-11-02/20:37:05      166.930      62.5700      9.66000      130.000      3.40025     0.642788    0.0454613
1998-11-02/20:37:26      167.140      61.3200      9.56000      127.000      3.69186     0.601815    0.0514602
1998-11-02/20:37:46      167.340      60.1300      5.77000      121.000      2.69424     0.515038    0.0403069
1998-11-02/20:38:06      167.450      58.8900      6.58000      124.000      2.73707     0.559193    0.0396039
1998-11-02/20:38:26      167.600      57.6800      5.32000      127.000      3.82036     0.601815    0.0532513
1998-11-02/20:38:45      167.730      56.5000      9.78000      122.000      2.81476     0.529919    0.0416619
1998-11-02/20:39:05      167.860      55.3200      7.85000      124.000      1.50721     0.559193    0.0218085
1998-11-02/20:39:25      167.980      54.1600      7.53000      122.000      2.26089     0.529919    0.0334640
1998-11-02/20:39:45      168.050      52.9900      7.14000      119.000      3.42648     0.484810    0.0523052
1998-11-02/20:40:06      168.110      51.7600      7.89000      127.000      3.18256     0.601815    0.0443611
1998-11-02/20:40:26      168.230      50.5800      6.79000      126.000      2.45908     0.587785    0.0347222
1998-11-02/20:40:46      168.320      49.4200      5.66000      126.000      2.54888     0.587785    0.0359902
1998-11-02/20:41:06      168.400      48.2800      5.34000      125.000      2.47499     0.573576    0.0353847
1998-11-02/20:41:25      168.440      47.1500      6.42000      128.000      3.61859     0.615661    0.0497679
1998-11-02/20:41:45      168.500      45.9900      6.87000      123.000      1.90567     0.544639    0.0278944
1998-11-02/20:42:05      168.570      44.8500      9.18000      141.000      3.30711     0.777146    0.0363243
1998-11-02/20:42:25      168.600      43.7100      6.01000      135.000      1.54913     0.707107    0.0191183
1998-11-02/20:42:46      168.630      42.5600      4.28000      117.000      3.71922     0.453991    0.0578376
1998-11-02/20:43:06      168.660      41.4400      7.67000      124.000      2.07314     0.559193    0.0299972
1998-11-02/20:43:26      168.690      40.3600      6.38000      120.000      2.39210     0.500000    0.0361566
1998-11-02/20:43:46      168.710      39.2500      6.24000      114.000      4.94227     0.406737    0.0788014
1998-11-02/20:44:05      168.710      38.1800      7.22000      123.000      1.90567     0.544639    0.0278944
1998-11-02/20:44:25      168.720      37.0800      9.28000      118.000      3.91119     0.469472    0.0602728
1998-11-02/20:44:45      168.720      36.0000      10.2700      126.000      3.29175     0.587785    0.0464795
1998-11-02/20:45:05      168.730      34.9100      10.0200      127.000      3.69186     0.601815    0.0514602
1998-11-02/20:45:26      168.730      33.8000      7.60000      119.000      2.87886     0.484810    0.0439458
1998-11-02/20:45:46      168.740      32.7200      6.11000      124.000      1.61080     0.559193    0.0233074
1998-11-02/20:46:06      168.750      31.6200      5.87000      125.000      2.12168     0.573576    0.0303334
1998-11-02/20:46:26      168.770      30.5400      5.69000      127.000      3.04156     0.601815    0.0423958
1998-11-02/20:46:45      168.810      29.4800      6.29000      134.000      3.50852     0.694658    0.0440489
1998-11-02/20:47:05      168.890      28.4200      6.57000      120.000      4.33929     0.500000    0.0655884
1998-11-02/20:47:25      168.960      27.3800      8.10000      113.000      2.02531     0.390731    0.0325383
1998-11-02/20:47:45      168.980      26.2900      8.35000      125.000      2.54251     0.573576    0.0363500
1998-11-02/20:48:06      168.980      25.1400      6.04000      119.000      2.87886     0.484810    0.0439458
1998-11-02/20:48:26      168.970      24.0500      7.27000      117.000      4.15842     0.453991    0.0646676
1998-11-02/20:48:46      168.950      22.9800      8.71000      123.000      2.43576     0.544639    0.0356536
1998-11-02/20:49:06      168.930      21.8900      8.63000      119.000      3.29344     0.484810    0.0502743
1998-11-02/20:49:25      168.890      20.8300      8.98000      114.000      2.63779     0.406737    0.0420579
1998-11-02/20:49:45      168.870      19.7400      9.04000      117.000      3.71922     0.453991    0.0578376
1998-11-02/20:50:05      168.840      18.6600      8.32000      116.000      3.23533     0.438371    0.0507524
1998-11-02/20:50:25      168.800      17.5600      8.95000      113.000      1.82806     0.390731    0.0293693
1998-11-02/20:50:46      168.770      16.4300      8.53000      107.000      3.13206     0.292372    0.0522762
1998-11-02/20:51:06      168.750      15.3200      8.49000      128.000      4.25030     0.615661    0.0584560
1998-11-02/20:51:26      168.730      14.2200      8.64000      132.000      2.82961     0.669131    0.0367010
1998-11-02/20:51:46      168.710      13.1100      9.61000      137.000      2.42132     0.731354    0.0288213
1998-11-02/20:52:05      168.690      12.0500      12.1000      126.000      3.17024     0.587785    0.0447638
1998-11-02/20:52:25      168.680      10.9600      11.7800      136.000      3.75188     0.719340    0.0454881
1998-11-02/20:52:45      168.670      9.87000      8.89000      143.000      2.77869     0.798636    0.0291864
1998-11-02/20:53:05      168.670      8.79000      9.30000      117.000      8.62020     0.453991     0.134053
1998-11-02/20:54:26      168.520      4.50000      9.60000      148.000      2.61311     0.848048    0.0241682
1998-11-02/20:54:45      168.490      3.44000      9.36000      156.000      7.31335     0.913545    0.0519167
1998-11-02/20:55:05      168.460      2.37000      9.24000      164.000      8.55811     0.961262    0.0411712
1998-11-02/20:55:25      168.420      1.31000      8.70000      151.000      37.2472     0.874620     0.315168
1998-11-02/20:56:06      168.340    -0.870000      9.42000      158.000      6.54353     0.927184    0.0427824
1998-11-02/20:56:26      168.320     -1.99000      9.69000      166.000      10.8732     0.970296    0.0459103
1998-11-02/20:56:46      168.300     -3.10000      9.25000      125.000      8.98830     0.573576     0.128505
1998-11-02/20:57:06      168.280     -4.19000      8.92000      167.000      7.42512     0.974370    0.0291520
1998-11-02/20:57:25      168.260     -5.21000      9.03000      149.000      12.3555     0.857167     0.111065
1998-11-02/20:57:45      168.240     -6.24000      8.42000      172.000      30.7485     0.990268    0.0746890
1998-11-02/20:58:05      168.220     -7.30000      8.01000      156.000      3.02394     0.913545    0.0214666
1998-11-02/20:58:25      168.210     -8.39000      9.24000      150.000      35.6382     0.866026     0.311002
1998-11-02/20:58:46      168.220     -9.49000      9.53000      126.000      7.03291     0.587785    0.0993048
1998-11-02/20:59:06      168.240     -10.5400      9.25000      117.000      6.12295     0.453991    0.0952180
1998-11-02/20:59:26      168.240     -11.5700      8.82000      152.000      8.47223     0.882948    0.0694200
1998-11-02/20:59:46      168.210     -12.6100      9.30000      149.000      5.57718     0.857167    0.0501339
1998-11-02/21:00:05      168.170     -13.6300      9.37000      166.000      8.18138     0.970296    0.0345445
1998-11-02/21:00:25      168.090     -14.6900      9.43000      157.000      9.86137     0.920505    0.0672500
1998-11-02/21:00:45      168.020     -15.7600      9.48000      127.000      5.79770     0.601815    0.0808131
1998-11-02/21:01:05      167.910     -16.8400      9.02000      119.000      6.91906     0.484810     0.105619
1998-11-02/21:01:26      167.830     -17.9400      8.85000      155.000      11.6969     0.906308    0.0862773
1998-11-02/21:01:46      167.760     -18.9700      9.06000      142.000      6.03022     0.788011    0.0647966
1998-11-02/21:02:06      167.680     -19.9700      9.23000      158.000      6.90770     0.927184    0.0451634
1998-11-02/21:02:26      167.550     -21.0400      9.36000      152.000      38.7864     0.882948     0.317809
1998-11-02/21:02:45      167.400     -22.2100      9.37000      146.000      28.3908     0.829038     0.277087
1998-11-02/21:03:05      167.320     -23.4800      9.09000      148.000      32.7620     0.848048     0.303010
1998-11-02/21:04:06      167.520     -26.6700      9.13000      128.000      24.7730     0.615661     0.340713
1998-11-02/21:04:46      167.420     -29.0200      9.32000      151.000      5.15647     0.874620    0.0436316
1998-11-02/21:05:06      167.350     -30.3700      9.47000      124.000      17.6815     0.559193     0.255841
1998-11-02/21:05:25      167.280     -31.5300      9.61000      133.000      26.9050     0.681998     0.343430
1998-11-02/21:05:45      167.200     -32.6600      9.81000      151.000      3.71275     0.874620    0.0314155
1998-11-02/21:06:05      167.140     -33.7700      9.65000      149.000      16.1128     0.857167     0.144840
1998-11-02/21:06:25      167.120     -34.8900      9.33000      152.000      6.79318     0.882948    0.0556621
1998-11-02/21:06:46      167.110     -36.0200      10.0800      142.000      8.49064     0.788011    0.0912346
1998-11-02/21:07:06      167.130     -37.1200      10.1900      146.000      2.89858     0.829038    0.0282894
1998-11-02/21:07:26      167.100     -38.0900      10.0700      149.000      3.79393     0.857167    0.0341041
1998-11-02/21:07:46      167.050     -39.0500      9.86000      157.000      4.71980     0.920505    0.0321869
1998-11-02/21:08:05      167.000     -40.0000      9.87000      103.000      23.4252     0.224951     0.398368
1998-11-02/21:08:25      166.950     -41.0700      9.84000      134.000      3.04750     0.694658    0.0382609
1998-11-02/21:09:05      166.800     -43.4100      9.48000      174.000      45.0000     0.994522    0.0820963
1998-11-02/21:10:06      166.620     -46.9500      10.0400      150.000      35.6382     0.866026     0.311002
1998-11-02/21:10:26      166.500     -48.0300      8.68000      167.000      6.02067     0.974370    0.0236380
1998-11-02/21:10:45      166.350     -49.0900      8.97000      101.000      25.3882     0.190809     0.434967
1998-11-02/21:11:05      166.150     -50.1300      9.34000      145.000      30.0488     0.819152     0.300812
1998-11-02/21:11:25      165.940     -51.3600      10.2600      140.000      6.63463     0.766045    0.0744323
1998-11-02/21:11:45      165.670     -52.6500      10.0300      116.000      8.88126     0.438371     0.139320
1998-11-02/21:12:46      165.080     -56.2900      8.91000      121.000      3.75244     0.515038    0.0561380
1998-11-02/21:13:06      164.820     -57.3400      7.32000      117.000      3.85261     0.453991    0.0599119
1998-11-02/21:13:25      164.450     -58.4000      10.1600      100.000      2.86438     0.173648    0.0492334
1998-11-02/21:13:45      163.990     -59.6800      10.9300      124.000      2.07314     0.559193    0.0299972
1998-11-02/21:14:05      163.560     -61.0200      9.67000      131.000      4.20512     0.656059    0.0553905
1998-11-02/21:14:25      163.040     -62.3600      9.58000      112.000      2.74726     0.374607    0.0444573
1998-11-02/21:14:46      162.500     -63.8000      10.0200      119.000      2.80616     0.484810    0.0428360
1998-11-02/21:15:06      161.980     -65.1000      8.43000      116.000      2.25007     0.438371    0.0352967
1998-11-02/21:15:26      161.370     -66.4800      11.5600      110.000      2.32336     0.342020    0.0381048
1998-11-02/21:15:46      160.900     -67.5800      12.5800      120.000      2.81804     0.500000    0.0425947
1998-11-02/21:16:05      160.300     -68.5800      11.1700      126.000      2.17909     0.587785    0.0307688
1998-11-02/21:16:25      159.210     -69.9900      9.69000      120.000      3.24624     0.500000    0.0490669
1998-11-02/21:16:45      158.140     -71.3700      10.6000      112.000      1.56737     0.374607    0.0253638
1998-11-02/21:17:05      156.600     -72.7100      9.65000      114.000      2.54404     0.406737    0.0405631
1998-11-02/21:17:26      154.480     -74.2200      9.17000      121.000      2.94793     0.515038    0.0441022
1998-11-02/21:17:46      150.960     -75.9800      10.6400      121.000      2.35910     0.515038    0.0352931
1998-11-02/21:18:06      144.250     -78.2300      9.94000      111.000      1.92688     0.358368    0.0313967
1998-11-02/21:18:26      132.170     -80.4600      7.84000      118.000      3.10994     0.469472    0.0479252
1998-11-02/22:30:43      139.800      80.6800      9.09000      115.000      2.36999     0.422618    0.0374886
1998-11-02/22:31:03      149.730      78.7300      11.4200      111.000      2.16209     0.358368    0.0352292
1998-11-02/22:31:23      156.450      76.4300      10.6800      112.000      1.52115     0.374607    0.0246159
1998-11-02/22:31:43      158.780      74.9200      9.81000      114.000      1.51041     0.406737    0.0240825
1998-11-02/22:32:04      160.380      73.4800      10.3100      116.000      2.47717     0.438371    0.0388592
1998-11-02/22:32:24      161.280      72.0800      10.1800      116.000      1.84698     0.438371    0.0289734
1998-11-02/22:32:43      161.940      70.9400      9.96000      114.000      1.51041     0.406737    0.0240825
1998-11-02/22:33:03      162.730      69.5500      11.7600      117.000      2.18261     0.453991    0.0339418
1998-11-02/22:33:23      163.530      68.1700      11.2600      119.000      2.10667     0.484810    0.0321583
1998-11-02/22:33:43      164.260      66.7700      9.81000      126.000      2.27823     0.587785    0.0321686
1998-11-02/22:34:03      164.840      65.2900      10.3900      120.000      2.61527     0.500000    0.0395298
1998-11-02/22:34:23      165.270      63.9100      6.52000      124.000      2.26797     0.559193    0.0328162
1998-11-02/22:34:43      165.660      62.4600      10.6300      125.000      2.01076     0.573576    0.0287476
1998-11-02/22:35:03      165.910      61.1000      11.1900      128.000      2.84796     0.615661    0.0391691
1998-11-02/22:35:23      166.110      59.8400      17.5300      124.000      1.50721     0.559193    0.0218085
1998-11-02/22:35:43      166.310      58.5800      13.6400      125.000      2.12168     0.573576    0.0303334
1998-11-02/22:36:03      166.420      57.3600      10.8900      130.000      3.76166     0.642788    0.0502934
1998-11-02/22:36:23      166.460      56.2700      10.5900      126.000      2.90571     0.587785    0.0410286
1998-11-02/22:36:43      166.680      55.1700      11.0800      129.000      4.42622     0.629321    0.0600362
1998-11-02/22:37:03      166.840      54.0200      10.0700      127.000      3.57709     0.601815    0.0498604
1998-11-02/22:37:23      166.940      52.8800      10.4200      124.000      3.18371     0.559193    0.0460665
1998-11-02/22:37:43      167.010      51.8100      10.8700      120.000      3.05288     0.500000    0.0461443
1998-11-02/22:38:03      167.140      50.7300      7.45000      131.000      2.94219     0.656059    0.0387550
1998-11-02/22:38:23      167.250      49.6100      7.53000      124.000      3.18371     0.559193    0.0460665
1998-11-02/22:38:43      167.350      48.5000      10.8200      131.000      2.86963     0.656059    0.0377993
1998-11-02/22:39:03      167.390      47.4100      10.7900      130.000      5.41771     0.642788    0.0724348
1998-11-02/22:39:23      167.440      46.3100      10.6600      123.000      2.11018     0.544639    0.0308879
1998-11-02/22:39:43      167.440      45.1900      11.4300      126.000      4.02896     0.587785    0.0568890
1998-11-02/22:40:03      167.440      44.0300      9.94000      125.000      2.63929     0.573576    0.0377337
1998-11-02/22:40:23      167.470      42.9000      9.16000      126.000      3.29175     0.587785    0.0464795
1998-11-02/22:40:43      167.500      41.7500      10.1600      131.000      3.05442     0.656059    0.0402333
1998-11-02/22:41:03      167.530      40.6600      10.6800      124.000      1.28191     0.559193    0.0185485
1998-11-02/22:41:23      167.520      39.5800      8.86000      116.000      6.26546     0.438371    0.0982857
1998-11-02/22:41:43      167.540      38.4800      9.25000      126.000      3.29175     0.587785    0.0464795
1998-11-02/22:42:03      167.540      37.3800      11.3000      130.000      3.62131     0.642788    0.0484169
1998-11-02/22:42:23      167.550      36.3100      11.9200      124.000      1.68852     0.559193    0.0244319
1998-11-02/22:42:43      167.550      35.2100      11.3300      122.000      2.11743     0.529919    0.0313406
1998-11-02/22:43:03      167.550      34.1300      10.9500      129.000      3.00037     0.629321    0.0406963
1998-11-02/22:43:23      167.540      33.0300      10.6700      125.000      1.84329     0.573576    0.0263533
1998-11-02/22:43:43      167.500      31.9000      10.8800      130.000      2.80401     0.642788    0.0374896
1998-11-02/22:44:03      167.470      30.8000      12.3100      122.000      2.07130     0.529919    0.0306578
1998-11-02/22:44:23      167.450      29.6500      11.4100      126.000      2.27823     0.587785    0.0321686
1998-11-02/22:44:43      167.430      28.5000      9.72000      131.000      2.86963     0.656059    0.0377993
1998-11-02/22:45:03      167.440      27.3700      9.55000      142.000      2.99544     0.788011    0.0321870
1998-11-02/22:45:23      167.460      26.2400      9.42000      138.000      4.22890     0.743145    0.0493873
1998-11-02/22:45:43      167.490      25.1500      10.8600      132.000      2.98051     0.669131    0.0386582
1998-11-02/22:46:03      167.490      24.1100      11.3100      145.000      9.13993     0.819152    0.0914980
1998-11-02/22:46:23      167.500      23.0600      10.8700      136.000      3.25040     0.719340    0.0394081
1998-11-02/22:46:43      167.500      22.0200      10.1400      125.000      2.77985     0.573576    0.0397432
1998-11-02/22:47:03      167.520      20.9500      9.87000      120.000      4.33929     0.500000    0.0655884
1998-11-02/22:47:23      167.520      19.8900      10.1600      133.000      2.62354     0.681998    0.0334883
1998-11-02/22:47:43      167.540      18.8400      11.3800      126.000      2.27823     0.587785    0.0321686
1998-11-02/22:48:03      167.550      17.7600      11.4200      118.000      2.52996     0.469472    0.0389875
1998-11-02/22:48:23      167.540      16.7100      10.0200      135.000      4.39715     0.707107    0.0542667
1998-11-02/22:48:43      167.520      15.6600      9.79000      111.000      2.76042     0.358368    0.0449784
1998-11-02/22:49:03      167.500      14.6000      10.1100      110.000      4.30470     0.342020    0.0706002
1998-11-02/22:49:23      167.510      13.5600      10.2200      149.000      5.21590     0.857167    0.0468863
1998-11-02/22:49:43      167.500      12.5000      10.2900      138.000      4.37375     0.743145    0.0510790
1998-11-02/22:50:03      167.510      11.4100      10.4400      115.000      3.75347     0.422618    0.0593726
1998-11-02/22:50:23      167.520      10.3300      10.5000      120.000      3.57647     0.500000    0.0540583
1998-11-02/22:50:43      167.540      9.18000      10.7800      140.000      4.40624     0.766045    0.0494325
1998-11-02/22:51:03      167.540      8.09000      10.9400      113.000      1.74178     0.390731    0.0279832
1998-11-02/22:51:23      167.530      7.02000      10.5500      108.000      5.69753     0.309017    0.0945737
1998-11-02/22:51:43      167.470      5.95000      9.91000      118.000      4.71316     0.469472    0.0726314
1998-11-02/22:52:03      167.400      4.89000      9.71000      110.000      2.45938     0.342020    0.0403356
1998-11-02/22:52:23      167.340      3.80000      9.91000      110.000      4.60853     0.342020    0.0755833
1998-11-02/22:52:43      167.270      2.71000      10.3600      141.000      8.47007     0.777146    0.0930328
1998-11-02/22:53:03      167.210      1.64000      10.0600      138.000      26.7062     0.743145     0.311889
1998-11-02/22:53:23      167.160     0.520000      9.76000      154.000      13.3185     0.898794     0.101900
1998-11-02/22:54:03      167.060     -1.73000      9.75000      152.000      38.7864     0.882948     0.317809
1998-11-02/22:54:23      167.040     -2.87000      10.0500      126.000      5.86017     0.587785    0.0827456
1998-11-02/22:54:43      167.030     -3.95000      10.0700      167.000      19.9319     0.974370    0.0782553
1998-11-02/22:55:03      167.050     -5.00000      10.3000      174.000      45.0000     0.994522    0.0820963
1998-11-02/22:56:43      166.950     -10.5000      10.4400      134.000      2.49403     0.694658    0.0313122
1998-11-02/22:57:03      166.950     -11.5800      10.7200      133.000      3.16770     0.681998    0.0404342
1998-11-02/22:57:23      166.930     -12.6400      10.4100      141.000      7.95020     0.777146    0.0873227
1998-11-02/22:57:43      166.940     -13.7300      10.2800      138.000      8.00324     0.743145    0.0934661
1998-11-02/22:58:03      166.920     -14.8200      10.4000      134.000      5.00893     0.694658    0.0628864
1998-11-02/22:58:23      166.880     -15.9000      9.99000      170.000      18.6737     0.984808    0.0565950
1998-11-02/22:58:43      166.830     -17.0000      10.2700      171.000      12.4759     0.987688    0.0340629
1998-11-02/22:59:03      166.780     -18.0600      10.8400      147.000      30.4102     0.838671     0.289071
1998-11-02/22:59:23      166.740     -19.1100      10.4600      144.000      30.4326     0.809017     0.312202
1998-11-02/23:02:23      165.530     -29.1700      10.3100      143.000      4.93335     0.798636    0.0518182
1998-11-02/23:02:43      165.300     -30.6800      10.7600      170.000      10.5728     0.984808    0.0320434
1998-11-02/23:03:03      165.210     -32.0400      10.5800      170.000      5.89201     0.984808    0.0178571
1998-11-02/23:03:23      165.220     -33.1500      10.3100      147.000      9.19074     0.838671    0.0873648
1998-11-02/23:04:03      165.170     -35.3500      10.1900      173.000      22.8577     0.992546    0.0486188
1998-11-02/23:04:23      165.070     -36.4600      10.1500      136.000      24.0070     0.719340     0.291063
1998-11-02/23:04:43      165.020     -37.6000      9.98000      141.000      30.1216     0.777146     0.330847
1998-11-02/23:05:03      165.050     -38.6200      9.91000      148.000      32.7620     0.848048     0.303010
1998-11-02/23:05:23      165.050     -39.5000      10.2300      140.000      8.83418     0.766045    0.0991085
1998-11-02/23:05:43      164.980     -40.4200      11.3100      148.000      14.5323     0.848048     0.134407
1998-11-02/23:06:03      164.910     -41.4700      11.4300      139.000      7.14880     0.754710    0.0818565
1998-11-02/23:06:23      164.770     -42.7300      8.73000      118.000      21.8068     0.469472     0.336050
1998-11-02/23:06:43      164.550     -44.0500      12.2000      126.000      4.02896     0.587785    0.0568890
1998-11-02/23:07:03      164.420     -45.4100      11.8300      174.000      25.3818     0.994522    0.0463056
1998-11-02/23:07:23      164.330     -46.7400      10.9800      162.000      13.8187     0.951056    0.0745293
1998-11-02/23:08:23      164.050     -50.3500      11.7600      173.000      19.8089     0.992546    0.0421339
1998-11-02/23:08:43      163.830     -51.3400      12.0100      153.000      7.03647     0.891007    0.0557544
1998-11-02/23:09:03      163.350     -52.6200      10.5000      147.000      30.4102     0.838671     0.289071
1998-11-02/23:09:23      162.680     -54.2100      15.6200      145.000      30.0488     0.819152     0.300812
1998-11-02/23:09:43      161.850     -55.8200      15.4300      135.000      2.11900     0.707107    0.0261513
1998-11-02/23:10:03      161.170     -57.2700      13.9800      123.000      2.17132     0.544639    0.0317828
1998-11-02/23:10:23      160.640     -58.5500      12.4800      132.000      2.82961     0.669131    0.0367010
1998-11-02/23:10:43      160.170     -59.6600      12.3800      137.000      2.77105     0.731354    0.0329841
1998-11-02/23:11:03      159.560     -60.8500      11.7600      141.000      3.47534     0.777146    0.0381721
1998-11-02/23:11:23      158.440     -62.3500      12.8300      145.000      3.28167     0.819152    0.0328521
1998-11-02/23:11:43      156.740     -64.1800      13.0200      123.000      3.03702     0.544639    0.0444546
1998-11-02/23:12:03      154.740     -66.0900      12.3700      167.000      22.0311     0.974370    0.0864970
1998-11-02/23:12:23      151.070     -68.5700      11.9400      140.000      28.7126     0.766045     0.322120
1998-11-03/04:28:36      150.100      67.0600      12.0600      103.000      2.73067     0.224951    0.0464377
1998-11-03/04:28:56      155.680      63.1800      11.9800      114.000      2.09785     0.406737    0.0334489
1998-11-03/04:29:16      157.570      61.5700      11.7000      121.000      2.86288     0.515038    0.0428298
1998-11-03/04:29:36      158.550      59.8800      12.9200      132.000      5.94674     0.669131    0.0771312
1998-11-03/04:29:56      159.600      58.6000      12.3000      123.000      1.97618     0.544639    0.0289265
1998-11-03/04:30:16      160.620      56.6600      11.7300      115.000      2.04489     0.422618    0.0323462
1998-11-03/04:30:36      160.680      55.6100      12.2600      121.000      2.24472     0.515038    0.0335819
1998-11-03/04:30:56      161.480      54.5000      14.2800      122.000      2.26089     0.529919    0.0334640
1998-11-03/04:31:16      161.840      53.0800      12.3900      118.000      2.81502     0.469472    0.0433804
1998-11-03/04:31:36      162.120      51.7100      11.4700      117.000      2.70413     0.453991    0.0420519
1998-11-03/04:31:56      162.160      50.5300      11.7300      124.000      1.77427     0.559193    0.0256727
1998-11-03/04:32:16      162.350      49.5100      9.25000      129.000      2.65361     0.629321    0.0359929
1998-11-03/04:32:36      162.670      48.3300      14.1000      127.000      2.82921     0.601815    0.0394358
1998-11-03/04:32:56      162.850      47.0600      13.0300      127.000      2.92358     0.601815    0.0407513
1998-11-03/04:33:16      162.980      45.8300      11.4100      119.000      5.88945     0.484810    0.0899024
1998-11-03/04:33:36      162.930      44.7000      16.6600      122.000      2.09344     0.529919    0.0309855
1998-11-03/04:33:56      163.070      43.6400      15.1800      137.000      2.95958     0.731354    0.0352282
1998-11-03/04:34:16      163.210      42.4800      10.7900      134.000      1.92438     0.694658    0.0241603
1998-11-03/04:34:36      163.460      41.4200      12.8000      123.000      1.61630     0.544639    0.0236587
1998-11-03/04:34:56      163.660      40.2300      14.2000      120.000      2.53734     0.500000    0.0383519
1998-11-03/04:35:16      163.830      39.0100      12.9200      124.000      1.90183     0.559193    0.0275184
1998-11-03/04:35:36      163.830      37.7900      13.5300      116.000      2.75008     0.438371    0.0431403
1998-11-03/04:35:56      163.900      36.6400      13.4200      120.000      3.34165     0.500000    0.0505090
1998-11-03/04:36:16      163.920      35.4500      10.9100      112.000      1.90709     0.374607    0.0308613
1998-11-03/04:36:36      163.950      34.2700      14.1500      126.000      2.45908     0.587785    0.0347222
1998-11-03/04:36:56      164.010      33.1700      16.9800      133.000      2.38774     0.681998    0.0304784
1998-11-03/04:37:16      164.090      31.9900      15.2200      133.000      2.51485     0.681998    0.0321009
1998-11-03/04:37:36      164.110      30.8700      12.1100      136.000      2.50700     0.719340    0.0303951
1998-11-03/04:37:56      164.160      29.7800      12.8300      126.000      4.83331     0.587785    0.0682464
1998-11-03/04:38:16      164.200      28.7000      12.8500      127.000      2.53994     0.601815    0.0354038
1998-11-03/04:38:36      164.190      27.6000      13.6500      127.000      3.32400     0.601815    0.0463326
1998-11-03/04:38:56      164.080      26.5000      13.9600      131.000      3.05442     0.656059    0.0402333
1998-11-03/04:39:16      164.010      25.4000      14.4400      131.000      2.80781     0.656059    0.0369849
1998-11-03/04:39:36      164.000      24.3100      14.4900      132.000      3.07640     0.669131    0.0399019
1998-11-03/04:39:56      164.000      23.1800      13.7200      123.000      1.83647     0.544639    0.0268814
1998-11-03/04:40:16      164.040      22.0800      13.2800      138.000      4.13341     0.743145    0.0482722
1998-11-03/04:40:36      164.040      20.9500      12.8400      127.000      3.69186     0.601815    0.0514602
1998-11-03/04:40:56      164.030      19.8400      12.5900      122.000      2.56560     0.529919    0.0379740
1998-11-03/04:41:16      164.040      18.7800      12.0400      118.000      3.10994     0.469472    0.0479252
1998-11-03/04:41:36      164.020      17.7000      11.2100      130.000      3.52345     0.642788    0.0471085
1998-11-03/04:41:56      164.020      16.6300      12.1800      124.000      2.73707     0.559193    0.0396039
1998-11-03/04:42:16      164.040      15.5300      11.7500      131.000      2.94219     0.656059    0.0387550
1998-11-03/04:42:36      164.040      14.4200      12.0700      125.000      1.78161     0.573576    0.0254715
1998-11-03/04:42:56      164.020      13.3700      12.5700      124.000      1.50721     0.559193    0.0218085
1998-11-03/04:43:16      163.960      12.3100      12.7600      124.000      1.68852     0.559193    0.0244319
1998-11-03/04:43:36      163.940      11.2400      12.4400      142.000      4.08183     0.788011    0.0438606
1998-11-03/04:43:56      163.970      10.2000      12.5000      147.000      30.4102     0.838671     0.289071
1998-11-03/04:49:56      163.900     -9.34000      12.4100      151.000      7.57699     0.874620    0.0641129
1998-11-03/04:50:16      163.850     -10.4000      12.6700      152.000      3.37264     0.882948    0.0276348
1998-11-03/04:50:36      163.760     -11.5400      12.7000      156.000      2.72316     0.913545    0.0193314
1998-11-03/04:50:56      163.700     -12.6400      12.6100      144.000      3.41073     0.809017    0.0349899
1998-11-03/04:51:16      163.620     -13.7300      12.5200      110.000      3.45863     0.342020    0.0567241
1998-11-03/04:51:36      163.560     -14.8200      12.5300      148.000      14.4138     0.848048     0.133311
1998-11-03/04:51:56      163.530     -15.8700      12.6100      145.000      4.06719     0.819152    0.0407158
1998-11-03/04:52:16      163.540     -16.9000      12.4400      147.000      12.5731     0.838671     0.119517
1998-11-03/04:52:36      163.540     -17.9100      12.4600      170.000      11.3186     0.984808    0.0343037
1998-11-03/04:55:36      162.740     -27.6400      12.6400      133.000      4.62152     0.681998    0.0589915
1998-11-03/04:55:56      162.510     -28.8600      13.0800      150.000      3.60982     0.866026    0.0315016
1998-11-03/04:56:16      162.390     -30.0400      13.1900      144.000      3.21083     0.809017    0.0329392
1998-11-03/04:56:36      162.430     -31.1600      12.3400      164.000      13.4454     0.961262    0.0646829
1998-11-03/04:58:36      162.770     -37.8200      12.4900      148.000      32.7620     0.848048     0.303010
1998-11-03/04:58:56      162.730     -38.7700      12.5500      123.000      3.19075     0.544639    0.0467048
1998-11-03/04:59:16      162.570     -39.5900      12.6400      142.000      4.08183     0.788011    0.0438606
1998-11-03/04:59:36      162.230     -40.5600      12.7100      139.000      12.6776     0.754710     0.145163
1998-11-03/04:59:56      161.860     -41.6700      12.7200      148.000      11.6026     0.848048     0.107311
1998-11-03/05:00:16      161.500     -42.8700      12.8800      152.000      8.47223     0.882948    0.0694200
1998-11-03/06:26:13      160.900      62.3100      12.8800      125.000      3.85072     0.573576    0.0550534
1998-11-03/06:26:34      161.080      61.0500      12.6600      122.000      2.09344     0.529919    0.0309855
1998-11-03/06:26:54      161.210      59.9600      12.6600      118.000      3.01293     0.469472    0.0464303
1998-11-03/06:27:14      161.350      58.7800      12.9300      121.000      2.86288     0.515038    0.0428298
1998-11-03/06:27:34      161.640      57.5600      13.0800      120.000      2.68786     0.500000    0.0406270
1998-11-03/06:27:53      161.810      56.4100      13.0100      129.000      4.78361     0.629321    0.0648837
1998-11-03/06:28:13      162.020      55.2200      13.0500      117.000      3.16633     0.453991    0.0492396
1998-11-03/06:28:33      162.150      54.0600      12.7200      115.000      2.62014     0.422618    0.0414455
1998-11-03/06:28:53      162.240      52.9200      12.6500      127.000      3.57709     0.601815    0.0498604
1998-11-03/06:29:14      162.310      51.7500      13.0900      128.000      4.25030     0.615661    0.0584560
1998-11-03/06:29:34      162.380      50.6200      13.2200      119.000      2.87886     0.484810    0.0439458
1998-11-03/06:29:54      162.430      49.5000      13.0500      125.000      1.91644     0.573576    0.0273992
1998-11-03/06:30:14      162.530      48.3200      13.1700      123.000      1.71277     0.544639    0.0250708
1998-11-03/06:30:33      162.640      47.2200      13.5600      126.000      4.02896     0.587785    0.0568890
1998-11-03/06:30:53      162.750      46.0500      13.1100      115.000      2.90088     0.422618    0.0458863
1998-11-03/06:31:13      162.850      44.9600      13.3300      122.000      2.26089     0.529919    0.0334640
1998-11-03/06:31:33      162.940      43.8200      13.4000      128.000      3.45891     0.615661    0.0475717
1998-11-03/06:31:54      162.990      42.7000      13.5500      123.000      1.90567     0.544639    0.0278944
1998-11-03/06:32:14      163.020      41.5600      13.3300      115.000      3.24076     0.422618    0.0512625
1998-11-03/06:32:34      163.030      40.4300      13.5000      112.000      1.98706     0.374607    0.0321554
1998-11-03/06:32:54      163.070      39.3000      13.4600      120.000      2.31453     0.500000    0.0349841
1998-11-03/06:33:13      163.090      38.2000      13.1000      121.000      2.56239     0.515038    0.0383344
1998-11-03/06:33:33      163.170      37.0900      13.1000      120.000      2.68786     0.500000    0.0406270
1998-11-03/06:33:53      163.230      35.9600      13.2000      117.000      2.93155     0.453991    0.0455885
1998-11-03/06:34:13      163.260      34.9000      13.1700      124.000      1.84570     0.559193    0.0267062
1998-11-03/06:34:34      163.290      33.8000      13.2300      127.000      3.96993     0.601815    0.0553361
1998-11-03/06:34:54      163.280      32.7000      14.4600      116.000      3.23533     0.438371    0.0507524
1998-11-03/06:35:14      163.250      31.6100      16.8500      127.000      3.45851     0.601815    0.0482075
1998-11-03/06:35:34      163.270      30.4500      16.4600      117.000      3.04900     0.453991    0.0474150
1998-11-03/06:35:53      163.300      29.4200      15.2400      123.000      1.76984     0.544639    0.0259061
1998-11-03/06:36:13      163.290      28.3200      15.7300      129.000      4.10091     0.629321    0.0556237
1998-11-03/06:36:33      163.280      27.2000      14.9600      114.000      1.85548     0.406737    0.0295845
1998-11-03/06:36:53      163.300      26.1100      14.5700      125.000      2.01076     0.573576    0.0287476
1998-11-03/06:37:14      163.350      24.9800      18.4500      127.000      3.96993     0.601815    0.0553361
1998-11-03/06:37:34      163.380      23.9000      17.7900      117.000      4.65407     0.453991    0.0723754
1998-11-03/06:37:54      163.390      22.8100      16.1800      123.000      2.53819     0.544639    0.0371529
1998-11-03/06:38:14      163.390      21.6800      15.3100      116.000      3.45764     0.438371    0.0542397
1998-11-03/06:38:33      163.390      20.6000      14.7500      113.000      2.02531     0.390731    0.0325383
1998-11-03/06:38:53      163.380      19.4900      14.3400      136.000      2.11341     0.719340    0.0256231
1998-11-03/06:39:13      163.400      18.4000      15.0700      141.000      5.84887     0.777146    0.0642423
1998-11-03/06:39:33      163.410      17.3500      14.9800      115.000      4.90301     0.422618    0.0775561
1998-11-03/06:39:54      163.410      16.2600      14.0400      129.000      3.95825     0.629321    0.0536887
1998-11-03/06:40:14      163.410      15.2200      14.6900      132.000      2.77902     0.669131    0.0360448
1998-11-03/06:40:34      163.410      14.1200      14.0200      138.000      4.22890     0.743145    0.0493873
1998-11-03/06:40:54      163.410      13.0200      15.2800      132.000      4.03781     0.669131    0.0523717
1998-11-03/06:41:13      163.400      11.9400      17.4200      148.000      2.28413     0.848048    0.0211255
1998-11-03/06:41:33      163.400      10.8600      13.3500      149.000      6.72635     0.857167    0.0604639
1998-11-03/06:41:53      163.370      9.76000      15.1300      157.000      2.75603     0.920505    0.0187949
1998-11-03/06:42:13      163.380      8.66000      15.5200      156.000      5.35693     0.913545    0.0380283
1998-11-03/06:42:34      163.380      7.53000      12.7600      156.000      12.0961     0.913545    0.0858689
1998-11-03/06:42:54      163.400      6.46000      14.1600      136.000      3.14865     0.719340    0.0381745
1998-11-03/06:43:14      163.440      5.37000      15.3000      138.000      3.35654     0.743145    0.0391995
1998-11-03/06:43:34      163.500      4.30000      9.67000      151.000      5.30607     0.874620    0.0448974
1998-11-03/08:23:32      159.520      63.5500      17.9000      116.000      3.01723     0.438371    0.0473310
1998-11-03/08:23:52      159.760      62.4200      15.6700      125.000      6.81630     0.573576    0.0974520
1998-11-03/08:24:12      160.090      61.2500      17.0700      138.000      4.02178     0.743145    0.0469685
1998-11-03/08:24:32      160.350      60.0000      11.9900      114.000      1.85548     0.406737    0.0295845
1998-11-03/08:24:52      160.510      58.8000      14.6100      115.000      2.26287     0.422618    0.0357942
1998-11-03/08:25:11      160.650      57.7200      16.1000      114.000      1.51041     0.406737    0.0240825
1998-11-03/08:25:31      160.800      56.6000      14.4000      118.000      3.10994     0.469472    0.0479252
1998-11-03/08:25:51      161.050      55.4300      13.6500      120.000      2.75537     0.500000    0.0416474
1998-11-03/08:26:11      161.290      54.2100      14.1100      116.000      2.85385     0.438371    0.0447681
1998-11-03/08:26:32      161.390      52.9300      12.4600      114.000      2.26885     0.406737    0.0361754
1998-11-03/08:26:52      161.440      51.7800      10.8600      112.000      1.86436     0.374607    0.0301698
1998-11-03/08:27:12      161.390      50.6300      14.5200      130.000      2.59759     0.642788    0.0347298
1998-11-03/08:27:32      161.460      49.5300      15.6300      119.000      2.64246     0.484810    0.0403371
1998-11-03/08:27:51      161.520      48.3300      14.1000      119.000      2.55857     0.484810    0.0390565
1998-11-03/08:28:11      161.520      47.2400      13.2400      121.000      2.63036     0.515038    0.0393512
1998-11-03/08:28:31      161.600      46.0500      12.7200      118.000      2.71868     0.469472    0.0418958
1998-11-03/08:28:51      161.570      44.9600      14.8300      142.000      3.45949     0.788011    0.0371733
1998-11-03/08:29:12      161.660      43.7500      15.3600      116.000      2.85385     0.438371    0.0447681
1998-11-03/08:29:32      161.620      42.6200      15.5000      117.000      3.27689     0.453991    0.0509589
1998-11-03/08:29:52      161.630      41.5800      14.9900      116.000      3.34944     0.438371    0.0525424
1998-11-03/08:30:12      161.720      40.5600      15.2800      132.000      2.98051     0.669131    0.0386582
1998-11-03/08:30:31      161.850      39.5800      15.5300      122.000      2.04105     0.529919    0.0302101
1998-11-03/08:30:51      161.970      38.4900      15.0700      137.000      3.23584     0.731354    0.0385166
1998-11-03/08:31:11      162.010      37.3900      14.9100      113.000      1.39088     0.390731    0.0223457
1998-11-03/08:31:31      162.050      36.2600      14.9500      120.000      3.14954     0.500000    0.0476053
1998-11-03/08:31:52      161.980      35.1100      14.3900      114.000      2.46245     0.406737    0.0392622
1998-11-03/08:32:12      161.990      34.0800      13.6700      109.000      25.5614     0.325568     0.421825
1998-11-03/08:32:32      162.050      33.0500      13.2500      102.000      19.1297     0.207912     0.326580
1998-11-03/08:32:52      162.160      31.9600      13.5100      131.000      4.20512     0.656059    0.0553905
1998-11-03/08:33:11      162.210      30.7600      14.1100      115.000      3.09391     0.422618    0.0489396
1998-11-03/08:33:31      162.120      29.6200      14.2300      117.000      3.71922     0.453991    0.0578376
1998-11-03/08:33:51      162.190      28.5500      13.9300      132.000      9.93885     0.669131     0.128910
1998-11-03/08:34:11      162.210      27.4400      13.9400      140.000      5.94440     0.766045    0.0666888
1998-11-03/08:34:32      162.190      26.2500      14.5700      120.000      3.34165     0.500000    0.0505090
1998-11-03/08:34:52      162.200      25.0300      14.4800      115.000      7.36341     0.422618     0.116475
1998-11-03/08:35:12      162.110      23.8400      14.3500      132.000      11.9687     0.669131     0.155238
1998-11-03/08:35:31      162.030      22.7700      14.2700      126.000      4.35442     0.587785    0.0614845
1998-11-03/08:35:51      161.970      21.7900      14.3200      124.000      4.60390     0.559193    0.0666158
1998-11-03/08:36:11      161.890      20.7900      14.5600      117.000      3.85261     0.453991    0.0599119
1998-11-03/08:36:31      161.860      19.8200      14.7200      126.000      3.29175     0.587785    0.0464795
1998-11-03/08:36:51      161.980      18.9100      14.7000      107.000      5.27146     0.292372    0.0879842
1998-11-03/08:38:31      162.130      13.5100      14.5500      127.000      2.92358     0.601815    0.0407513
1998-11-03/08:38:51      162.120      12.4200      14.2900      111.000      2.76042     0.358368    0.0449784
1998-11-03/08:39:11      162.150      11.3100      14.2100      105.000      3.75271     0.258819    0.0632654
1998-11-03/08:39:31      162.120      10.2400      14.1000      113.000      1.64092     0.390731    0.0263628
1998-11-03/08:39:51      162.100      9.13000      14.2900      143.000      6.17974     0.798636    0.0649098
1998-11-03/08:40:11      162.120      8.02000      14.6900      137.000      2.86910     0.731354    0.0341512
1998-11-03/08:40:31      162.160      6.95000      14.6800      132.000      2.66416     0.669131    0.0345550
1998-11-03/08:45:31      162.320     -9.54000      13.8400      116.000      4.46577     0.438371    0.0700542
1998-11-03/08:45:51      162.290     -10.6500      13.4600      136.000      2.31905     0.719340    0.0281163
1998-11-03/08:46:11      162.250     -11.7700      13.4900      116.000      21.9194     0.438371     0.343848
1998-11-03/08:46:31      162.220     -12.8400      13.5800      138.000      7.63842     0.743145    0.0892055
1998-11-03/08:46:51      162.160     -13.9000      13.5300      122.000      3.21278     0.529919    0.0475531
1998-11-03/08:47:11      162.140     -14.9600      13.5600      140.000      4.85964     0.766045    0.0545191
1998-11-03/08:53:10      161.060     -34.4200      13.5200      136.000      3.25040     0.719340    0.0394081
1998-11-03/08:53:30      160.920     -35.7700      13.5600      140.000      13.1921     0.766045     0.147999
1998-11-03/08:53:50      160.620     -37.3400      13.4600      141.000      30.1216     0.777146     0.330847
1998-11-03/08:54:10      160.670     -38.7100      13.3700      145.000      30.0488     0.819152     0.300812
1998-11-03/08:54:30      160.850     -39.7000      13.4000      134.000      3.99895     0.694658    0.0502062
1998-11-03/08:54:50      160.920     -40.0800      13.3800      144.000      13.0306     0.809017     0.133678
1998-11-03/08:58:10      158.580     -52.1400      13.4900      149.000      12.6259     0.857167     0.113496
1998-11-03/08:58:30      158.330     -53.2500      13.6400      136.000      3.25040     0.719340    0.0394081
1998-11-03/08:58:50      158.160     -54.3200      13.6500      144.000      30.4326     0.809017     0.312202
1998-11-03/08:59:10      158.100     -55.4600      13.7000      147.000      5.90090     0.838671    0.0560924
1998-11-03/08:59:30      158.250     -56.5000      13.7100      110.000      2.65743     0.342020    0.0435838
1998-11-03/08:59:50      158.260     -57.6400      13.8000      137.000      2.95958     0.731354    0.0352282
1998-11-03/09:00:10      158.070     -58.7100      13.7800      148.000      2.39960     0.848048    0.0221935
1998-11-03/09:00:30      157.450     -60.0200      14.0100      147.000      1.98369     0.838671    0.0188564
1998-11-03/09:00:50      156.470     -61.4800      14.0200      127.000      2.64459     0.601815    0.0368625
1998-11-03/09:01:10      154.890     -63.1400      13.7500      146.000      9.77931     0.829038    0.0954437
1998-11-03/09:01:30      153.760     -64.6300      13.7600      124.000      1.77427     0.559193    0.0256727
1998-11-03/09:01:50      152.690     -65.9900      13.7400      147.000      2.50985     0.838671    0.0238580
1998-11-03/09:02:10      151.740     -67.2600      13.5500      161.000      12.9167     0.945519    0.0733957
1998-11-03/09:02:30      150.880     -68.5100      13.6500      131.000      3.73483     0.656059    0.0491958
1998-11-03/09:02:50      149.860     -70.0500      13.7100      145.000      2.28567     0.819152    0.0228814
1998-11-03/09:03:10      147.540     -71.8100      13.7300      114.000      2.05132     0.406737    0.0327070
1998-11-03/09:03:30      144.460     -73.4000      13.7500      118.000      2.42354     0.469472    0.0373476
1998-11-03/09:03:50      139.010     -75.2100      13.8700      117.000      1.91433     0.453991    0.0297697
1998-11-03/09:04:10      129.030     -77.5400      13.8300      113.000      1.39088     0.390731    0.0223457
1998-11-03/10:16:49      137.710      81.8600      13.6900      109.000      5.93844     0.325568    0.0979986
1998-11-03/10:17:10      144.180      80.2000      13.7600      103.000      3.80260     0.224951    0.0646669
1998-11-03/10:17:30      148.070      78.6800      13.7100      106.000      4.39636     0.275637    0.0737585
1998-11-03/10:17:50      150.690      77.2000      13.7800      111.000      5.27078     0.358368    0.0858824
1998-11-03/10:18:10      152.540      75.7900      13.7300      113.000      7.15040     0.390731     0.114877
1998-11-03/10:18:29      154.050      74.3500      13.6100      116.000      7.66565     0.438371     0.120250
1998-11-03/10:18:49      155.030      73.0400      13.5400      119.000      3.00080     0.484810    0.0458072
1998-11-03/10:19:09      155.960      71.7200      13.5700      127.000      3.04156     0.601815    0.0423958
1998-11-03/10:19:29      156.750      70.4200      13.8400      121.000      2.63036     0.515038    0.0393512
1998-11-03/10:19:50      157.320      69.1300      13.8000      118.000      2.18262     0.469472    0.0336349
1998-11-03/10:20:10      157.820      67.8900      13.8500      118.000      2.52996     0.469472    0.0389875
1998-11-03/10:20:30      158.140      66.6900      13.8700      139.000      3.92732     0.754710    0.0449693
1998-11-03/10:20:50      158.460      65.4600      13.0000      121.000      2.35910     0.515038    0.0352931
1998-11-03/10:21:09      158.730      64.2900      13.0200      112.000      2.54874     0.374607    0.0412448
1998-11-03/10:21:29      159.020      63.0800      13.0600      128.000      5.62066     0.615661    0.0773031
1998-11-03/10:21:49      159.330      61.8600      13.1800      173.000      18.4895     0.992546    0.0393275
1998-11-03/10:22:09      159.520      60.6500      13.2400      125.000      6.42706     0.573576    0.0918870
1998-11-03/10:22:30      159.780      59.4200      13.0300      134.000      3.99895     0.694658    0.0502062
1998-11-03/10:22:50      159.970      58.2400      11.8400      119.000      3.71706     0.484810    0.0567409
1998-11-03/10:23:10      160.120      57.0600      12.5900      114.000      1.94222     0.406737    0.0309675
1998-11-03/10:23:30      160.270      55.8800      13.3300      124.000      2.56447     0.559193    0.0371064
1998-11-03/10:23:49      160.370      54.7300      13.4700      123.000      1.71277     0.544639    0.0250708
1998-11-03/10:24:09      160.460      53.5900      13.1800      134.000      2.70510     0.694658    0.0339621
1998-11-03/10:24:29      160.500      52.4500      12.9900      124.000      2.56447     0.559193    0.0371064
1998-11-03/10:24:49      160.550      51.3400      12.5300      126.000      2.90571     0.587785    0.0410286
1998-11-03/10:25:10      160.610      50.1900      12.2700      121.000      2.86288     0.515038    0.0428298
1998-11-03/10:25:30      160.670      49.0600      13.2800      120.000      2.68786     0.500000    0.0406270
1998-11-03/10:25:50      160.720      47.9300      13.9000      125.000      1.58056     0.573576    0.0225971
1998-11-03/10:26:10      160.790      46.7800      13.4300      118.000      2.62505     0.469472    0.0404529
1998-11-03/10:26:29      160.840      45.6800      11.8700      128.000      4.25030     0.615661    0.0584560
1998-11-03/10:26:49      160.890      44.5400      9.54000      132.000      4.32215     0.669131    0.0560597
1998-11-03/10:27:09      160.930      43.4100      14.1700      126.000      2.90571     0.587785    0.0410286
1998-11-03/10:27:29      160.960      42.2800      13.5800      131.000      2.86963     0.656059    0.0377993
1998-11-03/10:27:50      160.990      41.1400      11.9300      122.000      2.33138     0.529919    0.0345073
1998-11-03/10:28:10      161.000      40.0500      13.7400      129.000      4.25829     0.629321    0.0577584
1998-11-03/10:28:30      161.060      38.9500      12.9200      127.000      3.45851     0.601815    0.0482075
1998-11-03/10:28:50      161.110      37.8400      13.7300      134.000      1.80289     0.694658    0.0226350
1998-11-03/10:29:09      161.130      36.7600      15.7800      132.000      2.82961     0.669131    0.0367010
1998-11-03/10:29:29      161.160      35.6600      14.7000      113.000      2.64073     0.390731    0.0424255
1998-11-03/10:29:49      161.190      34.5600      13.8400      124.000      3.61780     0.559193    0.0523475
1998-11-03/10:30:09      161.200      33.4600      13.3500      124.000      1.94146     0.559193    0.0280918
1998-11-03/10:30:30      161.200      32.3600      12.5200      121.000      3.13232     0.515038    0.0468607
1998-11-03/10:30:50      161.200      31.2700      12.6600      133.000      2.56416     0.681998    0.0327303
1998-11-03/10:31:10      161.210      30.1900      13.3500      123.000      1.90567     0.544639    0.0278944
1998-11-03/10:31:30      161.210      29.1100      13.5700      117.000      4.15842     0.453991    0.0646676
1998-11-03/10:31:49      161.200      28.0500      12.9200      142.000      6.03022     0.788011    0.0647966
1998-11-03/10:32:09      161.200      26.9600      13.1500      131.000      3.55430     0.656059    0.0468178
1998-11-03/10:32:29      161.200      25.8700      13.5200      119.000      3.42648     0.484810    0.0523052
1998-11-03/10:32:49      161.210      24.7800      12.4500      137.000      5.17898     0.731354    0.0616460
1998-11-03/10:33:10      161.200      23.6700      15.2100      125.000      4.26413     0.573576    0.0609638
1998-11-03/10:33:30      161.190      22.5800      14.5700      123.000      3.03702     0.544639    0.0444546
1998-11-03/10:33:50      161.190      21.4900      12.5600      120.000      2.97762     0.500000    0.0450067
1998-11-03/10:34:10      161.190      20.4000      13.5400      128.000      4.45622     0.615661    0.0612881
1998-11-03/10:34:29      161.200      19.3400      13.3600      121.000      2.75133     0.515038    0.0411610
1998-11-03/10:34:49      161.210      18.2700      12.0200      113.000      3.89541     0.390731    0.0625830
1998-11-03/10:35:09      161.210      17.2000      13.0800      125.000      4.97892     0.573576    0.0711831
1998-11-03/10:35:29      161.200      16.1300      13.1000      119.000      3.57206     0.484810    0.0545275
1998-11-03/10:35:50      161.180      15.0300      13.6700      112.000      7.10157     0.374607     0.114921
1998-11-03/10:36:10      161.170      13.9300      21.8200      138.000      7.48664     0.743145    0.0874330
1998-11-03/10:36:30      161.150      12.8400      23.0900      132.000      5.60423     0.669131    0.0726887
1998-11-03/10:36:50      161.140      11.7600      17.5300      128.000      5.42834     0.615661    0.0746580
1998-11-03/10:37:09      161.130      10.7200      17.7900      152.000      14.1286     0.882948     0.115767
1998-11-03/10:37:29      161.120      9.63000      15.1000      141.000      8.59552     0.777146    0.0944107
1998-11-03/10:37:49      161.120      8.54000      13.2000      113.000      1.78538     0.390731    0.0286836
1998-11-03/10:38:09      161.120      7.47000      14.4900      119.000      8.89926     0.484810     0.135847
1998-11-03/10:38:28      161.110      6.44000      15.3800      130.000      4.84274     0.642788    0.0647474
1998-11-03/10:38:48      161.100      5.37000      13.5500      144.000      2.83400     0.809017    0.0290734
1998-11-03/10:39:08      161.090      4.29000      11.7100      145.000      2.56806     0.819152    0.0257083
1998-11-03/10:39:28      161.100      3.21000      12.8000      118.000      21.8068     0.469472     0.336050
1998-11-03/10:39:49      161.120      2.10000      13.4500      102.000      19.1297     0.207912     0.326580
1998-11-03/10:40:09      161.110      1.05000      14.9000      99.0000      24.3528     0.156434     0.419804
1998-11-03/10:40:29      161.080   -0.0100000      15.0200      147.000      3.98005     0.838671    0.0378333
1998-11-03/10:40:49      161.030     -1.09000      15.5600      95.0000      5.54449    0.0871559    0.0964014
1998-11-03/10:41:08      160.970     -2.13000      14.7500      140.000      10.5799     0.766045     0.118693
1998-11-03/10:41:28      160.890     -3.27000      14.7900      171.000      45.0000     0.987688     0.122863
1998-11-03/10:41:48      160.850     -4.39000      13.7900      145.000      30.0488     0.819152     0.300812
1998-11-03/10:42:08      160.820     -5.49000      13.3800      159.000      45.0000     0.933580     0.281462
1998-11-03/10:42:29      160.790     -6.61000      13.4100      172.000      21.9485     0.990268    0.0533136
1998-11-03/10:42:49      160.790     -7.68000      13.4600      137.000      4.56578     0.731354    0.0543470
1998-11-03/10:43:09      160.810     -8.76000      13.6400      126.000      5.86017     0.587785    0.0827456
1998-11-03/10:43:29      160.810     -9.83000      13.9900      124.000      4.82249     0.559193    0.0697787
1998-11-03/10:43:48      160.810     -10.8700      13.8700      141.000      5.10732     0.777146    0.0560973
1998-11-03/10:44:08      160.810     -11.9500      13.0600      127.000      4.46316     0.601815    0.0622112
1998-11-03/10:49:48      159.710     -30.6200      11.1800      169.000      9.60327     0.981627    0.0319812
1998-11-03/10:50:08      159.650     -31.6600      12.0700      167.000      45.0000     0.974370     0.176676
1998-11-03/10:50:29      159.570     -32.7800      13.4800      145.000      30.0488     0.819152     0.300812
1998-11-03/10:50:49      159.430     -33.9800      13.6400      140.000      28.7126     0.766045     0.322120
1998-11-03/10:51:09      159.250     -35.3000      13.4100      146.000      28.3908     0.829038     0.277087
1998-11-03/10:51:29      159.080     -36.6600      13.6200      172.000      16.8580     0.990268    0.0409486
1998-11-03/10:51:48      158.980     -38.0000      13.6300      170.000      11.3186     0.984808    0.0343037
1998-11-03/10:56:29      156.020     -53.9900      13.7900      148.000      6.91827     0.848048    0.0639859
1998-11-03/10:56:49      155.990     -54.8700      13.9600      172.000      18.1827     0.990268    0.0441663
1998-11-03/10:57:08      156.010     -55.8000      13.8400      172.000      16.1267     0.990268    0.0391722
1998-11-03/10:57:28      155.990     -56.8300      13.6800      142.000      10.7696     0.788011     0.115723
1998-11-03/10:57:48      155.800     -57.9600      13.6400      152.000      38.7864     0.882948     0.317809
1998-11-03/10:58:08      155.350     -59.2700      13.8700      147.000      5.90090     0.838671    0.0560924
1998-11-03/10:58:29      154.620     -60.8200      14.2200      134.000      20.5334     0.694658     0.257794
1998-11-03/10:58:49      153.640     -62.4300      14.2200      152.000      10.0694     0.882948    0.0825069
1998-11-03/10:59:09      152.530     -64.0100      13.8900      116.000      9.99865     0.438371     0.156848
1998-11-03/10:59:29      151.470     -65.3900      13.5800      149.000      11.6486     0.857167     0.104711
1998-11-03/10:59:48      150.690     -66.5200      13.3700      125.000      9.94304     0.573576     0.142155
1998-11-03/11:00:08      149.940     -67.6400      13.4200      120.000      3.57647     0.500000    0.0540583
1998-11-03/11:00:28      148.480     -69.0400      13.7000      128.000      5.62066     0.615661    0.0773031
1998-11-03/11:00:48      146.570     -70.6800      13.9200      127.000      3.96993     0.601815    0.0553361
1998-11-03/11:01:09      143.960     -72.4400      13.8000      110.000      3.07254     0.342020    0.0503919
1998-11-03/11:01:29      140.910     -73.9600      13.3500      116.000      3.23533     0.438371    0.0507524
1998-11-03/11:01:49      134.120     -76.0600      13.3300      114.000      1.76200     0.406737    0.0280940
1998-11-03/12:13:47      127.500      83.6600      13.3800      91.0000      8.59401    0.0174525     0.149971
1998-11-03/12:14:27      144.010      80.7800      13.5400      96.0000      19.9121     0.104529     0.345629
1998-11-03/12:14:47      147.900      79.3200      13.5100      115.000      8.55196     0.422618     0.135275
1998-11-03/12:15:07      151.260      77.5900      13.5200      113.000      6.73520     0.390731     0.108207
1998-11-03/12:15:27      152.930      76.2700      13.5800      112.000      17.4097     0.374607     0.281731
1998-11-03/12:15:47      154.250      74.9600      13.6900      118.000      21.8068     0.469472     0.336050
1998-11-03/12:16:07      154.830      73.8700      13.6300      114.000      7.74852     0.406737     0.123545
1998-11-03/12:16:27      155.750      72.5600      13.4900      127.000      3.96993     0.601815    0.0553361
1998-11-03/12:16:47      156.740      71.2400      13.6100      121.000      2.86288     0.515038    0.0428298
1998-11-03/12:17:07      157.050      70.0000      13.6900      124.000      2.16123     0.559193    0.0312718
1998-11-03/12:17:27      157.020      68.9100      13.6800      125.000      1.91644     0.573576    0.0273992
1998-11-03/12:17:47      157.020      67.9000      13.7700      122.000      2.40317     0.529919    0.0355699
1998-11-03/12:18:07      157.550      66.8500      13.8900      131.000      11.9038     0.656059     0.156799
1998-11-03/12:19:27      158.620      61.9500      13.9500      129.000      25.6400     0.629321     0.347775
1998-11-03/12:19:47      158.860      60.7700      13.9800      147.000      11.3868     0.838671     0.108240
1998-11-03/12:20:07      159.060      59.6100      14.0600      142.000      7.17296     0.788011    0.0770757
1998-11-03/12:20:27      159.300      58.4500      14.0900      116.000      4.78372     0.438371    0.0750418
1998-11-03/12:20:47      159.450      57.2900      14.1600      124.000      3.97079     0.559193    0.0574551
1998-11-03/12:21:07      159.500      56.2700      14.1100      131.000      4.38158     0.656059    0.0577149
1998-11-03/12:21:27      159.500      55.2300      13.8600      118.000      2.81502     0.469472    0.0433804
1998-11-03/12:21:47      159.460      54.2500      13.6600      134.000      10.6430     0.694658     0.133621
1998-11-03/12:22:07      159.440      53.1800      13.9700      120.000      4.56678     0.500000    0.0690269
1998-11-03/12:22:27      159.530      52.0100      13.9600      104.000      2.65779     0.241922    0.0450093
1998-11-03/12:22:47      159.490      50.8000      13.8500      117.000      2.93155     0.453991    0.0455885
1998-11-03/12:23:07      159.440      49.6500      13.8400      123.000      1.66979     0.544639    0.0244417
1998-11-03/12:23:27      159.570      48.4600      13.9700      122.000      2.04105     0.529919    0.0302101
1998-11-03/12:23:47      159.710      47.3200      14.0100      122.000      2.86821     0.529919    0.0424530
1998-11-03/12:24:07      159.780      46.1500      13.8800      131.000      4.49430     0.656059    0.0591997
1998-11-03/12:24:27      159.890      45.0200      14.0900      155.000      9.58593     0.906308    0.0707066
1998-11-03/12:24:47      159.890      43.9300      13.7900      127.000      3.18256     0.601815    0.0443611
1998-11-03/12:25:07      159.950      42.7700      13.7900      121.000      2.69424     0.515038    0.0403069
1998-11-03/12:25:27      160.020      41.6500      13.6200      123.000      4.07612     0.544639    0.0596645
1998-11-03/12:25:47      160.020      40.5500      13.7100      116.000      3.89243     0.438371    0.0610602
1998-11-03/12:26:07      159.890      39.5300      13.6800      115.000      2.90088     0.422618    0.0458863
1998-11-03/12:26:27      159.730      38.5200      13.5800      135.000      2.24506     0.707107    0.0277071
1998-11-03/12:26:47      159.670      37.5900      13.5800      113.000      1.64092     0.390731    0.0263628
1998-11-03/12:27:07      159.630      36.6100      13.5400      113.000      1.46827     0.390731    0.0235890
1998-11-03/12:27:27      159.720      35.5300      13.5900      124.000      17.6815     0.559193     0.255841
1998-11-03/12:27:47      159.750      34.4100      13.7600      127.000      3.18256     0.601815    0.0443611
1998-11-03/12:28:07      159.690      33.3900      13.7300      116.000      2.35343     0.438371    0.0369181
1998-11-03/12:28:27      159.630      32.1600      13.6600      111.000      1.86614     0.358368    0.0304070
1998-11-03/12:28:47      159.870      30.9700      13.5900      116.000      2.75008     0.438371    0.0431403
1998-11-03/12:29:07      160.000      29.8700      13.5100      117.000      2.58715     0.453991    0.0402328
1998-11-03/12:29:27      160.000      28.7700      13.4300      115.000      2.55251     0.422618    0.0403757
1998-11-03/12:29:47      159.950      27.6000      15.0600      122.000      2.48027     0.529919    0.0367110
1998-11-03/12:30:07      159.940      26.5100      15.4800      115.000      3.16159     0.422618    0.0500102
1998-11-03/12:30:27      159.910      25.3100      14.5600      116.000      3.01723     0.438371    0.0473310
1998-11-03/12:30:47      159.860      24.1800      13.1100      130.000      3.62131     0.642788    0.0484169
1998-11-03/12:31:07      159.800      23.0000      11.3700      137.000      5.52538     0.731354    0.0657692
1998-11-03/12:31:27      159.790      21.8400      15.7900      136.000      3.05713     0.719340    0.0370649
1998-11-03/12:31:47      159.750      20.8000      14.0400      135.000      4.39715     0.707107    0.0542667
1998-11-03/12:32:07      159.710      19.7300      13.2800      115.000      22.3924     0.422618     0.354204
1998-11-03/12:32:27      159.700      18.6200      14.9900      127.000      3.82036     0.601815    0.0532513
1998-11-03/12:32:47      159.660      17.5500      13.8400      117.000      3.71922     0.453991    0.0578376
1998-11-03/12:33:07      159.630      16.4300      15.1200      118.000      3.56851     0.469472    0.0549920
1998-11-03/12:33:27      159.600      15.3300      15.8900      114.000      2.17026     0.406737    0.0346034
1998-11-03/12:33:47      159.560      14.2600      14.7500      145.000      2.02115     0.819152    0.0202333
1998-11-03/12:34:07      159.560      13.1700      14.5400      169.000      9.03534     0.981627    0.0300899
1998-11-03/12:34:27      159.560      12.2100      14.1600      139.000      27.2650     0.754710     0.312195
1998-11-03/12:34:47      159.520      11.2000      14.1700      143.000      9.59244     0.798636     0.100756
1998-11-03/12:35:07      159.530      10.1300      15.2000      134.000      20.5334     0.694658     0.257794
1998-11-03/12:35:27      159.510      9.08000      14.2900      129.000      25.6400     0.629321     0.347775
1998-11-03/12:35:47      159.540      7.96000      14.5300      145.000      2.56806     0.819152    0.0257083
1998-11-03/12:36:07      159.550      6.90000      14.5800      136.000      3.54875     0.719340    0.0430253
1998-11-03/12:36:27      159.550      5.82000      13.8000      117.000      3.48879     0.453991    0.0542542
1998-11-03/12:36:47      159.530      4.73000      13.9400      115.000      2.90088     0.422618    0.0458863
1998-11-03/12:39:47      159.280     -5.16000      14.8800      153.000      8.22966     0.891007    0.0652088
1998-11-03/12:40:07      159.260     -6.20000      15.4300      147.000      6.63637     0.838671    0.0630836
1998-11-03/12:40:27      159.270     -7.25000      15.4000      154.000      7.22688     0.898794    0.0552930
1998-11-03/12:40:47      159.270     -8.30000      8.52000      133.000      8.10068     0.681998     0.103401
1998-11-03/12:41:07      159.250     -9.41000      11.9500      131.000      3.42408     0.656059    0.0451026
1998-11-03/12:41:27      159.250     -10.4800      12.2700      146.000      28.3908     0.829038     0.277087
1998-11-03/12:43:27      159.200     -16.7300      15.1800      130.000      8.19975     0.642788     0.109631
1998-11-03/12:43:47      159.120     -17.7600      13.6000      168.000      4.01213     0.978148    0.0145590
1998-11-03/12:44:07      158.990     -18.8900      13.7500      153.000      15.9390     0.891007     0.126295
1998-11-03/12:44:27      158.850     -20.1000      19.5800      113.000      7.91410     0.390731     0.127147
1998-11-03/12:51:07      157.400     -42.2700      21.2200      120.000      21.9826     0.500000     0.332267
1998-11-03/12:51:27      157.090     -43.2000      17.8800      143.000      34.4662     0.798636     0.362021
1998-11-03/12:51:46      156.440     -44.3400      17.3700      150.000      8.98520     0.866026    0.0784106
1998-11-03/12:52:06      155.530     -45.9400      14.2100      139.000      12.0963     0.754710     0.138507
1998-11-03/12:52:26      154.380     -47.7900      15.2800      149.000      15.0632     0.857167     0.135405
1998-11-03/12:52:46      153.350     -49.6200      15.2700      169.000      3.04033     0.981627    0.0101250
1998-11-03/12:53:07      153.030     -50.9900      14.2800      135.000      20.6726     0.707107     0.255128
1998-11-03/12:53:27      153.120     -51.9200      15.8000      158.000      19.0902     0.927184     0.124814
1998-11-03/12:53:47      153.210     -52.7800      14.0000      172.000      24.3475     0.990268    0.0591408
1998-11-03/12:54:07      153.520     -53.5200      14.2700      160.000      20.3103     0.939693     0.121240
1998-11-03/12:54:26      153.750     -54.1900      15.7600      102.000      19.1297     0.207912     0.326580
1998-11-03/12:54:46      153.870     -55.0800      16.3000      144.000      15.2163     0.809017     0.156101
1998-11-03/12:55:26      153.780     -57.4100      16.3200      170.000      8.44888     0.984808    0.0256063
1998-11-03/12:59:07      135.960     -73.5800      16.3500      104.000      1.81482     0.241922    0.0307337
1998-11-03/12:59:27      136.800     -73.6800      14.9200      113.000      1.39088     0.390731    0.0223457
1998-11-03/12:59:46      136.090     -74.0500      13.0200      111.000      1.71930     0.358368    0.0280144
1998-11-03/13:00:06      135.630     -74.5200      13.7500      112.000      1.42458     0.374607    0.0230531
1998-11-03/13:00:26      132.340     -75.3600      13.9600      113.000      1.74178     0.390731    0.0279832
1998-11-03/13:12:05      277.820     -84.7300      14.1300      59.0000      3.88265     0.515038    0.0580860
1998-11-03/13:12:25      297.040     -83.5600      14.3400      58.0000      3.81771     0.529919    0.0565068
1998-11-03/13:12:45      314.550     -81.8000      14.5000      77.0000      2.45751     0.224951    0.0417923
1998-11-03/13:13:05      321.330     -80.2300      14.3800      53.0000      5.86017     0.601815    0.0816839
1998-11-03/13:13:25      324.000     -79.1600      14.1900      91.0000      3.54734    0.0174525    0.0619033
1998-11-03/13:13:45      328.300     -77.8200      14.2600      52.0000      4.27100     0.615661    0.0587407
1998-11-03/13:14:05      330.980     -76.8900      14.3600      81.0000      5.86897     0.156434     0.101172
1998-11-03/13:14:25      332.890     -75.8000      14.3500      91.0000      11.4270    0.0174525     0.199408
1998-11-03/13:14:45      333.890     -74.9500      14.1300      94.0000      2.94591    0.0697566    0.0512906
1998-11-03/13:15:25      335.560     -72.8700      14.4200      84.0000      2.96642     0.104528    0.0514902
1998-11-03/13:15:45      335.830     -71.6800      14.4600      72.0000      3.13206     0.309017    0.0519893
1998-11-03/13:16:05      335.990     -70.8400      14.4800      73.0000      3.50255     0.292372    0.0584599
1998-11-03/13:16:25      336.580     -69.5300      14.3600      84.0000      2.86062     0.104528    0.0496537
1998-11-03/13:16:45      337.040     -68.2700      14.5300      88.0000      1.70496    0.0348994    0.0297390
1998-11-03/13:17:05      337.300     -67.1700      14.6200      87.0000      1.92237    0.0523359    0.0335057
1998-11-03/13:17:25      337.450     -66.2200      14.6100      72.0000      2.31438     0.309017    0.0384165
1998-11-03/13:17:45      337.930     -65.5100      14.4900      71.0000      2.06552     0.325568    0.0340861
1998-11-03/13:18:05      337.470     -64.5400      14.2700      72.0000      1.77603     0.309017    0.0294804
1998-11-03/13:18:25      336.690     -64.0400      14.2400      70.0000      2.25531     0.342020    0.0369887
1998-11-03/13:18:45      337.020     -63.1200      14.3300      67.0000      1.68015     0.390731    0.0269930
1998-11-03/13:19:05      336.130     -63.6400      14.4200      70.0000      3.50897     0.342020    0.0575497
1998-11-03/13:21:25      337.050     -51.7300      14.4300      53.0000      4.35442     0.601815    0.0606955
1998-11-03/13:21:45      336.670     -50.3400      14.4100      55.0000      2.56447     0.573576    0.0366640
1998-11-03/13:22:05      336.290     -49.1500      14.0700      71.0000      4.07119     0.325568    0.0671845
1998-11-03/13:22:25      335.470     -48.1000      13.8100      68.0000      2.53204     0.374607    0.0409745
1998-11-03/13:22:45      335.420     -47.1700      13.8700      80.0000      3.25690     0.173648    0.0559801
1998-11-03/13:23:05      335.940     -46.1900      13.9100      69.0000      2.94955     0.358368    0.0480601
1998-11-03/13:23:25      336.510     -44.7600      14.1000      64.0000      3.61512     0.438371    0.0567101
1998-11-03/13:23:45      337.120     -43.5500      14.2800      86.0000      3.27567    0.0697565    0.0570320
1998-11-03/14:14:05      148.010      77.1000      14.3600      96.0000      7.41021     0.104529     0.128624
1998-11-03/14:14:25      150.140      75.5200      14.4100      105.000      2.68027     0.258819    0.0451856
1998-11-03/14:14:45      152.160      73.8600      14.3600      106.000      3.50255     0.275637    0.0587629
1998-11-03/14:15:05      153.420      72.2900      14.2300      112.000      1.61897     0.374607    0.0261988
1998-11-03/14:15:25      154.320      70.7800      14.2200      116.000      3.89243     0.438371    0.0610602
1998-11-03/14:15:45      155.170      69.3600      14.2800      111.000      2.41315     0.358368    0.0393200
1998-11-03/14:16:05      155.690      68.0000      14.3200      109.000      2.75142     0.325568    0.0454051
1998-11-03/14:16:25      156.080      66.7200      14.4400      110.000      2.32336     0.342020    0.0381048
1998-11-03/14:16:45      156.330      65.4600      14.3500      118.000      4.21409     0.469472    0.0649406
1998-11-03/14:17:05      156.680      64.1200      14.3700      101.000      3.63733     0.190809    0.0623170
1998-11-03/14:17:25      157.070      62.8800      14.4400      114.000      5.18252     0.406737    0.0826320
1998-11-03/14:17:45      157.250      61.7400      14.5600      106.000      26.2936     0.275637     0.441133
1998-11-03/14:18:05      157.440      60.5000      14.4500      115.000      8.38167     0.422618     0.132582
1998-11-03/14:18:25      157.700      59.3500      14.3600      114.000      7.90321     0.406737     0.126012
1998-11-03/14:18:45      157.800      58.1900      14.2800      127.000      10.3087     0.601815     0.143691
1998-11-03/14:19:05      157.930      57.0000      14.0900      143.000      6.77975     0.798636    0.0712121
1998-11-03/14:19:25      158.040      55.8400      14.1100      144.000      2.74559     0.809017    0.0281664
1998-11-03/14:20:05      158.230      53.4500      14.2000      116.000      4.31999     0.438371    0.0677673
1998-11-03/14:20:25      158.240      52.3200      14.3000      114.000      6.96180     0.406737     0.111002
1998-11-03/14:20:45      158.250      51.2000      14.1200      113.000      1.74178     0.390731    0.0279832
1998-11-03/14:21:05      158.310      50.0800      14.0400      117.000      3.04900     0.453991    0.0474150
1998-11-03/14:21:25      158.380      48.9400      14.1900      113.000      1.64092     0.390731    0.0263628
1998-11-03/14:21:45      158.450      47.8100      14.3800      121.000      3.75244     0.515038    0.0561380
1998-11-03/14:22:05      158.490      46.6900      14.0500      149.000      8.44106     0.857167    0.0758776
1998-11-03/14:22:25      158.550      45.5200      14.1400      171.000      45.0000     0.987688     0.122863
1998-11-03/14:22:45      158.610      44.3500      14.1100      150.000      4.40114     0.866026    0.0384072
1998-11-03/14:23:05      158.690      43.1500      13.9300      133.000      4.09574     0.681998    0.0522802
1998-11-03/14:23:25      158.740      42.0000      13.9300      134.000      4.21481     0.694658    0.0529163
1998-11-03/14:23:45      158.740      40.9200      13.8100      115.000      2.69276     0.422618    0.0425942
1998-11-03/14:24:05      158.710      39.8200      13.8500      127.000      3.45851     0.601815    0.0482075
1998-11-03/14:24:25      158.680      38.7300      13.6600      134.000      1.84602     0.694658    0.0231765
1998-11-03/14:24:45      158.690      37.6700      13.8600      144.000      2.83400     0.809017    0.0290734
1998-11-03/14:25:05      158.710      36.5600      13.9400      124.000      1.90183     0.559193    0.0275184
1998-11-03/14:25:25      158.730      35.4900      13.9900      116.000      3.45764     0.438371    0.0542397
1998-11-03/14:25:45      158.800      34.4300      14.1700      122.000      3.12708     0.529919    0.0462846
1998-11-03/14:26:25      158.950      32.2700      14.1800      120.000      7.36306     0.500000     0.111293
1998-11-03/14:26:45      159.010      31.1000      13.9000      104.000      3.22223     0.241922    0.0545680
1998-11-03/14:27:04      159.060      29.9600      13.5800      122.000      2.19844     0.529919    0.0325396
1998-11-03/14:27:24      159.100      28.8100      13.4100      119.000      3.71706     0.484810    0.0567409
1998-11-03/14:27:45      159.120      27.6400      14.3900      120.000      3.34165     0.500000    0.0505090
1998-11-03/14:28:05      159.140      26.5200      13.2100      125.000      2.54251     0.573576    0.0363500
1998-11-03/14:28:25      159.150      25.4300      15.0500      142.000      3.39940     0.788011    0.0365276
1998-11-03/14:28:45      159.150      24.3200      15.0400      126.000      10.3506     0.587785     0.146151
1998-11-03/14:29:04      159.130      23.2400      14.0200      131.000      3.55430     0.656059    0.0468178
1998-11-03/14:29:24      159.110      22.1400      14.0400      120.000      8.61405     0.500000     0.130201
1998-11-03/14:29:44      159.110      21.0600      13.9300      124.000      5.55415     0.559193    0.0803654
1998-11-03/14:30:04      159.100      20.0100      12.0900      126.000      3.62091     0.587785    0.0511273
1998-11-03/14:30:25      159.100      18.9200      14.5000      126.000      6.55871     0.587785    0.0926090
1998-11-03/14:30:45      159.070      17.8600      15.6000      134.000      2.32540     0.694658    0.0291950
1998-11-03/14:31:25      158.970      15.6600      13.2900      133.000      2.56416     0.681998    0.0327303
1998-11-03/14:31:44      158.960      14.5700      12.6800      148.000      2.98796     0.848048    0.0276351
1998-11-03/14:32:04      158.960      13.4700      14.3200      146.000      6.40488     0.829038    0.0625101
1998-11-03/14:32:24      158.960      12.3700      14.9000      110.000      26.6230     0.342020     0.436637
1998-11-03/14:32:44      158.940      11.3400      13.5000      147.000      2.50985     0.838671    0.0238580
1998-11-03/14:33:05      158.920      10.2700      12.0000      113.000      17.3017     0.390731     0.277966
1998-11-03/14:33:25      158.920      9.19000      14.9800      150.000      7.35244     0.866026    0.0641621
1998-11-03/14:33:45      158.920      8.11000      15.9400      149.000      7.94116     0.857167    0.0713840
1998-11-03/14:34:05      158.910      7.02000      15.5300      133.000      4.30268     0.681998    0.0549217
1998-11-03/14:34:24      158.900      5.95000      10.8900      125.000      21.8278     0.573576     0.312070
1998-11-03/14:34:44      158.880      4.89000      11.0000      147.000      7.53722     0.838671    0.0716469
1998-11-03/14:35:04      158.840      3.85000      15.3300      165.000      2.58495     0.965926    0.0116768
1998-11-03/14:35:24      158.800      2.80000      15.6700      166.000      1.73493     0.970296   0.00732545
1998-11-03/14:35:45      158.770      1.71000      14.2500      167.000      4.08810     0.974370    0.0160504
1998-11-03/14:36:05      158.720     0.630000      15.5400      149.000      12.9005     0.857167     0.115964
1998-11-03/14:39:44      158.460     -11.3900      23.6700      141.000      3.69811     0.777146    0.0406190
1998-11-03/14:40:04      158.440     -12.4800      15.8100      146.000      3.67498     0.829038    0.0358669
1998-11-03/14:40:24      158.410     -13.5700      14.3200      151.000      4.96663     0.874620    0.0420253
1998-11-03/14:40:44      158.400     -14.5900      13.5600      154.000      3.74782     0.898794    0.0286746
1998-11-03/14:41:05      158.370     -15.5700      13.5200      149.000      5.21590     0.857167    0.0468863
1998-11-03/14:41:25      158.320     -16.5400      14.0300      119.000      4.13137     0.484810    0.0630653
1998-11-03/14:41:45      158.230     -17.5600      12.1000      146.000      6.86422     0.829038    0.0669931
1998-11-03/14:42:05      158.140     -18.6200      13.6000      168.000      8.05034     0.978148    0.0292126
1998-11-03/14:42:24      158.100     -19.6900      18.1200      129.000      9.04690     0.629321     0.122710
1998-11-03/14:42:44      158.090     -20.8200      18.0700      147.000      13.7508     0.838671     0.130712
1998-11-03/14:44:25      157.890     -26.4300      18.7200      134.000      20.5334     0.694658     0.257794
1998-11-03/14:44:45      157.800     -27.5500      17.1400      172.000      18.1827     0.990268    0.0441663
1998-11-03/14:45:04      157.770     -28.5700      14.6700      169.000      19.0868     0.981627    0.0635637
1998-11-03/14:45:24      157.720     -29.5500      16.5200      129.000      7.84644     0.629321     0.106427
1998-11-03/14:46:45      157.250     -33.9400      17.3200      140.000      28.7126     0.766045     0.322120
1998-11-03/14:47:05      157.160     -35.1500      15.0900      129.000      25.6400     0.629321     0.347775
1998-11-03/14:47:25      157.090     -36.3500      13.6300      150.000      14.4042     0.866026     0.125700
1998-11-03/14:47:44      157.070     -37.5600      14.2300      169.000      45.0000     0.981627     0.149861
1998-11-03/14:50:44      155.530     -47.9000      14.8000      115.000      4.90301     0.422618    0.0775561
1998-11-03/14:51:04      155.460     -48.9700      14.5000      119.000      23.7264     0.484810     0.362183
1998-11-03/14:51:24      155.380     -50.1900      14.8400      148.000      7.76741     0.848048    0.0718395
1998-11-03/14:51:45      155.430     -51.2800      14.9400      133.000      26.9050     0.681998     0.343430
1998-11-03/14:52:05      155.390     -52.2700      14.3800      147.000      3.98005     0.838671    0.0378333
1998-11-03/14:52:25      155.280     -53.1500      14.5200      148.000      32.7620     0.848048     0.303010
1998-11-03/14:53:44      154.580     -58.0500      14.9900      148.000      7.46921     0.848048    0.0690815
1998-11-03/14:54:04      153.910     -59.5200      14.5900      152.000      3.94255     0.882948    0.0323046
1998-11-03/14:54:25      153.040     -60.9600      14.3800      163.000      5.83847     0.956305    0.0297928
1998-11-03/14:54:45      152.330     -62.3000      14.8900      159.000      13.5787     0.933580    0.0849307
1998-11-03/14:55:05      151.450     -63.5400      14.7700      131.000      7.42411     0.656059    0.0977916
1998-11-03/14:55:25      150.870     -64.5400      14.6200      121.000      19.9174     0.515038     0.297973
1998-11-03/14:55:44      150.180     -65.5500      14.2600      108.000      3.59103     0.309017    0.0596077
1998-11-03/14:56:04      149.550     -66.7400      14.2800      106.000      3.50255     0.275637    0.0587629
1998-11-03/14:56:24      148.440     -68.1200      14.3400      131.000      11.4657     0.656059     0.151028
1998-11-03/14:56:44      147.260     -69.4900      14.5400      152.000      16.4181     0.882948     0.134527
1998-11-03/14:57:04      145.750     -70.8800      14.5600      100.000      2.06637     0.173648    0.0355171
1998-11-03/14:57:24      143.530     -72.3200      14.3400      114.000      2.46245     0.406737    0.0392622
1998-11-03/14:57:44      140.960     -73.8700      14.1600      115.000      2.15278     0.422618    0.0340528
1998-11-03/14:58:04      136.450     -75.7000      14.1100      106.000      1.80236     0.275637    0.0302385
1998-11-03/14:58:24      129.900     -77.5400      14.4100      106.000      2.68499     0.275637    0.0450466
1998-11-03/14:58:44      107.620     -80.0100      14.5500      109.000      2.41105     0.325568    0.0397881
1998-11-03/15:50:23      337.840      48.4100      14.2700      110.000      2.83141     0.342020    0.0464372
1998-11-03/15:50:43      337.860      49.5100      14.2500      109.000      3.18880     0.325568    0.0526229
1998-11-03/15:51:03      337.850      50.6200      14.2400      82.0000      3.50062     0.139173    0.0605027
1998-11-03/15:51:23      338.050      51.9600      14.1700      86.0000      2.65662    0.0697565    0.0462538
1998-11-03/15:51:42      337.930      53.2900      14.0000      80.0000      2.55400     0.173648    0.0438985
1998-11-03/15:52:02      337.450      54.3100      13.4700      78.0000      1.68212     0.207912    0.0287170
1998-11-03/15:52:22      337.140      55.4800      13.7600      80.0000      2.27326     0.173648    0.0390731
1998-11-03/15:52:42      336.800      56.5400      14.1700      72.0000      1.89738     0.309017    0.0314947
1998-11-03/15:53:03      336.400      58.0100      14.2600      63.0000      2.35343     0.453990    0.0365982
1998-11-03/15:53:23      335.850      59.5100      14.5100      69.0000      2.20291     0.358368    0.0358943
1998-11-03/15:53:43      335.010      60.9000      14.5900      75.0000      2.01372     0.258819    0.0339485
1998-11-03/15:54:03      333.960      62.4000      14.6100      76.0000      1.49576     0.241922    0.0253305
1998-11-03/15:54:22      333.130      63.6900      14.5100      79.0000      1.58072     0.190809    0.0270819
1998-11-03/15:54:42      332.770      64.6000      14.2900      77.0000      1.19059     0.224951    0.0202471
1998-11-03/15:55:02      332.050      65.7700      14.3600      54.0000      1.35165     0.587785    0.0190853
1998-11-03/15:55:22      331.500      66.8900      14.4700      67.0000      1.52115     0.390731    0.0244386
1998-11-03/15:55:43      330.690      68.3500      14.4400      68.0000      1.80723     0.374607    0.0292453
1998-11-03/15:56:03      329.370      69.9800      14.4300      75.0000      2.10729     0.258819    0.0355259
1998-11-03/15:56:23      327.740      71.5800      14.4200      98.0000      2.54772     0.139173    0.0440334
1998-11-03/15:56:43      327.230      72.3200      14.3900      99.0000      2.20252     0.156434    0.0379680
1998-11-03/15:57:02      325.540      73.6200      14.5200      94.0000      2.88913    0.0697566    0.0503020
1998-11-03/15:57:22      322.320      75.2300      14.5700      98.0000      3.06517     0.139173    0.0529767
1998-11-03/15:57:42      315.370      77.1700      14.6800      82.0000      3.10004     0.139173    0.0535793
1998-11-03/15:58:02      309.290      78.5200      14.5800      83.0000      3.41592     0.121869    0.0591747
1998-11-03/15:58:23      295.500      80.2200      14.5700      55.0000      5.05511     0.573576    0.0722724
1998-11-03/16:12:23      143.940      76.6200      14.5900      110.000      2.35372     0.342020    0.0386027
1998-11-03/16:12:43      147.690      74.4600      14.6700      116.000      2.15172     0.438371    0.0337538
1998-11-03/16:13:02      149.490      72.9600      14.7600      112.000      1.61897     0.374607    0.0261988
1998-11-03/16:13:22      151.180      71.2500      14.7100      118.000      2.42354     0.469472    0.0373476
1998-11-03/16:13:42      152.110      69.7400      14.4800      122.000      1.99687     0.529919    0.0295561
1998-11-03/16:14:02      152.970      68.3000      14.5000      123.000      2.11018     0.544639    0.0308879
1998-11-03/16:14:23      153.630      66.9100      14.4900      124.000      1.84570     0.559193    0.0267062
1998-11-03/16:14:43      154.080      65.6100      14.9600      115.000      8.59661     0.422618     0.135982
1998-11-03/16:15:03      154.510      64.3100      14.6600      118.000      6.39865     0.469472    0.0986054
1998-11-03/16:15:23      154.970      62.9900      14.2800      124.000      2.16123     0.559193    0.0312718
1998-11-03/16:15:42      155.320      61.7700      14.4800      155.000      14.1873     0.906308     0.104647
1998-11-03/16:16:02      155.630      60.5800      14.4100      121.000      3.43143     0.515038    0.0513355
1998-11-03/16:16:22      155.970      59.3500      14.2500      153.000      5.21928     0.891007    0.0413556
1998-11-03/16:16:42      156.280      58.0700      14.2500      123.000      2.43576     0.544639    0.0356536
1998-11-03/16:17:03      156.540      56.7200      14.2100      120.000      21.9826     0.500000     0.332267
1998-11-03/16:17:23      156.770      55.4700      14.0600      142.000      5.45848     0.788011    0.0586531
1998-11-03/16:17:43      156.940      54.2400      14.1900      129.000      4.96968     0.629321    0.0674075
1998-11-03/16:18:03      157.070      53.0300      14.2600      144.000      2.83400     0.809017    0.0290734
1998-11-03/16:18:22      157.180      51.8600      14.1400      125.000      2.47499     0.573576    0.0353847
1998-11-03/16:18:42      157.270      50.6600      14.1800      116.000      3.23533     0.438371    0.0507524
1998-11-03/16:19:02      157.380      49.4700      14.4500      131.000      3.31843     0.656059    0.0437109
1998-11-03/16:19:22      157.470      48.3100      14.3100      121.000      3.90478     0.515038    0.0584170
1998-11-03/16:19:43      157.550      47.1600      14.2200      114.000      2.97444     0.406737    0.0474256
1998-11-03/16:20:03      157.600      46.0100      14.2000      135.000      20.6726     0.707107     0.255128
1998-11-03/16:20:23      157.650      44.8300      14.1600      124.000      3.97079     0.559193    0.0574551
1998-11-03/16:20:43      157.710      43.6200      14.1100      115.000      5.82346     0.422618    0.0921158
1998-11-03/16:21:02      157.730      42.4500      14.1400      120.000      2.61527     0.500000    0.0395298
1998-11-03/16:21:22      157.700      41.2500      14.0100      122.000      3.03619     0.529919    0.0449393
1998-11-03/16:21:42      157.610      40.1200      9.83000      121.000      2.86288     0.515038    0.0428298
1998-11-03/16:22:02      157.560      39.0700      9.67000      127.000      4.38046     0.601815    0.0610584
1998-11-03/16:22:23      157.590      38.0300      9.75000      113.000      1.39088     0.390731    0.0223457
1998-11-03/16:22:43      157.620      37.0700      9.51000      115.000      2.69276     0.422618    0.0425942
1998-11-03/16:23:03      157.700      36.1100      9.69000      115.000      2.69276     0.422618    0.0425942
1998-11-03/16:23:23      157.720      35.2100      9.80000      129.000      4.25829     0.629321    0.0577584
1998-11-03/16:23:42      157.830      34.3600      9.74000      124.000      1.90183     0.559193    0.0275184
1998-11-03/16:24:02      157.920      33.4700      9.79000      121.000      3.67335     0.515038    0.0549548
1998-11-03/16:24:22      158.060      32.4400      9.85000      140.000      6.43625     0.766045    0.0722067
1998-11-03/16:24:42      158.120      31.3100      9.81000      125.000      4.71222     0.573576    0.0673701
1998-11-03/16:25:03      158.180      30.1300      9.48000      124.000      3.61780     0.559193    0.0523475
1998-11-03/16:25:23      158.180      28.9300      9.32000      119.000      4.29604     0.484810    0.0655790
1998-11-03/16:25:43      158.120      27.7600      9.37000      136.000      6.07491     0.719340    0.0736527
1998-11-03/16:26:03      158.060      26.7600      9.26000      122.000      3.12708     0.529919    0.0462846
1998-11-03/16:26:22      158.030      25.6800      9.17000      115.000      6.18140     0.422618    0.0977777
1998-11-03/16:26:42      158.010      24.4800      9.12000      125.000      5.54943     0.573576    0.0793396
1998-11-03/16:27:02      158.060      23.4000      9.17000      131.000      3.55430     0.656059    0.0468178
1998-11-03/16:27:22      158.150      22.3300      9.28000      123.000      2.43576     0.544639    0.0356536
1998-11-03/16:27:43      158.200      21.2400      9.50000      126.000      3.17024     0.587785    0.0447638
1998-11-03/16:28:03      158.290      20.2000      9.32000      137.000      5.17898     0.731354    0.0616460
1998-11-03/16:28:23      158.330      18.9700      8.74000      132.000      8.79280     0.669131     0.114045
1998-11-03/16:28:43      158.290      17.8700      6.94000      132.000      4.18323     0.669131    0.0542578
1998-11-03/16:31:23      158.000      9.16000      9.35000      134.000      20.5334     0.694658     0.257794
1998-11-03/16:31:42      157.990      8.06000      9.23000      125.000      6.02549     0.573576    0.0861458
1998-11-03/16:32:02      158.010      6.97000      9.07000      112.000      4.85743     0.374607    0.0786049
1998-11-03/16:32:22      157.920      5.71000      9.16000      153.000      6.35087     0.891007    0.0503219
1998-11-03/16:32:42      157.900      4.67000      9.28000      125.000      2.63929     0.573576    0.0377337
1998-11-03/16:35:02      157.720     -3.08000      9.34000      103.000      2.73067     0.224951    0.0464377
1998-11-03/16:35:22      157.650     -4.28000      9.22000      114.000      4.72533     0.406737    0.0753424
1998-11-03/16:35:43      157.630     -5.34000      9.81000      116.000      5.41446     0.438371    0.0849362
1998-11-03/16:36:03      157.630     -6.30000      9.93000      157.000      6.92310     0.920505    0.0472124
1998-11-03/16:36:23      157.610     -7.31000      9.70000      155.000      4.93631     0.906308    0.0364106
1998-11-03/16:36:43      157.570     -8.41000      9.68000      102.000      19.1297     0.207912     0.326580
1998-11-03/16:37:02      157.530     -9.42000      9.29000      134.000      2.32540     0.694658    0.0291950
1998-11-03/16:37:22      157.480     -10.5200      9.30000      144.000      5.79441     0.809017    0.0594436
1998-11-03/16:37:42      157.420     -11.6300      9.31000      166.000      12.3627     0.970296    0.0521994
1998-11-03/16:38:02      157.370     -12.8000      9.04000      147.000      7.03317     0.838671    0.0668555
1998-11-03/16:38:23      157.310     -13.9900      9.56000      143.000      4.53954     0.798636    0.0476817
1998-11-03/16:38:43      157.280     -15.1000      9.54000      127.000      4.57501     0.601815    0.0637702
1998-11-03/16:39:03      157.270     -16.1300      9.70000      141.000      13.7746     0.777146     0.151296
1998-11-03/16:39:23      157.220     -17.1500      9.81000      154.000      6.03886     0.898794    0.0462034
1998-11-03/16:39:42      157.160     -18.2200      9.93000      153.000      15.9678     0.891007     0.126523
1998-11-03/16:40:02      157.060     -19.3400      9.71000      143.000      4.53954     0.798636    0.0476817
1998-11-03/16:40:22      156.980     -20.4800      9.61000      147.000      2.61049     0.838671    0.0248146
1998-11-03/16:40:42      156.890     -21.6500      9.75000      146.000      9.34279     0.829038    0.0911834
1998-11-03/16:41:03      156.850     -22.8500      10.0200      147.000      4.32540     0.838671    0.0411161
1998-11-03/16:41:23      156.800     -24.0300      9.95000      138.000      8.92662     0.743145     0.104250
1998-11-03/16:51:02      153.120     -56.8800      9.79000      121.000      3.04718     0.515038    0.0455870
1998-11-03/16:51:22      152.620     -58.2300      10.0200      118.000      3.91119     0.469472    0.0602728
1998-11-03/16:51:42      151.920     -59.6400      10.1700      148.000      5.29970     0.848048    0.0490160
1998-11-03/16:52:02      151.050     -61.0500      9.79000      160.000      19.3512     0.939693     0.115515
1998-11-03/16:52:22      150.250     -62.3800      9.29000      160.000      5.53761     0.939693    0.0330561
1998-11-03/16:52:42      149.710     -63.5500      9.53000      137.000      6.23492     0.731354    0.0742150
1998-11-03/16:53:02      149.280     -64.6000      9.66000      125.000      2.63929     0.573576    0.0377337
1998-11-03/16:53:22      148.830     -65.6400      9.72000      135.000      2.99077     0.707107    0.0369101
1998-11-03/16:53:42      148.110     -66.8000      9.69000      110.000      3.10278     0.342020    0.0508879
1998-11-03/16:54:02      146.820     -68.2300      9.64000      98.0000      2.95756     0.139173    0.0511168
1998-11-03/16:54:22      145.010     -69.8400      10.1600      104.000      2.65779     0.241922    0.0450093
1998-11-03/16:54:42      142.530     -71.4900      10.0300      109.000      2.41105     0.325568    0.0397881
1998-11-03/16:55:02      139.860     -73.0000      10.3400      112.000      1.37735     0.374607    0.0222888
1998-11-03/16:55:22      135.470     -74.7000      9.39000      110.000      2.27385     0.342020    0.0372928
1998-11-03/16:55:42      129.290     -76.4900      9.60000      108.000      2.34566     0.309017    0.0389358
1998-11-03/16:56:02      112.860     -78.8100      9.68000      109.000      2.41105     0.325568    0.0397881
1998-11-03/18:10:00      147.230      74.7400      9.41000      108.000      3.03428     0.309017    0.0503662
1998-11-03/18:10:20      148.570      73.3700      8.90000      112.000      3.28072     0.374607    0.0530900
1998-11-03/18:10:40      150.400      71.8300      9.46000      100.000      2.68670     0.173648    0.0461794
1998-11-03/18:11:00      151.610      70.4300      9.34000      117.000      4.56993     0.453991    0.0710670
1998-11-03/18:11:20      152.340      69.1000      9.60000      116.000      2.93375     0.438371    0.0460215
1998-11-03/18:11:40      152.730      67.7100      9.60000      121.000      4.08844     0.515038    0.0611647
1998-11-03/18:12:00      153.350      66.4000      9.59000      115.000      3.88985     0.422618    0.0615299
1998-11-03/18:12:20      153.660      65.2000      9.67000      115.000      5.27870     0.422618    0.0834988
1998-11-03/18:12:40      153.790      63.9600      9.58000      113.000      7.82908     0.390731     0.125781
1998-11-03/18:13:00      154.220      62.8100      9.54000      124.000      2.39890     0.559193    0.0347107
1998-11-03/18:13:20      154.510      61.6300      9.36000      155.000      15.6480     0.906308     0.115421
1998-11-03/18:13:40      154.760      60.4600      9.67000      113.000      17.3017     0.390731     0.277966
1998-11-03/18:14:00      155.110      59.2900      9.88000      133.000      9.19740     0.681998     0.117400
1998-11-03/18:14:20      155.290      58.0500      9.73000      112.000      7.71689     0.374607     0.124878
1998-11-03/18:14:40      155.460      56.8500      9.45000      111.000      22.2732     0.358368     0.362921
1998-11-03/18:15:00      155.620      55.6400      9.70000      149.000      4.47552     0.857167    0.0402309
1998-11-03/18:15:20      155.790      54.4400      9.88000      142.000      11.9260     0.788011     0.128149
1998-11-03/18:15:40      155.960      53.2700      10.1400      126.000      4.83331     0.587785    0.0682464
1998-11-03/18:16:00      156.040      52.1100      9.97000      124.000      2.56447     0.559193    0.0371064
1998-11-03/18:16:20      156.150      50.9000      10.1100      116.000      4.41855     0.438371    0.0693134
1998-11-03/18:16:40      156.260      49.7000      10.3200      120.000      3.88265     0.500000    0.0586862
1998-11-03/18:17:00      156.440      48.5000      9.90000      132.000      2.98051     0.669131    0.0386582
1998-11-03/18:17:20      156.490      47.4200      9.84000      109.000      3.28169     0.325568    0.0541558
1998-11-03/18:17:40      156.520      46.3600      9.82000      120.000      21.9826     0.500000     0.332267
1998-11-03/18:18:00      156.530      45.2900      9.68000      122.000      2.48027     0.529919    0.0367110
1998-11-03/18:18:20      156.570      44.2100      8.92000      165.000      19.5797     0.965926    0.0884463
1998-11-03/18:18:40      156.620      43.1100      8.87000      122.000      8.52208     0.529919     0.126137
1998-11-03/18:19:00      156.670      41.9700      9.81000      119.000      4.29604     0.484810    0.0655790
1998-11-03/18:19:20      156.710      40.8400      9.30000      124.000      2.73707     0.559193    0.0396039
1998-11-03/18:19:40      156.740      39.7000      8.96000      132.000      9.93885     0.669131     0.128910
1998-11-03/18:20:00      156.790      38.5600      9.16000      120.000      3.44536     0.500000    0.0520766
1998-11-03/18:20:20      156.840      37.4600      9.44000      117.000      4.45875     0.453991    0.0693380
1998-11-03/18:20:40      156.870      36.3500      8.78000      126.000      3.07954     0.587785    0.0434831
1998-11-03/18:21:00      156.880      35.2500      8.22000      144.000      6.45117     0.809017    0.0661812
1998-11-03/18:21:20      156.890      34.1400      8.98000      110.000      5.66758     0.342020    0.0929525
1998-11-03/18:21:40      156.920      33.0400      9.30000      126.000      5.06650     0.587785    0.0715390
1998-11-03/18:22:00      156.940      31.9600      9.27000      127.000      9.65944     0.601815     0.134641
1998-11-03/18:22:20      156.930      30.8600      6.66000      107.000      3.22839     0.292372    0.0538840
1998-11-03/18:22:40      156.920      29.7600      7.02000      128.000      4.76905     0.615661    0.0655906
1998-11-03/18:23:00      156.890      28.6700      8.32000      111.000      2.16209     0.358368    0.0352292
1998-11-03/18:23:20      156.880      27.5500      8.48000      122.000      2.26089     0.529919    0.0334640
1998-11-03/18:23:40      156.900      26.4900      8.38000      139.000      9.19840     0.754710     0.105325
1998-11-03/18:24:00      156.920      25.4000      8.53000      124.000      1.90183     0.559193    0.0275184
1998-11-03/18:24:20      156.930      24.3000      8.38000      143.000      3.08601     0.798636    0.0324144
1998-11-03/18:24:40      156.950      23.1800      8.48000      141.000      7.95020     0.777146    0.0873227
1998-11-03/18:25:00      156.970      22.0200      8.78000      131.000      4.89541     0.656059    0.0644832
1998-11-03/18:25:20      156.970      20.9400      9.23000      121.000      5.86516     0.515038    0.0877451
1998-11-03/18:25:40      156.980      19.8500      9.48000      114.000      2.26885     0.406737    0.0361754
1998-11-03/18:26:00      156.970      18.8000      9.80000      154.000      6.65090     0.898794    0.0508862
1998-11-03/18:26:20      156.950      17.7800      9.70000      128.000      5.21979     0.615661    0.0717898
1998-11-03/18:26:40      156.940      16.6800      9.43000      148.000      4.09112     0.848048    0.0378381
1998-11-03/18:27:00      156.920      15.5700      8.57000      134.000      5.00893     0.694658    0.0628864
1998-11-03/18:27:20      156.900      14.5000      8.65000      134.000      2.32540     0.694658    0.0291950
1998-11-03/18:27:40      156.870      13.3800      8.69000      143.000      6.47353     0.798636    0.0679957
1998-11-03/18:28:00      156.790      12.2300      8.34000      115.000      22.3924     0.422618     0.354204
1998-11-03/18:28:20      156.770      11.1000      8.23000      135.000      9.27146     0.707107     0.114422
1998-11-03/18:28:40      156.780      10.0200      8.14000      146.000      3.67498     0.829038    0.0358669
1998-11-03/18:29:00      156.750      8.95000      8.35000      135.000      20.6726     0.707107     0.255128
1998-11-03/18:29:20      156.730      7.87000      8.42000      139.000      3.92732     0.754710    0.0449693
1998-11-03/18:29:40      156.730      6.77000      8.16000      133.000      7.12413     0.681998    0.0909362
1998-11-03/18:30:00      156.740      5.67000      7.98000      150.000      12.3975     0.866026     0.108189
1998-11-03/18:30:20      156.740      4.60000      8.06000      149.000      31.4226     0.857167     0.282461
1998-11-03/18:30:40      156.750      3.55000      7.91000      166.000      16.7887     0.970296    0.0708875
1998-11-03/18:31:00      156.730      2.53000      7.88000      160.000      42.0716     0.939693     0.251141
1998-11-03/18:31:20      156.700      1.49000      7.97000      157.000      15.4735     0.920505     0.105522
1998-11-03/18:38:40      155.760     -22.8100      8.01000      172.000      10.8991     0.990268    0.0264742
1998-11-03/18:39:00      155.680     -24.0100      7.98000      136.000      24.0070     0.719340     0.291063
1998-11-03/18:40:00      155.490     -27.1800      8.10000      114.000      20.2240     0.406737     0.322459
1998-11-03/18:40:20      155.480     -28.2500      8.12000      172.000      45.0000     0.990268     0.109306
1998-11-03/18:40:40      155.490     -29.3200      7.83000      134.000      20.5334     0.694658     0.257794
1998-11-03/18:41:00      155.440     -30.3600      7.76000      172.000      45.0000     0.990268     0.109306
1998-11-03/18:41:20      155.310     -31.3800      7.79000      167.000      15.4857     0.974370    0.0607989
1998-11-03/18:41:40      155.120     -32.3500      7.66000      152.000      16.4181     0.882948     0.134527
1998-11-03/18:42:00      154.910     -33.3100      7.61000      141.000      30.1216     0.777146     0.330847
1998-11-03/18:43:40      154.090     -39.3900      7.96000      157.000      18.2651     0.920505     0.124560
1998-11-03/18:44:00      153.990     -40.5000      8.05000      173.000      45.0000     0.992546    0.0957159
1998-11-03/18:44:20      153.910     -41.7600      8.09000      166.000      23.6946     0.970296     0.100047
1998-11-03/18:44:40      153.740     -43.0900      7.82000      172.000      24.9411     0.990268    0.0605827
1998-11-03/18:47:40      152.520     -53.0700      6.55000      172.000      16.1267     0.990268    0.0391722
1998-11-03/18:48:00      152.450     -53.9400      7.22000      141.000      12.3312     0.777146     0.135442
1998-11-03/18:48:20      152.110     -55.1700      16.6500      126.000      2.90571     0.587785    0.0410286
1998-11-03/18:48:40      151.570     -56.6000      13.3700      140.000      6.63463     0.766045    0.0744323
1998-11-03/18:49:00      150.680     -58.2700      9.78000      142.000      3.39940     0.788011    0.0365276
1998-11-03/18:49:20      149.600     -59.8700      5.73000      157.000      4.02964     0.920505    0.0274803
1998-11-03/18:49:40      148.430     -61.4400      7.74000      143.000      7.85634     0.798636    0.0825203
1998-11-03/18:50:00      147.310     -62.9400      7.99000      152.000      12.5349     0.882948     0.102709
1998-11-03/18:50:20      146.730     -64.0800      7.73000      117.000      7.70864     0.453991     0.119877
1998-11-03/18:50:40      146.230     -65.1700      7.99000      110.000      26.6230     0.342020     0.436637
1998-11-03/18:51:00      145.500     -66.2700      8.02000      145.000      30.0488     0.819152     0.300812
1998-11-03/18:51:20      144.490     -67.6800      7.88000      109.000      3.44885     0.325568    0.0569143
1998-11-03/18:51:40      142.390     -69.4100      7.63000      94.0000      2.52613    0.0697566    0.0439819
1998-11-03/18:52:00      137.930     -71.8800      7.89000      113.000      1.64092     0.390731    0.0263628
1998-11-04/00:04:33      144.560      72.2300      7.79000      111.000      3.42468     0.358368    0.0558019
1998-11-04/00:04:53      147.140      70.7400      7.56000      114.000      3.55449     0.406737    0.0566741
1998-11-04/00:05:13      148.220      68.9600      7.58000      114.000      2.00852     0.406737    0.0320246
1998-11-04/00:05:33      148.790      67.4800      7.50000      110.000      4.20403     0.342020    0.0689492
1998-11-04/00:05:53      149.760      66.0100      7.94000      115.000      4.24559     0.422618    0.0671570
1998-11-04/00:06:13      150.540      64.5300      8.14000      114.000      20.2240     0.406737     0.322459
1998-11-04/00:06:53      150.700      62.0500      8.26000      149.000      7.94116     0.857167    0.0713840
1998-11-04/00:07:13      151.650      60.3100      8.58000      123.000      23.1802     0.544639     0.339302
1998-11-04/00:07:33      152.200      58.6300      8.75000      168.000      5.86423     0.978148    0.0212798
1998-11-04/00:07:53      151.730      57.6400      8.23000      166.000      1.99210     0.970296   0.00841131
1998-11-04/00:08:33      160.350      52.2800      8.46000      131.000      8.36815     0.656059     0.110227
1998-11-04/00:09:13      147.920      61.9600      8.89000      127.000      7.31930     0.601815     0.102022
1998-11-04/00:09:33      151.330      54.6500      8.54000      101.000      6.78284     0.190809     0.116208
1998-11-04/00:09:53      152.650      51.7200      7.91000      154.000      36.0924     0.898794     0.276144
1998-11-04/00:10:13      152.390      50.5500      8.33000      115.000      5.82346     0.422618    0.0921158
1998-11-04/00:10:33      152.600      49.4400      7.71000      121.000      2.69424     0.515038    0.0403069
1998-11-04/00:10:53      152.590      48.5300      7.70000      136.000      3.25040     0.719340    0.0394081
1998-11-04/00:11:13      152.700      47.1600      7.43000      116.000      21.9194     0.438371     0.343848
1998-11-04/00:11:33      152.900      45.7300      7.20000      117.000      5.46353     0.453991    0.0849633
1998-11-04/00:11:53      153.100      44.5100      7.30000      123.000      7.31069     0.544639     0.107011
1998-11-04/00:12:13      152.800      43.2900      7.38000      111.000      6.70059     0.358368     0.109180
1998-11-04/00:12:33      152.910      42.1100      7.87000      120.000      2.81804     0.500000    0.0425947
1998-11-04/00:12:53      152.890      41.0700      7.02000      124.000      2.26797     0.559193    0.0328162
1998-11-04/00:13:13      153.000      39.9200      7.11000      118.000      2.42354     0.469472    0.0373476
1998-11-04/00:13:33      152.920      38.8300      6.72000      119.000      3.29344     0.484810    0.0502743
1998-11-04/00:13:53      153.030      37.6800      6.90000      119.000      4.13137     0.484810    0.0630653
1998-11-04/00:14:13      153.210      36.4700      7.05000      116.000      4.41855     0.438371    0.0693134
1998-11-04/00:14:33      153.170      35.3300      7.16000      116.000      2.75008     0.438371    0.0431403
1998-11-04/00:14:53      153.190      34.2000      7.01000      134.000      2.41209     0.694658    0.0302834
1998-11-04/00:15:13      153.230      33.0300      7.04000      119.000      4.13137     0.484810    0.0630653
1998-11-04/00:15:33      153.290      31.9900      7.04000      123.000      2.27303     0.544639    0.0332716
1998-11-04/00:15:53      153.350      30.7700      6.46000      115.000      3.75347     0.422618    0.0593726
1998-11-04/00:16:13      153.450      29.5200      6.91000      113.000      3.49606     0.390731    0.0561671
1998-11-04/00:16:33      153.470      28.3400      6.55000      113.000      2.02531     0.390731    0.0325383
1998-11-04/00:16:53      153.490      27.1900      5.94000      116.000      4.57356     0.438371    0.0717451
1998-11-04/00:17:13      153.530      26.1200      5.88000      123.000      1.83647     0.544639    0.0268814
1998-11-04/00:17:53      153.570      23.9900      5.65000      126.000      2.27823     0.587785    0.0321686
1998-11-04/00:18:13      153.570      22.9300      5.79000      116.000      5.86277     0.438371    0.0919688
1998-11-04/00:18:33      153.560      21.7900      5.04000      153.000      7.98270     0.891007    0.0632519
1998-11-04/00:18:53      153.510      20.7000      6.33000      134.000      2.58820     0.694658    0.0324945
1998-11-04/00:19:13      153.480      19.6700      4.13000      141.000      4.76738     0.777146    0.0523635
1998-11-04/00:19:33      153.460      18.5200      4.89000      144.000      6.72165     0.809017    0.0689560
1998-11-04/00:19:53      153.440      17.3800      4.61000      133.000      8.10068     0.681998     0.103401
1998-11-04/00:20:13      153.400      16.2900      5.07000      133.000      11.6502     0.681998     0.148709
1998-11-04/00:20:33      153.370      15.2200      5.21000      150.000      5.17248     0.866026    0.0451384
1998-11-04/00:21:13      153.270      13.0900      5.04000      141.000      6.17150     0.777146    0.0677860
1998-11-04/00:21:33      153.270      12.0200      6.49000      150.000      16.1659     0.866026     0.141074
1998-11-04/00:21:53      153.290      10.9700      6.43000      123.000      2.17132     0.544639    0.0317828
1998-11-04/00:22:13      153.260      9.98000      5.35000      167.000      2.29751     0.974370   0.00902033
1998-11-04/00:22:33      153.280      8.87000      6.02000      161.000      21.0039     0.945519     0.119349
1998-11-04/00:22:53      153.290      7.83000      7.79000      158.000      42.4920     0.927184     0.277818
1998-11-04/00:23:13      153.260      6.70000      6.98000      104.000      4.43739     0.241922    0.0751466
1998-11-04/00:23:33      153.210      5.55000      6.87000      113.000      1.97323     0.390731    0.0317016
1998-11-04/00:23:53      153.170      4.37000      7.22000      134.000      20.5334     0.694658     0.257794
1998-11-04/00:24:13      153.210      3.24000      7.20000      167.000      1.21680     0.974370   0.00477732
1998-11-04/00:24:33      153.220      2.25000      6.92000      167.000      1.07704     0.974370   0.00422860
1998-11-04/00:24:53      153.180      1.17000      7.06000      165.000      13.9573     0.965926    0.0630485
1998-11-04/00:25:13      153.110     0.100000      7.26000      170.000      5.89201     0.984808    0.0178571
1998-11-04/00:25:33      153.060    -0.990000      7.36000      123.000      2.22103     0.544639    0.0325105
1998-11-04/00:25:53      153.050     -2.04000      7.45000      133.000      4.30268     0.681998    0.0549217
1998-11-04/00:26:13      153.060     -3.15000      7.64000      146.000      7.35282     0.829038    0.0717617
1998-11-04/00:26:33      153.090     -4.25000      7.10000      103.000      4.99506     0.224951    0.0849458
1998-11-04/00:27:33      152.970     -7.54000      7.25000      129.000      9.04690     0.629321     0.122710
1998-11-04/00:27:53      152.910     -8.62000      7.30000      133.000      4.90012     0.681998    0.0625477
1998-11-04/00:28:13      152.860     -9.69000      7.30000      140.000      9.92016     0.766045     0.111292
1998-11-04/00:28:33      152.830     -10.8000      7.11000      120.000      2.75537     0.500000    0.0416474
1998-11-04/00:28:53      152.800     -11.8600      6.70000      125.000      5.82625     0.573576    0.0832973
1998-11-04/00:29:13      152.800     -12.9500      6.18000      132.000      2.77902     0.669131    0.0360448
1998-11-04/00:29:33      152.790     -14.0300      5.31000      149.000      7.30056     0.857167    0.0656255
1998-11-04/00:29:53      152.730     -15.1100      4.82000      150.000      4.22324     0.866026    0.0368547
1998-11-04/00:30:13      152.660     -16.2500      10.7500      136.000      8.45889     0.719340     0.102556
1998-11-04/00:30:33      152.580     -17.3600      9.80000      149.000      4.09732     0.857167    0.0368313
1998-11-04/00:30:53      152.510     -18.4400      6.65000      122.000      2.93854     0.529919    0.0434940
1998-11-04/00:35:33      152.190     -33.5600      8.14000      167.000      3.42335     0.974370    0.0134405
1998-11-04/00:35:53      151.680     -34.8300      9.01000      166.000      1.81643     0.970296   0.00766957
1998-11-04/00:36:13      150.550     -35.6700      9.66000      166.000      2.83291     0.970296    0.0119615
1998-11-04/00:36:33      150.220     -36.0600      10.2500      155.000      1.76930     0.906308    0.0130505
1998-11-04/00:36:52      150.460     -36.9500      11.5600      146.000      10.1541     0.829038    0.0991015
1998-11-04/00:37:12      150.330     -38.4400      8.44000      171.000      14.6993     0.987688    0.0401334
1998-11-04/00:38:33      150.670     -44.9500      8.69000      171.000      12.0494     0.987688    0.0328984
1998-11-04/00:38:53      151.220     -45.4900      10.7200      170.000      18.6737     0.984808    0.0565950
1998-11-04/00:39:13      151.990     -46.5000      9.97000      167.000      1.21680     0.974370   0.00477732
1998-11-04/00:39:32      153.090     -47.6300      10.9300      157.000      4.71980     0.920505    0.0321869
1998-11-04/00:39:52      152.190     -49.0700      10.4300      124.000      1.99801     0.559193    0.0289101
1998-11-04/00:40:12      150.820     -49.3700      9.61000      126.000      3.07954     0.587785    0.0434831
1998-11-04/00:40:32      150.530     -49.7400      9.05000      70.0000      25.5614     0.342020     0.419226
1998-11-04/00:40:53      152.290     -50.7400      9.28000      106.000      5.88729     0.275637    0.0987721
1998-11-04/00:41:13      151.790     -52.1300      9.49000      131.000      4.20512     0.656059    0.0553905
1998-11-04/00:41:33      151.400     -54.3900      9.79000      134.000      2.41209     0.694658    0.0302834
1998-11-05/04:38:58      300.840     -53.9200      9.80000      109.000      5.30545     0.325568    0.0875527
1998-11-05/04:39:18      305.200     -51.8900      10.2600      117.000      6.66541     0.453991     0.103654
1998-11-05/04:39:38      307.120     -50.5900      11.0900      109.000      25.5614     0.325568     0.421825
1998-11-05/04:39:58      308.750     -48.9600      11.4100      102.000      19.1297     0.207912     0.326580
1998-11-05/04:40:59      311.130     -44.1200      10.7100      128.000      6.07521     0.615661    0.0835547
1998-11-05/04:41:58      312.840     -40.6900      10.2500      140.000      28.7126     0.766045     0.322120
1998-11-05/04:44:18      314.240     -32.7900      10.1200      97.0000      8.50424     0.121869     0.147321
1998-11-05/04:47:58      314.880     -20.7400      9.68000      100.000      10.1256     0.173648     0.174040
1998-11-05/04:48:39      314.690     -18.4700      9.73000      97.0000      6.05041     0.121869     0.104812
1998-11-05/04:50:18      315.210     -12.9800      9.54000      99.0000      9.68878     0.156434     0.167019
1998-11-05/04:50:38      315.320     -12.0800      9.38000      109.000      25.5614     0.325568     0.421825
1998-11-05/04:50:59      315.480     -10.9500      9.04000      110.000      26.6230     0.342020     0.436637
1998-11-05/04:51:19      315.620     -9.70000      9.53000      108.000      7.94143     0.309017     0.131820
1998-11-05/04:51:59      315.630     -7.46000      9.49000      104.000      5.59382     0.241922    0.0947305
1998-11-05/04:52:18      315.810     -6.60000      9.64000      108.000      10.3627     0.309017     0.172011
1998-11-05/04:52:38      315.720     -5.38000      9.63000      101.000      25.3882     0.190809     0.434967
1998-11-05/04:54:39      315.200      1.41000      9.49000      100.000      3.55340     0.173648    0.0610763
1998-11-05/04:54:58      315.260      2.62000      9.09000      98.0000      3.71770     0.139173    0.0642546
1998-11-05/04:55:18      315.100      3.65000      9.47000      110.000      3.67818     0.342020    0.0603248
1998-11-05/04:55:38      315.050      4.88000      10.3800      114.000      2.00852     0.406737    0.0320246
1998-11-05/04:55:58      314.940      5.86000      10.9500      105.000      2.85935     0.258819    0.0482046
1998-11-05/04:56:19      314.580      6.84000      10.3000      113.000      1.92248     0.390731    0.0308863
1998-11-05/04:56:39      314.480      7.54000      9.02000      122.000      2.81476     0.529919    0.0416619
1998-11-05/04:56:59      314.710      8.45000      8.74000      130.000      4.70593     0.642788    0.0629183
1998-11-05/04:57:19      314.840      9.49000      9.51000      134.000      2.49403     0.694658    0.0313122
1998-11-05/04:57:38      314.920      10.5300      9.89000      153.000      11.4473     0.891007    0.0907041
1998-11-05/04:57:58      315.050      11.6700      9.74000      113.000      5.74550     0.390731    0.0923063
1998-11-05/04:58:18      315.130      12.6900      9.48000      129.000      5.62312     0.629321    0.0762706
1998-11-05/04:58:38      315.190      13.8300      10.0000      141.000      10.5230     0.777146     0.115582
1998-11-05/04:58:59      315.500      15.0300      9.69000      139.000      13.7132     0.754710     0.157021
1998-11-05/04:59:19      315.450      16.0500      9.51000      114.000      6.39498     0.406737     0.101964
1998-11-05/04:59:39      315.450      17.0700      9.61000      119.000      6.91906     0.484810     0.105619
1998-11-05/04:59:59      315.520      18.1200      9.52000      117.000      10.7070     0.453991     0.166505
1998-11-05/05:00:18      315.590      19.1400      9.58000      111.000      22.2732     0.358368     0.362921
1998-11-05/05:00:58      315.720      21.2500      9.78000      110.000      26.6230     0.342020     0.436637
1998-11-05/05:01:18      315.610      22.3400      9.22000      107.000      22.5796     0.292372     0.376869
1998-11-05/05:12:19      311.890      59.7100      9.18000      104.000      2.56031     0.241922    0.0433585
1998-11-05/05:12:39      311.660      60.7900      9.84000      110.000      2.78623     0.342020    0.0456962
1998-11-05/05:12:59      310.610      62.2000      10.0200      113.000      1.53310     0.390731    0.0246305
1998-11-05/05:13:19      310.430      63.1700      9.89000      109.000      3.63450     0.325568    0.0599780
1998-11-05/05:13:38      309.740      64.2600      9.62000      110.000      3.45863     0.342020    0.0567241
1998-11-05/05:13:58      309.440      65.3900      9.47000      108.000      4.90683     0.309017    0.0814488
1998-11-05/05:14:18      308.060      66.6700      9.48000      94.0000      3.27280    0.0697566    0.0569820
1998-11-05/05:14:38      307.140      67.9000      8.91000      112.000      1.61897     0.374607    0.0261988
1998-11-05/05:14:59      306.630      68.9500      9.04000      110.000      2.94955     0.342020    0.0483748
1998-11-05/05:15:19      304.750      70.2700      9.48000      109.000      2.93767     0.325568    0.0484786
1998-11-05/05:15:39      303.690      71.4300      9.75000      110.000      2.94955     0.342020    0.0483748
1998-11-05/05:15:59      300.680      73.0600      9.70000      112.000      1.94513     0.374607    0.0314769
1998-11-05/05:16:18      299.500      73.9400      9.90000      108.000      3.03428     0.309017    0.0503662
1998-11-05/05:16:38      296.360      75.2400      10.1200      100.000      2.58013     0.173648    0.0443476
1998-11-05/05:16:58      293.920      76.3400      10.5900      133.000      4.09574     0.681998    0.0522802
1998-11-05/05:17:18      288.690      77.9500      10.2600      114.000      2.85912     0.406737    0.0455869
1998-11-05/05:17:39      287.720      78.9700      9.18000      123.000      1.76984     0.544639    0.0259061
1998-11-05/05:17:59      286.380      79.5200      10.7800      138.000      3.71548     0.743145    0.0433914
1998-11-05/05:18:39      270.850      81.2600      9.72000      138.000      26.7062     0.743145     0.311889
1998-11-05/05:18:58      254.970      81.9100      10.0900      127.000      3.04156     0.601815    0.0423958
1998-11-05/05:33:59      113.450      67.5700      9.90000      79.0000      2.78705     0.190809    0.0477495
1998-11-05/05:34:19      121.740      64.3100      9.92000      69.0000      2.94955     0.358368    0.0480601
1998-11-05/05:34:39      125.500      62.2800      9.86000      56.0000      2.17132     0.559193    0.0314178
1998-11-05/05:34:58      127.610      60.6000      10.0900      59.0000      2.92475     0.515038    0.0437554
1998-11-05/05:35:18      129.240      59.1600      10.0600      67.0000      2.03620     0.390731    0.0327133
1998-11-05/05:35:38      130.430      57.6100      10.1800      37.0000      3.79876     0.798635    0.0399009
1998-11-05/05:35:58      131.370      56.2900      10.3700      50.0000      3.29006     0.642788    0.0439881
1998-11-05/05:36:19      131.850      55.0000      10.5400      54.0000      2.35709     0.587785    0.0332821
1998-11-05/05:36:39      132.570      53.7300      10.3100      50.0000      3.29006     0.642788    0.0439881
1998-11-05/05:36:59      133.110      52.5900      10.0400      66.0000      1.97323     0.406737    0.0314619
1998-11-05/05:37:19      133.530      51.5000      10.1200      69.0000      2.78623     0.358368    0.0453990
1998-11-05/05:37:38      133.810      50.3200      10.2200      57.0000      3.03619     0.544639    0.0444424
1998-11-05/05:37:58      134.020      49.2200      10.2600      69.0000      2.88719     0.358368    0.0470440
1998-11-05/05:38:18      133.920      48.2500      10.3100      60.0000      3.07917     0.500000    0.0465416
1998-11-05/05:38:38      133.840      47.0000      10.0300      57.0000      2.66196     0.544639    0.0389646
1998-11-05/05:38:59      134.610      45.5800      10.4100      59.0000      21.9826     0.515038     0.328868
1998-11-05/05:39:19      134.610      44.6200      10.0900      61.0000      4.06758     0.484810    0.0620916
1998-11-05/05:39:39      134.650      43.5500      10.2700      60.0000      3.17715     0.500000    0.0480226
1998-11-05/05:39:59      134.810      42.4000      10.1400      58.0000      3.18689     0.529919    0.0471699
1998-11-05/05:40:18      134.800      41.2900      10.6800      58.0000      3.67335     0.529919    0.0543701
1998-11-05/05:40:38      134.830      40.0700      10.5000      64.0000      3.09391     0.438371    0.0485339
1998-11-05/05:40:58      134.930      38.8800      9.14000      56.0000      1.83647     0.559193    0.0265727
1998-11-05/05:41:18      135.020      37.7500      9.34000      39.0000      4.58750     0.777146    0.0503878
1998-11-05/05:41:39      134.920      36.7100      9.17000      54.0000      1.84329     0.587785    0.0260273
1998-11-05/05:41:59      134.910      35.4400      9.81000      55.0000      1.55036     0.573576    0.0221653
1998-11-05/05:42:19      135.120      34.2000      10.2700      62.0000      3.71922     0.469472    0.0573145
1998-11-05/05:42:39      135.330      33.0200      9.49000      50.0000      4.10091     0.642788    0.0548292
1998-11-05/05:42:58      135.420      31.9100      9.69000      63.0000      3.77145     0.453990    0.0586498
1998-11-05/05:43:18      135.520      30.7900      9.38000      53.0000      3.44405     0.601815    0.0480060
1998-11-05/05:43:38      135.660      29.6800      9.42000      63.0000      2.75008     0.453990    0.0427665
1998-11-05/05:43:58      135.710      28.6500      9.28000      74.0000      2.85935     0.275637    0.0479718
1998-11-05/05:44:19      135.730      27.5500      8.89000      65.0000      2.46245     0.422618    0.0389512
1998-11-05/05:44:39      135.700      26.4600      9.26000      62.0000      2.81654     0.469472    0.0434038
1998-11-05/05:44:59      135.690      25.4000      8.80000      54.0000      2.47499     0.587785    0.0349469
1998-11-05/05:45:19      135.700      24.3200      9.16000      66.0000      2.02531     0.406737    0.0322923
1998-11-05/05:45:38      135.770      23.2000      9.35000      69.0000      2.83141     0.358368    0.0461351
1998-11-05/05:45:58      135.880      22.1500      9.28000      59.0000      2.92475     0.515038    0.0437554
1998-11-05/05:46:18      135.900      21.0700      9.76000      59.0000      3.24624     0.515038    0.0485650
1998-11-05/05:46:38      135.950      19.9700      10.0700      48.0000      3.55430     0.669131    0.0461004
1998-11-05/05:46:59      135.990      18.8000      9.77000      42.0000      3.41887     0.743145    0.0399274
1998-11-05/05:47:19      136.050      17.6700      9.36000      57.0000      2.19844     0.544639    0.0321798
1998-11-05/05:47:39      136.110      16.5700      9.49000      68.0000      2.16209     0.374607    0.0349878
1998-11-05/05:47:59      136.120      15.4600      9.64000      70.0000      3.23959     0.342020    0.0531316
1998-11-05/05:48:18      136.120      14.4100      10.1600      72.0000      3.22839     0.309017    0.0535883
1998-11-05/05:48:38      136.120      13.3400      9.93000      93.0000      2.34355    0.0523359    0.0408466
1998-11-05/05:48:58      136.120      12.2400      9.44000      38.0000      6.78775     0.788011    0.0729365
1998-11-05/05:49:18      136.120      11.1200      8.85000      73.0000      2.68499     0.292372    0.0448143
1998-11-05/05:49:39      136.190      10.0200      8.79000      62.0000      3.71922     0.469472    0.0573145
1998-11-05/05:49:59      136.270      8.93000      8.83000      56.0000      2.17132     0.559193    0.0314178
1998-11-05/05:50:19      136.370      7.82000      8.88000      56.0000      2.68240     0.559193    0.0388128
1998-11-05/05:50:39      136.420      6.75000      9.42000      73.0000      3.50255     0.292372    0.0584599
1998-11-05/05:50:58      136.480      5.71000      9.35000      38.0000      6.41107     0.788011    0.0688890
1998-11-05/05:51:18      136.530      4.67000      9.47000      58.0000      3.56322     0.529919    0.0527400
1998-11-05/05:51:38      136.540      3.63000      9.54000      41.0000      4.22890     0.754710    0.0484226
1998-11-05/05:51:58      136.560      2.58000      8.99000      57.0000      2.86821     0.544639    0.0419836
1998-11-05/05:52:19      136.550      1.45000      9.17000      68.0000      2.89320     0.374607    0.0468189
1998-11-05/05:52:39      136.540     0.350000      8.98000      63.0000      4.18389     0.453990    0.0650637
1998-11-05/05:52:59      136.570    -0.740000      9.06000      94.0000      5.29583    0.0697566    0.0922045
1998-11-05/05:53:19      136.560     -1.81000      9.14000      60.0000      3.57206     0.500000    0.0539917
1998-11-05/05:53:38      136.550     -2.82000      9.11000      87.0000      2.62428    0.0523359    0.0457396
1998-11-05/05:53:58      136.510     -3.88000      7.54000      33.0000      3.67498     0.838671    0.0349334
1998-11-05/05:54:18      136.450     -4.92000      9.38000      28.0000      10.0853     0.882948    0.0826372
1998-11-05/05:54:38      136.410     -5.99000      9.28000      92.0000      2.62428    0.0348995    0.0457744
1998-11-05/05:54:59      136.390     -7.11000      9.67000      30.0000      9.05543     0.866025    0.0790235
1998-11-05/05:55:19      136.410     -8.20000      9.09000      57.0000      2.74913     0.544639    0.0402406
1998-11-05/05:55:39      136.420     -9.25000      8.64000      89.0000      2.50444    0.0174524    0.0437041
1998-11-05/05:55:59      136.380     -10.3100      9.37000      57.0000      2.48027     0.544639    0.0363051
1998-11-05/05:56:18      136.330     -11.3600      9.73000      72.0000      5.86741     0.309017    0.0973935
1998-11-05/05:56:38      136.290     -12.4500      9.66000      73.0000      3.23908     0.292372    0.0540624
1998-11-05/05:56:58      136.200     -13.5100      8.78000      55.0000      2.56447     0.573576    0.0366640
1998-11-05/05:57:18      136.100     -14.5800      8.62000      71.0000      2.88853     0.325568    0.0476677
1998-11-05/05:57:39      136.030     -15.7400      8.74000      67.0000      2.15767     0.390731    0.0346648
1998-11-05/05:57:59      135.890     -16.8100      8.71000      56.0000      2.17132     0.559193    0.0314178
1998-11-05/05:58:19      135.840     -17.9000      8.91000      56.0000      2.11018     0.559193    0.0305331
1998-11-05/05:58:39      135.850     -18.9700      8.64000      87.0000      6.56601    0.0523359     0.114441
1998-11-05/05:58:58      135.830     -19.9800      9.05000      65.0000      2.63779     0.422618    0.0417247
1998-11-05/05:59:18      135.830     -21.0300      9.32000      69.0000      3.00121     0.358368    0.0489019
1998-11-05/05:59:38      135.770     -22.1200      9.29000      29.0000      4.40114     0.874620    0.0372404
1998-11-05/05:59:58      135.600     -23.1900      9.32000      22.0000      3.56805     0.927184    0.0233283
1998-11-05/06:00:39      135.540     -25.3100      9.03000      91.0000      4.88350    0.0174525    0.0852202
1998-11-05/06:00:59      135.460     -26.3800      8.89000      22.0000      8.98524     0.927184    0.0587466
1998-11-05/06:01:19      135.330     -27.5300      8.92000      64.0000      3.61512     0.438371    0.0567101
1998-11-05/06:01:38      135.240     -28.5900      8.99000      56.0000      3.19075     0.559193    0.0461684
1998-11-05/06:01:58      135.150     -29.6700      8.50000      94.0000      26.9820    0.0697566     0.469778
1998-11-05/06:02:18      135.050     -30.7200      8.43000      88.0000      10.3349    0.0348994     0.180268
1998-11-05/06:02:38      134.930     -31.7700      9.09000      64.0000      10.0254     0.438371     0.157268
1998-11-05/06:02:59      134.850     -32.8800      9.12000      36.0000      34.4662     0.809017     0.353581
1998-11-05/06:03:19      134.740     -33.9200      9.15000      28.0000      14.3792     0.882948     0.117821
1998-11-05/06:03:39      134.660     -34.9800      9.60000      44.0000      9.18601     0.719340     0.111372
1998-11-05/06:03:59      134.620     -36.0000      9.67000      31.0000      32.7620     0.857167     0.294501
1998-11-05/06:04:18      134.460     -37.0300      9.56000      99.0000      24.3528     0.156434     0.419804
1998-11-05/06:04:38      134.280     -38.0100      7.97000      48.0000      12.2177     0.669131     0.158468
1998-11-05/06:04:58      134.090     -38.9900      9.52000      85.0000      10.5738    0.0871558     0.183845
1998-11-05/06:05:18      134.070     -40.0600      9.96000      99.0000      4.55162     0.156434    0.0784627
1998-11-05/06:05:39      134.060     -41.1300      9.08000      92.0000      4.20326    0.0348995    0.0733160
1998-11-05/06:05:59      134.000     -42.1400      7.79000      59.0000      5.29080     0.515038    0.0791524
1998-11-05/06:06:19      133.880     -43.2100      7.88000      45.0000      6.71490     0.707107    0.0828709
1998-11-05/06:06:39      133.660     -44.2900      8.22000      80.0000      3.05685     0.173648    0.0525416
1998-11-05/06:06:58      133.510     -45.3700      5.90000      83.0000      5.82111     0.121869     0.100840
1998-11-05/06:07:18      133.320     -46.5000      6.48000      103.000      23.4252     0.224951     0.398368
1998-11-05/06:07:38      133.240     -47.5500      5.93000      84.0000      4.79402     0.104528    0.0832131
1998-11-05/06:07:58      133.110     -48.7900      6.01000      86.0000      3.31445    0.0697565    0.0577071
1998-11-05/06:08:19      132.950     -50.2700      6.81000      39.0000      6.92331     0.777146    0.0760437
1998-11-05/06:08:39      132.830     -51.6700      6.76000      55.0000      3.97079     0.573576    0.0567700
1998-11-05/06:08:59      132.680     -52.8600      6.21000      21.0000      10.3776     0.933580    0.0649088
1998-11-05/06:09:19      132.190     -53.9200      5.72000      36.0000      10.6223     0.809017     0.108972
1998-11-05/06:09:38      131.700     -54.7900      11.0300      94.0000      26.9820    0.0697566     0.469778
1998-11-05/06:09:58      131.070     -55.9700      20.4200      97.0000      9.15189     0.121869     0.158540
1998-11-05/06:10:18      129.740     -57.4000      12.0200      66.0000      2.02531     0.406737    0.0322923
1998-11-05/06:10:38      128.990     -58.5700      8.81000      41.0000      4.13341     0.754710    0.0473292
1998-11-05/06:10:59      128.000     -59.7400      7.48000      50.0000      2.90193     0.642788    0.0387988
1998-11-05/06:11:39      125.720     -63.1500      7.95000      26.0000      15.9678     0.898794     0.122170
1998-11-05/06:11:59      123.520     -64.7900      7.18000      71.0000      18.8223     0.325568     0.310614
1998-11-05/06:12:18      123.110     -64.7300      8.54000      11.0000      7.27487     0.981627    0.0242271
1998-11-05/06:12:38      122.520     -65.3200      9.49000      14.0000      13.5158     0.970296    0.0570682
1998-11-05/06:12:58      122.460     -65.9200      8.53000      98.0000      26.9132     0.139173     0.465153
1998-11-05/06:13:18      123.480     -66.5800      8.98000      77.0000      3.60088     0.224951    0.0612364
1998-11-05/06:13:39      123.300     -67.3400      9.34000      73.0000      4.88163     0.292372    0.0814777
1998-11-05/06:13:59      120.020     -68.7700      8.98000      56.0000      2.85153     0.559193    0.0412600
1998-11-05/06:14:19      121.300     -69.8000      8.69000      75.0000      3.76712     0.258819    0.0635083
1998-11-05/06:14:39      119.490     -70.6800      8.54000      59.0000      4.12284     0.515038    0.0616793
1998-11-05/06:14:58      110.970     -72.8500      8.05000      63.0000      3.66487     0.453990    0.0569924
1998-11-05/06:15:18      119.580     -73.4500      8.74000      76.0000      3.59763     0.241922    0.0609253
1998-11-05/06:15:58      86.4900     -75.5500      9.30000      65.0000      5.18252     0.422618    0.0819774
1998-11-05/06:16:17      86.7900     -75.0300      8.87000      86.0000      3.13732    0.0697565    0.0546232
1998-11-05/06:17:17      81.8500     -78.1500      9.75000      85.0000      3.27280    0.0871558    0.0569038
1998-11-05/06:54:17      314.530      7.86000      9.56000      100.000      2.01648     0.173648    0.0346595
1998-11-05/06:54:37      314.450      8.89000      9.07000      121.000      2.63036     0.515038    0.0393512
1998-11-05/06:54:56      314.360      9.86000      8.68000      138.000      3.47773     0.743145    0.0406148
1998-11-05/06:55:16      314.270      10.8500      8.85000      139.000      6.00063     0.754710    0.0687095
1998-11-05/06:55:36      314.300      11.8600      9.74000      128.000      4.06287     0.615661    0.0558782
1998-11-05/07:31:17      118.150      67.6300      9.42000      74.0000      2.34766     0.275637    0.0393871
1998-11-05/07:31:37      120.260      66.1700      9.12000      68.0000      2.32941     0.374607    0.0376955
1998-11-05/07:31:57      123.180      64.4000      9.18000      73.0000      2.68499     0.292372    0.0448143
1998-11-05/07:32:16      125.640      62.6800      8.50000      65.0000      2.37061     0.422618    0.0374984
1998-11-05/07:32:36      126.820      61.1600      8.82000      51.0000      3.90398     0.629320    0.0529526
1998-11-05/07:32:56      128.370      59.5800      9.22000      54.0000      2.35709     0.587785    0.0332821
1998-11-05/07:33:16      129.150      58.1700      9.23000      56.0000      2.04324     0.559193    0.0295645
1998-11-05/07:33:37      130.240      56.6700      9.90000      56.0000      1.97618     0.559193    0.0285942
1998-11-05/07:33:57      130.920      55.5600      10.2400      50.0000      3.95825     0.642788    0.0529218
1998-11-05/07:34:17      131.340      54.3400      10.1800      38.0000      5.10732     0.788011    0.0548798
1998-11-05/07:34:37      131.620      53.3100      9.93000      52.0000      4.13394     0.615661    0.0568557
1998-11-05/07:34:56      131.880      52.1900      9.44000      58.0000      3.13232     0.529919    0.0463622
1998-11-05/07:35:16      132.040      51.0400      9.02000      60.0000      3.85064     0.500000    0.0582024
1998-11-05/07:35:36      132.290      49.8100      10.2400      55.0000      2.07314     0.573576    0.0296395
1998-11-05/07:35:56      132.710      48.7000      9.30000      54.0000      2.77985     0.587785    0.0392515
1998-11-05/07:36:17      133.230      47.5000      9.23000      51.0000      4.76905     0.629320    0.0646862
1998-11-05/07:36:37      133.300      46.4000      8.83000      54.0000      2.47499     0.587785    0.0349469
1998-11-05/07:36:57      133.410      45.1800      8.53000      49.0000      5.86415     0.656059    0.0772436
1998-11-05/07:37:17      133.590      43.8800      9.01000      38.0000      5.84887     0.788011    0.0628480
1998-11-05/07:37:36      133.810      42.8000      8.93000      38.0000      8.28318     0.788011    0.0890054
1998-11-05/07:37:56      134.010      41.6300      8.83000      57.0000      7.25726     0.544639     0.106229
1998-11-05/07:38:16      133.930      40.5700      8.74000      51.0000      4.88513     0.629320    0.0662607
1998-11-05/07:38:36      133.990      39.4400      8.92000      53.0000      3.00177     0.601815    0.0418411
1998-11-05/07:38:57      134.090      38.2100      9.54000      55.0000      1.99801     0.573576    0.0285654
1998-11-05/07:39:17      134.290      37.1100      9.10000      56.0000      2.17132     0.559193    0.0314178
1998-11-05/07:39:37      134.270      36.0400      9.49000      52.0000      3.96993     0.615661    0.0546000
1998-11-05/07:39:56      134.290      35.0300      8.82000      35.0000      2.83400     0.819152    0.0283706
1998-11-05/07:40:16      134.290      33.9700      8.85000      56.0000      5.86512     0.559193    0.0848650
1998-11-05/07:40:36      134.420      32.7500      9.21000      45.0000      2.13954     0.707107    0.0264048
1998-11-05/07:40:56      134.540      31.6600      9.52000      59.0000      2.92475     0.515038    0.0437554
1998-11-05/07:41:16      134.520      30.5900      9.93000      50.0000      5.52914     0.642788    0.0739246
1998-11-05/07:41:36      134.650      29.3900      9.17000      53.0000      4.16535     0.601815    0.0580601
1998-11-05/07:41:56      134.670      28.2800      9.09000      54.0000      2.63929     0.587785    0.0372668
1998-11-05/07:42:16      134.710      27.1500      8.94000      59.0000      4.12284     0.515038    0.0616793
1998-11-05/07:42:36      134.750      26.0100      9.05000      48.0000      4.38158     0.669131    0.0568305
1998-11-05/07:42:56      134.840      24.9000      9.39000      55.0000      3.42183     0.573576    0.0489216
1998-11-05/07:43:16      134.920      23.7800      9.96000      58.0000      4.36846     0.529919    0.0646586
1998-11-05/07:43:36      134.960      22.7000      9.41000      36.0000      3.51992     0.809017    0.0361101
1998-11-05/07:43:56      135.000      21.6000      9.46000      54.0000      3.16559     0.587785    0.0446982
1998-11-05/07:44:16      134.980      20.4900      8.66000      62.0000      6.12295     0.469472    0.0943568
1998-11-05/07:44:36      135.010      19.4200      8.82000      35.0000      5.07259     0.819152    0.0507807
1998-11-05/07:44:56      134.980      18.2800      8.96000      55.0000      3.18371     0.573576    0.0455172
1998-11-05/07:45:16      135.070      17.1600      9.01000      41.0000      5.43261     0.754710    0.0622055
1998-11-05/07:45:36      135.120      16.0900      9.21000      49.0000      3.08779     0.656059    0.0406729
1998-11-05/07:45:56      135.170      15.0000      8.90000      68.0000      3.35176     0.374607    0.0542396
1998-11-05/07:46:16      135.190      13.9000      8.91000      67.0000      3.80142     0.390731    0.0610730
1998-11-05/07:46:36      135.130      12.7600      8.93000      16.0000      5.83847     0.961262    0.0280876
1998-11-05/07:46:55      135.180      11.6600      8.74000      32.0000      6.63637     0.848048    0.0613787
1998-11-05/07:47:15      135.230      10.5900      8.66000      52.0000      4.38046     0.615661    0.0602461
1998-11-05/07:47:35      135.180      9.53000      9.04000      33.0000      1.97044     0.838671    0.0187305
1998-11-05/07:51:16      134.990     -2.55000      9.26000      56.0000      23.1802     0.559193     0.335404
1998-11-05/07:51:36      135.020     -3.62000      8.77000      62.0000      4.65407     0.469472    0.0717208
1998-11-05/07:51:56      135.020     -4.68000      9.14000      69.0000      4.60853     0.358368    0.0750916
1998-11-05/07:52:15      135.000     -5.67000      8.98000      35.0000      3.98731     0.819152    0.0399162
1998-11-05/07:52:35      134.970     -6.75000      9.28000      27.0000      4.99614     0.891007    0.0395876
1998-11-05/07:52:55      134.930     -7.80000      8.77000      27.0000      4.49814     0.891007    0.0356416
1998-11-05/07:53:15      134.960     -8.84000      8.37000      69.0000      3.07254     0.358368    0.0500641
1998-11-05/07:53:36      134.960     -9.84000      8.35000      61.0000      3.73865     0.484810    0.0570705
1998-11-05/07:53:56      134.860     -10.8900      8.80000      52.0000      3.04156     0.615661    0.0418317
1998-11-05/07:54:15      134.780     -11.9500      8.78000      45.0000      2.58820     0.707107    0.0319419
1998-11-05/07:54:35      134.680     -13.0300      8.71000      58.0000      2.86288     0.529919    0.0423742
1998-11-05/07:54:55      134.580     -14.1100      8.87000      34.0000      3.28167     0.829038    0.0320283
1998-11-05/07:55:15      134.560     -15.1700      9.02000      48.0000      2.73849     0.669131    0.0355191
1998-11-05/07:55:35      134.530     -16.2500      8.88000      53.0000      2.65970     0.601815    0.0370731
1998-11-05/07:55:55      134.470     -17.3700      8.64000      61.0000      3.91119     0.484810    0.0597043
1998-11-05/07:56:15      134.430     -18.5100      8.18000      48.0000      2.94219     0.669131    0.0381612
1998-11-05/07:56:35      134.350     -19.5800      5.81000      55.0000      1.99801     0.573576    0.0285654
1998-11-05/07:56:55      134.280     -20.6600      10.5900      44.0000      2.82523     0.719340    0.0342533
1998-11-05/07:57:15      134.180     -21.7400      9.77000      59.0000      3.88265     0.515038    0.0580860
1998-11-05/07:57:35      134.190     -22.7800      9.09000      66.0000      2.42089     0.406737    0.0385996
1998-11-05/07:57:55      134.150     -23.8600      8.74000      63.0000      4.41855     0.453990    0.0687129
1998-11-05/07:58:15      134.150     -24.8800      8.63000      50.0000      4.10091     0.642788    0.0548292
1998-11-05/07:58:35      134.060     -25.9900      8.66000      55.0000      1.94146     0.573576    0.0277569
1998-11-05/07:58:55      133.930     -27.1600      8.44000      63.0000      4.46577     0.453990    0.0694472
1998-11-05/07:59:15      133.830     -28.2800      8.39000      19.0000      12.1655     0.945519    0.0691272
1998-11-05/07:59:35      133.720     -29.4000      8.37000      45.0000      10.1597     0.707107     0.125384
1998-11-05/07:59:55      133.640     -30.4500      8.59000      53.0000      6.84089     0.601815    0.0953539
1998-11-05/08:00:15      133.540     -31.5100      9.00000      25.0000      5.41266     0.906308    0.0399242
1998-11-05/08:00:35      133.460     -32.6100      8.88000      29.0000      4.40114     0.874620    0.0372404
1998-11-05/08:00:55      133.360     -33.7700      9.43000      18.0000      7.49842     0.951057    0.0404417
1998-11-05/08:01:15      133.310     -34.8900      9.11000      58.0000      3.67335     0.529919    0.0543701
1998-11-05/08:02:35      133.000     -39.2400      9.06000      125.000      5.82625     0.573576    0.0832973
1998-11-05/08:02:55      132.770     -40.4900      9.20000      28.0000      7.99658     0.882948    0.0655226
1998-11-05/08:03:15      132.630     -41.6400      8.30000      29.0000      7.35244     0.874620    0.0622128
1998-11-05/08:03:35      132.610     -42.7300      7.85000      36.0000      4.93335     0.809017    0.0506102
1998-11-05/08:06:35      130.140     -53.1500      8.88000      50.0000      2.78939     0.642788    0.0372941
1998-11-05/08:06:55      129.820     -54.2800      8.93000      60.0000      6.91906     0.500000     0.104582
1998-11-05/08:07:15      129.770     -55.1700      8.31000      79.0000      3.10054     0.190809    0.0531204
1998-11-05/08:07:35      129.350     -56.1700      9.58000      91.0000      1.82906    0.0174525    0.0319183
1998-11-05/08:07:55      128.540     -57.3800      9.46000      55.0000      2.16123     0.573576    0.0308989
1998-11-05/08:08:15      127.930     -58.6000      8.30000      39.0000      5.62951     0.777146    0.0618329
1998-11-05/08:08:35      126.640     -59.8800      8.83000      51.0000      3.17442     0.629320    0.0430571
1998-11-05/08:08:55      125.610     -61.1500      8.59000      55.0000      1.90183     0.573576    0.0271903
1998-11-05/08:09:15      125.400     -62.3700      8.08000      53.0000      3.17024     0.601815    0.0441894
1998-11-05/08:09:35      124.790     -63.6200      8.03000      55.0000      1.55036     0.573576    0.0221653
1998-11-05/08:09:55      124.000     -64.9900      8.34000      53.0000      3.17024     0.601815    0.0441894
1998-11-05/08:10:15      123.070     -66.1500      8.74000      59.0000      8.61405     0.515038     0.128870
1998-11-05/08:10:35      121.440     -67.4300      8.98000      58.0000      3.23298     0.529919    0.0478521
1998-11-05/08:10:55      119.540     -68.8400      8.84000      53.0000      3.00177     0.601815    0.0418411
1998-11-05/08:11:15      116.190     -70.4500      8.17000      54.0000      1.71507     0.587785    0.0242168
1998-11-05/08:11:35      113.960     -71.7400      8.42000      63.0000      2.61791     0.453990    0.0407111
1998-11-05/08:11:55      109.280     -73.2400      8.87000      64.0000      2.55251     0.438371    0.0400410
1998-11-05/08:12:15      104.260     -74.6800      9.42000      68.0000      2.09106     0.374607    0.0338384
1998-11-05/08:12:35      101.800     -75.7200      10.0500      76.0000      2.53537     0.241922    0.0429361
1998-11-05/08:12:55      83.2300     -77.2900      9.54000      70.0000      3.11900     0.342020    0.0511539
1998-11-05/08:13:15      78.3400     -77.6100      8.61000      78.0000      3.38606     0.207912    0.0578065
1998-11-05/08:30:14      287.410     -69.1100      8.64000      108.000      3.86319     0.309017    0.0641254
1998-11-05/08:30:34      293.870     -66.4800      8.63000      109.000      3.18880     0.325568    0.0526229
1998-11-05/08:30:55      298.270     -64.8500      8.47000      109.000      3.63450     0.325568    0.0599780
1998-11-05/08:31:15      298.370     -64.1500      8.03000      106.000      3.60398     0.275637    0.0604646
1998-11-05/08:31:35      300.700     -62.3600      7.80000      105.000      3.52055     0.258819    0.0593515
1998-11-05/08:31:55      302.120     -60.5000      7.85000      107.000      3.29316     0.292372    0.0549650
1998-11-05/08:32:14      302.640     -59.2000      7.92000      109.000      2.90309     0.325568    0.0479080
1998-11-05/08:32:34      304.230     -58.1700      7.55000      111.000      2.43529     0.358368    0.0396807
1998-11-05/08:32:54      305.990     -56.5100      8.01000      115.000      2.62014     0.422618    0.0414455
1998-11-05/08:33:14      308.870     -55.0400      8.34000      140.000      8.83418     0.766045    0.0991085
1998-11-05/08:33:35      309.920     -52.9600      8.56000      120.000      3.73037     0.500000    0.0563845
1998-11-05/08:37:14      312.390     -40.4500      8.45000      127.000      3.96993     0.601815    0.0553361
1998-11-05/08:38:14      312.640     -37.0100      8.26000      118.000      4.45736     0.469472    0.0686894
1998-11-05/08:38:34      312.610     -36.0200      8.22000      123.000      2.22103     0.544639    0.0325105
1998-11-05/08:38:54      312.680     -35.0400      8.48000      132.000      8.05910     0.669131     0.104529
1998-11-05/08:39:54      313.130     -32.1400      8.57000      95.0000      3.12222    0.0871559    0.0542857
1998-11-05/08:42:14      313.300     -24.3200      8.20000      98.0000      3.15804     0.139173    0.0545818
1998-11-05/08:42:34      313.370     -23.3200      8.32000      95.0000      3.72461    0.0871559    0.0647593
1998-11-05/08:42:54      313.340     -22.1100      8.23000      130.000      5.28399     0.642788    0.0706469
1998-11-05/08:43:14      313.190     -21.1000      7.97000      101.000      2.68482     0.190809    0.0459980
1998-11-05/08:44:34      313.330     -16.5900      7.52000      91.0000      1.47669    0.0174525    0.0257692
1998-11-05/08:44:54      313.210     -15.5900      8.05000      103.000      2.17751     0.224951    0.0370307
1998-11-05/08:45:14      313.160     -14.6200      8.08000      107.000      3.13206     0.292372    0.0522762
1998-11-05/08:51:34      313.710      6.44000      8.32000      104.000      2.74456     0.241922    0.0464787
1998-11-05/08:51:54      313.860      7.50000      8.33000      125.000      1.84329     0.573576    0.0263533
1998-11-05/08:52:14      314.000      8.49000      8.29000      137.000      3.85431     0.731354    0.0458783
1998-11-05/08:52:34      313.980      9.66000      8.20000      135.000      2.52047     0.707107    0.0311060
1998-11-05/08:52:54      313.860      10.7700      8.08000      125.000      1.84329     0.573576    0.0263533
1998-11-05/08:53:14      313.640      11.8300      7.78000      113.000      1.58863     0.390731    0.0255227
1998-11-05/08:53:34      313.580      12.9000      7.78000      95.0000      2.86062    0.0871559    0.0497372
1998-11-05/08:53:54      313.550      13.8800      7.80000      92.0000      1.76223    0.0348995    0.0307380
1998-11-05/08:54:14      313.420      14.8600      7.76000      92.0000      1.80828    0.0348995    0.0315412
1998-11-05/09:07:54      307.010      59.6400      7.77000      106.000      3.23908     0.275637    0.0543426
1998-11-05/09:08:14      306.080      60.8300      7.78000      115.000      3.00722     0.422618    0.0475684
1998-11-05/09:08:34      304.290      62.4500      7.74000      115.000      2.69276     0.422618    0.0425942
1998-11-05/09:08:54      303.630      63.8100      7.58000      114.000      2.46245     0.406737    0.0392622
1998-11-05/09:09:14      303.920      64.7500      7.47000      103.000      1.83560     0.224951    0.0312162
1998-11-05/09:09:34      303.760      65.7400      7.46000      105.000      2.46569     0.258819    0.0415680
1998-11-05/09:09:54      303.040      66.8400      7.55000      97.0000      3.10004     0.121869    0.0537026
1998-11-05/09:10:54      293.620      71.9900      7.62000      92.0000      1.76223    0.0348995    0.0307380
1998-11-05/09:11:14      297.000      72.3900      7.74000      91.0000      1.51848    0.0174525    0.0264984
1998-11-05/09:11:34      292.450      73.9100      8.16000      101.000      2.28375     0.190809    0.0391266
1998-11-05/09:11:54      285.960      75.4000      7.36000      111.000      2.43529     0.358368    0.0396807
1998-11-05/09:12:14      284.990      76.2200      6.94000      120.000      4.56678     0.500000    0.0690269
1998-11-05/09:28:34      116.760      68.7900      8.19000      73.0000      2.04680     0.292372    0.0341625
1998-11-05/09:28:54      119.690      67.4800      9.27000      65.0000      1.94222     0.422618    0.0307221
1998-11-05/09:29:14      122.250      65.8100      11.5800      60.0000      3.07917     0.500000    0.0465416
1998-11-05/09:29:34      123.650      64.3500      16.6000      65.0000      1.85548     0.422618    0.0293501
1998-11-05/09:29:54      125.270      62.4300      20.1800      50.0000      3.66249     0.642788    0.0489675
1998-11-05/09:30:14      126.890      60.9700      13.0400      45.0000      1.84602     0.707107    0.0227824
1998-11-05/09:30:34      127.800      59.5900      9.10000      53.0000      2.37413     0.601815    0.0330926
1998-11-05/09:30:54      128.020      58.5700      8.99000      56.0000      1.66979     0.559193    0.0241609
1998-11-05/09:31:14      128.060      57.2600      8.02000      53.0000      2.90571     0.601815    0.0405022
1998-11-05/09:31:34      129.360      55.8000      8.49000      61.0000      3.01293     0.484810    0.0459924
1998-11-05/09:31:54      130.170      54.5100      8.26000      48.0000      6.26182     0.669131    0.0812178
1998-11-05/09:32:14      130.450      53.5100      8.17000      49.0000      2.34656     0.656059    0.0309093
1998-11-05/09:32:34      130.370      52.5400      8.30000      49.0000      3.97021     0.656059    0.0522963
1998-11-05/09:32:54      130.790      51.3200      8.33000      56.0000      1.97618     0.559193    0.0285942
1998-11-05/09:33:14      131.070      50.2900      8.30000      34.0000      4.06719     0.829038    0.0396948
1998-11-05/09:33:34      131.030      49.1200      8.23000      43.0000      2.18785     0.731354    0.0260422
1998-11-05/09:33:54      131.510      47.8400      8.02000      44.0000      2.11900     0.719340    0.0256909
1998-11-05/09:34:14      131.710      46.7800      7.94000      36.0000      5.63087     0.809017    0.0577659
1998-11-05/09:34:34      131.730      45.7000      7.95000      53.0000      4.16535     0.601815    0.0580601
1998-11-05/09:34:54      131.810      44.6200      7.96000      104.000      18.8654     0.241922     0.319483
1998-11-05/09:35:14      132.140      43.2700      8.08000      63.0000      3.12038     0.453990    0.0485250
1998-11-05/09:35:34      132.220      42.2800      8.23000      54.0000      2.41496     0.587785    0.0340993
1998-11-05/09:35:54      132.250      41.1400      8.14000      41.0000      3.71548     0.754710    0.0425437
1998-11-05/09:36:14      132.530      39.9300      8.12000      55.0000      2.56447     0.573576    0.0366640
1998-11-05/09:36:34      132.570      38.8600      8.18000      36.0000      3.82588     0.809017    0.0392489
1998-11-05/09:36:54      132.650      37.6700      7.90000      53.0000      4.02896     0.601815    0.0561590
1998-11-05/09:37:14      132.660      36.5200      7.58000      47.0000      3.27162     0.681998    0.0417607
1998-11-05/09:37:34      132.990      35.2600      7.67000      58.0000      3.81771     0.529919    0.0565068
1998-11-05/09:37:54      133.070      34.3100      7.50000      55.0000      1.94146     0.573576    0.0277569
1998-11-05/09:38:14      132.990      33.2500      7.39000      59.0000      3.44536     0.515038    0.0515439
1998-11-05/09:38:34      133.020      32.1400      7.35000      32.0000      1.88922     0.848048    0.0174731
1998-11-05/09:38:54      133.110      30.9400      7.59000      44.0000      2.99077     0.719340    0.0362603
1998-11-05/09:39:14      133.350      29.8200      7.58000      49.0000      3.08779     0.656059    0.0406729
1998-11-05/09:39:34      133.450      28.7000      7.36000      56.0000      1.76984     0.559193    0.0256086
1998-11-05/09:39:54      133.480      27.6200      7.45000      66.0000      4.23993     0.406737    0.0676030
1998-11-05/09:40:14      133.510      26.5700      7.77000      57.0000      2.56560     0.544639    0.0375541
1998-11-05/09:40:34      133.530      25.4800      7.75000      46.0000      4.30268     0.694658    0.0540195
1998-11-05/09:40:54      133.590      24.3400      7.42000      48.0000      3.55430     0.669131    0.0461004
1998-11-05/09:41:14      133.690      23.2400      7.67000      39.0000      6.15250     0.777146    0.0675773
1998-11-05/09:41:34      133.730      22.0900      7.63000      36.0000      4.93335     0.809017    0.0506102
1998-11-05/09:41:54      133.730      20.9400      7.39000      48.0000      2.54792     0.669131    0.0330474
1998-11-05/09:42:14      133.800      19.9200      6.98000      67.0000      1.94513     0.390731    0.0312501
1998-11-05/09:42:34      133.790      18.8900      8.03000      51.0000      5.42834     0.629320    0.0736287
1998-11-05/09:42:54      133.750      17.9000      8.13000      39.0000      6.43625     0.777146    0.0706939
1998-11-05/09:43:14      133.730      16.8500      7.21000      51.0000      3.61859     0.629320    0.0490817
1998-11-05/09:43:33      133.720      15.7900      7.30000      35.0000      2.91288     0.819152    0.0291603
1998-11-05/09:43:53      133.720      14.6800      7.32000      57.0000      2.86821     0.544639    0.0419836
1998-11-05/09:44:14      133.730      13.4900      7.41000      63.0000      3.89243     0.453990    0.0605312
1998-11-05/09:44:34      133.780      12.3800      6.63000      57.0000      3.39229     0.544639    0.0496549
1998-11-05/09:44:54      133.840      11.2500      7.04000      54.0000      2.29797     0.587785    0.0324474
1998-11-05/09:45:14      133.860      10.1400      7.63000      48.0000      2.73849     0.669131    0.0355191
1998-11-05/09:45:33      133.860      9.08000      7.41000      48.0000      3.42408     0.669131    0.0444114
1998-11-05/09:45:53      133.900      7.96000      6.24000      53.0000      3.00177     0.601815    0.0418411
1998-11-05/09:46:13      133.910      6.86000      7.21000      54.0000      2.47499     0.587785    0.0349469
1998-11-05/09:46:33      133.880      5.77000      6.86000      36.0000      3.82588     0.809017    0.0392489
1998-11-05/09:46:54      133.920      4.68000      11.0900      31.0000      6.63263     0.857167    0.0596214
1998-11-05/09:47:14      133.890      3.65000      8.70000      47.0000      3.16030     0.681998    0.0403397
1998-11-05/09:47:34      133.800      2.59000      7.21000      50.0000      3.12558     0.642788    0.0417890
1998-11-05/09:47:54      133.770      1.48000      6.28000      56.0000      2.27303     0.559193    0.0328895
1998-11-05/09:48:13      133.780     0.420000      6.04000      60.0000      4.29604     0.500000    0.0649346
1998-11-05/09:48:33      133.810    -0.640000      6.57000      33.0000      1.97044     0.838671    0.0187305
1998-11-05/09:48:53      133.850     -1.67000      6.87000      22.0000      6.35738     0.927184    0.0415653
1998-11-05/09:49:13      133.830     -2.71000      6.51000      57.0000      2.86821     0.544639    0.0419836
1998-11-05/09:49:34      133.820     -3.83000      9.08000      59.0000      5.62883     0.515038    0.0842095
1998-11-05/09:49:54      133.790     -4.92000      7.90000      34.0000      7.68005     0.829038    0.0749554
1998-11-05/09:50:14      133.740     -6.01000      8.05000      36.0000      2.94156     0.809017    0.0301768
1998-11-05/09:50:34      133.690     -7.11000      7.67000      68.0000      22.2732     0.374607     0.360434
1998-11-05/09:50:53      133.730     -8.11000      7.33000      56.0000      1.90567     0.559193    0.0275740
1998-11-05/09:51:13      133.700     -9.16000      7.47000      71.0000      2.94697     0.325568    0.0486321
1998-11-05/09:51:33      133.680     -10.2800      7.49000      61.0000      4.06758     0.484810    0.0620916
1998-11-05/09:51:53      133.710     -11.3500      7.54000      47.0000      5.30442     0.681998    0.0677084
1998-11-05/09:52:14      133.690     -12.4700      7.81000      59.0000      4.89963     0.515038    0.0733004
1998-11-05/09:52:34      133.700     -13.5200      7.92000      50.0000      3.29006     0.642788    0.0439881
1998-11-05/09:52:54      133.640     -14.5400      8.12000      56.0000      2.04324     0.559193    0.0295645
1998-11-05/09:53:14      133.550     -15.5800      8.53000      72.0000      3.13206     0.309017    0.0519893
1998-11-05/09:53:33      133.450     -16.6500      8.28000      62.0000      3.27689     0.469472    0.0504980
1998-11-05/09:53:53      133.370     -17.7700      8.32000      63.0000      2.25007     0.453990    0.0349908
1998-11-05/09:54:13      133.340     -18.9300      8.42000      46.0000      3.45868     0.694658    0.0434232
1998-11-05/09:54:33      133.400     -20.0700      8.39000      63.0000      3.56278     0.453990    0.0554048
1998-11-05/09:54:54      133.450     -21.1600      8.24000      32.0000      3.29483     0.848048    0.0304733
1998-11-05/09:55:14      133.480     -22.2200      8.49000      75.0000      2.85144     0.258819    0.0480712
1998-11-05/09:55:34      133.460     -23.2700      8.41000      65.0000      3.55449     0.422618    0.0562251
1998-11-05/09:55:54      133.420     -24.2800      8.32000      61.0000      3.01293     0.484810    0.0459924
1998-11-05/09:56:13      133.320     -25.3100      8.16000      69.0000      2.88719     0.358368    0.0470440
1998-11-05/09:56:33      133.220     -26.3600      7.89000      52.0000      5.38581     0.615661    0.0740731
1998-11-05/09:56:53      133.110     -27.4800      8.47000      45.0000      2.23258     0.707107    0.0275530
1998-11-05/09:57:13      133.000     -28.5900      8.76000      59.0000      4.12284     0.515038    0.0616793
1998-11-05/09:57:34      132.970     -29.6700      8.44000      32.0000      15.2051     0.848048     0.140629
1998-11-05/09:57:54      132.860     -30.7600      8.02000      36.0000      5.63087     0.809017    0.0577659
1998-11-05/09:58:14      132.750     -31.8300      7.73000      44.0000      3.37755     0.719340    0.0409497
1998-11-05/09:58:34      132.650     -32.9300      7.62000      36.0000      3.08601     0.809017    0.0316587
1998-11-05/09:58:53      132.570     -34.0300      7.86000      23.0000      3.90744     0.920505    0.0266470
1998-11-05/09:59:13      132.540     -35.1200      6.54000      49.0000      4.84274     0.656059    0.0637894
1998-11-05/10:01:14      132.090     -41.7800      6.73000      22.0000      1.88498     0.927184    0.0123242
1998-11-05/10:01:33      131.710     -42.7900      6.24000      29.0000      8.98520     0.874620    0.0760285
1998-11-05/10:01:53      131.540     -43.8400      6.25000      35.0000      3.21083     0.819152    0.0321430
1998-11-05/10:02:13      131.400     -44.9900      6.44000      43.0000      2.31905     0.731354    0.0276039
1998-11-05/10:02:33      131.220     -46.1900      6.08000      39.0000      4.26135     0.777146    0.0468054
1998-11-05/10:03:54      129.510     -51.1500      5.58000      37.0000      4.39176     0.798635    0.0461295
1998-11-05/10:04:13      129.210     -52.3700      4.87000      58.0000      4.08844     0.529919    0.0605139
1998-11-05/10:04:33      129.020     -53.5300      5.94000      66.0000      1.39088     0.406737    0.0221767
1998-11-05/10:04:53      128.780     -54.5400      11.2800      66.0000      1.92248     0.406737    0.0306527
1998-11-05/10:05:13      128.740     -55.4300      7.52000      66.0000      1.82806     0.406737    0.0291473
1998-11-05/10:05:34      128.770     -56.3700      7.31000      57.0000      2.26089     0.544639    0.0330939
1998-11-05/10:05:54      128.250     -57.4700      7.33000      50.0000      3.81963     0.642788    0.0510684
1998-11-05/10:06:14      127.240     -58.8100      7.00000      50.0000      2.78939     0.642788    0.0372941
1998-11-05/10:06:34      126.390     -60.1400      6.69000      52.0000      2.92358     0.615661    0.0402091
1998-11-05/10:06:53      125.400     -61.4700      6.70000      57.0000      2.14938     0.544639    0.0314617
1998-11-05/10:07:13      124.690     -62.7500      6.80000      52.0000      2.82921     0.615661    0.0389112
1998-11-05/10:07:33      124.330     -63.9000      6.78000      58.0000      2.69424     0.529919    0.0398781
1998-11-05/10:07:53      123.720     -64.9800      7.02000      55.0000      1.61080     0.573576    0.0230294
1998-11-05/10:08:14      121.880     -66.2300      6.81000      55.0000      1.55036     0.573576    0.0221653
1998-11-05/10:08:34      120.770     -67.3300      7.01000      60.0000      2.34718     0.500000    0.0354776
1998-11-05/10:08:54      120.480     -68.2300      6.47000      55.0000      1.84570     0.573576    0.0263878
1998-11-05/10:09:14      119.750     -69.1400      7.63000      54.0000      1.84329     0.587785    0.0260273
1998-11-05/10:09:33      115.470     -70.6200      7.70000      62.0000      3.48879     0.469472    0.0537635
1998-11-05/10:09:53      113.140     -71.7100      8.10000      64.0000      3.24076     0.438371    0.0508375
1998-11-05/10:10:13      108.220     -73.1000      8.41000      66.0000      1.97323     0.406737    0.0314619
1998-11-05/10:10:33      99.2100     -74.8000      8.46000      69.0000      2.83141     0.358368    0.0461351
1998-11-05/10:10:54      92.8300     -75.7000      8.39000      72.0000      2.80513     0.309017    0.0465625
1998-11-05/10:11:14      88.3700     -76.7300      7.60000      83.0000      5.80303     0.121869     0.100527
1998-11-05/10:29:32      294.600     -64.8500      8.51000      114.000      2.00852     0.406737    0.0320246
1998-11-05/10:30:32      302.320     -59.3000      9.68000      109.000      3.18880     0.325568    0.0526229
1998-11-05/10:30:53      305.730     -56.9200      10.4800      110.000      2.65743     0.342020    0.0435838
1998-11-05/10:31:13      305.980     -55.6500      10.3800      115.000      3.09391     0.422618    0.0489396
1998-11-05/10:31:33      306.350     -54.3800      10.3100      144.000      5.43006     0.809017    0.0557058
1998-11-05/10:31:53      307.350     -52.7400      10.9600      144.000      7.32484     0.809017    0.0751440
1998-11-05/10:32:12      307.490     -51.6100      10.2500      104.000      3.65734     0.241922    0.0619365
1998-11-05/10:32:32      307.840     -50.4100      9.17000      96.0000      3.75175     0.104529    0.0651217
1998-11-05/10:32:52      308.270     -49.3900      9.36000      141.000      7.95020     0.777146    0.0873227
1998-11-05/10:33:12      308.420     -48.1400      7.99000      122.000      4.94186     0.529919    0.0731456
1998-11-05/10:33:33      309.080     -46.9100      8.58000      114.000      3.09401     0.406737    0.0493321
1998-11-05/10:33:53      309.760     -45.4600      8.73000      138.000      4.13341     0.743145    0.0482722
1998-11-05/10:34:13      309.990     -44.1800      8.37000      129.000      5.15548     0.629321    0.0699277
1998-11-05/10:34:33      310.460     -42.8900      8.42000      109.000      5.05363     0.325568    0.0833971
1998-11-05/10:35:12      310.890     -40.6400      8.63000      92.0000      2.43456    0.0348995    0.0424652
1998-11-05/10:35:32      311.060     -39.4600      8.79000      117.000      4.65407     0.453991    0.0723754
1998-11-05/10:35:52      311.210     -38.3800      8.73000      100.000      2.47242     0.173648    0.0424963
1998-11-05/10:36:13      311.320     -37.2300      8.07000      101.000      1.78652     0.190809    0.0306078
1998-11-05/10:36:33      311.510     -35.9700      7.14000      101.000      2.09172     0.190809    0.0358367
1998-11-05/10:36:53      311.620     -34.8100      7.31000      98.0000      3.57425     0.139173    0.0617753
1998-11-05/10:37:13      311.710     -33.6300      7.15000      104.000      3.37305     0.241922    0.0571221
1998-11-05/10:37:32      311.840     -32.5300      6.72000      115.000      4.13745     0.422618    0.0654464
1998-11-05/10:37:52      311.920     -31.4700      8.17000      100.000      2.22837     0.173648    0.0383015
1998-11-05/10:40:32      312.380     -22.8100      8.45000      132.000      2.47687     0.669131    0.0321258
1998-11-05/10:40:52      312.390     -21.6800      8.42000      116.000      3.77145     0.438371    0.0591624
1998-11-05/10:41:12      312.390     -20.6200      8.41000      120.000      4.12284     0.500000    0.0623167
1998-11-05/10:41:32      312.420     -19.5300      7.85000      102.000      1.55031     0.207912    0.0264667
1998-11-05/10:43:12      312.680     -13.8500      7.67000      98.0000      3.27851     0.139173    0.0566639
1998-11-05/11:03:13      308.410      50.9900      7.66000      91.0000      1.56751    0.0174525    0.0273540
1998-11-05/11:03:33      308.200      52.0900      7.55000      102.000      2.28924     0.207912    0.0390817
1998-11-05/11:05:33      306.090      59.2000      7.34000      97.0000      3.27901     0.121869    0.0568029
1998-11-05/11:05:53      305.490      60.3700      6.35000      108.000      3.46035     0.309017    0.0574386
1998-11-05/11:06:33      302.620      62.9000      7.06000      100.000      2.13861     0.173648    0.0367587
1998-11-05/11:07:32      299.730      65.9800      7.82000      95.0000      2.96642    0.0871559    0.0515768
1998-11-05/11:08:13      295.250      68.5500      8.63000      96.0000      2.89748     0.104529    0.0502935
1998-11-05/11:08:53      291.060      71.2100      7.87000      94.0000      2.66392    0.0697566    0.0463809
1998-11-05/11:09:13      288.920      72.2600      6.38000      104.000      2.98416     0.241922    0.0505363
1998-11-05/11:30:11      124.360      55.4300      6.46000      67.0000      2.15767     0.390731    0.0346648
1998-11-05/11:30:31      123.770      54.9700      6.41000      68.0000      2.89320     0.374607    0.0468189
1998-11-05/11:30:52      119.750      55.1000      5.95000      80.0000      3.62819     0.173648    0.0623618
1998-11-05/11:31:12      124.690      52.3300      5.61000      92.0000      7.57190    0.0348995     0.132074
1998-11-05/11:31:32      124.130      52.1500      5.30000      81.0000      4.60170     0.156434    0.0793260
1998-11-05/11:31:52      124.710      51.1500      5.64000      73.0000      4.17674     0.292372    0.0697126
1998-11-05/11:32:11      126.970      49.1900      5.49000      84.0000      3.40869     0.104528    0.0591670
1998-11-05/11:32:31      127.120      48.7400      5.57000      78.0000      2.66120     0.207912    0.0454317
1998-11-05/11:32:51      127.810      46.9600      4.74000      72.0000      4.19933     0.309017    0.0697050
1998-11-05/11:33:11      129.690      45.1000      6.24000      46.0000      4.47367     0.694658    0.0561662
1998-11-05/11:33:32      130.220      44.1100      6.54000      80.0000      4.38296     0.173648    0.0753349
1998-11-05/11:33:52      130.450      43.1700      6.47000      48.0000      6.82167     0.669131    0.0884793
1998-11-05/11:34:12      130.430      41.9800      6.45000      78.0000      3.63733     0.207912    0.0620961
1998-11-05/11:34:32      130.800      40.4400      6.47000      46.0000      4.09574     0.694658    0.0514214
1998-11-05/11:34:51      131.310      39.5500      6.22000      91.0000      6.90412    0.0174525     0.120481
1998-11-05/11:35:11      131.160      38.7800      6.17000      82.0000      3.92587     0.139173    0.0678525
1998-11-05/11:35:31      130.600      38.1300      6.05000      86.0000      2.71011    0.0697565    0.0471851
1998-11-05/11:35:51      130.160      36.8800      6.01000      80.0000      5.16476     0.173648    0.0887726
1998-11-05/11:36:12      130.930      34.8100      6.10000      77.0000      3.70093     0.224951    0.0629379
1998-11-05/11:36:32      130.700      33.9000      6.03000      51.0000      6.86438     0.629320    0.0931068
1998-11-05/11:36:52      130.460      32.3400      6.05000      70.0000      4.92358     0.342020    0.0807503
1998-11-05/11:37:12      131.290      30.1900      5.75000      57.0000      3.21278     0.544639    0.0470273
1998-11-05/11:37:31      131.590      29.6800      5.96000      49.0000      4.84274     0.656059    0.0637894
1998-11-05/11:37:51      131.350      28.8500      6.29000      56.0000      2.17132     0.559193    0.0314178
1998-11-05/11:45:12      133.640      2.69000      5.42000      47.0000      3.63051     0.681998    0.0463418
1998-11-05/11:45:31      133.490      1.55000      5.68000      66.0000      1.78538     0.406737    0.0284668
1998-11-05/11:45:51      133.410     0.530000      6.03000      44.0000      2.52047     0.719340    0.0305584
1998-11-05/11:46:11      133.470    -0.250000      6.10000      36.0000      3.15428     0.809017    0.0323591
1998-11-05/11:46:31      133.440     -1.01000      6.24000      55.0000      1.84570     0.573576    0.0263878
1998-11-05/11:46:52      133.260     -1.98000      6.11000      26.0000      4.73466     0.898794    0.0362250
1998-11-05/11:47:32      133.340     -3.79000      6.20000      79.0000      3.77737     0.190809    0.0647163
1998-11-05/11:47:52      133.520     -5.29000      6.49000      30.0000      5.97464     0.866025    0.0521386
1998-11-05/11:48:11      133.580     -6.65000      6.51000      64.0000      5.53081     0.438371    0.0867613
1998-11-05/11:48:31      133.580     -7.36000      6.49000      61.0000      3.20731     0.484810    0.0489596
1998-11-05/11:48:51      133.600     -8.01000      6.58000      41.0000      4.37375     0.754710    0.0500811
1998-11-05/11:49:11      133.480     -8.82000      6.65000      82.0000      6.05041     0.139173     0.104572
1998-11-05/11:49:32      133.260     -10.5000      6.86000      88.0000      1.82906    0.0348994    0.0319037
1998-11-05/11:49:52      133.060     -11.8200      6.95000      87.0000      3.29409    0.0523359    0.0574139
1998-11-05/11:50:12      132.970     -12.9000      6.82000      63.0000      4.78372     0.453990    0.0743916
1998-11-05/11:50:32      133.090     -14.1000      7.03000      55.0000      2.07314     0.573576    0.0296395
1998-11-05/11:50:51      133.200     -15.2300      7.07000      50.0000      3.00037     0.642788    0.0401149
1998-11-05/11:51:11      133.170     -16.2400      8.79000      63.0000      2.93375     0.453990    0.0456227
1998-11-05/11:51:31      133.040     -17.2600      6.91000      62.0000      3.48879     0.469472    0.0537635
1998-11-05/11:51:51      133.040     -18.2800      6.42000      57.0000      2.14938     0.544639    0.0314617
1998-11-05/11:52:12      132.830     -19.2200      7.36000      55.0000      2.07314     0.573576    0.0296395
1998-11-05/11:52:32      132.710     -20.1600      8.58000      38.0000      3.60568     0.788011    0.0387442
1998-11-05/11:52:52      132.670     -21.5800      7.79000      61.0000      2.62505     0.484810    0.0400714
1998-11-05/11:53:12      132.590     -23.0100      7.54000      54.0000      2.35709     0.587785    0.0332821
1998-11-05/11:53:31      132.540     -23.8600      7.41000      36.0000      2.94156     0.809017    0.0301768
1998-11-05/11:53:51      132.370     -25.0100      7.54000      50.0000      10.3724     0.642788     0.138679
1998-11-05/11:54:11      132.590     -25.9000      7.74000      35.0000      9.99323     0.819152     0.100040
1998-11-05/11:55:52      132.910     -31.8100      7.83000      41.0000      6.51124     0.754710    0.0745562
1998-11-05/11:56:11      132.670     -32.8300      7.94000      36.0000      6.77975     0.809017    0.0695520
1998-11-05/11:56:31      132.340     -33.7900      7.90000      34.0000      6.82253     0.829038    0.0665862
1998-11-05/11:56:51      132.120     -34.7800      8.03000      29.0000      4.96490     0.874620    0.0420106
1998-11-05/11:57:11      132.080     -35.8800      7.97000      77.0000      3.74086     0.224951    0.0636169
1998-11-05/11:59:51      130.990     -44.6200      8.19000      60.0000      3.98186     0.500000    0.0601858
1998-11-05/12:00:12      130.590     -45.8900      8.31000      49.0000      4.98111     0.656059    0.0656120
1998-11-05/12:00:32      129.990     -47.2300      8.44000      64.0000      3.09391     0.438371    0.0485339
1998-11-05/12:00:52      129.350     -48.5100      8.43000      39.0000      4.58750     0.777146    0.0503878
1998-11-05/12:01:12      129.110     -49.8300      8.31000      40.0000      4.27770     0.766044    0.0479905
1998-11-05/12:01:31      128.820     -51.2000      8.19000      47.0000      2.82961     0.681998    0.0361186
1998-11-05/12:01:51      128.660     -52.4800      8.17000      39.0000      9.17525     0.777146     0.100778
1998-11-05/12:02:11      128.580     -53.6200      8.18000      53.0000      3.62091     0.601815    0.0504712
1998-11-05/12:02:31      128.630     -54.4900      8.24000      53.0000      3.91933     0.601815    0.0546308
1998-11-05/12:02:52      128.760     -55.3600      8.24000      67.0000      1.90709     0.390731    0.0306390
1998-11-05/12:03:12      128.600     -56.3400      8.31000      56.0000      1.56129     0.559193    0.0225910
1998-11-05/12:03:32      128.090     -57.4200      8.38000      47.0000      2.60335     0.681998    0.0332305
1998-11-05/12:03:52      127.010     -58.7000      8.04000      49.0000      1.87050     0.656059    0.0246385
1998-11-05/12:04:11      125.940     -60.0400      7.90000      55.0000      1.40634     0.573576    0.0201063
1998-11-05/12:04:31      124.470     -61.6300      8.14000      56.0000      1.59085     0.559193    0.0230187
1998-11-05/12:04:51      123.200     -62.9200      8.28000      55.0000      1.50721     0.573576    0.0215484
1998-11-05/12:05:11      123.190     -63.6300      8.36000      56.0000      1.59085     0.559193    0.0230187
1998-11-05/12:05:31      123.450     -64.5300      8.03000      59.0000      2.31453     0.515038    0.0346263
1998-11-05/12:05:51      123.650     -65.5100      7.96000      52.0000      2.92358     0.615661    0.0402091
1998-11-05/12:06:11      123.120     -66.8600      8.03000      63.0000      2.85385     0.453990    0.0443802
1998-11-05/12:06:31      122.290     -68.2000      8.02000      52.0000      2.92358     0.615661    0.0402091
1998-11-05/12:06:51      120.050     -69.7600      8.09000      55.0000      1.43726     0.573576    0.0205484
1998-11-05/12:07:11      118.760     -71.0300      8.26000      63.0000      2.93375     0.453990    0.0456227
1998-11-05/12:07:31      117.810     -72.1100      8.05000      65.0000      1.85548     0.422618    0.0293501
1998-11-05/12:07:51      113.090     -73.9200      7.44000      71.0000      2.61726     0.325568    0.0431911
1998-11-05/12:08:10      109.190     -75.4500      7.58000      56.0000      1.97618     0.559193    0.0285942
1998-11-05/12:26:50      293.760     -65.1900      7.75000      115.000      10.2864     0.422618     0.162711
1998-11-05/12:27:10      298.300     -63.0200      7.82000      116.000      5.86277     0.438371    0.0919688
1998-11-05/12:27:30      300.810     -61.3000      7.78000      111.000      2.01220     0.358368    0.0327869
1998-11-05/12:27:50      302.770     -59.5900      8.02000      113.000      1.58863     0.390731    0.0255227
1998-11-05/12:28:10      303.380     -58.2400      7.88000      114.000      1.67200     0.406737    0.0266590
1998-11-05/12:28:30      303.000     -57.4400      7.91000      119.000      2.80616     0.484810    0.0428360
1998-11-05/12:28:50      303.130     -56.5000      8.01000      116.000      2.47717     0.438371    0.0388592
1998-11-05/12:29:10      304.420     -55.1200      8.16000      115.000      3.61512     0.422618    0.0571842
1998-11-05/12:29:30      305.200     -53.6600      8.14000      108.000      3.12735     0.309017    0.0519111
1998-11-05/12:29:50      305.810     -52.3700      8.47000      114.000      2.63779     0.406737    0.0420579
1998-11-05/12:30:10      306.740     -50.8700      8.96000      106.000      4.31371     0.275637    0.0723719
1998-11-05/12:30:30      307.440     -49.5900      9.74000      121.000      3.43143     0.515038    0.0513355
1998-11-05/12:30:50      307.920     -48.2100      9.48000      117.000      4.56993     0.453991    0.0710670
1998-11-05/12:31:10      308.590     -46.8300      10.1700      111.000      3.27161     0.358368    0.0533078
1998-11-05/12:31:30      309.430     -45.3600      9.11000      151.000      13.2255     0.874620     0.111908
1998-11-05/12:32:30      310.590     -41.2700      8.70000      96.0000      3.59625     0.104529    0.0624226
1998-11-05/12:32:50      310.760     -40.1300      8.71000      104.000      2.98416     0.241922    0.0505363
1998-11-05/12:34:50      310.870     -33.6300      8.78000      96.0000      3.59625     0.104529    0.0624226
1998-11-05/12:35:10      310.940     -32.4700      8.75000      108.000      3.59103     0.309017    0.0596077
1998-11-05/12:35:30      310.890     -31.5200      8.48000      107.000      3.43378     0.292372    0.0573121
1998-11-05/12:36:30      310.520     -28.4800      8.40000      96.0000      2.59171     0.104529    0.0449861
1998-11-05/12:36:50      310.850     -27.2100      8.39000      98.0000      2.79037     0.139173    0.0482272
1998-11-05/12:37:10      310.860     -26.3300      8.45000      95.0000      2.51147    0.0871559    0.0436666
1998-11-05/12:37:30      311.080     -25.1800      8.75000      97.0000      2.93299     0.121869    0.0508088
1998-11-05/12:37:50      311.020     -24.0300      8.75000      127.000      3.32400     0.601815    0.0463326
1998-11-05/12:38:10      310.920     -23.1800      8.74000      137.000      3.58474     0.731354    0.0426696
1998-11-05/12:38:30      310.960     -22.2200      8.75000      113.000      2.53069     0.390731    0.0406577
1998-11-05/12:38:50      311.210     -21.2700      8.88000      111.000      2.53204     0.358368    0.0412572
1998-11-05/12:39:10      311.160     -20.3200      9.11000      116.000      3.66487     0.438371    0.0574905
1998-11-05/12:39:30      311.440     -19.0300      8.77000      120.000      4.33929     0.500000    0.0655884
1998-11-05/12:39:50      311.470     -17.9600      8.64000      106.000      4.73724     0.275637    0.0794775
1998-11-05/12:40:10      311.370     -16.9300      8.13000      101.000      2.61109     0.190809    0.0447348
1998-11-05/12:40:30      311.210     -16.1400      8.15000      108.000      4.32231     0.309017    0.0717463
1998-11-05/12:40:50      311.240     -14.9400      8.25000      107.000      3.59803     0.292372    0.0600535
1998-11-05/12:41:10      311.220     -14.1300      8.24000      111.000      3.58961     0.358368    0.0584893
1998-11-05/12:41:30      311.580     -12.9300      8.29000      113.000      5.50504     0.390731    0.0884431
1998-11-05/12:41:50      311.660     -11.6000      8.22000      115.000      4.53078     0.422618    0.0716681
1998-11-05/12:42:10      311.210     -10.9400      8.11000      122.000      6.10862     0.529919    0.0904151
1998-11-05/12:42:30      310.920     -10.5500      8.41000      117.000      7.70864     0.453991     0.119877
1998-11-05/12:42:50      311.520     -8.99000      8.52000      116.000      8.72278     0.438371     0.136834
1998-11-05/12:43:10      311.150     -7.93000      8.34000      115.000      6.70687     0.422618     0.106090
1998-11-05/12:43:30      310.830     -7.01000      8.19000      119.000      7.96123     0.484810     0.121528
1998-11-05/12:43:50      310.980     -5.80000      8.25000      113.000      7.15040     0.390731     0.114877
1998-11-05/12:44:10      310.520     -4.85000      8.37000      127.000      8.63176     0.601815     0.120317
1998-11-05/12:44:30      310.400     -4.56000      8.50000      137.000      10.5123     0.731354     0.125129
1998-11-05/12:44:50      310.680     -3.47000      8.33000      137.000      26.5798     0.731354     0.316382
1998-11-05/12:45:10      310.590     -3.44000      8.03000      135.000      20.6726     0.707107     0.255128
1998-11-05/12:45:30      310.310    -0.990000      7.74000      135.000      5.96779     0.707107    0.0736505
1998-11-05/12:45:50      310.450    0.0700000      7.27000      132.000      7.11006     0.669131    0.0922198
1998-11-05/12:46:10      310.500     0.460000      6.16000      146.000      12.3374     0.829038     0.120410
1998-11-05/12:46:30      310.670      0.00000      8.56000      151.000      37.2472     0.874620     0.315168
1998-11-05/12:46:50      310.560      1.61000      10.4300      138.000      26.7062     0.743145     0.311889
1998-11-05/12:47:10      310.770      3.15000      6.66000      146.000      28.3908     0.829038     0.277087
1998-11-05/12:47:30      311.080      4.41000      6.71000      145.000      30.0488     0.819152     0.300812
1998-11-05/12:47:50      311.180      5.73000      7.62000      144.000      30.4326     0.809017     0.312202
1998-11-05/12:48:10      311.180      7.15000      7.90000      141.000      13.1511     0.777146     0.144448
1998-11-05/12:48:30      311.250      8.46000      7.99000      136.000      11.7388     0.719340     0.142322
1998-11-05/12:48:50      311.460      9.81000      8.46000      133.000      26.9050     0.681998     0.343430
1998-11-05/12:49:10      311.460      11.0900      8.62000      128.000      24.7730     0.615661     0.340713
1998-11-05/12:49:30      312.110      11.7800      8.21000      139.000      27.2650     0.754710     0.312195
1998-11-05/12:49:50      311.890      12.4800      7.72000      138.000      13.2013     0.743145     0.154172
1998-11-05/12:50:10      311.630      14.0600      7.63000      134.000      20.5334     0.694658     0.257794
1998-11-05/12:50:30      311.610      14.7700      7.69000      136.000      24.0070     0.719340     0.291063
1998-11-05/12:50:50      311.910      15.5600      7.86000      143.000      13.2280     0.798636     0.138942
1998-11-05/12:51:10      310.830      16.6900      7.89000      148.000      16.3810     0.848048     0.151505
1998-11-05/12:51:30      312.210      18.0100      7.83000      137.000      26.5798     0.731354     0.316382
