1999-03-01/00:01:14      65.1900      80.7500      10.6800      63.0000      3.23533     0.453990    0.0503126
1999-03-01/00:01:35      67.1600      80.3000      10.1600      67.0000      1.74712     0.390731    0.0280690
1999-03-01/00:01:55      65.3900      79.1100      9.96000      73.0000      3.50255     0.292372    0.0584599
1999-03-01/00:02:15      62.6800      77.7000      6.28000      73.0000      4.73724     0.292372    0.0790677
1999-03-01/00:02:35      61.0400      76.4600      8.23000      72.0000      4.34779     0.309017    0.0721693
1999-03-01/00:02:54      59.8300      75.3100      8.75000      79.0000      2.68670     0.190809    0.0460302
1999-03-01/00:03:14      59.0400      74.1200      11.5000      78.0000      7.29205     0.207912     0.124489
1999-03-01/00:03:34      58.0400      72.8700      11.9700      83.0000      19.9121     0.121869     0.344942
1999-03-01/00:03:54      57.7700      71.8100      9.00000      83.0000      19.9121     0.121869     0.344942
1999-03-01/00:04:15      57.1700      70.5000      6.28000      82.0000      3.78949     0.139173    0.0654954
1999-03-01/00:04:35      56.7900      69.4100      9.87000      85.0000      5.29583    0.0871558    0.0920779
1999-03-01/00:04:55      56.5100      68.2700      11.3300      76.0000      23.4252     0.241922     0.396702
1999-03-01/00:05:34      55.8600      66.0000      10.4600      84.0000      26.2134     0.104528     0.455004
1999-03-01/00:05:54      55.7000      64.9000      9.06000      81.0000      5.49410     0.156434    0.0947096
1999-03-01/00:06:14      55.3600      63.6700      9.15000      79.0000      3.33630     0.190809    0.0571596
1999-03-01/00:06:34      55.0900      62.5200      9.02000      81.0000      4.26953     0.156434    0.0735999
1999-03-01/00:06:55      54.9200      61.3600      9.64000      88.0000      4.35137    0.0348994    0.0758995
1999-03-01/00:07:15      54.8100      60.2600      8.95000      84.0000      26.2134     0.104528     0.455004
1999-03-01/00:07:35      54.6200      59.1000      9.04000      80.0000      2.72954     0.173648    0.0469157
1999-03-01/00:08:14      54.5600      57.0100      9.87000      77.0000      4.94791     0.224951    0.0841440
1999-03-01/00:08:34      54.5700      55.8500      9.69000      78.0000      2.02113     0.207912    0.0345045
1999-03-01/00:08:54      54.2300      54.6000      8.13000      77.0000      4.15178     0.224951    0.0706050
1999-03-01/00:09:14      54.0800      53.4900      9.33000      77.0000      19.1297     0.224951     0.325319
1999-03-01/00:10:15      53.7200      50.0200      9.30000      85.0000      3.44888    0.0871558    0.0599653
1999-03-01/00:10:35      53.8100      49.0000      9.70000      76.0000      3.30191     0.241922    0.0559174
1999-03-01/00:10:54      53.7200      47.8800      11.6400      88.0000      3.85790    0.0348994    0.0672920
1999-03-01/00:11:14      53.8600      46.8500      10.1200      83.0000      10.4877     0.121869     0.181681
1999-03-01/00:11:54      53.6800      44.5700      7.90000      89.0000      40.8868    0.0174524     0.713501
1999-03-01/00:12:15      53.8000      43.5200      11.6400      70.0000      5.45873     0.342020    0.0895272
1999-03-01/00:12:35      53.7100      42.3100      10.7900      68.0000      4.86263     0.374607    0.0786891
1999-03-01/00:12:55      53.6300      41.1900      7.69000      65.0000      7.61136     0.422618     0.120397
1999-03-01/00:13:15      53.6800      40.0600      5.73000      65.0000      20.2240     0.422618     0.319904
1999-03-01/00:13:34      53.5500      38.8700      9.45000      43.0000      5.20529     0.731354    0.0619592
1999-03-01/00:13:54      53.5500      37.9800      11.2300      36.0000      34.4662     0.809017     0.353581
1999-03-01/00:17:14      53.3300      26.8200      9.41000      81.0000      26.9132     0.156434     0.463941
1999-03-01/00:17:35      53.3200      25.7100      7.62000      79.0000      21.1866     0.190809     0.362982
1999-03-01/00:17:55      53.3300      24.6300      8.16000      75.0000      5.59382     0.258819    0.0943039
1999-03-01/00:18:15      53.3300      23.5200      8.48000      70.0000      3.56289     0.342020    0.0584340
1999-03-01/01:06:35      234.720     -49.0400      9.31000      114.000      2.46245     0.406737    0.0392622
1999-03-01/01:06:54      234.590     -47.9400      8.97000      118.000      3.01293     0.469472    0.0464303
1999-03-01/01:07:14      234.450     -46.8300      9.20000      112.000      2.22430     0.374607    0.0359945
1999-03-01/01:07:34      234.350     -45.7300      8.84000      120.000      2.53734     0.500000    0.0383519
1999-03-01/01:07:54      234.270     -44.6300      8.82000      106.000      2.76827     0.275637    0.0464438
1999-03-01/01:08:15      234.220     -43.4900      8.86000      104.000      2.45144     0.241922    0.0415148
1999-03-01/01:08:35      234.120     -42.3500      9.98000      120.000      3.14954     0.500000    0.0476053
1999-03-01/01:08:55      234.050     -41.2600      11.1800      105.000      2.85935     0.258819    0.0482046
1999-03-01/01:09:15      233.990     -40.1300      10.6500      104.000      3.45956     0.241922    0.0585871
1999-03-01/01:09:34      233.880     -39.0100      9.93000      113.000      1.92248     0.390731    0.0308863
1999-03-01/01:09:54      233.780     -37.9000      9.39000      99.0000      4.38296     0.156434    0.0755553
1999-03-01/01:10:14      233.730     -36.8100      9.85000      106.000      3.98240     0.275637    0.0668134
1999-03-01/01:10:34      233.690     -35.7000      8.66000      111.000      2.32941     0.358368    0.0379555
1999-03-01/01:10:55      233.660     -34.5500      8.62000      106.000      3.50255     0.275637    0.0587629
1999-03-01/01:11:15      233.600     -33.4000      9.54000      110.000      3.00121     0.342020    0.0492220
1999-03-01/01:11:35      233.520     -32.2800      7.10000      103.000      3.30191     0.224951    0.0561522
1999-03-01/01:11:55      233.480     -31.1900      6.81000      115.000      3.00722     0.422618    0.0475684
1999-03-01/01:12:14      233.420     -30.0900      15.5000      105.000      2.58033     0.258819    0.0435007
1999-03-01/01:12:34      233.370     -28.9400      18.3000      99.0000      2.70037     0.156434    0.0465501
1999-03-01/01:12:54      233.330     -27.8000      11.5700      128.000      7.34587     0.615661     0.101031
1999-03-01/01:13:14      233.270     -26.7200      9.06000      130.000      3.76166     0.642788    0.0502934
1999-03-01/01:13:35      233.200     -25.5800      9.52000      131.000      25.9298     0.656059     0.341552
1999-03-01/01:13:55      233.090     -24.5900      9.31000      98.0000      3.43655     0.139173    0.0593954
1999-03-01/01:14:15      233.460     -23.5900      9.41000      138.000      7.63842     0.743145    0.0892055
1999-03-01/01:14:35      233.350     -22.5300      9.35000      148.000      32.7620     0.848048     0.303010
1999-03-01/01:14:54      233.490     -21.4700      8.99000      143.000      5.30347     0.798636    0.0557058
1999-03-01/01:15:14      233.000     -20.0200      8.96000      114.000      2.63779     0.406737    0.0420579
1999-03-01/01:15:34      232.950     -19.1800      9.18000      146.000      5.00862     0.829038    0.0488829
1999-03-01/01:16:15      233.040     -16.9100      9.22000      120.000      3.24624     0.500000    0.0490669
1999-03-01/01:16:35      233.020     -15.8800      9.22000      118.000      2.52996     0.469472    0.0389875
1999-03-01/01:17:15      233.000     -13.5700      9.13000      111.000      3.06196     0.358368    0.0498917
1999-03-01/01:17:34      233.010     -12.5100      9.33000      109.000      2.57545     0.325568    0.0425011
1999-03-01/01:17:54      232.970     -11.3600      9.27000      117.000      4.82079     0.453991    0.0749681
1999-03-01/01:18:14      232.940     -10.2900      9.21000      112.000      2.22430     0.374607    0.0359945
1999-03-01/01:18:34      232.900     -9.18000      9.33000      101.000      1.85434     0.190809    0.0317697
1999-03-01/01:18:55      232.890     -8.07000      9.41000      106.000      2.94420     0.275637    0.0493954
1999-03-01/01:19:15      232.890     -6.97000      9.42000      104.000      2.85144     0.241922    0.0482887
1999-03-01/01:19:35      232.900     -5.87000      9.42000      111.000      2.32941     0.358368    0.0379555
1999-03-01/01:19:55      232.890     -4.76000      9.40000      101.000      1.48621     0.190809    0.0254627
1999-03-01/01:20:14      232.870     -3.69000      9.39000      109.000      2.90309     0.325568    0.0479080
1999-03-01/01:20:34      232.880     -2.60000      9.41000      105.000      2.85935     0.258819    0.0482046
1999-03-01/01:20:54      232.870     -1.49000      9.37000      109.000      3.28169     0.325568    0.0541558
1999-03-01/01:21:14      232.860    -0.390000      9.26000      101.000      2.28375     0.190809    0.0391266
1999-03-01/01:21:35      232.850     0.730000      9.24000      108.000      2.88853     0.309017    0.0479469
1999-03-01/01:21:55      232.850      1.84000      9.23000      113.000      1.78538     0.390731    0.0286836
1999-03-01/01:22:15      232.860      2.94000      9.24000      120.000      3.34165     0.500000    0.0505090
1999-03-01/01:22:35      232.850      4.03000      9.24000      119.000      5.18222     0.484810    0.0791065
1999-03-01/01:22:54      232.840      5.09000      9.14000      100.000      2.58013     0.173648    0.0443476
1999-03-01/01:23:14      232.840      6.17000      9.10000      105.000      2.24074     0.258819    0.0377757
1999-03-01/01:23:34      232.830      7.27000      9.08000      98.0000      3.15804     0.139173    0.0545818
1999-03-01/01:23:54      232.790      8.36000      9.29000      91.0000      1.47669    0.0174525    0.0257692
1999-03-01/01:24:35      232.820      10.5500      9.18000      104.000      2.35032     0.241922    0.0398023
1999-03-01/01:24:55      232.860      11.6500      9.24000      110.000      2.32336     0.342020    0.0381048
1999-03-01/01:25:15      232.840      12.7700      9.13000      97.0000      3.27901     0.121869    0.0568029
1999-03-01/01:25:54      232.900      14.9300      9.20000      107.000      2.08872     0.292372    0.0348621
1999-03-01/01:26:14      232.880      16.0400      9.32000      106.000      2.45874     0.275637    0.0412507
1999-03-01/01:26:34      232.830      17.1300      9.44000      105.000      2.68027     0.258819    0.0451856
1999-03-01/01:26:55      232.840      18.2300      9.48000      104.000      2.35032     0.241922    0.0398023
1999-03-01/01:27:15      232.860      19.3400      9.37000      105.000      2.68027     0.258819    0.0451856
1999-03-01/01:27:35      232.850      20.4600      9.40000      106.000      2.68499     0.275637    0.0450466
1999-03-01/01:27:55      232.840      21.5500      9.35000      106.000      2.84991     0.275637    0.0478135
1999-03-01/01:28:14      232.840      22.6300      9.32000      105.000      3.92395     0.258819    0.0661523
1999-03-01/01:28:34      232.850      23.7000      9.30000      106.000      2.94420     0.275637    0.0493954
1999-03-01/01:28:54      232.890      24.8000      9.20000      110.000      2.88719     0.342020    0.0473520
1999-03-01/01:29:14      232.900      25.9200      9.23000      106.000      2.84991     0.275637    0.0478135
1999-03-01/01:29:35      232.890      27.0800      9.27000      105.000      2.76988     0.258819    0.0466963
1999-03-01/01:29:55      232.890      28.1700      9.33000      107.000      5.27146     0.292372    0.0879842
1999-03-01/01:30:15      232.920      29.2900      9.51000      103.000      2.64059     0.224951    0.0449058
1999-03-01/01:30:35      232.930      30.4100      11.4200      104.000      2.10729     0.241922    0.0356867
1999-03-01/01:30:54      232.930      31.4700      12.3300      101.000      1.35630     0.190809    0.0232370
1999-03-01/01:31:14      232.940      32.5500      12.0700      99.0000      2.59746     0.156434    0.0447761
1999-03-01/01:31:34      233.070      33.6600      10.0100      107.000      2.08872     0.292372    0.0348621
1999-03-01/01:31:54      233.100      34.8300      8.97000      104.000      2.85144     0.241922    0.0482887
1999-03-01/01:32:15      233.110      35.9300      11.1000      96.0000      3.24676     0.104529    0.0563562
1999-03-01/01:32:35      233.140      37.0600      12.4700      113.000      4.44103     0.390731    0.0713489
1999-03-01/01:32:55      233.230      38.2600      13.6900      124.000      17.6815     0.559193     0.255841
1999-03-01/01:33:15      233.030      39.3200      12.8900      128.000      5.42834     0.615661    0.0746580
1999-03-01/01:33:34      232.810      40.1500      11.2000      116.000      4.18389     0.438371    0.0656323
1999-03-01/01:33:54      233.460      41.3500      14.0800      92.0000      2.43456    0.0348995    0.0424652
1999-03-01/01:34:14      233.360      42.5900      14.4000      106.000      4.17674     0.275637    0.0700739
1999-03-01/01:34:34      233.350      43.6800      13.2200      106.000      3.07495     0.275637    0.0515890
1999-03-01/01:34:55      233.380      44.7900      12.0400      106.000      2.45874     0.275637    0.0412507
1999-03-01/01:35:15      233.470      45.9300      11.5800      104.000      2.74456     0.241922    0.0464787
1999-03-01/01:35:35      233.520      47.0400      11.7500      105.000      2.68027     0.258819    0.0451856
1999-03-01/01:35:55      233.580      48.1700      10.8200      104.000      2.10729     0.241922    0.0356867
1999-03-01/01:36:14      233.590      49.2200      11.3700      110.000      3.17304     0.342020    0.0520402
1999-03-01/01:36:34      233.720      50.3500      11.9200      101.000      1.48621     0.190809    0.0254627
1999-03-01/01:36:54      233.760      51.4800      11.5100      95.0000      2.16665    0.0871559    0.0376713
1999-03-01/01:37:14      233.840      52.5800      9.75000      100.000      2.78705     0.173648    0.0479042
1999-03-01/01:37:35      233.980      53.7500      8.95000      103.000      2.32163     0.224951    0.0394816
1999-03-01/01:37:55      234.150      54.9100      11.6100      106.000      2.04680     0.275637    0.0343395
1999-03-01/01:38:15      234.290      56.0500      10.9700      110.000      3.10278     0.342020    0.0508879
1999-03-01/01:38:35      234.450      57.1900      13.1100      113.000      2.30954     0.390731    0.0371047
1999-03-01/01:38:54      234.660      58.3500      12.6000      111.000      2.66344     0.358368    0.0433982
1999-03-01/01:39:14      235.260      59.7000      12.3100      108.000      2.94697     0.309017    0.0489170
1999-03-01/01:39:34      234.870      60.5900      8.39000      108.000      2.72086     0.309017    0.0451637
1999-03-01/01:39:54      235.090      61.7800      7.59000      101.000      1.74878     0.190809    0.0299612
1999-03-01/01:40:15      235.530      62.9700      6.88000      111.000      2.37731     0.358368    0.0387360
1999-03-01/01:40:35      235.950      64.1100      11.1200      107.000      3.33396     0.292372    0.0556460
1999-03-01/01:40:55      236.890      65.4500      12.1500      117.000      6.66541     0.453991     0.103654
1999-03-01/01:41:15      238.300      66.9200      10.4000      95.0000      3.36092    0.0871559    0.0584359
1999-03-01/01:50:53      91.4000      85.8300      8.67000      66.0000      1.39088     0.406737    0.0221767
1999-03-01/01:51:13      91.1300      85.0800      10.0100      69.0000      2.73958     0.358368    0.0446389
1999-03-01/01:51:33      84.4400      84.2100      10.3000      66.0000      1.74178     0.406737    0.0277716
1999-03-01/01:51:53      82.1700      83.4000      10.4600      73.0000      4.17674     0.292372    0.0697126
1999-03-01/01:52:14      72.6500      81.8600      10.2400      66.0000      1.58863     0.406737    0.0253297
1999-03-01/01:52:34      62.0900      80.0900      9.90000      63.0000      4.18389     0.453990    0.0650637
1999-03-01/01:52:54      62.5000      79.3100      10.4500      70.0000      2.90309     0.342020    0.0476128
1999-03-01/01:53:13      61.1800      78.1200      10.6600      71.0000      2.79788     0.325568    0.0461718
1999-03-01/01:53:33      59.1600      76.8000      9.99000      67.0000      2.03620     0.390731    0.0327133
1999-03-01/01:53:53      58.4600      75.6500      9.90000      69.0000      2.55790     0.358368    0.0416786
1999-03-01/01:54:13      57.6700      74.5100      10.5300      70.0000      2.46527     0.342020    0.0404322
1999-03-01/01:58:53      53.4000      58.4700      10.1600      83.0000      7.41021     0.121869     0.128369
1999-03-01/01:59:33      53.4100      56.3800      9.15000      80.0000      10.5664     0.173648     0.181617
1999-03-01/01:59:53      53.4600      55.2200      9.27000      63.0000      4.41855     0.453990    0.0687129
1999-03-01/02:00:13      53.1700      54.0000      9.21000      78.0000      2.28375     0.207912    0.0389879
1999-03-01/02:01:13      52.9500      50.6300      8.74000      67.0000      1.94513     0.390731    0.0312501
1999-03-01/02:01:33      52.8400      49.6100      8.78000      70.0000      3.44885     0.342020    0.0565637
1999-03-01/02:01:53      52.9500      48.5400      8.75000      66.0000      5.21823     0.406737    0.0832014
1999-03-01/02:02:13      52.9000      47.4800      12.2600      66.0000      1.78538     0.406737    0.0284668
1999-03-01/02:02:33      53.0800      46.4100      12.5500      68.0000      2.76042     0.374607    0.0446703
1999-03-01/02:02:53      52.7700      45.1500      10.8000      74.0000      4.06813     0.275637    0.0682518
1999-03-01/02:03:13      52.8200      44.1400      10.2700      70.0000      3.18880     0.342020    0.0522987
1999-03-01/02:03:33      52.8600      43.0300      10.2900      68.0000      3.93253     0.374607    0.0636378
1999-03-01/02:03:53      52.7500      41.8600      9.54000      69.0000      2.73958     0.358368    0.0446389
1999-03-01/02:04:33      52.7800      39.7100      9.38000      12.0000      13.9095     0.978148    0.0504740
1999-03-01/02:04:53      52.7100      38.5600      9.48000      34.0000      2.45175     0.829038    0.0239285
1999-03-01/02:05:13      52.6800      37.5600      9.72000      28.0000      11.0392     0.882948    0.0904533
1999-03-01/02:05:53      52.5400      35.2000      9.43000      83.0000      4.25510     0.121869    0.0737119
1999-03-01/02:06:13      52.5400      34.1300      9.39000      69.0000      2.73958     0.358368    0.0446389
1999-03-01/02:06:33      52.5100      33.0200      9.50000      68.0000      2.43529     0.374607    0.0394089
1999-03-01/02:07:53      52.4500      28.6600      9.32000      73.0000      4.47458     0.292372    0.0746837
1999-03-01/02:08:13      52.4400      27.5200      9.30000      73.0000      4.31371     0.292372    0.0719987
1999-03-01/02:08:33      52.4200      26.4200      9.27000      69.0000      2.78623     0.358368    0.0453990
1999-03-01/02:08:53      52.3900      25.3400      9.25000      77.0000      2.16385     0.224951    0.0367984
1999-03-01/02:09:13      52.4000      24.2600      9.35000      79.0000      3.10054     0.190809    0.0531204
1999-03-01/02:09:33      52.4200      23.1700      9.31000      78.0000      2.02113     0.207912    0.0345045
1999-03-01/02:10:33      52.2300      19.7900      9.30000      81.0000      10.5394     0.156434     0.181683
1999-03-01/02:10:53      52.2200      18.6700      9.31000      67.0000      7.10157     0.390731     0.114093
1999-03-01/02:11:13      52.2200      17.6000      9.40000      65.0000      2.74282     0.422618    0.0433861
1999-03-01/02:11:33      52.3100      16.5300      9.45000      67.0000      2.74726     0.390731    0.0441370
1999-03-01/02:11:53      52.3000      15.4500      9.52000      58.0000      4.36846     0.529919    0.0646586
1999-03-01/02:12:13      52.2400      14.4100      9.50000      86.0000      2.83998    0.0697565    0.0494463
1999-03-01/02:13:53      52.2300      8.77000      9.35000      78.0000      2.68482     0.207912    0.0458350
1999-03-01/02:14:13      52.2100      7.77000      9.26000      53.0000      4.83331     0.601815    0.0673706
1999-03-01/02:15:13      52.3100      4.45000      9.16000      61.0000      4.54485     0.484810    0.0693771
1999-03-01/02:15:33      52.2800      3.38000      9.10000      72.0000      4.92515     0.309017    0.0817529
1999-03-01/02:15:53      52.2700      2.31000      9.05000      73.0000      5.88729     0.292372    0.0982628
1999-03-01/02:16:13      52.2700      1.20000      9.12000      66.0000      2.30954     0.406737    0.0368242
1999-03-01/02:33:13      55.3900     -55.9100      9.09000      65.0000      2.17026     0.422618    0.0343293
1999-03-01/02:33:33      55.5400     -57.0200      9.00000      68.0000      1.97620     0.374607    0.0319797
1999-03-01/02:33:53      55.9400     -58.1900      9.04000      70.0000      3.18880     0.342020    0.0522987
1999-03-01/02:34:13      56.5100     -59.4500      9.07000      72.0000      3.43378     0.309017    0.0569975
1999-03-01/02:34:33      57.4200     -60.8400      9.16000      69.0000      2.88719     0.358368    0.0470440
1999-03-01/02:34:53      57.7500     -62.1100      9.25000      70.0000      5.05363     0.342020    0.0828832
1999-03-01/02:35:13      58.9500     -63.6500      8.82000      66.0000      3.49606     0.406737    0.0557425
1999-03-01/02:35:33      60.3900     -65.1600      9.04000      68.0000      2.39953     0.374607    0.0388302
1999-03-01/02:35:53      63.4800     -67.0800      9.01000      62.0000      2.70413     0.469472    0.0416716
1999-03-01/02:36:13      66.4100     -68.7900      9.17000      64.0000      2.69276     0.438371    0.0422411
1999-03-01/02:36:33      67.5300     -69.8700      9.12000      67.0000      1.94513     0.390731    0.0312501
1999-03-01/02:54:53      235.130     -59.3800      9.26000      113.000      1.87336     0.390731    0.0300971
1999-03-01/02:55:13      234.730     -58.0600      9.27000      111.000      2.16209     0.358368    0.0352292
1999-03-01/02:55:33      234.290     -56.8200      9.14000      121.000      3.04718     0.515038    0.0455870
1999-03-01/02:55:53      234.140     -55.6200      9.13000      117.000      3.85261     0.453991    0.0599119
1999-03-01/02:56:13      233.730     -54.2900      9.12000      110.000      3.10278     0.342020    0.0508879
1999-03-01/02:56:33      233.440     -53.1100      9.10000      110.000      3.82218     0.342020    0.0626865
1999-03-01/02:56:53      233.430     -52.0400      9.06000      114.000      3.37699     0.406737    0.0538440
1999-03-01/02:57:13      233.350     -50.8800      8.97000      110.000      2.55790     0.342020    0.0419514
1999-03-01/02:57:33      233.240     -49.7900      9.02000      107.000      2.80513     0.292372    0.0468195
1999-03-01/02:57:53      233.140     -48.6600      9.11000      114.000      2.09785     0.406737    0.0334489
1999-03-01/02:58:13      233.040     -47.5300      9.19000      112.000      2.03620     0.374607    0.0329506
1999-03-01/02:58:33      232.930     -46.4000      9.27000      116.000      2.75008     0.438371    0.0431403
1999-03-01/02:58:53      232.840     -45.2600      9.30000      106.000      2.31977     0.275637    0.0389192
1999-03-01/02:59:13      232.790     -44.1500      8.98000      109.000      2.83748     0.325568    0.0468253
1999-03-01/02:59:33      232.740     -43.0300      8.87000      104.000      2.26526     0.241922    0.0383619
1999-03-01/02:59:53      232.690     -41.9100      8.75000      112.000      2.22430     0.374607    0.0359945
1999-03-01/03:00:13      232.640     -40.8300      8.72000      113.000      1.78538     0.390731    0.0286836
1999-03-01/03:00:33      232.540     -39.6900      8.10000      112.000      2.39763     0.374607    0.0387994
1999-03-01/03:00:53      232.450     -38.5700      10.4400      109.000      2.83748     0.325568    0.0468253
1999-03-01/03:01:13      232.400     -37.4800      10.3600      108.000      2.61726     0.309017    0.0434441
1999-03-01/03:01:33      232.370     -36.3600      8.86000      109.000      2.51082     0.325568    0.0414346
1999-03-01/03:01:53      232.340     -35.2600      8.92000      109.000      2.41105     0.325568    0.0397881
1999-03-01/03:02:13      232.300     -34.1400      8.56000      111.000      2.01220     0.358368    0.0327869
1999-03-01/03:02:33      232.230     -32.9900      7.95000      110.000      2.55790     0.342020    0.0419514
1999-03-01/03:02:53      232.190     -31.9200      8.25000      111.000      2.41315     0.358368    0.0393200
1999-03-01/03:03:13      232.110     -30.8200      8.68000      107.000      2.80513     0.292372    0.0468195
1999-03-01/03:03:33      232.110     -29.7100      9.31000      107.000      2.56265     0.292372    0.0427723
1999-03-01/03:03:53      232.090     -28.5800      7.76000      102.000      1.55031     0.207912    0.0264667
1999-03-01/03:04:13      232.070     -27.4400      9.03000      113.000      3.71143     0.390731    0.0596272
1999-03-01/03:04:33      232.030     -26.3400      8.58000      135.000      2.52047     0.707107    0.0311060
1999-03-01/03:04:53      231.970     -25.2300      9.64000      115.000      9.17440     0.422618     0.145121
1999-03-01/03:05:13      232.110     -24.4200      8.97000      170.000      11.7026     0.984808    0.0354675
1999-03-01/03:05:33      232.220     -23.2700      9.83000      127.000      3.96993     0.601815    0.0553361
1999-03-01/03:05:53      232.230     -22.2400      9.54000      154.000      5.41266     0.898794    0.0414124
1999-03-01/03:06:13      232.220     -20.9400      8.42000      149.000      10.6252     0.857167    0.0955111
1999-03-01/03:06:33      231.810     -19.7000      8.78000      154.000      4.53906     0.898794    0.0347284
1999-03-01/03:06:53      231.850     -18.8400      9.37000      125.000      2.54251     0.573576    0.0363500
1999-03-01/03:07:13      231.820     -17.7400      9.54000      108.000      2.72086     0.309017    0.0451637
1999-03-01/03:07:33      231.870     -16.6300      8.30000      117.000      2.58715     0.453991    0.0402328
1999-03-01/03:07:53      231.820     -15.5400      8.24000      118.000      2.71868     0.469472    0.0418958
1999-03-01/03:08:13      231.770     -14.4400      8.51000      97.0000      2.72844     0.121869    0.0472653
1999-03-01/03:08:33      231.750     -13.3500      8.81000      111.000      1.97620     0.358368    0.0322003
1999-03-01/03:08:53      231.790     -12.2500      8.77000      105.000      2.85935     0.258819    0.0482046
1999-03-01/03:09:13      231.810     -11.0800      8.96000      126.000      3.00177     0.587785    0.0423850
1999-03-01/03:09:33      231.760     -9.95000      8.59000      111.000      1.97620     0.358368    0.0322003
1999-03-01/03:09:53      231.720     -8.86000      8.56000      114.000      1.85548     0.406737    0.0295845
1999-03-01/03:10:13      231.680     -7.78000      8.39000      109.000      3.04196     0.325568    0.0501997
1999-03-01/03:10:33      231.650     -6.70000      8.36000      105.000      2.03478     0.258819    0.0343035
1999-03-01/03:10:53      231.640     -5.62000      8.99000      100.000      2.01648     0.173648    0.0346595
1999-03-01/03:11:13      231.620     -4.51000      8.64000      109.000      2.51082     0.325568    0.0414346
1999-03-01/03:11:33      231.610     -3.41000      8.85000      112.000      1.61897     0.374607    0.0261988
1999-03-01/03:11:53      231.610     -2.31000      8.29000      107.000      2.56265     0.292372    0.0427723
1999-03-01/03:12:13      231.600     -1.18000      6.15000      109.000      3.11900     0.325568    0.0514710
1999-03-01/03:12:33      231.610   -0.0700000      5.62000      106.000      2.76827     0.275637    0.0464438
1999-03-01/03:12:53      231.630      1.03000      8.15000      110.000      2.39465     0.342020    0.0392740
1999-03-01/03:13:13      231.630      2.11000      8.16000      105.000      3.52055     0.258819    0.0593515
1999-03-01/03:13:33      231.630      3.17000      8.33000      105.000      3.48493     0.258819    0.0587510
1999-03-01/03:13:53      231.640      4.27000      9.42000      112.000      1.47353     0.374607    0.0238453
1999-03-01/03:14:13      231.660      5.37000      9.75000      108.000      3.81802     0.309017    0.0633756
1999-03-01/03:14:33      231.680      6.46000      10.8600      105.000      2.85935     0.258819    0.0482046
1999-03-01/03:14:53      231.670      7.55000      9.91000      106.000      2.68499     0.275637    0.0450466
1999-03-01/03:15:13      231.620      8.61000      8.94000      108.000      2.79788     0.309017    0.0464422
1999-03-01/03:15:33      231.600      9.65000      9.32000      118.000      2.81502     0.469472    0.0433804
1999-03-01/03:15:53      231.620      10.7700      9.32000      117.000      2.45583     0.453991    0.0381906
1999-03-01/03:16:13      231.600      11.8800      9.28000      109.000      2.57545     0.325568    0.0425011
1999-03-01/03:16:33      231.560      12.9700      9.14000      111.000      2.01220     0.358368    0.0327869
1999-03-01/03:16:53      231.550      14.0500      8.98000      110.000      2.78623     0.342020    0.0456962
1999-03-01/03:17:32      231.500      16.2100      9.01000      112.000      2.22430     0.374607    0.0359945
1999-03-01/03:17:52      231.490      17.2800      9.02000      119.000      3.00080     0.484810    0.0458072
1999-03-01/03:18:12      231.500      18.3900      8.96000      115.000      2.15278     0.422618    0.0340528
1999-03-01/03:18:32      231.510      19.4900      8.99000      103.000      1.78707     0.224951    0.0303909
1999-03-01/03:18:53      231.510      20.6100      8.87000      114.000      1.76200     0.406737    0.0280940
1999-03-01/03:19:13      231.550      21.7100      8.83000      119.000      4.29604     0.484810    0.0655790
1999-03-01/03:19:33      231.590      22.7800      8.84000      119.000      2.87886     0.484810    0.0439458
1999-03-01/03:19:53      231.620      23.8500      8.82000      121.000      2.80403     0.515038    0.0419494
1999-03-01/03:20:12      231.650      24.9000      8.98000      122.000      2.40317     0.529919    0.0355699
1999-03-01/03:20:32      231.650      25.9900      9.02000      122.000      2.48027     0.529919    0.0367110
1999-03-01/03:20:52      231.570      27.1400      8.95000      117.000      3.27689     0.453991    0.0509589
1999-03-01/03:21:12      231.560      28.2300      8.88000      118.000      2.71868     0.469472    0.0418958
1999-03-01/03:21:33      231.550      29.3800      8.72000      101.000      2.28375     0.190809    0.0391266
1999-03-01/03:21:53      231.520      30.4800      8.70000      114.000      1.94222     0.406737    0.0309675
1999-03-01/03:22:13      231.540      31.5900      8.56000      120.000      3.05288     0.500000    0.0461443
1999-03-01/03:22:33      231.570      32.6400      8.43000      112.000      1.81141     0.374607    0.0293130
1999-03-01/03:22:52      231.630      33.6900      8.52000      111.000      2.39953     0.358368    0.0390981
1999-03-01/03:23:12      231.640      34.7900      8.59000      118.000      2.71868     0.469472    0.0418958
1999-03-01/03:23:32      231.620      35.9100      8.45000      115.000      3.24076     0.422618    0.0512625
1999-03-01/03:23:52      231.650      37.0200      8.41000      120.000      3.14954     0.500000    0.0476053
1999-03-01/03:24:13      231.640      38.1900      8.45000      124.000      1.99801     0.559193    0.0289101
1999-03-01/03:24:33      231.680      39.2300      8.59000      126.000      1.83751     0.587785    0.0259457
1999-03-01/03:24:53      231.770      40.2500      8.58000      137.000      7.80054     0.731354    0.0928507
1999-03-01/03:25:13      231.760      41.4100      8.73000      128.000      4.88513     0.615661    0.0671871
1999-03-01/03:25:32      231.810      42.5300      8.22000      122.000      2.33138     0.529919    0.0345073
1999-03-01/03:25:52      231.800      43.6200      8.58000      120.000      2.92475     0.500000    0.0442076
1999-03-01/03:26:12      231.830      44.7300      8.69000      115.000      2.69276     0.422618    0.0425942
1999-03-01/03:26:32      231.850      45.8500      8.73000      121.000      3.13232     0.515038    0.0468607
1999-03-01/03:26:53      231.890      47.0100      8.80000      112.000      1.81141     0.374607    0.0293130
1999-03-01/03:27:13      231.930      48.1300      8.77000      112.000      1.61897     0.374607    0.0261988
1999-03-01/03:27:33      231.960      49.2200      8.94000      114.000      1.76200     0.406737    0.0280940
1999-03-01/03:27:53      232.010      50.3400      8.82000      113.000      1.74178     0.390731    0.0279832
1999-03-01/03:28:12      232.020      51.4000      8.71000      111.000      2.37731     0.358368    0.0387360
1999-03-01/03:28:32      232.100      52.5000      8.69000      110.000      2.20291     0.342020    0.0361293
1999-03-01/03:28:52      232.200      53.6200      8.71000      109.000      2.75142     0.325568    0.0454051
1999-03-01/03:29:12      232.300      54.7200      8.62000      113.000      1.46827     0.390731    0.0235890
1999-03-01/03:29:33      232.390      55.8600      8.52000      112.000      1.90709     0.374607    0.0308613
1999-03-01/03:29:53      232.480      56.9900      8.62000      110.000      2.55790     0.342020    0.0419514
1999-03-01/03:30:13      232.640      58.1000      8.71000      122.000      2.40317     0.529919    0.0355699
1999-03-01/03:30:33      232.870      59.3300      8.82000      114.000      1.94222     0.406737    0.0309675
1999-03-01/03:30:52      232.680      60.2400      8.93000      114.000      1.85548     0.406737    0.0295845
1999-03-01/03:31:12      232.780      61.3400      10.3900      119.000      2.80616     0.484810    0.0428360
1999-03-01/03:31:32      233.160      62.5200      10.0900      127.000      2.64459     0.601815    0.0368625
1999-03-01/03:31:52      233.260      63.6600      9.88000      121.000      2.56239     0.515038    0.0383344
1999-03-01/03:32:13      233.750      64.8500      9.73000      131.000      2.54792     0.656059    0.0335616
1999-03-01/03:32:33      234.760      66.2200      11.8200      130.000      3.40025     0.642788    0.0454613
1999-03-01/03:32:53      234.970      67.3400      11.2400      103.000      1.78707     0.224951    0.0303909
1999-03-01/03:33:13      233.480      68.0800      9.53000      125.000      2.77985     0.573576    0.0397432
1999-03-01/03:33:32      234.370      69.3400      8.89000      119.000      2.80616     0.484810    0.0428360
1999-03-01/03:33:52      235.440      70.7300      11.0000      119.000      2.10667     0.484810    0.0321583
1999-03-01/03:34:12      236.150      72.0500      11.3300      114.000      1.58638     0.406737    0.0252938
1999-03-01/03:34:32      235.740      73.0800      11.7500      114.000      1.85548     0.406737    0.0295845
1999-03-01/03:34:53      235.900      74.0400      11.6400      107.000      2.08872     0.292372    0.0348621
1999-03-01/03:35:13      236.520      75.1200      9.70000      117.000      2.31939     0.453991    0.0360688
1999-03-01/03:35:33      237.860      76.3200      8.25000      116.000      2.61791     0.438371    0.0410669
1999-03-01/03:35:53      239.060      77.5400      11.0000      113.000      1.74178     0.390731    0.0279832
1999-03-01/03:36:12      241.500      78.8400      11.3800      123.000      2.27303     0.544639    0.0332716
1999-03-01/03:36:32      242.630      79.8000      9.35000      145.000      2.28567     0.819152    0.0228814
1999-03-01/03:36:52      249.090      81.2600      10.7600      112.000      1.61897     0.374607    0.0261988
1999-03-01/03:37:12      255.990      82.8800      10.8700      114.000      1.94222     0.406737    0.0309675
1999-03-01/03:37:33      248.400      83.2800      12.6100      123.000      1.90567     0.544639    0.0278944
1999-03-01/03:37:53      267.840      84.7100      11.5600      116.000      2.85385     0.438371    0.0447681
1999-03-01/03:45:31      62.9900      75.6800      10.3800      77.0000      1.65815     0.224951    0.0281984
1999-03-01/03:45:51      60.5300      74.2700      10.9900      79.0000      1.66439     0.190809    0.0285154
1999-03-01/03:46:11      59.3300      73.0700      10.9800      82.0000      3.17298     0.139173    0.0548400
1999-03-01/03:46:31      58.8600      72.0000      10.5700      79.0000      2.10644     0.190809    0.0360889
1999-03-01/03:46:51      57.1100      70.4700      10.2900      76.0000      4.07256     0.241922    0.0689682
1999-03-01/03:47:11      56.8000      69.4100      10.3800      81.0000      2.71465     0.156434    0.0467963
1999-03-01/03:47:31      55.8900      68.1100      11.0600      77.0000      2.56531     0.224951    0.0436256
1999-03-01/03:47:51      55.1100      66.8600      11.3800      82.0000      3.76633     0.139173    0.0650951
1999-03-01/03:48:11      54.7100      65.7500      9.70000      83.0000      2.70511     0.121869    0.0468612
1999-03-01/03:48:31      54.6300      64.6500      10.4500      83.0000      3.95603     0.121869    0.0685311
1999-03-01/03:48:51      54.0900      63.3600      10.2600      80.0000      2.70037     0.173648    0.0464143
1999-03-01/03:49:11      53.7000      62.1700      9.97000      80.0000      3.10816     0.173648    0.0534235
1999-03-01/03:49:31      53.3500      60.9800      12.4300      88.0000      3.85790    0.0348994    0.0672920
1999-03-01/03:49:51      53.2000      59.8700      12.1000      88.0000      3.29495    0.0348994    0.0574727
1999-03-01/03:50:11      53.0400      58.6700      15.0900      88.0000      3.54734    0.0348994    0.0618751
1999-03-01/03:50:31      52.8300      57.5500      14.2200      88.0000      1.72870    0.0348994    0.0301531
1999-03-01/03:50:51      52.9000      56.6000      10.9200      83.0000      3.41592     0.121869    0.0591747
1999-03-01/03:51:11      52.8500      55.4200      11.3900      65.0000      2.26885     0.422618    0.0358888
1999-03-01/03:51:31      52.6000      54.2200      10.8300      85.0000      2.94591    0.0871558    0.0512202
1999-03-01/03:51:51      52.6000      53.1500      11.6200      76.0000      4.99506     0.241922    0.0845906
1999-03-01/03:52:11      52.4500      51.9300      11.8700      87.0000      2.04513    0.0523359    0.0356453
1999-03-01/03:52:31      52.2800      50.7400      11.4100      68.0000      2.37731     0.374607    0.0384706
1999-03-01/03:52:51      52.2600      49.7500      11.3900      64.0000      6.18140     0.438371    0.0969671
1999-03-01/03:53:11      52.1900      48.6000      11.5400      70.0000      2.90309     0.342020    0.0476128
1999-03-01/03:53:31      52.1600      47.6500      11.3300      71.0000      2.79788     0.325568    0.0461718
1999-03-01/03:53:51      52.1600      46.4400      10.5100      62.0000      2.93155     0.469472    0.0451762
1999-03-01/03:54:11      51.9700      45.2500      9.53000      86.0000      5.39595    0.0697565    0.0939477
1999-03-01/03:54:31      52.0900      44.2600      11.2300      79.0000      5.51226     0.190809    0.0944395
1999-03-01/03:54:51      52.0000      43.0200      9.15000      71.0000      3.46035     0.325568    0.0571041
1999-03-01/03:55:51      51.7700      39.6500      9.99000      61.0000      8.40150     0.484810     0.128249
1999-03-01/03:56:11      51.7800      38.5300      9.56000      50.0000      5.52914     0.642788    0.0739246
1999-03-01/03:56:31      51.8000      37.4500      10.0700      71.0000      3.91815     0.325568    0.0646589
1999-03-01/03:57:11      51.6300      35.1700      10.7500      79.0000      3.10054     0.190809    0.0531204
1999-03-01/03:57:31      51.6200      34.0500      10.2000      85.0000      5.55826    0.0871558    0.0966408
1999-03-01/03:57:51      51.5600      32.9200      9.99000      72.0000      22.5796     0.309017     0.374800
1999-03-01/03:58:31      51.5000      30.7300      9.76000      77.0000      3.72861     0.224951    0.0634086
1999-03-01/03:58:51      51.5300      29.6700      9.93000      83.0000      3.16120     0.121869    0.0547621
1999-03-01/03:59:11      51.5000      28.5600      9.74000      78.0000      1.71735     0.207912    0.0293184
1999-03-01/03:59:31      51.5100      27.4600      9.56000      86.0000      3.31445    0.0697565    0.0577071
1999-03-01/03:59:51      51.4600      26.3600      9.28000      87.0000      2.74829    0.0523359    0.0479010
1999-03-01/04:00:11      51.4900      25.2500      9.28000      77.0000      1.80454     0.224951    0.0306879
1999-03-01/04:00:31      51.5000      24.1500      7.95000      70.0000      3.28169     0.342020    0.0538221
1999-03-01/04:01:31      51.3000      20.7800      10.4900      86.0000      10.0977    0.0697565     0.175809
1999-03-01/04:01:51      51.3200      19.6900      11.3700      78.0000      3.52032     0.207912    0.0600985
1999-03-01/04:02:11      51.3200      18.6000      10.2200      71.0000      6.16223     0.325568     0.101692
1999-03-01/04:02:31      51.3500      17.5500      9.74000      34.0000      30.0488     0.829038     0.293269
1999-03-01/04:02:51      51.3900      16.4300      9.89000      57.0000      2.56560     0.544639    0.0375541
1999-03-01/04:03:11      51.3600      15.2900      9.78000      59.0000      8.61405     0.515038     0.128870
1999-03-01/04:03:31      51.3700      14.2400      10.5200      64.0000      10.2864     0.438371     0.161362
1999-03-01/04:03:51      51.3800      13.1200      10.9400      31.0000      3.69041     0.857167    0.0331735
1999-03-01/04:05:11      51.3500      8.66000      10.6600      57.0000      4.21993     0.544639    0.0617695
1999-03-01/04:05:31      51.3000      7.58000      9.86000      80.0000      4.06312     0.173648    0.0698375
1999-03-01/04:05:51      51.3100      6.51000      9.43000      89.0000      2.29403    0.0174524    0.0400323
1999-03-01/04:06:31      51.3700      4.26000      9.84000      78.0000      3.53374     0.207912    0.0603276
1999-03-01/04:06:51      51.3600      3.21000      9.99000      84.0000      3.29517     0.104528    0.0571965
1999-03-01/04:07:11      51.3700      2.13000      9.86000      77.0000      3.72861     0.224951    0.0634086
1999-03-01/04:07:31      51.3600      1.03000      9.82000      82.0000      18.5254     0.139173     0.320183
1999-03-01/04:07:51      51.3600   -0.0700000      9.83000      88.0000      4.35137    0.0348994    0.0758995
1999-03-01/04:09:31      51.3700     -5.58000      9.62000      89.0000      8.56560    0.0174524     0.149475
1999-03-01/04:09:51      51.3500     -6.64000      9.54000      79.0000      2.93754     0.190809    0.0503278
1999-03-01/04:10:31      51.4300     -8.85000      9.74000      74.0000      3.48493     0.275637    0.0584673
1999-03-01/04:10:51      51.4900     -9.97000      9.78000      65.0000      1.76200     0.422618    0.0278714
1999-03-01/04:11:11      51.5200     -11.0700      9.76000      71.0000      3.35424     0.325568    0.0553531
1999-03-01/04:11:31      51.5100     -12.1400      9.63000      59.0000      4.89963     0.515038    0.0733004
1999-03-01/04:11:51      51.5700     -13.3100      9.50000      53.0000      6.99875     0.601815    0.0975543
1999-03-01/04:12:11      51.5900     -14.3600      9.65000      53.0000      25.0610     0.601815     0.349321
1999-03-01/04:12:51      51.4700     -16.7700      9.75000      64.0000      2.90088     0.438371    0.0455059
1999-03-01/04:13:11      51.4900     -17.7500      9.88000      75.0000      4.68251     0.258819    0.0789405
1999-03-01/04:13:31      51.5300     -18.8600      10.0300      60.0000      2.45967     0.500000    0.0371779
1999-03-01/04:13:51      51.5500     -19.9800      9.90000      52.0000      4.57501     0.615661    0.0629219
1999-03-01/04:14:11      51.5400     -21.0500      9.67000      81.0000      3.15804     0.156434    0.0544396
1999-03-01/04:14:31      51.5400     -22.1300      9.61000      81.0000      2.71465     0.156434    0.0467963
1999-03-01/04:14:51      51.5800     -23.1900      9.69000      80.0000      3.85562     0.173648    0.0662709
1999-03-01/04:15:11      51.6200     -24.2900      9.65000      70.0000      3.04196     0.342020    0.0498904
1999-03-01/04:15:31      51.6500     -25.4200      9.54000      63.0000      3.45764     0.453990    0.0537698
1999-03-01/04:15:51      51.6800     -26.5400      9.63000      67.0000      3.13059     0.390731    0.0502956
1999-03-01/04:16:11      51.6700     -27.6800      9.82000      68.0000      4.16675     0.374607    0.0674281
1999-03-01/04:16:31      51.6900     -28.7400      9.75000      76.0000      2.80807     0.241922    0.0475543
1999-03-01/04:16:51      51.8400     -29.8300      9.58000      66.0000      2.02531     0.406737    0.0322923
1999-03-01/04:18:11      51.8600     -34.3100      9.64000      65.0000      3.37699     0.422618    0.0534174
1999-03-01/04:18:51      52.1100     -36.6000      9.69000      68.0000      2.25057     0.374607    0.0364197
1999-03-01/04:19:11      52.1200     -37.7000      9.73000      73.0000      1.92121     0.292372    0.0320663
1999-03-01/04:19:31      52.2200     -38.8200      9.91000      78.0000      2.40509     0.207912    0.0410594
1999-03-01/04:19:51      52.3000     -39.9500      9.85000      52.0000      3.45851     0.615661    0.0475662
1999-03-01/04:20:11      52.3300     -40.9900      9.62000      64.0000      10.0254     0.438371     0.157268
1999-03-01/04:20:31      52.4300     -42.0900      9.69000      79.0000      2.20742     0.190809    0.0378189
1999-03-01/04:20:51      52.5100     -43.1900      10.1300      80.0000      2.67129     0.173648    0.0459145
1999-03-01/04:21:11      52.7000     -44.3100      10.1200      71.0000      2.06552     0.325568    0.0340861
1999-03-01/04:21:31      53.0200     -45.5800      10.0500      66.0000      1.69368     0.406737    0.0270047
1999-03-01/04:21:51      53.0200     -46.7400      10.1000      72.0000      2.72835     0.309017    0.0452881
1999-03-01/04:22:11      52.9700     -47.8500      10.1600      65.0000      2.74282     0.422618    0.0433861
1999-03-01/04:22:31      52.9300     -48.9400      10.1200      67.0000      1.68015     0.390731    0.0269930
1999-03-01/04:22:51      52.9200     -49.9800      9.93000      89.0000      1.47703    0.0174524    0.0257751
1999-03-01/04:23:11      53.0400     -51.1000      9.83000      81.0000      2.85571     0.156434    0.0492279
1999-03-01/04:23:31      53.1400     -52.1900      9.81000      71.0000      2.88853     0.325568    0.0476677
1999-03-01/04:23:51      53.3600     -53.3300      9.80000      71.0000      4.07119     0.325568    0.0671845
1999-03-01/04:24:11      53.6000     -54.5600      9.69000      77.0000      2.08461     0.224951    0.0354508
1999-03-01/04:24:31      53.8300     -55.7500      9.73000      74.0000      2.68027     0.275637    0.0449674
1999-03-01/04:24:51      53.9100     -56.8000      9.88000      75.0000      3.29861     0.258819    0.0556099
1999-03-01/04:25:12      54.2000     -57.8900      9.97000      75.0000      3.29861     0.258819    0.0556099
1999-03-01/04:25:31      54.4700     -58.9900      9.97000      65.0000      3.55449     0.422618    0.0562251
1999-03-01/04:25:51      55.2800     -60.3500      10.0000      73.0000      2.94420     0.292372    0.0491407
1999-03-01/04:26:11      55.0900     -61.4100      10.1200      66.0000      1.69368     0.406737    0.0270047
1999-03-01/04:26:31      55.3500     -62.5900      9.83000      69.0000      2.65743     0.358368    0.0433003
1999-03-01/04:26:51      55.7100     -63.7900      9.87000      67.0000      1.90709     0.390731    0.0306390
1999-03-01/04:27:11      56.5900     -65.1200      9.74000      68.0000      2.89320     0.374607    0.0468189
1999-03-01/04:27:32      57.1900     -66.2800      9.84000      73.0000      2.94420     0.292372    0.0491407
1999-03-01/04:27:52      58.1600     -67.5400      9.91000      76.0000      2.53537     0.241922    0.0429361
1999-03-01/04:28:11      58.8700     -68.7500      12.1400      76.0000      1.98394     0.241922    0.0335977
1999-03-01/04:28:31      59.8200     -70.0200      11.0000      81.0000      2.79037     0.156434    0.0481016
1999-03-01/04:28:51      60.5600     -71.1400      9.59000      71.0000      3.86319     0.325568    0.0637520
1999-03-01/04:29:11      61.9300     -72.4200      11.6200      70.0000      3.23959     0.342020    0.0531316
1999-03-01/04:29:32      64.5300     -73.8600      11.3000      67.0000      2.22430     0.390731    0.0357352
1999-03-01/04:29:52      69.3100     -75.4900      11.5800      75.0000      2.85144     0.258819    0.0480712
1999-03-01/04:30:12      72.9000     -76.8600      11.6100      75.0000      2.74456     0.258819    0.0462694
1999-03-01/04:30:32      74.4800     -77.8400      9.18000      71.0000      3.46035     0.325568    0.0571041
1999-03-01/04:30:51      86.7700     -79.4700      12.2600      64.0000      3.24076     0.438371    0.0508375
1999-03-01/04:46:12      235.130     -59.0400      11.4500      115.000      4.13745     0.422618    0.0654464
1999-03-01/04:46:32      234.310     -57.5900      10.3700      118.000      2.71868     0.469472    0.0418958
1999-03-01/04:46:51      234.110     -56.5100      11.5400      125.000      2.41496     0.573576    0.0345264
1999-03-01/04:47:11      233.860     -55.2600      11.2500      123.000      7.02375     0.544639     0.102811
1999-03-01/04:47:31      233.180     -53.9100      11.8300      115.000      4.71998     0.422618    0.0746609
1999-03-01/04:47:51      232.950     -52.8400      10.9700      111.000      2.39953     0.358368    0.0390981
1999-03-01/04:48:12      232.950     -51.7900      11.5600      110.000      3.00121     0.342020    0.0492220
1999-03-01/04:48:32      232.820     -50.6500      10.7800      109.000      2.83748     0.325568    0.0468253
1999-03-01/04:48:52      232.670     -49.5300      10.0400      114.000      1.44377     0.406737    0.0230200
1999-03-01/04:49:12      232.560     -48.4100      10.1200      118.000      4.54485     0.469472    0.0700377
1999-03-01/04:49:31      232.450     -47.3100      10.8300      111.000      2.16209     0.358368    0.0352292
1999-03-01/04:49:51      232.270     -46.1600      10.1300      115.000      3.24076     0.422618    0.0512625
1999-03-01/04:50:11      232.160     -45.0700      10.7500      110.000      3.00121     0.342020    0.0492220
1999-03-01/04:50:31      232.100     -43.9700      10.0800      108.000      3.46035     0.309017    0.0574386
1999-03-01/04:50:52      232.030     -42.8300      9.96000      108.000      2.51776     0.309017    0.0417925
1999-03-01/04:51:12      232.040     -41.7500      9.85000      104.000      3.12045     0.241922    0.0528444
1999-03-01/04:51:32      231.930     -40.5800      11.2200      120.000      2.68786     0.500000    0.0406270
1999-03-01/04:51:52      231.740     -39.4100      9.55000      95.0000      3.29517    0.0871559    0.0572927
1999-03-01/04:52:11      231.650     -38.3500      10.3600      108.000      3.35424     0.309017    0.0556773
1999-03-01/04:52:31      231.640     -37.2700      14.3200      105.000      4.06813     0.258819    0.0685829
1999-03-01/04:52:51      231.610     -36.1600      13.2800      103.000      1.65840     0.224951    0.0282027
1999-03-01/04:53:11      231.570     -35.0400      15.1400      108.000      2.51776     0.309017    0.0417925
1999-03-01/04:53:32      231.520     -33.8800      15.6900      100.000      2.47242     0.173648    0.0424963
1999-03-01/04:53:52      231.440     -32.7300      14.0000      99.0000      2.55400     0.156434    0.0440269
1999-03-01/04:54:32      231.270     -30.5200      13.7300      93.0000      2.55494    0.0523359    0.0445310
1999-03-01/04:54:51      231.300     -29.4500      10.9400      93.0000      3.05252    0.0523359    0.0532035
1999-03-01/04:55:11      231.310     -28.3200      10.5400      116.000      3.89243     0.438371    0.0610602
1999-03-01/04:55:31      231.260     -27.1900      11.3600      114.000      2.26885     0.406737    0.0361754
1999-03-01/04:55:51      231.190     -26.0800      11.6400      103.000      3.80260     0.224951    0.0646669
1999-03-01/04:56:12      231.180     -25.1000      11.4100      106.000      3.76704     0.275637    0.0632003
1999-03-01/04:56:32      231.450     -24.2600      11.1100      143.000      3.29818     0.798636    0.0346429
1999-03-01/04:56:52      231.500     -23.0300      10.5100      122.000      3.33634     0.529919    0.0493819
1999-03-01/04:57:12      231.380     -21.8700      11.6800      150.000      11.6818     0.866026     0.101943
1999-03-01/04:57:51      230.960     -19.4900      10.4100      151.000      7.23293     0.874620    0.0612016
1999-03-01/04:58:11      231.050     -18.5100      10.0000      135.000      4.25827     0.707107    0.0525528
1999-03-01/04:58:31      231.050     -17.4600      10.4500      127.000      8.22300     0.601815     0.114619
1999-03-01/04:58:52      231.050     -16.2700      10.8200      114.000      2.17026     0.406737    0.0346034
1999-03-01/04:59:12      230.980     -15.1600      11.5300      107.000      2.65356     0.292372    0.0442897
1999-03-01/04:59:32      230.960     -14.0500      11.1100      102.000      1.73073     0.207912    0.0295468
1999-03-01/04:59:52      230.960     -12.9700      10.9900      116.000      3.77145     0.438371    0.0591624
1999-03-01/05:00:11      230.970     -11.9000      10.5400      110.000      4.37406     0.342020    0.0717378
1999-03-01/05:00:31      230.960     -10.7400      10.7300      124.000      1.47084     0.559193    0.0212822
1999-03-01/05:00:51      230.880     -9.62000      10.7200      103.000      2.64059     0.224951    0.0449058
1999-03-01/05:01:11      230.860     -8.56000      10.4100      101.000      1.82292     0.190809    0.0312314
1999-03-01/05:01:32      230.860     -7.43000      12.3100      117.000      3.27689     0.453991    0.0509589
1999-03-01/05:01:52      230.810     -6.31000      16.7800      114.000      2.17026     0.406737    0.0346034
1999-03-01/05:02:12      230.760     -5.21000      14.9100      105.000      3.09738     0.258819    0.0522174
1999-03-01/05:02:32      230.730     -4.12000      12.5900      108.000      2.79788     0.309017    0.0464422
1999-03-01/05:02:51      230.720     -3.06000      11.2200      108.000      2.61726     0.309017    0.0434441
1999-03-01/05:03:11      230.710     -1.95000      11.3300      111.000      2.16209     0.358368    0.0352292
1999-03-01/05:03:31      230.700    -0.860000      11.3400      117.000      3.27689     0.453991    0.0509589
1999-03-01/05:03:51      230.680     0.240000      11.3200      109.000      2.46527     0.325568    0.0406829
1999-03-01/05:04:12      230.670      1.36000      11.6000      105.000      2.46569     0.258819    0.0415680
1999-03-01/05:04:32      230.660      2.46000      11.2200      100.000      2.93754     0.173648    0.0504908
1999-03-01/05:04:52      230.650      3.54000      10.9100      95.0000      2.40810    0.0871559    0.0418693
1999-03-01/05:05:12      230.660      4.63000      11.0200      95.0000      2.51147    0.0871559    0.0436666
1999-03-01/05:05:31      230.660      5.70000      10.8700      105.000      2.24074     0.258819    0.0377757
1999-03-01/05:05:51      230.660      6.79000      10.7000      105.000      2.24074     0.258819    0.0377757
1999-03-01/05:06:11      230.670      7.89000      10.5800      115.000      2.90088     0.422618    0.0458863
1999-03-01/05:06:31      230.680      8.96000      10.5400      123.000      1.64087     0.544639    0.0240183
1999-03-01/05:06:52      230.690      10.0700      10.4600      109.000      2.65359     0.325568    0.0437906
1999-03-01/05:07:12      230.670      11.1900      10.4500      105.000      2.85935     0.258819    0.0482046
1999-03-01/05:07:32      230.670      12.2900      10.2300      110.000      2.73958     0.342020    0.0449311
1999-03-01/05:07:52      230.670      13.3800      10.2800      106.000      3.50255     0.275637    0.0587629
1999-03-01/05:08:11      230.690      14.4300      10.4400      101.000      2.17303     0.190809    0.0372297
1999-03-01/05:08:31      230.670      15.5600      10.5300      110.000      2.45938     0.342020    0.0403356
1999-03-01/05:08:51      230.670      16.6400      10.3200      108.000      2.94697     0.309017    0.0489170
1999-03-01/05:09:11      230.690      17.7400      10.2800      96.0000      3.70113     0.104529    0.0642430
1999-03-01/05:09:32      230.690      18.8800      10.4900      108.000      3.46035     0.309017    0.0574386
1999-03-01/05:09:52      230.700      20.0000      10.8200      107.000      2.44629     0.292372    0.0408302
1999-03-01/05:10:12      230.690      21.1000      11.3300      111.000      1.92688     0.358368    0.0313967
1999-03-01/05:10:32      230.690      22.1600      11.1800      109.000      2.41105     0.325568    0.0397881
1999-03-01/05:10:51      230.740      23.2400      10.9700      108.000      2.15622     0.309017    0.0357912
1999-03-01/05:11:11      230.740      24.3500      10.4900      102.000      2.28924     0.207912    0.0390817
1999-03-01/05:11:31      230.780      25.4500      10.6100      112.000      1.94513     0.374607    0.0314769
1999-03-01/05:11:51      230.800      26.6000      10.9000      114.000      1.58638     0.406737    0.0252938
1999-03-01/05:12:12      230.770      27.7300      11.1100      111.000      2.47319     0.358368    0.0402983
1999-03-01/05:12:32      230.740      28.7900      11.1100      102.000      2.16385     0.207912    0.0369410
1999-03-01/05:12:52      230.780      29.9000      10.8000      111.000      2.25057     0.358368    0.0366709
1999-03-01/05:13:12      230.810      31.0000      10.7800      110.000      2.05488     0.342020    0.0337015
1999-03-01/05:13:31      230.840      32.0700      10.7300      114.000      2.26885     0.406737    0.0361754
1999-03-01/05:13:51      230.860      33.1700      10.5800      108.000      2.79788     0.309017    0.0464422
1999-03-01/05:14:11      230.880      34.3100      10.5500      109.000      2.97829     0.325568    0.0491490
1999-03-01/05:14:31      230.900      35.4200      10.6900      110.000      2.20291     0.342020    0.0361293
1999-03-01/05:14:52      230.910      36.5600      11.0700      101.000      1.56173     0.190809    0.0267565
1999-03-01/05:15:12      230.900      37.6900      11.0700      94.0000      3.27280    0.0697566    0.0569820
1999-03-01/05:15:32      230.780      38.7000      10.9600      120.000      4.21716     0.500000    0.0637424
1999-03-01/05:15:52      230.960      39.7700      10.9000      123.000      3.32815     0.544639    0.0487160
1999-03-01/05:16:11      231.070      40.8800      10.8200      115.000      4.24559     0.422618    0.0671570
1999-03-01/05:16:31      231.110      42.0400      11.0200      106.000      2.18013     0.275637    0.0365764
1999-03-01/05:16:51      231.110      43.1800      11.2200      108.000      3.03428     0.309017    0.0503662
1999-03-01/05:17:11      231.120      44.2600      11.7700      103.000      1.65840     0.224951    0.0282027
1999-03-01/05:17:32      231.220      45.4300      11.8000      109.000      3.32780     0.325568    0.0549167
1999-03-01/05:17:52      231.250      46.5400      11.8500      102.000      1.36590     0.207912    0.0233185
1999-03-01/05:18:12      231.320      47.6600      11.9100      111.000      1.92688     0.358368    0.0313967
1999-03-01/05:18:32      231.390      48.7700      11.6700      106.000      2.18013     0.275637    0.0365764
1999-03-01/05:18:51      231.450      49.8700      11.5800      108.000      2.42687     0.309017    0.0402838
1999-03-01/05:19:11      231.520      50.9800      11.8100      112.000      1.68015     0.374607    0.0271889
1999-03-01/05:19:31      231.580      52.0700      12.1200      106.000      3.07495     0.275637    0.0515890
1999-03-01/05:19:51      231.730      53.2100      11.7300      105.000      2.68027     0.258819    0.0451856
1999-03-01/05:20:12      231.780      54.3700      11.5200      107.000      2.31438     0.292372    0.0386285
1999-03-01/05:20:32      231.860      55.4900      11.8700      111.000      2.53204     0.358368    0.0412572
1999-03-01/05:20:52      231.970      56.6100      12.0700      106.000      1.80236     0.275637    0.0302385
1999-03-01/05:21:12      232.110      57.7300      12.1500      107.000      3.00550     0.292372    0.0501638
1999-03-01/05:21:31      232.480      58.9000      11.8700      118.000      2.52996     0.469472    0.0389875
1999-03-01/05:21:51      232.520      60.1300      11.8400      105.000      2.03478     0.258819    0.0343035
1999-03-01/05:22:11      232.440      61.0400      11.9500      110.000      2.35372     0.342020    0.0386027
1999-03-01/05:22:31      232.750      62.2100      12.0100      127.000      2.74226     0.601815    0.0382239
1999-03-01/05:22:52      233.380      63.6300      11.9900      116.000      3.45764     0.438371    0.0542397
1999-03-01/05:23:12      233.110      64.5900      11.9000      127.000      4.46316     0.601815    0.0622112
1999-03-01/05:23:32      234.700      66.2700      8.90000      123.000      7.02375     0.544639     0.102811
1999-03-01/05:24:31      233.770      68.9300      10.1200      114.000      4.32846     0.406737    0.0690146
1999-03-01/05:24:51      236.510      70.8500      11.2200      118.000      3.73865     0.469472    0.0576139
1999-03-01/05:25:11      241.800      73.2900      8.05000      110.000      2.73958     0.342020    0.0449311
1999-03-01/05:25:32      240.080      74.2200      12.8000      110.000      2.27385     0.342020    0.0372928
1999-03-01/05:25:52      237.920      74.4700      9.44000      105.000      4.72693     0.258819    0.0796894
1999-03-01/05:38:30      53.1800      68.2400      12.4100      72.0000      3.13206     0.309017    0.0519893
1999-03-01/05:38:49      52.8300      67.1300      15.9900      80.0000      6.76236     0.173648     0.116232
1999-03-01/05:39:09      52.4300      65.9600      13.9800      77.0000      1.99423     0.224951    0.0339138
1999-03-01/05:39:29      52.3000      64.8900      14.0800      83.0000      3.54596     0.121869    0.0614274
1999-03-01/05:39:49      52.2600      63.7700      11.9600      83.0000      3.54596     0.121869    0.0614274
1999-03-01/05:40:10      51.9900      62.5400      10.5900      82.0000      3.70421     0.139173    0.0640215
1999-03-01/05:41:29      51.5600      58.0900      11.0300      79.0000      5.11101     0.190809    0.0875650
1999-03-01/05:41:49      51.4100      56.9700      11.1400      67.0000      1.68015     0.390731    0.0269930
1999-03-01/05:42:50      51.2100      53.6200      9.68000      82.0000      3.54206     0.139173    0.0612190
1999-03-01/05:43:10      51.2100      52.5300      11.0100      79.0000      5.89230     0.190809     0.100951
1999-03-01/05:43:30      51.1100      51.3600      11.1400      77.0000      4.15178     0.224951    0.0706050
1999-03-01/05:43:50      51.0400      50.2300      9.74000      69.0000      3.00121     0.358368    0.0489019
1999-03-01/05:44:09      50.9500      49.2000      9.64000      50.0000      3.81963     0.642788    0.0510684
1999-03-01/05:44:29      50.7400      47.9900      9.59000      66.0000      3.25485     0.406737    0.0518966
1999-03-01/05:44:49      50.8400      47.0500      9.67000      67.0000      1.68015     0.390731    0.0269930
1999-03-01/05:45:30      50.7600      44.7500      9.79000      69.0000      3.03986     0.358368    0.0495316
1999-03-01/05:45:50      50.7600      43.6400      10.8800      62.0000      4.15842     0.469472    0.0640827
1999-03-01/05:47:09      50.5600      39.2500      10.3600      77.0000      19.1297     0.224951     0.325319
1999-03-01/05:47:29      50.5800      38.1300      9.84000      68.0000      2.66344     0.374607    0.0431009
1999-03-01/05:48:30      50.3900      34.7300      10.5600      60.0000      23.7264     0.500000     0.358624
1999-03-01/05:49:29      50.3800      31.4900      10.6100      78.0000      12.6941     0.207912     0.216712
1999-03-01/05:49:49      50.3800      30.4100      10.5500      70.0000      4.13709     0.342020    0.0678513
1999-03-01/05:50:29      50.3700      28.2200      10.3900      78.0000      5.21273     0.207912    0.0889912
1999-03-01/05:50:50      50.3700      27.0500      10.4300      77.0000      19.1297     0.224951     0.325319
1999-03-01/05:51:10      50.3500      25.9800      10.5600      73.0000      9.72621     0.292372     0.162337
1999-03-01/05:51:30      50.3500      24.8900      12.1500      72.0000      22.5796     0.309017     0.374800
1999-03-01/05:52:29      50.2100      21.5500      18.4300      83.0000      19.9121     0.121869     0.344942
1999-03-01/05:52:49      50.2500      20.4900      16.0900      75.0000      6.77114     0.258819     0.114152
1999-03-01/05:53:09      50.2500      19.3800      12.3100      82.0000      3.92587     0.139173    0.0678525
1999-03-01/05:53:30      50.2300      18.2700      11.1400      74.0000      7.71171     0.275637     0.129381
1999-03-01/05:53:50      50.2400      17.1800      10.8900      76.0000      23.4252     0.241922     0.396702
1999-03-01/05:54:30      50.2300      15.0100      10.4800      64.0000      5.53081     0.438371    0.0867613
1999-03-01/05:56:30      50.2400      8.34000      10.0800      62.0000      22.6838     0.469472     0.349565
1999-03-01/05:56:50      50.2000      7.28000      10.3500      70.0000      3.04196     0.342020    0.0498904
1999-03-01/05:57:10      50.2100      6.22000      10.4900      79.0000      21.1866     0.190809     0.362982
1999-03-01/05:57:49      50.2400      4.01000      10.4400      72.0000      5.62360     0.309017    0.0933465
1999-03-01/05:58:09      50.2400      2.92000      10.7400      69.0000      5.10242     0.358368    0.0831391
1999-03-01/05:58:29      50.2300      1.83000      10.2400      89.0000      3.23770    0.0174524    0.0564999
1999-03-01/05:58:50      50.2300     0.700000      9.89000      74.0000      7.26377     0.275637     0.121866
1999-03-01/05:59:30      50.2200     -1.50000      9.93000      81.0000      26.9132     0.156434     0.463941
1999-03-01/06:00:49      50.2800     -5.87000      9.99000      70.0000      11.1321     0.342020     0.182575
1999-03-01/06:01:09      50.2600     -6.93000      9.97000      81.0000      26.9132     0.156434     0.463941
1999-03-01/06:01:30      50.3100     -8.05000      9.88000      75.0000      18.8654     0.258819     0.318044
1999-03-01/06:01:50      50.3700     -9.17000      9.85000      79.0000      5.78148     0.190809    0.0990519
1999-03-01/06:02:30      50.3600     -11.4400      9.95000      58.0000      19.9174     0.529919     0.294803
1999-03-01/06:03:49      50.2600     -15.8400      9.90000      51.0000      24.7730     0.629320     0.336015
1999-03-01/06:04:10      50.3700     -17.0000      9.79000      73.0000      10.9168     0.292372     0.182209
1999-03-01/06:04:30      50.4300     -18.0900      9.77000      68.0000      3.27161     0.374607    0.0529425
1999-03-01/06:04:50      50.4500     -19.1900      10.1600      85.0000      9.62352    0.0871558     0.167323
1999-03-01/06:05:10      50.4800     -20.2800      10.6300      73.0000      3.76704     0.292372    0.0628744
1999-03-01/06:05:29      50.5200     -21.3100      10.2100      78.0000      25.3882     0.207912     0.433425
1999-03-01/06:05:49      50.5700     -22.4000      9.79000      76.0000      7.18252     0.241922     0.121635
1999-03-01/06:06:09      50.6100     -23.4900      9.62000      82.0000      6.02447     0.139173     0.104124
1999-03-01/06:07:10      50.6700     -26.8900      9.40000      82.0000      6.05041     0.139173     0.104572
1999-03-01/06:07:30      50.7600     -28.0300      9.28000      69.0000      2.78623     0.358368    0.0453990
1999-03-01/06:07:50      50.8300     -29.1400      9.24000      73.0000      4.73724     0.292372    0.0790677
1999-03-01/06:08:49      50.8200     -32.4800      9.52000      75.0000      18.8654     0.258819     0.318044
1999-03-01/06:09:09      50.9000     -33.6000      9.63000      76.0000      4.99506     0.241922    0.0845906
1999-03-01/06:09:30      50.9100     -34.7100      9.45000      86.0000      5.02249    0.0697565    0.0874455
1999-03-01/06:10:10      51.0100     -37.0100      9.42000      67.0000      2.15767     0.390731    0.0346648
1999-03-01/06:10:30      51.0500     -38.1000      9.42000      69.0000      2.88719     0.358368    0.0470440
1999-03-01/06:10:49      51.1600     -39.2100      9.35000      59.0000      4.12284     0.515038    0.0616793
1999-03-01/06:11:09      51.2500     -40.3300      9.05000      69.0000      3.17304     0.358368    0.0517017
1999-03-01/06:11:29      51.3100     -41.4300      9.39000      72.0000      8.16995     0.309017     0.135614
1999-03-01/06:11:49      51.3600     -42.5600      9.67000      68.0000      3.06196     0.374607    0.0495499
1999-03-01/06:12:10      51.4300     -43.7200      9.76000      76.0000      4.53095     0.241922    0.0767310
1999-03-01/06:12:30      51.5100     -44.8700      9.66000      68.0000      6.14871     0.374607    0.0995010
1999-03-01/06:12:50      51.7200     -46.1500      9.61000      65.0000      4.72533     0.422618    0.0747455
1999-03-01/06:13:29      51.6800     -48.3400      9.87000      83.0000      5.60651     0.121869    0.0971227
1999-03-01/06:13:49      51.7200     -49.4100      10.0400      82.0000      3.10004     0.139173    0.0535793
1999-03-01/06:14:09      51.9000     -50.5600      10.0300      62.0000      3.71922     0.469472    0.0573145
1999-03-01/06:14:29      52.0600     -51.7000      9.92000      71.0000      2.61726     0.325568    0.0431911
1999-03-01/06:14:50      52.3400     -52.9300      9.84000      68.0000      2.16209     0.374607    0.0349878
1999-03-01/06:15:10      52.5200     -54.1100      9.73000      73.0000      2.94420     0.292372    0.0491407
1999-03-01/06:15:30      52.7900     -55.3400      9.55000      64.0000      3.24076     0.438371    0.0508375
1999-03-01/06:15:50      52.9500     -56.4500      9.56000      71.0000      3.72693     0.325568    0.0615033
1999-03-01/06:16:09      53.3500     -57.5600      9.46000      57.0000      4.94186     0.544639    0.0723368
1999-03-01/06:16:29      54.0900     -58.8700      9.38000      63.0000      3.01723     0.453990    0.0469209
1999-03-01/06:16:49      55.2600     -60.2700      9.28000      59.0000      5.29080     0.515038    0.0791524
1999-03-01/06:17:09      56.6600     -62.1300      9.46000      58.0000      4.36846     0.529919    0.0646586
1999-03-01/06:17:30      55.6200     -62.7700      9.52000      64.0000      10.0254     0.438371     0.157268
1999-03-01/06:17:50      55.5900     -63.8400      9.48000      65.0000      4.32846     0.422618    0.0684678
1999-03-01/06:18:10      56.8600     -65.3300      9.50000      59.0000      2.97762     0.515038    0.0445464
1999-03-01/06:18:30      58.0800     -66.7000      9.56000      62.0000      4.31892     0.469472    0.0665560
1999-03-01/06:18:49      60.1300     -68.2500      9.66000      62.0000      6.66541     0.469472     0.102716
1999-03-01/06:19:09      64.1600     -70.3300      9.60000      61.0000      6.05586     0.484810    0.0924427
1999-03-01/06:19:29      68.6600     -72.3200      9.36000      62.0000      9.28522     0.469472     0.143088
1999-03-01/06:19:50      70.0500     -73.4100      8.64000      64.0000      3.16159     0.438371    0.0495956
1999-03-01/06:35:11      237.140     -67.4000      9.42000      116.000      3.56278     0.438371    0.0558890
1999-03-01/06:35:31      238.560     -66.8500      9.69000      129.000      5.15548     0.629321    0.0699277
1999-03-01/06:35:51      236.750     -65.0400      9.25000      128.000      5.03044     0.615661    0.0691856
1999-03-01/06:36:11      234.670     -63.1200      8.92000      121.000      2.80403     0.515038    0.0419494
1999-03-01/06:36:31      233.610     -61.7500      9.03000      124.000      2.16123     0.559193    0.0312718
1999-03-01/06:36:51      233.320     -60.7300      8.42000      142.000      5.45848     0.788011    0.0586531
1999-03-01/06:37:11      233.330     -59.7800      8.01000      105.000      3.52055     0.258819    0.0593515
1999-03-01/06:37:31      232.990     -58.4500      9.24000      116.000      2.75008     0.438371    0.0431403
1999-03-01/06:37:51      232.580     -57.1600      9.53000      117.000      3.04900     0.453991    0.0474150
1999-03-01/06:38:11      232.460     -56.0300      9.25000      132.000      4.03781     0.669131    0.0523717
1999-03-01/06:38:31      232.200     -54.7100      8.82000      112.000      1.56737     0.374607    0.0253638
1999-03-01/06:38:51      231.790     -53.4800      9.30000      121.000      2.75133     0.515038    0.0411610
1999-03-01/06:39:11      231.680     -52.4300      9.37000      103.000      2.32163     0.224951    0.0394816
1999-03-01/06:39:31      231.560     -51.3200      9.43000      121.000      2.30422     0.515038    0.0344720
1999-03-01/06:39:51      231.410     -50.1900      9.48000      105.000      2.68027     0.258819    0.0451856
1999-03-01/06:40:11      231.330     -49.0500      9.02000      125.000      2.29797     0.573576    0.0328538
1999-03-01/06:40:31      231.270     -47.9500      8.85000      112.000      2.09250     0.374607    0.0338617
1999-03-01/06:40:51      231.150     -46.7800      9.06000      112.000      1.52115     0.374607    0.0246159
1999-03-01/06:41:11      231.000     -45.6500      9.23000      116.000      2.61791     0.438371    0.0410669
1999-03-01/06:41:31      230.960     -44.6000      9.36000      107.000      1.99452     0.292372    0.0332899
1999-03-01/06:41:51      230.890     -43.4900      9.37000      113.000      1.64092     0.390731    0.0263628
1999-03-01/06:42:11      230.860     -42.3900      9.09000      105.000      2.76988     0.258819    0.0466963
1999-03-01/06:42:31      230.880     -41.2800      9.13000      112.000      1.47353     0.374607    0.0238453
1999-03-01/06:42:51      230.750     -40.0400      9.32000      106.000      3.23908     0.275637    0.0543426
1999-03-01/06:43:11      230.620     -38.9100      9.47000      98.0000      2.71465     0.139173    0.0469185
1999-03-01/06:43:31      230.560     -37.8300      9.61000      104.000      2.56031     0.241922    0.0433585
1999-03-01/06:43:51      230.540     -36.7500      9.81000      105.000      2.24074     0.258819    0.0377757
1999-03-01/06:44:11      230.530     -35.6600      9.65000      105.000      2.96037     0.258819    0.0499077
1999-03-01/06:44:31      230.450     -34.5100      9.33000      109.000      3.04196     0.325568    0.0501997
1999-03-01/06:44:51      230.400     -33.3800      10.0800      101.000      1.85434     0.190809    0.0317697
1999-03-01/06:45:11      230.330     -32.2300      10.1900      116.000      4.31999     0.438371    0.0677673
1999-03-01/06:45:32      230.210     -31.0900      10.0700      104.000      3.55530     0.241922    0.0602085
1999-03-01/06:45:52      230.240     -30.0500      9.86000      106.000      3.76704     0.275637    0.0632003
1999-03-01/06:46:12      230.240     -28.9400      9.87000      98.0000      2.71465     0.139173    0.0469185
1999-03-01/06:46:32      230.210     -27.8100      9.84000      96.0000      5.80303     0.104529     0.100727
1999-03-01/06:46:51      230.140     -26.7300      9.48000      101.000      1.56173     0.190809    0.0267565
1999-03-01/06:47:11      230.150     -25.7000      9.79000      100.000      2.10644     0.173648    0.0362058
1999-03-01/06:47:31      230.210     -24.7500      10.4700      144.000      2.83400     0.809017    0.0290734
1999-03-01/06:47:51      230.260     -23.6800      10.6300      136.000      4.32886     0.719340    0.0524834
1999-03-01/06:48:52      230.010     -20.0500      10.3600      143.000      2.94156     0.798636    0.0308971
1999-03-01/06:49:12      230.070     -19.1200      10.7700      147.000      10.4519     0.838671    0.0993530
1999-03-01/06:49:33      230.130     -18.0000      11.1600      144.000      5.43006     0.809017    0.0557058
1999-03-01/06:49:53      230.120     -16.8700      11.1500      122.000      3.51694     0.529919    0.0520550
1999-03-01/06:50:13      230.030     -15.7200      11.2000      99.0000      2.59746     0.156434    0.0447761
1999-03-01/06:50:33      229.980     -14.6600      11.2400      109.000      3.32780     0.325568    0.0549167
1999-03-01/06:50:52      230.040     -13.6300      11.0400      115.000      3.88985     0.422618    0.0615299
1999-03-01/06:51:12      229.970     -12.4900      11.1100      119.000      7.20557     0.484810     0.109993
1999-03-01/06:51:32      229.940     -11.4000      11.0000      111.000      3.93253     0.358368    0.0640768
1999-03-01/06:51:52      229.920     -10.2800      10.4700      95.0000      2.86062    0.0871559    0.0497372
1999-03-01/06:52:13      229.930     -9.16000      10.3300      111.000      2.76042     0.358368    0.0449784
1999-03-01/06:52:33      229.940     -8.10000      10.8300      96.0000      2.89748     0.104529    0.0502935
1999-03-01/06:52:53      229.920     -6.96000      10.5900      109.000      3.32780     0.325568    0.0549167
1999-03-01/06:53:13      229.880     -5.81000      10.3100      98.0000      2.71465     0.139173    0.0469185
1999-03-01/06:53:32      229.870     -4.75000      10.5600      105.000      2.14212     0.258819    0.0361131
1999-03-01/06:53:52      229.860     -3.68000      10.9300      107.000      2.31438     0.292372    0.0386285
1999-03-01/06:54:12      229.870     -2.69000      10.2500      106.000      2.45874     0.275637    0.0412507
1999-03-01/06:54:32      229.870     -1.76000      10.0400      104.000      2.35032     0.241922    0.0398023
1999-03-01/06:54:53      229.850    -0.740000      8.68000      97.0000      2.72844     0.121869    0.0472653
1999-03-01/06:55:13      229.850     0.400000      8.97000      106.000      2.58370     0.275637    0.0433472
1999-03-01/06:55:33      229.860      1.66000      10.0300      106.000      2.84991     0.275637    0.0478135
1999-03-01/06:55:53      229.860      2.93000      8.91000      106.000      3.23908     0.275637    0.0543426
1999-03-01/06:56:12      229.860      4.06000      10.1600      116.000      2.85385     0.438371    0.0447681
1999-03-01/06:56:32      229.830      5.17000      10.9300      103.000      1.73153     0.224951    0.0294463
1999-03-01/06:56:52      229.820      6.23000      9.67000      109.000      2.65359     0.325568    0.0437906
1999-03-01/06:57:12      229.810      7.29000      9.58000      110.000      2.45938     0.342020    0.0403356
1999-03-01/06:57:33      229.810      8.42000      10.0200      112.000      1.42458     0.374607    0.0230531
1999-03-01/06:57:53      229.800      9.51000      8.43000      105.000      3.40585     0.258819    0.0574178
1999-03-01/06:58:13      229.790      10.6200      11.5600      107.000      2.56265     0.292372    0.0427723
1999-03-01/06:58:33      229.780      11.7200      12.5800      103.000      2.24958     0.224951    0.0382563
1999-03-01/06:58:54      229.770      12.8400      11.1700      109.000      2.97829     0.325568    0.0491490
1999-03-01/06:59:14      229.760      13.9300      9.69000      110.000      2.73958     0.342020    0.0449311
1999-03-01/06:59:34      229.760      15.0200      10.6000      111.000      2.09106     0.358368    0.0340718
1999-03-01/06:59:54      229.760      16.1300      9.65000      111.000      2.01220     0.358368    0.0327869
1999-03-01/07:00:13      229.750      17.2100      10.6400      103.000      2.17751     0.224951    0.0370307
1999-03-01/07:00:33      229.740      18.3200      9.94000      110.000      2.55790     0.342020    0.0419514
1999-03-01/07:00:53      229.770      19.4300      9.09000      110.000      2.55790     0.342020    0.0419514
1999-03-01/07:01:13      229.790      20.5300      11.4200      112.000      1.86436     0.374607    0.0301698
1999-03-01/07:01:34      229.780      21.6400      10.6800      113.000      1.46827     0.390731    0.0235890
1999-03-01/07:01:54      229.820      22.7100      9.81000      109.000      2.90309     0.325568    0.0479080
1999-03-01/07:02:14      229.830      23.7900      10.3100      109.000      3.11900     0.325568    0.0514710
1999-03-01/07:02:34      229.800      24.8700      10.1800      109.000      3.11900     0.325568    0.0514710
1999-03-01/07:02:53      229.810      25.9600      9.96000      92.0000      2.04513    0.0348995    0.0356725
1999-03-01/07:03:13      229.850      27.0900      11.7600      113.000      1.87336     0.390731    0.0300971
1999-03-01/07:03:33      229.820      28.2000      11.2600      105.000      2.68027     0.258819    0.0451856
1999-03-01/07:03:53      229.810      29.2900      9.81000      109.000      2.97829     0.325568    0.0491490
1999-03-01/07:04:14      229.850      30.4500      10.3900      110.000      2.55790     0.342020    0.0419514
1999-03-01/07:04:34      229.910      31.5700      6.52000      111.000      2.37731     0.358368    0.0387360
1999-03-01/07:04:54      229.940      32.6700      10.6300      110.000      2.88719     0.342020    0.0473520
1999-03-01/07:05:14      229.980      33.7900      8.18000      109.000      2.65359     0.325568    0.0437906
1999-03-01/07:05:33      229.940      34.8500      11.1900      111.000      2.39953     0.358368    0.0390981
1999-03-01/07:05:53      229.950      35.9500      17.5300      111.000      2.32941     0.358368    0.0379555
1999-03-01/07:06:13      229.970      37.0900      13.6400      114.000      2.17026     0.406737    0.0346034
1999-03-01/07:06:33      229.900      38.1800      10.8900      125.000      2.96422     0.573576    0.0423792
1999-03-01/07:06:54      229.960      39.1900      10.5900      119.000      4.13137     0.484810    0.0630653
1999-03-01/07:07:14      230.020      40.3400      11.0800      105.000      3.26672     0.258819    0.0550723
1999-03-01/07:07:34      230.200      41.5200      10.0700      106.000      3.45951     0.275637    0.0580408
1999-03-01/07:07:54      230.230      42.6800      10.4200      113.000      1.92248     0.390731    0.0308863
1999-03-01/07:08:15      230.210      43.8000      10.8700      105.000      2.58033     0.258819    0.0435007
1999-03-01/07:08:35      230.250      44.9100      7.53000      110.000      2.83141     0.342020    0.0464372
1999-03-01/07:08:55      230.350      46.0900      10.8200      111.000      2.47319     0.358368    0.0402983
1999-03-01/07:09:15      230.390      47.2200      10.7900      109.000      2.93767     0.325568    0.0484786
1999-03-01/07:09:34      230.440      48.3300      10.6600      114.000      2.63779     0.406737    0.0420579
1999-03-01/07:09:54      230.440      49.4600      11.4300      109.000      2.83748     0.325568    0.0468253
1999-03-01/07:10:14      230.490      50.5800      9.94000      115.000      2.55251     0.422618    0.0403757
1999-03-01/07:10:34      230.590      51.7200      9.16000      114.000      2.37061     0.406737    0.0377979
1999-03-01/07:10:55      230.670      52.8800      10.1600      115.000      2.78826     0.422618    0.0441048
1999-03-01/07:11:15      230.700      54.0200      10.6800      112.000      2.54874     0.374607    0.0412448
1999-03-01/07:11:35      230.750      55.1300      9.25000      105.000      3.40585     0.258819    0.0574178
1999-03-01/07:11:55      230.770      56.2400      11.3000      108.000      3.27522     0.309017    0.0543656
1999-03-01/07:12:14      230.940      57.3700      11.9200      107.000      2.89541     0.292372    0.0483263
1999-03-01/07:12:34      231.180      58.5500      11.3300      118.000      3.56851     0.469472    0.0549920
1999-03-01/07:12:54      231.980      60.1700      10.9500      119.000      3.17715     0.484810    0.0484992
1999-03-01/07:13:14      231.310      60.7600      10.6700      111.000      2.25057     0.358368    0.0366709
1999-03-01/07:13:35      232.040      62.0300      10.8800      126.000      3.07954     0.587785    0.0434831
1999-03-01/07:13:55      232.020      63.1700      12.3100      116.000      3.34944     0.438371    0.0525424
1999-03-01/07:14:15      232.360      64.3800      11.4100      120.000      4.21716     0.500000    0.0637424
1999-03-01/07:14:35      232.390      65.3500      9.55000      125.000      2.47499     0.573576    0.0353847
1999-03-01/07:14:54      232.660      66.6400      9.55000      126.000      3.17024     0.587785    0.0447638
1999-03-01/07:15:34      234.960      69.6600      9.42000      111.000      2.43529     0.358368    0.0396807
1999-03-01/07:15:55      234.140      70.0400      10.8600      116.000      3.12038     0.438371    0.0489491
1999-03-01/07:16:15      236.250      71.8300      11.3100      116.000      3.12038     0.438371    0.0489491
1999-03-01/07:16:35      240.290      74.1300      10.8700      114.000      2.54404     0.406737    0.0405631
1999-03-01/07:25:13      84.5700      84.6300      10.1400      63.0000      8.72278     0.453990     0.135648
1999-03-01/07:25:34      86.7100      84.1500      9.87000      67.0000      2.22430     0.390731    0.0357352
1999-03-01/07:25:54      66.4500      82.1500      10.1600      59.0000      2.61527     0.515038    0.0391255
1999-03-01/07:26:14      60.0900      80.5800      11.3800      67.0000      1.98706     0.390731    0.0319238
1999-03-01/07:26:34      59.3200      79.5700      11.4200      59.0000      2.97762     0.515038    0.0445464
1999-03-01/07:26:53      58.3700      78.5600      10.0200      69.0000      2.35372     0.358368    0.0383516
1999-03-01/07:27:13      54.3600      76.7700      9.79000      65.0000      1.94222     0.422618    0.0307221
1999-03-01/07:27:33      53.4300      75.5600      10.1100      67.0000      1.86436     0.390731    0.0299525
1999-03-01/07:27:53      53.4700      74.3400      10.2200      64.0000      2.26287     0.438371    0.0354975
1999-03-01/07:28:14      53.8700      73.5100      10.2900      69.0000      3.17304     0.358368    0.0517017
1999-03-01/07:28:34      53.0600      72.4100      10.4400      79.0000      2.08986     0.190809    0.0358048
1999-03-01/07:28:54      52.5000      71.2600      10.5000      74.0000      2.46569     0.275637    0.0413673
1999-03-01/07:29:14      51.9900      70.0300      10.7800      78.0000      1.95756     0.207912    0.0334193
1999-03-01/07:29:33      51.8400      68.9500      10.9400      76.0000      1.89749     0.241922    0.0321337
1999-03-01/07:29:53      51.5100      67.7900      10.5500      73.0000      2.31977     0.292372    0.0387185
1999-03-01/07:30:13      51.0300      66.5600      9.91000      73.0000      3.07495     0.292372    0.0513230
1999-03-01/07:30:33      50.7700      65.3800      10.3600      72.0000      3.00550     0.309017    0.0498885
1999-03-01/07:30:54      50.7300      64.2500      10.0600      81.0000      2.91341     0.156434    0.0502226
1999-03-01/07:31:14      50.6400      63.0800      9.76000      84.0000      3.04153     0.104528    0.0527939
1999-03-01/07:31:34      50.4900      61.9100      9.75000      67.0000      1.98706     0.390731    0.0319238
1999-03-01/07:31:54      50.3900      60.8000      10.0500      78.0000      1.89705     0.207912    0.0323862
1999-03-01/07:32:13      50.2800      59.7200      10.0700      73.0000      4.17674     0.292372    0.0697126
1999-03-01/07:32:33      50.2400      58.6300      10.4400      79.0000      2.22837     0.190809    0.0381778
1999-03-01/07:32:53      50.1600      57.4800      10.7200      80.0000      3.25690     0.173648    0.0559801
1999-03-01/07:33:13      49.9800      56.3200      10.4100      80.0000      3.62819     0.173648    0.0623618
1999-03-01/07:33:34      49.9100      55.2100      10.2800      83.0000      3.16120     0.121869    0.0547621
1999-03-01/07:34:53      49.8000      50.7900      10.4000      81.0000      3.65394     0.156434    0.0629881
1999-03-01/07:35:13      49.7500      49.6500      9.99000      63.0000      3.89243     0.453990    0.0605312
1999-03-01/07:35:33      49.7000      48.5400      10.2700      67.0000      2.15767     0.390731    0.0346648
1999-03-01/07:35:53      49.6600      47.4600      10.8400      46.0000      2.91887     0.694658    0.0366460
1999-03-01/07:36:54      49.6200      44.1300      10.4600      47.0000      9.19250     0.681998     0.117338
1999-03-01/07:37:33      49.4900      41.8800      10.3100      84.0000      3.56113     0.104528    0.0618130
1999-03-01/07:37:53      49.4200      40.7400      10.7600      65.0000      2.00852     0.422618    0.0317709
1999-03-01/07:38:13      49.4600      39.7300      10.3100      54.0000      2.21851     0.587785    0.0313254
1999-03-01/07:39:14      49.3900      36.3300      10.1900      83.0000      5.56962     0.121869    0.0964836
1999-03-01/07:39:34      49.3300      35.1900      8.38000      71.0000      3.86319     0.325568    0.0637520
1999-03-01/07:39:54      49.3300      34.1500      10.2300      71.0000      2.51776     0.325568    0.0415491
1999-03-01/07:40:13      49.3700      33.0800      11.3100      59.0000      3.34165     0.515038    0.0499924
1999-03-01/07:40:33      49.3500      31.9700      11.4300      68.0000      2.32941     0.374607    0.0376955
1999-03-01/07:40:53      49.3400      30.8900      8.73000      65.0000      1.76200     0.422618    0.0278714
1999-03-01/07:41:13      49.3600      29.7900      12.2000      70.0000      2.65359     0.342020    0.0435208
1999-03-01/07:41:34      49.3000      28.6600      11.8300      68.0000      2.01220     0.374607    0.0325623
1999-03-01/07:41:54      49.3100      27.5800      10.9800      68.0000      2.25057     0.374607    0.0364197
1999-03-01/07:42:14      49.3100      26.4600      11.7600      64.0000      3.24076     0.438371    0.0508375
1999-03-01/07:42:34      49.2700      25.3300      12.0100      57.0000      3.03619     0.544639    0.0444424
1999-03-01/07:42:53      49.1900      24.2200      15.6200      80.0000      3.05685     0.173648    0.0525416
1999-03-01/07:43:13      49.1200      23.1400      15.4300      71.0000      2.79788     0.325568    0.0461718
1999-03-01/07:43:33      49.1400      22.0600      13.9800      54.0000      2.01076     0.587785    0.0283920
1999-03-01/07:43:53      49.2100      20.9600      12.4800      49.0000      3.52345     0.656059    0.0464115
1999-03-01/07:44:14      49.2400      19.8400      12.3800      60.0000      3.42648     0.500000    0.0517912
1999-03-01/07:44:34      49.2200      18.7600      11.7600      64.0000      3.00722     0.438371    0.0471740
1999-03-01/07:44:54      49.2000      17.6900      12.8300      70.0000      3.04196     0.342020    0.0498904
1999-03-01/07:45:14      49.1900      16.6000      13.0200      78.0000      2.09172     0.207912    0.0357096
1999-03-01/07:45:33      49.1600      15.5400      12.3700      64.0000      2.90088     0.438371    0.0455059
1999-03-01/07:45:53      49.1400      14.4500      11.9400      75.0000      2.85144     0.258819    0.0480712
1999-03-01/07:46:13      49.1700      13.3500      12.0600      89.0000      1.69599    0.0174524    0.0295961
1999-03-01/07:46:54      49.1400      11.0700      11.9800      70.0000      2.57545     0.342020    0.0422393
1999-03-01/07:47:14      49.1600      10.0200      11.7000      55.0000      1.94146     0.573576    0.0277569
1999-03-01/07:47:54      49.1100      7.77000      12.9200      63.0000      2.61791     0.453990    0.0407111
1999-03-01/07:48:13      49.1100      6.74000      12.3000      67.0000      1.86436     0.390731    0.0299525
1999-03-01/07:48:33      49.1100      5.64000      11.7300      67.0000      1.90709     0.390731    0.0306390
1999-03-01/07:48:53      49.0700      4.50000      12.2600      85.0000      3.07077    0.0871558    0.0533911
1999-03-01/07:49:13      49.0600      3.38000      14.2800      72.0000      2.89541     0.309017    0.0480611
1999-03-01/07:49:34      49.0600      2.24000      12.3900      65.0000      1.85548     0.422618    0.0293501
1999-03-01/07:49:54      49.0600      1.13000      8.35000      65.0000      2.17026     0.422618    0.0343293
1999-03-01/07:50:14      49.0600    0.0400000      11.4700      72.0000      3.29316     0.309017    0.0546634
1999-03-01/07:50:34      49.0900     -1.06000      11.7300      64.0000      2.62014     0.438371    0.0411019
1999-03-01/07:50:53      49.0900     -2.09000      13.0300      68.0000      2.04548     0.374607    0.0331008
1999-03-01/07:51:13      49.0900     -3.14000      11.4100      79.0000      2.06637     0.190809    0.0354023
1999-03-01/07:51:33      49.0900     -4.27000      16.6600      71.0000      2.79788     0.325568    0.0461718
1999-03-01/07:51:53      49.0900     -5.42000      15.1800      64.0000      3.09391     0.438371    0.0485339
1999-03-01/07:52:14      49.0600     -6.54000      10.7900      58.0000      2.86288     0.529919    0.0423742
1999-03-01/07:52:34      49.0600     -7.59000      12.8000      69.0000      2.55790     0.358368    0.0416786
1999-03-01/07:52:54      49.1200     -8.72000      14.2000      58.0000      3.81771     0.529919    0.0565068
1999-03-01/07:53:14      49.1200     -9.89000      12.9200      84.0000      3.64144     0.104528    0.0632070
1999-03-01/07:53:33      49.0500     -10.9800      13.5300      45.0000      3.50852     0.707107    0.0432998
1999-03-01/07:53:53      49.0300     -12.0300      13.4200      55.0000      1.68852     0.573576    0.0241406
1999-03-01/07:54:13      49.0400     -13.1100      9.40000      72.0000      3.13206     0.309017    0.0519893
1999-03-01/07:54:33      49.0200     -14.2100      8.32000      52.0000      4.74053     0.615661    0.0651983
1999-03-01/07:54:54      49.0000     -15.3400      10.9100      50.0000      3.48074     0.642788    0.0465375
1999-03-01/07:55:14      49.0400     -16.4700      14.1500      68.0000      2.16209     0.374607    0.0349878
1999-03-01/07:55:34      49.1000     -17.5900      16.9800      71.0000      2.72086     0.325568    0.0449008
1999-03-01/07:55:54      49.1600     -18.7100      15.2200      69.0000      2.65743     0.358368    0.0433003
1999-03-01/07:56:13      49.2300     -19.7800      12.1100      60.0000      3.07917     0.500000    0.0465416
1999-03-01/07:56:33      49.3100     -20.8600      12.8300      68.0000      2.47319     0.374607    0.0400222
1999-03-01/07:56:53      49.3600     -21.9500      12.8500      57.0000      2.86821     0.544639    0.0419836
1999-03-01/07:57:13      49.3700     -23.0500      13.6500      61.0000      2.71868     0.484810    0.0415006
1999-03-01/07:57:34      49.3700     -24.1900      13.9600      66.0000      1.92248     0.406737    0.0306527
1999-03-01/07:57:54      49.3800     -25.3300      14.4400      60.0000      2.80616     0.500000    0.0424151
1999-03-01/07:58:14      49.3700     -26.4300      14.4900      55.0000      2.16123     0.573576    0.0308989
1999-03-01/07:58:34      49.4200     -27.5500      13.7200      39.0000      4.85964     0.777146    0.0533769
1999-03-01/07:58:53      49.4800     -28.6400      13.2800      83.0000      3.24676     0.121869    0.0562443
1999-03-01/07:59:13      49.5000     -29.7500      12.8400      83.0000      3.16120     0.121869    0.0547621
1999-03-01/07:59:33      49.5000     -30.9000      12.5900      57.0000      2.66196     0.544639    0.0389646
1999-03-01/07:59:53      49.5000     -31.9900      11.2100      60.0000      2.80616     0.500000    0.0424151
1999-03-01/08:00:14      49.5600     -33.1200      12.1800      56.0000      1.76984     0.559193    0.0256086
1999-03-01/08:00:34      49.6300     -34.2400      11.7500      61.0000      2.52996     0.484810    0.0386198
1999-03-01/08:00:54      49.7400     -35.3800      12.0700      63.0000      3.34944     0.453990    0.0520871
1999-03-01/08:01:14      49.8000     -36.5800      12.5700      59.0000      2.21718     0.515038    0.0331699
1999-03-01/08:01:33      49.8100     -37.6100      12.7600      66.0000      1.46827     0.406737    0.0234106
1999-03-01/08:01:53      49.9600     -38.7200      12.4400      67.0000      1.81141     0.390731    0.0291018
1999-03-01/08:02:13      50.1700     -39.9500      12.5000      49.0000      2.95564     0.656059    0.0389322
1999-03-01/08:02:33      50.2800     -41.1100      12.4100      60.0000      2.55857     0.500000    0.0386728
1999-03-01/08:02:54      50.3000     -42.2500      12.6700      60.0000      2.72378     0.500000    0.0411699
1999-03-01/08:03:14      50.3000     -43.3500      12.7000      65.0000      1.94222     0.422618    0.0307221
1999-03-01/08:03:34      50.3000     -44.4200      12.6100      55.0000      1.90183     0.573576    0.0271903
1999-03-01/08:03:54      50.3600     -45.4700      12.5200      63.0000      2.47717     0.453990    0.0385225
1999-03-01/08:04:13      50.6000     -46.7000      12.5300      59.0000      2.31453     0.515038    0.0346263
1999-03-01/08:04:33      50.7600     -47.8100      12.6100      65.0000      1.76200     0.422618    0.0278714
1999-03-01/08:04:53      50.6600     -48.8600      12.4400      68.0000      1.86614     0.374607    0.0301986
1999-03-01/08:05:13      51.0000     -49.8900      12.4600      73.0000      1.92121     0.292372    0.0320663
1999-03-01/08:05:34      51.3500     -51.3000      12.6400      61.0000      1.76345     0.484810    0.0269191
1999-03-01/08:05:54      50.9600     -52.2300      13.0800      67.0000      1.37735     0.390731    0.0221283
1999-03-01/08:06:14      51.1800     -53.1200      13.1900      74.0000      2.34766     0.275637    0.0393871
1999-03-01/08:06:34      51.0000     -54.2100      12.4900      69.0000      2.20291     0.358368    0.0358943
1999-03-01/08:06:53      51.2300     -55.1800      12.5500      65.0000      1.76200     0.422618    0.0278714
1999-03-01/08:07:13      51.7000     -56.5000      12.6400      75.0000      1.91551     0.258819    0.0322928
1999-03-01/08:07:33      52.2600     -57.8000      12.7100      68.0000      1.80723     0.374607    0.0292453
1999-03-01/08:07:53      53.0000     -59.2000      12.7200      66.0000      1.69368     0.406737    0.0270047
1999-03-01/10:17:33      232.810     -66.2400      12.8800      105.000      3.09738     0.258819    0.0522174
1999-03-01/10:17:53      232.490     -65.1500      12.8800      110.000      2.32336     0.342020    0.0381048
1999-03-01/10:18:13      231.620     -63.8400      12.6600      116.000      2.75008     0.438371    0.0431403
1999-03-01/10:18:33      231.080     -62.5800      12.6600      128.000      3.76307     0.615661    0.0517549
1999-03-01/10:19:12      230.240     -60.2200      12.9300      134.000      1.98574     0.694658    0.0249307
1999-03-01/10:19:32      229.940     -59.0700      13.0800      117.000      2.93155     0.453991    0.0455885
1999-03-01/10:19:52      229.710     -57.8700      13.0100      123.000      2.11018     0.544639    0.0308879
1999-03-01/10:20:33      229.480     -55.5300      13.0500      124.000      1.94146     0.559193    0.0280918
1999-03-01/10:20:53      229.460     -54.3700      12.7200      118.000      4.54485     0.469472    0.0700377
1999-03-01/10:21:13      229.240     -53.1600      12.6500      97.0000      3.78949     0.121869    0.0656461
1999-03-01/10:21:32      229.020     -52.0700      13.0900      130.000      4.84274     0.642788    0.0647474
1999-03-01/10:21:52      228.820     -50.9500      13.2200      105.000      5.24147     0.258819    0.0883638
1999-03-01/10:22:12      228.730     -49.8900      13.1700      112.000      2.39763     0.374607    0.0387994
1999-03-01/10:22:32      228.680     -48.8300      13.5600      119.000      4.29604     0.484810    0.0655790
1999-03-01/10:22:53      228.650     -47.7300      13.4000      116.000      3.56278     0.438371    0.0558890
1999-03-01/10:23:13      228.600     -46.6200      13.5500      94.0000      3.20026    0.0697566    0.0557190
1999-03-01/10:23:33      228.540     -45.5200      13.3300      109.000      3.23959     0.325568    0.0534610
1999-03-01/10:23:53      228.500     -44.4400      13.5000      121.000      2.80403     0.515038    0.0419494
1999-03-01/10:24:12      228.450     -43.3800      13.4600      109.000      3.11900     0.325568    0.0514710
1999-03-01/10:24:32      228.440     -42.3300      13.1000      101.000      1.82292     0.190809    0.0312314
1999-03-01/10:24:52      228.500     -41.2900      13.2000      122.000      2.81476     0.529919    0.0416619
1999-03-01/10:25:12      228.500     -40.1600      13.3200      116.000      3.56278     0.438371    0.0558890
1999-03-01/10:25:33      228.430     -39.0100      13.2300      117.000      3.27689     0.453991    0.0509589
1999-03-01/10:25:53      228.320     -37.9100      15.9500      116.000      2.93375     0.438371    0.0460215
1999-03-01/10:26:13      228.240     -36.8400      16.1000      109.000      2.90309     0.325568    0.0479080
1999-03-01/10:26:33      228.210     -35.7300      16.4700      104.000      2.56031     0.241922    0.0433585
1999-03-01/10:26:52      228.190     -34.6300      16.4800      96.0000      3.16120     0.104529    0.0548711
1999-03-01/10:27:12      228.190     -33.4900      16.9900      111.000      2.32941     0.358368    0.0379555
1999-03-01/10:27:32      228.140     -32.3500      17.3500      96.0000      3.33394     0.104529    0.0578695
1999-03-01/10:27:52      228.010     -31.2600      16.1700      123.000      2.04324     0.544639    0.0299081
1999-03-01/10:28:13      228.040     -30.1600      16.5000      110.000      2.73958     0.342020    0.0449311
1999-03-01/10:28:33      228.080     -29.0800      17.5700      114.000      2.09785     0.406737    0.0334489
1999-03-01/10:28:53      228.070     -27.9900      17.7400      114.000      2.74282     0.406737    0.0437326
1999-03-01/10:29:13      227.980     -26.9500      17.7400      114.000      2.63779     0.406737    0.0420579
1999-03-01/10:29:32      227.970     -26.0200      17.4500      116.000      2.47717     0.438371    0.0388592
1999-03-01/10:29:52      227.920     -24.9200      16.7700      106.000      3.07495     0.275637    0.0515890
1999-03-01/10:30:12      227.860     -23.8300      16.1200      108.000      2.79788     0.309017    0.0464422
1999-03-01/10:30:32      227.770     -22.6900      16.7500      118.000      3.01293     0.469472    0.0464303
1999-03-01/10:30:53      227.770     -21.4900      14.9800      106.000      3.23908     0.275637    0.0543426
1999-03-01/10:31:13      227.830     -20.3600      15.0200      126.000      4.35442     0.587785    0.0614845
1999-03-01/10:31:33      227.810     -19.2900      14.0400      135.000      2.82523     0.707107    0.0348671
1999-03-01/10:31:53      227.750     -18.2100      14.6900      127.000      3.32400     0.601815    0.0463326
1999-03-01/10:32:32      227.650     -15.9700      14.0200      112.000      2.22430     0.374607    0.0359945
1999-03-01/10:32:52      227.660     -14.8300      15.2800      110.000      2.65743     0.342020    0.0435838
1999-03-01/10:33:12      227.660     -13.7300      17.4200      120.000      3.88265     0.500000    0.0586862
1999-03-01/10:33:33      227.690     -12.5700      13.3500      132.000      3.27162     0.669131    0.0424340
1999-03-01/10:33:53      227.730     -11.4900      15.1300      120.000      4.33929     0.500000    0.0655884
1999-03-01/10:34:33      227.700     -9.35000      15.5200      109.000      2.97829     0.325568    0.0491490
1999-03-01/10:34:52      227.680     -8.33000      12.7600      117.000      3.38384     0.453991    0.0526221
1999-03-01/10:35:12      227.640     -7.22000      15.3000      99.0000      2.63679     0.156434    0.0454541
1999-03-01/10:35:32      227.620     -6.14000      12.2400      100.000      2.10644     0.173648    0.0362058
1999-03-01/10:35:52      227.610     -5.01000      17.9000      105.000      2.58033     0.258819    0.0435007
1999-03-01/10:36:13      227.590     -3.87000      17.0700      109.000      2.90309     0.325568    0.0479080
1999-03-01/10:36:33      227.570     -2.77000      11.9900      108.000      2.88853     0.309017    0.0479469
1999-03-01/10:36:53      227.550     -1.68000      14.6100      109.000      3.18880     0.325568    0.0526229
1999-03-01/10:37:13      227.560    -0.600000      16.1000      112.000      1.94513     0.374607    0.0314769
1999-03-01/10:37:32      227.560     0.450000      14.4000      103.000      2.32163     0.224951    0.0394816
1999-03-01/10:37:52      227.540      1.54000      13.6500      107.000      3.59803     0.292372    0.0600535
1999-03-01/10:38:12      227.540      2.66000      14.1100      100.000      2.20742     0.173648    0.0379414
1999-03-01/10:38:32      227.540      3.78000      12.4600      105.000      3.09738     0.258819    0.0522174
1999-03-01/10:38:53      227.550      4.96000      14.5200      108.000      3.12735     0.309017    0.0519111
1999-03-01/10:39:13      227.560      6.06000      14.1000      111.000      2.47319     0.358368    0.0402983
1999-03-01/10:39:33      227.590      7.14000      13.2400      98.0000      3.06517     0.139173    0.0529767
1999-03-01/10:39:53      227.630      8.22000      12.7200      103.000      1.98394     0.224951    0.0337388
1999-03-01/10:40:12      227.650      9.26000      14.8300      104.000      2.45144     0.241922    0.0415148
1999-03-01/10:40:32      227.640      10.3400      15.3600      105.000      2.46569     0.258819    0.0415680
1999-03-01/10:40:52      227.600      11.3800      15.5000      94.0000      2.43530    0.0697566    0.0424005
1999-03-01/10:41:12      227.570      12.4300      14.9900      103.000      1.89749     0.224951    0.0322687
1999-03-01/10:41:33      227.580      13.5100      15.2800      109.000      2.51082     0.325568    0.0414346
1999-03-01/10:41:53      227.600      14.5600      15.5300      110.000      2.12442     0.342020    0.0348420
1999-03-01/10:42:13      227.610      15.5900      15.0700      108.000      2.79788     0.309017    0.0464422
1999-03-01/10:42:33      227.610      16.7200      14.9100      111.000      2.01220     0.358368    0.0327869
1999-03-01/10:42:52      227.550      17.7700      14.9500      111.000      2.16209     0.358368    0.0352292
1999-03-01/10:43:12      227.530      18.8500      14.3900      112.000      1.68015     0.374607    0.0271889
1999-03-01/10:43:32      227.500      19.9800      13.6700      104.000      2.35032     0.241922    0.0398023
1999-03-01/10:43:52      227.530      21.1200      13.5100      112.000      1.56737     0.374607    0.0253638
1999-03-01/10:44:13      227.540      22.3000      14.1100      103.000      1.65840     0.224951    0.0282027
1999-03-01/10:44:33      227.560      23.4600      14.2300      102.000      1.55031     0.207912    0.0264667
1999-03-01/10:44:53      227.550      24.5900      13.9300      105.000      2.34766     0.258819    0.0395782
1999-03-01/10:45:13      227.580      25.7100      13.9400      109.000      2.83748     0.325568    0.0468253
1999-03-01/10:45:32      227.610      26.8200      14.5700      94.0000      2.43530    0.0697566    0.0424005
1999-03-01/10:45:52      227.620      27.9300      14.4800      113.000      2.10025     0.390731    0.0337423
1999-03-01/10:46:12      227.650      29.0300      14.3500      108.000      2.72086     0.309017    0.0451637
1999-03-01/10:46:32      227.620      30.0800      14.2700      95.0000      2.03249    0.0871559    0.0353387
1999-03-01/10:46:53      227.660      31.1800      14.3200      106.000      2.58370     0.275637    0.0433472
1999-03-01/10:47:13      227.760      32.2900      14.5600      104.000      2.18875     0.241922    0.0370662
1999-03-01/10:47:33      227.790      33.4300      14.7200      105.000      2.34766     0.258819    0.0395782
1999-03-01/10:47:53      227.810      34.5300      14.7000      104.000      2.10729     0.241922    0.0356867
1999-03-01/10:48:12      227.780      35.5800      14.5500      102.000      1.55031     0.207912    0.0264667
1999-03-01/10:48:32      227.830      36.6400      14.2900      110.000      2.65743     0.342020    0.0435838
1999-03-01/10:48:52      228.020      37.8100      14.2100      141.000      6.57197     0.777146    0.0721846
1999-03-01/10:49:12      227.940      38.8000      14.1000      92.0000      2.34627    0.0348995    0.0409252
1999-03-01/10:49:33      228.000      39.9500      14.2900      117.000      4.15842     0.453991    0.0646676
1999-03-01/10:49:53      228.090      41.0300      14.6900      108.000      2.79788     0.309017    0.0464422
1999-03-01/10:50:13      228.160      42.0900      14.6800      110.000      2.88719     0.342020    0.0473520
1999-03-01/10:50:33      228.310      43.2800      13.4600      107.000      3.00550     0.292372    0.0501638
1999-03-01/10:50:52      228.300      44.2500      13.4900      104.000      2.56031     0.241922    0.0433585
1999-03-01/10:51:12      228.360      45.3900      13.5800      110.000      2.45938     0.342020    0.0403356
1999-03-01/10:51:32      228.420      46.4800      13.5300      112.000      1.61897     0.374607    0.0261988
1999-03-01/10:51:52      228.430      47.5400      13.5200      106.000      2.58370     0.275637    0.0433472
1999-03-01/10:52:13      228.500      48.6800      13.5600      111.000      2.37731     0.358368    0.0387360
1999-03-01/10:52:33      228.530      49.7600      13.4600      108.000      2.85097     0.309017    0.0473234
1999-03-01/10:52:53      228.680      50.8700      13.3700      112.000      1.90709     0.374607    0.0308613
1999-03-01/10:53:13      228.700      52.0400      13.4000      107.000      2.65356     0.292372    0.0442897
1999-03-01/10:53:32      228.750      53.1200      13.3800      111.000      2.25057     0.358368    0.0366709
1999-03-01/10:53:52      228.790      54.2500      13.4900      111.000      2.32941     0.358368    0.0379555
1999-03-01/10:54:12      228.780      55.4700      13.6400      109.000      2.51082     0.325568    0.0414346
1999-03-01/10:54:32      228.760      56.7300      13.6500      102.000      1.49575     0.207912    0.0255353
1999-03-01/10:54:53      228.730      57.9500      13.7000      96.0000      2.51410     0.104529    0.0436389
1999-03-01/10:55:13      228.720      59.2700      13.7100      108.000      2.88853     0.309017    0.0479469
1999-03-01/10:55:33      228.820      60.4300      13.8000      94.0000      3.35741    0.0697566    0.0584551
1999-03-01/10:55:53      229.440      61.6500      13.7800      108.000      2.85097     0.309017    0.0473234
1999-03-01/10:56:12      230.170      63.2700      14.0100      126.000      3.00177     0.587785    0.0423850
1999-03-01/10:56:32      229.610      64.0000      14.0200      118.000      3.73865     0.469472    0.0576139
1999-03-01/10:56:52      230.430      65.4200      13.7600      105.000      2.96037     0.258819    0.0499077
1999-03-01/10:57:12      230.450      66.4800      13.7400      112.000      2.29214     0.374607    0.0370924
1999-03-01/10:57:33      231.140      67.8000      13.5500      121.000      3.04718     0.515038    0.0455870
1999-03-01/10:57:53      231.020      68.9300      13.6500      119.000      3.85064     0.484810    0.0587800
1999-03-01/10:58:13      232.070      70.2000      13.7100      111.000      2.41315     0.358368    0.0393200
1999-03-01/10:58:33      233.380      71.6600      13.7300      112.000      1.94513     0.374607    0.0314769
1999-03-01/10:58:52      233.900      72.7100      13.7500      113.000      1.69368     0.390731    0.0272104
1999-03-01/19:35:44      227.630     -60.3000      13.8700      46.0000      8.93288     0.694658     0.112151
1999-03-01/19:36:04      226.480     -58.7300      13.8300      56.0000      4.32308     0.559193    0.0625525
1999-03-01/19:36:24      225.810     -57.3300      13.6900      64.0000      5.27870     0.438371    0.0828065
1999-03-01/19:36:44      225.630     -56.2700      13.7600      65.0000      4.32846     0.422618    0.0684678
1999-03-01/19:37:04      226.130     -55.5900      13.7100      71.0000      5.73336     0.325568    0.0946143
1999-03-01/19:37:24      225.860     -54.2400      13.7800      58.0000      5.01394     0.529919    0.0742125
1999-03-01/19:37:44      225.360     -52.9600      13.7300      44.0000      4.93263     0.719340    0.0598036
1999-03-01/19:38:04      225.370     -51.9900      13.6100      54.0000      7.21738     0.587785     0.101909
1999-03-01/19:38:24      225.250     -50.8500      13.5400      54.0000      7.96749     0.587785     0.112501
1999-03-01/19:38:44      225.220     -49.7700      13.5700      66.0000      4.06747     0.406737    0.0648533
1999-03-01/19:39:04      225.310     -48.7200      13.8400      54.0000      4.47399     0.587785    0.0631728
1999-03-01/19:39:24      225.000     -47.5000      13.8000      64.0000      8.59661     0.438371     0.134854
1999-03-01/19:39:44      224.780     -46.3500      13.8500      64.0000      9.17440     0.438371     0.143918
1999-03-01/19:40:04      224.480     -45.1600      13.8700      62.0000      4.45875     0.469472    0.0687109
1999-03-01/19:40:24      224.390     -44.0500      13.0000      52.0000      7.31930     0.615661     0.100665
1999-03-01/19:40:44      224.190     -42.7700      13.0200      57.0000      5.61617     0.544639    0.0822070
1999-03-01/19:41:04      223.920     -41.2800      13.0600      78.0000      3.12846     0.207912    0.0534087
1999-03-01/19:41:24      223.920     -40.2600      13.1800      71.0000      3.81802     0.325568    0.0630065
1999-03-01/19:41:44      224.110     -39.5200      13.2400      44.0000      10.3363     0.719340     0.125318
1999-03-01/19:42:04      224.080     -38.3600      13.0300      36.0000      9.59244     0.809017    0.0984068
1999-03-01/19:42:24      223.850     -37.0800      11.8400      63.0000      5.41446     0.453990    0.0842003
1999-03-01/19:42:44      223.720     -35.9700      12.5900      65.0000      3.75034     0.422618    0.0593231
1999-03-01/19:43:04      223.810     -34.9200      13.3300      63.0000      5.10837     0.453990    0.0794403
1999-03-01/19:43:24      223.870     -33.9000      13.4700      58.0000      5.01394     0.529919    0.0742125
1999-03-01/19:43:44      223.860     -32.7400      13.1800      54.0000      4.71222     0.587785    0.0665366
1999-03-01/19:44:04      223.680     -31.4800      12.9900      66.0000      5.50504     0.406737    0.0877744
1999-03-01/19:44:24      223.620     -30.2900      12.5300      48.0000      5.91848     0.669131    0.0767646
1999-03-01/19:44:44      223.540     -29.2000      12.2700      60.0000      3.57206     0.500000    0.0539917
1999-03-01/19:45:04      223.550     -28.1100      13.2800      48.0000      6.56013     0.669131    0.0850870
1999-03-01/19:45:24      223.520     -27.0200      13.9000      49.0000      7.72989     0.656059     0.101819
1999-03-01/19:45:44      223.450     -25.8700      13.4300      59.0000      4.33929     0.515038    0.0649175
1999-03-01/19:46:04      223.330     -24.7100      11.8700      52.0000      6.09990     0.615661    0.0838943
1999-03-01/19:46:24      223.310     -23.6200      9.54000      58.0000      3.90478     0.529919    0.0577956
1999-03-01/19:46:44      223.260     -22.5000      14.1700      51.0000      11.8128     0.629320     0.160226
1999-03-01/19:47:04      223.190     -21.4100      13.5800      68.0000      3.72656     0.374607    0.0603047
1999-03-01/19:47:24      223.200     -20.3300      11.9300      61.0000      4.06758     0.484810    0.0620916
1999-03-01/19:47:44      223.120     -19.2300      13.7400      48.0000      4.73450     0.669131    0.0614080
1999-03-01/19:48:04      223.110     -18.1700      12.9200      63.0000      5.66333     0.453990    0.0880704
1999-03-01/19:48:24      223.140     -17.0800      13.7300      67.0000      6.37525     0.390731     0.102424
1999-03-01/19:48:44      223.160     -15.9800      15.7800      49.0000      4.84274     0.656059    0.0637894
1999-03-01/19:49:04      223.180     -14.9300      14.7000      56.0000      5.35613     0.559193    0.0775002
1999-03-01/19:51:04      222.900     -8.25000      13.8400      20.0000      20.9348     0.939693     0.124968
1999-03-01/19:51:24      222.900     -7.20000      13.3500      47.0000      8.05910     0.681998     0.102871
1999-03-01/19:51:44      222.870     -6.14000      12.5200      48.0000      5.91848     0.669131    0.0767646
1999-03-01/19:52:04      222.910     -5.06000      13.3500      46.0000      4.30268     0.694658    0.0540195
1999-03-01/19:52:24      222.890     -3.96000      13.5700      46.0000      4.74620     0.694658    0.0595878
1999-03-01/19:52:44      222.880     -2.82000      12.9200      58.0000      5.86516     0.529919    0.0868116
1999-03-01/19:53:04      222.850     -1.72000      13.5200      61.0000      6.97891     0.484810     0.106533
1999-03-01/19:53:24      222.840    -0.650000      12.4500      62.0000      4.82079     0.469472    0.0742900
1999-03-01/19:53:44      222.840     0.470000      15.2100      71.0000      3.72693     0.325568    0.0615033
1999-03-01/19:54:04      222.850      1.59000      14.5700      68.0000      2.47319     0.374607    0.0400222
1999-03-01/19:54:24      222.810      2.69000      12.5600      65.0000      3.93486     0.422618    0.0622418
1999-03-01/19:54:44      222.820      3.75000      13.5400      60.0000      6.47383     0.500000    0.0978519
1999-03-01/19:55:04      222.860      4.87000      13.3600      56.0000      3.63904     0.559193    0.0526549
1999-03-01/19:55:24      222.800      5.98000      11.1200      50.0000      4.78361     0.642788    0.0639569
1999-03-01/19:55:44      222.730      7.10000      12.0200      57.0000      3.51694     0.544639    0.0514794
1999-03-01/19:56:04      222.690      8.18000      13.0800      59.0000      5.88799     0.515038    0.0880866
1999-03-01/19:56:24      222.650      9.29000      13.1000      60.0000      3.57206     0.500000    0.0539917
1999-03-01/19:57:04      222.610      11.4800      13.6700      77.0000      3.72861     0.224951    0.0634086
1999-03-01/19:57:24      222.680      12.5900      10.6700      64.0000      3.34448     0.438371    0.0524646
1999-03-01/19:57:44      222.690      13.6900      21.8200      54.0000      5.26571     0.587785    0.0743519
1999-03-01/19:58:04      222.690      14.7800      23.0900      61.0000      4.06758     0.484810    0.0620916
1999-03-01/19:58:24      222.640      15.8900      17.5300      65.0000      2.74282     0.422618    0.0433861
1999-03-01/19:58:44      222.600      16.9700      17.7900      57.0000      3.39229     0.544639    0.0496549
1999-03-01/19:59:04      222.590      18.0800      15.1000      64.0000      3.88985     0.438371    0.0610197
1999-03-01/19:59:24      222.610      19.1800      14.4900      63.0000      6.70074     0.453990     0.104203
1999-03-01/19:59:44      222.580      20.2800      15.3800      70.0000      5.14260     0.342020    0.0843424
1999-03-01/20:00:04      222.530      21.4700      13.5500      63.0000      3.66487     0.453990    0.0569924
1999-03-01/20:00:24      222.520      22.6300      11.7100      56.0000      2.22103     0.559193    0.0321371
1999-03-01/20:00:44      222.610      23.7500      12.8000      69.0000      4.30470     0.358368    0.0701410
1999-03-01/20:01:04      222.670      24.7400      11.5200      68.0000      3.42468     0.374607    0.0554196
1999-03-01/20:01:24      222.640      25.7100      13.4500      68.0000      4.42117     0.374607    0.0715452
1999-03-01/20:01:44      222.630      26.7800      14.9000      62.0000      4.56993     0.469472    0.0704242
1999-03-01/20:02:04      222.680      27.8700      15.0200      57.0000      3.12708     0.544639    0.0457728
1999-03-01/20:02:24      222.760      28.9400      15.5600      54.0000      2.63929     0.587785    0.0372668
1999-03-01/20:02:44      222.690      30.0600      14.7500      74.0000      7.71171     0.275637     0.129381
1999-03-01/20:03:04      222.650      31.1500      14.7900      42.0000      6.23492     0.743145    0.0728147
1999-03-01/20:03:24      222.630      32.3200      13.7900      64.0000      3.75347     0.438371    0.0588804
1999-03-01/20:03:44      222.620      33.4900      13.4100      67.0000      4.05729     0.390731    0.0651838
1999-03-01/20:04:04      222.590      34.5700      13.4600      64.0000      3.88985     0.438371    0.0610197
1999-03-01/20:04:24      222.680      35.6300      13.6400      64.0000      4.53078     0.438371    0.0710740
1999-03-01/20:04:44      222.740      36.7200      13.9900      62.0000      4.56993     0.469472    0.0704242
1999-03-01/20:05:04      222.730      37.7800      13.8700      51.0000      5.42834     0.629320    0.0736287
1999-03-01/20:05:24      222.730      38.9100      13.0600      57.0000      3.33634     0.544639    0.0488359
1999-03-01/20:05:44      222.700      40.1000      12.0700      67.0000      2.95217     0.390731    0.0474291
1999-03-01/20:06:04      222.720      41.1500      13.4800      59.0000      4.56678     0.515038    0.0683208
1999-03-01/20:06:24      222.820      42.2300      13.6400      65.0000      3.21946     0.422618    0.0509256
1999-03-01/20:06:44      222.830      43.3500      13.4100      60.0000      3.29344     0.500000    0.0497803
1999-03-01/20:07:04      222.850      44.4200      13.6200      67.0000      2.29214     0.390731    0.0368252
1999-03-01/20:07:24      222.800      45.5400      13.6300      70.0000      3.28169     0.342020    0.0538221
1999-03-01/20:07:44      222.900      46.6000      13.7900      64.0000      5.07437     0.438371    0.0796012
1999-03-01/20:08:04      222.920      47.6800      13.9600      66.0000      4.93153     0.406737    0.0786302
1999-03-01/20:08:24      222.950      48.8300      13.8400      51.0000      5.87966     0.629320    0.0797503
1999-03-01/20:08:44      222.880      49.9800      13.6800      53.0000      3.91933     0.601815    0.0546308
1999-03-01/20:09:04      222.890      51.0800      13.6400      58.0000      3.23298     0.529919    0.0478521
1999-03-01/20:09:24      222.780      52.3500      13.8700      66.0000      2.10025     0.406737    0.0334872
1999-03-01/20:09:44      222.390      53.5300      14.2200      64.0000      4.13745     0.438371    0.0649038
1999-03-01/20:10:04      222.070      54.4000      14.2200      54.0000      4.47399     0.587785    0.0631728
1999-03-01/20:10:24      223.290      54.9500      13.8900      47.0000      24.7334     0.681998     0.315710
1999-03-01/20:10:44      224.130      56.3000      13.5800      54.0000      8.26770     0.587785     0.116740
1999-03-01/20:11:04      223.400      57.7900      13.3700      58.0000      3.04718     0.529919    0.0451020
1999-03-01/20:11:24      223.240      58.8000      13.4200      56.0000      2.34112     0.559193    0.0338747
1999-03-01/20:11:44      223.340      59.9600      13.7000      50.0000      5.15548     0.642788    0.0689288
1999-03-01/20:12:04      223.170      61.1000      13.9200      49.0000      5.86415     0.656059    0.0772436
1999-03-01/20:12:24      223.030      62.0700      13.8000      26.0000      32.8278     0.898794     0.251166
1999-03-01/20:14:24      224.910      68.9700      13.3500      53.0000      5.06650     0.601815    0.0706210
1999-03-01/20:14:43      224.130      70.1300      13.3300      65.0000      3.55449     0.422618    0.0562251
1999-03-01/20:15:03      223.840      71.0500      13.3800      68.0000      4.16675     0.374607    0.0674281
1999-03-01/20:15:23      224.190      72.1700      13.5400      79.0000      3.59287     0.190809    0.0615553
1999-03-01/20:15:43      224.870      73.2300      13.5100      63.0000      4.57356     0.453990    0.0711234
1999-03-01/20:16:04      225.650      74.3600      13.5200      65.0000      4.12941     0.422618    0.0653192
1999-03-01/20:16:24      225.330      75.4800      13.5800      65.0000      5.47039     0.422618    0.0865309
1999-03-01/20:16:44      225.770      76.6900      13.6900      73.0000      6.08789     0.292372     0.101611
1999-03-01/20:17:04      225.860      77.8100      13.6300      49.0000      6.73825     0.656059    0.0887574
1999-03-01/20:17:23      227.390      79.0500      13.4900      63.0000      3.56278     0.453990    0.0554048
1999-03-01/20:17:43      229.150      80.3400      13.6100      61.0000      4.34637     0.484810    0.0663473
1999-03-01/20:18:03      228.730      81.3400      13.6900      48.0000      4.60264     0.669131    0.0596977
1999-03-01/20:18:23      228.470      82.4500      13.6800      66.0000      5.74550     0.406737    0.0916084
1999-03-01/20:18:42      230.140      83.6200      13.7700      62.0000      4.82079     0.469472    0.0742900
1999-03-01/20:19:02      234.270      85.0000      13.8900      65.0000      2.85912     0.422618    0.0452257
1999-03-01/20:19:22      243.360      86.0700      13.9500      65.0000      2.46245     0.422618    0.0389512
1999-03-02/01:07:40      227.540     -65.0700      13.9800      121.000      3.56322     0.515038    0.0533072
1999-03-02/01:08:00      227.320     -64.0100      14.0600      109.000      3.11900     0.325568    0.0514710
1999-03-02/01:08:20      227.210     -63.0100      14.0900      112.000      1.94513     0.374607    0.0314769
1999-03-02/01:08:40      225.260     -61.4500      14.1600      120.000      3.34165     0.500000    0.0505090
1999-03-02/01:09:00      224.370     -60.1500      14.1100      112.000      2.09250     0.374607    0.0338617
1999-03-02/01:09:20      224.480     -59.2800      13.8600      106.000      6.58798     0.275637     0.110528
1999-03-02/01:09:39      224.410     -58.1200      13.6600      114.000      1.67200     0.406737    0.0266590
1999-03-02/01:09:59      223.880     -56.8500      13.9700      114.000      5.84843     0.406737    0.0932496
1999-03-02/01:10:19      223.150     -55.5300      13.9600      118.000      7.99793     0.469472     0.123251
1999-03-02/01:10:40      222.770     -54.3800      13.8500      115.000      3.24076     0.422618    0.0512625
1999-03-02/01:11:00      222.820     -53.3500      13.8400      106.000      4.17674     0.275637    0.0700739
1999-03-02/01:11:20      222.620     -52.2100      13.9700      132.000      8.40628     0.669131     0.109032
1999-03-02/01:11:40      222.310     -51.0900      14.0100      130.000      8.71274     0.642788     0.116489
1999-03-02/01:11:59      222.010     -50.0100      13.8800      112.000      2.03620     0.374607    0.0329506
1999-03-02/01:12:19      221.870     -48.9300      14.0900      112.000      4.32754     0.374607    0.0700300
1999-03-02/01:12:39      221.800     -47.7900      13.7900      114.000      7.39356     0.406737     0.117886
1999-03-02/01:12:59      221.830     -46.7000      13.7900      117.000      3.71922     0.453991    0.0578376
1999-03-02/01:13:20      221.760     -45.5100      13.6200      128.000      4.45622     0.615661    0.0612881
1999-03-02/01:13:40      221.540     -44.2900      13.7100      113.000      3.89541     0.390731    0.0625830
1999-03-02/01:14:00      221.440     -43.1500      13.6800      103.000      2.41720     0.224951    0.0411068
1999-03-02/01:14:20      221.490     -42.1800      13.5800      101.000      1.82292     0.190809    0.0312314
1999-03-02/01:14:39      221.750     -41.2100      13.5800      113.000      1.74178     0.390731    0.0279832
1999-03-02/01:15:19      221.010     -38.7600      13.5400      93.0000      3.27567    0.0523359    0.0570929
1999-03-02/01:15:39      221.180     -37.8400      13.5900      132.000      3.27162     0.669131    0.0424340
1999-03-02/01:16:00      221.220     -36.6900      13.7600      116.000      3.45764     0.438371    0.0542397
1999-03-02/01:16:20      220.950     -35.6300      13.7300      106.000      2.94420     0.275637    0.0493954
1999-03-02/01:16:40      220.760     -34.3900      13.6600      118.000      4.71316     0.469472    0.0726314
1999-03-02/01:17:00      220.630     -33.1800      13.5900      134.000      4.40170     0.694658    0.0552627
1999-03-02/01:17:19      220.590     -32.1800      13.5100      132.000      3.84916     0.669131    0.0499249
1999-03-02/01:17:39      220.560     -31.1600      13.4300      120.000      3.05288     0.500000    0.0461443
1999-03-02/01:17:59      220.640     -30.1800      13.3900      109.000      3.18880     0.325568    0.0526229
1999-03-02/01:18:19      220.560     -29.0500      15.1200      101.000      1.63026     0.190809    0.0279306
1999-03-02/01:18:40      220.430     -27.9700      15.3200      99.0000      3.16593     0.156434    0.0545756
1999-03-02/01:19:00      220.400     -26.9400      14.0000      110.000      2.78623     0.342020    0.0456962
1999-03-02/01:19:20      220.450     -25.8000      14.7200      102.000      2.75810     0.207912    0.0470860
1999-03-02/01:19:40      220.540     -24.7900      15.0600      103.000      2.99630     0.224951    0.0509550
1999-03-02/01:19:59      220.520     -23.6200      15.4800      121.000      3.31091     0.515038    0.0495325
1999-03-02/01:20:19      220.520     -22.4400      14.5600      99.0000      3.10816     0.156434    0.0535798
1999-03-02/01:20:39      220.570     -21.2700      13.1100      114.000      4.12941     0.406737    0.0658409
1999-03-02/01:20:59      220.390     -20.0300      15.7900      91.0000      1.77038    0.0174525    0.0308943
1999-03-02/01:21:20      220.260     -18.9400      14.0400      110.000      3.82218     0.342020    0.0626865
1999-03-02/01:21:40      220.250     -17.8700      13.2800      113.000      3.25485     0.390731    0.0522919
1999-03-02/01:22:20      220.200     -15.6600      14.9900      110.000      4.20403     0.342020    0.0689492
1999-03-02/01:22:59      220.150     -13.5200      13.8400      100.000      3.50410     0.173648    0.0602290
1999-03-02/01:23:19      220.140     -12.5000      15.1200      108.000      5.99225     0.309017    0.0994658
1999-03-02/01:23:39      220.130     -11.3900      15.8900      103.000      2.41720     0.224951    0.0411068
1999-03-02/01:23:59      220.120     -10.3700      14.7500      120.000      4.12284     0.500000    0.0623167
1999-03-02/01:24:19      220.130     -9.23000      14.5400      115.000      4.13745     0.422618    0.0654464
1999-03-02/01:24:39      220.050     -8.06000      14.1600      109.000      3.32780     0.325568    0.0549167
1999-03-02/01:24:59      219.990     -6.98000      15.2000      112.000      3.13059     0.374607    0.0506605
1999-03-02/01:25:19      220.040     -5.85000      14.2900      121.000      4.08844     0.515038    0.0611647
1999-03-02/01:25:39      220.070     -4.69000      14.5300      115.000      3.09391     0.422618    0.0489396
1999-03-02/01:25:59      219.980     -3.59000      14.5800      97.0000      4.33456     0.121869    0.0750884
1999-03-02/01:26:39      219.980     -1.44000      13.8000      112.000      2.39763     0.374607    0.0387994
1999-03-02/01:26:59      219.960    -0.330000      13.9400      99.0000      3.25690     0.156434    0.0561438
1999-03-02/01:27:19      219.930     0.750000      14.8800      91.0000      1.41036    0.0174525    0.0246117
1999-03-02/01:28:39      219.920      5.11000      15.4300      115.000      3.16159     0.422618    0.0500102
1999-03-02/01:28:59      220.020      6.23000      15.4000      123.000      2.27303     0.544639    0.0332716
1999-03-02/01:29:19      219.990      7.27000      10.5500      120.000      5.29080     0.500000    0.0799704
1999-03-02/01:29:39      220.100      8.31000      8.52000      123.000      2.04324     0.544639    0.0299081
1999-03-02/01:29:59      220.270      9.53000      11.9500      115.000      2.15278     0.422618    0.0340528
1999-03-02/01:30:19      220.180      10.8200      12.2700      119.000      4.13137     0.484810    0.0630653
1999-03-02/01:30:39      219.910      11.8700      15.1800      108.000      3.59103     0.309017    0.0596077
1999-03-02/01:30:59      219.830      12.8900      13.7500      118.000      3.56851     0.469472    0.0549920
1999-03-02/01:31:19      219.830      13.9900      19.5800      103.000      2.41720     0.224951    0.0411068
1999-03-02/01:31:39      219.810      15.0900      21.2200      102.000      1.65815     0.207912    0.0283078
1999-03-02/01:31:59      219.750      16.1500      17.8800      113.000      1.87336     0.390731    0.0300971
1999-03-02/01:32:19      219.670      17.1900      17.3700      105.000      3.75271     0.258819    0.0632654
1999-03-02/01:32:39      219.720      18.2700      14.2100      106.000      4.73724     0.275637    0.0794775
1999-03-02/01:33:19      219.690      20.5200      15.2800      94.0000      5.55826    0.0697566    0.0967736
1999-03-02/01:33:39      219.680      21.6500      15.2700      91.0000      1.70496    0.0174525    0.0297526
1999-03-02/01:33:59      219.650      22.7500      14.2800      91.0000      2.12954    0.0174525    0.0371618
1999-03-02/01:34:19      219.690      23.8400      15.8000      114.000      2.74282     0.406737    0.0437326
1999-03-02/01:35:19      219.810      27.2000      14.0000      139.000      6.00063     0.754710    0.0687095
1999-03-02/01:35:39      219.810      28.3900      14.2700      104.000      18.8654     0.241922     0.319483
1999-03-02/01:36:19      219.740      30.5300      15.7600      99.0000      4.67998     0.156434    0.0806754
1999-03-02/01:36:39      219.800      31.6400      16.3000      101.000      1.89705     0.190809    0.0325014
1999-03-02/01:36:59      219.790      32.7500      16.3200      115.000      3.34448     0.422618    0.0529032
1999-03-02/01:37:19      219.750      33.7800      16.3500      107.000      3.13206     0.292372    0.0522762
1999-03-02/01:37:39      219.770      34.8900      14.9200      108.000      3.20879     0.309017    0.0532629
1999-03-02/01:37:59      219.800      36.0000      13.7500      97.0000      2.86343     0.121869    0.0496038
1999-03-02/01:38:39      219.780      38.2800      13.9600      102.000      3.72861     0.207912    0.0636544
1999-03-02/01:38:59      219.770      39.4100      14.1300      109.000      3.18880     0.325568    0.0526229
1999-03-02/01:39:19      219.780      40.5400      14.3400      98.0000      3.06517     0.139173    0.0529767
1999-03-02/01:39:39      219.810      41.6700      14.5000      110.000      3.10278     0.342020    0.0508879
1999-03-02/01:39:59      219.860      42.7600      14.3800      118.000      3.42319     0.469472    0.0527525
1999-03-02/01:40:19      219.880      43.8500      14.1900      120.000      3.73037     0.500000    0.0563845
1999-03-02/01:40:39      219.940      44.9400      14.2600      114.000      2.17026     0.406737    0.0346034
1999-03-02/01:40:59      220.010      46.0800      14.3600      115.000      4.36896     0.422618    0.0691084
1999-03-02/01:41:19      220.010      47.2600      14.3500      115.000      3.00722     0.422618    0.0475684
1999-03-02/01:41:39      220.050      48.3300      14.1300      113.000      2.10025     0.390731    0.0337423
1999-03-02/01:41:59      220.110      49.4600      14.4200      122.000      2.40317     0.529919    0.0355699
1999-03-02/01:42:19      220.210      50.6200      14.4600      126.000      3.07954     0.587785    0.0434831
1999-03-02/01:42:39      220.280      51.7700      14.4800      114.000      2.37061     0.406737    0.0377979
1999-03-02/01:42:59      220.180      52.8600      14.3600      115.000      2.69276     0.422618    0.0425942
1999-03-02/01:43:19      220.240      54.0500      14.5300      108.000      2.94697     0.309017    0.0489170
1999-03-02/01:43:39      219.770      54.8700      14.6200      114.000      2.17026     0.406737    0.0346034
1999-03-02/01:43:59      220.320      56.2300      14.6100      120.000      2.97762     0.500000    0.0450067
1999-03-02/01:44:19      220.490      57.4500      14.4900      112.000      2.03620     0.374607    0.0329506
1999-03-02/01:44:39      220.430      58.5000      14.2700      112.000      3.13059     0.374607    0.0506605
1999-03-02/01:44:59      220.460      59.6100      14.2400      115.000      3.00722     0.422618    0.0475684
1999-03-02/01:45:19      220.580      60.7700      14.3300      119.000      3.42648     0.484810    0.0523052
1999-03-02/01:45:39      220.670      61.8600      14.4200      118.000      6.71855     0.469472     0.103535
1999-03-02/01:45:59      221.670      63.2800      14.4300      119.000      2.94180     0.484810    0.0449066
1999-03-02/01:46:19      221.520      64.4100      14.4100      117.000      4.65407     0.453991    0.0723754
1999-03-02/01:46:39      221.790      65.5400      13.9100      118.000      3.20731     0.469472    0.0494257
1999-03-02/01:46:59      222.370      66.8900      14.1000      118.000      3.42319     0.469472    0.0527525
1999-03-02/01:47:19      223.170      68.0800      14.2800      141.000      8.28318     0.777146    0.0909801
1999-03-02/01:47:39      223.230      69.1000      14.3600      153.000      13.8447     0.891007     0.109700
1999-03-02/01:47:59      223.760      70.2700      14.4100      115.000      3.34448     0.422618    0.0529032
1999-03-02/01:48:19      226.500      72.0600      14.3600      123.000      2.34112     0.544639    0.0342683
1999-03-02/01:48:39      230.720      74.2500      14.2300      116.000      3.45764     0.438371    0.0542397
1999-03-02/01:48:59      229.030      74.4900      14.2200      113.000      2.19499     0.390731    0.0352644
1999-03-02/05:17:57      218.220      27.6600      14.2800      101.000      1.78652     0.190809    0.0306078
1999-03-02/05:18:17      218.080      28.7500      14.3200      92.0000      2.02629    0.0348995    0.0353439
1999-03-02/05:18:36      217.930      29.8800      14.4400      91.0000      1.44156    0.0174525    0.0251561
1999-03-02/05:19:16      217.870      31.9700      14.3500      101.000      2.66120     0.190809    0.0455933
1999-03-02/05:19:36      217.850      33.0600      14.3700      104.000      3.92555     0.241922    0.0664786
1999-03-02/05:19:57      217.820      34.2700      14.4400      111.000      2.66344     0.358368    0.0433982
1999-03-02/05:20:17      217.860      35.4100      14.5600      93.0000      2.45544    0.0523359    0.0427968
1999-03-02/05:21:16      217.880      38.7300      14.4500      93.0000      2.62598    0.0523359    0.0457692
1999-03-02/05:21:36      217.920      39.9200      14.3600      114.000      4.12941     0.406737    0.0658409
1999-03-02/05:21:56      218.030      41.2300      14.2800      94.0000      3.44888    0.0697566    0.0600477
1999-03-02/05:22:16      217.830      42.6400      14.0900      126.000      4.58610     0.587785    0.0647558
1999-03-02/05:22:37      217.740      43.6000      14.1100      100.000      2.37992     0.173648    0.0409064
1999-03-02/05:22:57      218.200      44.5400      14.2000      93.0000      2.60843    0.0523359    0.0454633
1999-03-02/05:23:17      218.210      45.7300      14.3000      100.000      2.30634     0.173648    0.0396417
1999-03-02/05:23:37      218.320      46.6700      14.1200      108.000      2.94697     0.309017    0.0489170
1999-03-02/05:23:56      218.380      47.4800      14.0400      102.000      1.60103     0.207912    0.0273326
1999-03-02/05:24:16      218.750      48.1600      14.1900      115.000      4.71998     0.422618    0.0746609
1999-03-02/05:24:36      218.910      49.1000      14.3800      106.000      7.75714     0.275637     0.130143
1999-03-02/05:24:56      219.080      50.5600      14.0500      115.000      4.36896     0.422618    0.0691084
1999-03-02/05:25:17      218.270      51.6300      14.1400      116.000      3.23533     0.438371    0.0507524
1999-03-02/05:25:37      217.800      52.8900      14.1100      114.000      2.37061     0.406737    0.0377979
1999-03-02/05:25:57      217.690      54.0400      13.9300      152.000      38.7864     0.882948     0.317809
1999-03-02/05:26:17      217.630      54.9700      13.9300      130.000      3.52345     0.642788    0.0471085
1999-03-02/05:26:36      218.150      56.1600      13.8100      111.000      2.39953     0.358368    0.0390981
1999-03-02/05:26:56      218.160      57.6200      13.8500      109.000      3.11900     0.325568    0.0514710
1999-03-02/05:27:16      218.230      58.8700      13.6600      95.0000      2.16665    0.0871559    0.0376713
1999-03-02/05:27:36      218.230      59.8400      13.8600      93.0000      2.01383    0.0523359    0.0350998
1999-03-02/05:28:17      218.850      62.1200      13.9400      113.000      1.69368     0.390731    0.0272104
1999-03-02/05:28:37      218.970      63.4800      13.9900      98.0000      2.98906     0.139173    0.0516612
1999-03-02/05:28:57      218.550      64.4100      14.1700      99.0000      2.70037     0.156434    0.0465501
1999-03-02/05:29:16      218.640      65.5200      14.1800      109.000      2.75142     0.325568    0.0454051
1999-03-02/05:29:36      218.790      66.8000      13.9000      111.000      2.41315     0.358368    0.0393200
1999-03-02/05:29:56      218.690      68.0500      13.8700      100.000      2.78705     0.173648    0.0479042
1999-03-02/11:23:51      36.9800      49.2700      14.3900      109.000      3.18880     0.325568    0.0526229
1999-03-02/11:24:11      36.3600      47.6100      13.2100      125.000      2.63929     0.573576    0.0377337
1999-03-02/11:24:31      36.3100      46.6800      15.0500      116.000      3.45764     0.438371    0.0542397
1999-03-02/11:24:51      36.4800      45.9300      15.0400      123.000      5.86512     0.544639    0.0858511
1999-03-02/11:25:50      35.9300      42.0500      14.0200      104.000      3.45956     0.241922    0.0585871
1999-03-02/11:26:10      35.9900      41.0800      14.0400      99.0000      4.06312     0.156434    0.0700417
1999-03-02/11:26:31      35.7400      39.8700      13.9300      119.000      3.57206     0.484810    0.0545275
1999-03-02/11:26:51      35.6900      38.7600      12.0900      120.000      3.73037     0.500000    0.0563845
1999-03-02/11:27:11      35.9300      37.7500      14.5000      124.000      2.16123     0.559193    0.0312718
1999-03-02/11:27:31      35.8900      36.5900      15.6000      111.000      2.41315     0.358368    0.0393200
1999-03-02/11:27:50      35.5700      35.3300      13.2900      110.000      3.67818     0.342020    0.0603248
1999-03-02/11:28:10      35.5400      34.4500      12.6800      97.0000      3.92587     0.121869    0.0680086
1999-03-02/11:29:11      35.0400      30.7900      14.3200      97.0000      2.79514     0.121869    0.0484208
1999-03-02/11:29:31      34.9000      29.5700      14.9000      91.0000      1.30932    0.0174525    0.0228485
1999-03-02/11:29:51      34.8200      28.2700      13.5000      92.0000      1.72780    0.0348995    0.0301374
1999-03-02/11:30:11      34.8200      26.9500      12.0000      122.000      4.70447     0.529919    0.0696319
1999-03-02/11:30:30      34.9800      25.8200      14.9800      140.000      4.13557     0.766045    0.0463960
1999-03-02/11:31:10      34.6100      23.6100      15.9400      100.000      3.56687     0.173648    0.0613078
1999-03-02/11:31:30      35.0400      22.7600      15.5300      120.000      2.92475     0.500000    0.0442076
1999-03-02/11:31:51      35.3400      21.7300      10.8900      126.000      5.86017     0.587785    0.0827456
1999-03-02/11:32:51      34.8100      18.5800      15.3300      113.000      1.82806     0.390731    0.0293693
1999-03-02/11:33:50      34.6100      15.3500      15.6700      91.0000      1.77038    0.0174525    0.0308943
1999-03-02/11:34:31      34.8700      13.3200      14.2500      99.0000      3.25690     0.156434    0.0561438
1999-03-02/11:34:51      34.7900      12.1900      15.5400      106.000      4.73724     0.275637    0.0794775
1999-03-02/11:35:11      34.8000      11.1700      23.6700      131.000      6.56013     0.656059    0.0864111
1999-03-02/11:35:31      34.9600      10.2300      15.8100      94.0000      5.79255    0.0697566     0.100853
1999-03-02/11:35:50      34.8500      9.09000      14.3200      145.000      6.82253     0.819152    0.0682990
1999-03-02/11:36:10      34.7900      7.97000      13.5600      143.000      17.2331     0.798636     0.181010
1999-03-02/11:36:30      34.7100      6.70000      13.5200      110.000      3.00121     0.342020    0.0492220
1999-03-02/11:36:50      34.6800      5.59000      14.0300      101.000      2.89487     0.190809    0.0495967
1999-03-02/11:37:11      34.6300      4.46000      12.1000      129.000      3.81963     0.629321    0.0518085
1999-03-02/11:37:31      34.4900      3.28000      13.6000      97.0000      3.62364     0.121869    0.0627730
1999-03-02/11:38:11      34.4900      1.09000      18.1200      110.000      2.78623     0.342020    0.0456962
1999-03-02/11:38:30      34.5500    0.0300000      18.0700      102.000      3.35516     0.207912    0.0572789
1999-03-02/11:38:50      34.5500     -1.15000      18.7200      138.000      5.73175     0.743145    0.0669384
1999-03-02/11:39:10      34.3500     -2.25000      17.1400      117.000      4.45875     0.453991    0.0693380
1999-03-02/11:39:30      34.3000     -3.24000      14.6700      108.000      6.16223     0.309017     0.102287
1999-03-02/11:39:51      34.2500     -4.40000      16.5200      104.000      2.85144     0.241922    0.0482887
1999-03-02/11:40:11      34.3000     -5.47000      17.3200      102.000      2.28924     0.207912    0.0390817
1999-03-02/11:40:31      34.3800     -6.58000      15.0900      105.000      3.40585     0.258819    0.0574178
1999-03-02/11:40:51      34.3600     -7.71000      14.2300      103.000      1.98394     0.224951    0.0337388
1999-03-02/11:41:10      34.2900     -8.77000      14.8000      102.000      3.60088     0.207912    0.0614738
1999-03-02/11:41:30      34.2300     -9.89000      14.8400      99.0000      3.25690     0.156434    0.0561438
1999-03-02/11:41:50      34.2100     -10.9900      14.9400      97.0000      3.92587     0.121869    0.0680086
1999-03-02/11:42:10      34.1900     -12.0900      14.3800      108.000      3.72693     0.309017    0.0618636
1999-03-02/11:42:31      34.1900     -13.2300      14.9900      106.000      5.16517     0.275637    0.0866570
1999-03-02/11:42:51      34.1100     -14.3300      14.3800      130.000      4.84274     0.642788    0.0647474
1999-03-02/11:43:11      34.0200     -15.3800      14.8900      128.000      5.76257     0.615661    0.0792548
1999-03-02/11:43:31      33.9200     -16.3800      14.7700      115.000      4.53078     0.422618    0.0716681
1999-03-02/11:43:50      34.0700     -17.4400      14.6200      108.000      5.83238     0.309017    0.0968121
1999-03-02/11:44:10      34.1700     -18.6400      14.2600      103.000      3.59763     0.224951    0.0611812
1999-03-02/11:44:30      34.1700     -19.8000      14.2800      103.000      3.18314     0.224951    0.0541324
1999-03-02/11:44:50      34.1400     -20.9000      14.3400      103.000      2.32163     0.224951    0.0394816
1999-03-02/11:45:11      34.0900     -22.0500      14.5400      109.000      2.83748     0.325568    0.0468253
1999-03-02/11:45:51      33.9500     -24.2200      14.5600      98.0000      3.65394     0.139173    0.0631526
1999-03-02/11:46:11      33.9400     -25.2900      14.3400      108.000      2.94697     0.309017    0.0489170
1999-03-02/11:46:30      33.9600     -26.3700      14.1600      111.000      2.76042     0.358368    0.0449784
1999-03-02/11:46:50      33.9200     -27.5000      14.1100      98.0000      2.98906     0.139173    0.0516612
1999-03-02/11:47:10      33.9000     -28.6000      14.4100      92.0000      2.18475    0.0348995    0.0381079
1999-03-02/11:47:51      33.8400     -30.9100      14.5500      114.000      2.46245     0.406737    0.0392622
1999-03-02/11:48:11      33.7200     -31.9900      14.2700      118.000      4.45736     0.469472    0.0686894
1999-03-02/11:48:31      33.6400     -32.9500      14.2500      105.000      4.06813     0.258819    0.0685829
1999-03-02/11:49:10      33.7800     -35.1000      14.2400      101.000      2.68482     0.190809    0.0459980
1999-03-02/11:49:30      33.7300     -36.2000      14.1700      103.000      2.89847     0.224951    0.0492913
1999-03-02/11:49:50      33.8200     -37.2900      13.4700      109.000      3.11900     0.325568    0.0514710
1999-03-02/11:50:10      33.9600     -38.5200      13.7600      104.000      2.74456     0.241922    0.0464787
1999-03-02/11:50:31      33.9400     -39.7200      14.1700      139.000      4.16955     0.754710    0.0477430
1999-03-02/11:50:51      33.8200     -40.7600      14.2600      108.000      3.20879     0.309017    0.0532629
1999-03-02/11:51:11      33.7000     -41.7800      14.5100      96.0000      3.75175     0.104529    0.0651217
1999-03-02/11:51:31      33.6700     -42.8400      14.5900      105.000      3.48493     0.258819    0.0587510
1999-03-02/11:51:50      33.7200     -43.8900      14.6100      124.000      3.61780     0.559193    0.0523475
1999-03-02/11:52:10      33.7500     -45.0200      14.5100      106.000      3.76704     0.275637    0.0632003
1999-03-02/11:52:30      33.5900     -46.0500      14.2900      125.000      4.47399     0.573576    0.0639642
1999-03-02/11:52:50      33.6100     -47.0000      14.3600      102.000      8.01478     0.207912     0.136827
1999-03-02/11:53:11      33.8400     -48.1500      14.4700      98.0000      5.65160     0.139173    0.0976791
1999-03-02/11:53:51      34.0600     -50.6600      14.4400      94.0000      5.55826    0.0697566    0.0967736
1999-03-02/11:54:11      34.0500     -51.7400      14.4300      125.000      3.85072     0.573576    0.0550534
1999-03-02/11:54:50      34.0400     -53.8700      14.4200      102.000      2.75810     0.207912    0.0470860
1999-03-02/11:55:30      34.0700     -56.1300      14.3900      100.000      3.10054     0.173648    0.0532925
1999-03-02/11:55:51      34.2300     -57.3300      14.5200      96.0000      3.49060     0.104529    0.0605887
1999-03-02/11:56:11      34.2900     -58.4800      14.5700      100.000      3.56687     0.173648    0.0613078
1999-03-02/11:57:10      34.4400     -61.6500      14.6800      101.000      2.40509     0.190809    0.0412055
1999-03-02/11:57:30      34.8800     -62.8100      14.5800      134.000      2.32540     0.694658    0.0291950
1999-03-02/11:58:10      35.6900     -65.4400      14.5700      119.000      4.29604     0.484810    0.0655790
1999-03-02/11:59:11      35.5600     -68.8100      14.5900      132.000      5.05634     0.669131    0.0655824
1999-03-02/12:00:30      36.4500     -73.6500      14.6700      120.000      4.01660     0.500000    0.0607109
1999-03-02/12:00:50      36.4700     -74.3800      14.7600      107.000      3.33396     0.292372    0.0556460
1999-03-02/12:01:11      36.6900     -75.3100      14.7100      98.0000      3.37386     0.139173    0.0583119
1999-03-02/12:01:31      37.2800     -76.3700      14.4800      108.000      3.86319     0.309017    0.0641254
1999-03-02/12:01:51      37.6100     -77.4800      14.5000      93.0000      3.05252    0.0523359    0.0532035
1999-03-02/12:02:11      38.9500     -78.7000      14.4900      120.000      3.73037     0.500000    0.0563845
1999-03-02/12:02:30      39.8700     -79.7200      14.9600      129.000      5.82398     0.629321    0.0789950
1999-03-02/12:02:50      41.3400     -80.8600      14.6600      127.000      4.46316     0.601815    0.0622112
1999-03-02/12:03:10      45.0300     -82.0600      14.2800      95.0000      4.79402    0.0871559    0.0833530
1999-03-02/12:03:30      45.7900     -82.8000      14.4800      97.0000      3.70421     0.121869    0.0641688
1999-03-02/12:03:51      47.9100     -83.7300      14.4100      102.000      3.35516     0.207912    0.0572789
1999-03-02/12:04:11      56.3200     -84.8200      14.2500      104.000      4.10868     0.241922    0.0695799
1999-03-02/12:04:31      65.3400     -86.0600      14.2500      125.000      4.26413     0.573576    0.0609638
1999-03-02/12:04:51      70.8400     -87.3200      14.2100      124.000      4.38424     0.559193    0.0634375
1999-03-02/12:05:10      82.2800     -88.1100      14.0600      100.000      2.93754     0.173648    0.0504908
1999-03-02/12:05:30      133.650     -88.4800      14.1900      99.0000      3.85562     0.156434    0.0664648
1999-03-02/12:05:50      173.850     -86.2700      14.2600      99.0000      4.24290     0.156434    0.0731409
1999-03-02/12:06:10      183.050     -84.1700      14.1400      100.000      2.78705     0.173648    0.0479042
1999-03-02/12:06:31      186.700     -82.9700      14.1800      102.000      3.13465     0.207912    0.0535144
1999-03-02/14:36:29      212.010      36.3000      14.4500      87.0000      1.72780    0.0523359    0.0301145
1999-03-02/14:37:10      212.010      38.5500      14.3100      75.0000      3.92555     0.258819    0.0661792
1999-03-02/14:37:30      211.980      39.6200      14.2200      81.0000      3.85170     0.156434    0.0663972
1999-03-02/14:37:50      211.970      40.7100      14.2000      73.0000      2.84991     0.292372    0.0475669
1999-03-02/14:38:10      211.980      41.8200      14.1600      78.0000      2.52565     0.207912    0.0431176
1999-03-02/14:38:50      211.940      44.0500      14.1100      82.0000      4.33456     0.139173    0.0749161
1999-03-02/14:39:10      211.940      45.1200      14.1400      74.0000      3.48493     0.275637    0.0584673
1999-03-02/14:39:30      211.920      46.2000      14.0100      79.0000      2.30634     0.190809    0.0395137
1999-03-02/14:39:50      211.900      47.2700      14.0700      79.0000      2.08986     0.190809    0.0358048
1999-03-02/14:40:10      211.900      48.4200      14.2400      68.0000      2.43529     0.374607    0.0394089
1999-03-02/14:40:30      211.860      49.4500      10.0700      82.0000      2.99788     0.139173    0.0518137
1999-03-02/14:40:50      211.930      50.5500      9.83000      81.0000      2.95756     0.156434    0.0509836
1999-03-02/14:41:10      211.910      51.7000      9.67000      68.0000      2.59786     0.374607    0.0420396
1999-03-02/14:41:30      211.980      52.8300      9.75000      62.0000      7.43414     0.469472     0.114563
1999-03-02/14:41:50      212.120      54.1300      9.51000      65.0000      3.93486     0.422618    0.0622418
1999-03-02/14:42:10      211.990      55.0700      9.69000      70.0000      3.11900     0.342020    0.0511539
1999-03-02/14:42:30      211.990      56.1700      9.80000      70.0000      3.11900     0.342020    0.0511539
1999-03-02/14:42:50      211.990      57.2800      9.74000      63.0000      3.01723     0.453990    0.0469209
1999-03-02/14:43:10      212.060      58.4000      9.79000      59.0000      3.34165     0.515038    0.0499924
1999-03-02/14:43:30      212.110      59.4800      9.85000      70.0000      3.38317     0.342020    0.0554865
1999-03-02/14:43:50      212.150      60.6500      9.81000      73.0000      3.07495     0.292372    0.0513230
1999-03-02/14:44:10      212.100      61.7400      9.48000      67.0000      1.98706     0.390731    0.0319238
1999-03-02/14:44:30      212.180      62.9200      9.32000      75.0000      2.74456     0.258819    0.0462694
1999-03-02/14:44:50      212.260      64.0600      9.37000      70.0000      3.04196     0.342020    0.0498904
1999-03-02/14:45:10      212.290      65.1500      9.26000      71.0000      4.07119     0.325568    0.0671845
1999-03-02/14:45:30      212.450      66.2500      9.17000      70.0000      3.11900     0.342020    0.0511539
1999-03-02/14:45:50      212.480      67.4100      9.12000      66.0000      2.19499     0.406737    0.0349977
1999-03-02/14:46:10      212.870      68.7500      9.28000      66.0000      4.06747     0.406737    0.0648533
1999-03-02/14:46:30      212.690      69.8600      9.50000      67.0000      1.90709     0.390731    0.0306390
1999-03-02/14:46:50      212.730      70.9900      9.32000      72.0000      3.22839     0.309017    0.0535883
1999-03-02/14:47:10      213.090      72.1000      7.65000      72.0000      3.22839     0.309017    0.0535883
1999-03-02/14:47:30      213.920      73.4600      6.94000      76.0000      2.80807     0.241922    0.0475543
1999-03-02/14:47:50      214.040      74.6700      7.10000      68.0000      2.01220     0.374607    0.0325623
1999-03-02/14:48:10      214.040      75.7900      7.06000      66.0000      2.79642     0.406737    0.0445872
1999-03-02/14:48:30      214.010      76.8100      8.85000      84.0000      2.86062     0.104528    0.0496537
1999-03-02/14:49:10      216.180      79.2500      9.55000      72.0000      4.48756     0.309017    0.0744893
1999-03-02/14:49:30      215.700      80.1500      9.35000      79.0000      3.33630     0.190809    0.0571596
1999-03-02/14:49:50      217.950      81.5000      9.16000      71.0000      2.94697     0.325568    0.0486321
1999-03-02/14:50:10      219.130      82.7900      9.28000      76.0000      4.07256     0.241922    0.0689682
1999-03-03/10:30:54      204.690     -58.3500      9.34000      103.000      4.71730     0.224951    0.0802222
1999-03-03/10:31:14      204.960     -57.3800      9.22000      138.000      4.22890     0.743145    0.0493873
1999-03-03/10:31:33      204.610     -56.1200      9.81000      131.000      4.60264     0.656059    0.0606267
1999-03-03/10:31:53      204.410     -54.9500      9.93000      116.000      21.9194     0.438371     0.343848
1999-03-03/10:32:13      203.670     -53.5200      9.70000      144.000      7.64877     0.809017    0.0784671
1999-03-03/10:32:33      203.280     -52.4500      9.68000      155.000      15.1607     0.906308     0.111827
1999-03-03/10:32:54      203.210     -51.5700      9.29000      119.000      23.7264     0.484810     0.362183
1999-03-03/10:33:14      203.440     -50.7500      9.30000      113.000      4.23993     0.390731    0.0681180
1999-03-03/10:33:34      203.510     -49.7300      9.31000      116.000      4.57356     0.438371    0.0717451
1999-03-03/10:33:54      203.600     -48.7200      9.04000      119.000      3.71706     0.484810    0.0567409
1999-03-03/10:34:13      203.580     -47.5800      9.56000      93.0000      3.31445    0.0523359    0.0577688
1999-03-03/10:34:33      203.540     -46.3700      9.54000      134.000      4.55141     0.694658    0.0571423
1999-03-03/10:34:53      203.440     -45.0600      9.70000      98.0000      9.51524     0.139173     0.164456
1999-03-03/10:35:13      203.290     -43.8800      9.81000      129.000      4.60242     0.629321    0.0624261
1999-03-03/10:35:32      203.190     -42.7800      9.93000      133.000      2.62354     0.681998    0.0334883
1999-03-03/10:35:52      203.080     -41.6900      9.71000      136.000      3.38449     0.719340    0.0410338
1999-03-03/10:36:12      202.900     -40.4500      9.61000      113.000      8.36336     0.390731     0.134364
1999-03-03/10:36:53      202.650     -38.1300      9.75000      95.0000      2.71820    0.0871559    0.0472610
1999-03-03/10:37:13      202.650     -37.0700      10.0200      120.000      3.73037     0.500000    0.0563845
1999-03-03/10:37:53      202.440     -34.7500      9.95000      121.000      8.92907     0.515038     0.133582
1999-03-03/10:38:12      202.530     -33.8200      9.79000      105.000      20.0866     0.258819     0.338632
1999-03-03/10:38:32      202.710     -32.6100      10.0200      112.000      1.74712     0.374607    0.0282726
1999-03-03/10:38:52      202.150     -31.2500      10.1700      113.000      4.06747     0.390731    0.0653473
1999-03-03/10:39:12      202.320     -30.5800      9.79000      122.000      2.66196     0.529919    0.0394003
1999-03-03/10:39:33      202.330     -29.2400      9.29000      141.000      7.10027     0.777146    0.0779873
1999-03-03/10:39:53      202.210     -28.2700      9.53000      131.000      3.18592     0.656059    0.0419655
1999-03-03/10:40:13      202.070     -27.0100      9.66000      138.000      26.7062     0.743145     0.311889
1999-03-03/10:40:33      201.800     -26.0600      9.72000      117.000      8.49580     0.453991     0.132118
1999-03-03/10:40:52      201.950     -25.2800      9.69000      142.000      12.7456     0.788011     0.136956
1999-03-03/10:41:32      201.440     -22.4800      9.64000      127.000      22.1762     0.601815     0.309110
1999-03-03/10:41:52      201.420     -21.8000      10.1600      168.000      14.7391     0.978148    0.0534844
1999-03-03/10:42:33      201.650     -19.1100      10.0300      116.000      21.9194     0.438371     0.343848
1999-03-03/10:42:53      201.620     -18.4900      10.3400      125.000      21.8278     0.573576     0.312070
1999-03-03/10:43:13      201.930     -17.5700      9.39000      145.000      8.42524     0.819152    0.0843434
1999-03-03/10:43:32      202.910     -16.9100      9.60000      169.000      9.60327     0.981627    0.0319812
1999-03-03/10:43:52      202.380     -14.1400      9.68000      108.000      18.8223     0.309017     0.312433
1999-03-03/10:44:12      201.800     -13.6100      9.41000      121.000      19.9174     0.515038     0.297973
1999-03-03/10:44:32      201.670     -12.8500      8.90000      159.000      4.73594     0.933580    0.0296219
1999-03-03/10:44:53      201.550     -11.7200      9.46000      121.000      19.9174     0.515038     0.297973
1999-03-03/10:45:13      201.590     -10.3900      9.34000      92.0000      2.74829    0.0348995    0.0479375
1999-03-03/10:45:33      201.560     -9.35000      9.60000      101.000      2.17303     0.190809    0.0372297
1999-03-03/10:45:53      201.520     -8.29000      9.60000      137.000      4.84314     0.731354    0.0576485
1999-03-03/10:46:32      201.340     -6.17000      9.59000      116.000      3.66487     0.438371    0.0574905
1999-03-03/10:46:52      201.260     -5.25000      9.67000      125.000      21.8278     0.573576     0.312070
1999-03-03/10:47:33      201.310     -3.01000      9.58000      137.000      7.80054     0.731354    0.0928507
1999-03-03/10:47:53      201.290     -2.00000      9.54000      132.000      4.84587     0.669131    0.0628525
1999-03-03/10:48:33      201.320     0.370000      9.36000      124.000      1.68852     0.559193    0.0244319
1999-03-03/10:48:52      201.320      1.38000      9.67000      140.000      6.43625     0.766045    0.0722067
1999-03-03/10:49:32      201.280      3.63000      9.88000      97.0000      3.92587     0.121869    0.0680086
1999-03-03/10:49:52      201.260      4.74000      9.45000      114.000      6.39498     0.406737     0.101964
1999-03-03/10:50:13      201.190      5.86000      9.51000      94.0000      5.55826    0.0697566    0.0967736
1999-03-03/10:50:53      201.080      8.06000      9.42000      129.000      5.82398     0.629321    0.0789950
1999-03-03/10:51:13      201.080      9.13000      8.26000      122.000      3.71607     0.529919    0.0550024
1999-03-03/10:55:12      200.820      22.4800      8.92000      127.000      11.6124     0.601815     0.161863
1999-03-03/10:55:33      200.820      23.4900      8.87000      138.000      7.30121     0.743145    0.0852674
1999-03-03/10:56:33      200.690      26.8100      8.16000      113.000      4.93153     0.390731    0.0792292
1999-03-03/10:56:52      200.740      27.8200      9.81000      104.000      4.29017     0.241922    0.0726534
1999-03-03/10:57:12      200.820      28.9300      9.30000      118.000      3.91119     0.469472    0.0602728
1999-03-03/10:57:32      200.760      30.0000      8.96000      102.000      1.86721     0.207912    0.0318768
1999-03-03/10:57:52      200.700      31.1100      9.16000      91.0000      1.51848    0.0174525    0.0264984
1999-03-03/10:58:33      200.580      33.3700      9.44000      92.0000      4.65757    0.0348995    0.0812404
1999-03-03/10:59:13      200.520      35.6100      8.78000      94.0000      3.67169    0.0697566    0.0639270
1999-03-03/11:00:32      200.540      40.1000      9.30000      104.000      3.76712     0.241922    0.0637956
1999-03-03/11:01:13      200.580      42.4200      9.27000      104.000      3.29861     0.241922    0.0558615
1999-03-03/11:01:33      200.520      43.4600      9.77000      110.000      3.17304     0.342020    0.0520402
1999-03-03/11:01:53      200.510      44.5700      9.08000      98.0000      3.65394     0.139173    0.0631526
1999-03-03/11:02:12      200.440      45.6400      8.98000      95.0000      3.49480    0.0871559    0.0607637
1999-03-03/11:02:32      200.390      46.7600      9.16000      98.0000      2.91341     0.139173    0.0503537
1999-03-03/11:03:33      200.400      50.2600      8.66000      100.000      3.56687     0.173648    0.0613078
1999-03-03/11:03:53      200.430      51.4100      8.36000      91.0000      2.91384    0.0174525    0.0508484
1999-03-03/11:04:13      200.430      52.7400      8.72000      95.0000      5.29387    0.0871559    0.0920439
1999-03-03/11:04:33      200.370      53.6300      7.74000      109.000      4.13709     0.325568    0.0682720
1999-03-03/11:04:52      200.370      54.6800      6.90000      111.000      2.89320     0.358368    0.0471420
1999-03-03/11:05:12      200.440      55.9100      7.62000      108.000      2.72086     0.309017    0.0451637
1999-03-03/11:05:32      200.390      57.0500      8.38000      109.000      3.23959     0.325568    0.0534610
1999-03-03/11:05:52      200.390      58.0700      8.88000      99.0000      3.05685     0.156434    0.0526952
1999-03-03/11:06:13      200.580      59.3900      8.24000      108.000      6.16223     0.309017     0.102287
1999-03-03/11:06:33      200.620      60.7200      7.64000      109.000      3.11900     0.325568    0.0514710
1999-03-03/11:06:53      200.390      61.7500      7.93000      100.000      2.30634     0.173648    0.0396417
1999-03-03/11:07:32      200.460      64.0200      8.34000      93.0000      2.21888    0.0523359    0.0386737
1999-03-03/11:08:12      200.730      66.4900      8.55000      91.0000      1.90531    0.0174525    0.0332489
1999-03-03/11:08:32      201.090      67.8800      8.44000      109.000      3.44885     0.325568    0.0569143
1999-03-03/11:08:53      201.570      69.3900      8.39000      113.000      2.19499     0.390731    0.0352644
1999-03-03/11:09:13      201.660      70.6100      8.56000      108.000      3.91815     0.309017    0.0650376
1999-03-29/13:48:55      41.4500      72.1500      8.54000      74.0000      3.09738     0.275637    0.0519653
1999-03-29/13:49:14      41.0400      71.3000      8.39000      79.0000      2.13861     0.190809    0.0366400
1999-03-29/13:49:34      39.6000      69.1200      8.30000      78.0000      2.02113     0.207912    0.0345045
1999-03-29/13:49:54      39.5500      67.7500      8.35000      73.0000      2.94420     0.292372    0.0491407
1999-03-29/13:50:14      39.1200      66.2600      8.21000      73.0000      3.45951     0.292372    0.0577415
1999-03-29/13:50:34      38.7700      64.9300      8.14000      75.0000      2.65779     0.258819    0.0448066
1999-03-29/13:50:54      38.6200      63.6100      8.23000      75.0000      3.29861     0.258819    0.0556099
1999-03-29/13:51:14      38.3200      62.2100      8.18000      72.0000      3.22839     0.309017    0.0535883
1999-03-29/13:51:34      38.1900      61.0800      8.44000      77.0000      1.65815     0.224951    0.0281984
1999-03-29/13:51:54      38.0300      59.9800      8.43000      79.0000      1.79598     0.190809    0.0307699
1999-03-29/13:52:13      38.1000      58.9700      8.41000      72.0000      4.67314     0.309017    0.0775698
1999-03-29/13:52:33      37.9000      57.6600      8.43000      71.0000      3.03428     0.325568    0.0500729
1999-03-29/13:52:53      37.6900      56.3800      8.33000      89.0000      1.82118    0.0174524    0.0317807
1999-03-29/13:53:13      37.7400      55.3700      8.30000      71.0000      3.59103     0.325568    0.0592607
1999-03-29/13:53:32      37.7100      54.2700      8.25000      78.0000      3.38606     0.207912    0.0578065
1999-03-29/13:53:52      37.5700      53.1600      8.19000      76.0000      2.24958     0.241922    0.0380963
1999-03-29/13:54:12      37.5200      52.0800      8.18000      74.0000      3.92395     0.275637    0.0658328
1999-03-29/13:54:52      37.3800      49.6500      8.18000      82.0000      3.10004     0.139173    0.0535793
1999-03-29/13:55:11      37.2900      48.4800      8.28000      75.0000      2.35032     0.258819    0.0396231
1999-03-29/13:55:31      37.3000      47.4400      6.23000      73.0000      3.50255     0.292372    0.0584599
1999-03-29/13:56:32      37.1300      44.0300      6.66000      89.0000      1.68442    0.0174524    0.0293942
1999-03-29/13:56:52      37.1000      42.9600      7.02000      67.0000      1.56737     0.390731    0.0251811
1999-03-29/13:57:11      37.1200      41.8800      7.51000      76.0000      2.41720     0.241922    0.0409349
1999-03-29/13:57:31      37.1200      40.7900      8.32000      71.0000      2.61726     0.325568    0.0431911
1999-03-29/13:57:51      37.1000      39.6500      8.48000      87.0000      1.80828    0.0523359    0.0315172
1999-03-29/13:58:50      36.9200      36.2500      8.38000      69.0000      5.24256     0.358368    0.0854225
1999-03-29/13:59:30      36.8600      34.0000      8.53000      76.0000      4.54472     0.241922    0.0769642
1999-03-29/13:59:49      36.8300      32.9800      8.38000      60.0000      3.98186     0.500000    0.0601858
1999-03-29/14:00:09      36.8000      31.8800      8.48000      79.0000      2.47242     0.190809    0.0423590
1999-03-29/14:00:29      36.8200      30.8300      8.78000      66.0000      2.10025     0.406737    0.0334872
1999-03-29/14:00:49      36.8100      29.7100      9.23000      84.0000      2.71820     0.104528    0.0471817
1999-03-29/14:01:10      36.7900      28.5600      9.70000      77.0000      1.92393     0.224951    0.0327183
1999-03-29/14:01:30      36.7900      27.4900      9.43000      65.0000      2.85912     0.422618    0.0452257
1999-03-29/14:01:49      36.7700      26.3900      8.57000      69.0000      2.65743     0.358368    0.0433003
1999-03-29/14:02:09      36.7300      25.3000      8.65000      89.0000      2.49999    0.0174524    0.0436264
1999-03-29/14:02:29      36.7000      24.2400      8.69000      68.0000      2.53204     0.374607    0.0409745
1999-03-29/14:04:08      36.6000      18.6600      8.34000      48.0000      5.55836     0.669131    0.0720937
1999-03-29/14:04:28      36.5700      17.6400      8.23000      57.0000      2.33138     0.544639    0.0341257
1999-03-29/14:18:02      36.2500     -27.4200      8.14000      69.0000      3.17304     0.358368    0.0517017
1999-03-29/14:18:41      36.2400     -29.5700      8.35000      89.0000      1.69021    0.0174524    0.0294952
1999-03-29/14:19:21      36.2600     -31.7600      8.42000      66.0000      3.49606     0.406737    0.0557425
1999-03-29/14:19:41      36.3000     -32.8700      8.16000      64.0000      3.16159     0.438371    0.0495956
1999-03-29/14:20:00      36.3400     -33.9600      7.98000      85.0000      3.67169    0.0871558    0.0638392
1999-03-29/14:20:20      36.3300     -35.0900      8.06000      66.0000      4.66686     0.406737    0.0744102
1999-03-29/14:20:40      36.3300     -36.2000      7.91000      77.0000      2.08461     0.224951    0.0354508
1999-03-29/14:21:01      36.2900     -37.2900      7.88000      65.0000      2.74282     0.422618    0.0433861
1999-03-29/14:21:21      36.2600     -38.3300      7.97000      86.0000      2.71011    0.0697565    0.0471851
1999-03-29/14:21:41      36.2500     -39.4600      8.01000      48.0000      4.20512     0.669131    0.0545418
1999-03-29/14:22:00      36.3400     -40.5600      8.10000      63.0000      3.23533     0.453990    0.0503126
1999-03-29/14:22:20      36.4300     -41.7100      8.12000      68.0000      2.59786     0.374607    0.0420396
1999-03-29/14:22:40      36.4500     -42.8000      7.83000      66.0000      3.25485     0.406737    0.0518966
1999-03-29/14:23:00      36.4800     -43.9000      7.76000      84.0000      3.12222     0.104528    0.0541945
1999-03-29/14:23:20      36.5300     -45.0700      7.79000      84.0000      3.44413     0.104528    0.0597821
1999-03-29/14:23:39      36.5100     -46.1800      7.66000      68.0000      2.37731     0.374607    0.0384706
1999-03-29/14:23:59      36.5800     -47.3300      7.61000      67.0000      2.03620     0.390731    0.0327133
1999-03-29/14:24:19      36.5600     -48.4600      7.96000      71.0000      3.46035     0.325568    0.0571041
1999-03-29/14:24:39      36.4700     -49.5300      8.05000      76.0000      2.99630     0.241922    0.0507419
1999-03-29/14:24:58      36.4000     -50.5700      8.09000      58.0000      3.56322     0.529919    0.0527400
1999-03-29/14:25:18      36.4800     -51.6900      7.82000      50.0000      5.15548     0.642788    0.0689288
1999-03-29/14:25:38      36.6700     -53.1000      16.6500      59.0000      6.21023     0.515038    0.0929075
1999-03-29/14:25:58      36.5200     -54.3200      13.3700      67.0000      2.03620     0.390731    0.0327133
1999-03-29/14:26:18      36.3500     -55.1800      9.78000      76.0000      3.30191     0.241922    0.0559174
1999-03-29/14:26:38      36.2900     -56.1900      7.85000      84.0000      3.36092     0.104528    0.0583378
1999-03-29/14:26:58      36.2300     -57.3000      5.73000      69.0000      4.60853     0.358368    0.0750916
1999-03-29/14:27:18      36.2600     -58.5300      7.74000      68.0000      2.66344     0.374607    0.0431009
1999-03-29/14:27:38      36.2600     -59.6500      7.99000      64.0000      4.13745     0.438371    0.0649038
1999-03-29/14:27:57      36.3400     -60.8200      7.73000      73.0000      2.76827     0.292372    0.0462043
1999-03-29/14:28:17      36.3300     -61.9200      7.99000      82.0000      3.50062     0.139173    0.0605027
1999-03-29/14:28:37      36.3300     -63.0700      8.02000      88.0000      1.72870    0.0348994    0.0301531
1999-03-29/14:28:57      36.2500     -64.2300      7.88000      67.0000      1.42458     0.390731    0.0228871
1999-03-29/14:29:16      36.1700     -65.4000      7.63000      76.0000      2.80807     0.241922    0.0475543
1999-03-29/14:29:36      36.1500     -66.4500      7.89000      71.0000      2.79788     0.325568    0.0461718
1999-03-29/14:29:56      36.4300     -67.6200      7.79000      53.0000      7.40466     0.601815     0.103212
1999-03-29/14:30:16      36.7200     -68.8900      7.56000      53.0000      10.8082     0.601815     0.150654
1999-03-29/14:30:36      36.8600     -70.0200      7.58000      47.0000      11.9687     0.681998     0.152775
1999-03-29/14:30:55      36.5600     -70.7400      7.50000      50.0000      8.63490     0.642788     0.115449
1999-03-29/14:31:15      36.4500     -71.5900      8.13000      61.0000      4.71316     0.484810    0.0719464
1999-03-29/14:31:36      36.6600     -72.6900      7.95000      38.0000      8.47007     0.788011    0.0910136
1999-03-29/14:31:56      37.5700     -74.1700      7.68000      66.0000      2.53069     0.406737    0.0403503
1999-03-29/14:32:16      39.5600     -76.5400      7.94000      66.0000      1.69368     0.406737    0.0270047
1999-03-29/14:32:36      41.6400     -78.9300      8.26000      70.0000      2.83748     0.342020    0.0465367
1999-03-29/14:32:55      44.3800     -80.9600      8.58000      71.0000      4.32231     0.325568    0.0713285
1999-03-29/14:33:15      49.7500     -83.2800      8.75000      63.0000      2.85385     0.453990    0.0443802
1999-03-29/14:33:35      74.0600     -86.2400      8.23000      57.0000      2.26089     0.544639    0.0330939
1999-03-29/14:47:09      217.430     -61.5000      8.46000      148.000      2.16402     0.848048    0.0200147
1999-03-29/14:47:29      217.390     -60.3400      8.89000      118.000      3.10994     0.469472    0.0479252
1999-03-29/14:47:49      217.420     -59.2200      8.54000      123.000      2.11018     0.544639    0.0308879
1999-03-29/14:48:09      217.230     -57.9500      7.91000      118.000      3.91119     0.469472    0.0602728
1999-03-29/14:48:48      216.870     -55.6900      8.19000      103.000      2.41720     0.224951    0.0411068
1999-03-29/14:49:08      216.870     -54.6900      8.33000      103.000      1.57584     0.224951    0.0267987
1999-03-29/14:49:28      216.920     -53.7000      7.79000      130.000      2.86654     0.642788    0.0383256
1999-03-29/14:49:47      216.930     -52.5500      7.70000      124.000      1.84570     0.559193    0.0267062
1999-03-29/14:50:07      216.910     -51.4300      7.53000      116.000      2.35343     0.438371    0.0369181
1999-03-29/14:50:27      216.840     -50.2900      7.43000      101.000      1.82292     0.190809    0.0312314
1999-03-29/14:50:47      216.800     -49.2200      7.68000      109.000      2.34075     0.325568    0.0386280
1999-03-29/14:51:07      216.810     -48.2000      7.30000      116.000      2.61791     0.438371    0.0410669
1999-03-29/14:51:27      216.770     -47.0800      7.38000      123.000      1.64087     0.544639    0.0240183
1999-03-29/14:51:47      216.690     -45.9200      7.87000      115.000      2.62014     0.422618    0.0414455
1999-03-29/14:52:07      216.690     -44.8400      6.86000      103.000      4.54472     0.224951    0.0772874
1999-03-29/14:52:27      216.690     -43.8200      6.90000      116.000      3.01723     0.438371    0.0473310
1999-03-29/14:52:46      216.670     -42.7200      7.05000      123.000      2.22103     0.544639    0.0325105
1999-03-29/14:53:46      216.570     -39.2900      7.04000      133.000      3.16770     0.681998    0.0404342
1999-03-29/14:54:05      216.520     -38.2500      6.46000      113.000      2.42089     0.390731    0.0388936
1999-03-29/14:54:25      216.540     -37.1700      6.91000      114.000      3.37699     0.406737    0.0538440
1999-03-29/14:54:45      216.500     -36.0100      5.94000      133.000      3.88307     0.681998    0.0495656
1999-03-29/14:55:05      216.420     -34.8600      5.88000      117.000      6.40714     0.453991    0.0996374
1999-03-29/14:55:25      216.350     -33.7900      5.65000      116.000      4.31999     0.438371    0.0677673
1999-03-29/14:56:04      216.250     -31.6800      5.79000      125.000      2.29797     0.573576    0.0328538
1999-03-29/14:56:24      216.250     -30.6500      8.66000      105.000      2.68027     0.258819    0.0451856
1999-03-29/14:57:05      216.220     -28.3200      8.66000      115.000      8.38167     0.422618     0.132582
1999-03-29/14:57:25      216.160     -27.2000      8.70000      113.000      1.87336     0.390731    0.0300971
1999-03-29/14:57:44      216.140     -26.1700      8.88000      123.000      1.71277     0.544639    0.0250708
1999-03-29/14:58:04      216.140     -25.1300      8.42000      119.000      3.71706     0.484810    0.0567409
1999-03-29/14:58:24      216.130     -24.0900      8.70000      128.000      7.34587     0.615661     0.101031
1999-03-29/14:58:44      216.130     -23.0300      8.64000      125.000      4.47399     0.573576    0.0639642
1999-03-29/14:59:23      216.150     -20.7100      8.78000      135.000      5.34991     0.707107    0.0660251
1999-03-29/14:59:43      216.110     -19.6100      8.69000      110.000      2.73958     0.342020    0.0449311
1999-03-29/15:00:03      216.090     -18.5600      8.49000      116.000      2.04763     0.438371    0.0321210
1999-03-29/15:00:23      216.070     -17.4400      8.56000      95.0000      3.20925    0.0871559    0.0557988
1999-03-29/15:00:42      216.050     -16.3700      8.44000      119.000      4.47089     0.484810    0.0682481
1999-03-29/15:01:02      216.030     -15.3200      8.40000      107.000      3.81446     0.292372    0.0636659
1999-03-29/15:01:22      216.020     -14.2300      8.66000      101.000      3.93997     0.190809    0.0675020
1999-03-29/15:01:42      216.000     -13.1300      7.97000      120.000      3.34165     0.500000    0.0505090
1999-03-29/15:02:02      215.990     -11.9900      8.44000      124.000      2.39890     0.559193    0.0347107
1999-03-29/15:02:22      215.950     -10.9700      9.73000      120.000      5.29080     0.500000    0.0799704
1999-03-29/15:02:42      215.990     -9.93000      8.49000      120.000      3.73037     0.500000    0.0563845
1999-03-29/15:03:02      215.970     -8.69000      7.88000      118.000      8.40150     0.469472     0.129470
1999-03-29/15:03:22      215.950     -7.64000      8.20000      116.000      3.66487     0.438371    0.0574905
1999-03-29/15:04:01      215.900     -5.38000      7.79000      126.000      5.55124     0.587785    0.0783836
1999-03-29/15:04:21      215.830     -4.43000      8.20000      122.000      2.74913     0.529919    0.0406905
1999-03-29/15:04:41      215.930     -3.37000      7.68000      121.000      6.51334     0.515038    0.0974421
1999-03-29/15:05:00      215.950     -2.17000      8.47000      132.000      2.98051     0.669131    0.0386582
1999-03-29/15:05:20      215.840     -1.11000      8.76000      125.000      4.71222     0.573576    0.0673701
1999-03-29/15:05:40      215.830   -0.0300000      8.39000      111.000      2.32941     0.358368    0.0379555
1999-03-29/15:06:00      215.840      1.08000      8.67000      109.000      3.50897     0.325568    0.0579065
1999-03-29/15:06:20      215.810      2.17000      9.05000      109.000      3.18880     0.325568    0.0526229
1999-03-29/15:06:39      215.810      3.23000      9.19000      128.000      5.76257     0.615661    0.0792548
1999-03-29/15:07:20      215.820      5.54000      8.75000      111.000      6.14871     0.358368     0.100187
1999-03-29/15:07:40      215.720      6.58000      8.68000      135.000      3.37755     0.707107    0.0416835
1999-03-29/15:08:00      215.630      7.60000      8.68000      137.000      6.23492     0.731354    0.0742150
1999-03-29/15:08:39      215.690      9.95000      11.0600      125.000      5.26571     0.573576    0.0752833
1999-03-29/15:08:59      215.680      10.9500      10.1300      131.000      5.91848     0.656059    0.0779592
1999-03-29/15:09:39      215.710      13.2400      9.32000      135.000      2.00488     0.707107    0.0247429
1999-03-29/15:09:58      215.680      14.1500      9.04000      127.000      6.09990     0.601815    0.0850254
1999-03-29/15:10:38      215.690      16.3600      9.62000      170.000      24.0103     0.984808    0.0727688
1999-03-29/15:11:17      215.480      18.5100      8.95000      130.000      8.71274     0.642788     0.116489
1999-03-29/15:11:57      215.560      20.6600      7.69000      102.000      2.75810     0.207912    0.0470860
1999-03-29/15:12:17      215.580      21.7500      7.03000      114.000      2.26885     0.406737    0.0361754
1999-03-29/15:12:38      215.550      22.8800      7.78000      109.000      3.23959     0.325568    0.0534610
1999-03-29/15:12:57      215.530      23.9800      8.87000      112.000      2.39763     0.374607    0.0387994
1999-03-29/15:13:17      215.520      25.0700      8.28000      104.000      3.12045     0.241922    0.0528444
1999-03-29/15:13:37      215.540      26.1900      7.92000      104.000      3.29861     0.241922    0.0558615
1999-03-29/15:13:57      215.530      27.3200      7.80000      108.000      3.20879     0.309017    0.0532629
1999-03-29/15:14:16      215.520      28.4100      7.70000      106.000      3.50255     0.275637    0.0587629
1999-03-29/15:14:36      215.510      29.5200      7.30000      110.000      2.27385     0.342020    0.0372928
1999-03-29/15:14:56      215.510      30.6400      7.56000      103.000      1.98394     0.224951    0.0337388
1999-03-29/15:15:16      215.460      31.7200      6.81000      102.000      2.28924     0.207912    0.0390817
1999-03-29/15:15:36      215.430      32.8100      7.36000      105.000      4.56806     0.258819    0.0770110
1999-03-29/15:15:55      215.420      33.9200      8.57000      101.000      1.41405     0.190809    0.0242264
1999-03-29/15:16:15      215.390      35.0300      8.60000      107.000      2.19297     0.292372    0.0366021
1999-03-29/15:16:35      215.380      36.0800      7.67000      108.000      2.51776     0.309017    0.0417925
1999-03-29/15:16:55      215.380      37.1400      7.57000      111.000      2.09106     0.358368    0.0340718
1999-03-29/15:17:14      215.400      38.2100      8.02000      104.000      2.18875     0.241922    0.0370662
1999-03-29/15:17:34      215.430      39.3400      5.94000      91.0000      1.61460    0.0174525    0.0281758
1999-03-29/15:17:55      215.420      40.6300      4.91000      113.000      1.78538     0.390731    0.0286836
1999-03-29/15:18:15      215.410      41.6900      5.55000      115.000      2.46981     0.422618    0.0390676
1999-03-29/15:18:35      215.440      42.7400      6.55000      111.000      1.86614     0.358368    0.0304070
1999-03-29/15:18:55      215.430      43.8400      7.18000      107.000      1.99452     0.292372    0.0332899
1999-03-29/15:19:14      215.420      44.9400      6.76000      103.000      1.65840     0.224951    0.0282027
1999-03-29/15:19:34      215.420      46.0800      7.05000      110.000      2.20291     0.342020    0.0361293
1999-03-29/15:19:54      215.390      47.1600      7.19000      106.000      2.31977     0.275637    0.0389192
1999-03-29/15:20:33      215.500      49.5200      6.98000      111.000      4.16675     0.358368    0.0678932
1999-03-29/15:20:53      215.500      50.6700      6.96000      131.000      12.9649     0.656059     0.170776
1999-03-29/15:21:13      215.440      51.6600      6.89000      96.0000      5.82111     0.104529     0.101041
1999-03-29/15:21:33      215.490      52.8600      7.22000      92.0000      8.79157    0.0348995     0.153348
1999-03-29/15:21:52      215.510      54.0700      7.22000      114.000      20.2240     0.406737     0.322459
1999-03-29/15:22:12      215.430      55.0000      7.21000      96.0000      5.80303     0.104529     0.100727
1999-03-29/15:22:32      215.480      56.2300      7.39000      94.0000      3.60684    0.0697566    0.0627979
1999-03-29/15:22:52      215.610      57.5100      7.54000      100.000      2.86438     0.173648    0.0492334
1999-03-29/15:23:13      215.660      58.7500      7.86000      112.000      2.54874     0.374607    0.0412448
1999-03-29/15:23:33      215.750      59.9300      7.76000      116.000      2.75008     0.438371    0.0431403
1999-03-29/15:23:52      215.950      61.2400      7.76000      102.000      2.16385     0.207912    0.0369410
1999-03-29/15:24:12      215.800      62.2500      7.58000      111.000      7.62214     0.358368     0.124196
1999-03-29/15:24:32      217.040      64.2700      7.26000      114.000      2.74282     0.406737    0.0437326
1999-03-29/15:24:52      216.520      65.1600      6.94000      100.000      1.94149     0.173648    0.0333706
1999-03-29/15:25:31      216.650      67.8900      6.61000      110.000      3.10278     0.342020    0.0508879
1999-03-29/15:25:51      217.260      70.3500      4.52000      106.000      3.76704     0.275637    0.0632003
1999-03-29/15:26:11      217.020      71.6600      3.66000      105.000      3.09738     0.258819    0.0522174
1999-03-29/15:26:31      216.040      71.5700      4.13000      95.0000      3.12222    0.0871559    0.0542857
1999-03-29/15:26:50      215.420      72.0000      4.89000      98.0000      4.26953     0.139173    0.0737922
1999-03-29/15:28:09      218.460      78.7200      4.61000      113.000      1.97323     0.390731    0.0317016
1999-03-29/15:50:58      35.7600      32.7100      5.07000      73.0000      1.92121     0.292372    0.0320663
1999-03-29/15:51:17      35.7900      31.6100      5.21000      68.0000      1.92688     0.374607    0.0311816
1999-03-29/15:51:37      35.7800      30.5300      5.04000      81.0000      2.54772     0.156434    0.0439187
1999-03-29/15:51:57      35.7400      29.4500      6.49000      75.0000      2.18875     0.258819    0.0368992
1999-03-29/15:52:18      35.7500      28.3400      6.43000      67.0000      1.86436     0.390731    0.0299525
1999-03-29/15:52:38      35.7200      27.2400      5.64000      87.0000      1.80828    0.0523359    0.0315172
1999-03-29/15:52:58      35.6900      26.1500      7.79000      47.0000      3.27162     0.681998    0.0417607
1999-03-29/15:53:17      35.6400      25.0300      6.98000      74.0000      2.96037     0.275637    0.0496667
1999-03-29/15:53:37      35.5700      23.9400      6.87000      72.0000      2.44629     0.309017    0.0406061
1999-03-29/15:54:17      35.4900      21.6400      6.92000      82.0000      2.93299     0.139173    0.0506922
1999-03-29/15:54:37      35.4300      20.5100      7.06000      43.0000      2.18785     0.731354    0.0260422
1999-03-29/15:55:36      35.3400      17.1100      7.36000      86.0000      2.45544    0.0697565    0.0427511
1999-03-29/15:55:56      35.2500      16.0600      7.45000      44.0000      1.83978     0.719340    0.0223056
1999-03-29/15:56:15      35.1300      14.9900      7.64000      50.0000      3.95825     0.642788    0.0529218
1999-03-29/15:56:35      35.0400      13.8200      7.10000      54.0000      1.58056     0.587785    0.0223175
1999-03-29/15:56:55      35.0500      12.6300      7.25000      82.0000      3.10004     0.139173    0.0535793
1999-03-29/15:57:15      35.0000      11.2600      7.30000      61.0000      2.81502     0.484810    0.0429713
1999-03-29/15:57:35      35.0000      9.87000      7.30000      68.0000      2.16209     0.374607    0.0349878
1999-03-29/15:57:55      34.9700      8.41000      7.11000      66.0000      1.92248     0.406737    0.0306527
1999-03-29/15:58:15      34.9800      7.49000      6.18000      65.0000      1.76200     0.422618    0.0278714
1999-03-29/15:58:35      35.0800      6.73000      9.01000      75.0000      2.65779     0.258819    0.0448066
1999-03-29/15:58:55      35.0700      5.91000      9.66000      44.0000      2.37842     0.719340    0.0288361
1999-03-29/15:59:14      34.9600      4.78000      10.2500      66.0000      1.58863     0.406737    0.0253297
1999-03-29/15:59:34      34.9400      3.67000      11.5600      73.0000      1.92121     0.292372    0.0320663
1999-03-29/15:59:54      34.9200      2.63000      10.3300      49.0000      2.86654     0.656059    0.0377585
1999-03-29/16:00:14      34.8800      1.54000      8.44000      77.0000      1.65815     0.224951    0.0281984
1999-03-29/16:00:33      34.8100     0.150000      10.4500      71.0000      2.79788     0.325568    0.0461718
1999-03-29/16:01:13      34.7300     -2.63000      10.7200      65.0000      2.26885     0.422618    0.0358888
1999-03-29/16:01:33      34.7900     -3.82000      9.97000      55.0000      1.55036     0.573576    0.0221653
1999-03-29/16:01:53      34.9700     -4.96000      10.9300      52.0000      2.82921     0.615661    0.0389112
1999-03-29/16:02:12      35.0000     -5.77000      10.4300      66.0000      1.92248     0.406737    0.0306527
1999-03-29/16:02:32      34.9700     -6.89000      9.61000      71.0000      2.34566     0.325568    0.0387090
1999-03-29/16:02:53      34.9200     -8.47000      9.05000      87.0000      1.72780    0.0523359    0.0301145
1999-03-29/17:02:06      214.660      19.8400      9.28000      108.000      2.51776     0.309017    0.0417925
1999-03-29/17:02:27      214.890      20.4100      9.49000      118.000      3.10994     0.469472    0.0479252
1999-03-29/17:02:47      215.260      21.0500      9.79000      120.000      2.61527     0.500000    0.0395298
1999-03-29/17:03:07      215.470      21.1100      9.93000      121.000      3.18689     0.515038    0.0476771
1999-03-29/17:03:27      215.410      21.3200      9.80000      121.000      2.56239     0.515038    0.0383344
1999-03-29/17:03:46      215.350      22.4400      11.0900      124.000      1.55036     0.559193    0.0224328
1999-03-29/17:04:06      215.070      23.5500      11.4100      125.000      1.84329     0.573576    0.0263533
1999-03-29/17:04:26      214.920      24.6600      10.7100      118.000      2.52996     0.469472    0.0389875
1999-03-29/17:04:46      214.980      25.8800      10.2500      112.000      2.39763     0.374607    0.0387994
1999-03-29/17:05:05      215.130      27.0500      10.1200      123.000      2.04324     0.544639    0.0299081
1999-03-29/17:05:25      215.080      28.1400      9.54000      115.000      2.78826     0.422618    0.0441048
1999-03-29/17:05:45      215.120      29.1900      9.38000      111.000      2.41315     0.358368    0.0393200
1999-03-29/17:06:05      215.190      30.3900      9.49000      121.000      2.63036     0.515038    0.0393512
1999-03-29/17:06:24      215.070      31.4300      9.64000      114.000      1.85548     0.406737    0.0295845
1999-03-29/17:06:44      215.010      32.4600      9.63000      107.000      2.44629     0.292372    0.0408302
1999-03-29/17:07:04      214.920      33.5800      9.49000      108.000      2.94697     0.309017    0.0489170
1999-03-29/17:07:24      214.870      34.7100      9.14000      114.000      1.76200     0.406737    0.0280940
1999-03-29/17:07:45      214.890      35.8900      9.09000      119.000      2.55857     0.484810    0.0390565
1999-03-29/17:08:05      214.950      36.9700      9.47000      119.000      2.45967     0.484810    0.0375468
1999-03-29/17:08:24      214.950      38.0400      10.3800      117.000      2.81654     0.453991    0.0438000
1999-03-29/17:08:44      214.940      39.1500      10.9500      100.000      2.08986     0.173648    0.0359208
1999-03-29/17:09:04      214.900      40.4400      10.3000      121.000      3.04718     0.515038    0.0455870
1999-03-29/17:09:24      214.790      41.5100      9.02000      116.000      2.93375     0.438371    0.0460215
1999-03-29/17:09:44      214.680      42.6200      8.74000      121.000      2.49214     0.515038    0.0372834
1999-03-29/17:10:03      214.640      43.6800      9.51000      116.000      3.34944     0.438371    0.0525424
1999-03-29/17:10:23      214.620      44.7900      9.89000      114.000      1.94222     0.406737    0.0309675
1999-03-29/17:10:43      214.640      45.8900      9.74000      115.000      1.94748     0.422618    0.0308053
1999-03-29/17:11:03      214.630      46.8800      9.84000      114.000      1.85548     0.406737    0.0295845
1999-03-29/17:11:23      214.540      47.9200      10.0000      93.0000      2.34355    0.0523359    0.0408466
1999-03-29/17:11:43      214.550      49.1200      9.69000      117.000      4.31892     0.453991    0.0671635
1999-03-29/17:12:03      214.590      50.3500      9.51000      117.000      2.45583     0.453991    0.0381906
1999-03-29/17:12:23      214.480      51.3800      9.52000      110.000      2.27385     0.342020    0.0372928
1999-03-29/17:12:43      214.410      52.4500      9.58000      112.000      1.56737     0.374607    0.0253638
1999-03-29/17:13:02      214.290      53.5700      9.78000      122.000      2.09344     0.529919    0.0309855
1999-03-29/17:13:22      214.310      54.6000      9.22000      114.000      1.76200     0.406737    0.0280940
1999-03-29/17:13:42      214.280      55.7100      9.18000      109.000      2.90309     0.325568    0.0479080
1999-03-29/17:14:02      214.240      56.8800      10.0200      113.000      1.58863     0.390731    0.0255227
1999-03-29/17:14:21      214.260      57.9700      9.89000      120.000      2.61527     0.500000    0.0395298
1999-03-29/17:14:41      214.300      59.0900      9.62000      117.000      2.81654     0.453991    0.0438000
1999-03-29/17:15:01      214.390      60.4100      9.47000      116.000      2.47717     0.438371    0.0388592
1999-03-29/17:15:21      214.280      61.2500      9.48000      97.0000      2.65779     0.121869    0.0460414
1999-03-29/17:15:41      214.440      62.4100      8.91000      117.000      2.58715     0.453991    0.0402328
1999-03-29/17:16:00      214.480      63.6700      9.04000      108.000      2.34566     0.309017    0.0389358
1999-03-29/17:16:20      214.330      64.6100      9.48000      105.000      2.96037     0.258819    0.0499077
1999-03-29/17:16:40      214.400      65.7200      10.1200      99.0000      2.55400     0.156434    0.0440269
1999-03-29/17:17:01      214.390      66.9100      10.5900      116.000      2.61791     0.438371    0.0410669
1999-03-29/17:17:21      213.890      67.7300      10.2600      105.000      2.85935     0.258819    0.0482046
1999-03-29/17:18:00      213.820      69.7300      9.18000      102.000      1.60103     0.207912    0.0273326
1999-03-29/17:26:53      50.6000      85.1700      9.63000      67.0000      1.52115     0.390731    0.0244386
1999-03-29/17:27:13      43.9700      83.7100      10.7800      65.0000      2.74282     0.422618    0.0433861
1999-03-29/17:27:34      41.1100      82.3100      9.72000      77.0000      1.26700     0.224951    0.0215466
1999-03-29/17:29:12      40.7500      76.9700      10.0900      86.0000      2.21888    0.0697565    0.0386324
1999-03-29/17:29:32      40.0700      75.7600      9.90000      80.0000      2.20252     0.173648    0.0378572
1999-03-29/17:29:52      38.8700      74.1000      9.92000      79.0000      1.86391     0.190809    0.0319337
1999-03-29/17:30:12      37.7400      72.5700      9.86000      69.0000      2.32336     0.358368    0.0378569
1999-03-29/17:32:10      35.9100      65.7500      10.0900      84.0000      2.30219     0.104528    0.0399607
1999-03-29/17:34:10      35.3000      59.3700      10.0600      89.0000      1.27453    0.0174524    0.0222414
1999-03-29/17:34:30      35.2600      58.5300      10.1800      76.0000      1.78707     0.241922    0.0302638
1999-03-29/17:34:50      35.5300      57.3400      10.3700      73.0000      3.50255     0.292372    0.0584599
1999-03-29/17:35:10      35.5200      55.9600      10.5400      85.0000      2.38972    0.0871558    0.0415498
1999-03-29/17:36:29      35.4400      51.7100      10.0400      64.0000      3.24076     0.438371    0.0508375
1999-03-29/17:37:28      34.8700      48.5600      10.1200      87.0000      2.12414    0.0523359    0.0370224
1999-03-29/17:37:48      34.6800      47.4800      10.2200      52.0000      4.74053     0.615661    0.0651983
1999-03-29/17:39:08      34.7600      42.8300      10.2600      44.0000      2.00488     0.719340    0.0243073
1999-03-29/17:41:07      34.9500      35.6900      10.3100      59.0000      3.14954     0.515038    0.0471184
1999-03-29/17:41:46      35.1300      33.5900      10.0300      60.0000      3.00080     0.500000    0.0453571
1999-03-29/17:42:06      34.9000      32.9000      10.4100      55.0000      1.84570     0.573576    0.0263878
1999-03-29/17:42:26      34.9600      32.1500      10.0900      66.0000      1.82806     0.406737    0.0291473
1999-03-29/17:42:45      34.9800      31.1700      10.2700      69.0000      2.12442     0.358368    0.0346154
1999-03-29/17:43:05      34.8000      30.0900      10.1400      73.0000      2.84991     0.292372    0.0475669
1999-03-29/17:43:26      34.7500      28.9300      10.6800      65.0000      2.09785     0.422618    0.0331839
1999-03-29/17:43:46      34.6900      27.8100      9.71000      65.0000      2.46245     0.422618    0.0389512
1999-03-29/17:45:45      34.4700      20.9600      9.60000      52.0000      5.79770     0.615661    0.0797380
1999-03-29/17:46:04      34.4700      19.9100      9.62000      68.0000      4.86263     0.374607    0.0786891
1999-03-29/17:48:03      34.3900      13.2100      9.87000      74.0000      2.46569     0.275637    0.0413673
1999-03-29/17:48:23      34.2200      12.0200      8.46000      61.0000      3.20731     0.484810    0.0489596
1999-03-29/17:48:44      34.2100      10.9900      8.34000      73.0000      4.31371     0.292372    0.0719987
1999-03-29/17:49:04      34.2300      9.99000      8.63000      54.0000      2.54251     0.587785    0.0359003
1999-03-29/17:49:23      34.2500      8.95000      8.76000      54.0000      2.21851     0.587785    0.0313254
1999-03-29/17:49:43      34.3000      7.88000      9.42000      65.0000      2.74282     0.422618    0.0433861
1999-03-29/17:50:03      34.3200      6.87000      9.02000      43.0000      4.91887     0.731354    0.0585499
1999-03-29/17:50:42      34.3200      4.59000      9.18000      87.0000      1.92237    0.0523359    0.0335057
1999-03-29/17:51:02      34.3500      3.49000      8.87000      75.0000      3.22223     0.258819    0.0543222
1999-03-29/17:51:22      34.3600      2.45000      8.33000      53.0000      3.62091     0.601815    0.0504712
1999-03-29/17:51:42      34.4100      1.38000      5.35000      42.0000      4.34261     0.743145    0.0507153
1999-03-29/17:52:02      34.3900     0.230000      5.21000      52.0000      9.65944     0.615661     0.132850
1999-03-29/17:52:41      34.3000     -2.12000      6.68000      61.0000      4.21409     0.484810    0.0643281
1999-03-29/17:53:01      34.2200     -3.52000      7.21000      54.0000      2.41496     0.587785    0.0340993
1999-03-29/17:53:21      34.2100     -4.59000      7.56000      56.0000      2.34112     0.559193    0.0338747
1999-03-29/17:53:41      34.1900     -5.44000      6.92000      75.0000      2.45144     0.258819    0.0413278
1999-03-29/17:54:01      34.3600     -6.41000      8.09000      77.0000      1.86721     0.224951    0.0317537
1999-03-29/17:55:01      34.3200     -9.63000      7.22000      79.0000      1.86391     0.190809    0.0319337
1999-03-29/17:55:20      34.2100     -10.7300      6.56000      81.0000      5.29420     0.156434    0.0912636
1999-03-29/17:56:59      33.8000     -16.3700      7.97000      55.0000      3.42183     0.573576    0.0489216
1999-03-29/17:57:19      33.8500     -17.4700      9.52000      52.0000      4.74053     0.615661    0.0651983
1999-03-29/17:57:39      33.9100     -18.5400      9.96000      80.0000      2.72954     0.173648    0.0469157
1999-03-29/17:58:00      34.0200     -19.7700      9.08000      89.0000      1.40186    0.0174524    0.0244633
1999-03-29/17:58:40      33.9300     -22.1000      7.79000      84.0000      2.51147     0.104528    0.0435933
1999-03-29/17:58:59      34.0300     -23.6400      7.88000      74.0000      3.26672     0.275637    0.0548064
1999-03-29/17:59:19      34.1500     -24.1000      8.22000      89.0000      1.40186    0.0174524    0.0244633
1999-03-29/17:59:59      34.3000     -26.2900      5.90000      82.0000      2.50016     0.139173    0.0432114
1999-03-29/18:00:19      34.0200     -27.3100      6.48000      79.0000      2.17704     0.190809    0.0372984
1999-03-29/18:00:38      34.3400     -28.2600      6.76000      82.0000      2.30754     0.139173    0.0398822
1999-03-29/18:00:58      34.4400     -29.8200      7.18000      75.0000      2.85144     0.258819    0.0480712
1999-03-29/18:03:16      33.9700     -36.8300      8.54000      53.0000      5.55124     0.601815    0.0773777
1999-03-29/18:06:16      34.7700     -48.4000      9.49000      55.0000      4.16840     0.573576    0.0595952
1999-03-29/18:06:35      35.3600     -50.5500      8.53000      63.0000      3.45764     0.453990    0.0537698
1999-03-29/18:06:55      34.6300     -51.1000      8.98000      78.0000      1.82292     0.207912    0.0311207
1999-03-29/18:07:15      34.1700     -51.2300      9.34000      81.0000      2.98906     0.156434    0.0515267
1999-03-29/18:07:35      34.0400     -52.2900      8.98000      65.0000      2.26885     0.422618    0.0358888
1999-03-29/18:07:54      33.7900     -54.4800      8.69000      66.0000      1.46827     0.406737    0.0234106
1999-03-29/18:08:14      33.9400     -55.9500      8.54000      55.0000      2.73707     0.573576    0.0391316
1999-03-29/18:08:35      34.3000     -56.5300      8.05000      75.0000      1.81482     0.258819    0.0305953
1999-03-29/18:08:55      33.8800     -59.0200      8.74000      73.0000      1.80236     0.292372    0.0300826
1999-03-29/18:09:15      33.2600     -58.8600      9.30000      73.0000      2.45874     0.292372    0.0410380
1999-03-29/18:09:35      32.9900     -59.5100      8.87000      68.0000      2.01220     0.374607    0.0325623
1999-03-29/18:09:54      32.6400     -60.1700      9.75000      76.0000      1.49576     0.241922    0.0253305
1999-03-29/18:10:14      32.5600     -60.8400      9.56000      80.0000      3.10816     0.173648    0.0534235
1999-03-29/18:10:34      33.0500     -61.5900      9.07000      59.0000      4.89963     0.515038    0.0733004
1999-03-29/18:10:54      33.0000     -62.5400      8.68000      32.0000      12.1960     0.848048     0.112799
1999-03-29/18:11:13      32.6900     -63.4900      8.85000      53.0000      3.29175     0.601815    0.0458831
1999-03-29/18:11:33      32.3000     -64.5800      9.74000      72.0000      2.31438     0.309017    0.0384165
1999-03-29/18:11:53      33.2500     -65.6700      9.42000      76.0000      3.09582     0.241922    0.0524273
1999-03-29/18:12:13      35.7100     -67.9600      9.12000      50.0000      2.90193     0.642788    0.0387988
1999-03-29/18:12:32      38.3500     -71.1000      9.18000      45.0000      3.27043     0.707107    0.0403615
1999-03-29/18:12:52      36.9600     -72.1900      8.50000      65.0000      1.85548     0.422618    0.0293501
1999-03-29/18:13:12      34.3900     -71.7800      9.23000      39.0000      3.41998     0.777146    0.0375641
1999-03-29/18:29:05      216.150     -63.5400      9.90000      118.000      2.42354     0.469472    0.0373476
1999-03-29/18:29:24      215.750     -62.2000      10.2400      137.000      3.23584     0.731354    0.0385166
1999-03-29/18:29:45      215.540     -60.8300      10.1800      134.000      7.61342     0.694658    0.0955853
1999-03-29/18:31:24      215.490     -54.9900      9.93000      108.000      2.25162     0.309017    0.0373748
1999-03-29/18:31:44      215.520     -54.0700      9.44000      139.000      3.14388     0.754710    0.0359986
1999-03-29/18:32:04      215.440     -52.9200      9.02000      104.000      4.75772     0.241922    0.0805713
1999-03-29/18:32:23      215.310     -51.8500      10.2400      120.000      2.97762     0.500000    0.0450067
1999-03-29/18:33:23      215.170     -48.5600      8.83000      125.000      2.63929     0.573576    0.0377337
1999-03-29/18:33:43      215.130     -47.4200      8.53000      115.000      2.78826     0.422618    0.0441048
1999-03-29/18:34:02      215.050     -46.2500      9.01000      107.000      2.56265     0.292372    0.0427723
1999-03-29/18:34:22      215.050     -45.0600      8.93000      133.000      2.51485     0.681998    0.0321009
1999-03-29/18:34:42      215.000     -43.6800      8.83000      135.000      8.96907     0.707107     0.110690
1999-03-29/18:38:21      214.160     -32.1600      8.74000      132.000      3.63051     0.669131    0.0470889
1999-03-29/18:38:40      214.160     -31.1100      8.92000      110.000      3.82218     0.342020    0.0626865
1999-03-29/18:39:00      214.140     -30.0200      9.54000      115.000      2.78826     0.422618    0.0441048
1999-03-29/18:39:20      214.150     -28.8700      9.10000      110.000      4.01453     0.342020    0.0658412
1999-03-29/18:39:40      214.140     -27.7000      9.49000      135.000      2.00488     0.707107    0.0247429
1999-03-29/18:40:00      214.160     -26.6600      8.82000      139.000      5.16888     0.754710    0.0591857
1999-03-29/18:40:20      214.140     -25.5500      8.85000      98.0000      3.85170     0.139173    0.0665706
1999-03-29/18:40:40      214.120     -24.4100      9.21000      93.0000      3.39024    0.0523359    0.0590898
1999-03-29/18:41:00      214.100     -23.4000      9.52000      150.000      7.35244     0.866026    0.0641621
1999-03-29/18:41:59      214.080     -19.9700      9.93000      134.000      2.49403     0.694658    0.0313122
1999-03-29/18:42:19      214.070     -18.9200      9.17000      135.000      2.99077     0.707107    0.0369101
1999-03-29/18:43:18      214.000     -15.5500      9.09000      117.000      7.07804     0.453991     0.110071
1999-03-29/18:43:38      213.980     -14.5100      8.94000      116.000      3.89243     0.438371    0.0610602
1999-03-29/18:43:58      214.000     -13.3800      9.05000      101.000      2.74699     0.190809    0.0470632
1999-03-29/18:44:18      213.930     -12.2600      9.39000      102.000      3.13465     0.207912    0.0535144
1999-03-29/18:44:37      213.930     -11.2300      9.96000      113.000      1.82806     0.390731    0.0293693
1999-03-29/18:44:57      214.010     -10.2500      9.41000      132.000      5.30442     0.669131    0.0688000
1999-03-29/18:45:17      214.150     -9.06000      9.46000      117.000      6.40714     0.453991    0.0996374
1999-03-29/18:45:38      214.130     -7.90000      8.76000      135.000      1.68462     0.707107    0.0207905
1999-03-29/18:46:18      214.060     -5.65000      9.21000      91.0000      1.56751    0.0174525    0.0273540
1999-03-29/18:46:37      213.990     -4.78000      9.38000      124.000      1.61080     0.559193    0.0233074
1999-03-29/18:46:57      213.860     -3.87000      8.66000      101.000      4.33435     0.190809    0.0742588
1999-03-29/18:47:56      213.730    -0.390000      8.82000      103.000      2.73067     0.224951    0.0464377
1999-03-29/18:48:16      213.690     0.720000      8.96000      120.000      2.75537     0.500000    0.0416474
1999-03-29/18:48:36      213.710      1.84000      9.01000      112.000      2.09250     0.374607    0.0338617
1999-03-29/18:48:56      213.730      2.90000      9.21000      115.000      2.15278     0.422618    0.0340528
1999-03-29/18:49:16      213.710      4.02000      8.90000      121.000      2.42035     0.515038    0.0362094
1999-03-29/18:49:35      213.720      5.04000      8.91000      114.000      2.85912     0.406737    0.0455869
1999-03-29/18:49:55      213.690      6.18000      8.93000      134.000      2.58820     0.694658    0.0324945
1999-03-29/18:50:15      213.680      7.21000      8.74000      133.000      3.16770     0.681998    0.0404342
1999-03-29/18:50:35      213.670      8.30000      8.66000      131.000      6.82167     0.656059    0.0898562
1999-03-29/18:52:34      213.770      15.3900      9.04000      136.000      4.65822     0.719340    0.0564766
1999-03-29/18:52:54      213.620      16.1600      9.26000      143.000      3.51992     0.798636    0.0369720
1999-03-29/18:53:33      213.660      18.1400      8.77000      119.000      3.57206     0.484810    0.0545275
1999-03-29/18:53:53      213.640      19.1700      9.14000      108.000      2.72086     0.309017    0.0451637
1999-03-29/18:54:13      213.670      20.3100      8.98000      116.000      4.57356     0.438371    0.0717451
1999-03-29/18:54:33      213.680      21.5900      9.28000      112.000      4.32754     0.374607    0.0700300
1999-03-29/18:54:53      213.540      22.6200      8.78000      112.000      1.47353     0.374607    0.0238453
1999-03-29/18:55:12      213.490      23.5900      8.71000      101.000      2.09172     0.190809    0.0358367
1999-03-29/18:55:32      213.530      24.6700      8.87000      95.0000      2.58933    0.0871559    0.0450204
1999-03-29/18:56:13      213.480      26.9800      9.02000      109.000      2.57545     0.325568    0.0425011
1999-03-29/18:56:33      213.470      28.0400      8.88000      111.000      2.09106     0.358368    0.0340718
1999-03-29/18:56:53      213.420      29.1400      8.64000      106.000      2.68499     0.275637    0.0450466
1999-03-29/18:57:12      213.360      30.1800      8.18000      110.000      2.20291     0.342020    0.0361293
1999-03-29/18:57:32      213.390      31.2400      5.81000      102.000      1.55031     0.207912    0.0264667
1999-03-29/18:57:52      213.410      32.3400      10.5900      110.000      2.45938     0.342020    0.0403356
1999-03-29/18:58:12      213.390      33.4000      9.77000      113.000      1.82806     0.390731    0.0293693
1999-03-29/18:58:32      213.360      34.4800      9.09000      110.000      3.07254     0.342020    0.0503919
1999-03-29/18:58:51      213.320      35.5800      8.66000      104.000      1.91551     0.241922    0.0324389
1999-03-29/18:59:11      213.310      36.6800      8.44000      104.000      2.18875     0.241922    0.0370662
1999-03-29/18:59:31      213.290      37.7700      8.39000      110.000      2.27385     0.342020    0.0372928
1999-03-29/18:59:51      213.310      38.8600      8.37000      104.000      2.45144     0.241922    0.0415148
1999-03-29/19:00:10      213.300      40.0000      8.59000      107.000      2.08872     0.292372    0.0348621
1999-03-29/19:00:30      213.320      41.1200      9.00000      105.000      1.91034     0.258819    0.0322056
1999-03-29/19:00:50      213.330      42.2200      8.88000      105.000      1.78862     0.258819    0.0301536
1999-03-29/19:01:10      213.330      43.3200      9.43000      103.000      1.98394     0.224951    0.0337388
1999-03-29/19:01:30      213.330      44.4600      8.30000      104.000      1.91551     0.241922    0.0324389
1999-03-29/19:01:50      213.300      45.5400      5.35000      105.000      2.96037     0.258819    0.0499077
1999-03-29/19:02:10      213.290      46.6400      7.85000      109.000      2.93767     0.325568    0.0484786
1999-03-29/19:02:30      213.290      47.7200      8.88000      125.000      2.96422     0.573576    0.0423792
1999-03-29/19:03:09      213.220      50.0200      8.93000      110.000      2.45938     0.342020    0.0403356
1999-03-29/19:03:29      213.140      51.1300      8.31000      105.000      1.68722     0.258819    0.0284441
1999-03-29/19:03:49      213.140      52.2200      9.58000      103.000      1.73153     0.224951    0.0294463
1999-03-29/19:04:09      213.080      53.3400      9.46000      102.000      1.55031     0.207912    0.0264667
1999-03-29/19:04:28      213.110      54.4200      8.30000      108.000      3.20879     0.309017    0.0532629
1999-03-29/19:04:48      213.150      55.5800      8.83000      106.000      1.68002     0.275637    0.0281860
1999-03-29/19:05:08      213.110      56.6800      8.59000      102.000      1.49575     0.207912    0.0255353
1999-03-29/19:05:28      213.140      57.8300      8.08000      109.000      3.44885     0.325568    0.0569143
1999-03-29/19:05:47      213.200      59.0800      8.34000      116.000      2.85385     0.438371    0.0447681
1999-03-29/19:06:07      213.300      60.4600      8.74000      112.000      1.74712     0.374607    0.0282726
1999-03-29/19:06:27      213.290      61.3700      8.98000      102.000      1.49575     0.207912    0.0255353
1999-03-29/19:06:48      213.290      62.5500      8.84000      111.000      1.76109     0.358368    0.0286953
1999-03-29/19:07:08      213.270      63.8000      8.35000      103.000      2.08650     0.224951    0.0354829
1999-03-29/19:07:28      213.290      64.8100      8.17000      104.000      2.10729     0.241922    0.0356867
1999-03-29/19:07:47      213.330      66.0100      8.42000      112.000      1.90709     0.374607    0.0308613
1999-03-29/19:08:07      213.340      67.3300      8.87000      112.000      1.68015     0.374607    0.0271889
1999-03-29/19:08:27      213.120      68.2400      9.42000      117.000      3.38384     0.453991    0.0526221
1999-03-29/19:08:47      213.040      69.0500      10.0500      115.000      4.71998     0.422618    0.0746609
1999-03-29/19:09:07      213.580      70.6500      8.61000      97.0000      3.41076     0.121869    0.0590853
1999-03-29/19:17:02      103.960      88.1800      7.85000      76.0000      2.08650     0.241922    0.0353346
1999-03-29/19:17:21      109.940      87.9000      7.92000      65.0000      2.05132     0.422618    0.0324479
1999-03-29/19:17:41      83.1700      87.7200      7.16000      80.0000      2.20252     0.173648    0.0378572
1999-03-29/19:18:01      52.1700      85.9500      7.55000      77.0000      1.31060     0.224951    0.0222880
1999-03-29/19:18:21      46.7700      84.8400      8.01000      67.0000      1.68015     0.390731    0.0269930
1999-03-29/19:18:40      40.9300      82.8600      8.09000      77.0000      1.49575     0.224951    0.0254367
1999-03-29/19:19:00      40.2900      81.4000      8.34000      76.0000      1.78707     0.241922    0.0302638
1999-03-29/19:19:20      39.6500      80.1000      8.56000      81.0000      2.35942     0.156434    0.0406727
1999-03-29/19:19:40      39.1800      79.0300      8.45000      79.0000      2.06637     0.190809    0.0354023
1999-03-29/19:20:01      38.6300      78.1000      8.26000      70.0000      3.28169     0.342020    0.0538221
1999-03-29/19:20:21      38.3600      77.2300      8.22000      76.0000      2.64059     0.241922    0.0447180
1999-03-29/19:20:40      37.8500      76.1700      8.48000      76.0000      1.57584     0.241922    0.0266866
1999-03-29/19:21:00      37.5100      75.1500      8.57000      71.0000      3.20879     0.325568    0.0529528
1999-03-29/19:21:20      36.8800      73.8000      8.20000      67.0000      1.90709     0.390731    0.0306390
1999-03-29/19:21:40      36.0800      72.4300      8.43000      69.0000      2.20291     0.358368    0.0358943
1999-03-29/19:22:59      35.2100      67.9900      7.88000      84.0000      2.58933     0.104528    0.0449448
1999-03-29/19:23:18      35.1600      66.8400      7.64000      84.0000      3.20925     0.104528    0.0557051
1999-03-29/19:23:38      35.0600      65.6100      7.83000      85.0000      2.38972    0.0871558    0.0415498
1999-03-29/19:28:56      34.2900      47.5700      8.09000      51.0000      24.7730     0.629320     0.336015
1999-03-29/19:30:15      34.3300      43.2400      8.30000      34.0000      1.94633     0.829038    0.0189957
1999-03-29/19:30:36      34.2500      42.1300      8.05000      51.0000      4.76905     0.629320    0.0646862
1999-03-29/19:30:56      34.2000      41.0300      8.08000      72.0000      3.43378     0.309017    0.0569975
1999-03-29/19:31:15      34.1700      39.9400      8.32000      68.0000      3.27161     0.374607    0.0529425
1999-03-29/19:32:34      34.1500      35.5300      8.33000      85.0000      2.43530    0.0871558    0.0423423
1999-03-29/19:33:14      34.1700      33.2900      8.29000      68.0000      2.25057     0.374607    0.0364197
1999-03-29/19:33:34      34.1400      32.2700      8.20000      65.0000      2.17026     0.422618    0.0343293
1999-03-29/19:36:33      33.7500      22.4200      8.08000      66.0000      1.78538     0.406737    0.0284668
1999-03-29/19:36:53      33.7500      21.3500      7.78000      56.0000      2.27303     0.559193    0.0328895
1999-03-29/19:37:12      33.7400      20.2800      7.78000      58.0000      2.75133     0.529919    0.0407231
1999-03-29/19:37:32      33.7000      19.1600      7.80000      59.0000      6.89819     0.515038     0.103200
1999-03-29/19:39:31      33.5500      12.5900      7.76000      57.0000      2.66196     0.544639    0.0389646
1999-03-29/19:39:50      33.5400      11.5200      7.77000      58.0000      3.75244     0.529919    0.0555407
1999-03-29/19:40:30      33.5000      9.31000      7.78000      58.0000      3.23298     0.529919    0.0478521
1999-03-29/19:40:50      33.4900      8.21000      7.74000      60.0000      23.7264     0.500000     0.358624
1999-03-29/19:41:11      33.4600      7.06000      7.58000      67.0000      3.28072     0.390731    0.0527075
1999-03-29/19:41:31      33.4300      5.97000      7.47000      48.0000      5.27110     0.669131    0.0683679
1999-03-29/19:41:50      33.4100      4.85000      7.55000      55.0000      2.16123     0.573576    0.0308989
1999-03-29/19:42:10      33.4100      3.73000      7.62000      52.0000      4.57501     0.615661    0.0629219
1999-03-29/19:43:29      33.3400    -0.660000      8.16000      66.0000      2.19499     0.406737    0.0349977
1999-03-29/19:48:27      33.4000     -16.9200      7.36000      54.0000      5.26571     0.587785    0.0743519
1999-03-29/19:48:47      33.3300     -17.9800      6.94000      64.0000      1.94748     0.438371    0.0305500
1999-03-29/19:52:06      33.3200     -28.9400      7.23000      67.0000      2.09250     0.390731    0.0336178
1999-03-29/19:53:25      33.2900     -33.4900      8.19000      53.0000      5.06650     0.601815    0.0706210
1999-03-29/19:53:45      33.2200     -34.6100      9.27000      59.0000      6.65376     0.515038    0.0995428
1999-03-29/19:56:03      33.1500     -42.2500      11.5800      57.0000      2.81476     0.544639    0.0412012
1999-03-29/19:56:23      33.2400     -43.4600      20.1800      81.0000      2.98906     0.156434    0.0515267
1999-03-29/19:57:03      33.1100     -45.6000      13.0400      61.0000      3.10994     0.484810    0.0474732
1999-03-29/19:57:23      33.2500     -46.8600      9.10000      54.0000      3.16559     0.587785    0.0446982
1999-03-29/19:57:43      33.3400     -48.3600      8.99000      46.0000      3.01339     0.694658    0.0378327
1999-03-29/19:58:03      33.0600     -49.2900      7.67000      68.0000      2.37731     0.374607    0.0384706
1999-03-29/19:58:23      33.0000     -49.9800      7.33000      76.0000      2.53537     0.241922    0.0429361
1999-03-29/19:58:43      33.0800     -51.0400      7.47000      63.0000      3.45764     0.453990    0.0537698
1999-03-29/19:59:02      33.0000     -52.2300      7.49000      62.0000      2.45583     0.469472    0.0378452
1999-03-29/19:59:22      32.9900     -53.4400      7.54000      72.0000      3.22839     0.309017    0.0535883
1999-03-29/19:59:42      33.1000     -54.5100      7.81000      63.0000      3.34944     0.453990    0.0520871
1999-03-29/20:00:02      33.2400     -55.6600      7.92000      67.0000      2.95217     0.390731    0.0474291
1999-03-29/20:00:21      33.3400     -56.7700      8.12000      59.0000      3.05288     0.515038    0.0456723
1999-03-29/20:00:41      33.2800     -57.7200      8.53000      73.0000      3.07495     0.292372    0.0513230
1999-03-29/20:01:01      33.3500     -58.7400      8.28000      68.0000      2.32941     0.374607    0.0376955
1999-03-29/20:01:21      33.4700     -59.8200      8.32000      75.0000      2.35032     0.258819    0.0396231
1999-03-29/20:01:41      33.6000     -60.8900      8.42000      66.0000      1.69368     0.406737    0.0270047
1999-03-29/20:02:00      33.7300     -62.0600      8.39000      47.0000      2.72335     0.681998    0.0347623
1999-03-29/20:02:21      33.8300     -63.3100      8.24000      45.0000      1.92438     0.707107    0.0237494
1999-03-29/20:02:41      33.6100     -64.1700      8.49000      63.0000      1.94197     0.453990    0.0301996
1999-03-29/20:03:01      33.9600     -65.1700      8.41000      79.0000      1.86391     0.190809    0.0319337
1999-03-29/20:03:21      34.4300     -66.8300      8.32000      64.0000      4.13745     0.438371    0.0649038
1999-03-29/20:03:40      34.0900     -67.9400      8.16000      56.0000      1.56129     0.559193    0.0225910
1999-03-29/20:04:00      34.3900     -69.3000      7.89000      66.0000      1.46827     0.406737    0.0234106
1999-03-29/20:04:20      34.6200     -70.5100      8.47000      53.0000      2.37413     0.601815    0.0330926
1999-03-29/20:04:40      34.8200     -71.4900      8.76000      43.0000      1.87199     0.731354    0.0222825
1999-03-29/20:04:59      35.0200     -72.4900      8.44000      84.0000      3.04153     0.104528    0.0527939
1999-03-29/20:05:19      35.6200     -73.7600      8.02000      72.0000      2.44629     0.309017    0.0406061
1999-03-29/20:05:39      36.4300     -75.7500      7.86000      69.0000      2.35372     0.358368    0.0383516
1999-03-29/20:05:59      37.7200     -77.5800      6.54000      67.0000      1.47353     0.390731    0.0236735
1999-03-29/20:15:15      237.440     -84.0800      6.73000      128.000      2.84796     0.615661    0.0391691
1999-03-29/20:15:34      226.450     -81.6600      6.24000      126.000      2.45908     0.587785    0.0347222
1999-03-29/20:15:54      221.230     -79.3600      6.25000      118.000      3.01293     0.469472    0.0464303
1999-03-29/20:16:14      219.460     -77.8100      6.44000      120.000      2.68786     0.500000    0.0406270
1999-03-29/20:16:34      218.600     -76.4200      6.08000      105.000      2.14212     0.258819    0.0361131
1999-03-29/20:16:55      218.380     -75.4500      5.58000      107.000      2.65356     0.292372    0.0442897
1999-03-29/20:17:15      218.350     -74.1700      4.87000      112.000      1.86436     0.374607    0.0301698
1999-03-29/20:17:34      217.590     -72.7100      5.94000      118.000      2.42354     0.469472    0.0373476
1999-03-29/20:17:54      217.160     -71.4100      11.2800      108.000      2.72086     0.309017    0.0451637
1999-03-29/20:18:14      216.700     -70.1300      7.52000      95.0000      3.04153    0.0871559    0.0528827
1999-03-29/20:18:34      216.530     -69.2200      7.31000      108.000      2.42687     0.309017    0.0402838
1999-03-29/20:18:54      216.480     -68.4300      7.33000      114.000      2.46245     0.406737    0.0392622
1999-03-29/20:19:13      216.030     -66.9200      7.00000      138.000      5.43261     0.743145    0.0634449
1999-03-29/20:19:33      215.590     -65.5600      6.69000      126.000      3.00177     0.587785    0.0423850
1999-03-29/20:19:53      215.440     -64.5900      6.70000      100.000      2.58013     0.173648    0.0443476
1999-03-29/20:20:13      215.430     -63.8500      6.80000      128.000      4.45622     0.615661    0.0612881
1999-03-29/20:20:32      215.380     -62.7200      6.78000      126.000      2.45908     0.587785    0.0347222
1999-03-29/20:20:52      215.060     -61.3400      7.02000      135.000      2.24506     0.707107    0.0277071
1999-03-29/20:21:12      214.840     -60.1400      6.81000      105.000      4.30197     0.258819    0.0725251
1999-03-29/20:21:32      214.560     -58.8400      7.01000      135.000      2.11900     0.707107    0.0261513
1999-03-29/20:22:12      214.260     -56.5000      5.30000      95.0000      3.36092    0.0871559    0.0584359
1999-03-29/20:22:32      214.270     -55.4800      5.71000      117.000      7.25609     0.453991     0.112839
1999-03-29/20:22:52      214.240     -54.4800      5.84000      130.000      3.62131     0.642788    0.0484169
1999-03-29/20:23:12      214.160     -53.3600      5.91000      132.000      3.27162     0.669131    0.0424340
1999-03-29/20:23:31      214.040     -52.2300      5.38000      112.000      2.22430     0.374607    0.0359945
1999-03-29/20:23:51      213.920     -51.1000      4.44000      125.000      2.41496     0.573576    0.0345264
1999-03-29/20:24:11      213.840     -49.9700      6.44000      115.000      2.15278     0.422618    0.0340528
1999-03-29/20:24:31      213.800     -48.9000      6.56000      124.000      4.60390     0.559193    0.0666158
1999-03-29/20:24:50      213.780     -47.8300      6.92000      117.000      3.85261     0.453991    0.0599119
1999-03-29/20:25:10      213.760     -46.6900      7.21000      107.000      9.20008     0.292372     0.153555
1999-03-29/20:25:30      213.740     -45.5700      7.14000      116.000      8.88126     0.438371     0.139320
1999-03-29/20:25:50      213.680     -44.4400      7.14000      126.000      5.29392     0.587785    0.0747502
1999-03-29/20:26:10      213.620     -43.2900      7.30000      93.0000      2.60843    0.0523359    0.0454633
1999-03-29/20:26:29      213.600     -42.2100      7.22000      113.000      1.82806     0.390731    0.0293693
1999-03-29/20:26:49      213.510     -41.0400      8.59000      124.000      1.84570     0.559193    0.0267062
1999-03-29/20:27:09      213.360     -39.8600      7.63000      141.000      3.93486     0.777146    0.0432194
1999-03-29/20:27:30      213.280     -38.7500      8.10000      142.000      3.32991     0.788011    0.0357809
1999-03-29/20:27:50      213.270     -37.7800      8.41000      155.000      9.58593     0.906308    0.0707066
1999-03-29/20:28:10      213.260     -36.6100      8.46000      134.000      2.23258     0.694658    0.0280297
1999-03-29/20:28:29      213.280     -35.4900      8.39000      154.000      9.46049     0.898794    0.0723824
1999-03-29/20:28:49      213.300     -34.4100      7.60000      144.000      2.37632     0.809017    0.0243782
1999-03-29/20:29:09      213.240     -33.3000      8.51000      134.000      1.82770     0.694658    0.0229465
1999-03-29/20:29:29      213.210     -32.2900      9.68000      136.000      2.31905     0.719340    0.0281163
1999-03-29/20:29:49      213.210     -31.2900      10.4800      112.000      3.80142     0.374607    0.0615161
1999-03-29/20:30:08      213.240     -30.2300      10.3800      138.000      3.71548     0.743145    0.0433914
1999-03-29/20:30:28      213.230     -29.1000      10.3100      130.000      4.98111     0.642788    0.0665974
1999-03-29/20:30:48      213.190     -27.9200      10.9600      109.000      5.05363     0.325568    0.0833971
1999-03-29/20:31:08      213.170     -26.8500      10.2500      119.000      4.47089     0.484810    0.0682481
1999-03-29/20:31:27      213.140     -25.7900      9.17000      129.000      3.48074     0.629321    0.0472119
1999-03-29/20:31:47      213.120     -24.6900      9.36000      109.000      3.50897     0.325568    0.0579065
1999-03-29/20:32:07      213.120     -23.6600      7.99000      121.000      3.81771     0.515038    0.0571144
1999-03-29/20:32:27      213.140     -22.5900      8.58000      111.000      22.2732     0.358368     0.362921
1999-03-29/20:33:07      213.140     -20.2600      8.73000      128.000      8.38080     0.615661     0.115264
1999-03-29/20:33:27      213.100     -19.1600      8.92000      130.000      7.13225     0.642788    0.0953582
1999-03-29/20:33:47      213.040     -18.0400      8.42000      119.000      3.42648     0.484810    0.0523052
1999-03-29/20:34:07      213.020     -16.9700      8.63000      132.000      3.27162     0.669131    0.0424340
1999-03-29/20:34:26      212.990     -15.8700      8.79000      116.000      8.29996     0.438371     0.130201
1999-03-29/20:34:46      212.960     -14.8200      8.73000      129.000      4.42622     0.629321    0.0600362
1999-03-29/20:35:26      212.890     -12.5500      8.07000      99.0000      4.47393     0.156434    0.0771235
1999-03-29/20:35:45      212.840     -11.5600      7.14000      121.000      4.36846     0.515038    0.0653539
1999-03-29/20:36:05      212.880     -10.5800      7.31000      130.000      4.70593     0.642788    0.0629183
1999-03-29/20:36:45      212.910     -8.26000      7.15000      144.000      30.4326     0.809017     0.312202
1999-03-29/20:37:05      212.790     -7.12000      6.72000      156.000      6.15127     0.913545    0.0436672
1999-03-29/20:37:24      212.780     -6.10000      8.17000      137.000      3.73557     0.731354    0.0444649
1999-03-29/20:37:44      212.820     -5.03000      8.45000      129.000      3.81963     0.629321    0.0518085
1999-03-29/20:38:05      212.810     -4.00000      8.42000      131.000      3.55430     0.656059    0.0468178
1999-03-29/20:38:25      212.840     -2.91000      8.41000      126.000      7.03291     0.587785    0.0993048
1999-03-29/20:39:04      212.780    -0.570000      7.85000      113.000      3.25485     0.390731    0.0522919
1999-03-29/20:39:24      212.760     0.450000      7.67000      133.000      2.45306     0.681998    0.0313122
1999-03-29/20:39:44      212.740      1.48000      7.66000      111.000      2.37731     0.358368    0.0387360
1999-03-29/20:40:04      212.730      2.56000      7.55000      105.000      2.34766     0.258819    0.0395782
1999-03-29/20:40:24      212.700      3.64000      7.34000      115.000      3.00722     0.422618    0.0475684
1999-03-29/20:41:03      212.710      5.82000      7.06000      144.000      3.07767     0.809017    0.0315732
1999-03-29/20:41:23      212.710      6.91000      7.82000      125.000      5.54943     0.573576    0.0793396
1999-03-29/20:41:43      212.640      8.04000      8.63000      114.000      4.12941     0.406737    0.0658409
1999-03-29/20:42:02      212.640      9.10000      7.87000      124.000      1.99801     0.559193    0.0289101
1999-03-29/20:42:42      212.590      11.2900      6.38000      136.000      10.3125     0.719340     0.125030
1999-03-29/20:43:42      212.510      14.7900      6.46000      132.000      5.94674     0.669131    0.0771312
1999-03-29/20:44:02      212.620      15.8200      6.41000      111.000      2.66344     0.358368    0.0433982
1999-03-29/20:44:22      212.620      16.8400      5.95000      118.000      3.56851     0.469472    0.0549920
1999-03-29/20:44:42      212.600      17.9500      5.30000      121.000      4.08844     0.515038    0.0611647
1999-03-29/20:45:01      212.600      18.9700      5.64000      115.000      3.34448     0.422618    0.0529032
1999-03-29/20:45:21      212.600      20.2000      5.49000      130.000      3.40025     0.642788    0.0454613
1999-03-29/20:45:41      212.410      21.2800      5.57000      130.000      3.08779     0.642788    0.0412837
1999-03-29/20:46:01      212.450      22.2900      4.74000      106.000      6.30314     0.275637     0.105749
1999-03-29/20:46:20      212.540      23.3200      6.24000      134.000      2.13954     0.694658    0.0268616
1999-03-29/20:46:40      212.530      24.4600      6.54000      106.000      4.39636     0.275637    0.0737585
1999-03-29/20:47:00      212.440      25.5900      6.47000      100.000      2.25861     0.173648    0.0388213
1999-03-29/20:47:20      212.320      26.7000      6.45000      109.000      2.41105     0.325568    0.0397881
1999-03-29/20:47:40      212.300      27.7500      6.47000      104.000      2.56031     0.241922    0.0433585
1999-03-29/20:47:59      212.310      28.7900      6.22000      109.000      2.46527     0.325568    0.0406829
1999-03-29/20:48:19      212.330      29.8000      6.17000      100.000      2.08986     0.173648    0.0359208
1999-03-29/20:49:00      212.310      32.0500      6.05000      105.000      2.46569     0.258819    0.0415680
1999-03-29/20:49:20      212.290      33.1400      6.01000      100.000      1.86391     0.173648    0.0320371
1999-03-29/20:49:40      212.240      34.2400      6.10000      101.000      1.74878     0.190809    0.0299612
1999-03-29/20:49:59      212.190      35.3400      6.03000      110.000      2.32336     0.342020    0.0381048
1999-03-29/20:50:19      212.180      36.4600      5.99000      109.000      2.65359     0.325568    0.0437906
1999-03-29/20:50:39      212.170      37.5800      6.05000      110.000      2.55790     0.342020    0.0419514
1999-03-29/20:50:59      212.160      38.7000      6.29000      101.000      2.17303     0.190809    0.0372297
1999-03-29/20:51:18      212.130      39.8100      6.53000      102.000      1.26700     0.207912    0.0216301
1999-03-29/20:51:38      212.140      40.8800      6.45000      100.000      1.86391     0.173648    0.0320371
1999-03-29/20:51:58      212.190      41.9500      6.35000      104.000      2.65779     0.241922    0.0450093
1999-03-29/20:52:18      212.220      43.0000      5.68000      106.000      2.04680     0.275637    0.0343395
1999-03-29/20:52:37      212.270      44.0800      6.03000      103.000      1.49576     0.224951    0.0254368
1999-03-29/20:52:57      212.240      45.2800      6.10000      112.000      1.68015     0.374607    0.0271889
1999-03-29/20:53:17      212.200      46.3700      6.24000      108.000      2.15622     0.309017    0.0357912
1999-03-29/20:53:37      212.150      47.4600      6.11000      111.000      1.71930     0.358368    0.0280144
1999-03-29/20:53:58      212.070      48.5900      6.20000      97.0000      2.72844     0.121869    0.0472653
1999-03-29/20:54:18      212.050      49.8200      6.49000      113.000      1.64092     0.390731    0.0263628
1999-03-29/20:54:37      211.990      50.8700      6.51000      108.000      1.95945     0.309017    0.0325250
1999-03-29/20:54:57      211.930      51.9100      6.49000      105.000      2.76988     0.258819    0.0466963
1999-03-29/20:55:17      211.830      53.0000      6.58000      103.000      1.98394     0.224951    0.0337388
1999-03-29/20:55:37      211.780      54.0300      6.65000      93.0000      2.55494    0.0523359    0.0445310
1999-03-29/20:55:56      211.840      55.2400      6.86000      109.000      2.51082     0.325568    0.0414346
1999-03-29/20:56:16      211.850      56.3600      6.95000      97.0000      2.40785     0.121869    0.0417117
1999-03-29/20:56:36      211.820      57.5300      6.82000      97.0000      2.72844     0.121869    0.0472653
1999-03-29/20:56:56      211.690      58.7600      8.79000      91.0000      1.68121    0.0174525    0.0293382
1999-03-29/20:57:16      211.610      60.0400      6.91000      113.000      1.46827     0.390731    0.0235890
1999-03-29/20:57:35      211.680      61.1200      7.36000      109.000      2.46527     0.325568    0.0406829
1999-03-29/20:57:55      211.750      62.2000      8.58000      108.000      2.34566     0.309017    0.0389358
1999-03-29/20:58:15      211.770      63.2600      7.79000      106.000      1.92121     0.275637    0.0322325
1999-03-29/20:58:35      211.830      64.3000      7.54000      102.000      1.43056     0.207912    0.0244224
1999-03-29/20:58:54      212.130      65.4900      7.74000      115.000      2.55251     0.422618    0.0403757
1999-03-29/20:59:15      212.150      66.7800      7.83000      119.000      2.55857     0.484810    0.0390565
1999-03-29/20:59:35      212.050      67.7800      7.94000      116.000      2.85385     0.438371    0.0447681
1999-03-29/20:59:55      212.010      68.7700      7.90000      91.0000      1.65454    0.0174525    0.0288728
1999-03-29/21:00:15      212.410      70.3800      8.03000      107.000      3.13206     0.292372    0.0522762
1999-03-29/21:00:34      212.880      72.0400      7.97000      110.000      3.10278     0.342020    0.0508879
1999-03-29/21:00:54      214.050      74.8600      8.19000      103.000      3.09582     0.224951    0.0526474
1999-03-29/21:01:14      213.930      75.7600      8.31000      110.000      2.73958     0.342020    0.0449311
1999-03-29/22:10:41      214.690     -66.9400      8.44000      120.000      3.34165     0.500000    0.0505090
1999-03-29/22:11:01      214.520     -65.8200      8.43000      105.000      4.72693     0.258819    0.0796894
1999-03-29/22:11:21      214.620     -65.2100      8.31000      101.000      1.56173     0.190809    0.0267565
1999-03-29/22:11:40      214.500     -63.9800      8.19000      124.000      2.56447     0.559193    0.0371064
1999-03-29/22:12:00      214.170     -62.4600      8.17000      121.000      2.86288     0.515038    0.0428298
1999-03-29/22:12:20      213.940     -61.3300      8.18000      120.000      4.89963     0.500000    0.0740579
1999-03-29/22:13:19      213.350     -57.4400      8.24000      100.000      2.93754     0.173648    0.0504908
1999-03-29/22:13:39      213.410     -56.3500      8.24000      108.000      3.46035     0.309017    0.0574386
1999-03-29/22:13:59      213.410     -55.2400      8.31000      124.000      2.07314     0.559193    0.0299972
1999-03-29/22:14:19      213.370     -54.0600      8.38000      124.000      1.50721     0.559193    0.0218085
1999-03-29/22:14:39      213.280     -52.8200      8.04000      117.000      2.81654     0.453991    0.0438000
1999-03-29/22:14:59      213.190     -51.6700      8.14000      114.000      1.67200     0.406737    0.0266590
1999-03-29/22:15:19      213.150     -50.5500      8.28000      122.000      1.93500     0.529919    0.0286404
1999-03-29/22:15:39      213.130     -49.5200      7.96000      109.000      2.75142     0.325568    0.0454051
1999-03-29/22:15:58      213.120     -48.5300      8.03000      118.000      2.18262     0.469472    0.0336349
1999-03-29/22:16:18      213.050     -47.4700      8.02000      119.000      2.45967     0.484810    0.0375468
1999-03-29/22:16:38      213.010     -46.4100      8.09000      113.000      1.64092     0.390731    0.0263628
1999-03-29/22:16:58      212.910     -45.2100      8.26000      118.000      3.91119     0.469472    0.0602728
1999-03-29/22:17:17      212.860     -44.0000      8.05000      95.0000      2.86062    0.0871559    0.0497372
1999-03-29/22:17:37      212.920     -42.8900      7.44000      107.000      2.56265     0.292372    0.0427723
1999-03-29/22:17:57      212.880     -41.6200      7.75000      122.000      1.71323     0.529919    0.0253579
1999-03-29/22:18:17      212.710     -40.3000      7.82000      131.000      2.86963     0.656059    0.0377993
1999-03-29/22:18:37      212.600     -39.2300      7.78000      126.000      1.92622     0.587785    0.0271982
1999-03-29/22:18:56      212.580     -38.2500      8.02000      124.000      1.68852     0.559193    0.0244319
1999-03-29/22:19:16      212.530     -37.1500      7.88000      122.000      2.40317     0.529919    0.0355699
1999-03-29/22:19:36      212.510     -36.0600      7.91000      141.000      3.47534     0.777146    0.0381721
1999-03-29/22:19:57      212.530     -34.9200      8.01000      115.000      3.47634     0.422618    0.0549889
1999-03-29/22:20:17      212.480     -33.7500      8.16000      145.000      8.08267     0.819152    0.0809140
1999-03-29/22:20:36      212.380     -32.7000      8.96000      117.000      2.93155     0.453991    0.0455885
1999-03-29/22:20:56      212.400     -31.8100      9.74000      128.000      3.30492     0.615661    0.0454538
1999-03-29/22:21:16      212.500     -30.8200      9.48000      113.000      4.23993     0.390731    0.0681180
1999-03-29/22:21:36      212.560     -29.7000      10.1700      121.000      3.13232     0.515038    0.0468607
1999-03-29/22:21:56      212.560     -28.5000      9.11000      124.000      3.42183     0.559193    0.0495119
1999-03-29/22:22:15      212.530     -27.4000      8.70000      119.000      3.71706     0.484810    0.0567409
1999-03-29/22:22:35      212.530     -26.3300      8.71000      119.000      3.17715     0.484810    0.0484992
1999-03-29/22:22:55      212.520     -25.2000      8.78000      108.000      8.74498     0.309017     0.145159
1999-03-29/22:23:15      212.470     -24.1500      8.75000      113.000      2.64073     0.390731    0.0424255
1999-03-29/22:23:34      212.490     -23.1400      8.48000      128.000      6.07521     0.615661    0.0835547
1999-03-29/22:23:54      212.510     -22.0200      8.40000      105.000      5.12132     0.258819    0.0863382
1999-03-29/22:25:14      212.390     -17.4900      8.39000      119.000      4.66063     0.484810    0.0711445
1999-03-29/22:25:34      212.380     -16.3200      8.45000      142.000      4.73577     0.788011    0.0508874
1999-03-29/22:25:54      212.330     -15.2600      8.75000      107.000      4.19933     0.292372    0.0700896
1999-03-29/22:26:53      212.190     -11.9100      8.75000      140.000      13.1921     0.766045     0.147999
1999-03-29/22:27:13      212.190     -11.0100      8.74000      132.000      9.19250     0.669131     0.119230
1999-03-29/22:27:33      212.360     -9.99000      8.75000      129.000      5.52914     0.629321    0.0749959
1999-03-29/22:27:52      212.270     -8.65000      8.88000      146.000      13.2419     0.829038     0.129238
1999-03-29/22:28:12      212.170     -7.45000      9.11000      162.000      5.61781     0.951056    0.0302989
1999-03-29/22:28:32      212.070     -6.51000      8.77000      122.000      3.39229     0.529919    0.0502101
1999-03-29/22:28:52      212.100     -5.45000      8.64000      126.000      4.83331     0.587785    0.0682464
1999-03-29/22:29:12      212.020     -4.35000      9.12000      123.000      2.27303     0.544639    0.0332716
1999-03-29/22:29:31      211.980     -3.36000      8.82000      93.0000     0.544964    0.0523359   0.00949838
1999-03-29/22:30:11      212.000    -0.970000      8.79000      145.000      13.5476     0.819152     0.135622
1999-03-29/22:30:32      211.930     0.160000      8.94000      147.000      7.53722     0.838671    0.0716469
1999-03-29/22:30:52      211.940      1.21000      8.89000      108.000      5.21591     0.309017    0.0865792
1999-03-29/22:31:12      211.920      2.27000      8.68000      107.000      4.13682     0.292372    0.0690463
1999-03-29/22:31:31      211.890      3.37000      8.63000      106.000      2.76827     0.275637    0.0464438
1999-03-29/22:31:51      211.860      4.40000      8.92000      129.000      7.05361     0.629321    0.0956734
1999-03-29/22:32:11      211.900      5.49000      8.85000      147.000      11.3868     0.838671     0.108240
1999-03-29/22:32:31      211.820      6.66000      9.09000      91.0000      1.72870    0.0174525    0.0301669
1999-03-29/22:32:51      211.770      7.70000      8.67000      119.000      3.71706     0.484810    0.0567409
1999-03-29/22:33:30      211.620      9.86000      9.05000      142.000      3.59207     0.788011    0.0385979
1999-03-29/22:33:50      211.690      10.8700      8.79000      117.000      22.6838     0.453991     0.352756
1999-03-29/22:34:10      211.690      12.0900      8.75000      143.000      6.17974     0.798636    0.0649098
1999-03-29/22:34:29      211.610      13.1800      8.78000      139.000      8.85172     0.754710     0.101356
1999-03-29/22:34:49      211.550      14.1900      8.89000      148.000      32.7620     0.848048     0.303010
1999-03-29/22:35:09      211.680      15.2900      9.03000      117.000      22.6838     0.453991     0.352756
1999-03-29/22:35:29      211.660      16.4500      8.79000      104.000      4.56736     0.241922    0.0773476
1999-03-29/22:35:48      211.630      17.4900      8.58000      118.000      5.35676     0.469472    0.0825495
1999-03-29/22:36:08      211.640      18.5300      9.11000      123.000      4.07612     0.544639    0.0596645
1999-03-29/22:36:28      211.690      19.7600      8.79000      140.000      14.1504     0.766045     0.158750
1999-03-29/22:36:48      211.560      20.8600      8.80000      122.000      7.25726     0.529919     0.107416
1999-03-29/22:37:09      211.540      21.8400      9.06000      119.000      3.42648     0.484810    0.0523052
1999-03-29/22:37:28      211.570      22.9600      8.89000      120.000      3.44536     0.500000    0.0520766
1999-03-29/22:38:08      211.540      25.2400      8.57000      119.000      3.85064     0.484810    0.0587800
1999-03-29/22:38:28      211.480      26.2900      8.57000      111.000      2.43529     0.358368    0.0396807
1999-03-29/22:38:48      211.480      27.3500      8.64000      104.000      3.55530     0.241922    0.0602085
1999-03-29/22:39:07      211.480      28.4600      8.48000      112.000      3.28072     0.374607    0.0530900
1999-03-29/22:39:27      211.490      29.5600      8.47000      107.000      3.13206     0.292372    0.0522762
1999-03-29/22:39:47      211.450      30.6500      8.28000      103.000      2.53537     0.224951    0.0431164
1999-03-29/22:40:07      211.430      31.7500      8.42000      108.000      2.88853     0.309017    0.0479469
1999-03-29/22:40:26      211.430      32.8400      8.20000      105.000      2.46569     0.258819    0.0415680
1999-03-29/22:40:46      211.410      33.9400      8.28000      110.000      5.10242     0.342020    0.0836834
1999-03-29/22:41:07      211.380      35.0700      8.24000      103.000      2.17751     0.224951    0.0370307
1999-03-29/22:41:27      211.390      36.1700      8.33000      110.000      2.55790     0.342020    0.0419514
1999-03-29/22:41:47      211.380      37.2700      8.35000      111.000      2.25057     0.358368    0.0366709
1999-03-29/22:42:07      211.370      38.3700      8.22000      102.000      1.86721     0.207912    0.0318768
1999-03-29/22:42:26      211.350      39.4700      8.06000      105.000      3.09738     0.258819    0.0522174
1999-03-29/22:42:46      211.330      40.5800      7.93000      106.000      3.45951     0.275637    0.0580408
1999-03-29/22:43:06      211.300      41.6600      7.01000      109.000      2.57545     0.325568    0.0425011
1999-03-29/22:43:26      211.300      42.7700      7.19000      106.000      2.45874     0.275637    0.0412507
1999-03-29/22:43:45      211.280      43.8500      7.03000      105.000      3.92395     0.258819    0.0661523
1999-03-29/22:44:05      211.260      44.9500      8.86000      104.000      3.37305     0.241922    0.0571221
1999-03-29/22:44:25      211.260      46.0600      8.81000      105.000      2.03478     0.258819    0.0343035
1999-03-29/22:44:45      211.260      47.1800      8.13000      111.000      2.66344     0.358368    0.0433982
1999-03-29/22:45:04      211.250      48.2500      8.25000      104.000      3.45956     0.241922    0.0585871
1999-03-29/22:45:24      211.240      49.3800      8.12000      111.000      2.04548     0.358368    0.0333292
1999-03-29/22:45:44      211.220      50.5000      8.24000      107.000      4.34779     0.292372    0.0725675
1999-03-29/22:46:04      211.250      51.5900      8.03000      110.000      2.78623     0.342020    0.0456962
1999-03-29/22:46:25      211.240      52.7700      8.01000      124.000      3.79061     0.559193    0.0548480
1999-03-29/22:46:45      211.170      53.7200      7.70000      110.000      3.67818     0.342020    0.0603248
1999-03-29/22:47:04      211.190      54.9300      7.69000      101.000      1.68212     0.190809    0.0288191
1999-03-29/22:47:24      211.200      56.0600      10.0000      98.0000      3.15804     0.139173    0.0545818
1999-03-29/22:47:44      211.190      57.1800      12.8800      104.000      2.26526     0.241922    0.0383619
1999-03-29/22:48:04      211.150      58.3200      11.4000      98.0000      3.15804     0.139173    0.0545818
1999-03-29/22:48:23      211.130      59.4600      8.30000      111.000      2.47319     0.358368    0.0402983
1999-03-29/22:48:43      211.150      60.5400      7.92000      106.000      2.94420     0.275637    0.0493954
1999-03-29/22:49:03      211.250      61.7300      7.82000      110.000      3.07254     0.342020    0.0503919
1999-03-29/22:49:23      211.260      62.8200      8.56000      109.000      3.18880     0.325568    0.0526229
1999-03-29/22:49:43      211.300      63.9400      9.14000      106.000      2.18013     0.275637    0.0365764
1999-03-29/22:50:02      211.300      65.0500      9.40000      106.000      2.94420     0.275637    0.0493954
1999-03-29/22:50:22      211.330      66.2600      8.94000      103.000      2.64059     0.224951    0.0449058
1999-03-29/22:50:42      211.320      67.3000      8.47000      115.000      2.69276     0.422618    0.0425942
1999-03-29/22:51:02      211.330      68.3800      9.58000      95.0000      2.47527    0.0871559    0.0430372
1999-03-29/22:51:21      211.400      69.5200      9.31000      115.000      3.24076     0.422618    0.0512625
1999-03-29/22:51:42      211.740      70.9100      9.00000      103.000      1.65840     0.224951    0.0282027
1999-03-29/22:52:02      211.690      72.1000      8.81000      107.000      2.56265     0.292372    0.0427723
1999-03-29/22:52:22      211.590      73.1100      8.72000      112.000      1.52115     0.374607    0.0246159
1999-03-29/22:52:42      211.840      74.2700      8.83000      117.000      2.93155     0.453991    0.0455885
1999-03-29/22:53:01      212.280      75.5300      8.61000      112.000      1.81141     0.374607    0.0293130
1999-03-29/22:53:21      212.840      76.9100      8.44000      114.000      2.46245     0.406737    0.0392622
1999-03-29/22:53:41      214.140      78.8400      8.18000      106.000      2.31977     0.275637    0.0389192
1999-03-29/22:54:01      213.200      79.6100      8.02000      104.000      2.10729     0.241922    0.0356867
1999-03-29/22:54:20      214.660      81.4500      8.60000      106.000      1.80236     0.275637    0.0302385
1999-03-30/00:04:27      212.440     -57.1600      8.68000      93.0000     0.544964    0.0523359   0.00949838
1999-03-30/00:04:47      212.490     -56.1900      8.60000      123.000      23.1802     0.544639     0.339302
1999-03-30/00:05:06      212.450     -55.1300      8.39000      127.000      4.74053     0.601815    0.0660774
1999-03-30/00:05:26      212.390     -54.0000      8.09000      126.000      6.99875     0.587785    0.0988224
1999-03-30/00:05:46      212.300     -52.8500      7.99000      115.000      4.24559     0.422618    0.0671570
1999-03-30/00:06:06      212.190     -51.6600      8.20000      96.0000      2.99009     0.104529    0.0519010
1999-03-30/00:06:26      212.080     -50.5000      8.32000      105.000      3.75271     0.258819    0.0632654
1999-03-30/00:06:45      212.000     -49.4200      8.09000      112.000      1.98706     0.374607    0.0321554
1999-03-30/00:07:05      211.950     -48.4000      7.88000      122.000      2.86821     0.529919    0.0424530
1999-03-30/00:07:25      211.870     -47.2800      7.66000      128.000      11.5240     0.615661     0.158494
1999-03-30/00:07:45      211.810     -46.2000      7.40000      107.000      3.33396     0.292372    0.0556460
1999-03-30/00:08:25      211.760     -43.8500      7.04000      94.0000      4.28240    0.0697566    0.0745599
1999-03-30/00:08:45      211.800     -42.8400      7.34000      139.000      4.16955     0.754710    0.0477430
1999-03-30/00:09:05      211.780     -41.6100      7.73000      137.000      5.17898     0.731354    0.0616460
1999-03-30/00:09:25      211.660     -40.2800      7.85000      105.000      3.52055     0.258819    0.0593515
1999-03-30/00:09:44      211.580     -39.2200      7.68000      151.000      37.2472     0.874620     0.315168
1999-03-30/00:10:04      211.550     -38.2300      7.65000      138.000      6.11781     0.743145    0.0714470
1999-03-30/00:10:24      211.540     -37.1200      7.69000      124.000      4.16840     0.559193    0.0603144
1999-03-30/00:10:44      211.480     -35.9900      7.59000      128.000      5.42834     0.615661    0.0746580
1999-03-30/00:11:03      211.400     -34.9400      7.80000      146.000      5.40736     0.829038    0.0527745
1999-03-30/00:11:43      211.240     -32.6500      7.73000      125.000      2.29797     0.573576    0.0328538
1999-03-30/00:12:03      211.210     -31.7800      7.54000      129.000      5.15548     0.629321    0.0699277
1999-03-30/00:12:22      211.260     -30.8200      7.30000      141.000      6.41107     0.777146    0.0704173
1999-03-30/00:12:42      211.300     -29.7100      7.51000      98.0000      9.51524     0.139173     0.164456
1999-03-30/00:13:22      211.280     -27.3500      8.13000      114.000      2.97444     0.406737    0.0474256
1999-03-30/00:13:41      211.250     -26.3400      8.15000      104.000      6.77114     0.241922     0.114668
1999-03-30/00:14:01      211.280     -25.2900      8.25000      123.000      2.27303     0.544639    0.0332716
1999-03-30/00:14:21      211.230     -24.1700      8.24000      152.000      7.29646     0.882948    0.0597859
1999-03-30/00:14:41      211.170     -23.1900      8.29000      119.000      4.47089     0.484810    0.0682481
1999-03-30/00:15:02      211.240     -22.0600      8.22000      95.0000      3.40869    0.0871559    0.0592665
1999-03-30/00:15:22      211.170     -20.7500      8.11000      112.000      5.51131     0.374607    0.0891863
1999-03-30/00:15:41      211.130     -19.6800      8.41000      118.000      9.49771     0.469472     0.146363
1999-03-30/00:16:01      211.070     -18.5600      8.52000      155.000      12.2052     0.906308    0.0900265
1999-03-30/00:16:21      211.050     -17.5800      8.34000      110.000      26.6230     0.342020     0.436637
1999-03-30/00:16:41      211.060     -16.4400      8.19000      121.000      6.18368     0.515038    0.0925103
1999-03-30/00:17:00      211.030     -15.3100      8.25000      111.000      3.50869     0.358368    0.0571708
1999-03-30/00:17:20      210.980     -14.2600      8.37000      129.000      10.3724     0.629321     0.140689
1999-03-30/00:17:40      210.950     -13.1300      8.51000      97.0000      9.38476     0.121869     0.162574
1999-03-30/00:18:00      210.900     -12.0500      8.50000      143.000      6.17974     0.798636    0.0649098
1999-03-30/00:18:20      210.900     -11.1200      8.33000      114.000      2.05132     0.406737    0.0327070
1999-03-30/00:18:39      211.090     -10.2800      8.03000      132.000      6.73908     0.669131    0.0874081
1999-03-30/00:19:39      210.880     -6.60000      7.74000      141.000      6.17150     0.777146    0.0677860
1999-03-30/00:19:58      210.890     -5.61000      7.27000      118.000      3.30730     0.469472    0.0509666
1999-03-30/00:20:19      210.890     -4.40000      6.66000      112.000      1.94513     0.374607    0.0314769
1999-03-30/00:20:39      210.840     -3.44000      7.90000      127.000      5.79770     0.601815    0.0808131
1999-03-30/00:21:19      210.820     -1.04000      7.99000      113.000      3.89541     0.390731    0.0625830
1999-03-30/00:21:38      210.790   -0.0200000      8.62000      106.000      3.76704     0.275637    0.0632003
1999-03-30/00:21:58      210.790      1.03000      8.21000      117.000      4.65407     0.453991    0.0723754
1999-03-30/00:22:18      210.740      2.10000      7.72000      125.000      5.54943     0.573576    0.0793396
1999-03-30/00:22:38      210.730      3.18000      7.63000      144.000      6.72165     0.809017    0.0689560
1999-03-30/00:22:57      210.730      4.22000      7.69000      125.000      21.8278     0.573576     0.312070
1999-03-30/00:23:17      210.700      5.30000      7.86000      117.000      8.49580     0.453991     0.132118
1999-03-30/00:23:37      210.670      6.45000      7.89000      117.000      3.85261     0.453991    0.0599119
1999-03-30/00:23:57      210.680      7.47000      7.83000      122.000      3.12708     0.529919    0.0462846
1999-03-30/00:24:16      210.650      8.64000      7.86000      106.000      26.2936     0.275637     0.441133
1999-03-30/00:24:36      210.600      9.69000      7.82000      134.000      6.71490     0.694658    0.0843045
1999-03-30/00:25:16      210.480      11.8400      7.81000      149.000      12.0317     0.857167     0.108154
1999-03-30/00:25:37      210.540      13.0300      7.77000      106.000      26.2936     0.275637     0.441133
1999-03-30/00:25:57      210.560      14.0900      7.72000      128.000      4.88513     0.615661    0.0671871
1999-03-30/00:26:16      210.530      15.1000      7.74000      136.000      6.07491     0.719340    0.0736527
1999-03-30/00:26:36      210.520      16.2900      7.17000      129.000      8.63490     0.629321     0.117122
1999-03-30/00:26:56      210.490      17.3700      6.95000      134.000      3.99895     0.694658    0.0502062
1999-03-30/00:27:16      210.460      18.4000      6.91000      117.000      9.79152     0.453991     0.152268
1999-03-30/00:27:35      210.420      19.5700      6.69000      130.000      6.28058     0.642788    0.0839713
1999-03-30/00:27:55      210.450      20.7500      6.26000      126.000      2.65970     0.587785    0.0375550
1999-03-30/00:28:15      210.470      21.6600      7.13000      93.0000      2.83998    0.0523359    0.0494991
1999-03-30/00:28:35      210.470      22.7600      7.48000      109.000      3.50897     0.325568    0.0579065
1999-03-30/00:29:14      210.390      25.0300      7.25000      115.000      2.69276     0.422618    0.0425942
1999-03-30/00:29:34      210.390      26.0500      7.40000      113.000      1.87336     0.390731    0.0300971
1999-03-30/00:29:54      210.390      27.1300      7.60000      104.000      2.56031     0.241922    0.0433585
1999-03-30/00:30:14      210.390      28.2500      7.67000      99.0000      2.55400     0.156434    0.0440269
1999-03-30/00:30:33      210.370      29.3700      7.46000      110.000      2.55790     0.342020    0.0419514
1999-03-30/00:30:54      210.340      30.5200      7.36000      110.000      3.29185     0.342020    0.0539887
1999-03-30/00:31:14      210.330      31.6000      7.41000      101.000      2.89487     0.190809    0.0495967
1999-03-30/00:31:34      210.330      32.7200      7.57000      104.000      2.98416     0.241922    0.0505363
1999-03-30/00:31:54      210.300      33.8000      7.75000      110.000      2.78623     0.342020    0.0456962
1999-03-30/00:32:13      210.290      34.8600      7.80000      106.000      4.73724     0.275637    0.0794775
1999-03-30/00:32:33      210.290      35.9400      7.57000      104.000      4.68251     0.241922    0.0792976
1999-03-30/00:32:53      210.280      37.0600      7.71000      102.000      1.73073     0.207912    0.0295468
1999-03-30/00:33:13      210.260      38.1700      8.13000      100.000      3.10054     0.173648    0.0532925
1999-03-30/00:33:32      210.230      39.2600      7.94000      96.0000      3.79632     0.104529    0.0658953
1999-03-30/00:33:52      210.210      40.3600      7.88000      108.000      3.12735     0.309017    0.0519111
1999-03-30/00:34:12      210.190      41.4300      8.14000      105.000      3.26672     0.258819    0.0550723
1999-03-30/00:34:32      210.190      42.5300      8.08000      110.000      2.94955     0.342020    0.0483748
1999-03-30/00:34:51      210.190      43.6100      8.01000      106.000      3.45951     0.275637    0.0580408
1999-03-30/00:35:11      210.160      44.7200      8.02000      108.000      3.03428     0.309017    0.0503662
1999-03-30/00:35:31      210.140      45.8200      7.94000      102.000      3.72861     0.207912    0.0636544
1999-03-30/00:35:51      210.120      46.9400      7.95000      103.000      1.98394     0.224951    0.0337388
1999-03-30/00:36:12      210.120      48.1000      8.16000      107.000      3.81446     0.292372    0.0636659
1999-03-30/00:36:32      210.120      49.2200      7.87000      114.000      1.94222     0.406737    0.0309675
1999-03-30/00:36:51      210.120      50.3300      8.00000      108.000      2.34566     0.309017    0.0389358
1999-03-30/00:37:11      210.140      51.4600      7.96000      115.000      2.69276     0.422618    0.0425942
1999-03-30/00:37:31      210.160      52.6600      7.93000      117.000      3.38384     0.453991    0.0526221
1999-03-30/00:37:51      210.130      53.6100      7.86000      106.000      3.37382     0.275637    0.0566032
1999-03-30/00:38:10      210.140      54.6600      7.81000      111.000      2.04548     0.358368    0.0333292
1999-03-30/00:38:30      210.200      55.9000      7.62000      103.000      2.24958     0.224951    0.0382563
1999-03-30/00:38:50      210.060      56.9700      7.42000      105.000      2.58033     0.258819    0.0435007
1999-03-30/00:39:10      210.000      58.1000      7.63000      110.000      2.55790     0.342020    0.0419514
1999-03-30/00:39:30      209.950      59.2200      7.67000      106.000      2.84991     0.275637    0.0478135
1999-03-30/00:39:49      209.910      60.3100      7.75000      107.000      2.44629     0.292372    0.0408302
1999-03-30/00:40:09      209.910      61.5000      7.84000      111.000      1.92688     0.358368    0.0313967
1999-03-30/00:40:29      209.920      62.6500      7.86000      110.000      3.17304     0.342020    0.0520402
1999-03-30/00:40:49      209.880      63.7600      8.17000      104.000      2.18875     0.241922    0.0370662
1999-03-30/00:41:08      209.840      64.8400      7.41000      112.000      1.68015     0.374607    0.0271889
1999-03-30/00:41:29      209.830      66.1000      7.63000      113.000      2.10025     0.390731    0.0337423
1999-03-30/00:41:49      209.920      67.2100      7.94000      113.000      1.64092     0.390731    0.0263628
1999-03-30/00:42:09      209.930      68.3200      8.22000      104.000      2.56031     0.241922    0.0433585
1999-03-30/00:42:29      209.880      69.3200      8.26000      103.000      1.78707     0.224951    0.0303909
1999-03-30/00:42:48      210.140      70.8000      9.77000      112.000      2.09250     0.374607    0.0338617
1999-03-30/00:43:08      210.100      72.0300      9.41000      112.000      2.09250     0.374607    0.0338617
1999-03-30/00:43:28      210.090      73.0500      6.32000      104.000      3.37305     0.241922    0.0571221
1999-03-30/00:43:48      210.390      74.2700      8.63000      113.000      1.97323     0.390731    0.0317016
1999-03-30/00:44:07      210.960      75.8000      9.29000      109.000      2.97829     0.325568    0.0491490
1999-03-30/00:44:27      211.480      77.3700      9.52000      107.000      2.56265     0.292372    0.0427723
1999-03-30/01:55:55      211.430     -56.1900      9.37000      131.000      3.42408     0.656059    0.0451026
1999-03-30/01:56:14      211.370     -55.1200      8.62000      115.000      8.38167     0.422618     0.132582
1999-03-30/01:56:34      211.310     -54.0000      8.29000      108.000      2.72086     0.309017    0.0451637
1999-03-30/01:56:54      211.210     -52.8300      8.11000      109.000      3.44885     0.325568    0.0569143
1999-03-30/01:57:14      211.100     -51.6600      8.14000      107.000      3.33396     0.292372    0.0556460
1999-03-30/01:57:34      211.010     -50.5000      8.85000      111.000      3.50869     0.358368    0.0571708
1999-03-30/01:57:53      210.980     -49.4200      8.92000      113.000      2.10025     0.390731    0.0337423
1999-03-30/01:58:13      210.930     -48.4100      8.59000      133.000      4.74620     0.681998    0.0605830
1999-03-30/01:58:33      210.860     -47.2700      8.74000      142.000      4.73577     0.788011    0.0508874
1999-03-30/01:58:53      210.790     -46.1700      8.91000      133.000      3.01339     0.681998    0.0384645
1999-03-30/01:59:12      210.750     -45.0600      8.65000      105.000      3.92395     0.258819    0.0661523
1999-03-30/01:59:32      210.780     -44.0100      8.45000      105.000      5.02431     0.258819    0.0847028
1999-03-30/01:59:52      210.790     -42.9900      15.2200      125.000      2.54251     0.573576    0.0363500
1999-03-30/02:00:12      210.780     -41.8100      15.3300      136.000      6.07491     0.719340    0.0736527
1999-03-30/02:00:52      210.660     -39.3400      15.2000      115.000      22.3924     0.422618     0.354204
1999-03-30/02:01:12      210.620     -38.3700      15.3500      108.000      2.85097     0.309017    0.0473234
1999-03-30/02:01:32      210.690     -37.3300      14.2800      117.000      6.40714     0.453991    0.0996374
1999-03-30/02:01:52      210.660     -36.1500      14.7200      133.000      3.09065     0.681998    0.0394507
1999-03-30/02:02:11      210.430     -34.9900      15.1700      149.000      31.4226     0.857167     0.282461
1999-03-30/02:02:51      210.250     -32.7500      16.2400      135.000      2.24506     0.707107    0.0277071
1999-03-30/02:03:11      210.250     -31.8700      16.6100      138.000      5.73175     0.743145    0.0669384
1999-03-30/02:03:30      210.300     -30.9500      16.4900      120.000      4.01660     0.500000    0.0607109
1999-03-30/02:03:50      210.350     -29.8400      16.5200      104.000      4.29017     0.241922    0.0726534
1999-03-30/02:04:10      210.400     -28.6700      16.4900      116.000      6.26546     0.438371    0.0982857
1999-03-30/02:04:30      210.400     -27.4800      16.1600      115.000      2.90088     0.422618    0.0458863
1999-03-30/02:04:50      210.350     -26.4200      16.1100      137.000      8.45725     0.731354     0.100668
1999-03-30/02:05:09      210.270     -25.3700      16.2200      131.000      4.60264     0.656059    0.0606267
1999-03-30/02:05:49      210.190     -23.2700      15.7000      124.000      2.39890     0.559193    0.0347107
1999-03-30/02:06:10      210.360     -22.2900      15.1400      125.000      21.8278     0.573576     0.312070
1999-03-30/02:06:30      210.310     -20.8500      14.9800      167.000      45.0000     0.974370     0.176676
1999-03-30/02:06:50      210.260     -19.8600      15.9100      154.000      17.1840     0.898794     0.131475
1999-03-30/02:07:09      210.200     -18.6500      15.3400      123.000      3.84539     0.544639    0.0562871
1999-03-30/02:07:29      210.170     -17.7200      13.2300      132.000      11.3390     0.669131     0.147070
1999-03-30/02:07:49      210.180     -16.6300      12.6600      128.000      9.14166     0.615661     0.125729
1999-03-30/02:08:09      210.140     -15.4300      11.6200      125.000      7.21738     0.573576     0.103186
1999-03-30/02:08:29      210.120     -14.4200      11.5700      130.000      8.71274     0.642788     0.116489
1999-03-30/02:08:48      210.000     -13.2000      11.7300      110.000      8.40116     0.342020     0.137785
1999-03-30/02:09:08      209.940     -12.1700      11.4000      133.000      5.17562     0.681998    0.0660644
1999-03-30/02:09:28      209.910     -11.1800      13.4000      120.000      4.21716     0.500000    0.0637424
1999-03-30/02:09:48      209.880     -10.4400      14.1200      173.000      45.0000     0.992546    0.0957159
1999-03-30/02:10:07      209.740     -8.64000      15.3500      143.000      17.2331     0.798636     0.181010
1999-03-30/02:10:27      209.730     -7.90000      15.5400      155.000      9.68403     0.906308    0.0714302
1999-03-30/02:10:47      209.880     -6.63000      16.6500      118.000      3.91119     0.469472    0.0602728
1999-03-30/02:11:07      209.840     -5.64000      15.6600      114.000      3.09401     0.406737    0.0493321
1999-03-30/02:11:27      209.820     -4.45000      14.5600      123.000      6.75454     0.544639    0.0988700
1999-03-30/02:11:47      209.780     -3.42000      14.0900      122.000      4.46606     0.529919    0.0661032
1999-03-30/02:12:47      209.780   -0.0700000      24.5500      115.000      4.13745     0.422618    0.0654464
1999-03-30/02:13:06      209.750      1.01000      18.4600      102.000      7.07937     0.207912     0.120858
1999-03-30/02:13:26      209.690      2.07000      10.8700      130.000      3.97021     0.642788    0.0530817
1999-03-30/02:13:46      209.700      3.08000      10.0200      92.0000      9.10694    0.0348995     0.158849
1999-03-30/02:14:06      209.690      4.15000      10.9500      123.000      11.5901     0.544639     0.169651
1999-03-30/02:14:45      209.820      6.36000      12.0500      137.000      26.5798     0.731354     0.316382
1999-03-30/02:15:05      209.860      7.50000      13.3300      117.000      4.65407     0.453991    0.0723754
1999-03-30/02:15:25      209.660      8.63000      14.4500      131.000      6.26182     0.656059    0.0824817
1999-03-30/02:15:45      209.650      9.63000      14.5300      125.000      8.59088     0.573576     0.122823
1999-03-30/02:16:04      209.620      10.7100      14.4200      122.000      21.3608     0.529919     0.316166
1999-03-30/02:16:24      209.610      11.7200      14.7200      132.000      24.7334     0.669131     0.320800
1999-03-30/02:16:45      209.630      12.9000      14.5200      154.000      14.9352     0.898794     0.114270
1999-03-30/02:17:05      209.620      14.0000      13.8400      115.000      10.0254     0.422618     0.158582
1999-03-30/02:17:25      209.620      15.0400      13.4000      119.000      11.8632     0.484810     0.181092
1999-03-30/02:17:44      209.610      16.1900      13.5700      135.000      6.57219     0.707107    0.0811096
1999-03-30/02:18:04      209.610      17.2700      13.7200      133.000      3.88307     0.681998    0.0495656
1999-03-30/02:18:24      209.570      18.3300      13.8500      139.000      6.00063     0.754710    0.0687095
1999-03-30/02:18:44      209.530      19.4400      13.8500      98.0000      5.29420     0.139173    0.0915020
1999-03-30/02:19:04      209.500      20.5200      13.9100      115.000      3.61512     0.422618    0.0571842
1999-03-30/02:19:23      209.580      21.5900      13.8700      135.000      4.93263     0.707107    0.0608753
1999-03-30/02:19:43      209.530      22.6600      13.9900      107.000      6.71536     0.292372     0.112084
1999-03-30/02:20:03      209.430      23.7900      13.9300      126.000      3.00177     0.587785    0.0423850
1999-03-30/02:20:23      209.430      24.8800      13.9000      115.000      2.78826     0.422618    0.0441048
1999-03-30/02:20:42      209.430      25.9400      14.3900      99.0000      3.10816     0.156434    0.0535798
1999-03-30/02:21:02      209.390      27.0300      15.1900      107.000      3.29316     0.292372    0.0549650
1999-03-30/02:21:22      209.360      28.1300      15.2600      112.000      1.94513     0.374607    0.0314769
1999-03-30/02:21:42      209.330      29.2400      15.4500      104.000      2.10729     0.241922    0.0356867
1999-03-30/02:22:02      209.310      30.3900      15.5600      104.000      2.65779     0.241922    0.0450093
1999-03-30/02:22:22      209.290      31.4800      15.7300      107.000      2.89541     0.292372    0.0483263
1999-03-30/02:22:42      209.280      32.5900      15.7400      108.000      3.27522     0.309017    0.0543656
1999-03-30/02:23:02      209.250      33.7000      15.9600      99.0000      2.70037     0.156434    0.0465501
1999-03-30/02:23:22      209.240      34.7700      15.8300      101.000      3.38606     0.190809    0.0580121
1999-03-30/02:24:01      209.200      37.0000      15.9700      113.000      3.00172     0.390731    0.0482252
1999-03-30/02:24:21      209.160      38.1000      16.6700      108.000      3.81802     0.309017    0.0633756
1999-03-30/02:24:41      209.120      39.1500      16.9600      107.000      3.33396     0.292372    0.0556460
1999-03-30/02:25:00      209.130      40.2700      16.4600      114.000      1.94222     0.406737    0.0309675
1999-03-30/02:25:20      209.120      41.3700      17.1400      113.000      2.02531     0.390731    0.0325383
1999-03-30/02:25:40      209.110      42.4700      16.7100      111.000      2.01220     0.358368    0.0327869
1999-03-30/02:26:00      209.120      43.6000      16.9300      108.000      2.72086     0.309017    0.0451637
1999-03-30/02:26:20      209.070      44.7000      16.6000      108.000      2.34566     0.309017    0.0389358
1999-03-30/02:26:39      209.050      45.7900      17.3300      108.000      2.06552     0.309017    0.0342857
1999-03-30/02:26:59      209.050      46.9000      16.8000      108.000      2.34566     0.309017    0.0389358
1999-03-30/02:27:20      209.030      48.0400      17.2000      106.000      2.68499     0.275637    0.0450466
1999-03-30/02:27:40      209.030      49.1800      16.1800      105.000      1.91034     0.258819    0.0322056
1999-03-30/02:28:00      209.020      50.3200      18.1500      103.000      1.42981     0.224951    0.0243153
1999-03-30/02:28:20      208.990      51.4700      16.4800      107.000      2.89541     0.292372    0.0483263
1999-03-30/02:28:39      208.880      52.5600      16.6900      111.000      1.80723     0.358368    0.0294471
1999-03-30/02:28:59      208.960      53.6300      15.9200      120.000      2.68786     0.500000    0.0406270
1999-03-30/02:29:19      209.200      54.8300      15.4700      121.000      3.18689     0.515038    0.0476771
1999-03-30/02:29:39      209.250      56.3400      15.6200      112.000      1.47353     0.374607    0.0238453
1999-03-30/02:29:58      208.950      57.1400      15.5400      107.000      1.89738     0.292372    0.0316685
1999-03-30/02:30:18      208.850      58.1700      15.6600      105.000      2.03478     0.258819    0.0343035
1999-03-30/02:30:38      208.870      59.3100      16.1300      104.000      2.01372     0.241922    0.0341021
1999-03-30/02:30:58      208.830      60.3900      14.0900      103.000      1.83560     0.224951    0.0312162
1999-03-30/02:31:17      208.900      61.5800      15.2700      111.000      1.92688     0.358368    0.0313967
1999-03-30/02:31:37      208.950      62.7600      15.0600      110.000      2.35372     0.342020    0.0386027
1999-03-30/02:31:57      208.910      63.8600      13.2300      109.000      2.51082     0.325568    0.0414346
1999-03-30/02:32:17      208.960      64.9500      10.4500      111.000      1.92688     0.358368    0.0313967
1999-03-30/02:32:38      208.940      66.2100      14.2600      106.000      2.18013     0.275637    0.0365764
1999-03-30/02:32:58      208.910      67.3300      14.5100      118.000      3.73865     0.469472    0.0576139
1999-03-30/02:33:17      208.990      68.5100      13.2900      112.000      3.28072     0.374607    0.0530900
1999-03-30/02:33:37      209.070      69.5400      12.4700      106.000      2.58370     0.275637    0.0433472
1999-03-30/02:33:57      209.130      71.0000      13.2900      114.000      1.85548     0.406737    0.0295845
1999-03-30/02:34:17      209.200      72.2900      15.1800      112.000      2.95217     0.374607    0.0477732
1999-03-30/05:35:10      209.230     -67.4300      13.5000      129.000      3.95825     0.629321    0.0536887
1999-03-30/05:35:30      209.170     -65.9100      14.3600      94.0000      3.60684    0.0697566    0.0627979
1999-03-30/05:35:50      208.970     -64.9300      13.4000      107.000      2.56265     0.292372    0.0427723
1999-03-30/05:36:09      208.750     -63.8300      10.1600      122.000      2.19844     0.529919    0.0325396
1999-03-30/05:36:30      208.750     -62.2600      11.6400      121.000      3.23298     0.515038    0.0483666
1999-03-30/05:37:10      208.620     -59.5900      12.2200      107.000      4.92515     0.292372    0.0822040
1999-03-30/05:37:49      208.700     -57.4100      13.1300      132.000      3.63051     0.669131    0.0470889
1999-03-30/05:38:09      208.720     -56.4900      12.7400      140.000      2.62813     0.766045    0.0294844
1999-03-30/05:38:29      208.670     -55.3900      13.2900      114.000      2.05132     0.406737    0.0327070
1999-03-30/05:38:49      208.580     -54.3400      13.9300      137.000      3.23584     0.731354    0.0385166
1999-03-30/05:39:08      208.560     -53.2000      14.2500      127.000      2.53994     0.601815    0.0354038
1999-03-30/05:39:48      208.380     -50.8300      14.6200      95.0000      2.30219    0.0871559    0.0400279
1999-03-30/05:40:08      208.490     -49.8500      14.5100      135.000      1.73604     0.707107    0.0214251
1999-03-30/05:40:27      208.560     -48.7500      13.5800      118.000      2.42354     0.469472    0.0373476
1999-03-30/05:40:47      208.560     -47.6900      14.4200      115.000      2.46981     0.422618    0.0390676
1999-03-30/05:41:07      208.480     -46.5600      13.9400      127.000      3.32400     0.601815    0.0463326
1999-03-30/05:41:27      208.460     -45.5800      15.7500      106.000      2.94420     0.275637    0.0493954
1999-03-30/05:41:48      208.400     -44.5400      14.9400      147.000      2.08757     0.838671    0.0198439
1999-03-30/05:42:08      208.350     -43.5100      14.3800      115.000      2.36999     0.422618    0.0374886
1999-03-30/05:42:28      208.370     -42.3900      14.5400      113.000      1.74178     0.390731    0.0279832
1999-03-30/05:43:07      208.500     -39.9400      14.6600      136.000      4.32886     0.719340    0.0524834
1999-03-30/05:43:27      208.400     -38.8500      14.6200      151.000      4.50175     0.874620    0.0380917
1999-03-30/05:43:47      208.170     -37.8800      14.0600      148.000      12.7909     0.848048     0.118301
1999-03-30/05:44:26      208.100     -35.1400      14.4100      140.000      10.5799     0.766045     0.118693
1999-03-30/05:44:46      208.140     -34.0200      14.4300      146.000      1.97044     0.829038    0.0192310
1999-03-30/05:45:06      208.110     -33.0000      15.3100      130.000      2.86654     0.642788    0.0383256
1999-03-30/05:45:26      208.090     -32.1000      14.5400      146.000      1.57742     0.829038    0.0153952
1999-03-30/05:45:45      208.040     -31.2600      15.2900      137.000      2.19198     0.731354    0.0260914
1999-03-30/05:46:05      207.970     -30.3200      14.8100      116.000      3.77145     0.438371    0.0591624
1999-03-30/05:46:25      207.980     -29.4500      13.7400      133.000      6.45096     0.681998    0.0823435
1999-03-30/05:47:45      207.860     -24.4900      13.4400      121.000      3.13232     0.515038    0.0468607
1999-03-30/05:48:05      207.910     -23.6400      13.3300      153.000      3.83834     0.891007    0.0304136
1999-03-30/05:48:24      207.810     -22.8500      12.3900      128.000      8.38080     0.615661     0.115264
1999-03-30/05:49:04      207.790     -20.2800      14.0100      145.000      8.08267     0.819152    0.0809140
1999-03-30/05:49:44      207.710     -17.9600      14.5600      142.000      6.25707     0.788011    0.0672342
1999-03-30/05:50:43      207.270     -14.2700      14.6200      158.000      3.45136     0.927184    0.0225654
1999-03-30/05:51:03      207.270     -13.5200      14.0600      122.000      2.66196     0.529919    0.0394003
1999-03-30/05:51:22      207.450     -12.7000      14.6500      140.000      3.11466     0.766045    0.0349426
1999-03-30/05:52:23      207.430     -9.20000      13.6900      92.0000      2.51267    0.0348995    0.0438276
1999-03-30/05:52:43      207.420     -8.12000      15.8900      112.000      1.56737     0.374607    0.0253638
1999-03-30/05:53:42      207.450     -4.88000      13.4200      120.000      2.97762     0.500000    0.0450067
1999-03-30/05:54:02      207.480     -3.84000      9.85000      116.000      3.01723     0.438371    0.0473310
1999-03-30/05:54:22      207.500     -2.88000      12.5200      125.000      2.77985     0.573576    0.0397432
1999-03-30/05:55:01      207.470    -0.560000      13.7500      109.000      2.51082     0.325568    0.0414346
1999-03-30/05:55:21      207.430     0.460000      14.5000      132.000      2.82961     0.669131    0.0367010
1999-03-30/05:56:01      207.350      2.66000      15.4500      142.000      3.45949     0.788011    0.0371733
1999-03-30/05:56:20      207.320      3.73000      14.3000      97.0000      3.50062     0.121869    0.0606419
1999-03-30/05:56:40      207.270      4.69000      14.8400      125.000      2.47499     0.573576    0.0353847
1999-03-30/05:58:00      207.250      9.23000      14.5900      135.000      4.49516     0.707107    0.0554763
1999-03-30/05:58:20      207.240      10.3100      12.4900      112.000      2.29214     0.374607    0.0370924
1999-03-30/05:58:40      207.240      11.3500      13.8100      112.000      2.09250     0.374607    0.0338617
1999-03-30/05:59:00      207.250      12.4400      13.4400      119.000      3.42648     0.484810    0.0523052
1999-03-30/06:00:19      207.070      16.7300      14.5500      117.000      4.65407     0.453991    0.0723754
1999-03-30/06:00:38      207.030      17.9400      12.1600      114.000      2.00852     0.406737    0.0320246
1999-03-30/06:00:58      207.080      19.0800      13.3100      133.000      3.28870     0.681998    0.0419787
1999-03-30/06:01:38      207.050      21.5600      15.6000      130.000      7.45448     0.642788    0.0996664
1999-03-30/06:01:58      207.090      22.6400      15.9300      128.000      3.30492     0.615661    0.0454538
1999-03-30/06:02:17      207.100      23.4400      17.7100      104.000      2.26526     0.241922    0.0383619
1999-03-30/06:02:37      207.060      24.5500      17.4000      110.000      2.35372     0.342020    0.0386027
1999-03-30/06:02:58      206.980      25.6300      15.4600      110.000      2.32336     0.342020    0.0381048
1999-03-30/06:03:18      206.940      26.6700      14.9700      115.000      2.46981     0.422618    0.0390676
1999-03-30/06:03:38      206.920      27.8300      10.7600      105.000      2.34766     0.258819    0.0395782
1999-03-30/06:03:58      206.930      28.9600      10.0300      105.000      2.14212     0.258819    0.0361131
1999-03-30/06:04:17      206.970      30.0400      8.20000      111.000      2.04548     0.358368    0.0333292
1999-03-30/06:04:37      206.970      31.1500      10.1600      111.000      2.25057     0.358368    0.0366709
1999-03-30/06:05:17      206.930      33.4500      14.2400      108.000      2.94697     0.309017    0.0489170
1999-03-30/06:05:36      206.990      34.4400      14.4800      114.000      2.09785     0.406737    0.0334489
1999-03-30/06:05:56      206.970      35.5800      14.4500      113.000      1.53310     0.390731    0.0246305
1999-03-30/06:06:16      206.930      36.6500      15.2700      111.000      2.09106     0.358368    0.0340718
1999-03-30/06:06:36      206.910      37.8200      15.4400      110.000      2.39465     0.342020    0.0392740
1999-03-30/06:06:55      206.900      38.8800      14.3500      104.000      2.74456     0.241922    0.0464787
1999-03-30/06:07:15      206.840      39.9700      14.4200      102.000      1.49575     0.207912    0.0255353
1999-03-30/06:07:35      206.780      41.0800      14.4100      103.000      1.49576     0.224951    0.0254368
1999-03-30/06:07:55      206.730      42.1600      14.2800      105.000      2.24074     0.258819    0.0377757
1999-03-30/06:08:16      206.670      43.2900      15.4300      107.000      2.08872     0.292372    0.0348621
1999-03-30/06:08:35      206.650      44.4000      15.2000      109.000      2.16155     0.325568    0.0356708
1999-03-30/06:08:55      206.640      45.4500      15.2400      111.000      1.80723     0.358368    0.0294471
1999-03-30/06:09:15      206.590      46.5600      15.6000      115.000      2.26287     0.422618    0.0357942
1999-03-30/06:09:55      206.650      48.7900      15.6500      102.000      1.55031     0.207912    0.0264667
1999-03-30/06:10:14      206.610      49.9400      15.8400      107.000      1.89738     0.292372    0.0316685
1999-03-30/06:10:34      206.540      51.0300      15.5400      102.000      1.43056     0.207912    0.0244224
1999-03-30/06:10:54      206.530      52.1100      15.8800      103.000      1.78707     0.224951    0.0303909
1999-03-30/06:11:14      206.430      53.2200      15.2900      101.000      1.68212     0.190809    0.0288191
1999-03-30/06:11:33      206.280      54.4200      15.6700      117.000      2.05042     0.453991    0.0318861
1999-03-30/06:11:53      206.260      55.5400      15.9100      104.000      1.81482     0.241922    0.0307337
1999-03-30/06:12:13      206.450      56.6000      15.6600      103.000      1.78707     0.224951    0.0303909
1999-03-30/06:12:33      206.510      57.7200      15.6600      105.000      2.24074     0.258819    0.0377757
1999-03-30/06:12:53      206.470      58.7800      15.4900      108.000      2.51776     0.309017    0.0417925
1999-03-30/06:13:12      206.300      59.8600      15.6600      96.0000      2.40437     0.104529    0.0417343
1999-03-30/06:13:33      206.340      61.0100      15.7400      108.000      2.42687     0.309017    0.0402838
1999-03-30/06:13:53      206.230      62.1100      16.0300      109.000      2.34075     0.325568    0.0386280
1999-03-30/06:14:13      206.240      63.1900      16.4900      99.0000      2.27326     0.156434    0.0391874
1999-03-30/06:14:33      206.180      64.3200      15.8900      105.000      2.24074     0.258819    0.0377757
1999-03-30/06:14:52      206.070      65.4800      15.4800      103.000      1.78707     0.224951    0.0303909
1999-03-30/06:15:12      206.040      66.7100      16.3400      105.000      2.68027     0.258819    0.0451856
1999-03-30/06:15:32      206.030      67.8400      17.1000      103.000      1.89749     0.224951    0.0322687
1999-03-30/06:15:52      206.140      69.1400      17.0400      110.000      2.27385     0.342020    0.0372928
1999-03-30/06:16:11      206.020      70.4600      16.9900      104.000      2.26526     0.241922    0.0383619
1999-03-30/06:16:31      205.680      71.6500      17.1000      102.000      1.65815     0.207912    0.0283078
1999-03-30/06:24:06      61.5800      88.2200      16.9800      78.0000      1.63026     0.207912    0.0278316
1999-03-30/06:24:26      51.2600      87.4200      16.9200      77.0000      1.26700     0.224951    0.0215466
1999-03-30/06:24:46      44.4200      86.4400      16.9100      75.0000      1.81482     0.258819    0.0305953
1999-03-30/06:25:06      38.6900      84.9400      17.1800      73.0000      1.80236     0.292372    0.0300826
1999-03-30/06:25:25      36.9900      83.7700      17.4400      75.0000      1.81482     0.258819    0.0305953
1999-03-30/06:25:45      36.0300      82.9000      17.7600      73.0000      1.92121     0.292372    0.0320663
1999-03-30/06:26:05      35.1400      81.9700      17.6700      65.0000      1.58638     0.422618    0.0250934
1999-03-30/06:26:25      33.3600      80.1800      17.4500      70.0000      2.51082     0.342020    0.0411793
1999-03-30/06:26:44      32.4300      78.9700      17.5400      75.0000      2.01372     0.258819    0.0339485
1999-03-30/06:27:04      31.8200      77.7200      17.6500      78.0000      1.41405     0.207912    0.0241405
1999-03-30/06:27:24      31.1000      76.5600      17.4700      80.0000      2.06573     0.173648    0.0355061
1999-03-30/06:27:44      31.1900      75.5800      17.6500      78.0000      1.35630     0.207912    0.0231546
1999-03-30/06:28:05      31.0700      74.3500      18.0400      81.0000      2.63167     0.156434    0.0453658
1999-03-30/06:29:04      30.3200      70.6700      18.3800      82.0000      2.58418     0.139173    0.0446635
1999-03-30/06:29:24      30.2300      69.6300      18.6300      87.0000      1.56949    0.0523359    0.0273552
1999-03-30/06:31:22      28.9000      62.6500      18.6300      83.0000      2.70511     0.121869    0.0468612
1999-03-30/06:31:42      28.8400      61.6900      18.8600      36.0000      6.17974     0.809017    0.0633966
1999-03-30/06:32:22      28.8000      59.4500      19.2500      68.0000      2.01220     0.374607    0.0325623
1999-03-30/06:32:42      28.7300      58.3800      19.1100      71.0000      2.25162     0.325568    0.0371572
1999-03-30/06:33:01      28.7200      57.3800      18.8000      63.0000      2.61791     0.453990    0.0407111
1999-03-30/06:33:42      28.6300      55.0300      18.9600      88.0000      1.24896    0.0348994    0.0217852
1999-03-30/06:34:02      28.5100      53.9300      18.9100      74.0000      2.24074     0.275637    0.0375933
1999-03-30/06:34:22      28.5100      52.9000      18.1400      78.0000      1.56173     0.207912    0.0266617
1999-03-30/06:34:41      28.4400      51.8500      17.5300      87.0000      1.80828    0.0523359    0.0315172
1999-03-30/06:36:20      28.2100      46.3300      17.2600      77.0000      1.43056     0.224951    0.0243281
1999-03-30/06:36:40      28.1600      45.2700      18.3000      87.0000      1.56949    0.0523359    0.0273552
1999-03-30/06:37:19      28.0200      43.0500      18.0900      69.0000      2.94955     0.358368    0.0480601
1999-03-30/06:37:39      27.9300      41.9700      18.0200      74.0000      3.40585     0.275637    0.0571406
1999-03-30/06:37:59      27.8700      40.8500      17.9300      77.0000      1.19059     0.224951    0.0202471
1999-03-30/06:38:19      27.7500      39.7300      17.7000      81.0000      2.63167     0.156434    0.0453658
1999-03-30/06:38:59      27.5200      37.2800      17.9200      88.0000      1.44156    0.0348994    0.0251446
1999-03-30/06:39:19      27.4800      36.2300      18.0600      74.0000      1.91034     0.275637    0.0320501
1999-03-30/06:39:39      27.0300      35.2200      18.2600      70.0000      2.65359     0.342020    0.0435208
1999-03-30/06:39:59      26.7300      33.9500      18.3600      83.0000      2.27516     0.121869    0.0394130
1999-03-30/06:40:19      27.6000      32.3800      18.4000      80.0000      2.70037     0.173648    0.0464143
1999-03-30/06:41:18      26.5900      30.1000      18.7600      61.0000      3.73865     0.484810    0.0570705
1999-03-30/06:41:38      27.0500      29.2600      18.8800      68.0000      2.09106     0.374607    0.0338384
1999-03-30/06:41:57      27.0900      28.2700      19.2000      77.0000      1.55031     0.224951    0.0263645
1999-03-30/06:42:17      26.5900      27.3200      18.7600      82.0000      2.79514     0.139173    0.0483096
1999-03-30/06:42:37      27.0300      26.2900      18.6000      69.0000      2.20291     0.358368    0.0358943
1999-03-30/06:42:57      27.4200      24.9900      18.8700      86.0000      1.92974    0.0697565    0.0335983
1999-03-30/06:43:17      27.5600      23.7700      18.7000      68.0000      1.97620     0.374607    0.0319797
1999-03-30/06:43:36      27.6900      22.5800      18.3100      84.0000      2.16665     0.104528    0.0376080
1999-03-30/06:44:37      27.7800      19.4700      18.8100      68.0000      1.97620     0.374607    0.0319797
1999-03-30/06:44:57      27.6600      18.5300      18.8600      61.0000      3.10994     0.484810    0.0474732
1999-03-30/06:46:16      27.6100      14.1100      18.5800      84.0000      2.03249     0.104528    0.0352793
1999-03-30/06:47:15      27.9400      10.7100      18.5600      69.0000      2.73958     0.358368    0.0446389
1999-03-30/06:47:35      27.9500      9.47000      17.8200      60.0000      2.64246     0.500000    0.0399408
1999-03-30/06:47:54      27.8500      8.29000      17.2900      52.0000      3.32400     0.615661    0.0457162
1999-03-30/06:48:14      27.8500      7.10000      17.5200      77.0000      1.73073     0.224951    0.0294327
1999-03-30/06:48:34      27.8600      6.01000      17.2800      57.0000      2.40317     0.544639    0.0351766
1999-03-30/06:48:54      27.7400      5.03000      17.4000      67.0000      1.94513     0.390731    0.0312501
1999-03-30/06:49:15      27.6000      4.06000      17.2800      57.0000      2.74913     0.544639    0.0402406
1999-03-30/06:50:14      27.2800     0.670000      17.1100      55.0000      1.68852     0.573576    0.0241406
1999-03-30/06:51:14      27.2500     -2.49000      16.9300      57.0000      2.93854     0.544639    0.0430131
1999-03-30/06:51:33      27.2700     -3.56000      17.0200      56.0000      1.56129     0.559193    0.0225910
1999-03-30/06:52:13      27.3900     -5.90000      17.1300      56.0000      1.76984     0.559193    0.0256086
1999-03-30/06:52:33      27.2800     -7.03000      17.1900      79.0000      2.10644     0.190809    0.0360889
1999-03-30/06:52:52      27.1900     -8.14000      17.2600      85.0000      1.85973    0.0871558    0.0323349
1999-03-30/06:53:12      27.1900     -9.20000      17.3500      86.0000      2.01383    0.0697565    0.0350623
1999-03-30/06:53:32      27.2000     -10.2300      17.2300      82.0000      2.40785     0.139173    0.0416159
1999-03-30/06:53:52      27.2000     -11.2700      17.4300      85.0000      2.38972    0.0871558    0.0415498
1999-03-30/06:54:12      27.1500     -12.3700      17.3600      76.0000      1.78707     0.241922    0.0302638
1999-03-30/06:54:32      27.1200     -13.4800      17.0600      85.0000      1.95361    0.0871558    0.0339672
1999-03-30/06:54:52      27.1600     -14.5100      16.7500      88.0000      1.41036    0.0348994    0.0246004
1999-03-30/06:55:12      27.2100     -15.5500      16.1400      78.0000      1.63026     0.207912    0.0278316
1999-03-30/06:55:32      27.2400     -16.6100      17.0100      71.0000      3.20879     0.325568    0.0529528
1999-03-30/06:56:11      27.2500     -18.8000      17.7800      81.0000      2.63167     0.156434    0.0453658
1999-03-30/06:57:11      27.1600     -22.1500      17.6700      80.0000      2.13412     0.173648    0.0366815
1999-03-30/06:57:30      27.1000     -23.2100      17.4400      74.0000      2.34766     0.275637    0.0393871
1999-03-30/06:57:50      27.0800     -24.2500      17.5100      89.0000      1.27008    0.0174524    0.0221637
1999-03-30/06:58:31      27.1600     -26.5200      17.7800      83.0000      2.89748     0.121869    0.0501936
1999-03-30/06:58:51      27.1400     -27.5000      17.5800      69.0000      2.39465     0.358368    0.0390186
1999-03-30/06:59:11      27.1100     -28.6300      16.6600      85.0000      1.95361    0.0871558    0.0339672
1999-03-30/06:59:30      27.0900     -29.7600      17.0700      76.0000      1.57584     0.241922    0.0266866
1999-03-30/06:59:50      26.9900     -30.8500      17.9700      79.0000      1.79598     0.190809    0.0307699
1999-03-30/07:00:10      26.9100     -32.0600      17.4800      76.0000      1.73153     0.241922    0.0293232
1999-03-30/07:00:30      26.7300     -33.2100      17.3500      65.0000      2.37061     0.422618    0.0374984
1999-03-30/07:00:50      26.6900     -34.2500      17.2600      63.0000      2.04763     0.453990    0.0318427
1999-03-30/07:01:09      26.6400     -35.3300      16.8800      77.0000      1.43056     0.224951    0.0243281
1999-03-30/07:01:29      26.7100     -36.5000      17.1300      72.0000      2.56265     0.309017    0.0425376
1999-03-30/07:01:49      26.7300     -37.6200      17.1000      77.0000      1.31060     0.224951    0.0222880
1999-03-30/07:02:09      26.7200     -38.7000      17.4000      89.0000     0.958686    0.0174524    0.0167297
1999-03-30/07:03:08      26.6000     -42.0500      17.2700      58.0000      3.13232     0.529919    0.0463622
1999-03-30/07:03:28      26.5400     -43.1700      17.4400      62.0000      2.70413     0.469472    0.0416716
1999-03-30/07:03:48      26.5200     -44.2000      17.4400      75.0000      2.26526     0.258819    0.0381891
1999-03-30/07:04:08      26.5400     -45.1900      17.5800      56.0000      1.83647     0.559193    0.0265727
1999-03-30/07:04:28      26.5400     -46.1900      17.0500      42.0000      2.52636     0.743145    0.0295042
1999-03-30/07:04:48      26.6200     -47.2600      17.0300      44.0000      2.66943     0.719340    0.0323644
1999-03-30/07:05:08      26.7700     -48.3500      17.2400      44.0000      1.78255     0.719340    0.0216118
1999-03-30/07:05:27      26.8200     -49.5800      17.4000      58.0000      2.30422     0.529919    0.0341053
1999-03-30/07:05:47      26.7500     -50.8700      17.2100      63.0000      2.61791     0.453990    0.0407111
1999-03-30/07:06:07      26.5700     -51.9300      17.0900      53.0000      3.07954     0.601815    0.0429252
1999-03-30/07:06:27      26.5300     -52.9200      16.4300      49.0000      3.76166     0.656059    0.0495492
1999-03-30/07:06:46      26.5600     -54.0100      16.4600      63.0000      3.12038     0.453990    0.0485250
1999-03-30/07:07:26      26.5700     -56.6200      16.0300      54.0000      3.38424     0.587785    0.0477855
1999-03-30/07:07:46      26.3800     -57.9900      16.0400      49.0000      4.24681     0.656059    0.0559397
1999-03-30/07:08:06      26.1800     -59.2000      15.7500      52.0000      3.18256     0.615661    0.0437710
1999-03-30/07:08:25      26.1700     -60.2500      17.0200      63.0000      3.23533     0.453990    0.0503126
1999-03-30/07:08:45      26.1200     -61.0700      16.7500      69.0000      2.73958     0.358368    0.0446389
1999-03-30/07:09:06      26.1100     -62.1300      15.9500      76.0000      2.17751     0.241922    0.0368758
1999-03-30/07:09:26      26.1500     -63.3000      16.4200      66.0000      1.74178     0.406737    0.0277716
1999-03-30/07:09:46      26.3500     -64.6800      15.9900      62.0000      3.16633     0.469472    0.0487942
1999-03-30/07:10:06      26.4700     -66.1100      16.2800      64.0000      2.55251     0.438371    0.0400410
1999-03-30/07:10:25      26.4600     -67.4000      16.2900      70.0000      3.23959     0.342020    0.0531316
1999-03-30/07:10:45      26.6300     -68.7500      8.22000      71.0000      3.35424     0.325568    0.0553531
1999-03-30/07:11:05      26.5600     -70.1900      8.48000      66.0000      1.58863     0.406737    0.0253297
1999-03-30/07:11:25      26.6500     -71.9900      7.29000      64.0000      2.69276     0.438371    0.0422411
1999-03-30/07:11:44      27.2200     -74.4600      8.37000      69.0000      2.35372     0.358368    0.0383516
1999-03-30/07:12:04      26.6400     -75.8500      10.5500      72.0000      2.56265     0.309017    0.0425376
1999-03-30/07:12:24      25.2500     -76.8300      11.5300      78.0000      1.48621     0.207912    0.0253724
1999-03-30/07:12:44      25.1400     -77.7600      11.9900      73.0000      3.07495     0.292372    0.0513230
1999-03-30/07:26:18      212.520     -68.2200      12.1500      121.000      3.43143     0.515038    0.0513355
1999-03-30/07:26:38      211.440     -66.6700      12.0200      126.000      5.06650     0.587785    0.0715390
1999-03-30/07:26:57      211.330     -65.5900      11.3200      101.000      1.56173     0.190809    0.0267565
1999-03-30/07:27:17      211.180     -64.5800      11.0000      138.000      8.00324     0.743145    0.0934661
1999-03-30/07:27:37      210.820     -63.2000      11.5300      117.000      5.46353     0.453991    0.0849633
1999-03-30/07:27:57      210.430     -61.8500      11.3700      129.000      7.84644     0.629321     0.106427
1999-03-30/07:28:17      209.940     -60.3800      11.8600      129.000      25.6400     0.629321     0.347775
1999-03-30/07:28:36      209.480     -58.9900      11.6100      108.000      6.16223     0.309017     0.102287
1999-03-30/07:28:56      209.390     -58.0200      12.2800      100.000      3.53087     0.173648    0.0606891
1999-03-30/07:29:16      209.470     -57.1200      11.7100      109.000      25.5614     0.325568     0.421825
1999-03-30/07:29:36      209.370     -56.0200      10.6900      130.000      12.3380     0.642788     0.164959
1999-03-30/07:29:55      209.290     -55.0100      9.93000      113.000      2.02531     0.390731    0.0325383
1999-03-30/07:30:16      209.290     -53.9000      10.6000      114.000      8.15788     0.406737     0.130072
1999-03-30/07:30:36      208.930     -52.4700      11.6200      116.000      4.78372     0.438371    0.0750418
1999-03-30/07:30:56      208.760     -51.3000      16.3800      91.0000      20.6698    0.0174525     0.360701
1999-03-30/07:31:16      208.720     -50.2600      25.1500      105.000      3.48493     0.258819    0.0587510
1999-03-30/07:31:35      208.700     -49.2000      16.4000      122.000      2.81476     0.529919    0.0416619
1999-03-30/07:31:55      208.670     -48.1100      18.1000      109.000      3.38317     0.325568    0.0558305
1999-03-30/07:32:15      208.550     -46.9200      26.8900      123.000      8.76421     0.544639     0.128287
1999-03-30/07:32:35      208.440     -45.8300      12.5100      116.000      5.86277     0.438371    0.0919688
1999-03-30/07:32:54      208.360     -44.7800      10.5500      153.000      14.9279     0.891007     0.118283
1999-03-30/07:33:14      208.290     -43.6900      10.1800      107.000      4.01054     0.292372    0.0669386
1999-03-30/07:33:34      208.310     -42.6700      11.2100      106.000      5.16517     0.275637    0.0866570
1999-03-30/07:33:54      208.340     -41.5600      11.3200      128.000      9.41108     0.615661     0.129434
1999-03-30/07:34:13      208.310     -40.4100      12.2700      126.000      25.0610     0.587785     0.353862
1999-03-30/07:34:33      208.160     -39.1600      12.8400      143.000      34.4662     0.798636     0.362021
1999-03-30/07:34:53      207.990     -38.0200      10.9800      158.000      16.2179     0.927184     0.106035
1999-03-30/07:35:34      207.830     -35.5100      10.4300      118.000      7.58900     0.469472     0.116949
1999-03-30/07:35:54      207.800     -34.3700      9.32000      139.000      12.6776     0.754710     0.145163
1999-03-30/07:36:14      207.710     -33.2900      8.64000      128.000      3.90398     0.615661    0.0536929
1999-03-30/07:36:33      207.620     -32.3200      10.1100      119.000      23.7264     0.484810     0.362183
1999-03-30/07:36:53      207.580     -31.4100      10.4900      115.000      2.90088     0.422618    0.0458863
1999-03-30/07:37:13      207.560     -30.4400      10.4400      123.000      7.02375     0.544639     0.102811
1999-03-30/07:37:33      207.550     -29.4600      10.5100      150.000      8.38369     0.866026    0.0731615
1999-03-30/07:38:32      207.410     -25.8100      10.8000      153.000      15.8783     0.891007     0.125814
1999-03-30/07:38:52      207.370     -24.7800      10.1400      133.000      26.9050     0.681998     0.343430
1999-03-30/07:39:11      207.430     -23.8600      11.0300      154.000      12.1514     0.898794    0.0929706
1999-03-30/07:39:31      207.420     -22.8000      11.2100      169.000      9.03534     0.981627    0.0300899
1999-03-30/07:40:11      207.250     -20.5100      11.1900      137.000      8.15040     0.731354    0.0970152
1999-03-30/07:40:31      207.270     -19.4800      10.3700      120.000      5.62883     0.500000    0.0850797
1999-03-30/07:40:51      207.320     -18.1900      10.4200      128.000      4.88513     0.615661    0.0671871
1999-03-30/07:41:11      207.260     -17.2200      10.6500      144.000      7.01272     0.809017    0.0719420
1999-03-30/07:41:51      206.950     -14.4200      10.9000      166.000      7.56479     0.970296    0.0319411
1999-03-30/07:42:10      206.830     -13.8600      11.1000      148.000      3.88640     0.848048    0.0359447
1999-03-30/07:42:30      206.990     -12.9900      10.9900      154.000      4.88278     0.898794    0.0373582
1999-03-30/07:43:49      206.930     -8.35000      11.1800      115.000      2.55251     0.422618    0.0403757
1999-03-30/07:44:09      206.850     -7.45000      11.9500      131.000      7.75094     0.656059     0.102097
1999-03-30/07:44:48      206.920     -5.22000      12.5900      127.000      4.95410     0.601815    0.0690543
1999-03-30/07:45:08      206.890     -4.15000      13.0300      108.000      3.59103     0.309017    0.0596077
1999-03-30/07:45:28      206.870     -3.13000      12.6000      132.000      4.03781     0.669131    0.0523717
1999-03-30/07:45:48      206.870     -2.05000      12.3200      126.000      8.38981     0.587785     0.118464
1999-03-30/07:46:09      206.860    -0.810000      13.5700      119.000      2.87886     0.484810    0.0439458
1999-03-30/07:46:29      206.830     0.260000      13.2100      125.000      2.12168     0.573576    0.0303334
1999-03-30/07:46:49      206.790      1.29000      12.9400      112.000      4.05729     0.374607    0.0656567
1999-03-30/07:47:48      206.700      4.57000      12.3000      137.000      9.13064     0.731354     0.108683
1999-03-30/07:48:08      206.680      5.65000      13.1900      130.000      11.7128     0.642788     0.156600
1999-03-30/07:48:47      206.600      7.92000      13.5500      124.000      5.55415     0.559193    0.0803654
1999-03-30/07:49:07      206.640      9.00000      13.5100      147.000      4.72712     0.838671    0.0449348
1999-03-30/07:49:27      206.630      10.0700      13.8700      131.000      6.82167     0.656059    0.0898562
1999-03-30/07:49:47      206.630      11.1600      13.9300      119.000      6.22112     0.484810    0.0949654
1999-03-30/07:50:06      206.590      12.2100      14.0100      91.0000      6.37017    0.0174525     0.111164
1999-03-30/07:50:26      206.560      13.3100      13.7800      123.000      5.86512     0.544639    0.0858511
1999-03-30/07:50:46      206.520      14.4100      13.9400      113.000      17.3017     0.390731     0.277966
1999-03-30/07:51:06      206.480      15.4400      13.6600      126.000      4.58610     0.587785    0.0647558
1999-03-30/07:51:26      206.570      16.6700      13.5400      157.000      8.98524     0.920505    0.0612752
1999-03-30/07:51:46      206.610      17.7400      14.1100      132.000      7.11006     0.669131    0.0922198
1999-03-30/07:52:06      206.580      18.8500      14.3700      119.000      23.7264     0.484810     0.362183
1999-03-30/07:52:26      206.420      20.0200      14.3400      133.000      7.59222     0.681998    0.0969111
1999-03-30/07:52:45      206.390      21.0800      14.3800      117.000      5.46353     0.453991    0.0849633
1999-03-30/07:53:05      206.470      22.1900      14.2900      119.000      4.47089     0.484810    0.0682481
1999-03-30/07:53:25      206.480      23.2200      14.3500      106.000      6.30314     0.275637     0.105749
1999-03-30/07:53:45      206.480      24.3300      14.2600      117.000      4.31892     0.453991    0.0671635
1999-03-30/07:54:05      206.420      25.3800      15.9100      112.000      2.03620     0.374607    0.0329506
1999-03-30/07:54:24      206.400      26.4600      15.0000      126.000      9.39647     0.587785     0.132678
1999-03-30/07:54:44      206.390      27.5400      15.2200      105.000      9.78949     0.258819     0.165037
1999-03-30/07:55:04      206.340      28.6400      14.9700      107.000      4.34779     0.292372    0.0725675
1999-03-30/07:55:24      206.330      29.7100      15.1300      114.000      3.21946     0.406737    0.0513323
1999-03-30/07:55:43      206.320      30.8100      16.4700      113.000      1.74178     0.390731    0.0279832
1999-03-30/07:56:03      206.270      31.9300      16.1800      144.000      30.4326     0.809017     0.312202
1999-03-30/07:56:23      206.210      32.9600      16.0600      114.000      7.61136     0.406737     0.121358
1999-03-30/07:56:44      206.230      34.1200      18.2800      101.000      1.82292     0.190809    0.0312314
1999-03-30/07:57:04      206.250      35.2700      18.1200      133.000      5.17562     0.681998    0.0660644
1999-03-30/07:57:24      206.230      36.3600      18.7200      112.000      2.74726     0.374607    0.0444573
1999-03-30/07:57:43      206.170      37.4600      18.9100      111.000      2.66344     0.358368    0.0433982
1999-03-30/07:58:03      206.150      38.5100      19.6800      109.000      3.23959     0.325568    0.0534610
1999-03-30/07:58:23      206.130      39.6200      19.9600      109.000      3.28169     0.325568    0.0541558
1999-03-30/07:58:43      206.100      40.7300      19.8200      111.000      3.27161     0.358368    0.0533078
1999-03-30/07:59:02      206.080      41.8300      19.6300      104.000      4.43739     0.241922    0.0751466
1999-03-30/07:59:22      206.040      42.9300      18.8900      105.000      2.96037     0.258819    0.0499077
1999-03-30/07:59:42      206.020      44.0400      18.1600      108.000      3.86319     0.309017    0.0641254
1999-03-30/08:00:02      206.020      45.1500      23.6300      110.000      3.03986     0.342020    0.0498559
1999-03-30/08:00:22      206.000      46.2400      21.9500      121.000      3.18689     0.515038    0.0476771
1999-03-30/08:00:41      206.010      47.3200      21.6400      101.000      3.38606     0.190809    0.0580121
1999-03-30/08:01:01      205.970      48.4600      22.2300      105.000      3.40585     0.258819    0.0574178
1999-03-30/08:01:21      205.940      49.5800      22.3800      110.000      2.55790     0.342020    0.0419514
1999-03-30/08:01:41      205.910      50.6800      22.5500      107.000      3.29316     0.292372    0.0549650
1999-03-30/08:02:01      205.900      51.8500      22.1300      110.000      3.03986     0.342020    0.0498559
1999-03-30/08:02:21      205.860      52.9300      21.9900      106.000      2.68499     0.275637    0.0450466
1999-03-30/08:02:41      205.790      54.0400      20.7100      111.000      2.59786     0.358368    0.0423297
1999-03-30/08:03:01      205.760      55.1600      17.0400      110.000      3.17304     0.342020    0.0520402
1999-03-30/08:03:20      205.760      56.2500      17.2300      109.000      3.44885     0.325568    0.0569143
1999-03-30/08:03:40      205.740      57.3800      19.4400      113.000      1.64092     0.390731    0.0263628
1999-03-30/08:04:00      205.730      58.4800      19.7000      112.000      1.61897     0.374607    0.0261988
1999-03-30/08:04:20      205.680      59.5700      19.9900      101.000      2.68482     0.190809    0.0459980
1999-03-30/08:04:40      205.700      60.6800      20.5200      108.000      2.72086     0.309017    0.0451637
1999-03-30/08:04:59      205.690      61.8700      19.9600      112.000      1.98706     0.374607    0.0321554
1999-03-30/08:05:19      205.680      62.9900      19.3100      106.000      5.16517     0.275637    0.0866570
1999-03-30/08:05:39      205.670      64.0800      20.2800      106.000      4.47458     0.275637    0.0750708
1999-03-30/08:05:59      205.630      65.2000      19.7700      104.000      2.26526     0.241922    0.0383619
1999-03-30/08:06:19      205.610      66.3000      18.8300      116.000      2.85385     0.438371    0.0447681
1999-03-30/08:06:38      205.660      67.3800      19.6000      106.000      3.23908     0.275637    0.0543426
1999-03-30/08:06:58      205.930      68.7100      20.9500      114.000      2.09785     0.406737    0.0334489
1999-03-30/08:07:19      205.950      70.0500      20.1000      106.000      2.84991     0.275637    0.0478135
1999-03-30/08:07:39      205.960      71.2000      19.1400      109.000      3.04196     0.325568    0.0501997
1999-03-30/08:07:59      206.180      72.5600      19.7000      106.000      2.31977     0.275637    0.0389192
1999-03-30/08:08:18      206.590      74.1300      19.0400      108.000      2.85097     0.309017    0.0473234
1999-03-30/08:08:38      206.820      75.4900      18.9800      105.000      3.09738     0.258819    0.0522174
1999-03-30/08:08:58      206.660      76.4900      19.0500      111.000      2.53204     0.358368    0.0412572
1999-03-30/09:18:45      208.100     -62.3600      19.4300      127.000      3.57709     0.601815    0.0498604
1999-03-30/09:19:05      207.930     -61.1100      19.4400      120.000      21.9826     0.500000     0.332267
1999-03-30/09:19:24      207.650     -59.7600      18.9000      120.000      3.57647     0.500000    0.0540583
1999-03-30/09:20:04      207.560     -57.5900      18.6900      127.000      4.27100     0.601815    0.0595327
1999-03-30/09:20:24      207.570     -56.6600      19.0300      132.000      4.47968     0.669131    0.0581029
1999-03-30/09:20:44      207.450     -55.5400      19.6000      132.000      2.54235     0.669131    0.0329751
1999-03-30/09:21:03      207.320     -54.4700      20.1400      113.000      2.10025     0.390731    0.0337423
1999-03-30/09:21:23      207.220     -53.4300      20.4100      117.000      6.12295     0.453991    0.0952180
1999-03-30/09:22:03      207.070     -51.0100      19.6500      115.000      5.53081     0.422618    0.0874866
1999-03-30/09:22:22      207.140     -50.0200      19.3600      114.000      2.37061     0.406737    0.0377979
1999-03-30/09:22:43      207.170     -48.9200      18.7200      117.000      3.60112     0.453991    0.0560010
1999-03-30/09:23:03      207.130     -47.8200      18.8500      128.000      4.76905     0.615661    0.0655906
1999-03-30/09:23:23      207.090     -46.6500      18.6800      101.000      2.89487     0.190809    0.0495967
1999-03-30/09:23:43      207.000     -45.5300      18.6700      131.000      4.73450     0.656059    0.0623636
1999-03-30/09:24:02      206.890     -44.4800      19.1700      129.000      25.6400     0.629321     0.347775
1999-03-30/09:24:22      206.830     -43.4300      19.2900      106.000      3.07495     0.275637    0.0515890
1999-03-30/09:24:42      206.800     -42.4300      19.0300      117.000      7.25609     0.453991     0.112839
1999-03-30/09:25:02      206.750     -41.2900      19.0300      138.000      26.7062     0.743145     0.311889
1999-03-30/09:26:01      206.690     -37.7600      18.9500      154.000      13.6772     0.898794     0.104645
1999-03-30/09:26:21      206.590     -36.5900      19.3400      110.000      4.96258     0.342020    0.0813899
1999-03-30/09:27:00      206.560     -34.4000      19.7000      111.000      3.27161     0.358368    0.0533078
1999-03-30/09:27:20      206.600     -33.2900      19.3200      137.000      6.42576     0.731354    0.0764866
1999-03-30/09:27:40      206.520     -32.2900      19.2400      128.000      9.14166     0.615661     0.125729
1999-03-30/09:28:01      206.380     -31.3100      19.3300      150.000      7.35244     0.866026    0.0641621
1999-03-30/09:28:21      206.290     -30.3500      18.9800      153.000      32.8278     0.891007     0.260115
1999-03-30/09:28:40      206.220     -29.3800      18.7300      125.000      9.94304     0.573576     0.142155
1999-03-30/09:29:40      206.160     -25.7700      18.6400      104.000      18.8654     0.241922     0.319483
1999-03-30/09:29:59      206.130     -24.7500      18.5600      139.000      5.53958     0.754710    0.0634303
1999-03-30/09:30:19      206.120     -23.9200      17.8500      152.000      38.7864     0.882948     0.317809
1999-03-30/09:30:59      206.170     -21.5600      17.0700      168.000      20.2415     0.978148    0.0734512
1999-03-30/09:31:19      206.140     -20.5100      17.2500      114.000      8.52896     0.406737     0.135989
1999-03-30/09:31:38      206.160     -19.5400      17.4100      129.000      25.6400     0.629321     0.347775
1999-03-30/09:31:58      206.150     -18.3000      16.9100      171.000      13.8328     0.987688    0.0377676
1999-03-30/09:32:18      206.070     -17.2500      16.1200      148.000      32.7620     0.848048     0.303010
1999-03-30/09:32:57      206.320     -14.0600      15.5300      145.000      10.9980     0.819152     0.110099
1999-03-30/09:33:18      205.930     -13.8100      15.6500      164.000      23.9753     0.961262     0.115340
1999-03-30/09:33:38      205.880     -12.9600      16.4500      139.000      6.46150     0.754710    0.0739867
1999-03-30/09:33:58      205.850     -11.8600      16.4600      122.000      7.74172     0.529919     0.114587
1999-03-30/09:34:57      205.750     -8.25000      16.3900      132.000      24.7334     0.669131     0.320800
1999-03-30/09:35:17      205.720     -7.39000      16.7100      124.000      17.6815     0.559193     0.255841
1999-03-30/09:35:37      205.720     -6.45000      16.8400      144.000      8.33847     0.809017    0.0855426
1999-03-30/09:35:56      205.790     -5.22000      16.9100      130.000      25.7972     0.642788     0.344909
1999-03-30/09:36:16      205.790     -4.09000      16.9700      128.000      5.87966     0.615661    0.0808652
1999-03-30/09:36:36      205.760     -3.05000      17.1200      128.000      9.41108     0.615661     0.129434
1999-03-30/09:36:56      205.750     -1.97000      17.0700      110.000      3.59163     0.342020    0.0589054
1999-03-30/09:37:35      205.780     0.330000      17.0400      108.000      18.8223     0.309017     0.312433
1999-03-30/09:37:55      205.670      1.34000      17.0700      119.000      5.18222     0.484810    0.0791065
1999-03-30/09:38:15      205.620      2.43000      16.9600      145.000      7.68005     0.819152    0.0768834
1999-03-30/09:38:36      205.620      3.60000      16.8200      139.000      27.2650     0.754710     0.312195
1999-03-30/09:38:56      205.610      4.65000      16.8600      96.0000      6.07284     0.104529     0.105410
1999-03-30/09:39:35      205.510      6.84000      16.9100      139.000      11.4055     0.754710     0.130597
1999-03-30/09:39:55      205.570      7.89000      16.6200      126.000      3.78039     0.587785    0.0533791
1999-03-30/09:40:15      205.590      9.06000      16.4800      126.000      8.38981     0.587785     0.118464
1999-03-30/09:40:35      205.520      10.0600      16.3600      92.0000      8.72309    0.0348995     0.152154
1999-03-30/09:40:54      205.540      11.1800      16.3700      124.000      4.38424     0.559193    0.0634375
1999-03-30/09:41:14      205.490      12.2500      16.2900      123.000      7.31069     0.544639     0.107011
1999-03-30/09:41:34      205.460      13.2900      16.2200      126.000      3.78039     0.587785    0.0533791
1999-03-30/09:41:54      205.450      14.4100      16.4300      105.000      5.12132     0.258819    0.0863382
1999-03-30/09:42:13      205.430      15.4500      16.5000      107.000      4.25171     0.292372    0.0709639
1999-03-30/09:43:13      205.350      18.8200      16.7000      143.000      11.0796     0.798636     0.116376
1999-03-30/09:43:33      205.330      19.8800      16.5300      130.000      6.28058     0.642788    0.0839713
1999-03-30/09:43:53      205.300      20.9800      21.4800      121.000      5.49953     0.515038    0.0822751
1999-03-30/09:44:33      205.360      23.2900      25.7000      128.000      8.62271     0.615661     0.118591
1999-03-30/09:44:53      205.210      24.3700      24.9400      126.000      6.84089     0.587785    0.0965934
1999-03-30/09:45:12      205.220      25.4000      16.8400      111.000      3.72656     0.358368    0.0607208
1999-03-30/09:45:52      205.210      27.6100      17.9800      106.000      9.72621     0.275637     0.163178
1999-03-30/09:46:12      205.110      28.5700      15.3000      99.0000      24.3528     0.156434     0.419804
1999-03-30/09:47:11      205.170      31.9300      14.4200      118.000      5.71027     0.469472    0.0879972
1999-03-30/09:47:31      205.220      33.0000      15.7400      117.000      3.27689     0.453991    0.0509589
1999-03-30/09:47:51      205.250      34.1500      16.6700      124.000      4.16840     0.559193    0.0603144
1999-03-30/09:48:10      205.150      35.1900      15.7800      92.0000      7.57190    0.0348995     0.132074
1999-03-30/09:48:30      205.160      36.4000      15.9600      115.000      4.13745     0.422618    0.0654464
1999-03-30/09:48:50      205.140      37.4700      15.7200      107.000      3.43378     0.292372    0.0573121
1999-03-30/09:49:10      205.110      38.5300      16.1900      98.0000      2.98906     0.139173    0.0516612
1999-03-30/09:49:29      205.090      39.6300      16.2300      105.000      3.52055     0.258819    0.0593515
1999-03-30/09:49:49      205.080      40.7100      16.1500      104.000      3.29861     0.241922    0.0558615
1999-03-30/09:50:09      205.030      41.8400      16.2000      103.000      1.65840     0.224951    0.0282027
1999-03-30/09:50:30      205.000      42.9700      16.1600      106.000      3.45951     0.275637    0.0580408
1999-03-30/09:50:50      205.000      44.0500      16.1500      100.000      2.17704     0.173648    0.0374193
1999-03-30/09:51:10      205.000      45.1500      16.1600      116.000      3.66487     0.438371    0.0574905
1999-03-30/09:51:30      205.030      46.2700      16.2200      103.000      3.43504     0.224951    0.0584162
1999-03-30/09:51:49      205.020      47.4500      16.2200      105.000      4.06813     0.258819    0.0685829
1999-03-30/09:52:09      204.920      48.5100      16.2700      109.000      2.75142     0.325568    0.0454051
1999-03-30/09:52:29      204.880      49.6000      16.3200      105.000      3.48493     0.258819    0.0587510
1999-03-30/09:52:49      204.860      50.7100      16.3600      101.000      2.68482     0.190809    0.0459980
1999-03-30/09:53:08      204.870      51.8100      16.3800      104.000      2.85144     0.241922    0.0482887
1999-03-30/09:53:28      204.850      52.9100      16.4500      107.000      3.22839     0.292372    0.0538840
1999-03-30/09:53:48      204.800      53.9700      16.5300      106.000      2.68499     0.275637    0.0450466
1999-03-30/09:54:08      204.740      55.0600      16.5800      109.000      2.46527     0.325568    0.0406829
1999-03-30/09:54:27      204.750      56.1400      16.7800      109.000      2.75142     0.325568    0.0454051
1999-03-30/09:54:47      204.720      57.2400      16.6500      103.000      2.41720     0.224951    0.0411068
1999-03-30/09:55:07      204.680      58.3500      16.6200      113.000      5.99490     0.390731    0.0963131
1999-03-30/09:55:27      204.670      59.4400      16.9300      107.000      4.48756     0.292372    0.0749004
1999-03-30/09:55:47      204.730      60.5500      16.8800      101.000      1.85434     0.190809    0.0317697
1999-03-30/09:56:07      204.780      61.7200      16.7500      102.000      1.86721     0.207912    0.0318768
1999-03-30/09:56:27      204.810      62.8700      16.8100      109.000      3.28169     0.325568    0.0541558
1999-03-30/09:56:47      204.860      64.0100      16.5400      113.000      3.25485     0.390731    0.0522919
1999-03-30/11:09:52      208.620     -64.9700      16.5100      122.000      10.6804     0.529919     0.158083
1999-03-30/11:10:11      207.770     -62.6100      16.4500      94.0000      26.9820    0.0697566     0.469778
1999-03-30/11:10:31      207.220     -61.1100      16.8000      93.0000      3.39024    0.0523359    0.0590898
1999-03-30/11:11:12      207.130     -58.3700      17.0100      122.000      2.86821     0.529919    0.0424530
1999-03-30/11:11:32      207.030     -57.5900      16.6600      132.000      3.42443     0.669131    0.0444160
1999-03-30/11:11:51      206.890     -56.6400      16.5800      121.000      2.80403     0.515038    0.0419494
1999-03-30/11:12:11      206.590     -55.2100      16.8000      116.000      3.01723     0.438371    0.0473310
1999-03-30/11:12:31      207.000     -53.8000      17.1300      123.000      1.83647     0.544639    0.0268814
1999-03-30/11:13:11      206.650     -52.1000      16.5800      91.0000      11.4270    0.0174525     0.199408
1999-03-30/11:13:30      206.470     -51.5500      17.0900      99.0000      3.85562     0.156434    0.0664648
1999-03-30/11:13:50      206.580     -50.4700      16.8300      115.000      8.55196     0.422618     0.135275
1999-03-30/11:14:10      206.050     -48.8000      16.6400      121.000      4.08844     0.515038    0.0611647
1999-03-30/11:14:30      206.590     -46.4800      16.5000      165.000      19.5797     0.965926    0.0884463
1999-03-30/11:14:49      207.710     -45.4300      15.6100      123.000      9.48804     0.544639     0.138882
1999-03-30/11:15:29      207.390     -45.1000      16.3600      100.000      2.86438     0.173648    0.0492334
1999-03-30/11:15:49      207.180     -44.0500      16.5100      93.0000      3.13732    0.0523359    0.0546815
1999-03-30/11:16:09      206.000     -42.2800      16.3300      118.000      3.73865     0.469472    0.0576139
1999-03-30/11:16:49      205.820     -39.5500      16.7500      152.000      9.46639     0.882948    0.0775659
1999-03-30/11:17:29      205.950     -37.1300      16.2400      110.000      4.60853     0.342020    0.0755833
1999-03-30/11:17:48      205.840     -35.9300      16.9900      104.000      18.8654     0.241922     0.319483
1999-03-30/11:18:28      205.860     -33.7600      16.7100      108.000      4.90683     0.309017    0.0814488
1999-03-30/11:18:48      205.870     -32.5500      15.5000      168.000      45.0000     0.978148     0.163293
1999-03-30/11:19:27      205.560     -30.7400      15.9300      133.000      8.10068     0.681998     0.103401
1999-03-30/11:19:47      205.360     -29.6500      16.1000      102.000      19.1297     0.207912     0.326580
1999-03-30/11:20:48      205.290     -26.2200      16.0400      91.0000      20.6698    0.0174525     0.360701
1999-03-30/11:21:27      204.950     -24.0500      15.9600      133.000      7.59222     0.681998    0.0969111
1999-03-30/11:21:47      205.220     -22.9900      16.0200      154.000      16.1162     0.898794     0.123305
1999-03-30/11:22:07      205.310     -22.0600      16.2000      170.000      45.0000     0.984808     0.136383
1999-03-30/11:22:27      205.360     -20.9400      16.0600      143.000      9.59244     0.798636     0.100756
1999-03-30/11:22:46      205.190     -19.8300      16.1500      166.000      45.0000     0.970296     0.190005
1999-03-30/11:23:06      205.100     -18.8900      15.9400      94.0000      26.9820    0.0697566     0.469778
1999-03-30/11:23:26      205.060     -17.4800      15.7900      129.000      25.6400     0.629321     0.347775
1999-03-30/11:23:46      204.830     -16.5300      16.2800      158.000      19.4910     0.927184     0.127434
1999-03-30/11:24:06      205.060     -14.8500      16.3700      168.000      18.8932     0.978148    0.0685586
1999-03-30/11:24:25      205.120     -13.9700      16.3700      153.000      16.4139     0.891007     0.130058
1999-03-30/11:24:45      205.030     -13.2800      16.3900      133.000      2.91887     0.681998    0.0372580
1999-03-30/11:25:05      205.050     -12.1500      16.5300      120.000      6.89819     0.500000     0.104266
1999-03-30/11:25:25      204.940     -10.9800      16.6900      116.000      7.66565     0.438371     0.120250
1999-03-30/11:26:05      204.910     -8.52000      16.2900      107.000      22.5796     0.292372     0.376869
1999-03-30/11:26:45      204.840     -6.67000      16.2100      131.000      6.82167     0.656059    0.0898562
1999-03-30/11:27:04      204.850     -5.56000      15.4000      94.0000      3.35741    0.0697566    0.0584551
1999-03-30/11:27:24      204.860     -4.32000      16.9800      120.000      21.9826     0.500000     0.332267
1999-03-30/11:27:44      204.760     -3.21000      17.1800      110.000      4.01453     0.342020    0.0658412
1999-03-30/11:28:04      204.750     -2.19000      17.1100      117.000      4.15842     0.453991    0.0646676
1999-03-30/11:29:03      204.680      1.27000      16.9300      132.000      4.18323     0.669131    0.0542578
1999-03-30/11:29:23      204.660      2.27000      16.9500      95.0000      6.60625    0.0871559     0.114862
1999-03-30/11:29:43      204.690      3.36000      17.2600      115.000      4.02131     0.422618    0.0636093
1999-03-30/11:30:22      204.660      5.53000      17.3300      125.000      2.63929     0.573576    0.0377337
1999-03-30/11:30:42      204.610      6.60000      17.2500      129.000      4.60242     0.629321    0.0624261
1999-03-30/11:31:23      204.490      8.94000      17.3600      124.000      4.82249     0.559193    0.0697787
1999-03-30/11:31:43      204.490      9.95000      17.2700      125.000      3.61859     0.573576    0.0517346
1999-03-30/11:32:02      204.540      11.0500      17.7600      114.000      9.46257     0.406737     0.150875
1999-03-30/11:32:22      204.590      12.1700      17.7300      116.000      3.34944     0.438371    0.0525424
1999-03-30/11:32:42      204.470      13.1800      17.6100      117.000      6.66541     0.453991     0.103654
1999-03-30/11:33:02      204.430      14.2000      17.7500      112.000      17.4097     0.374607     0.281731
1999-03-30/11:33:22      204.370      15.2700      17.6900      146.000      5.71373     0.829038    0.0557646
1999-03-30/11:34:41      204.280      19.7900      17.5500      109.000      5.50232     0.325568    0.0908016
1999-03-30/11:35:00      204.260      20.8100      17.3900      107.000      9.20008     0.292372     0.153555
1999-03-30/11:35:20      204.140      21.8500      17.6300      94.0000      4.53576    0.0697566    0.0789711
1999-03-30/11:35:40      204.140      22.9800      17.6500      113.000      5.50504     0.390731    0.0884431
1999-03-30/11:36:00      204.190      24.1400      17.5400      118.000      3.30730     0.469472    0.0509666
1999-03-30/11:36:20      204.260      25.1600      17.3400      112.000      2.39763     0.374607    0.0387994
1999-03-30/11:36:40      204.220      26.2500      17.4300      102.000      19.1297     0.207912     0.326580
1999-03-30/11:37:00      204.210      27.4000      17.6700      121.000      7.33576     0.515038     0.109746
1999-03-30/11:37:20      204.200      28.4500      17.6000      113.000      2.42089     0.390731    0.0388936
1999-03-30/12:31:13      23.6200     -23.9000      17.3200      68.0000      2.37731     0.374607    0.0384706
1999-03-30/12:31:33      23.6000     -25.0000      18.1200      79.0000      2.37992     0.190809    0.0407743
1999-03-30/12:31:52      23.7300     -26.1200      17.5600      80.0000      2.55400     0.173648    0.0438985
1999-03-30/12:32:12      23.8200     -27.2000      17.2700      87.0000      1.72780    0.0523359    0.0301145
1999-03-30/12:33:12      23.6400     -30.5700      17.2700      62.0000      22.6838     0.469472     0.349565
1999-03-30/12:35:31      23.1200     -38.3000      16.9700      65.0000      6.96180     0.422618     0.110122
1999-03-30/12:36:11      22.8900     -40.4600      17.1200      70.0000      2.75142     0.342020    0.0451253
1999-03-30/12:36:30      22.5600     -41.6800      17.2800      77.0000      1.86721     0.224951    0.0317537
1999-03-30/12:36:50      22.7600     -42.5900      16.9300      66.0000      1.82806     0.406737    0.0291473
1999-03-30/12:37:11      22.8200     -43.9000      16.0400      75.0000      2.85144     0.258819    0.0480712
1999-03-30/12:38:50      23.0000     -49.5500      19.6900      74.0000      3.40585     0.275637    0.0571406
1999-03-30/12:39:10      23.1300     -50.7500      17.7200      76.0000      2.24958     0.241922    0.0380963
1999-03-30/12:39:30      22.8700     -51.7700      17.0500      89.0000     0.958686    0.0174524    0.0167297
1999-03-30/12:40:29      22.2300     -56.2800      17.3300      62.0000      3.27689     0.469472    0.0504980
1999-03-30/12:40:49      21.6300     -56.9100      17.0200      71.0000      2.25162     0.325568    0.0371572
1999-03-30/12:41:48      23.0700     -60.2000      17.4300      65.0000      2.26885     0.422618    0.0358888
1999-03-30/12:42:08      23.6600     -61.3000      17.0900      84.0000      3.36092     0.104528    0.0583378
1999-03-30/12:44:08      24.1800     -70.7400      17.6400      86.0000      2.90107    0.0697565    0.0505099
1999-03-30/12:44:27      25.3500     -73.6600      16.4500      75.0000      3.22223     0.258819    0.0543222
1999-03-30/12:56:02      222.750     -82.1100      12.9800      132.000      6.32968     0.669131    0.0820980
1999-03-30/12:57:21      211.090     -75.7800      16.4200      108.000      2.94697     0.309017    0.0489170
1999-03-30/12:57:41      210.930     -74.7300      17.1100      123.000      6.75454     0.544639    0.0988700
1999-03-30/12:58:00      210.710     -73.7700      15.8600      119.000      2.80616     0.484810    0.0428360
1999-03-30/12:58:21      209.740     -72.3700      16.1900      114.000      2.46245     0.406737    0.0392622
1999-03-30/12:58:41      209.360     -71.2600      17.2400      111.000      2.01220     0.358368    0.0327869
1999-03-30/12:59:01      209.540     -70.3900      17.5400      113.000      1.69368     0.390731    0.0272104
1999-03-30/12:59:21      209.560     -69.3300      15.4900      113.000      4.66686     0.390731    0.0749770
1999-03-30/12:59:40      208.760     -67.8200      16.7600      127.000      3.69186     0.601815    0.0514602
1999-03-30/13:00:00      208.250     -66.4700      18.1200      121.000      2.94793     0.515038    0.0441022
1999-03-30/13:00:20      207.760     -65.1400      17.6900      108.000      3.27522     0.309017    0.0543656
1999-03-30/13:00:40      207.460     -63.9200      16.6100      118.000      3.42319     0.469472    0.0527525
1999-03-30/13:00:59      207.440     -62.8200      17.0300      120.000      2.81804     0.500000    0.0425947
1999-03-30/13:01:19      207.270     -61.4600      16.9100      111.000      3.42468     0.358368    0.0558019
1999-03-30/13:01:39      206.810     -60.0100      16.2900      118.000      8.07114     0.469472     0.124379
1999-03-30/13:02:19      206.690     -58.1800      16.4800      132.000      9.52931     0.669131     0.123598
1999-03-30/13:02:38      206.300     -57.2000      16.9600      138.000      6.11781     0.743145    0.0714470
1999-03-30/13:02:58      206.330     -55.7300      16.8000      132.000      3.16030     0.669131    0.0409901
1999-03-30/13:03:18      206.160     -54.5300      16.1900      111.000      1.97620     0.358368    0.0322003
1999-03-30/13:03:39      205.510     -53.3000      16.5100      119.000      3.42648     0.484810    0.0523052
1999-03-30/13:04:18      205.030     -51.3600      17.0600      134.000      3.50852     0.694658    0.0440489
1999-03-30/13:04:38      205.120     -50.3400      17.1500      146.000      1.73068     0.829038    0.0168910
1999-03-30/13:04:58      205.210     -49.2400      17.7800      119.000      2.22720     0.484810    0.0339982
1999-03-30/13:05:18      205.330     -47.9800      18.2300      116.000      3.89243     0.438371    0.0610602
1999-03-30/13:05:38      205.210     -46.8100      17.5900      107.000      6.22387     0.292372     0.103881
1999-03-30/13:06:17      204.780     -44.5100      17.5900      113.000      1.97323     0.390731    0.0317016
1999-03-30/13:06:37      204.710     -43.4700      17.1800      122.000      2.26089     0.529919    0.0334640
1999-03-30/13:06:57      204.570     -42.2800      16.7500      119.000      3.29344     0.484810    0.0502743
1999-03-30/13:07:17      204.460     -41.2300      16.2400      130.000      3.40025     0.642788    0.0454613
1999-03-30/13:08:36      204.680     -36.3500      16.1100      96.0000      19.9121     0.104529     0.345629
1999-03-30/13:08:56      204.220     -35.2100      16.4700      123.000      9.48804     0.544639     0.138882
1999-03-30/13:09:16      204.370     -34.2600      16.7500      104.000      3.22223     0.241922    0.0545680
1999-03-30/13:09:36      204.420     -33.2700      17.2000      91.0000      1.82906    0.0174525    0.0319183
1999-03-30/13:09:56      204.270     -31.9100      17.2000      117.000      10.2070     0.453991     0.158729
1999-03-30/13:10:16      204.360     -31.0700      16.2500      140.000      28.7126     0.766045     0.322120
1999-03-30/13:10:35      204.400     -29.9400      15.7100      155.000      41.2354     0.906308     0.304156
1999-03-30/13:10:55      204.040     -28.7700      16.1500      168.000      21.0852     0.978148    0.0765128
1999-03-30/13:11:35      203.960     -26.3700      16.3200      138.000      26.7062     0.743145     0.311889
1999-03-30/13:11:55      204.040     -26.0200      16.7800      160.000      42.0716     0.939693     0.251141
1999-03-30/13:12:14      204.170     -24.7600      16.8000      106.000      5.01508     0.275637    0.0841389
1999-03-30/13:12:34      204.290     -23.9100      16.4900      159.000      4.15925     0.933580    0.0260149
1999-03-30/13:12:55      204.480     -23.0600      16.5200      153.000      10.1708     0.891007    0.0805896
1999-03-30/13:13:15      204.450     -22.1000      16.4400      93.0000      2.97130    0.0523359    0.0517879
1999-03-30/13:13:35      204.430     -21.1500      16.3200      122.000      3.33634     0.529919    0.0493819
1999-03-30/13:16:52      203.350     -9.50000      16.1500      133.000      4.30268     0.681998    0.0549217
1999-03-30/13:17:12      203.500     -8.36000      16.1200      112.000      2.54874     0.374607    0.0412448
1999-03-30/13:17:32      203.240     -7.02000      15.8300      141.000      5.10732     0.777146    0.0560973
1999-03-30/13:17:52      203.300     -6.47000      16.0700      123.000      4.32308     0.544639    0.0632794
1999-03-30/13:18:52      203.780     -3.14000      16.8200      154.000      36.0924     0.898794     0.276144
1999-03-30/13:19:12      203.780     -2.18000      16.8500      111.000      11.1366     0.358368     0.181460
1999-03-30/13:19:52      203.730     0.180000      16.9300      134.000      20.5334     0.694658     0.257794
1999-03-30/13:20:11      203.680      1.26000      16.8400      147.000      3.04835     0.838671    0.0289768
1999-03-30/13:20:31      203.650      2.25000      16.6900      104.000      4.29017     0.241922    0.0726534
1999-03-30/13:20:51      203.630      3.29000      16.5400      123.000      5.86512     0.544639    0.0858511
1999-03-30/13:21:11      203.620      4.37000      16.6200      109.000      5.39605     0.325568    0.0890478
1999-03-30/13:21:30      203.620      5.42000      16.6100      130.000      7.72989     0.642788     0.103349
1999-03-30/13:22:10      203.580      7.62000      16.8200      142.000      8.49064     0.788011    0.0912346
1999-03-30/13:22:30      203.550      8.75000      16.6800      127.000      5.17975     0.601815    0.0721996
1999-03-30/13:22:50      203.520      9.84000      16.8200      112.000      17.4097     0.374607     0.281731
1999-03-30/13:23:09      203.490      10.9100      16.7000      109.000      11.1321     0.325568     0.183707
1999-03-30/13:23:30      203.500      12.1000      16.4700      111.000      5.27078     0.358368    0.0858824
1999-03-30/13:23:50      203.530      13.2000      16.4500      122.000      2.74913     0.529919    0.0406905
1999-03-30/13:24:10      203.520      14.2800      16.5300      109.000      5.30545     0.325568    0.0875527
1999-03-30/13:24:30      203.450      15.4300      16.5400      108.000      9.41116     0.309017     0.156216
1999-03-30/13:24:49      203.370      16.4600      16.5000      131.000      5.06210     0.656059    0.0666788
1999-03-30/13:25:09      203.340      17.5300      16.4900      120.000      8.09911     0.500000     0.122418
1999-03-30/13:25:29      203.320      18.6500      16.4200      113.000      17.3017     0.390731     0.277966
1999-03-30/13:26:08      203.310      20.9000      16.4100      114.000      2.26885     0.406737    0.0361754
1999-03-30/13:26:28      203.280      21.9400      17.4900      121.000      5.24339     0.515038    0.0784432
1999-03-30/13:26:48      203.200      23.0200      17.6200      104.000      4.84063     0.241922    0.0819754
1999-03-30/13:27:08      203.120      24.1400      17.6500      103.000      2.73067     0.224951    0.0464377
1999-03-30/13:27:27      203.150      25.1600      17.7300      109.000      4.13709     0.325568    0.0682720
1999-03-30/13:27:47      203.170      26.2900      17.6000      111.000      2.59786     0.358368    0.0423297
1999-03-30/13:28:07      203.170      27.4100      17.6000      97.0000      4.33456     0.121869    0.0750884
1999-03-30/13:28:27      203.180      28.5000      17.5700      122.000      2.33138     0.529919    0.0345073
1999-03-30/13:28:48      203.170      29.6400      17.4100      115.000      6.18140     0.422618    0.0977777
1999-03-30/13:29:08      203.140      30.7300      17.2800      112.000      17.4097     0.374607     0.281731
1999-03-30/13:29:27      203.130      31.7800      17.5500      116.000      8.72278     0.438371     0.136834
1999-03-30/13:30:27      203.100      35.1800      17.4600      112.000      3.38726     0.374607    0.0548140
1999-03-30/13:30:47      203.030      36.1900      17.2500      98.0000      3.65394     0.139173    0.0631526
1999-03-30/13:31:06      203.030      37.3200      17.2800      118.000      3.73865     0.469472    0.0576139
1999-03-30/13:31:26      202.920      38.3000      17.1700      104.000      2.18875     0.241922    0.0370662
1999-03-30/13:31:46      202.930      39.3400      17.1600      99.0000      3.25690     0.156434    0.0561438
1999-03-30/13:32:25      202.900      41.6600      17.1600      112.000      1.90709     0.374607    0.0308613
1999-03-30/13:32:45      202.830      42.7100      17.1500      104.000      3.45956     0.241922    0.0585871
1999-03-30/13:33:05      202.720      43.8100      17.3500      115.000      2.55251     0.422618    0.0403757
1999-03-30/13:33:45      202.560      46.1500      17.1700      118.000      3.10994     0.469472    0.0479252
1999-03-30/13:34:05      202.470      47.3100      17.6100      105.000      8.45833     0.258819     0.142595
1999-03-30/13:34:25      202.480      48.4500      17.1600      106.000      5.16517     0.275637    0.0866570
1999-03-30/13:34:45      202.550      49.5700      18.6700      106.000      3.37382     0.275637    0.0566032
1999-03-30/13:35:05      202.650      50.7200      19.2900      116.000      4.41855     0.438371    0.0693134
1999-03-30/13:35:24      202.620      51.8500      18.9600      114.000      1.76200     0.406737    0.0280940
1999-03-30/13:35:44      202.420      52.8400      22.4500      104.000      3.37305     0.241922    0.0571221
1999-03-30/13:36:04      202.340      53.9700      26.0900      118.000      6.39865     0.469472    0.0986054
1999-03-30/13:36:24      201.970      55.1100      23.8800      108.000      3.27522     0.309017    0.0543656
1999-03-30/13:36:43      201.840      56.0700      20.1100      112.000      2.09250     0.374607    0.0338617
1999-03-30/13:37:03      201.370      57.0600      17.5700      108.000      2.85097     0.309017    0.0473234
1999-03-30/13:37:23      201.290      58.1400      16.9900      112.000      2.29214     0.374607    0.0370924
1999-03-30/13:37:43      201.550      59.2200      17.7500      113.000      2.19499     0.390731    0.0352644
1999-03-30/13:38:03      201.170      60.1000      18.1200      109.000      3.11900     0.325568    0.0514710
1999-03-30/13:38:22      200.640      61.0800      17.5700      110.000      2.88719     0.342020    0.0473520
1999-03-30/13:38:42      200.310      62.2100      17.5200      101.000      2.17303     0.190809    0.0372297
1999-03-30/13:39:02      200.390      63.3700      17.7200      96.0000      2.64068     0.104529    0.0458361
1999-03-30/13:39:23      200.090      64.5300      17.7400      94.0000      3.13460    0.0697566    0.0545758
1999-03-30/13:39:43      200.380      65.7800      18.4700      94.0000      3.13460    0.0697566    0.0545758
1999-03-30/13:40:03      200.210      66.7100      17.5200      109.000      3.84268     0.325568    0.0634135
1999-03-30/13:40:22      199.980      67.7800      17.3400      112.000      3.38726     0.374607    0.0548140
1999-03-30/17:09:02      201.290      22.9300      17.6200      129.000      5.15548     0.629321    0.0699277
1999-03-30/17:09:22      201.290      23.9200      17.4900      125.000      6.02549     0.573576    0.0861458
1999-03-30/17:10:21      201.070      27.3000      17.5200      116.000      4.18389     0.438371    0.0656323
1999-03-30/17:10:41      201.090      28.3900      17.5100      130.000      4.84274     0.642788    0.0647474
1999-03-30/17:11:02      201.070      29.5300      17.4900      113.000      2.79642     0.390731    0.0449268
1999-03-30/17:11:22      201.090      30.6300      17.5100      111.000      3.27161     0.358368    0.0533078
1999-03-30/17:11:42      201.130      31.7400      17.5600      112.000      2.22430     0.374607    0.0359945
1999-03-30/17:12:01      201.150      32.8800      17.5300      110.000      3.67818     0.342020    0.0603248
1999-03-30/17:12:21      201.100      33.8900      17.5800      107.000      6.06730     0.292372     0.101267
1999-03-30/17:12:41      201.110      35.0000      17.6700      121.000      3.18689     0.515038    0.0476771
1999-03-30/17:13:01      201.140      36.1100      17.6200      118.000      3.91119     0.469472    0.0602728
1999-03-30/17:13:20      201.020      37.1500      17.4900      108.000      3.72693     0.309017    0.0618636
1999-03-30/17:13:40      200.810      38.1900      17.4600      112.000      2.54874     0.374607    0.0412448
1999-03-30/17:14:20      200.490      40.4100      17.5000      114.000      3.55449     0.406737    0.0566741
1999-03-30/17:14:40      200.340      41.6600      17.5100      116.000      3.89243     0.438371    0.0610602
1999-03-30/17:14:59      200.320      42.8600      17.6100      114.000      2.37061     0.406737    0.0377979
1999-03-30/17:15:19      200.370      44.0200      17.5600      109.000      3.56289     0.325568    0.0587963
1999-03-30/17:15:39      200.420      45.1000      17.4700      114.000      2.00852     0.406737    0.0320246
1999-03-30/17:15:59      200.350      46.2300      17.6700      111.000      2.09106     0.358368    0.0340718
1999-03-30/17:16:19      200.360      47.3900      17.8200      112.000      2.22430     0.374607    0.0359945
1999-03-30/17:16:39      200.270      48.4900      17.8700      106.000      2.94420     0.275637    0.0493954
1999-03-30/17:16:59      200.190      49.6600      17.9700      114.000      3.55449     0.406737    0.0566741
1999-03-30/17:17:19      200.130      50.9000      17.9200      105.000      2.76988     0.258819    0.0466963
1999-03-30/17:17:38      199.960      52.1400      17.9500      119.000      2.64246     0.484810    0.0403371
1999-03-30/17:17:58      199.490      53.6700      18.0300      112.000      3.13059     0.374607    0.0506605
1999-03-30/17:18:18      199.330      54.2600      18.1500      112.000      2.15767     0.374607    0.0349163
1999-03-30/17:18:38      200.230      55.0900      18.3300      115.000      2.78826     0.422618    0.0441048
1999-03-30/17:18:58      200.640      56.2500      18.7200      108.000      2.51776     0.309017    0.0417925
1999-03-30/17:19:17      199.500      60.7900      18.8300      103.000      1.78707     0.224951    0.0303909
1999-03-30/17:19:37      198.400      60.5600      19.4700      111.000      2.37731     0.358368    0.0387360
1999-03-30/17:19:57      202.050      59.1900      19.6200      114.000      2.00852     0.406737    0.0320246
1999-03-30/17:20:17      204.750      61.3100      19.5700      94.0000      3.73305    0.0697566    0.0649953
1999-03-30/17:20:36      201.760      61.4500      19.7200      117.000      2.93155     0.453991    0.0455885
1999-03-30/17:20:56      200.700      62.6200      19.9900      111.000      2.16209     0.358368    0.0352292
1999-03-30/17:21:16      200.370      63.9500      19.3900      104.000      2.98416     0.241922    0.0505363
1999-03-30/17:21:37      200.420      65.2500      19.8700      108.000      2.88853     0.309017    0.0479469
1999-03-30/17:21:57      200.450      66.3000      20.1500      110.000      2.65743     0.342020    0.0435838
1999-03-30/17:22:17      200.440      67.4900      20.1500      111.000      2.41315     0.358368    0.0393200
1999-03-30/17:22:37      200.480      68.6900      20.8900      110.000      3.17304     0.342020    0.0520402
1999-03-30/17:22:56      200.470      69.8300      21.0300      109.000      3.04196     0.325568    0.0501997
1999-03-30/17:23:16      200.590      70.9500      20.7000      107.000      2.31438     0.292372    0.0386285
1999-03-30/17:23:36      200.490      72.0600      20.7000      108.000      3.27522     0.309017    0.0543656
1999-03-30/17:23:56      200.230      73.2800      21.1700      113.000      1.53310     0.390731    0.0246305
1999-03-30/17:24:15      200.010      74.5900      21.1200      107.000      3.13206     0.292372    0.0522762
1999-03-30/17:24:35      200.030      75.9200      23.0200      105.000      2.14212     0.258819    0.0361131
1999-03-30/17:24:55      199.910      76.9700      20.3000      112.000      1.90709     0.374607    0.0308613
1999-03-30/17:25:15      199.700      77.8500      21.2700      113.000      1.74178     0.390731    0.0279832
1999-03-30/20:26:10      202.450     -60.4700      21.6400      114.000      5.84843     0.406737    0.0932496
1999-03-30/20:26:29      202.190     -59.4600      21.3400      138.000      13.3531     0.743145     0.155945
1999-03-30/20:26:49      202.350     -58.8200      21.2100      168.000      45.0000     0.978148     0.163293
1999-03-30/20:27:09      202.570     -58.0700      21.2900      133.000      2.38774     0.681998    0.0304784
1999-03-30/20:27:29      202.470     -56.6800      21.2900      132.000      2.34358     0.669131    0.0303970
1999-03-30/20:27:48      202.390     -55.3600      21.1200      123.000      1.90567     0.544639    0.0278944
1999-03-30/20:28:08      201.760     -53.7700      20.9900      137.000      10.5123     0.731354     0.125129
1999-03-30/20:28:28      201.320     -52.5400      20.5300      152.000      38.7864     0.882948     0.317809
1999-03-30/20:28:48      201.040     -51.6200      20.6100      173.000      45.0000     0.992546    0.0957159
1999-03-30/20:29:08      201.120     -50.9700      21.0800      170.000      7.58249     0.984808    0.0229805
1999-03-30/20:29:28      201.360     -49.7700      21.1400      125.000      2.21851     0.573576    0.0317178
1999-03-30/20:29:48      201.340     -48.5900      21.1800      124.000      1.50721     0.559193    0.0218085
1999-03-30/20:30:08      201.320     -47.3500      21.1900      129.000      2.65361     0.629321    0.0359929
1999-03-30/20:30:28      201.370     -46.2800      21.5100      109.000      2.83748     0.325568    0.0468253
1999-03-30/20:30:47      201.480     -45.0800      21.8800      166.000      1.64424     0.970296   0.00694253
1999-03-30/20:31:07      201.240     -43.8300      21.3700      150.000      4.22324     0.866026    0.0368547
1999-03-30/20:31:27      201.230     -42.8000      21.3200      121.000      2.30422     0.515038    0.0344720
1999-03-30/20:31:47      201.230     -41.5800      21.0300      132.000      2.98051     0.669131    0.0386582
1999-03-30/20:32:07      201.290     -40.6500      21.7200      167.000      1.11460     0.974370   0.00437607
1999-03-30/20:32:26      201.240     -39.6300      21.6600      138.000      4.37375     0.743145    0.0510790
1999-03-30/20:32:46      201.170     -38.4300      22.2300      142.000      29.0452     0.788011     0.312100
1999-03-30/20:33:06      200.900     -37.3800      21.2800      123.000      4.07612     0.544639    0.0596645
1999-03-30/20:33:26      200.740     -36.2800      21.0900      166.000      20.4140     0.970296    0.0861947
1999-03-30/20:33:46      200.790     -35.1200      21.4100      145.000      3.67505     0.819152    0.0367902
1999-03-30/20:34:05      200.900     -34.1800      21.3200      116.000      8.96136     0.438371     0.140576
1999-03-30/20:34:25      201.160     -33.2500      21.8800      132.000      4.32215     0.669131    0.0560597
1999-03-30/20:34:46      200.640     -31.4200      22.4100      152.000      12.2637     0.882948     0.100487
1999-03-30/20:35:06      200.460     -30.7800      20.8400      157.000      7.52651     0.920505    0.0513273
1999-03-30/20:35:46      200.570     -28.5400      21.8600      158.000      4.56529     0.927184    0.0298484
1999-03-30/20:36:05      200.420     -27.4700      21.4800      124.000      17.6815     0.559193     0.255841
1999-03-30/20:36:25      200.250     -26.3500      21.1800      160.000      42.0716     0.939693     0.251141
1999-03-30/20:36:45      200.150     -25.7000      21.3500      139.000      8.56860     0.754710    0.0981138
1999-03-30/20:37:05      200.310     -24.5700      21.6200      163.000      11.9994     0.956305    0.0612312
1999-03-30/20:37:24      200.110     -23.0600      21.3800      110.000      26.6230     0.342020     0.436637
1999-03-30/20:37:44      200.130     -22.2900      21.3500      168.000      1.37392     0.978148   0.00498560
1999-03-30/20:38:04      200.230     -21.4800      21.4000      122.000      21.3608     0.529919     0.316166
1999-03-30/20:38:24      200.480     -20.1200      21.1400      144.000      10.4268     0.809017     0.106966
1999-03-30/20:38:43      200.220     -18.8100      21.7000      137.000      26.5798     0.731354     0.316382
1999-03-30/20:39:03      200.080     -18.0300      21.5600      110.000      26.6230     0.342020     0.436637
1999-03-30/20:39:23      199.940     -16.8500      21.4300      92.0000      20.8008    0.0348995     0.362821
1999-03-30/20:39:43      199.890     -15.7900      21.6100      114.000      20.2240     0.406737     0.322459
1999-03-30/20:40:04      200.090     -14.4300      21.6700      143.000      34.4662     0.798636     0.362021
1999-03-30/20:40:24      199.990     -13.3600      21.3200      95.0000      3.64144    0.0871559    0.0633133
1999-03-30/20:40:43      199.910     -12.3700      21.5800      114.000      4.53015     0.406737    0.0722304
1999-03-30/20:41:03      199.830     -11.2900      21.7100      112.000      17.4097     0.374607     0.281731
1999-03-30/20:41:23      199.850     -10.1800      21.7000      146.000      12.6474     0.829038     0.123436
1999-03-30/20:42:22      199.700     -6.87000      21.6100      122.000      8.52208     0.529919     0.126137
1999-03-30/20:42:42      199.760     -5.80000      21.5600      114.000      4.32846     0.406737    0.0690146
1999-03-30/20:43:02      199.720     -4.81000      21.5300      145.000      13.1770     0.819152     0.131912
1999-03-30/20:43:41      199.680     -2.58000      22.2000      109.000      25.5614     0.325568     0.421825
1999-03-30/20:44:22      199.670    -0.350000      22.1200      93.0000      3.21233    0.0523359    0.0559889
1999-03-30/20:44:42      199.690     0.770000      21.9000      91.0000      1.65454    0.0174525    0.0288728
1999-03-30/20:45:02      199.680      1.83000      21.8100      131.000      5.27110     0.656059    0.0694318
1999-03-30/20:45:41      199.620      4.06000      22.9700      133.000      6.45096     0.681998    0.0823435
1999-03-30/20:46:21      199.580      6.29000      22.1300      116.000      8.84343     0.438371     0.138726
1999-03-30/20:46:40      199.510      7.31000      22.0900      109.000      3.56289     0.325568    0.0587963
1999-03-30/20:47:00      199.500      8.37000      22.2500      128.000      5.21979     0.615661    0.0717898
1999-03-30/20:47:20      199.530      9.43000      22.8500      129.000      5.31607     0.629321    0.0721059
1999-03-30/20:47:40      199.540      10.5300      22.2900      112.000      3.28072     0.374607    0.0530900
1999-03-30/20:47:59      199.510      11.6400      21.3500      112.000      2.95217     0.374607    0.0477732
1999-03-30/20:48:19      199.470      12.7400      19.8600      113.000      2.19499     0.390731    0.0352644
1999-03-30/20:48:39      199.420      13.8500      20.5600      123.000      3.63904     0.544639    0.0532667
1999-03-30/20:48:59      199.400      14.9400      21.4300      107.000      11.2898     0.292372     0.188434
1999-03-30/20:49:20      199.410      16.1100      21.5300      122.000      4.94186     0.529919    0.0731456
1999-03-30/20:49:40      199.360      17.2200      21.4200      109.000      3.56289     0.325568    0.0587963
1999-03-30/20:49:59      199.320      18.3100      21.3200      114.000      2.00852     0.406737    0.0320246
1999-03-30/20:50:19      199.300      19.3700      21.3000      113.000      1.97323     0.390731    0.0317016
1999-03-30/20:50:39      199.270      20.4300      21.1100      121.000      5.01394     0.515038    0.0750105
1999-03-30/20:50:59      199.250      21.5300      21.2500      140.000      14.1504     0.766045     0.158750
1999-03-30/20:51:19      199.260      22.6300      21.1000      94.0000      26.9820    0.0697566     0.469778
1999-03-30/20:51:38      199.230      23.7100      20.6400      145.000      6.42348     0.819152    0.0643042
1999-03-30/20:51:58      199.200      24.7200      20.3700      111.000      2.76042     0.358368    0.0449784
1999-03-30/20:52:18      199.180      25.8200      21.0200      112.000      2.22430     0.374607    0.0359945
1999-03-30/20:52:38      199.180      26.9100      20.9900      104.000      3.37305     0.241922    0.0571221
1999-03-30/20:53:37      199.120      30.2800      21.0100      108.000      3.46035     0.309017    0.0574386
1999-03-30/20:53:57      199.050      31.3200      20.9200      101.000      2.74699     0.190809    0.0470632
1999-03-30/20:54:17      199.010      32.3500      20.8900      109.000      2.57545     0.325568    0.0425011
1999-03-30/20:54:37      199.020      33.4300      20.7700      115.000      3.09391     0.422618    0.0489396
1999-03-30/20:54:57      199.060      34.5400      20.7100      107.000      2.65356     0.292372    0.0442897
1999-03-30/20:55:17      198.970      35.6300      20.7600      115.000      4.53078     0.422618    0.0716681
1999-03-30/20:55:37      198.920      36.7000      20.8500      117.000      22.6838     0.453991     0.352756
1999-03-30/20:55:57      198.870      37.7700      20.8100      109.000      3.50897     0.325568    0.0579065
1999-03-30/20:56:36      198.870      40.0800      20.9400      111.000      2.32941     0.358368    0.0379555
1999-03-30/20:56:56      198.790      41.1700      20.7900      103.000      3.09582     0.224951    0.0526474
1999-03-30/20:57:16      198.770      42.2600      20.8500      112.000      3.80142     0.374607    0.0615161
1999-03-30/20:57:35      198.740      43.4000      20.8800      105.000      3.26672     0.258819    0.0550723
1999-03-30/20:57:55      198.770      44.5000      20.6600      108.000      3.20879     0.309017    0.0532629
1999-03-30/20:58:15      198.730      45.5800      20.6200      103.000      3.43504     0.224951    0.0584162
1999-03-30/20:58:35      198.680      46.6400      20.8200      115.000      3.75347     0.422618    0.0593726
1999-03-30/20:58:55      198.660      47.7100      20.8500      108.000      3.46035     0.309017    0.0574386
1999-03-30/20:59:14      198.700      48.7700      20.9200      93.0000      5.39595    0.0523359    0.0940480
1999-03-30/20:59:34      198.750      49.8600      20.4800      110.000      2.78623     0.342020    0.0456962
1999-03-30/20:59:55      198.660      51.0400      20.8700      96.0000      3.75175     0.104529    0.0651217
1999-03-30/21:00:15      198.570      52.2200      21.3300      117.000      5.81150     0.453991    0.0903746
1999-03-30/21:00:35      198.540      53.3800      20.9400      109.000      2.93767     0.325568    0.0484786
1999-03-30/21:00:55      198.520      54.5200      20.7400      103.000      2.64059     0.224951    0.0449058
1999-03-30/21:01:14      198.520      55.6400      21.1500      123.000      4.58978     0.544639    0.0671832
1999-03-30/21:01:34      198.490      56.7400      21.2500      115.000      5.53081     0.422618    0.0874866
1999-03-30/21:01:54      198.500      57.8500      21.4100      108.000      3.27522     0.309017    0.0543656
1999-03-30/21:02:14      198.480      59.0400      21.4600      115.000      2.46981     0.422618    0.0390676
1999-03-30/21:02:33      198.410      60.1700      21.5800      115.000      2.78826     0.422618    0.0441048
1999-03-30/21:02:53      198.250      61.2100      21.6600      113.000      2.42089     0.390731    0.0388936
1999-03-30/21:03:13      198.140      62.2900      21.5400      113.000      2.19499     0.390731    0.0352644
1999-03-30/21:03:33      198.080      63.3900      21.6000      105.000      2.58033     0.258819    0.0435007
1999-03-30/21:03:54      197.940      64.4800      21.4100      98.0000      2.91341     0.139173    0.0503537
1999-03-30/21:04:13      197.850      65.6500      21.1600      100.000      3.56687     0.173648    0.0613078
1999-03-30/21:04:33      197.940      66.9300      21.1500      107.000      3.43378     0.292372    0.0573121
1999-03-30/21:04:53      198.050      68.1300      21.3400      104.000      2.35032     0.241922    0.0398023
1999-03-30/21:05:13      197.860      69.1500      21.3700      103.000      2.32163     0.224951    0.0394816
1999-03-30/21:05:32      197.900      70.1200      21.2000      100.000      2.22837     0.173648    0.0383015
1999-03-30/21:05:52      197.790      71.4300      21.0900      101.000      1.71735     0.190809    0.0294227
1999-03-30/21:06:12      198.180      72.5900      23.8400      102.000      2.85176     0.207912    0.0486850
1999-03-30/21:06:32      198.080      73.6800      23.4200      109.000      5.20272     0.325568    0.0858574
1999-03-30/21:06:52      197.580      74.8200      26.0700      123.000      2.68240     0.544639    0.0392638
1999-03-30/21:07:11      197.550      76.0600      26.6400      110.000      5.40118     0.342020    0.0885833
1999-03-30/21:07:31      197.860      77.1000      22.2400      113.000      1.53310     0.390731    0.0246305
1999-03-30/21:07:51      197.800      78.7400      19.8300      111.000      1.86614     0.358368    0.0304070
1999-03-30/21:08:11      197.890      80.4400      22.3500      113.000      2.02531     0.390731    0.0325383
1999-03-30/22:17:57      200.510     -58.6100      21.9300      132.000      7.11006     0.669131    0.0922198
1999-03-30/22:18:17      200.480     -57.7000      23.1300      116.000      21.9194     0.438371     0.343848
1999-03-30/22:18:56      200.120     -55.2300      22.4800      111.000      6.14871     0.358368     0.100187
1999-03-30/22:19:36      200.100     -52.4700      20.7900      134.000      20.5334     0.694658     0.257794
1999-03-30/22:19:56      199.890     -51.4600      20.7600      159.000      45.0000     0.933580     0.281462
1999-03-30/22:20:15      199.840     -50.7200      21.5200      164.000      16.5790     0.961262    0.0797579
1999-03-30/22:20:35      199.720     -49.7900      22.0400      145.000      30.0488     0.819152     0.300812
1999-03-30/22:20:55      199.730     -48.6800      22.2000      127.000      9.91251     0.601815     0.138169
1999-03-30/22:21:15      199.740     -47.4200      21.3700      108.000      3.12735     0.309017    0.0519111
1999-03-30/22:21:34      199.610     -46.3300      21.5300      117.000      22.6838     0.453991     0.352756
1999-03-30/22:21:54      199.590     -45.4000      21.3000      122.000      5.22966     0.529919    0.0774054
1999-03-30/22:22:14      199.580     -44.1800      21.4900      94.0000      26.9820    0.0697566     0.469778
1999-03-30/22:22:34      199.580     -43.0300      21.4200      106.000      6.08789     0.275637     0.102138
1999-03-30/22:22:54      199.570     -41.9200      21.5500      126.000      6.99875     0.587785    0.0988224
1999-03-30/22:23:14      199.550     -40.7300      21.5300      92.0000      2.43456    0.0348995    0.0424652
1999-03-30/22:27:31      199.100     -26.3400      21.4100      172.000      13.4635     0.990268    0.0327032
1999-03-30/22:27:51      198.850     -25.4400      21.2900      159.000      20.9348     0.933580     0.130941
1999-03-30/22:28:11      198.600     -24.7000      21.2100      162.000      14.2894     0.951056    0.0770679
1999-03-30/22:28:32      198.970     -23.0400      21.3800      172.000      24.3475     0.990268    0.0591408
1999-03-30/22:28:52      199.090     -22.2800      21.5300      136.000      3.05713     0.719340    0.0370649
1999-03-30/22:29:12      199.020     -21.4900      21.6000      154.000      36.0924     0.898794     0.276144
1999-03-30/22:29:31      199.280     -20.4200      21.4300      143.000      34.4662     0.798636     0.362021
1999-03-30/22:29:51      199.290     -18.6800      21.2600      144.000      30.4326     0.809017     0.312202
1999-03-30/22:30:11      199.020     -17.7500      21.1800      154.000      15.5230     0.898794     0.118767
1999-03-30/22:30:31      199.020     -16.6900      21.3000      169.000      17.6129     0.981627    0.0586552
1999-03-30/22:30:51      198.980     -15.6800      21.2500      150.000      7.97400     0.866026    0.0695863
1999-03-30/22:31:10      198.980     -14.2800      21.2600      136.000      24.0070     0.719340     0.291063
1999-03-30/22:31:30      198.700     -13.2400      21.4200      142.000      12.6220     0.788011     0.135627
1999-03-30/22:31:50      198.660     -12.2500      21.2600      108.000      9.41116     0.309017     0.156216
1999-03-30/22:32:10      198.610     -11.2000      21.1300      128.000      5.21979     0.615661    0.0717898
1999-03-30/22:32:49      198.610     -9.02000      21.0500      131.000      3.73483     0.656059    0.0491958
1999-03-30/22:33:09      198.660     -7.83000      21.2600      157.000      37.7804     0.920505     0.257645
1999-03-30/22:33:29      198.620     -6.84000      21.3600      136.000      7.43412     0.719340    0.0901318
1999-03-30/22:33:49      198.620     -5.80000      21.4200      123.000      7.13625     0.544639     0.104457
1999-03-30/22:34:09      198.550     -4.67000      21.3800      143.000      7.10765     0.798636    0.0746563
1999-03-30/22:34:29      198.540     -3.70000      21.3400      95.0000      26.2134    0.0871559     0.455769
1999-03-30/22:34:49      198.550     -2.46000      21.2100      115.000      3.09391     0.422618    0.0489396
1999-03-30/22:35:09      198.480     -1.43000      22.0600      94.0000      26.9820    0.0697566     0.469778
1999-03-30/22:35:28      198.460    -0.350000      21.9400      125.000      4.47399     0.573576    0.0639642
1999-03-30/22:35:48      198.480     0.720000      21.8400      121.000      7.73894     0.515038     0.115778
1999-03-30/22:36:28      198.400      2.95000      21.6800      139.000      27.2650     0.754710     0.312195
1999-03-30/22:37:07      198.370      5.17000      21.8600      107.000      6.22387     0.292372     0.103881
1999-03-30/22:37:27      198.350      6.27000      21.6700      113.000      3.71143     0.390731    0.0596272
1999-03-30/22:37:47      198.340      7.30000      21.7200      110.000      3.17304     0.342020    0.0520402
1999-03-30/22:38:07      198.330      8.35000      21.7700      120.000      3.24624     0.500000    0.0490669
1999-03-30/22:38:26      198.310      9.40000      21.7800      113.000      7.84901     0.390731     0.126101
1999-03-30/22:38:46      198.300      10.5400      22.0800      118.000      7.99793     0.469472     0.123251
1999-03-30/22:39:07      198.280      11.7300      22.4200      125.000      7.21738     0.573576     0.103186
1999-03-30/22:39:27      198.220      12.7800      22.4000      115.000      2.78826     0.422618    0.0441048
1999-03-30/22:40:07      198.200      15.0000      21.9900      130.000      25.7972     0.642788     0.344909
1999-03-30/22:40:46      198.130      17.1900      21.8900      117.000      3.71922     0.453991    0.0578376
1999-03-30/22:41:06      198.080      18.2200      22.8900      115.000      5.07437     0.422618    0.0802667
1999-03-30/22:41:45      198.090      20.4000      23.2500      98.0000      5.86897     0.139173     0.101436
1999-03-30/22:42:05      198.030      21.4800      22.2300      116.000      3.12038     0.438371    0.0489491
1999-03-30/22:42:25      198.010      22.5600      21.5700      100.000      2.25861     0.173648    0.0388213
1999-03-30/22:42:45      198.000      23.6800      22.4900      110.000      3.59163     0.342020    0.0589054
1999-03-30/22:43:04      198.010      24.7300      22.5000      108.000      2.94697     0.309017    0.0489170
1999-03-30/22:43:24      197.990      25.8400      22.2300      122.000      3.12708     0.529919    0.0462846
1999-03-30/22:43:44      197.970      26.9500      22.2100      113.000      1.64092     0.390731    0.0263628
1999-03-30/22:44:04      197.910      28.0300      22.3600      108.000      3.35424     0.309017    0.0556773
1999-03-30/22:44:25      197.850      29.1900      22.3600      102.000      2.65735     0.207912    0.0453660
1999-03-30/22:44:44      197.820      30.3100      22.3100      120.000      3.24624     0.500000    0.0490669
1999-03-30/22:45:04      197.840      31.3700      22.3700      110.000      2.73958     0.342020    0.0449311
1999-03-30/22:45:24      197.840      32.4700      22.1100      105.000      3.40585     0.258819    0.0574178
1999-03-30/22:45:44      197.820      33.5600      22.2200      99.0000      2.67129     0.156434    0.0460488
1999-03-30/22:46:03      197.780      34.6800      22.4000      106.000      3.50255     0.275637    0.0587629
1999-03-30/22:46:23      197.740      35.8000      22.3800      114.000      2.09785     0.406737    0.0334489
1999-03-30/22:46:43      197.680      36.8300      22.2100      122.000      3.51694     0.529919    0.0520550
1999-03-30/22:47:42      197.610      40.2000      22.0300      114.000      3.55449     0.406737    0.0566741
1999-03-30/22:48:02      197.570      41.2700      22.5000      114.000      2.46245     0.406737    0.0392622
1999-03-30/22:48:23      197.560      42.3700      22.6300      112.000      3.28072     0.374607    0.0530900
1999-03-30/22:48:43      197.540      43.5500      22.2800      107.000      5.97539     0.292372    0.0997332
1999-03-30/22:49:03      197.470      44.6400      22.4200      114.000      3.09401     0.406737    0.0493321
1999-03-30/22:49:23      197.430      45.7200      22.9100      112.000      2.15767     0.374607    0.0349163
1999-03-30/22:49:42      197.420      46.7600      22.3000      113.000      2.79642     0.390731    0.0449268
1999-03-30/22:50:02      197.410      47.8600      23.3300      116.000      9.40509     0.438371     0.147537
1999-03-30/22:50:22      197.370      48.9600      21.6000      103.000      1.83560     0.224951    0.0312162
1999-03-30/22:50:42      197.320      50.0900      21.9300      102.000      2.85176     0.207912    0.0486850
1999-03-30/22:51:01      197.260      51.2300      22.1500      113.000      2.42089     0.390731    0.0388936
1999-03-30/22:51:21      197.180      52.3200      13.3500      99.0000      2.78112     0.156434    0.0479421
1999-03-30/22:51:41      197.180      53.4700      13.5200      105.000      3.26672     0.258819    0.0550723
1999-03-30/22:52:01      197.180      54.6300      13.4000      103.000      1.57584     0.224951    0.0267987
1999-03-30/22:52:20      197.090      55.7200      13.2900      94.0000      3.44888    0.0697566    0.0600477
1999-03-30/22:52:40      197.030      56.8300      13.2500      94.0000      3.73305    0.0697566    0.0649953
1999-03-30/22:53:00      196.950      57.9800      13.3900      100.000      2.86438     0.173648    0.0492334
1999-03-30/22:53:20      196.930      59.1900      13.5300      113.000      1.64092     0.390731    0.0263628
1999-03-30/22:53:41      196.920      60.4600      13.5800      112.000      1.94513     0.374607    0.0314769
1999-03-30/22:54:00      196.930      61.5000      13.6300      104.000      3.92555     0.241922    0.0664786
1999-03-30/22:54:20      196.850      62.5400      13.6700      99.0000      2.49419     0.156434    0.0429959
1999-03-30/22:54:40      196.760      63.6700      13.6400      106.000      3.60398     0.275637    0.0604646
1999-03-30/22:55:00      196.650      64.7200      13.5900      92.0000      1.97205    0.0348995    0.0343978
1999-03-30/22:55:20      196.630      65.9500      13.5500      96.0000      2.79431     0.104529    0.0485027
1999-03-30/22:55:39      196.560      67.2800      13.3600      108.000      3.59103     0.309017    0.0596077
1999-03-30/22:55:59      196.420      68.5000      13.3100      113.000      2.19499     0.390731    0.0352644
1999-03-30/22:56:19      196.320      69.6200      13.3000      105.000      5.02431     0.258819    0.0847028
1999-03-30/22:56:39      196.260      70.6800      13.3100      93.0000      2.55494    0.0523359    0.0445310
1999-03-30/22:56:58      196.130      72.0900      13.3900      99.0000      5.58373     0.156434    0.0962547
1999-03-30/22:57:18      196.050      73.4300      13.2300      114.000      1.85548     0.406737    0.0295845
1999-03-30/22:57:38      195.930      74.8000      12.9600      112.000      2.29214     0.374607    0.0370924
1999-03-30/22:57:58      195.720      76.1900      12.8400      106.000      3.76704     0.275637    0.0632003
1999-03-30/22:58:18      195.620      77.1800      12.7400      101.000      1.78652     0.190809    0.0306078
