1998-08-06/07:32:39      277.020      27.1100      10.6800      111.000      2.04548     0.358368    0.0333292
1998-08-06/07:33:39      275.900      23.7700      10.1600      109.000      2.41105     0.325568    0.0397881
1998-08-06/07:34:00      276.170      22.5100      9.96000      115.000      2.55251     0.422618    0.0403757
1998-08-06/07:35:00      275.500      18.8600      6.28000      114.000      2.09785     0.406737    0.0334489
1998-08-06/07:35:19      273.510      17.9300      8.23000      120.000      3.05288     0.500000    0.0461443
1998-08-06/07:35:39      274.500      16.8700      8.75000      132.000      2.77902     0.669131    0.0360448
1998-08-06/07:35:59      274.210      15.9400      11.5000      127.000      3.69186     0.601815    0.0514602
1998-08-06/07:36:19      273.810      15.0100      11.9700      119.000      2.22720     0.484810    0.0339982
1998-08-06/07:36:40      273.800      14.0300      9.00000      111.000      2.01220     0.358368    0.0327869
1998-08-06/07:37:00      273.910      13.1000      6.28000      107.000      2.44629     0.292372    0.0408302
1998-08-06/07:37:20      273.290      12.1300      9.87000      111.000      2.89320     0.358368    0.0471420
1998-08-06/07:37:40      273.600      11.1600      11.3300      113.000      1.46827     0.390731    0.0235890
1998-08-06/07:38:19      275.630      9.00000      10.4600      112.000      1.68015     0.374607    0.0271889
1998-08-06/07:38:59      274.690      6.70000      9.06000      112.000      1.90709     0.374607    0.0308613
1998-08-06/07:39:20      274.530      5.57000      9.15000      118.000      3.56851     0.469472    0.0549920
1998-08-06/07:39:40      273.710      4.56000      9.02000      117.000      3.16633     0.453991    0.0492396
1998-08-06/07:40:00      273.020      3.57000      9.64000      114.000      2.09785     0.406737    0.0334489
1998-08-06/07:40:20      272.890      2.61000      8.95000      115.000      2.46981     0.422618    0.0390676
1998-08-06/07:40:39      272.030      1.67000      9.04000      113.000      1.82806     0.390731    0.0293693
1998-08-06/07:40:59      270.670     0.500000      9.87000      104.000      4.10868     0.241922    0.0695799
1998-08-06/07:41:19      269.830    -0.620000      9.69000      106.000      2.45874     0.275637    0.0412507
1998-08-06/07:41:39      270.800     -1.69000      8.13000      111.000      2.16209     0.358368    0.0352292
1998-08-06/07:42:00      270.280     -2.68000      9.33000      109.000      3.04196     0.325568    0.0501997
1998-08-06/07:42:20      269.760     -3.88000      9.30000      110.000      2.27385     0.342020    0.0372928
1998-08-06/07:42:40      269.450     -5.16000      9.70000      107.000      2.80513     0.292372    0.0468195
1998-08-06/07:43:00      270.980     -6.13000      11.6400      105.000      3.52055     0.258819    0.0593515
1998-08-06/07:43:19      271.050     -7.01000      10.1200      105.000      2.96037     0.258819    0.0499077
1998-08-06/07:43:39      270.810     -8.05000      7.90000      103.000      1.83560     0.224951    0.0312162
1998-08-06/07:43:59      270.890     -9.23000      11.6400      102.000      1.43056     0.207912    0.0244224
1998-08-06/07:44:19      272.140     -10.4800      10.7900      102.000      1.55031     0.207912    0.0264667
1998-08-06/07:44:40      272.670     -11.5600      7.69000      100.000      1.66439     0.173648    0.0286078
1998-08-06/09:26:56      278.520      39.7200      5.73000      116.000      2.15172     0.438371    0.0337538
1998-08-06/09:38:36      272.920     0.300000      9.45000      112.000      1.98706     0.374607    0.0321554
1998-08-06/09:38:56      272.070    -0.680000      11.2300      114.000      2.26885     0.406737    0.0361754
1998-08-06/09:39:35      273.120     -2.72000      9.41000      110.000      2.27385     0.342020    0.0372928
1998-08-06/09:39:55      273.280     -3.54000      7.62000      113.000      1.87336     0.390731    0.0300971
1998-08-06/09:40:15      273.220     -4.45000      8.16000      113.000      1.53310     0.390731    0.0246305
1998-08-06/09:40:36      271.560     -5.38000      8.48000      112.000      1.81141     0.374607    0.0293130
1998-08-06/09:40:56      270.310     -6.17000      9.31000      111.000      1.86614     0.358368    0.0304070
1998-08-06/09:41:16      268.820     -6.99000      8.97000      108.000      2.72086     0.309017    0.0451637
1998-08-06/09:41:36      267.930     -7.71000      9.20000      105.000      2.14212     0.258819    0.0361131
1998-08-06/09:41:55      267.070     -8.52000      8.84000      106.000      1.92121     0.275637    0.0322325
1998-08-06/09:42:15      266.190     -9.49000      8.82000      109.000      2.16155     0.325568    0.0356708
1998-08-06/09:42:35      266.210     -10.5600      8.86000      109.000      2.51082     0.325568    0.0414346
1998-08-06/09:47:35      265.420     -27.1700      9.98000      102.000      1.36590     0.207912    0.0233185
1998-08-06/09:47:55      265.540     -28.3100      11.1800      103.000      1.78707     0.224951    0.0303909
1998-08-06/09:48:15      266.230     -29.5700      10.6500      104.000      1.72400     0.241922    0.0291957
1998-08-06/09:48:35      266.890     -30.8500      9.93000      104.000      1.72400     0.241922    0.0291957
1998-08-06/09:48:55      267.230     -31.9900      9.39000      105.000      1.78862     0.258819    0.0301536
1998-08-06/09:49:15      268.340     -33.3100      9.85000      104.000      3.12045     0.241922    0.0528444
1998-08-06/09:49:35      268.940     -34.4700      8.66000      105.000      2.03478     0.258819    0.0343035
1998-08-06/09:49:55      270.070     -35.7200      8.62000      103.000      2.73067     0.224951    0.0464377
1998-08-06/09:50:15      271.270     -36.8700      9.54000      105.000      3.09738     0.258819    0.0522174
1998-08-06/09:50:35      272.330     -37.9300      7.10000      108.000      3.91815     0.309017    0.0650376
1998-08-06/09:50:55      273.560     -38.9500      6.81000      105.000      3.40585     0.258819    0.0574178
1998-08-06/09:51:15      274.900     -39.7400      15.5000      104.000      2.56031     0.241922    0.0433585
1998-08-06/09:51:55      276.050     -41.5200      18.3000      104.000      1.91551     0.241922    0.0324389
1998-08-06/11:28:32      275.050      27.3500      11.5700      113.000      6.31137     0.390731     0.101397
1998-08-06/11:28:52      273.430      26.2400      9.06000      112.000      3.38726     0.374607    0.0548140
1998-08-06/11:29:12      271.970      25.0200      9.52000      113.000      7.73311     0.390731     0.124239
1998-08-06/11:29:32      271.330      23.8600      9.31000      107.000      6.22387     0.292372     0.103881
1998-08-06/11:29:52      270.930      22.7500      9.41000      113.000      4.66686     0.390731    0.0749770
1998-08-06/11:30:12      270.010      21.6200      9.35000      111.000      22.2732     0.358368     0.362921
1998-08-06/11:30:32      269.110      20.5500      8.99000      113.000      5.50504     0.390731    0.0884431
1998-08-06/11:30:52      269.220      19.5600      8.96000      113.000      7.15040     0.390731     0.114877
1998-08-06/11:31:12      270.380      18.4700      9.18000      112.000      5.33701     0.374607    0.0863657
1998-08-06/11:31:32      270.290      17.4300      9.22000      114.000      4.94227     0.406737    0.0788014
1998-08-06/11:31:52      270.320      16.3300      9.22000      110.000      2.83141     0.342020    0.0464372
1998-08-06/11:32:12      269.600      15.2800      9.13000      117.000      10.4396     0.453991     0.162346
1998-08-06/11:32:32      269.310      14.2700      9.33000      120.000      9.72750     0.500000     0.147031
1998-08-06/11:32:52      268.710      13.2200      9.27000      116.000      9.40509     0.438371     0.147537
1998-08-06/11:33:12      267.760      12.1800      9.21000      115.000      9.17440     0.422618     0.145121
1998-08-06/11:33:32      267.270      11.1500      9.33000      110.000      4.20403     0.342020    0.0689492
1998-08-06/11:33:51      266.890      10.2000      9.41000      133.000      9.01497     0.681998     0.115072
1998-08-06/11:34:11      266.540      9.05000      9.42000      111.000      3.72656     0.358368    0.0607208
1998-08-06/11:34:31      265.710      7.73000      9.42000      123.000      7.52598     0.544639     0.110162
1998-08-06/11:34:51      265.360      6.47000      9.40000      123.000      7.52598     0.544639     0.110162
1998-08-06/11:35:12      265.310      5.09000      9.39000      120.000      4.33929     0.500000    0.0655884
1998-08-06/11:35:32      265.150      3.80000      9.41000      110.000      6.05545     0.342020    0.0993138
1998-08-06/11:35:52      264.840      2.64000      9.37000      116.000      8.88126     0.438371     0.139320
1998-08-06/11:36:12      264.560      1.53000      9.26000      111.000      2.66344     0.358368    0.0433982
1998-08-06/11:36:31      264.360     0.510000      9.24000      109.000      3.63450     0.325568    0.0599780
1998-08-06/11:36:51      264.410    -0.570000      9.23000      114.000      6.39498     0.406737     0.101964
1998-08-06/11:37:11      264.500     -1.60000      9.24000      110.000      3.59163     0.342020    0.0589054
1998-08-06/11:37:31      264.650     -2.66000      9.24000      107.000      6.99396     0.292372     0.116734
1998-08-06/11:37:52      264.440     -3.71000      9.14000      110.000      3.82218     0.342020    0.0626865
1998-08-06/11:38:12      264.250     -4.74000      9.10000      112.000      3.80142     0.374607    0.0615161
1998-08-06/11:38:31      264.360     -5.77000      9.08000      113.000      2.79642     0.390731    0.0449268
1998-08-06/11:38:51      264.930     -6.81000      9.29000      108.000      4.32231     0.309017    0.0717463
1998-08-06/11:39:11      264.750     -7.84000      9.18000      108.000      3.86319     0.309017    0.0641254
1998-08-06/11:39:31      264.380     -8.87000      9.24000      106.000      8.12844     0.275637     0.136372
1998-08-06/11:39:51      264.590     -9.99000      9.13000      114.000      4.32846     0.406737    0.0690146
1998-08-06/11:40:11      264.490     -11.1400      9.20000      113.000      3.25485     0.390731    0.0522919
1998-08-06/11:40:31      264.420     -12.3900      9.32000      108.000      3.86319     0.309017    0.0641254
1998-08-06/11:40:51      264.370     -13.5200      9.44000      108.000      5.65703     0.309017    0.0939014
1998-08-06/11:41:11      264.530     -14.7100      9.48000      110.000      4.60853     0.342020    0.0755833
1998-08-06/11:41:31      264.800     -16.0100      9.37000      109.000      3.50897     0.325568    0.0579065
1998-08-07/01:00:25      285.870      64.8300      9.40000      96.0000      3.49060     0.104529    0.0605887
1998-08-07/01:00:45      279.260      64.4700      9.35000      102.000      2.08461     0.207912    0.0355882
1998-08-07/01:01:05      277.190      63.5600      9.32000      99.0000      3.16593     0.156434    0.0545756
1998-08-07/01:01:24      276.210      62.5200      9.30000      103.000      2.80807     0.224951    0.0477539
1998-08-07/01:01:44      275.510      61.2200      9.20000      104.000      3.45956     0.241922    0.0585871
1998-08-07/01:02:04      273.590      60.3200      9.23000      117.000      3.85261     0.453991    0.0599119
1998-08-07/01:02:24      272.900      59.6100      9.27000      103.000      3.80260     0.224951    0.0646669
1998-08-07/01:02:45      276.840      58.4500      9.33000      107.000      3.81446     0.292372    0.0636659
1998-08-07/01:04:04      272.850      55.2800      9.51000      104.000      2.98416     0.241922    0.0505363
1998-08-07/01:04:24      263.660      54.0300      11.4200      106.000      3.60398     0.275637    0.0604646
1998-08-07/01:04:44      264.760      52.0400      12.3300      104.000      4.10868     0.241922    0.0695799
1998-08-07/01:05:04      264.300      50.0200      12.0700      134.000      2.49403     0.694658    0.0313122
1998-08-07/01:06:05      262.110      47.3100      10.0100      122.000      3.33634     0.529919    0.0493819
1998-08-07/01:06:24      261.020      46.3200      8.97000      136.000      5.60432     0.719340    0.0679472
1998-08-07/01:06:44      262.040      44.7300      11.1000      132.000      4.84587     0.669131    0.0628525
1998-08-07/01:07:04      261.190      43.9100      12.4700      132.000      4.84587     0.669131    0.0628525
1998-08-07/01:07:24      260.610      42.0000      13.6900      137.000      10.1044     0.731354     0.120274
1998-08-07/01:07:44      260.010      41.2800      12.8900      142.000      7.17296     0.788011    0.0770757
1998-08-07/01:08:04      258.380      40.4900      11.2000      143.000      8.36682     0.798636    0.0878822
1998-08-07/01:08:24      257.410      39.7500      14.0800      136.000      5.60432     0.719340    0.0679472
1998-08-07/01:08:44      257.710      38.9900      14.4000      138.000      7.63842     0.743145    0.0892055
1998-08-07/01:09:04      256.880      38.1400      13.2200      98.0000      4.02632     0.139173    0.0695887
1998-08-07/01:09:24      257.790      37.7500      12.0400      107.000      4.25171     0.292372    0.0709639
1998-08-07/01:09:44      256.350      36.9300      11.5800      123.000      1.97618     0.544639    0.0289265
1998-08-07/01:10:24      255.830      35.1700      11.7500      102.000      3.72861     0.207912    0.0636544
1998-08-07/01:10:44      255.760      34.4500      10.8200      92.0000      2.51267    0.0348995    0.0438276
1998-08-07/01:11:04      255.760      33.7200      11.3700      118.000      3.56851     0.469472    0.0549920
1998-08-07/01:11:24      255.800      32.8400      11.9200      115.000      3.34448     0.422618    0.0529032
1998-08-07/01:11:44      255.710      31.9000      11.5100      112.000      1.81141     0.374607    0.0293130
1998-08-07/01:12:04      255.920      30.6000      9.75000      113.000      2.79642     0.390731    0.0449268
1998-08-07/01:12:24      255.810      29.0500      8.95000      113.000      7.48251     0.390731     0.120213
1998-08-07/01:12:44      256.020      27.9900      11.6100      133.000      3.88307     0.681998    0.0495656
1998-08-07/01:13:04      255.500      26.9400      10.9700      102.000      2.36358     0.207912    0.0403508
1998-08-07/01:13:24      254.870      25.8600      13.1100      94.0000      3.60684    0.0697566    0.0627979
1998-08-07/01:13:44      254.670      24.9400      12.6000      99.0000      2.97469     0.156434    0.0512789
1998-08-07/01:14:04      254.760      24.1600      12.3100      107.000      4.19933     0.292372    0.0700896
1998-08-07/01:14:24      254.740      23.2400      8.39000      112.000      1.74712     0.374607    0.0282726
1998-08-07/01:14:44      254.710      22.4400      7.59000      111.000      2.53204     0.358368    0.0412572
1998-08-07/01:15:04      254.490      21.3400      6.88000      104.000      4.29017     0.241922    0.0726534
1998-08-07/01:15:24      254.130      20.2100      11.1200      111.000      2.66344     0.358368    0.0433982
1998-08-07/01:15:44      254.200      19.3300      12.1500      111.000      2.41315     0.358368    0.0393200
1998-08-07/01:16:04      254.560      18.0700      10.4000      117.000      3.71922     0.453991    0.0578376
1998-08-07/01:16:24      254.090      16.3300      8.67000      118.000      3.73865     0.469472    0.0576139
1998-08-07/01:16:44      254.570      14.9000      10.0100      122.000      3.12708     0.529919    0.0462846
1998-08-07/01:17:04      254.620      13.6000      10.3000      128.000      4.06287     0.615661    0.0558782
1998-08-07/01:17:24      253.890      12.8000      10.4600      105.000      4.56806     0.258819    0.0770110
1998-08-07/01:17:44      253.290      11.5200      10.2400      123.000      2.34112     0.544639    0.0342683
1998-08-07/01:18:04      253.060      10.1800      9.90000      142.000      10.4151     0.788011     0.111914
1998-08-07/01:18:24      253.490      9.42000      10.4500      147.000      8.10921     0.838671    0.0770841
1998-08-07/06:58:32      271.640      55.5000      10.6600      120.000      2.68786     0.500000    0.0406270
1998-08-07/06:58:52      266.790      54.0800      9.99000      122.000      2.07130     0.529919    0.0306578
1998-08-07/06:59:12      264.950      52.8800      9.90000      119.000      2.72378     0.484810    0.0415785
1998-08-07/06:59:32      264.470      51.9500      10.5300      121.000      2.63036     0.515038    0.0393512
1998-08-07/06:59:52      265.210      50.9900      10.1600      121.000      2.63036     0.515038    0.0393512
1998-08-07/07:00:12      265.770      49.9900      9.15000      119.000      2.80616     0.484810    0.0428360
1998-08-07/07:00:32      268.080      48.8200      9.27000      116.000      2.35343     0.438371    0.0369181
1998-08-07/07:00:52      269.520      47.5000      9.21000      116.000      2.93375     0.438371    0.0460215
1998-08-07/07:01:32      264.830      46.3300      8.74000      123.000      5.35613     0.544639    0.0784007
1998-08-07/07:02:12      257.910      42.9200      8.78000      123.000      3.63904     0.544639    0.0532667
1998-08-07/07:02:32      257.470      41.5400      8.75000      128.000      4.62609     0.615661    0.0636244
1998-08-07/07:02:52      257.530      40.3300      12.2600      124.000      1.61080     0.559193    0.0233074
1998-08-07/07:03:12      257.760      39.0600      12.5500      169.000      3.52986     0.981627    0.0117553
1998-08-07/07:03:32      259.000      37.6300      10.8000      128.000      3.45891     0.615661    0.0475717
1998-08-07/07:03:52      262.680      35.7700      10.2700      121.000      2.80403     0.515038    0.0419494
1998-08-07/07:04:12      260.080      34.2300      10.2900      122.000      2.40317     0.529919    0.0355699
1998-08-07/07:04:32      258.860      33.6300      9.54000      122.000      2.26089     0.529919    0.0334640
1998-08-07/07:04:52      256.970      32.9600      9.38000      123.000      1.90567     0.544639    0.0278944
1998-08-07/07:05:12      255.180      31.8500      9.48000      127.000      3.32400     0.601815    0.0463326
1998-08-07/07:05:32      255.330      30.8000      9.72000      130.000      2.86654     0.642788    0.0383256
1998-08-07/07:05:52      255.980      30.5000      9.43000      115.000      22.3924     0.422618     0.354204
1998-08-07/07:06:12      256.420      27.5000      9.39000      132.000      4.03781     0.669131    0.0523717
1998-08-07/07:06:32      257.270      25.4000      9.50000      103.000      3.43504     0.224951    0.0584162
1998-08-07/07:06:52      256.110      25.8300      9.32000      128.000      3.61859     0.615661    0.0497679
1998-08-07/07:07:12      256.130      25.9300      9.30000      128.000      2.36164     0.615661    0.0324805
1998-08-07/07:07:32      255.140      25.9300      9.27000      124.000      1.32967     0.559193    0.0192396
1998-08-07/07:07:52      253.550      23.6400      9.25000      115.000      22.3924     0.422618     0.354204
1998-08-07/07:08:12      252.870      23.7400      9.35000      126.000      2.17909     0.587785    0.0307688
1998-08-07/07:08:32      252.170      23.2100      9.31000      120.000      2.31453     0.500000    0.0349841
1998-08-07/07:08:52      252.390      22.6600      9.30000      120.000      2.39210     0.500000    0.0361566
1998-08-07/07:09:12      253.940      23.1000      9.31000      128.000      2.96915     0.615661    0.0408359
1998-08-07/07:09:32      253.080      20.6600      9.40000      124.000      1.43726     0.559193    0.0207963
1998-08-07/07:09:52      252.750      21.5000      9.45000      136.000      3.25040     0.719340    0.0394081
1998-08-07/07:10:12      250.240      20.1200      9.52000      137.000      2.42132     0.731354    0.0288213
1998-08-07/07:10:32      250.730      18.2200      9.50000      134.000      2.05788     0.694658    0.0258364
1998-08-07/07:10:52      253.570      17.5000      9.35000      131.000      3.73483     0.656059    0.0491958
1998-08-07/07:11:12      253.990      16.9000      9.26000      137.000      4.15427     0.731354    0.0494488
1998-08-07/07:11:32      251.410      16.0600      9.16000      140.000      4.58750     0.766045    0.0514661
1998-08-07/07:11:52      249.290      13.6400      9.10000      129.000      3.95825     0.629321    0.0536887
1998-08-07/07:12:12      249.600      11.7600      9.05000      118.000      21.8068     0.469472     0.336050
1998-08-07/07:12:32      249.580      9.82000      9.12000      130.000      2.59759     0.642788    0.0347298
1998-08-07/07:12:51      248.880      8.18000      9.09000      122.000      3.33634     0.529919    0.0493819
1998-08-07/07:13:12      247.460      7.39000      9.00000      121.000      3.23298     0.515038    0.0483666
1998-08-07/07:13:32      247.470      6.71000      9.04000      141.000      13.1511     0.777146     0.144448
1998-08-07/07:13:52      246.160      5.06000      9.07000      138.000      3.35654     0.743145    0.0391995
1998-08-07/07:14:12      244.720      5.14000      9.16000      128.000      3.30492     0.615661    0.0454538
1998-08-07/07:14:31      244.010      4.86000      9.25000      132.000      4.32215     0.669131    0.0560597
1998-08-07/07:14:51      242.910      4.34000      8.82000      141.000      8.47007     0.777146    0.0930328
1998-08-07/07:15:11      244.090      3.44000      9.04000      130.000      25.7972     0.642788     0.344909
1998-08-07/07:15:31      247.430      1.31000      9.01000      132.000      2.82961     0.669131    0.0367010
1998-08-07/07:15:52      251.250     -1.57000      9.17000      124.000      1.55036     0.559193    0.0224328
1998-08-07/07:16:12      250.590     -4.52000      9.12000      132.000      5.60423     0.669131    0.0726887
1998-08-07/07:16:32      250.470     -4.93000      9.26000      137.000      4.34261     0.731354    0.0516906
1998-08-07/07:16:52      251.520     -5.85000      9.27000      134.000      2.23258     0.694658    0.0280297
1998-08-07/07:17:11      252.220     -5.89000      9.14000      125.000      1.58056     0.573576    0.0225971
1998-08-07/07:17:31      253.130     -6.15000      9.13000      130.000      2.00982     0.642788    0.0268713
1998-08-07/07:17:51      255.410     -7.42000      9.12000      123.000      1.52507     0.544639    0.0223233
1998-08-07/07:18:11      256.350     -10.7000      9.10000      124.000      1.61080     0.559193    0.0233074
1998-08-07/07:18:31      256.380     -11.6200      9.06000      125.000      1.91644     0.573576    0.0273992
1998-08-07/07:18:51      259.030     -12.5700      8.97000      125.000      1.71507     0.573576    0.0245202
1998-08-07/07:19:11      255.550     -12.4300      9.02000      124.000      1.50721     0.559193    0.0218085
1998-08-07/07:19:31      256.460     -14.1000      9.11000      125.000      1.64420     0.573576    0.0235070
1998-08-07/07:19:51      258.930     -15.3600      9.19000      109.000      5.93844     0.325568    0.0979986
1998-08-07/07:20:11      255.100     -16.4200      9.27000      122.000      2.14938     0.529919    0.0318135
1998-08-07/07:20:31      255.020     -16.9800      9.30000      120.000      2.53734     0.500000    0.0383519
1998-08-07/07:59:49      80.9900     -44.2600      8.98000      60.0000      2.94180     0.500000    0.0444653
1998-08-07/08:00:09      75.9400     -43.3700      8.87000      58.0000      2.80403     0.529919    0.0415031
1998-08-07/08:00:29      73.5700     -42.6900      8.75000      59.0000      3.88265     0.515038    0.0580860
1998-08-07/08:00:49      72.9800     -41.6700      8.72000      60.0000      2.72378     0.500000    0.0411699
1998-08-07/08:01:10      72.5900     -40.8800      8.10000      53.0000      6.55871     0.601815    0.0914207
1998-08-07/08:01:30      72.9100     -40.0800      10.4400      57.0000      2.86821     0.544639    0.0419836
1998-08-07/08:01:50      73.6500     -39.2700      10.3600      55.0000      4.82249     0.573576    0.0689467
1998-08-07/08:02:10      74.1500     -38.1300      8.86000      61.0000      4.45736     0.484810    0.0680416
1998-08-07/08:02:29      74.3700     -36.8900      8.92000      62.0000      4.56993     0.469472    0.0704242
1998-08-07/08:02:49      73.7500     -35.8700      8.56000      59.0000      2.81804     0.515038    0.0421590
1998-08-07/08:03:09      72.9100     -34.9800      7.95000      47.0000      2.82961     0.681998    0.0361186
1998-08-07/08:03:29      72.4000     -33.9500      8.25000      46.0000      2.70353     0.694658    0.0339424
1998-08-07/08:03:50      72.4700     -32.9800      8.68000      49.0000      2.86654     0.656059    0.0377585
1998-08-07/08:04:10      71.9200     -31.9800      9.31000      63.0000      2.15172     0.453990    0.0334614
1998-08-07/08:04:30      71.3700     -30.7600      7.76000      65.0000      1.21475     0.422618    0.0192150
1998-08-07/08:04:50      70.9800     -29.6200      9.03000      57.0000      2.07130     0.544639    0.0303188
1998-08-07/08:05:09      71.0200     -28.4900      8.58000      63.0000      2.25007     0.453990    0.0349908
1998-08-07/08:05:29      70.2000     -27.3600      9.64000      61.0000      2.52996     0.484810    0.0386198
1998-08-07/08:05:49      70.0000     -26.2000      8.97000      61.0000      2.42354     0.484810    0.0369953
1998-08-07/08:06:09      70.2500     -25.1100      9.83000      58.0000      3.13232     0.529919    0.0463622
1998-08-07/08:06:30      69.8700     -23.9400      9.54000      51.0000      4.45622     0.629320    0.0604431
1998-08-07/08:06:50      70.0100     -23.0100      8.42000      65.0000      1.67200     0.422618    0.0264478
1998-08-07/08:07:10      70.0200     -21.8900      8.78000      68.0000      2.16209     0.374607    0.0349878
1998-08-07/08:07:30      69.9400     -20.7900      9.37000      67.0000      1.61897     0.390731    0.0260101
1998-08-07/08:07:49      69.4100     -19.6500      9.54000      68.0000      2.16209     0.374607    0.0349878
1998-08-07/08:08:09      69.3700     -18.4800      8.30000      67.0000      1.52115     0.390731    0.0244386
1998-08-07/08:08:29      68.9400     -17.3000      8.24000      69.0000      2.27385     0.358368    0.0370502
1998-08-07/08:08:49      68.7600     -16.1200      8.51000      65.0000      2.05132     0.422618    0.0324479
1998-08-07/08:09:10      68.5900     -14.9000      8.81000      49.0000      2.80401     0.656059    0.0369349
1998-08-07/08:09:30      68.4400     -13.8100      8.77000      37.0000      3.32991     0.798635    0.0349762
1998-08-07/08:09:50      68.6300     -12.7600      8.96000      54.0000      2.41496     0.587785    0.0340993
1998-08-07/08:10:10      68.6300     -11.6300      8.59000      62.0000      2.31939     0.469472    0.0357426
1998-08-07/08:10:29      68.4500     -10.6600      8.56000      66.0000      1.69368     0.406737    0.0270047
1998-08-07/08:10:49      68.4000     -9.76000      8.39000      56.0000      3.03702     0.559193    0.0439440
1998-08-07/08:11:09      68.6800     -8.85000      8.36000      67.0000      1.56737     0.390731    0.0251811
1998-08-07/08:11:29      68.9700     -7.77000      8.99000      69.0000      2.39465     0.358368    0.0390186
1998-08-07/08:11:50      69.7100     -6.79000      8.64000      62.0000      2.45583     0.469472    0.0378452
1998-08-07/08:12:10      70.2900     -5.44000      8.85000      63.0000      2.35343     0.453990    0.0365982
1998-08-07/08:12:30      70.2500     -4.21000      8.29000      57.0000      1.93500     0.544639    0.0283237
1998-08-07/08:12:50      69.3600     -3.46000      6.15000      66.0000      1.58863     0.406737    0.0253297
1998-08-07/08:13:09      69.5100     -2.91000      5.62000      68.0000      2.41315     0.374607    0.0390506
1998-08-07/08:13:29      69.6700     -2.07000      8.15000      65.0000      2.05132     0.422618    0.0324479
1998-08-07/08:13:49      69.3400    -0.800000      8.16000      64.0000      2.26287     0.438371    0.0354975
1998-08-07/08:14:09      69.0900    -0.260000      8.33000      66.0000      1.82806     0.406737    0.0291473
1998-08-07/08:14:30      68.5600     0.580000      9.42000      58.0000      3.23298     0.529919    0.0478521
1998-08-07/08:14:50      68.2800      1.85000      9.75000      60.0000      4.29604     0.500000    0.0649346
1998-08-07/08:15:10      68.2500      3.20000      10.8600      49.0000      6.73825     0.656059    0.0887574
1998-08-07/08:15:30      68.4000      4.51000      9.91000      63.0000      3.23533     0.453990    0.0503126
1998-08-07/08:15:49      69.8100      5.85000      8.94000      66.0000      1.53310     0.406737    0.0244443
1998-08-07/08:16:09      71.0300      7.24000      9.32000      59.0000      2.75537     0.515038    0.0412214
1998-08-07/08:16:29      70.6800      8.57000      9.32000      63.0000      2.25007     0.453990    0.0349908
1998-08-07/08:16:49      70.5500      9.79000      9.28000      66.0000      1.39088     0.406737    0.0221767
1998-08-07/08:17:10      71.2000      10.9800      9.14000      65.0000      1.51041     0.422618    0.0238917
1998-08-07/08:17:30      70.8600      12.1700      8.98000      62.0000      2.58715     0.469472    0.0398689
1998-08-07/08:17:50      69.7300      13.3100      9.01000      53.0000      2.45908     0.601815    0.0342767
1998-08-07/08:18:10      68.9500      14.3800      9.02000      53.0000      2.45908     0.601815    0.0342767
1998-08-07/08:18:29      68.4200      15.3100      8.96000      63.0000      1.94197     0.453990    0.0301996
1998-08-07/08:18:49      68.7600      15.9400      8.99000      68.0000      1.92688     0.374607    0.0311816
1998-08-07/08:19:09      70.0600      17.1400      8.87000      66.0000      1.53310     0.406737    0.0244443
1998-08-07/08:19:29      71.4300      18.3700      8.83000      52.0000      2.44444     0.615661    0.0336193
1998-08-07/08:19:50      71.4900      19.1900      8.84000      62.0000      2.58715     0.469472    0.0398689
1998-08-07/08:20:10      72.3900      19.7800      8.82000      64.0000      2.36999     0.438371    0.0371778
1998-08-07/08:20:30      74.0200      21.0000      8.98000      77.0000      1.92393     0.224951    0.0327183
1998-08-07/08:20:50      74.7500      22.0800      9.02000      64.0000      2.62014     0.438371    0.0411019
1998-08-07/08:21:09      76.8100      22.9400      8.95000      62.0000      3.38384     0.469472    0.0521461
1998-08-07/09:02:09      264.630      35.0700      8.88000      112.000      5.51131     0.374607    0.0891863
1998-08-07/09:02:28      265.380      34.2500      8.72000      109.000      3.32780     0.325568    0.0549167
1998-08-07/09:02:48      262.820      33.2900      8.70000      105.000      2.96037     0.258819    0.0499077
1998-08-07/09:03:08      260.800      32.3100      8.56000      113.000      3.00172     0.390731    0.0482252
1998-08-07/09:03:28      259.490      31.2800      8.43000      110.000      3.07254     0.342020    0.0503919
1998-08-07/09:03:48      258.110      30.0000      8.52000      115.000      3.61512     0.422618    0.0571842
1998-08-07/09:04:08      257.380      28.8100      8.59000      124.000      17.6815     0.559193     0.255841
1998-08-07/09:04:28      257.050      27.6600      8.45000      116.000      21.9194     0.438371     0.343848
1998-08-07/09:04:48      256.620      26.6200      8.41000      110.000      3.29185     0.342020    0.0539887
1998-08-07/09:05:08      255.720      25.5400      8.45000      110.000      3.29185     0.342020    0.0539887
1998-08-07/09:05:28      255.580      24.4800      8.59000      112.000      3.13059     0.374607    0.0506605
1998-08-07/09:05:48      254.600      23.4300      8.58000      118.000      10.5665     0.469472     0.162833
1998-08-07/09:06:08      254.170      22.2800      8.73000      114.000      2.85912     0.406737    0.0455869
1998-08-07/09:06:28      253.540      21.2300      8.22000      110.000      4.47342     0.342020    0.0733674
1998-08-07/09:06:48      253.290      20.0400      8.58000      110.000      4.20403     0.342020    0.0689492
1998-08-07/09:07:08      252.970      18.8100      8.69000      112.000      1.98706     0.374607    0.0321554
1998-08-07/09:07:28      252.880      17.6400      8.73000      132.000      3.84916     0.669131    0.0499249
1998-08-07/09:07:48      252.760      16.5700      8.80000      104.000      18.8654     0.241922     0.319483
1998-08-07/09:08:08      252.440      15.4400      8.77000      124.000      3.97079     0.559193    0.0574551
1998-08-07/09:08:28      252.260      14.3000      8.94000      115.000      8.59661     0.422618     0.135982
1998-08-07/09:08:48      252.070      13.2100      8.82000      122.000      3.12708     0.529919    0.0462846
1998-08-07/09:09:07      252.030      12.1100      8.71000      120.000      4.21716     0.500000    0.0637424
1998-08-07/09:09:27      251.870      11.0200      8.69000      103.000      6.49921     0.224951     0.110525
1998-08-07/09:09:47      251.770      9.95000      8.71000      117.000      4.31892     0.453991    0.0671635
1998-08-07/09:10:07      251.800      8.85000      8.62000      123.000      2.04324     0.544639    0.0299081
1998-08-07/09:10:28      251.870      7.76000      8.52000      120.000      5.29080     0.500000    0.0799704
1998-08-07/09:10:48      252.040      6.58000      8.62000      125.000      2.47499     0.573576    0.0353847
1998-08-07/09:11:08      251.940      5.51000      8.71000      107.000      3.43378     0.292372    0.0573121
1998-08-07/09:11:28      251.900      4.43000      8.82000      123.000      2.68240     0.544639    0.0392638
1998-08-07/09:11:47      252.040      3.40000      8.93000      123.000      1.66979     0.544639    0.0244417
1998-08-07/09:12:07      252.040      2.36000      10.3900      115.000      3.47634     0.422618    0.0549889
1998-08-07/09:12:27      252.040      1.33000      10.0900      109.000      5.14260     0.325568    0.0848653
1998-08-07/09:12:47      252.070     0.250000      9.88000      120.000      3.57647     0.500000    0.0540583
1998-08-07/09:13:08      252.260    -0.900000      9.73000      112.000      2.95217     0.374607    0.0477732
1998-08-07/09:13:28      252.360     -2.03000      11.8200      115.000      4.02131     0.422618    0.0636093
1998-08-07/09:13:48      252.490     -3.14000      11.2400      122.000      2.74913     0.529919    0.0406905
1998-08-07/09:14:08      252.640     -4.28000      9.53000      116.000      3.23533     0.438371    0.0507524
1998-08-07/09:14:27      252.830     -5.43000      8.89000      101.000      25.3882     0.190809     0.434967
1998-08-07/09:14:47      253.110     -6.63000      11.0000      108.000      3.72693     0.309017    0.0618636
1998-08-07/09:15:07      253.160     -7.76000      11.3300      124.000      2.16123     0.559193    0.0312718
1998-08-07/09:15:27      253.150     -8.88000      11.7500      94.0000      3.60684    0.0697566    0.0627979
1998-08-07/09:15:48      253.070     -10.0200      11.6400      117.000      6.12295     0.453991    0.0952180
1998-08-07/09:16:08      253.040     -11.1100      9.70000      116.000      7.09205     0.438371     0.111252
1998-08-07/09:16:28      252.930     -12.2100      8.25000      109.000      9.20382     0.325568     0.151885
1998-08-07/09:16:48      252.710     -13.2600      11.0000      118.000      6.71855     0.469472     0.103535
1998-08-07/09:17:07      252.480     -14.2500      11.3800      106.000      5.01508     0.275637    0.0841389
1998-08-07/09:17:27      252.250     -15.2500      9.35000      113.000      3.49606     0.390731    0.0561671
1998-08-07/09:17:47      252.120     -16.2100      10.7600      98.0000      6.04806     0.139173     0.104531
1998-08-07/09:18:07      251.980     -17.1500      10.8700      98.0000      26.9132     0.139173     0.465153
1998-08-07/09:18:27      252.070     -18.1300      12.6100      99.0000      6.14641     0.156434     0.105954
1998-08-07/09:18:47      252.460     -19.1200      11.5600      98.0000      5.29420     0.139173    0.0915020
1998-08-07/09:19:07      253.500     -20.2600      10.3800      99.0000      2.70037     0.156434    0.0465501
1998-08-07/09:19:27      255.220     -21.6200      10.9900      91.0000      1.77038    0.0174525    0.0308943
1998-08-07/10:52:25      271.410      61.1400      10.9800      109.000      2.41105     0.325568    0.0397881
1998-08-07/10:52:45      268.320      60.1500      10.5700      104.000      2.01372     0.241922    0.0341021
1998-08-07/10:53:04      270.720      58.9600      10.2900      102.000      1.36590     0.207912    0.0233185
1998-08-07/10:55:25      261.760      51.5900      10.3800      107.000      2.89541     0.292372    0.0483263
1998-08-07/10:55:44      259.130      50.3000      11.0600      106.000      2.58370     0.275637    0.0433472
1998-08-07/10:56:04      257.730      49.1200      11.3800      111.000      2.16209     0.358368    0.0352292
1998-08-07/10:56:24      258.140      47.8600      9.70000      102.000      1.86721     0.207912    0.0318768
1998-08-07/10:56:44      259.410      47.0600      10.4500      96.0000      2.70511     0.104529    0.0469544
1998-08-07/10:57:05      258.750      46.0300      10.2600      106.000      3.23908     0.275637    0.0543426
1998-08-07/10:57:25      257.840      44.7000      9.97000      111.000      2.16209     0.358368    0.0352292
1998-08-07/10:57:45      258.630      43.6400      12.4300      106.000      2.18013     0.275637    0.0365764
1998-08-07/10:58:05      257.610      42.5900      12.1000      106.000      2.04680     0.275637    0.0343395
1998-08-07/10:58:24      256.000      41.5500      15.0900      145.000      4.84072     0.819152    0.0484595
1998-08-07/10:58:44      254.700      40.4700      14.2200      150.000      6.61121     0.866026    0.0576937
1998-08-07/10:59:04      253.150      39.3100      10.9200      114.000      2.37061     0.406737    0.0377979
1998-08-07/10:59:24      252.320      38.0300      11.3900      119.000      3.00080     0.484810    0.0458072
1998-08-07/10:59:45      251.870      36.6100      10.8300      143.000      2.94156     0.798636    0.0308971
1998-08-07/11:00:05      251.490      35.1600      11.6200      113.000      1.97323     0.390731    0.0317016
1998-08-07/11:00:25      251.100      33.9000      11.8700      121.000      2.94793     0.515038    0.0441022
1998-08-07/11:00:45      250.640      32.8600      11.4100      119.000      2.94180     0.484810    0.0449066
1998-08-07/11:01:04      250.120      31.9100      11.3900      116.000      4.18389     0.438371    0.0656323
1998-08-07/11:01:24      249.720      31.0500      11.5400      130.000      4.70593     0.642788    0.0629183
1998-08-07/11:01:44      249.590      30.3400      11.3300      127.000      3.04156     0.601815    0.0423958
1998-08-07/11:02:04      249.320      29.5100      10.5100      123.000      1.76984     0.544639    0.0259061
1998-08-07/11:02:25      249.000      28.6400      9.53000      127.000      4.57501     0.601815    0.0637702
1998-08-07/11:02:45      248.550      28.0200      11.2300      133.000      2.38774     0.681998    0.0304784
1998-08-07/11:03:05      248.240      27.4300      9.15000      129.000      2.90193     0.629321    0.0393611
1998-08-07/11:03:24      248.420      26.8100      9.99000      129.000      3.95825     0.629321    0.0536887
1998-08-07/11:03:44      247.100      24.9200      9.56000      166.000      1.99210     0.970296   0.00841131
1998-08-07/11:04:04      247.110      22.9800      10.0700      117.000      3.04900     0.453991    0.0474150
1998-08-07/11:04:44      247.600      21.5900      10.7500      122.000      2.14938     0.529919    0.0318135
1998-08-07/11:05:04      247.920      19.9000      10.2000      121.000      2.56239     0.515038    0.0383344
1998-08-07/11:05:24      247.640      18.8700      9.99000      113.000      1.11861     0.390731    0.0179714
1998-08-07/11:05:44      247.460      17.8300      9.76000      125.000      1.52111     0.573576    0.0217472
1998-08-07/11:06:04      247.290      16.6000      9.93000      126.000      3.00177     0.587785    0.0423850
1998-08-07/11:06:24      247.020      15.3900      9.74000      169.000      1.44501     0.981627   0.00481223
1998-08-07/11:06:44      246.730      14.5500      9.56000      166.000      4.52362     0.970296    0.0191002
1998-08-07/11:07:04      247.160      13.6900      9.28000      168.000      1.00715     0.978148   0.00365469
1998-08-07/11:07:24      247.630      12.5000      9.28000      168.000      1.05902     0.978148   0.00384291
1998-08-07/11:08:03      248.020      10.5600      7.95000      105.000      20.0866     0.258819     0.338632
1998-08-07/11:08:23      247.750      9.26000      10.4900      124.000      1.43726     0.559193    0.0207963
1998-08-07/11:08:43      247.310      7.82000      11.3700      125.000      2.35709     0.573576    0.0336991
1998-08-07/11:09:04      247.070      6.83000      10.2200      166.000      1.73493     0.970296   0.00732545
1998-08-07/11:09:24      246.890      5.90000      9.74000      165.000      2.65176     0.965926    0.0119786
1998-08-07/11:09:44      246.200      4.88000      9.89000      120.000      3.88265     0.500000    0.0586862
1998-08-07/11:10:04      245.840      3.75000      9.78000      126.000      3.07954     0.587785    0.0434831
1998-08-07/11:10:23      245.440      2.90000      10.5200      129.000      3.12558     0.629321    0.0423946
1998-08-07/11:10:43      245.240      1.54000      10.9400      123.000      1.83647     0.544639    0.0268814
1998-08-07/11:11:03      245.490    0.0300000      10.6600      112.000      3.48033     0.374607    0.0563201
1998-08-07/11:11:23      246.210    -0.970000      9.86000      115.000      3.61512     0.422618    0.0571842
1998-08-07/11:11:44      246.720     -1.72000      9.43000      101.000      3.38606     0.190809    0.0580121
1998-08-07/11:12:04      246.600     -2.61000      9.84000      103.000      23.4252     0.224951     0.398368
1998-08-07/11:12:24      246.550     -3.85000      9.99000      132.000      2.60335     0.669131    0.0337663
1998-08-07/11:12:44      246.610     -5.06000      9.86000      170.000      4.57575     0.984808    0.0138679
1998-08-07/11:13:03      246.960     -5.99000      9.82000      110.000      2.88719     0.342020    0.0473520
1998-08-07/11:13:23      247.230     -7.02000      9.83000      106.000      2.94420     0.275637    0.0493954
1998-08-07/11:13:43      247.140     -8.25000      9.62000      112.000      2.29214     0.374607    0.0370924
1998-08-07/11:14:03      246.930     -9.38000      9.54000      99.0000      3.16593     0.156434    0.0545756
1998-08-07/11:14:24      247.040     -10.5900      9.74000      115.000      4.13745     0.422618    0.0654464
1998-08-07/11:14:44      246.820     -11.7000      9.78000      93.0000      2.62598    0.0523359    0.0457692
1998-08-07/11:15:04      246.380     -11.8200      9.76000      167.000      1.25655     0.974370   0.00493338
1998-08-07/11:15:24      246.580     -12.4500      9.63000      116.000      3.77145     0.438371    0.0591624
1998-08-07/11:15:43      247.110     -13.7400      9.50000      103.000      2.53537     0.224951    0.0431164
1998-08-07/11:16:03      247.540     -14.8000      9.65000      107.000      2.89541     0.292372    0.0483263
1998-08-07/11:16:23      247.090     -16.3300      9.75000      123.000      1.61630     0.544639    0.0236587
1998-08-07/11:16:43      246.450     -16.9900      9.88000      122.000      2.11743     0.529919    0.0313406
1998-08-07/11:17:04      246.380     -17.8600      10.0300      123.000      1.66979     0.544639    0.0244417
1998-08-07/11:17:24      246.910     -19.4200      9.90000      122.000      2.09344     0.529919    0.0309855
1998-08-07/11:17:44      247.310     -20.3900      9.67000      124.000      1.37144     0.559193    0.0198440
1998-08-07/11:18:04      246.520     -21.3100      9.61000      132.000      2.77902     0.669131    0.0360448
1998-08-07/11:18:23      246.740     -21.7400      9.69000      126.000      2.37413     0.587785    0.0335227
1998-08-07/11:18:43      246.430     -23.1400      9.65000      126.000      2.45908     0.587785    0.0347222
1998-08-07/11:19:03      246.460     -24.5100      9.54000      122.000      2.07130     0.529919    0.0306578
1998-08-07/11:19:23      247.060     -25.7600      9.63000      122.000      2.09344     0.529919    0.0309855
1998-08-07/11:19:44      245.830     -28.6100      9.82000      158.000      9.40012     0.927184    0.0614591
1998-08-07/11:20:04      245.350     -28.7800      9.75000      127.000      3.82036     0.601815    0.0532513
1998-08-07/11:20:24      244.270     -29.4400      9.58000      106.000      26.2936     0.275637     0.441133
1998-08-07/11:20:44      243.490     -30.3800      9.64000      124.000      1.99801     0.559193    0.0289101
1998-08-07/11:21:03      242.810     -30.9900      9.69000      116.000      2.61791     0.438371    0.0410669
1998-08-07/11:21:23      242.900     -32.2600      9.73000      122.000      2.09344     0.529919    0.0309855
1998-08-07/11:21:43      242.440     -33.3900      9.91000      116.000      2.25007     0.438371    0.0352967
1998-08-07/11:22:03      242.580     -34.7700      9.85000      170.000      11.0099     0.984808    0.0333681
1998-08-07/11:22:24      243.090     -36.2000      9.62000      117.000      3.16633     0.453991    0.0492396
1998-08-07/11:22:44      243.410     -37.1000      9.69000      114.000      2.00852     0.406737    0.0320246
1998-08-07/11:23:04      244.550     -37.7300      10.1300      110.000      2.39465     0.342020    0.0392740
1998-08-07/11:23:24      245.040     -39.1900      10.1200      107.000      2.65356     0.292372    0.0442897
1998-08-07/11:23:43      244.600     -40.9000      10.0500      108.000      2.51776     0.309017    0.0417925
1998-08-07/11:24:03      245.190     -42.4000      10.1000      111.000      2.37731     0.358368    0.0387360
1998-08-07/11:24:23      247.380     -44.2700      10.1600      121.000      2.86288     0.515038    0.0428298
1998-08-07/11:24:43      250.640     -45.8100      10.1200      109.000      3.32780     0.325568    0.0549167
1998-08-07/11:25:04      248.900     -46.0300      9.93000      95.0000      2.71820    0.0871559    0.0472610
1998-08-07/11:25:24      248.760     -47.6700      9.83000      112.000      1.98706     0.374607    0.0321554
1998-08-07/11:25:44      249.850     -49.2900      9.81000      123.000      2.11018     0.544639    0.0308879
1998-08-07/11:26:04      248.380     -50.6500      9.80000      123.000      2.43576     0.544639    0.0356536
1998-08-07/11:26:23      248.230     -50.1500      9.69000      113.000      1.97323     0.390731    0.0317016
1998-08-07/11:26:43      250.330     -52.3900      9.73000      120.000      2.97762     0.500000    0.0450067
1998-08-07/11:27:03      251.100     -54.1400      9.88000      120.000      3.24624     0.500000    0.0490669
1998-08-07/12:04:42      68.2900     -15.8300      9.97000      59.0000      21.9826     0.515038     0.328868
1998-08-07/12:05:01      68.2500     -14.8100      9.97000      54.0000      5.26571     0.587785    0.0743519
1998-08-07/12:05:21      68.3100     -13.8000      10.0000      54.0000      21.8278     0.587785     0.308209
1998-08-07/12:05:41      68.3800     -12.7800      10.1200      65.0000      2.09785     0.422618    0.0331839
1998-08-07/12:06:01      68.3200     -11.6500      9.83000      72.0000      4.25171     0.309017    0.0705744
1998-08-07/12:06:21      68.3400     -10.5400      9.87000      57.0000      7.25726     0.544639     0.106229
1998-08-07/12:06:41      68.3400     -9.38000      9.74000      77.0000      2.75810     0.224951    0.0469042
1998-08-07/12:07:01      68.2300     -8.25000      9.84000      81.0000      4.26953     0.156434    0.0735999
1998-08-07/12:07:21      68.3300     -7.17000      9.91000      52.0000      22.1762     0.615661     0.304998
1998-08-07/12:07:41      68.4400     -5.98000      12.1400      49.0000      8.71274     0.656059     0.114766
1998-08-07/12:08:01      68.3500     -4.88000      11.0000      61.0000      10.2804     0.484810     0.156930
1998-08-07/12:08:21      68.3100     -3.76000      9.59000      83.0000      5.03888     0.121869    0.0872895
1998-08-07/12:08:41      68.2300     -2.64000      11.6200      78.0000      25.3882     0.207912     0.433425
1998-08-07/12:09:01      67.8900     -1.60000      11.3000      76.0000      6.49921     0.241922     0.110063
1998-08-07/12:11:41      68.5200      6.95000      11.5800      71.0000      8.74498     0.325568     0.144313
1998-08-07/12:12:01      68.6700      8.10000      11.6100      67.0000      17.4097     0.390731     0.279702
1998-08-07/12:12:21      68.9400      9.28000      9.18000      68.0000      22.2732     0.374607     0.360434
1998-08-07/12:12:41      68.9100      10.4800      12.2600      72.0000      22.5796     0.309017     0.374800
1998-08-07/12:13:01      68.8000      11.8300      11.4500      69.0000      7.62332     0.358368     0.124215
1998-08-07/12:59:00      261.480      32.6500      10.3700      96.0000      2.79431     0.104529    0.0485027
1998-08-07/12:59:20      259.780      31.4500      11.5400      106.000      4.73724     0.275637    0.0794775
1998-08-07/12:59:40      258.390      30.3500      11.2500      107.000      2.89541     0.292372    0.0483263
1998-08-07/13:00:00      256.120      29.3700      11.8300      112.000      1.81141     0.374607    0.0293130
1998-08-07/13:00:20      254.780      28.2400      10.9700      113.000      2.79642     0.390731    0.0449268
1998-08-07/13:00:40      254.520      27.3400      11.5600      142.000      29.0452     0.788011     0.312100
1998-08-07/13:01:00      254.270      26.3500      10.7800      110.000      3.59163     0.342020    0.0589054
1998-08-07/13:01:20      254.130      25.2600      10.0400      114.000      2.85912     0.406737    0.0455869
1998-08-07/13:01:40      253.730      24.1800      10.1200      122.000      4.46606     0.529919    0.0661032
1998-08-07/13:02:00      253.280      22.9500      10.8300      109.000      3.04196     0.325568    0.0501997
1998-08-07/13:02:20      253.180      21.7000      10.1300      118.000      3.91119     0.469472    0.0602728
1998-08-07/13:02:40      252.660      20.5900      10.7500      109.000      2.83748     0.325568    0.0468253
1998-08-07/13:03:00      252.170      19.5800      10.0800      99.0000      6.33120     0.156434     0.109140
1998-08-07/13:03:20      251.790      18.5600      9.96000      119.000      3.71706     0.484810    0.0567409
1998-08-07/13:03:40      251.950      17.6000      9.85000      105.000      3.92395     0.258819    0.0661523
1998-08-07/13:04:00      251.670      16.6100      11.2200      107.000      4.34779     0.292372    0.0725675
1998-08-07/13:04:40      251.080      14.3500      9.55000      102.000      1.73073     0.207912    0.0295468
1998-08-07/13:05:00      250.770      13.3100      10.3600      100.000      1.94149     0.173648    0.0333706
1998-08-07/13:05:20      250.780      12.2700      14.3200      95.0000      2.47527    0.0871559    0.0430372
1998-08-07/13:05:40      250.690      11.1900      13.2800      105.000      3.75271     0.258819    0.0632654
1998-08-07/13:06:20      250.620      9.00000      15.1400      93.0000      10.0977    0.0523359     0.175997
1998-08-07/13:06:40      250.440      7.78000      15.6900      145.000      10.4744     0.819152     0.104857
1998-08-07/13:07:00      250.290      6.65000      14.0000      145.000      3.67505     0.819152    0.0367902
1998-08-07/13:07:20      250.050      5.52000      13.7300      102.000      2.23194     0.207912    0.0381034
1998-08-07/13:07:40      249.660      4.36000      10.9400      103.000      2.17751     0.224951    0.0370307
1998-08-07/13:08:00      249.650      3.20000      10.5400      102.000      2.36358     0.207912    0.0403508
1998-08-07/13:08:20      249.370      2.15000      11.3600      96.0000      3.33394     0.104529    0.0578695
1998-08-07/13:09:00      249.390    0.0400000      11.6400      94.0000      3.53395    0.0697566    0.0615288
1998-08-07/13:09:19      249.310     -1.09000      11.4100      103.000      3.80260     0.224951    0.0646669
1998-08-07/13:09:39      249.640     -2.11000      11.1100      107.000      3.33396     0.292372    0.0556460
1998-08-07/13:09:59      249.860     -3.23000      10.5100      118.000      3.73865     0.469472    0.0576139
1998-08-07/13:10:20      249.780     -4.32000      11.6800      104.000      3.45956     0.241922    0.0585871
1998-08-07/13:10:40      249.800     -5.45000      10.4100      103.000      3.43504     0.224951    0.0584162
1998-08-07/13:11:00      250.120     -6.61000      10.0000      106.000      4.39636     0.275637    0.0737585
1998-08-07/13:11:20      250.260     -7.75000      10.4500      100.000      2.25861     0.173648    0.0388213
1998-08-07/13:11:39      250.290     -8.78000      10.8200      98.0000      3.57425     0.139173    0.0617753
1998-08-07/13:11:59      250.190     -9.92000      11.5300      94.0000      2.94591    0.0697566    0.0512906
1998-08-07/13:12:19      249.860     -10.9700      11.1100      100.000      2.58013     0.173648    0.0443476
1998-08-07/13:13:00      248.880     -13.0200      10.9900      100.000      2.10644     0.173648    0.0362058
1998-08-07/13:13:20      248.510     -13.9100      10.5400      98.0000      3.01301     0.139173    0.0520752
1998-08-07/13:13:40      248.360     -14.8300      10.7300      95.0000      3.04153    0.0871559    0.0528827
1998-08-07/13:14:00      248.190     -15.7600      10.7200      96.0000      2.79431     0.104529    0.0485027
1998-08-07/13:14:19      248.140     -16.6300      10.4100      97.0000      2.93299     0.121869    0.0508088
1998-08-07/13:14:39      248.400     -17.5100      12.3100      102.000      1.80454     0.207912    0.0308069
1998-08-07/13:14:59      248.920     -18.4700      16.7800      102.000      2.08461     0.207912    0.0355882
1998-08-07/13:15:19      249.850     -19.4400      14.9100      102.000      1.80454     0.207912    0.0308069
1998-08-07/13:15:40      251.250     -20.6400      12.5900      103.000      2.17751     0.224951    0.0370307
1998-08-07/13:16:00      252.830     -21.8700      11.2200      102.000      2.16385     0.207912    0.0369410
1998-08-07/13:16:20      255.630     -23.4900      11.3300      102.000      1.55031     0.207912    0.0264667
1998-08-07/13:17:59      256.160     -29.7600      11.3400      109.000      3.11900     0.325568    0.0514710
1998-08-07/13:18:20      254.700     -30.4900      11.3200      98.0000      3.57425     0.139173    0.0617753
1998-08-07/13:18:40      253.420     -31.6500      11.6000      102.000      2.36358     0.207912    0.0403508
1998-08-07/13:19:00      253.030     -32.6500      11.2200      100.000      2.68670     0.173648    0.0461794
1998-08-07/13:19:20      252.830     -33.7900      10.9100      98.0000      4.02632     0.139173    0.0695887
1998-08-07/13:19:39      253.320     -34.7600      11.0200      94.0000      2.07602    0.0697566    0.0361451
1998-08-07/13:19:59      253.640     -35.7200      10.8700      95.0000      2.86062    0.0871559    0.0497372
1998-08-07/13:20:19      254.010     -36.9000      10.7000      97.0000      2.86343     0.121869    0.0496038
1998-08-07/13:20:39      255.160     -37.9700      10.5800      100.000      2.37992     0.173648    0.0409064
1998-08-07/13:21:00      257.400     -39.0800      10.5400      102.000      1.92393     0.207912    0.0328451
1998-08-07/13:21:20      257.640     -40.0500      10.4600      111.000      2.41315     0.358368    0.0393200
1998-08-07/13:45:58      98.5600     -68.5900      10.4500      63.0000      3.12038     0.453990    0.0485250
1998-08-07/13:46:19      89.1300     -67.9700      10.2300      62.0000      3.71922     0.469472    0.0573145
1998-08-07/13:46:39      87.5500     -67.0500      10.2800      66.0000      2.10025     0.406737    0.0334872
1998-08-07/13:46:58      83.5400     -65.9700      10.4400      63.0000      3.23533     0.453990    0.0503126
1998-08-07/13:47:18      81.5200     -64.8900      10.5300      58.0000      2.63036     0.529919    0.0389326
1998-08-07/13:47:38      80.5800     -63.7800      10.3200      59.0000      4.89963     0.515038    0.0733004
1998-08-07/13:47:58      78.2700     -62.7000      10.2800      65.0000      1.85548     0.422618    0.0293501
1998-08-07/13:48:18      76.0400     -61.6000      10.4900      64.0000      3.00722     0.438371    0.0471740
1998-08-07/13:48:38      75.0400     -60.6000      10.8200      62.0000      3.27689     0.469472    0.0504980
1998-08-07/13:48:57      74.7700     -59.4200      11.3300      60.0000      2.64246     0.500000    0.0399408
1998-08-07/13:49:17      75.6800     -58.3500      11.1800      54.0000      2.35709     0.587785    0.0332821
1998-08-07/13:49:37      75.5500     -57.4400      10.9700      45.0000      5.00893     0.707107    0.0618169
1998-08-07/13:49:57      74.3300     -56.3400      10.4900      14.0000      15.1358     0.970296    0.0639084
1998-08-07/13:50:18      74.6700     -55.4200      10.6100      46.0000      9.01497     0.694658     0.113182
1998-08-07/13:50:38      70.1100     -54.3300      10.9000      73.0000      5.64541     0.292372    0.0942257
1998-08-07/13:50:58      70.8800     -53.2000      11.1100      63.0000      5.10837     0.453990    0.0794403
1998-08-07/13:51:18      70.3700     -52.8400      11.1100      69.0000      3.17304     0.358368    0.0517017
1998-08-07/13:51:37      70.0000     -51.4600      10.8000      68.0000      2.89320     0.374607    0.0468189
1998-08-07/13:51:57      70.8800     -50.4000      10.7800      64.0000      4.90301     0.438371    0.0769131
1998-08-07/13:55:17      67.2700     -39.3500      10.7300      72.0000      3.22839     0.309017    0.0535883
1998-08-07/13:55:38      67.6200     -38.2600      10.5800      66.0000      6.73520     0.406737     0.107389
1998-08-07/13:55:58      68.0800     -37.0100      10.5500      77.0000      3.83874     0.224951    0.0652815
1998-08-07/13:56:18      67.6300     -36.0500      10.6900      76.0000      2.64059     0.241922    0.0447180
1998-08-07/13:56:38      67.1800     -34.9900      11.0700      76.0000      2.41720     0.241922    0.0409349
1998-08-07/13:56:57      66.9700     -33.9900      11.0700      77.0000      1.92393     0.224951    0.0327183
1998-08-07/13:57:17      66.6000     -32.8400      10.9600      81.0000      2.98906     0.156434    0.0515267
1998-08-07/13:57:37      66.2300     -31.6900      10.9000      79.0000      2.58013     0.190809    0.0442044
1998-08-07/13:57:57      65.7600     -30.4600      10.8200      65.0000      2.74282     0.422618    0.0433861
1998-08-07/13:58:18      65.6300     -29.3200      11.0200      59.0000      7.06002     0.515038     0.105621
1998-08-07/13:58:38      65.5300     -28.2900      11.2200      75.0000      2.56031     0.258819    0.0431632
1998-08-07/13:58:58      65.4100     -27.1500      11.7700      77.0000      3.72861     0.224951    0.0634086
1998-08-07/13:59:18      65.3800     -26.0000      11.8000      76.0000      9.73667     0.241922     0.164889
1998-08-07/13:59:37      65.3800     -24.8400      11.8500      81.0000      5.29420     0.156434    0.0912636
1998-08-07/13:59:57      65.3700     -23.7500      11.9100      80.0000      4.06312     0.173648    0.0698375
1998-08-07/14:00:17      65.3400     -22.6600      11.6700      78.0000      8.50137     0.207912     0.145135
1998-08-07/14:00:37      65.2300     -21.7000      11.5800      76.0000      8.98921     0.241922     0.152231
1998-08-07/14:00:58      65.0700     -20.6600      11.8100      64.0000      8.55196     0.438371     0.134154
1998-08-07/14:01:18      64.9000     -19.6000      12.1200      57.0000      4.46606     0.544639    0.0653722
1998-08-07/14:01:38      64.8400     -18.5300      11.7300      70.0000      25.5614     0.342020     0.419226
1998-08-07/14:01:58      64.7800     -17.4400      11.5200      79.0000      2.93754     0.190809    0.0503278
1998-08-07/14:02:17      64.7900     -16.4300      11.8700      80.0000      3.36124     0.173648    0.0577735
1998-08-07/14:02:37      64.7900     -15.3600      12.0700      78.0000      3.63733     0.207912    0.0620961
1998-08-07/14:02:57      64.8400     -14.2900      12.1500      82.0000      8.50424     0.139173     0.146983
1998-08-07/14:03:17      64.9500     -13.2200      11.8700      72.0000      4.25171     0.309017    0.0705744
1998-08-07/14:46:16      273.910      63.7200      11.8400      101.000      2.89487     0.190809    0.0495967
1998-08-07/14:46:36      268.110      62.9900      11.9500      111.000      3.19789     0.358368    0.0521066
1998-08-07/14:46:56      264.300      62.2100      12.0100      101.000      3.52032     0.190809    0.0603123
1998-08-07/14:47:16      262.220      61.2100      11.9900      109.000      5.50232     0.325568    0.0908016
1998-08-07/14:47:57      259.080      59.1200      11.9000      97.0000      3.78387     0.121869    0.0655487
1998-08-07/14:48:17      258.160      58.1100      8.90000      106.000      4.58811     0.275637    0.0769756
1998-08-07/14:49:36      255.800      53.6700      10.1200      107.000      5.86741     0.292372    0.0979310
1998-08-07/14:49:56      255.280      52.5700      11.2200      99.0000      6.14641     0.156434     0.105954
1998-08-07/14:50:17      254.850      51.3900      8.05000      108.000      9.55748     0.309017     0.158645
1998-08-07/14:50:36      254.310      50.3900      12.8000      116.000      4.46577     0.438371    0.0700542
1998-08-07/14:50:56      253.530      49.3400      9.44000      108.000      3.72693     0.309017    0.0618636
1998-08-07/14:51:16      252.880      48.3900      12.4100      114.000      6.39498     0.406737     0.101964
1998-08-07/14:51:36      252.330      47.5200      15.9900      115.000      4.53078     0.422618    0.0716681
1998-08-07/14:51:56      251.740      46.5300      13.9800      103.000      5.27017     0.224951    0.0896243
1998-08-07/14:52:36      251.410      44.5400      14.0800      103.000      3.43504     0.224951    0.0584162
1998-08-07/14:52:56      251.340      43.5300      11.9600      104.000      2.74456     0.241922    0.0464787
1998-08-07/14:53:16      251.170      42.4400      10.5900      102.000      3.60088     0.207912    0.0614738
1998-08-07/14:53:56      250.730      40.1000      11.0300      124.000      4.82249     0.559193    0.0697787
1998-08-07/14:54:16      250.660      39.0500      11.1400      112.000      2.54874     0.374607    0.0412448
1998-08-07/14:54:36      250.210      38.0700      9.68000      131.000      3.55430     0.656059    0.0468178
1998-08-07/14:55:36      248.900      34.9100      11.0100      136.000      4.32886     0.719340    0.0524834
1998-08-07/14:55:56      248.460      33.8600      11.1400      103.000      2.89847     0.224951    0.0492913
1998-08-07/14:56:16      247.990      32.9300      9.74000      124.000      2.26797     0.559193    0.0328162
1998-08-07/14:56:36      247.610      32.0100      9.64000      103.000      2.73067     0.224951    0.0464377
1998-08-07/14:56:56      247.370      31.0100      9.59000      112.000      2.54874     0.374607    0.0412448
1998-08-07/14:57:16      247.230      29.9300      9.67000      118.000      3.01293     0.469472    0.0464303
1998-08-07/14:57:36      247.230      28.8600      9.79000      111.000      3.06196     0.358368    0.0498917
1998-08-07/14:57:56      247.150      27.7900      10.8800      109.000      3.84268     0.325568    0.0634135
1998-08-07/14:58:16      247.310      26.7000      10.3600      100.000      3.56687     0.173648    0.0613078
1998-08-07/14:58:36      247.410      25.5500      9.84000      103.000      2.41720     0.224951    0.0411068
1998-08-07/14:59:16      246.980      23.1200      10.5600      96.0000      3.16120     0.104529    0.0548711
1998-08-07/14:59:36      246.770      22.0800      10.6100      117.000      4.15842     0.453991    0.0646676
1998-08-07/14:59:56      246.540      20.9700      10.5500      121.000      3.31091     0.515038    0.0495325
1998-08-07/15:00:16      246.250      19.9000      10.3900      105.000      3.09738     0.258819    0.0522174
1998-08-07/15:00:36      246.000      18.8600      10.4300      101.000      3.38606     0.190809    0.0580121
1998-08-07/15:00:56      245.890      17.7500      10.5600      99.0000      4.38296     0.156434    0.0755553
1998-08-07/15:01:16      245.900      16.7100      12.1500      97.0000      6.34273     0.121869     0.109876
1998-08-07/15:01:36      245.940      15.7400      18.4300      124.000      2.39890     0.559193    0.0347107
1998-08-07/15:01:56      245.950      14.7700      16.0900      135.000      9.27146     0.707107     0.114422
1998-08-07/15:02:16      246.010      13.7100      12.3100      109.000      25.5614     0.325568     0.421825
1998-08-07/15:02:36      246.140      12.6300      11.1400      133.000      26.9050     0.681998     0.343430
1998-08-07/15:02:56      246.190      11.3800      10.8900      133.000      7.86042     0.681998     0.100335
1998-08-07/15:03:16      246.280      10.1500      10.4800      119.000      5.52790     0.484810    0.0843834
1998-08-07/15:03:36      246.210      9.06000      10.0800      124.000      2.94981     0.559193    0.0426821
1998-08-07/15:03:56      246.180      8.10000      10.3500      125.000      3.16559     0.573576    0.0452581
1998-08-07/15:04:16      246.130      7.15000      10.4900      119.000      4.29604     0.484810    0.0655790
1998-08-07/15:04:36      246.070      6.04000      10.4400      133.000      2.91887     0.681998    0.0372580
1998-08-07/15:04:56      246.090      5.03000      10.7400      98.0000      3.71770     0.139173    0.0642546
1998-08-07/15:05:16      246.140      4.00000      10.2400      120.000      6.89819     0.500000     0.104266
1998-08-07/15:05:36      246.130      2.93000      9.89000      93.0000      5.39595    0.0523359    0.0940480
1998-08-07/15:05:56      246.210      1.83000      9.93000      133.000      7.12413     0.681998    0.0909362
1998-08-07/15:09:56      248.160     -11.0700      9.99000      113.000      2.64073     0.390731    0.0424255
1998-08-07/15:10:16      247.680     -11.9600      9.97000      99.0000      2.72954     0.156434    0.0470529
1998-08-07/15:10:36      247.170     -12.9900      9.88000      122.000      3.12708     0.529919    0.0462846
1998-08-07/15:10:56      246.870     -13.9500      9.85000      115.000      4.36896     0.422618    0.0691084
1998-08-07/15:11:16      246.500     -14.8700      9.95000      105.000      3.52055     0.258819    0.0593515
1998-08-07/15:11:36      246.310     -15.8700      9.90000      120.000      3.34165     0.500000    0.0505090
1998-08-07/15:11:56      246.370     -16.8200      9.79000      119.000      4.47089     0.484810    0.0682481
1998-08-07/15:12:16      246.460     -17.7100      9.77000      120.000      5.88799     0.500000    0.0889969
1998-08-07/15:12:36      247.000     -18.6800      10.1600      105.000      3.40585     0.258819    0.0574178
1998-08-07/15:12:56      248.250     -19.7500      10.6300      106.000      2.94420     0.275637    0.0493954
1998-08-07/15:13:16      250.540     -20.8700      10.2100      109.000      3.04196     0.325568    0.0501997
1998-08-07/15:13:36      256.380     -22.4200      9.79000      106.000      3.07495     0.275637    0.0515890
1998-08-07/15:41:54      98.5300     -74.8700      9.62000      73.0000      4.88163     0.292372    0.0814777
1998-08-07/15:42:14      94.3100     -74.0100      9.40000      76.0000      4.49561     0.241922    0.0761325
1998-08-07/15:42:34      90.3400     -73.1100      9.28000      71.0000      3.20879     0.325568    0.0529528
1998-08-07/15:42:54      87.1900     -72.1300      9.24000      76.0000      23.4252     0.241922     0.396702
1998-08-07/15:43:14      84.5500     -71.1200      9.52000      71.0000      5.48886     0.325568    0.0905794
1998-08-07/15:43:34      82.5100     -70.0900      9.63000      55.0000      8.95656     0.573576     0.128051
1998-08-07/15:43:54      80.5800     -69.0100      9.45000      66.0000      7.84901     0.406737     0.125148
1998-08-07/15:44:14      79.1500     -67.9400      9.42000      68.0000      22.2732     0.374607     0.360434
1998-08-07/15:44:34      78.0300     -66.8600      9.42000      61.0000      21.8068     0.484810     0.332881
1998-08-07/15:44:54      76.9300     -65.8200      9.35000      58.0000      5.86516     0.529919    0.0868116
1998-08-07/15:45:14      75.8800     -64.7400      9.05000      79.0000      21.1866     0.190809     0.362982
1998-08-07/15:45:34      74.6400     -63.6600      9.39000      59.0000      21.9826     0.515038     0.328868
1998-08-07/15:45:54      73.4800     -62.5900      9.67000      60.0000      5.88945     0.500000    0.0890190
1998-08-07/15:46:14      72.5000     -61.5000      9.76000      66.0000      17.3017     0.406737     0.275865
1998-08-07/15:46:34      71.8800     -60.4500      9.66000      65.0000      4.32846     0.422618    0.0684678
1998-08-07/15:46:54      71.4300     -59.3700      9.61000      56.0000      7.02375     0.559193     0.101630
1998-08-07/15:47:14      71.0000     -58.2500      9.87000      42.0000      4.15427     0.743145    0.0485158
1998-08-07/15:47:34      70.2600     -57.1700      10.0400      58.0000      3.04718     0.529919    0.0451020
1998-08-07/15:47:53      69.4500     -56.0400      10.0300      56.0000      2.11018     0.559193    0.0305331
1998-08-07/15:48:13      68.6900     -54.9100      9.92000      55.0000      17.6815     0.573576     0.252791
1998-08-07/15:48:33      67.7800     -53.7900      9.84000      75.0000      9.26910     0.258819     0.156264
1998-08-07/15:48:54      67.1300     -52.7400      9.73000      71.0000      3.35424     0.325568    0.0553531
1998-08-07/16:43:12      272.230      68.5600      9.55000      113.000      2.53069     0.390731    0.0406577
1998-08-07/16:43:33      267.970      67.3800      9.56000      109.000      3.11900     0.325568    0.0514710
1998-08-07/16:43:53      263.960      66.0900      9.46000      114.000      2.05132     0.406737    0.0327070
1998-08-07/16:44:13      261.600      64.6800      9.38000      112.000      5.51131     0.374607    0.0891863
1998-08-07/16:44:52      259.640      62.3500      9.28000      127.000      6.09990     0.601815    0.0850254
1998-08-07/16:45:12      258.690      61.1200      9.46000      106.000      4.17674     0.275637    0.0700739
1998-08-07/16:45:52      256.390      59.1900      9.52000      107.000      3.22839     0.292372    0.0538840
1998-08-07/16:46:13      255.370      58.0100      9.48000      116.000      5.10837     0.438371    0.0801346
1998-08-07/16:46:33      254.580      57.0200      9.50000      104.000      4.29017     0.241922    0.0726534
1998-08-07/16:46:53      253.780      56.1800      9.56000      115.000      3.61512     0.422618    0.0571842
1998-08-07/16:47:13      252.990      55.1700      9.66000      116.000      4.46577     0.438371    0.0700542
1998-08-07/16:47:32      252.750      54.1100      9.60000      106.000      5.16517     0.275637    0.0866570
1998-08-07/16:47:52      252.600      52.9000      9.36000      113.000      6.31137     0.390731     0.101397
1998-08-07/16:48:12      252.790      51.7000      8.64000      112.000      4.05729     0.374607    0.0656567
1998-08-07/16:48:32      252.470      50.5700      9.42000      112.000      3.38726     0.374607    0.0548140
1998-08-07/16:48:53      251.970      49.4200      9.69000      111.000      4.16675     0.358368    0.0678932
1998-08-07/16:49:13      251.580      48.4600      9.25000      116.000      3.34944     0.438371    0.0525424
1998-08-07/16:49:33      251.620      47.5700      8.92000      95.0000      3.80613    0.0871559    0.0661767
1998-08-07/16:49:53      251.500      46.5100      9.03000      117.000      5.46353     0.453991    0.0849633
1998-08-07/16:50:12      250.900      45.5400      8.42000      121.000      3.81771     0.515038    0.0571144
1998-08-07/16:50:32      250.290      44.4700      8.01000      109.000      4.13709     0.325568    0.0682720
1998-08-07/16:50:52      249.950      43.4100      9.24000      119.000      4.47089     0.484810    0.0682481
1998-08-07/16:51:12      249.460      42.3900      9.53000      118.000      4.34637     0.469472    0.0669791
1998-08-07/16:51:33      249.090      41.3300      9.25000      115.000      10.2864     0.422618     0.162711
1998-08-07/16:51:53      248.730      40.2500      8.82000      92.0000      2.99747    0.0348995    0.0522838
1998-08-07/16:52:13      248.310      39.2100      9.30000      116.000      4.46577     0.438371    0.0700542
1998-08-07/16:52:33      247.860      38.1600      9.37000      101.000      3.93997     0.190809    0.0675020
1998-08-07/16:52:52      247.480      37.1400      9.43000      110.000      4.37406     0.342020    0.0717378
1998-08-07/16:53:12      247.150      36.0400      9.48000      121.000      3.31091     0.515038    0.0495325
1998-08-07/16:53:32      246.930      34.9400      9.02000      121.000      7.73894     0.515038     0.115778
1998-08-07/16:53:52      246.760      33.8400      8.85000      115.000      3.75347     0.422618    0.0593726
1998-08-07/16:54:13      246.640      32.7100      9.06000      125.000      3.85072     0.573576    0.0550534
1998-08-07/16:54:33      246.540      31.5300      9.23000      100.000      3.33630     0.173648    0.0573448
1998-08-07/17:00:13      245.280      13.0100      9.36000      104.000      18.8654     0.241922     0.319483
1998-08-07/17:00:33      245.350      11.9100      9.37000      101.000      3.50109     0.190809    0.0599829
1998-08-07/17:00:52      245.410      10.9000      9.09000      132.000      4.18323     0.669131    0.0542578
1998-08-07/17:01:12      245.500      9.81000      9.13000      126.000      4.35442     0.587785    0.0614845
1998-08-07/17:01:32      245.500      8.73000      9.32000      122.000      7.40268     0.529919     0.109569
1998-08-07/17:01:52      245.500      7.61000      9.47000      133.000      4.30268     0.681998    0.0549217
1998-08-07/17:02:13      245.570      6.46000      9.61000      133.000      7.12413     0.681998    0.0909362
1998-08-07/17:02:33      245.540      5.31000      9.81000      134.000      3.99895     0.694658    0.0502062
1998-08-07/17:02:53      245.560      4.19000      9.65000      130.000      5.12876     0.642788    0.0685715
1998-08-07/17:03:13      245.510      3.13000      9.33000      132.000      7.11006     0.669131    0.0922198
1998-08-07/17:03:32      245.500      2.14000      10.0800      106.000      4.47458     0.275637    0.0750708
1998-08-07/17:04:12      245.600   -0.0300000      10.1900      112.000      4.59444     0.374607    0.0743491
1998-08-07/17:04:32      245.670     -1.13000      10.0700      123.000      4.07612     0.544639    0.0596645
1998-08-07/17:04:53      245.820     -2.28000      9.86000      117.000      10.7070     0.453991     0.166505
1998-08-07/17:05:13      245.880     -3.32000      9.87000      122.000      6.10862     0.529919    0.0904151
1998-08-07/17:05:33      245.940     -4.35000      9.84000      123.000      3.84539     0.544639    0.0562871
1998-08-07/17:05:53      246.040     -5.40000      9.48000      97.0000      3.78387     0.121869    0.0655487
1998-08-07/17:06:12      246.140     -6.50000      9.79000      132.000      9.52931     0.669131     0.123598
1998-08-07/17:06:32      246.340     -7.62000      10.4700      121.000      6.18368     0.515038    0.0925103
1998-08-07/17:06:52      246.480     -8.77000      10.6300      124.000      7.45410     0.559193     0.107857
1998-08-07/17:07:12      246.660     -9.92000      10.3600      123.000      5.35613     0.544639    0.0784007
1998-08-07/17:07:33      246.800     -11.0900      10.7700      120.000      21.9826     0.500000     0.332267
1998-08-07/17:07:53      246.850     -12.1900      11.1600      128.000      5.62066     0.615661    0.0773031
1998-08-07/17:08:13      246.840     -13.1800      11.1500      136.000      5.80983     0.719340    0.0704388
1998-08-07/17:08:33      246.620     -14.1100      11.2000      123.000      3.32815     0.544639    0.0487160
1998-08-07/17:08:52      246.400     -15.0000      11.2400      131.000      6.56013     0.656059    0.0864111
1998-08-07/17:09:12      246.100     -15.8900      11.0400      123.000      1.71277     0.544639    0.0250708
1998-08-07/17:09:32      245.940     -16.7600      11.1100      129.000      5.82398     0.629321    0.0789950
1998-08-07/17:09:52      245.970     -17.6500      11.0000      99.0000      24.3528     0.156434     0.419804
1998-08-07/17:10:13      246.330     -18.5600      10.4700      135.000      3.17160     0.707107    0.0391418
1998-08-07/17:10:33      247.280     -19.6200      10.3300      119.000      2.80616     0.484810    0.0428360
1998-08-07/19:36:26      112.990     -76.1600      10.8300      62.0000      5.46353     0.469472    0.0841949
1998-08-07/19:36:46      104.610     -76.4500      10.5900      70.0000      4.71565     0.342020    0.0773401
1998-08-07/19:37:06      101.190     -75.5700      10.3100      75.0000      5.59382     0.258819    0.0943039
1998-08-07/19:37:26      89.8800     -75.1800      10.5600      68.0000      3.27161     0.374607    0.0529425
1998-08-07/19:37:46      84.6200     -74.3100      10.9300      64.0000      7.36341     0.438371     0.115509
1998-08-07/19:38:06      82.6200     -72.9700      10.2500      63.0000      7.66565     0.453990     0.119209
1998-08-07/19:38:26      81.0900     -71.7600      10.0400      52.0000      4.95410     0.615661    0.0681356
1998-08-07/19:38:46      79.0900     -70.6300      8.68000      53.0000      6.84089     0.601815    0.0953539
1998-08-07/19:39:06      77.1200     -69.4300      8.97000      61.0000      7.28891     0.484810     0.111265
1998-08-07/19:39:26      76.5500     -68.4300      10.0300      49.0000      7.45448     0.656059    0.0981917
1998-08-07/19:39:46      74.1400     -67.4500      8.91000      67.0000      5.97429     0.390731    0.0959820
1998-08-07/19:40:06      72.0100     -66.1800      10.1600      61.0000      9.49771     0.484810     0.144983
1998-08-07/19:40:26      73.1700     -64.8000      10.9300      118.000      7.58900     0.469472     0.116949
1998-08-07/19:40:46      72.6800     -63.6900      9.67000      47.0000      7.76444     0.681998    0.0991094
1998-08-07/19:41:06      72.5700     -62.4600      9.58000      56.0000      4.58978     0.559193    0.0664115
1998-08-07/19:41:26      72.2900     -61.4600      10.0200      50.0000      5.52914     0.642788    0.0739246
1998-08-07/19:41:46      72.2900     -60.4900      8.43000      51.0000      3.17442     0.629320    0.0430571
1998-08-07/19:42:06      72.2700     -59.8000      11.5600      57.0000      3.33634     0.544639    0.0488359
1998-08-07/19:42:26      71.9900     -58.8800      12.5800      38.0000      5.84887     0.788011    0.0628480
1998-08-07/19:42:46      71.8800     -57.9100      11.1700      41.0000      4.37375     0.754710    0.0500811
1998-08-07/19:43:06      71.4800     -56.7700      9.69000      48.0000      3.42408     0.669131    0.0444114
1998-08-07/19:43:26      71.9000     -55.3800      10.6000      47.0000      3.27162     0.681998    0.0417607
1998-08-07/19:43:46      72.6000     -54.0600      9.65000      56.0000      1.66979     0.559193    0.0241609
1998-08-07/19:47:06      67.2500     -43.6100      10.6400      39.0000      11.7204     0.777146     0.128734
1998-08-07/19:47:26      67.4800     -42.4600      9.94000      38.0000      6.78775     0.788011    0.0729365
1998-08-07/19:47:46      67.5200     -41.2900      9.09000      46.0000      3.88307     0.694658    0.0487514
1998-08-07/19:48:06      67.2300     -39.9700      11.4200      52.0000      2.74226     0.615661    0.0377153
1998-08-07/19:48:26      67.3600     -38.7000      10.6800      51.0000      3.90398     0.629320    0.0529526
1998-08-07/19:48:46      66.9200     -37.5000      9.81000      46.0000      4.09574     0.694658    0.0514214
1998-08-07/19:49:06      66.4900     -36.4400      10.3100      43.0000      3.75188     0.731354    0.0446591
1998-08-07/19:49:26      66.0600     -35.2500      10.1800      44.0000      2.37842     0.719340    0.0288361
1998-08-07/19:49:46      65.7900     -34.0800      9.96000      40.0000      5.16888     0.766044    0.0579884
1998-08-07/19:50:06      64.8800     -33.2100      11.7600      45.0000      6.10311     0.707107    0.0753206
1998-08-07/19:50:26      66.0300     -32.3700      11.2600      65.0000      3.37699     0.422618    0.0534174
1998-08-07/19:50:46      66.4400     -31.2100      9.81000      64.0000      6.18140     0.438371    0.0969671
1998-08-07/19:51:06      66.0100     -30.1700      10.3900      57.0000      3.96800     0.544639    0.0580819
1998-08-07/19:51:26      66.3700     -28.6800      6.52000      50.0000      4.25829     0.642788    0.0569333
1998-08-07/19:51:46      65.4400     -27.5900      10.6300      50.0000      8.17918     0.642788     0.109356
1998-08-07/19:52:06      64.6000     -26.8300      8.18000      53.0000      6.55871     0.601815    0.0914207
1998-08-07/19:52:26      64.2000     -26.0500      11.1900      61.0000      7.58900     0.484810     0.115846
1998-08-07/20:47:05      249.190      41.9500      17.5300      93.0000      3.27567    0.0523359    0.0570929
1998-08-07/20:47:24      250.640      40.9600      13.6400      111.000      3.19789     0.358368    0.0521066
1998-08-07/20:47:44      250.000      39.5000      10.8900      116.000      4.18389     0.438371    0.0656323
1998-08-07/20:48:04      247.690      38.7900      10.5900      108.000      5.21591     0.309017    0.0865792
1998-08-07/20:48:24      247.340      37.8600      11.0800      110.000      3.10278     0.342020    0.0508879
1998-08-07/20:48:45      247.440      37.2100      10.0700      97.0000      3.10004     0.121869    0.0537026
1998-08-07/20:49:25      243.100      36.8400      10.4200      127.000      2.92358     0.601815    0.0407513
1998-08-07/20:49:45      241.470      35.4800      10.8700      115.000      2.90088     0.422618    0.0458863
1998-08-07/20:50:04      243.440      32.8700      7.53000      112.000      2.03620     0.374607    0.0329506
1998-08-07/20:50:24      244.110      31.4900      10.8200      121.000      3.18689     0.515038    0.0476771
1998-08-07/20:50:44      244.990      29.5500      10.7900      102.000      2.45751     0.207912    0.0419544
1998-08-07/20:51:04      245.160      29.6200      10.6600      118.000      3.20731     0.469472    0.0494257
1998-08-07/20:51:25      247.860      29.3800      11.4300      107.000      9.71783     0.292372     0.162197
1998-08-07/20:51:45      246.990      28.0300      9.94000      130.000      5.12876     0.642788    0.0685715
1998-08-07/20:52:05      245.180      26.3900      9.16000      117.000      6.40714     0.453991    0.0996374
1998-08-07/20:52:25      246.030      25.9300      10.1600      109.000      3.50897     0.325568    0.0579065
1998-08-07/21:01:44      250.750     -5.80000      10.6800      111.000      2.43529     0.358368    0.0396807
1998-08-07/21:05:05      249.790     -14.7100      9.25000      110.000      4.30470     0.342020    0.0706002
1998-08-07/21:05:25      249.090     -15.7800      11.3000      115.000      3.09391     0.422618    0.0489396
1998-08-07/21:05:45      250.870     -15.5000      11.9200      118.000      10.2804     0.469472     0.158424
1998-08-07/21:12:04      256.400     -40.4500      11.3300      112.000      2.54874     0.374607    0.0412448
1998-08-07/21:12:24      247.590     -40.0700      10.9500      98.0000      3.15804     0.139173    0.0545818
1998-08-07/21:12:45      249.390     -41.0600      10.6700      100.000      2.58013     0.173648    0.0443476
1998-08-07/21:14:04      250.630     -43.6000      10.8800      106.000      2.68499     0.275637    0.0450466
1998-08-07/21:14:24      251.930     -45.7500      12.3100      95.0000      2.71820    0.0871559    0.0472610
1998-08-07/21:35:42      95.8300     -72.6100      11.4100      66.0000      3.71143     0.406737    0.0591764
1998-08-07/21:36:02      91.4100     -72.1100      9.55000      59.0000      6.89819     0.515038     0.103200
1998-08-07/21:36:22      87.1800     -71.6500      9.55000      68.0000      22.2732     0.374607     0.360434
1998-08-07/21:36:43      83.2100     -70.5800      9.42000      64.0000      8.75206     0.438371     0.137293
1998-08-07/21:37:03      80.2700     -69.5300      10.8600      43.0000      24.0070     0.731354     0.285758
1998-08-07/21:37:23      78.4100     -68.3900      11.3100      55.0000      17.6815     0.573576     0.252791
1998-08-07/21:37:43      79.4300     -67.2800      10.8700      50.0000      25.6400     0.642788     0.342807
1998-08-07/21:38:02      77.8100     -66.3900      10.1400      59.0000      9.04683     0.515038     0.135344
1998-08-07/21:38:22      76.6900     -65.4600      9.87000      58.0000      3.90478     0.529919    0.0577956
1998-08-07/21:38:42      76.0000     -64.3200      10.1600      48.0000      3.97424     0.669131    0.0515472
1998-08-07/21:39:02      76.0600     -62.9400      11.3800      47.0000      5.60423     0.681998    0.0715354
1998-08-07/21:39:23      74.5700     -61.9800      11.4200      52.0000      7.59353     0.615661     0.104437
1998-08-07/23:23:58      273.820     -79.4800      10.0200      54.0000      3.38424     0.587785    0.0477855
1998-08-07/23:24:18      276.050     -80.5300      9.79000      49.0000      5.41771     0.656059    0.0713630
1998-08-07/23:24:39      286.120     -81.2400      10.1100      49.0000      5.12876     0.656059    0.0675569
1998-08-07/23:24:59      286.990     -82.2800      10.2200      48.0000      4.49430     0.669131    0.0582925
1998-08-07/23:25:19      293.940     -82.7600      10.2900      47.0000      4.32215     0.681998    0.0551702
1998-08-07/23:25:39      304.770     -83.2700      10.4400      45.0000      3.50852     0.707107    0.0432998
1998-08-07/23:25:58      316.810     -82.8900      10.5000      52.0000      9.65944     0.615661     0.132850
1998-08-07/23:26:18      326.640     -83.2700      10.7800      46.0000      7.59222     0.694658    0.0953192
1998-08-07/23:26:38      341.950     -80.2500      10.9400      49.0000      4.70593     0.656059    0.0619873
1998-08-07/23:26:58      348.260     -78.8000      10.5500      51.0000      4.76905     0.629320    0.0646862
1998-08-08/01:03:55      229.920     -22.3400      9.91000      119.000      23.7264     0.484810     0.362183
1998-08-08/01:04:15      229.950     -23.7700      10.3600      122.000      21.3608     0.529919     0.316166
1998-08-08/01:04:36      229.930     -24.5000      10.0600      142.000      14.3457     0.788011     0.154149
1998-08-08/01:04:56      229.780     -26.1300      9.76000      119.000      7.49223     0.484810     0.114369
1998-08-08/01:05:16      229.500     -27.3700      9.75000      119.000      3.98186     0.484810    0.0607831
1998-08-08/01:05:36      229.260     -28.3300      10.0500      123.000      2.85153     0.544639    0.0417394
1998-08-08/01:05:55      229.510     -29.5500      10.0700      121.000      3.81771     0.515038    0.0571144
1998-08-08/01:06:15      229.450     -30.5700      10.4400      118.000      4.98984     0.469472    0.0768951
1998-08-08/01:06:35      229.230     -31.7300      10.7200      117.000      5.81150     0.453991    0.0903746
1998-08-08/01:06:55      230.140     -33.0800      10.4100      125.000      3.16559     0.573576    0.0452581
1998-08-08/01:07:16      229.980     -34.6200      10.2800      120.000      2.87450     0.500000    0.0434480
1998-08-08/01:07:36      228.620     -35.9800      10.4000      118.000      3.10994     0.469472    0.0479252
1998-08-08/01:07:56      227.860     -36.9800      9.99000      121.000      2.63036     0.515038    0.0393512
1998-08-08/01:08:16      227.890     -38.0200      10.2700      125.000      2.96422     0.573576    0.0423792
1998-08-08/01:08:35      228.430     -39.2800      10.8400      120.000      4.12284     0.500000    0.0623167
1998-08-08/01:08:55      229.120     -40.3300      10.4600      111.000      3.27161     0.358368    0.0533078
1998-08-08/01:09:15      229.330     -41.1300      10.3100      129.000      4.96968     0.629321    0.0674075
1998-08-08/01:09:35      229.970     -41.8900      10.7600      119.000      4.89643     0.484810    0.0747440
1998-08-08/01:09:56      228.970     -42.4400      10.3100      132.000      5.94674     0.669131    0.0771312
1998-08-08/01:10:16      230.590     -43.6700      10.1900      139.000      9.19840     0.754710     0.105325
1998-08-08/01:10:35      231.680     -44.6000      8.38000      129.000      25.6400     0.629321     0.347775
1998-08-08/01:10:55      231.620     -45.6900      10.2300      130.000      8.71274     0.642788     0.116489
1998-08-08/06:34:05      246.090      55.9200      11.3100      129.000      3.81963     0.629321    0.0518085
1998-08-08/06:34:25      247.870      55.5100      11.4300      125.000      2.63929     0.573576    0.0377337
1998-08-08/06:35:44      251.560      51.8400      8.73000      115.000      4.71998     0.422618    0.0746609
1998-08-08/06:36:25      250.200      48.9600      12.2000      115.000      6.18140     0.422618    0.0977777
1998-08-08/06:36:45      249.060      46.6100      11.8300      113.000      2.79642     0.390731    0.0449268
1998-08-08/06:37:05      242.910      43.9100      10.9800      113.000      2.30954     0.390731    0.0371047
1998-08-08/06:37:25      241.820      43.7300      11.7600      113.000      2.02531     0.390731    0.0325383
1998-08-08/06:37:44      246.550      44.2800      12.0100      125.000      2.41496     0.573576    0.0345264
1998-08-08/06:38:44      240.980      37.6600      15.6200      112.000      2.15767     0.374607    0.0349163
1998-08-08/06:39:05      240.660      36.9300      15.4300      122.000      2.81476     0.529919    0.0416619
1998-08-08/06:39:25      242.040      37.5100      13.9800      128.000      5.62066     0.615661    0.0773031
1998-08-08/06:39:45      241.180      35.4900      12.4800      131.000      2.94219     0.656059    0.0387550
1998-08-08/06:40:05      240.560      33.8500      12.3800      135.000      7.59233     0.707107    0.0936995
1998-08-08/06:40:24      241.240      33.5300      11.7600      126.000      3.07954     0.587785    0.0434831
1998-08-08/06:40:44      242.020      32.9700      12.8300      131.000      3.97424     0.656059    0.0523494
1998-08-08/06:41:04      241.550      31.3600      13.0200      120.000      3.34165     0.500000    0.0505090
1998-08-08/06:41:24      245.070      31.7400      12.3700      123.000      3.03702     0.544639    0.0444546
1998-08-08/06:41:45      246.860      31.1400      11.9400      117.000      4.65407     0.453991    0.0723754
1998-08-08/06:42:05      242.820      29.1500      12.0600      116.000      4.78372     0.438371    0.0750418
1998-08-08/06:42:25      240.570      26.1700      11.9800      116.000      8.72278     0.438371     0.136834
1998-08-08/06:42:45      239.120      24.3600      11.7000      100.000      3.56687     0.173648    0.0613078
1998-08-08/06:43:04      238.800      24.1900      12.9200      127.000      3.57709     0.601815    0.0498604
1998-08-08/06:43:24      237.490      22.3700      12.3000      120.000      2.75537     0.500000    0.0416474
1998-08-08/06:43:44      238.860      21.8100      11.7300      129.000      5.15548     0.629321    0.0699277
1998-08-08/06:44:04      239.000      21.1100      12.2600      130.000      3.40025     0.642788    0.0454613
1998-08-08/06:44:25      241.280      20.0400      14.2800      119.000      3.00080     0.484810    0.0458072
1998-08-08/06:44:45      238.240      17.5100      12.3900      164.000      4.18422     0.961262    0.0201294
1998-08-08/06:45:05      243.130      17.2600      8.35000      125.000      2.77985     0.573576    0.0397432
1998-08-08/06:47:25      242.800      10.2600      11.4700      124.000      2.26797     0.559193    0.0328162
1998-08-08/06:47:45      245.570      11.1000      11.7300      116.000      21.9194     0.438371     0.343848
1998-08-08/06:48:44      246.930      4.03000      13.0300      114.000      1.67200     0.406737    0.0266590
1998-08-08/06:49:04      243.230      2.78000      11.4100      109.000      2.16155     0.325568    0.0356708
1998-08-08/06:49:24      243.500      1.94000      16.6600      112.000      1.68015     0.374607    0.0271889
1998-08-08/08:35:21      252.120      42.8000      15.1800      109.000      2.51082     0.325568    0.0414346
1998-08-08/08:38:01      242.210      34.9800      10.7900      170.000      12.3304     0.984808    0.0373702
1998-08-08/08:38:21      241.160      34.5100      12.8000      117.000      22.6838     0.453991     0.352756
1998-08-08/08:38:41      240.030      32.1400      14.2000      109.000      5.93844     0.325568    0.0979986
1998-08-08/08:39:00      240.150      31.0900      12.9200      116.000      7.09205     0.438371     0.111252
1998-08-08/08:39:20      239.280      29.4500      13.5300      130.000      12.0405     0.642788     0.160981
1998-08-08/08:39:40      239.130      27.9300      13.4200      120.000      3.73037     0.500000    0.0563845
1998-08-08/08:40:00      238.570      26.5400      9.40000      98.0000      10.0744     0.139173     0.174120
1998-08-08/08:40:21      240.640      25.2800      8.32000      112.000      2.54874     0.374607    0.0412448
1998-08-08/08:57:21      236.800     -28.7800      10.9100      119.000      4.89643     0.484810    0.0747440
1998-08-08/08:57:40      236.830     -29.7800      14.1500      109.000      4.13709     0.325568    0.0682720
1998-08-08/08:58:00      236.960     -30.5900      16.9800      116.000      8.72278     0.438371     0.136834
1998-08-08/08:58:20      237.230     -31.7200      15.2200      127.000      4.57501     0.601815    0.0637702
1998-08-08/08:58:40      237.150     -32.8300      12.1100      124.000      1.40634     0.559193    0.0203489
1998-08-08/08:59:01      236.850     -34.2600      12.8300      120.000      3.14954     0.500000    0.0476053
1998-08-08/08:59:21      236.780     -35.3200      12.8500      122.000      2.11743     0.529919    0.0313406
1998-08-08/08:59:41      237.180     -36.2600      13.6500      126.000      2.90571     0.587785    0.0410286
1998-08-08/09:00:01      237.510     -37.2200      13.9600      115.000      4.90301     0.422618    0.0775561
1998-08-08/09:00:20      237.820     -38.4400      14.4400      111.000      3.42468     0.358368    0.0558019
1998-08-08/09:00:40      238.120     -39.2900      14.4900      122.000      3.39229     0.529919    0.0502101
1998-08-08/09:01:00      239.110     -40.2100      13.7200      121.000      3.18689     0.515038    0.0476771
1998-08-08/09:01:20      239.430     -41.3500      13.2800      125.000      2.12168     0.573576    0.0303334
1998-08-08/09:01:41      239.040     -42.6900      12.8400      119.000      5.18222     0.484810    0.0791065
1998-08-08/09:02:01      239.070     -43.7300      12.5900      114.000      2.37061     0.406737    0.0377979
1998-08-08/09:02:21      239.250     -44.7200      11.2100      122.000      3.96800     0.529919    0.0587313
1998-08-08/09:06:20      246.020     -57.4200      12.1800      125.000      6.10809     0.573576    0.0873268
1998-08-08/09:06:40      246.840     -58.6800      11.7500      119.000      3.85064     0.484810    0.0587800
1998-08-08/09:06:59      248.720     -59.5200      12.0700      98.0000      7.14654     0.139173     0.123517
1998-08-08/09:07:19      249.910     -60.7100      12.5700      111.000      4.98908     0.358368    0.0812923
1998-08-08/09:07:39      253.000     -61.9500      12.7600      121.000      7.02267     0.515038     0.105062
1998-08-08/09:07:59      258.580     -62.4000      12.4400      113.000      17.3017     0.390731     0.277966
1998-08-08/09:09:20      262.170     -66.5800      12.5000      119.000      6.22112     0.484810    0.0949654
1998-08-08/09:09:39      260.000     -67.8100      12.4100      115.000      3.61512     0.422618    0.0571842
1998-08-08/10:36:17      242.360      33.8800      12.6700      126.000      3.00177     0.587785    0.0423850
1998-08-08/10:36:37      240.930      32.0400      12.7000      123.000      1.71277     0.544639    0.0250708
1998-08-08/10:36:57      239.620      30.2400      12.6100      127.000      2.82921     0.601815    0.0394358
1998-08-08/10:37:17      239.830      29.0900      12.5200      126.000      2.45908     0.587785    0.0347222
1998-08-08/10:37:37      240.000      28.0600      12.5300      122.000      2.33138     0.529919    0.0345073
1998-08-08/10:37:57      239.800      26.7900      12.6100      124.000      1.94146     0.559193    0.0280918
1998-08-08/10:38:17      240.030      25.5500      12.4400      118.000      3.20731     0.469472    0.0494257
1998-08-08/10:38:37      241.010      24.6300      12.4600      125.000      2.21851     0.573576    0.0317178
1998-08-08/10:38:57      242.970      24.1000      12.6400      123.000      1.97618     0.544639    0.0289265
1998-08-08/10:39:17      244.370      23.7300      13.0800      123.000      2.11018     0.544639    0.0308879
1998-08-08/10:39:37      241.880      22.3300      13.1900      123.000      2.04324     0.544639    0.0299081
1998-08-08/10:39:57      242.330      21.4300      12.4900      123.000      2.11018     0.544639    0.0308879
1998-08-08/10:40:17      240.720      19.9700      12.5500      122.000      2.19844     0.529919    0.0325396
1998-08-08/10:40:37      239.480      18.2900      12.6400      127.000      2.82921     0.601815    0.0394358
1998-08-08/10:40:57      238.670      17.0900      12.7100      123.000      1.64087     0.544639    0.0240183
1998-08-08/10:41:17      238.780      16.0600      12.7200      122.000      2.33138     0.529919    0.0345073
1998-08-08/10:41:37      238.480      14.8900      12.8800      120.000      2.81804     0.500000    0.0425947
1998-08-08/10:41:57      238.250      13.7800      12.8800      124.000      1.68852     0.559193    0.0244319
1998-08-08/10:42:17      237.820      12.4300      12.6600      123.000      1.90567     0.544639    0.0278944
1998-08-08/10:42:37      237.780      11.4500      12.6600      124.000      1.94146     0.559193    0.0280918
1998-08-08/10:42:57      237.510      10.4000      12.9300      121.000      2.63036     0.515038    0.0393512
1998-08-08/10:43:17      237.330      9.09000      13.0800      121.000      2.69424     0.515038    0.0403069
1998-08-08/10:43:37      236.640      7.88000      13.0100      119.000      2.64246     0.484810    0.0403371
1998-08-08/10:43:57      236.110      6.57000      13.0500      120.000      2.68786     0.500000    0.0406270
1998-08-08/10:44:17      235.800      5.24000      12.7200      120.000      2.68786     0.500000    0.0406270
1998-08-08/10:44:37      235.330      3.96000      12.6500      120.000      2.46330     0.500000    0.0372328
1998-08-08/10:44:57      235.100      2.87000      13.0900      117.000      2.31939     0.453991    0.0360688
1998-08-08/10:45:17      234.850      1.58000      13.2200      119.000      2.34718     0.484810    0.0358297
1998-08-08/12:32:54      247.090      36.8800      13.1700      118.000      8.69876     0.469472     0.134051
1998-08-08/12:33:14      246.260      35.9500      13.5600      112.000      4.32754     0.374607    0.0700300
1998-08-08/12:33:53      242.690      33.1100      13.4000      117.000      6.40714     0.453991    0.0996374
1998-08-08/12:34:13      241.860      31.9300      13.5500      108.000      6.16223     0.309017     0.102287
1998-08-08/12:34:33      241.560      30.5300      13.3300      112.000      4.05729     0.374607    0.0656567
1998-08-08/12:34:53      240.530      29.1800      13.5000      117.000      8.02201     0.453991     0.124750
1998-08-08/12:35:13      239.920      28.1100      13.4600      107.000      4.92515     0.292372    0.0822040
1998-08-08/12:35:33      239.560      27.4500      13.1000      106.000      5.88729     0.275637    0.0987721
1998-08-08/12:35:53      239.050      26.4500      13.2000      114.000      5.18252     0.406737    0.0826320
1998-08-08/12:36:13      237.900      25.1600      13.3200      113.000      17.3017     0.390731     0.277966
1998-08-08/12:36:33      237.190      24.0300      13.2300      114.000      4.32846     0.406737    0.0690146
1998-08-08/12:36:53      236.140      23.4200      15.9500      96.0000      5.54998     0.104529    0.0963348
1998-08-08/12:39:13      233.770      14.0200      16.1000      100.000      5.89230     0.173648     0.101278
1998-08-08/12:39:33      233.800      12.9000      16.4700      107.000      6.71536     0.292372     0.112084
1998-08-08/12:39:53      233.830      11.8900      16.4800      105.000      7.71171     0.258819     0.130009
1998-08-08/12:40:13      233.920      10.7000      16.9900      106.000      4.73724     0.275637    0.0794775
1998-08-08/12:40:33      234.380      10.0700      17.3500      106.000      6.08789     0.275637     0.102138
1998-08-08/12:40:53      234.230      8.65000      16.1700      104.000      5.25640     0.241922    0.0890164
1998-08-08/12:41:13      233.840      7.65000      16.5000      103.000      5.27017     0.224951    0.0896243
1998-08-08/12:41:33      234.130      6.78000      17.5700      109.000      5.20272     0.325568    0.0858574
1998-08-08/12:41:53      234.010      5.42000      17.7400      109.000      4.47027     0.325568    0.0737702
1998-08-08/12:42:13      233.490      4.40000      17.7400      109.000      6.44303     0.325568     0.106326
1998-08-08/12:42:33      233.660      3.50000      17.4500      122.000      6.63312     0.529919    0.0981783
1998-08-08/12:42:53      233.760      2.52000      16.7700      120.000      5.29080     0.500000    0.0799704
1998-08-08/12:43:13      233.370      1.50000      16.1200      113.000      7.48251     0.390731     0.120213
1998-08-08/12:43:33      233.160     0.320000      16.7500      109.000      5.93844     0.325568    0.0979986
1998-08-08/12:44:13      233.420     -1.48000      14.9800      116.000      9.40509     0.438371     0.147537
1998-08-08/12:44:33      233.420     -2.53000      15.0200      118.000      6.05586     0.469472    0.0933229
1998-08-08/12:44:53      233.350     -3.61000      14.0400      112.000      4.32754     0.374607    0.0700300
1998-08-08/12:45:13      233.400     -4.72000      14.6900      113.000      3.89541     0.390731    0.0625830
1998-08-08/12:45:33      233.550     -5.80000      14.0200      117.000      6.88610     0.453991     0.107086
1998-08-08/12:45:53      234.130     -6.95000      15.2800      112.000      3.38726     0.374607    0.0548140
1998-08-08/12:46:13      234.180     -8.05000      17.4200      114.000      5.47039     0.406737    0.0872220
1998-08-08/12:46:33      233.050     -10.2400      13.3500      112.000      5.33701     0.374607    0.0863657
1998-08-08/12:47:13      232.940     -12.0000      15.1300      112.000      17.4097     0.374607     0.281731
1998-08-08/12:47:33      233.170     -12.9600      15.5200      114.000      7.39356     0.406737     0.117886
1998-08-08/12:47:53      233.220     -13.9000      12.7600      112.000      5.11072     0.374607    0.0827038
1998-08-08/12:48:13      233.450     -14.8000      15.3000      122.000      4.70447     0.529919    0.0696319
1998-08-08/12:48:53      233.390     -17.1200      12.2400      149.000      31.4226     0.857167     0.282461
1998-08-08/12:49:33      233.610     -19.4300      17.9000      170.000      45.0000     0.984808     0.136383
1998-08-08/12:50:13      234.020     -21.6600      17.0700      159.000      45.0000     0.933580     0.281462
1998-08-08/12:50:52      233.800     -23.8000      11.9900      154.000      36.0924     0.898794     0.276144
1998-08-08/12:51:12      233.930     -24.7500      14.6100      135.000      20.6726     0.707107     0.255128
1998-08-08/12:52:13      234.050     -27.6000      16.1000      123.000      23.1802     0.544639     0.339302
1998-08-08/12:52:33      233.940     -28.7600      14.4000      109.000      25.5614     0.325568     0.421825
1998-08-08/12:53:13      234.960     -30.9300      13.6500      92.0000      2.62428    0.0348995    0.0457744
1998-08-08/12:53:32      235.040     -31.9200      14.1100      109.000      7.47014     0.325568     0.123275
1998-08-08/12:54:12      235.630     -34.0600      12.4600      99.0000      6.14641     0.156434     0.105954
1998-08-08/12:54:32      235.760     -35.2600      14.5200      102.000      2.75810     0.207912    0.0470860
1998-08-08/12:54:52      236.160     -36.2400      14.1000      101.000      6.40089     0.190809     0.109664
1998-08-08/12:55:12      236.000     -37.8300      13.2400      99.0000      4.06312     0.156434    0.0700417
1998-08-08/12:55:32      236.020     -38.8400      12.7200      100.000      3.59287     0.173648    0.0617547
1998-08-08/12:55:52      237.040     -39.1800      14.8300      114.000      4.72533     0.406737    0.0753424
1998-08-08/12:56:12      238.360     -41.2600      15.3600      110.000      4.01453     0.342020    0.0658412
1998-08-08/12:56:32      238.800     -41.8500      15.5000      108.000      5.99225     0.309017    0.0994658
1998-08-08/12:56:52      240.850     -42.8700      14.9900      109.000      3.23959     0.325568    0.0534610
1998-08-08/12:57:12      240.210     -43.9800      15.2800      109.000      6.95349     0.325568     0.114749
1998-08-08/12:57:32      239.830     -44.7100      15.5300      113.000      7.48251     0.390731     0.120213
1998-08-08/12:57:52      240.930     -45.6600      15.0700      109.000      25.5614     0.325568     0.421825
1998-08-08/12:58:12      240.360     -46.9000      14.9100      111.000      4.86263     0.358368    0.0792319
1998-08-08/14:33:49      240.740      26.1000      14.9500      112.000      3.38726     0.374607    0.0548140
1998-08-08/14:34:09      239.390      25.5200      14.3900      113.000      4.44103     0.390731    0.0713489
1998-08-08/14:34:49      239.470      23.5700      13.6700      112.000      2.39763     0.374607    0.0387994
1998-08-08/14:35:09      238.490      22.0900      13.5100      111.000      3.19789     0.358368    0.0521066
1998-08-08/14:35:29      239.490      19.8000      14.1100      111.000      5.62288     0.358368    0.0916195
1998-08-08/14:35:49      238.220      18.8800      14.2300      120.000      6.89819     0.500000     0.104266
1998-08-08/14:36:08      238.460      18.1000      13.9300      111.000      6.70059     0.358368     0.109180
1998-08-08/14:37:29      240.810      16.6800      13.9400      117.000      22.6838     0.453991     0.352756
1998-08-08/14:38:09      238.510      13.1800      14.5700      97.0000      8.84642     0.121869     0.153248
1998-08-08/14:39:28      238.570      11.8600      14.4800      139.000      11.4055     0.754710     0.130597
1998-08-08/14:39:48      237.690      10.6900      14.3500      135.000      20.6726     0.707107     0.255128
1998-08-08/14:40:09      235.870      8.35000      14.2700      132.000      10.5832     0.669131     0.137268
1998-08-08/14:40:29      235.180      6.65000      14.3200      134.000      9.29396     0.694658     0.116684
1998-08-08/14:40:49      234.610      5.05000      14.5600      121.000      5.39685     0.515038    0.0807390
1998-08-08/14:41:09      234.240      3.81000      14.7200      137.000      5.52538     0.731354    0.0657692
1998-08-08/14:41:28      233.560      1.69000      14.7000      127.000      8.63176     0.601815     0.120317
1998-08-08/14:41:48      233.810     0.540000      14.5500      120.000      7.06002     0.500000     0.106712
1998-08-08/14:42:08      233.930    -0.520000      14.2900      120.000      8.09911     0.500000     0.122418
1998-08-08/14:42:28      233.800     -1.56000      14.2100      120.000      8.09911     0.500000     0.122418
1998-08-08/14:42:49      233.590     -2.78000      14.1000      110.000      5.10242     0.342020    0.0836834
1998-08-08/14:43:09      233.480     -3.61000      14.2900      120.000      7.36306     0.500000     0.111293
1998-08-08/14:44:08      233.470     -6.13000      14.6900      130.000      25.7972     0.642788     0.344909
1998-08-08/14:52:08      232.170     -32.8900      14.6800      115.000      8.75206     0.422618     0.138441
1998-08-08/14:52:28      232.860     -33.9300      13.4600      120.000      5.62883     0.500000    0.0850797
1998-08-08/14:52:48      231.970     -35.0600      13.4900      124.000      6.29588     0.559193    0.0910978
1998-08-08/14:53:08      232.660     -36.2600      13.5800      114.000      9.46257     0.406737     0.150875
1998-08-08/14:53:29      232.930     -37.2300      13.5300      111.000      3.93253     0.358368    0.0640768
1998-08-08/14:53:49      232.840     -38.2600      13.5200      111.000      5.07297     0.358368    0.0826592
1998-08-08/14:54:09      233.040     -39.3800      13.5600      104.000      9.48921     0.241922     0.160698
1998-08-08/14:54:29      233.040     -40.8600      13.4600      112.000      2.15767     0.374607    0.0349163
1998-08-08/14:54:48      233.740     -41.6500      13.3700      124.000      2.56447     0.559193    0.0371064
1998-08-08/14:55:08      233.620     -42.8600      13.4000      111.000      6.70059     0.358368     0.109180
1998-08-08/14:55:28      233.500     -44.2000      13.3800      102.000      3.72861     0.207912    0.0636544
1998-08-08/14:56:09      234.090     -46.7100      13.4900      108.000      3.91815     0.309017    0.0650376
1998-08-08/14:56:29      234.890     -47.7200      13.6400      112.000      2.29214     0.374607    0.0370924
1998-08-08/14:56:49      235.230     -48.5800      13.6500      112.000      3.38726     0.374607    0.0548140
1998-08-08/14:57:09      235.110     -49.4900      13.7000      123.000      2.68240     0.544639    0.0392638
1998-08-08/14:57:28      235.120     -50.3900      13.7100      130.000      7.98137     0.642788     0.106711
1998-08-08/14:57:48      235.040     -51.0800      13.8000      128.000      4.06287     0.615661    0.0558782
1998-08-08/14:58:08      234.660     -52.4500      13.7800      121.000      8.57916     0.515038     0.128348
1998-08-08/14:58:28      234.540     -53.2900      14.0100      142.000      6.81144     0.788011    0.0731911
1998-08-08/14:58:49      234.070     -54.7900      14.0200      137.000      4.84314     0.731354    0.0576485
1998-08-08/14:59:09      234.260     -55.9600      13.7600      113.000      17.3017     0.390731     0.277966
1998-08-08/14:59:49      234.540     -57.2800      13.7400      119.000      23.7264     0.484810     0.362183
1998-08-08/15:00:08      237.820     -58.5200      13.5500      102.000      19.1297     0.207912     0.326580
1998-08-08/18:26:41      235.610      40.8100      13.6500      134.000      9.72890     0.694658     0.122145
1998-08-08/18:28:01      233.830      37.0100      13.7100      152.000      12.5349     0.882948     0.102709
1998-08-08/18:28:21      231.230      33.3700      13.7300      144.000      9.52545     0.809017    0.0977196
1998-08-08/18:28:41      231.500      33.0100      13.7500      145.000      12.8347     0.819152     0.128486
1998-08-08/18:29:01      230.320      30.3500      13.8700      136.000      7.98734     0.719340    0.0968391
1998-08-08/18:29:21      228.200      27.8900      13.8300      137.000      7.46158     0.731354    0.0888160
1998-08-08/18:29:41      227.420      26.7200      13.6900      142.000      6.81144     0.788011    0.0731911
1998-08-08/18:30:01      227.060      26.0500      13.7600      144.000      30.4326     0.809017     0.312202
1998-08-08/18:30:21      226.370      25.1500      13.7100      151.000      16.4530     0.874620     0.139217
1998-08-08/18:30:41      226.400      24.5700      13.7800      143.000      34.4662     0.798636     0.362021
1998-08-08/18:31:01      226.820      23.3500      13.7300      154.000      36.0924     0.898794     0.276144
1998-08-08/18:31:21      225.810      22.0000      13.6100      147.000      30.4102     0.838671     0.289071
1998-08-08/18:31:41      225.950      20.9100      13.5400      151.000      37.2472     0.874620     0.315168
1998-08-08/18:32:01      227.350      20.5800      13.5700      159.000      20.0820     0.933580     0.125607
1998-08-08/18:32:21      228.960      20.4900      13.8400      153.000      32.8278     0.891007     0.260115
1998-08-08/18:32:41      229.990      19.4100      13.8000      144.000      30.4326     0.809017     0.312202
1998-08-08/18:33:01      231.000      19.1500      13.8500      146.000      28.3908     0.829038     0.277087
1998-08-08/18:33:21      233.010      18.6400      13.8700      155.000      41.2354     0.906308     0.304156
1998-08-08/18:33:41      233.130      16.9300      13.0000      148.000      32.7620     0.848048     0.303010
1998-08-08/18:34:01      231.930      14.8300      13.0200      148.000      14.3383     0.848048     0.132613
1998-08-08/18:34:21      230.930      13.6800      13.0600      153.000      32.8278     0.891007     0.260115
1998-08-08/18:34:41      230.910      13.9500      13.1800      154.000      36.0924     0.898794     0.276144
1998-08-08/18:35:01      233.660      16.0100      13.2400      168.000      45.0000     0.978148     0.163293
1998-08-08/18:35:21      230.750      14.8800      13.0300      104.000      18.8654     0.241922     0.319483
1998-08-08/18:35:41      232.680      16.6600      11.8400      114.000      20.2240     0.406737     0.322459
1998-08-08/18:36:01      233.160      8.83000      12.5900      150.000      12.6306     0.866026     0.110223
1998-08-08/18:36:21      229.260      6.02000      13.3300      149.000      12.0317     0.857167     0.108154
1998-08-08/18:36:41      228.380      3.44000      13.4700      128.000      8.62271     0.615661     0.118591
1998-08-08/18:37:01      227.420     0.430000      13.1800      99.0000      2.49419     0.156434    0.0429959
1998-08-08/18:37:21      226.830     -1.16000      12.9900      100.000      1.79598     0.173648    0.0308696
1998-08-08/18:37:41      226.410     -1.64000      12.5300      101.000      1.78652     0.190809    0.0306078
1998-08-08/18:38:01      226.090     -2.40000      12.2700      107.000      2.72835     0.292372    0.0455380
1998-08-08/18:38:21      225.920     -3.75000      13.2800      119.000      2.10667     0.484810    0.0321583
1998-08-08/18:38:41      225.840     -4.18000      13.9000      125.000      2.41496     0.573576    0.0345264
1998-08-08/18:39:01      224.760     -5.12000      13.4300      100.000      3.77737     0.173648    0.0649260
1998-08-08/18:39:21      224.650     -6.45000      11.8700      100.000      5.91112     0.173648     0.101601
1998-08-08/18:39:41      224.600     -7.05000      9.54000      118.000      7.99793     0.469472     0.123251
1998-08-08/18:40:01      224.470     -8.06000      14.1700      119.000      4.89643     0.484810    0.0747440
1998-08-08/18:40:21      225.390     -9.35000      13.5800      143.000      8.14791     0.798636    0.0855828
1998-08-08/18:40:41      224.810     -10.3600      11.9300      130.000      3.76166     0.642788    0.0502934
1998-08-08/18:41:01      225.010     -11.5000      13.7400      128.000      5.42834     0.615661    0.0746580
1998-08-08/18:58:39      232.380     -67.2200      12.9200      140.000      9.92016     0.766045     0.111292
1998-08-08/18:58:59      233.140     -68.4400      13.7300      141.000      7.95020     0.777146    0.0873227
1998-08-08/18:59:19      232.910     -69.3900      15.7800      140.000      28.7126     0.766045     0.322120
1998-08-08/18:59:39      232.970     -70.2800      14.7000      150.000      10.5654     0.866026    0.0922005
1998-08-08/19:00:00      231.720     -71.2800      13.8400      143.000      34.4662     0.798636     0.362021
1998-08-08/19:00:20      233.020     -72.4700      13.3500      128.000      24.7730     0.615661     0.340713
1998-08-08/19:00:40      233.220     -73.5400      12.5200      144.000      30.4326     0.809017     0.312202
1998-08-08/19:01:00      233.290     -74.6900      13.3500      145.000      15.0244     0.819152     0.150406
1998-08-08/19:01:19      234.720     -75.9700      13.5700      156.000      15.3686     0.913545     0.109100
1998-08-08/19:01:39      235.340     -77.0100      12.9200      156.000      19.4125     0.913545     0.137807
1998-08-08/19:01:59      236.210     -78.2600      13.5200      147.000      30.4102     0.838671     0.289071
1998-08-08/19:02:19      238.430     -79.4100      12.4500      148.000      32.7620     0.848048     0.303010
1998-08-08/19:02:40      241.920     -80.7200      15.2100      146.000      6.86422     0.829038    0.0669931
1998-08-08/19:03:00      244.880     -81.7600      14.5700      141.000      6.78775     0.777146    0.0745547
1998-08-08/19:03:20      246.490     -82.7400      12.5600      144.000      6.72165     0.809017    0.0689560
1998-08-08/19:03:40      249.560     -83.5400      13.5400      144.000      3.98731     0.809017    0.0409050
1998-08-08/19:03:59      253.990     -84.3400      13.3600      143.000      8.14791     0.798636    0.0855828
1998-08-08/19:04:19      265.190     -85.2200      11.1200      147.000      6.63637     0.838671    0.0630836
1998-08-08/19:04:39      274.340     -86.2200      12.0200      136.000      24.0070     0.719340     0.291063
1998-08-08/19:04:59      298.760     -86.8700      13.0800      148.000      3.69041     0.848048    0.0341320
1998-08-08/19:05:20      329.300     -86.4600      13.1000      123.000      23.1802     0.544639     0.339302
1998-08-08/19:05:40      343.990     -84.6100      13.6700      143.000      5.91483     0.798636    0.0621273
1998-08-08/19:06:00      354.200     -84.2200      10.6700      142.000      6.25707     0.788011    0.0672342
1998-08-08/19:06:20      227.970     -82.8100      21.8200      137.000      4.84314     0.731354    0.0576485
1998-08-08/19:06:39      3.12000     -82.1000      23.0900      148.000      8.54727     0.848048    0.0790523
1998-08-08/19:06:59      5.34000     -80.9200      17.5300      146.000      9.96469     0.829038    0.0972530
1998-08-08/19:07:19      8.83000     -81.1600      17.7900      143.000      11.0796     0.798636     0.116376
1998-08-08/19:07:39      14.0300     -79.6100      15.1000      148.000      10.3694     0.848048    0.0959049
1998-08-08/19:08:00      20.0900     -77.9100      14.4900      149.000      10.6252     0.857167    0.0955111
1998-08-08/19:08:20      22.3000     -75.9900      15.3800      145.000      10.4744     0.819152     0.104857
1998-08-08/19:08:40      26.6300     -76.2600      13.5500      148.000      14.2100     0.848048     0.131426
1998-08-08/19:09:00      28.7700     -75.4300      11.7100      150.000      16.4739     0.866026     0.143762
1998-08-08/19:09:19      28.7900     -74.0300      12.8000      146.000      12.9411     0.829038     0.126302
1998-08-08/19:09:39      30.2700     -73.5300      11.5200      146.000      12.9411     0.829038     0.126302
1998-08-08/22:19:34      237.430      50.3700      13.4500      138.000      6.11781     0.743145    0.0714470
1998-08-08/22:19:53      233.560      47.8100      14.9000      137.000      5.52538     0.731354    0.0657692
1998-08-08/22:20:13      233.230      46.0200      15.0200      132.000      4.32215     0.669131    0.0560597
1998-08-08/22:20:33      232.960      44.7000      15.5600      133.000      3.88307     0.681998    0.0495656
1998-08-08/22:20:53      232.050      42.3800      14.7500      130.000      4.70593     0.642788    0.0629183
1998-08-08/22:21:14      234.460      42.4400      14.7900      131.000      12.9649     0.656059     0.170776
1998-08-08/22:21:34      233.440      40.4700      13.7900      133.000      3.09065     0.681998    0.0394507
1998-08-08/22:21:54      232.390      38.7500      13.4100      127.000      3.69186     0.601815    0.0514602
1998-08-08/22:22:14      230.720      37.0600      13.4600      124.000      2.94981     0.559193    0.0426821
1998-08-08/22:22:33      229.530      36.0900      13.6400      131.000      3.97424     0.656059    0.0523494
1998-08-08/22:22:53      229.080      35.2400      13.9900      131.000      3.73483     0.656059    0.0491958
1998-08-08/22:23:13      229.380      34.1900      13.8700      133.000      3.28870     0.681998    0.0419787
1998-08-08/22:23:33      229.590      32.8000      13.0600      127.000      4.57501     0.601815    0.0637702
1998-08-08/22:23:53      229.720      31.9000      12.0700      129.000      5.31607     0.629321    0.0721059
1998-08-08/22:24:13      230.110      30.7500      13.4800      130.000      4.84274     0.642788    0.0647474
1998-08-08/22:24:33      229.880      29.4900      13.6400      115.000      6.70687     0.422618     0.106090
1998-08-08/22:24:53      229.920      28.6700      13.4100      131.000      5.55836     0.656059    0.0732157
1998-08-08/22:25:13      229.120      27.1200      13.6200      120.000      6.65376     0.500000     0.100572
1998-08-08/22:25:33      228.860      26.0400      13.6300      115.000      7.99577     0.422618     0.126478
1998-08-08/22:25:53      228.560      25.0000      13.7900      131.000      5.06210     0.656059    0.0666788
1998-08-08/22:26:13      228.230      23.7800      13.9600      132.000      9.93885     0.669131     0.128910
1998-08-08/22:26:33      227.980      22.6200      13.8400      129.000      6.60271     0.629321    0.0895575
1998-08-08/22:26:53      227.980      21.5300      13.6800      133.000      10.2469     0.681998     0.130797
1998-08-08/22:27:13      227.880      20.4500      13.6400      131.000      7.75094     0.656059     0.102097
1998-08-08/22:27:33      227.790      19.2900      13.8700      126.000      9.13130     0.587785     0.128934
1998-08-08/22:27:53      227.600      18.0400      14.2200      130.000      4.98111     0.642788    0.0665974
1998-08-08/22:28:13      227.590      16.8700      14.2200      127.000      6.49897     0.601815    0.0905880
1998-08-08/22:28:33      227.530      15.6800      13.8900      124.000      4.38424     0.559193    0.0634375
1998-08-08/22:28:53      227.410      14.4400      13.5800      125.000      5.54943     0.573576    0.0793396
1998-08-08/22:29:13      227.390      13.2100      13.3700      113.000      3.49606     0.390731    0.0561671
1998-08-08/22:29:33      227.300      12.0000      13.4200      118.000      7.58900     0.469472     0.116949
1998-08-08/22:29:53      227.220      10.9600      13.7000      122.000      3.03619     0.529919    0.0449393
1998-08-08/22:30:13      227.040      9.98000      13.9200      118.000      4.06758     0.469472    0.0626828
1998-08-08/22:30:33      226.920      9.03000      13.8000      124.000      3.18371     0.559193    0.0460665
1998-08-08/22:30:53      226.790      8.12000      13.3500      120.000      4.21716     0.500000    0.0637424
1998-08-08/22:31:13      226.640      7.13000      13.3300      138.000      6.51124     0.743145    0.0760417
1998-08-08/22:31:33      226.560      6.13000      13.3800      130.000      5.28399     0.642788    0.0706469
1998-08-08/22:31:52      226.600      5.24000      13.5400      144.000      3.66934     0.809017    0.0376430
1998-08-08/22:32:12      226.530      4.16000      13.5100      131.000      4.73450     0.656059    0.0623636
1998-08-08/22:32:32      226.350      2.91000      13.5200      136.000      5.36807     0.719340    0.0650829
1998-08-08/22:33:13      225.730     0.670000      13.5800      144.000      13.0306     0.809017     0.133678
1998-08-08/22:33:33      225.700    -0.310000      13.6900      140.000      9.92016     0.766045     0.111292
1998-08-08/22:33:53      225.720     -1.29000      13.6300      127.000      7.59353     0.601815     0.105845
1998-08-08/22:34:13      225.820     -2.29000      13.4900      131.000      5.06210     0.656059    0.0666788
1998-08-08/22:34:32      225.940     -3.34000      13.6100      132.000      7.76444     0.669131     0.100707
1998-08-08/22:34:52      226.040     -4.53000      13.6900      126.000      6.55871     0.587785    0.0926090
1998-08-08/22:35:12      226.030     -5.70000      13.6800      137.000      5.52538     0.731354    0.0657692
1998-08-08/22:35:32      226.070     -6.87000      13.7700      130.000      3.97021     0.642788    0.0530817
1998-08-09/02:22:46      226.690      21.9700      13.8900      127.000      9.34365     0.601815     0.130239
1998-08-09/02:23:06      226.510      20.0500      13.9500      120.000      7.06002     0.500000     0.106712
1998-08-09/02:23:26      226.330      18.6600      13.9800      116.000      6.70074     0.438371     0.105114
1998-08-09/02:23:45      226.290      17.5500      14.0600      113.000      4.44103     0.390731    0.0713489
1998-08-09/02:24:05      226.140      16.3900      14.0900      119.000      8.41045     0.484810     0.128385
1998-08-09/02:24:25      226.010      15.0000      14.1600      120.000      8.09911     0.500000     0.122418
1998-08-09/02:24:45      225.810      13.8000      14.1100      120.000      4.56678     0.500000    0.0690269
1998-08-09/02:25:06      225.980      12.6700      13.8600      123.000      3.32815     0.544639    0.0487160
1998-08-09/02:25:26      226.490      11.5800      13.6600      112.000      2.95217     0.374607    0.0477732
1998-08-09/02:25:46      227.530      10.5500      13.9700      118.000      5.71027     0.469472    0.0879972
1998-08-09/02:26:06      227.270      9.91000      13.9600      122.000      3.51694     0.529919    0.0520550
1998-08-09/02:26:25      226.270      8.82000      13.8500      122.000      3.03619     0.529919    0.0449393
1998-08-09/02:26:45      225.380      7.72000      13.8400      127.000      4.57501     0.601815    0.0637702
1998-08-09/02:27:05      224.790      6.69000      13.9700      129.000      8.17918     0.629321     0.110940
1998-08-09/02:27:25      224.550      5.67000      14.0100      130.000      5.41771     0.642788    0.0724348
1998-08-09/02:27:46      224.230      4.66000      13.8800      133.000      4.90012     0.681998    0.0625477
1998-08-09/02:28:06      224.340      3.85000      14.0900      142.000      6.03022     0.788011    0.0647966
1998-08-09/02:28:26      224.220      2.70000      13.7900      143.000      7.10765     0.798636    0.0746563
1998-08-09/02:28:46      224.170      1.54000      13.7900      136.000      4.01277     0.719340    0.0486511
1998-08-09/02:29:05      223.940     0.660000      13.6200      134.000      3.27043     0.694658    0.0410597
1998-08-09/02:29:25      223.820    -0.370000      13.7100      139.000      7.14880     0.754710    0.0818565
1998-08-09/02:29:45      223.970     -1.36000      13.6800      140.000      6.43625     0.766045    0.0722067
1998-08-09/02:30:05      224.050     -2.32000      13.5800      144.000      3.66934     0.809017    0.0376430
1998-08-09/02:30:26      224.210     -3.38000      13.5800      153.000      13.3885     0.891007     0.106085
1998-08-09/02:30:46      224.260     -4.24000      13.5400      145.000      12.4588     0.819152     0.124723
1998-08-09/02:31:06      224.520     -5.26000      13.5900      144.000      9.52545     0.809017    0.0977196
1998-08-09/02:31:26      224.550     -6.60000      13.7600      138.000      6.83281     0.743145    0.0797972
1998-08-09/02:31:45      224.660     -8.20000      13.7300      139.000      5.53958     0.754710    0.0634303
1998-08-09/02:32:05      224.140     -9.67000      13.6600      129.000      5.15548     0.629321    0.0699277
1998-08-09/02:32:25      224.460     -10.9600      13.5900      123.000      2.68240     0.544639    0.0392638
1998-08-09/02:33:26      223.380     -13.6600      13.5100      134.000      7.61342     0.694658    0.0955853
1998-08-09/02:33:46      223.560     -14.3600      13.4300      143.000      8.36682     0.798636    0.0878822
1998-08-09/02:34:06      223.840     -15.1700      13.3900      150.000      11.6818     0.866026     0.101943
1998-08-09/02:34:25      223.880     -15.9800      15.1200      146.000      10.6540     0.829038     0.103980
1998-08-09/02:34:45      223.780     -17.1500      15.3200      140.000      28.7126     0.766045     0.322120
1998-08-09/02:40:25      224.080     -36.0900      14.0000      139.000      4.79435     0.754710    0.0548972
1998-08-09/02:40:45      224.100     -37.0000      14.7200      138.000      2.92034     0.743145    0.0341053
1998-08-09/02:41:06      224.100     -37.8700      15.0600      143.000      7.10765     0.798636    0.0746563
1998-08-09/02:41:26      224.370     -38.8900      15.4800      138.000      10.9450     0.743145     0.127822
1998-08-09/02:41:46      224.900     -39.9000      14.5600      143.000      6.17974     0.798636    0.0649098
1998-08-09/02:42:06      224.860     -40.9800      13.1100      145.000      3.28167     0.819152    0.0328521
1998-08-09/02:42:25      225.220     -42.1500      15.7900      143.000      6.17974     0.798636    0.0649098
1998-08-09/02:42:45      225.000     -43.3000      14.0400      141.000      8.47007     0.777146    0.0930328
1998-08-09/02:43:05      224.620     -44.4000      13.2800      145.000      5.23356     0.819152    0.0523921
1998-08-09/02:43:25      224.680     -45.5200      14.9900      142.000      8.49064     0.788011    0.0912346
1998-08-09/02:43:46      225.120     -46.4400      13.8400      142.000      3.59207     0.788011    0.0385979
1998-08-09/02:44:06      224.500     -47.5400      15.1200      147.000      4.32540     0.838671    0.0411161
1998-08-09/02:44:26      224.410     -48.6700      15.8900      149.000      10.1501     0.857167    0.0912404
1998-08-09/02:44:46      224.330     -49.6700      14.7500      136.000      11.7388     0.719340     0.142322
1998-08-09/02:45:05      224.500     -50.7600      14.5400      135.000      9.48944     0.707107     0.117112
1998-08-09/02:45:25      225.040     -52.0900      14.1600      136.000      3.14865     0.719340    0.0381745
1998-08-09/02:45:45      225.070     -53.3200      15.2000      131.000      25.9298     0.656059     0.341552
1998-08-09/02:46:05      224.690     -54.3200      14.2900      132.000      6.73908     0.669131    0.0874081
1998-08-09/02:46:26      224.870     -55.4100      14.5300      141.000      4.45813     0.777146    0.0489668
1998-08-09/02:46:46      224.860     -56.3700      14.5800      142.000      12.6220     0.788011     0.135627
1998-08-09/02:47:06      225.310     -57.5500      13.8000      142.000      8.49064     0.788011    0.0912346
1998-08-09/02:47:26      225.390     -58.5900      13.9400      143.000      9.59244     0.798636     0.100756
1998-08-09/02:47:44      225.860     -59.6000      14.8800      135.000      9.35746     0.707107     0.115484
1998-08-09/02:48:04      226.450     -60.8200      15.4300      136.000      5.20529     0.719340    0.0631093
1998-08-09/02:48:24      227.130     -62.0100      15.4000      134.000      4.71938     0.694658    0.0592511
1998-08-09/02:48:44      227.550     -62.9800      10.5500      133.000      7.59222     0.681998    0.0969111
1998-08-09/02:49:04      228.040     -64.0100      8.52000      125.000      3.85072     0.573576    0.0550534
1998-08-09/02:49:24      228.390     -65.1400      11.9500      136.000      5.09926     0.719340    0.0618238
1998-08-09/02:49:44      229.050     -66.3200      12.2700      135.000      4.07264     0.707107    0.0502618
1998-08-09/02:52:24      232.880     -74.2800      15.1800      143.000      10.6223     0.798636     0.111573
1998-08-09/02:52:44      233.530     -75.2100      13.7500      153.000      13.8447     0.891007     0.109700
1998-08-09/02:53:04      236.550     -76.2800      19.5800      147.000      15.2051     0.838671     0.144536
1998-08-09/02:53:24      239.590     -77.2900      21.2200      142.000      11.0236     0.788011     0.118452
1998-08-09/02:53:44      244.640     -78.1600      17.8800      142.000      12.7456     0.788011     0.136956
1998-08-09/02:54:04      248.610     -79.1700      17.3700      135.000      9.18601     0.707107     0.113368
1998-08-09/02:54:24      252.430     -80.2300      14.2100      134.000      8.01356     0.694658     0.100609
1998-08-09/02:54:44      254.080     -81.0800      15.2800      141.000      12.3312     0.777146     0.135442
1998-08-09/02:55:04      255.440     -82.0900      15.2700      139.000      11.4055     0.754710     0.130597
1998-08-09/02:55:24      258.560     -83.1200      14.2800      129.000      25.6400     0.629321     0.347775
1998-08-09/02:55:44      268.170     -84.0800      15.8000      128.000      24.7730     0.615661     0.340713
1998-08-09/02:56:04      275.520     -85.1000      14.0000      131.000      25.9298     0.656059     0.341552
1998-08-09/02:56:24      288.230     -85.6700      14.2700      142.000      8.84563     0.788011    0.0950491
1998-08-09/02:56:44      309.660     -85.2700      15.7600      146.000      2.70573     0.829038    0.0264073
1998-08-09/02:57:04      328.270     -83.8500      16.3000      142.000      6.03022     0.788011    0.0647966
1998-08-09/02:57:24      341.060     -81.5600      16.3200      134.000      4.55141     0.694658    0.0571423
1998-08-09/03:13:03      55.7700     -52.1900      16.3500      51.0000      5.76257     0.629320    0.0781621
1998-08-09/03:13:23      54.3900     -51.2400      14.9200      44.0000      4.49516     0.719340    0.0544997
1998-08-09/03:13:43      52.3400     -49.4400      13.7500      48.0000      4.89541     0.669131    0.0634951
1998-08-09/05:14:39      45.4300     -34.7400      13.9600      78.0000      1.95756     0.207912    0.0334193
1998-08-09/05:14:59      45.5000     -33.8200      14.1300      83.0000      3.07606     0.121869    0.0532872
1998-08-09/05:15:19      45.3800     -32.7500      14.3400      83.0000      3.54596     0.121869    0.0614274
1998-08-09/05:15:39      44.9500     -31.4200      14.5000      73.0000      3.23908     0.292372    0.0540624
1998-08-09/05:15:59      44.3800     -30.0700      14.3800      77.0000      2.36358     0.224951    0.0401950
1998-08-09/05:16:19      44.0200     -29.1300      14.1900      82.0000      3.76633     0.139173    0.0650951
1998-08-09/05:16:39      44.0200     -28.1000      14.2600      72.0000      2.80513     0.309017    0.0465625
1998-08-09/05:16:59      43.7700     -26.8600      14.3600      83.0000      3.59625     0.121869    0.0622986
1998-08-09/05:17:19      43.5900     -25.7300      14.3500      71.0000      3.81802     0.325568    0.0630065
1998-08-09/05:17:39      43.3800     -24.5700      14.1300      59.0000      4.21716     0.515038    0.0630904
1998-08-09/05:17:59      43.1400     -23.3700      14.4200      75.0000      3.29861     0.258819    0.0556099
1998-08-09/05:18:19      42.7000     -22.1900      14.4600      73.0000      3.37382     0.292372    0.0563113
1998-08-09/05:18:39      42.4400     -21.1100      14.4800      71.0000      3.03428     0.325568    0.0500729
1998-08-09/05:18:59      42.2900     -20.0000      14.3600      63.0000      3.89243     0.453990    0.0605312
1998-08-09/05:19:19      42.2100     -18.9000      14.5300      61.0000      3.10994     0.484810    0.0474732
1998-08-09/05:19:39      42.1300     -17.7100      14.6200      69.0000      3.10278     0.358368    0.0505569
1998-08-09/05:19:59      41.9600     -16.5400      14.6100      76.0000      3.59763     0.241922    0.0609253
1998-08-09/05:20:19      41.9800     -15.6100      14.4900      61.0000      4.71316     0.484810    0.0719464
1998-08-09/05:20:39      41.9700     -14.5900      14.2700      57.0000      2.48027     0.544639    0.0363051
1998-08-09/05:20:59      41.9000     -13.5200      14.2400      47.0000      3.27162     0.681998    0.0417607
1998-08-09/05:21:19      41.8600     -12.4700      14.3300      56.0000      2.68240     0.559193    0.0388128
1998-08-09/05:21:39      41.8300     -11.3900      14.4200      50.0000      4.96968     0.642788    0.0664446
1998-08-09/05:21:59      41.8300     -10.2600      14.4300      52.0000      4.57501     0.615661    0.0629219
1998-08-09/05:22:19      41.7300     -9.13000      14.4100      58.0000      3.04718     0.529919    0.0451020
1998-08-09/05:26:59      41.5700      6.26000      13.9100      74.0000      4.42859     0.275637    0.0742993
1998-08-09/05:27:19      41.4200      7.31000      14.1000      79.0000      2.78705     0.190809    0.0477495
1998-08-09/05:27:39      41.2800      8.38000      14.2800      43.0000      4.01277     0.731354    0.0477645
1998-08-09/05:27:59      41.1900      9.42000      14.3600      48.0000      6.26182     0.669131    0.0812178
1998-08-09/05:28:19      41.1700      10.4600      14.4100      33.0000      12.3374     0.838671     0.117276
1998-08-09/05:28:39      41.2000      11.5700      14.3600      72.0000      5.27146     0.309017    0.0875013
1998-08-09/05:28:59      41.2700      12.5900      14.2300      71.0000      2.72086     0.325568    0.0449008
1998-08-09/05:29:19      41.3600      13.6600      14.2200      64.0000      3.00722     0.438371    0.0471740
1998-08-09/05:29:39      41.3000      14.7400      14.2800      64.0000      4.02131     0.438371    0.0630819
1998-08-09/05:29:59      41.1300      15.8300      14.3200      35.0000      12.6199     0.819152     0.126335
1998-08-09/05:30:19      41.0400      16.8900      14.4400      55.0000      3.79061     0.573576    0.0541940
1998-08-09/05:30:39      41.1300      17.8900      14.3500      59.0000      4.12284     0.515038    0.0616793
1998-08-09/05:30:59      41.3600      18.9300      14.3700      53.0000      4.83331     0.601815    0.0673706
1998-08-09/05:31:19      41.5000      20.0200      14.4400      61.0000      4.45736     0.484810    0.0680416
1998-08-09/06:11:18      237.580      46.7200      14.5600      113.000      3.49606     0.390731    0.0561671
1998-08-09/06:11:38      235.140      44.9800      14.4500      118.000      4.45736     0.469472    0.0686894
1998-08-09/06:11:58      233.680      43.5700      14.3600      112.000      2.54874     0.374607    0.0412448
1998-08-09/06:12:18      232.820      42.2600      14.2800      113.000      2.79642     0.390731    0.0449268
1998-08-09/06:12:38      232.020      41.1100      14.0900      120.000      21.9826     0.500000     0.332267
1998-08-09/06:12:58      231.110      39.9800      14.1100      124.000      4.38424     0.559193    0.0634375
1998-08-09/06:13:18      229.950      38.6900      14.2000      144.000      3.41073     0.809017    0.0349899
1998-08-09/06:13:38      229.080      37.4600      14.3000      127.000      4.38046     0.601815    0.0610584
1998-08-09/06:13:58      228.400      36.1800      14.1200      130.000      4.70593     0.642788    0.0629183
1998-08-09/06:14:18      227.500      34.7800      14.0400      122.000      4.21993     0.529919    0.0624602
1998-08-09/06:14:38      226.620      33.3100      14.1900      141.000      9.20524     0.777146     0.101108
1998-08-09/06:14:58      226.220      32.1300      14.3800      127.000      5.17975     0.601815    0.0721996
1998-08-09/06:15:18      226.010      31.0000      14.0500      120.000      5.29080     0.500000    0.0799704
1998-08-09/06:15:38      225.520      29.9100      14.1400      123.000      3.84539     0.544639    0.0562871
1998-08-09/06:15:58      225.280      28.6900      14.1100      113.000      2.10025     0.390731    0.0337423
1998-08-09/06:16:18      224.950      27.5300      13.9300      115.000      4.36896     0.422618    0.0691084
1998-08-09/06:16:38      224.560      26.3200      13.9300      121.000      4.71276     0.515038    0.0705047
1998-08-09/06:16:58      224.210      25.0500      13.8100      106.000      4.73724     0.275637    0.0794775
1998-08-09/06:17:18      224.110      23.7900      13.8500      109.000      3.56289     0.325568    0.0587963
1998-08-09/06:17:38      224.050      22.6500      13.6600      118.000      4.54485     0.469472    0.0700377
1998-08-09/06:17:58      224.000      21.5000      13.8600      114.000      2.46245     0.406737    0.0392622
1998-08-09/06:18:18      223.920      20.4300      13.9400      117.000      3.16633     0.453991    0.0492396
1998-08-09/06:18:38      223.900      19.4700      13.9900      119.000      3.17715     0.484810    0.0484992
1998-08-09/06:18:58      223.500      18.1600      14.1700      120.000      3.24624     0.500000    0.0490669
1998-08-09/06:19:18      223.610      17.1300      14.1800      118.000      2.71868     0.469472    0.0418958
1998-08-09/06:19:38      223.580      16.0500      13.9000      113.000      1.69368     0.390731    0.0272104
1998-08-09/06:19:58      223.530      14.9300      13.8700      113.000      1.97323     0.390731    0.0317016
1998-08-09/06:20:18      223.570      13.8100      14.3900      117.000      2.70413     0.453991    0.0420519
1998-08-09/06:20:38      223.550      12.6900      13.2100      119.000      3.98186     0.484810    0.0607831
1998-08-09/06:20:58      223.680      11.7100      15.0500      124.000      1.55036     0.559193    0.0224328
1998-08-09/06:21:18      223.770      10.6700      15.0400      124.000      3.97079     0.559193    0.0574551
1998-08-09/06:21:38      223.770      9.64000      14.0200      122.000      2.86821     0.529919    0.0424530
1998-08-09/06:21:58      223.530      8.48000      14.0400      119.000      3.07917     0.484810    0.0470035
1998-08-09/06:22:18      223.240      7.33000      13.9300      122.000      2.74913     0.529919    0.0406905
1998-08-09/06:22:38      222.940      6.23000      12.0900      113.000      2.79642     0.390731    0.0449268
1998-08-09/06:22:58      222.800      5.14000      14.5000      126.000      3.91933     0.587785    0.0553410
1998-08-09/06:23:18      222.570      4.07000      15.6000      124.000      1.99801     0.559193    0.0289101
1998-08-09/06:23:38      222.420      3.16000      13.2900      121.000      2.86288     0.515038    0.0428298
1998-08-09/06:23:58      222.350      2.15000      12.6800      124.000      1.99801     0.559193    0.0289101
1998-08-09/06:24:18      222.180      1.07000      14.3200      124.000      1.84570     0.559193    0.0267062
1998-08-09/06:24:38      222.000   -0.0700000      14.9000      118.000      2.91367     0.469472    0.0449007
1998-08-09/06:24:58      221.940     -1.20000      13.5000      119.000      2.87886     0.484810    0.0439458
1998-08-09/06:25:18      221.810     -2.30000      12.0000      117.000      3.16633     0.453991    0.0492396
1998-08-09/06:25:38      221.700     -3.44000      14.9800      125.000      2.54251     0.573576    0.0363500
1998-08-09/06:25:58      221.700     -4.53000      15.9400      122.000      2.14938     0.529919    0.0318135
1998-08-09/06:26:18      221.690     -5.63000      15.5300      131.000      2.64955     0.656059    0.0349003
1998-08-09/06:26:38      221.630     -6.79000      10.8900      111.000      2.04548     0.358368    0.0333292
1998-08-09/06:26:58      221.560     -7.93000      15.3300      107.000      2.89541     0.292372    0.0483263
1998-08-09/06:27:18      221.580     -9.06000      15.6700      114.000      1.76200     0.406737    0.0280940
1998-08-09/06:27:38      221.440     -10.2000      14.2500      119.000      2.55857     0.484810    0.0390565
1998-08-09/06:27:58      221.270     -11.3000      15.5400      115.000      2.36999     0.422618    0.0374886
1998-08-09/06:28:18      221.190     -12.2800      23.6700      116.000      4.41855     0.438371    0.0693134
1998-08-09/06:28:38      221.030     -13.1600      15.8100      124.000      1.50721     0.559193    0.0218085
1998-08-09/06:28:58      221.120     -14.0500      14.3200      125.000      2.41496     0.573576    0.0345264
1998-08-09/06:29:18      221.130     -15.0900      13.5600      124.000      1.90183     0.559193    0.0275184
1998-08-09/06:29:38      221.140     -16.1800      13.5200      129.000      3.95825     0.629321    0.0536887
1998-08-09/06:29:58      221.070     -17.3200      14.0300      118.000      2.81502     0.469472    0.0433804
1998-08-09/06:30:18      221.090     -18.4400      12.1000      118.000      2.81502     0.469472    0.0433804
1998-08-09/06:30:38      221.050     -19.5600      13.6000      111.000      2.09106     0.358368    0.0340718
1998-08-09/06:30:58      221.050     -20.7200      18.1200      107.000      3.43378     0.292372    0.0573121
1998-08-09/06:31:18      221.040     -21.8200      18.0700      110.000      2.73958     0.342020    0.0449311
1998-08-09/06:31:37      220.890     -22.9300      18.7200      120.000      5.29080     0.500000    0.0799704
1998-08-09/06:31:57      220.780     -24.0100      17.1400      117.000      3.27689     0.453991    0.0509589
1998-08-09/06:32:17      220.630     -25.0300      14.6700      121.000      3.43143     0.515038    0.0513355
1998-08-09/06:32:37      220.640     -26.0200      16.5200      110.000      3.17304     0.342020    0.0520402
1998-08-09/06:32:58      220.650     -27.1300      17.3200      118.000      3.01293     0.469472    0.0464303
1998-08-09/06:33:18      220.840     -28.1500      15.0900      116.000      3.12038     0.438371    0.0489491
1998-08-09/06:33:38      221.070     -29.2700      14.2300      112.000      1.98706     0.374607    0.0321554
1998-08-09/06:33:58      221.280     -30.4500      14.8000      116.000      4.57356     0.438371    0.0717451
1998-08-09/06:34:17      221.120     -31.5400      14.8400      137.000      2.42132     0.731354    0.0288213
1998-08-09/06:34:37      221.040     -32.5600      14.9400      141.000      3.60568     0.777146    0.0396037
1998-08-09/06:34:57      221.190     -33.5700      14.3800      133.000      7.59222     0.681998    0.0969111
1998-08-09/06:35:17      221.340     -34.6300      14.9900      112.000      2.09250     0.374607    0.0338617
1998-08-09/06:35:38      221.470     -35.7500      14.3800      122.000      3.21278     0.529919    0.0475531
1998-08-09/06:35:58      221.630     -36.8300      14.8900      147.000      3.98005     0.838671    0.0378333
1998-08-09/06:36:18      221.930     -37.9200      14.7700      144.000      3.21083     0.809017    0.0329392
1998-08-09/06:36:38      222.210     -39.0300      14.6200      114.000      3.37699     0.406737    0.0538440
1998-08-09/06:36:57      222.540     -40.1200      14.2600      123.000      1.76984     0.544639    0.0259061
1998-08-09/06:37:17      222.810     -41.2800      14.2800      121.000      2.94793     0.515038    0.0441022
1998-08-09/06:37:37      222.840     -42.4300      14.3400      116.000      3.23533     0.438371    0.0507524
1998-08-09/06:37:57      223.280     -43.7400      14.5400      112.000      1.86436     0.374607    0.0301698
1998-08-09/06:38:18      223.480     -44.9000      14.5600      104.000      2.56031     0.241922    0.0433585
1998-08-09/06:38:38      223.470     -45.9200      14.3400      104.000      2.74456     0.241922    0.0464787
1998-08-09/06:38:58      223.150     -46.9600      14.1600      111.000      1.97620     0.358368    0.0322003
1998-08-09/06:39:18      223.230     -48.0100      14.1100      113.000      2.10025     0.390731    0.0337423
1998-08-09/06:39:37      223.430     -48.9600      14.4100      116.000      2.85385     0.438371    0.0447681
1998-08-09/06:39:57      223.370     -49.9800      14.5500      113.000      4.44103     0.390731    0.0713489
1998-08-09/06:40:17      223.420     -50.9000      14.2700      116.000      5.10837     0.438371    0.0801346
1998-08-09/06:40:37      223.560     -51.9400      14.2500      139.000      6.00063     0.754710    0.0687095
1998-08-09/06:40:58      223.380     -53.1300      14.2400      116.000      6.26546     0.438371    0.0982857
1998-08-09/06:41:18      223.600     -54.2100      14.1700      112.000      2.39763     0.374607    0.0387994
1998-08-09/06:41:38      223.750     -55.3600      13.4700      121.000      3.81771     0.515038    0.0571144
1998-08-09/06:41:58      223.690     -56.4200      13.7600      111.000      3.72656     0.358368    0.0607208
1998-08-09/06:42:17      223.790     -57.3500      14.1700      120.000      5.62883     0.500000    0.0850797
1998-08-09/06:42:37      223.770     -58.2100      14.2600      107.000      7.31677     0.292372     0.122122
1998-08-09/06:42:57      224.340     -59.0300      14.5100      109.000      6.44303     0.325568     0.106326
1998-08-09/06:43:17      225.540     -60.0400      14.5900      121.000      4.36846     0.515038    0.0653539
1998-08-09/06:43:36      227.520     -61.2900      14.6100      113.000      6.73520     0.390731     0.108207
1998-08-09/06:43:56      228.430     -62.8400      14.5100      109.000      3.84268     0.325568    0.0634135
1998-08-09/06:44:16      229.520     -64.1100      14.2900      107.000      4.48756     0.292372    0.0749004
1998-08-09/06:44:36      230.510     -65.1400      14.3600      117.000      4.56993     0.453991    0.0710670
1998-08-09/06:44:57      234.260     -66.5200      14.4700      107.000      7.75774     0.292372     0.129482
1998-08-09/06:45:17      234.980     -68.2400      14.4400      113.000      2.79642     0.390731    0.0449268
1998-08-09/06:45:37      234.370     -69.2100      14.4300      111.000      4.16675     0.358368    0.0678932
1998-08-09/06:45:57      233.800     -70.0200      14.4200      114.000      6.39498     0.406737     0.101964
1998-08-09/06:46:16      232.440     -70.7900      14.3900      130.000      5.12876     0.642788    0.0685715
1998-08-09/06:46:36      233.450     -71.6000      14.5200      121.000      2.94793     0.515038    0.0441022
1998-08-09/06:46:56      235.930     -72.7000      14.5700      122.000      3.03619     0.529919    0.0449393
1998-08-09/06:47:16      237.690     -73.7000      14.6800      116.000      3.34944     0.438371    0.0525424
1998-08-09/06:47:37      241.610     -74.7900      14.5800      119.000      6.66047     0.484810     0.101672
1998-08-09/06:47:57      247.420     -75.9900      14.5700      110.000      4.30470     0.342020    0.0706002
1998-08-09/06:48:17      251.990     -77.1400      14.5900      101.000      7.29205     0.190809     0.124932
1998-08-09/18:05:54      221.530      21.6400      14.6700      136.000      3.75188     0.719340    0.0454881
1998-08-09/18:06:14      219.180      19.1000      14.7600      136.000      2.72704     0.719340    0.0330628
1998-08-09/18:06:34      218.860      17.7200      14.7100      133.000      2.56416     0.681998    0.0327303
1998-08-09/18:06:54      218.090      16.1700      14.4800      133.000      2.51485     0.681998    0.0321009
1998-08-09/18:07:15      218.700      14.9300      14.5000      125.000      1.84329     0.573576    0.0263533
1998-08-09/18:07:35      217.510      14.1200      14.4900      132.000      2.89838     0.669131    0.0375929
1998-08-09/18:07:55      217.370      12.5900      14.9600      131.000      2.86963     0.656059    0.0377993
1998-08-09/18:08:15      217.320      11.8700      14.6600      130.000      4.24681     0.642788    0.0567798
1998-08-09/18:08:34      217.220      11.0000      14.2800      132.000      3.63051     0.669131    0.0470889
1998-08-09/18:08:54      218.290      12.9000      14.4800      132.000      10.5832     0.669131     0.137268
1998-08-09/18:09:14      216.430      8.34000      14.4100      114.000      1.94222     0.406737    0.0309675
1998-08-09/18:09:34      216.200      6.44000      14.2500      118.000      4.06758     0.469472    0.0626828
1998-08-09/18:09:53      216.650      5.97000      14.2500      118.000      3.42319     0.469472    0.0527525
1998-08-09/18:10:13      217.120      5.01000      14.2100      126.000      11.1706     0.587785     0.157729
1998-08-09/18:10:33      218.700      4.94000      14.0600      138.000      26.7062     0.743145     0.311889
1998-08-09/18:10:53      221.060      5.71000      14.1900      145.000      2.08371     0.819152    0.0208596
1998-08-09/18:11:14      222.350      5.94000      14.2600      140.000      4.85964     0.766045    0.0545191
1998-08-09/18:11:34      221.130      3.63000      14.1400      144.000      9.52545     0.809017    0.0977196
1998-08-09/18:11:54      220.830      2.87000      14.1800      131.000      12.4791     0.656059     0.164377
1998-08-09/18:12:14      219.620     0.500000      14.4500      144.000      2.54515     0.809017    0.0261102
1998-08-09/18:12:33      219.790    -0.790000      14.3100      142.000      3.79876     0.788011    0.0408189
1998-08-09/18:12:53      219.880      1.49000      14.2200      139.000      9.19840     0.754710     0.105325
1998-08-09/18:13:13      219.190     -3.88000      14.2000      128.000      3.17442     0.615661    0.0436590
1998-08-09/20:03:31      227.320      23.7600      14.1600      125.000      2.96422     0.573576    0.0423792
1998-08-09/20:05:10      224.080      18.0800      14.1100      120.000      4.21716     0.500000    0.0637424
1998-08-09/20:05:30      221.170      15.6900      14.1400      126.000      4.58610     0.587785    0.0647558
1998-08-09/20:05:51      218.420      12.6400      14.0100      127.000      2.92358     0.601815    0.0407513
1998-08-09/20:06:11      217.870      11.7200      14.0700      134.000      2.58820     0.694658    0.0324945
1998-08-09/20:06:31      218.160      11.5200      14.2400      139.000      6.00063     0.754710    0.0687095
1998-08-09/20:06:51      217.390      10.1900      10.0700      124.000      5.55415     0.559193    0.0803654
1998-08-09/20:07:10      217.450      8.48000      9.83000      117.000      3.38384     0.453991    0.0526221
1998-08-09/20:07:30      217.690      7.85000      9.67000      120.000      5.29080     0.500000    0.0799704
1998-08-09/20:07:50      220.120      8.90000      9.75000      134.000      9.29396     0.694658     0.116684
1998-08-09/20:09:50      214.770    -0.490000      9.51000      136.000      3.05713     0.719340    0.0370649
1998-08-09/20:10:10      215.230     -1.62000      9.69000      132.000      3.42443     0.669131    0.0444160
1998-08-09/20:10:30      215.540     -2.86000      9.80000      133.000      2.91887     0.681998    0.0372580
1998-08-09/20:10:50      215.270     -4.35000      9.74000      124.000      2.39890     0.559193    0.0347107
1998-08-09/20:11:11      214.570     -6.38000      9.79000      111.000      2.09106     0.358368    0.0340718
1998-08-09/20:11:31      214.900     -6.84000      9.85000      122.000      2.66196     0.529919    0.0394003
1998-08-09/20:11:51      215.450     -6.94000      9.81000      132.000      2.82961     0.669131    0.0367010
1998-08-09/20:12:11      214.630     -7.78000      9.48000      143.000      6.47353     0.798636    0.0679957
1998-08-09/20:12:30      217.370     -9.49000      9.32000      117.000      3.48879     0.453991    0.0542542
1998-08-09/20:12:50      216.760     -10.4300      9.37000      124.000      3.42183     0.559193    0.0495119
1998-08-09/20:13:10      215.550     -11.8000      9.26000      114.000      2.63779     0.406737    0.0420579
1998-08-09/20:13:30      215.610     -12.2700      9.17000      128.000      4.88513     0.615661    0.0671871
1998-08-09/20:13:51      215.280     -13.2600      9.12000      136.000      5.36807     0.719340    0.0650829
1998-08-09/20:14:11      215.680     -13.7200      9.28000      134.000      4.71938     0.694658    0.0592511
1998-08-09/20:14:31      217.770     -14.3900      9.50000      135.000      1.83978     0.707107    0.0227054
1998-08-09/20:14:51      216.830     -15.7300      9.32000      135.000      2.24506     0.707107    0.0277071
1998-08-09/20:15:10      216.130     -17.4500      7.65000      132.000      3.16030     0.669131    0.0409901
1998-08-09/20:15:30      215.660     -19.1600      6.94000      121.000      3.04718     0.515038    0.0455870
1998-08-09/20:15:50      215.610     -20.8800      7.10000      113.000      1.78538     0.390731    0.0286836
1998-08-09/20:16:10      216.090     -22.1900      7.06000      110.000      2.39465     0.342020    0.0392740
1998-08-09/20:16:30      215.240     -22.5700      8.85000      121.000      3.67335     0.515038    0.0549548
1998-08-09/20:16:50      214.580     -24.1900      9.55000      112.000      2.29214     0.374607    0.0370924
1998-08-09/20:17:09      214.740     -25.1300      9.35000      118.000      2.30775     0.469472    0.0355632
1998-08-09/20:17:29      214.630     -26.3000      9.16000      123.000      2.85153     0.544639    0.0417394
1998-08-09/20:17:50      215.160     -27.4500      9.28000      123.000      2.43576     0.544639    0.0356536
1998-08-09/20:18:10      215.150     -28.5600      9.34000      105.000      2.14212     0.258819    0.0361131
1998-08-09/20:18:30      214.710     -29.6100      9.22000      113.000      1.92248     0.390731    0.0308863
1998-08-09/20:18:50      214.430     -30.4200      9.81000      110.000      2.39465     0.342020    0.0392740
1998-08-09/20:19:09      213.810     -31.2900      9.93000      126.000      5.29392     0.587785    0.0747502
1998-08-09/20:19:29      213.550     -32.1100      9.70000      153.000      13.3885     0.891007     0.106085
1998-08-09/20:19:49      213.450     -32.7600      9.68000      157.000      7.91111     0.920505    0.0539501
1998-08-09/20:20:09      213.090     -33.4400      9.29000      127.000      10.7802     0.601815     0.150263
1998-08-09/20:20:30      212.760     -34.4400      9.30000      128.000      8.87976     0.615661     0.122127
1998-08-09/20:20:50      212.930     -35.8300      9.31000      126.000      5.06650     0.587785    0.0715390
1998-08-09/20:21:10      213.090     -37.3000      9.04000      147.000      4.72712     0.838671    0.0449348
1998-08-09/20:21:30      213.760     -38.9100      9.56000      143.000      2.94156     0.798636    0.0308971
1998-08-09/20:21:49      214.810     -40.2400      9.54000      111.000      3.35176     0.358368    0.0546138
1998-08-09/20:22:09      219.610     -41.4300      9.70000      113.000      2.64073     0.390731    0.0424255
1998-08-09/20:22:29      218.490     -40.4300      9.81000      136.000      3.54875     0.719340    0.0430253
1998-08-09/20:22:49      217.610     -42.5100      9.93000      128.000      3.76307     0.615661    0.0517549
1998-08-09/20:23:10      218.740     -44.2500      9.71000      119.000      2.87886     0.484810    0.0439458
1998-08-09/20:23:30      219.150     -45.8100      9.61000      116.000      2.85385     0.438371    0.0447681
1998-08-09/20:23:50      220.140     -45.4400      9.75000      116.000      2.75008     0.438371    0.0431403
1998-08-09/20:24:10      217.600     -46.6000      10.0200      122.000      3.03619     0.529919    0.0449393
1998-08-09/20:24:29      216.720     -48.3600      9.95000      120.000      3.05288     0.500000    0.0461443
1998-08-09/20:24:49      218.140     -49.6900      9.79000      112.000      1.94513     0.374607    0.0314769
1998-08-09/20:25:09      217.030     -50.7400      10.0200      121.000      3.13232     0.515038    0.0468607
1998-08-09/20:25:29      217.170     -51.7200      10.1700      124.000      2.73707     0.559193    0.0396039
