1999-04-01/00:12:03      185.910     -65.9100      13.2800      91.0000      2.01692    0.0174525    0.0351965
1999-04-01/00:12:23      185.830     -65.3100      13.5500      147.000      9.19074     0.838671    0.0873648
1999-04-01/00:12:42      185.950     -64.5800      12.0600      138.000      8.57142     0.743145     0.100102
1999-04-01/00:13:02      186.020     -63.1300      11.1300      126.000      4.16535     0.587785    0.0588148
1999-04-01/00:13:22      185.760     -61.5200      10.9100      114.000      3.37699     0.406737    0.0538440
1999-04-01/00:14:01      185.580     -59.5000      13.1000      113.000      3.25485     0.390731    0.0522919
1999-04-01/00:14:21      185.440     -58.4900      13.0900      171.000      25.2875     0.987688    0.0690424
1999-04-01/00:14:41      185.160     -57.5200      13.4700      117.000      6.88610     0.453991     0.107086
1999-04-01/00:15:01      185.130     -56.9300      12.8000      102.000      6.77877     0.207912     0.115726
1999-04-01/00:15:21      185.340     -55.6200      10.4100      122.000      4.94186     0.529919    0.0731456
1999-04-01/00:15:40      185.240     -53.7100      12.3000      172.000      29.5230     0.990268    0.0717123
1999-04-01/00:16:00      185.170     -52.9900      14.3500      123.000      8.76421     0.544639     0.128287
1999-04-01/00:16:21      185.110     -52.4200      12.5300      132.000      8.40628     0.669131     0.109032
1999-04-01/00:16:41      185.090     -50.6500      12.1000      140.000      28.7126     0.766045     0.322120
1999-04-01/00:17:01      185.180     -49.3600      13.7900      105.000      20.0866     0.258819     0.338632
1999-04-01/00:17:20      185.270     -48.2200      13.6800      137.000      26.5798     0.731354     0.316382
1999-04-01/00:17:40      185.320     -47.1000      15.1500      136.000      10.9112     0.719340     0.132288
1999-04-01/00:18:00      185.400     -46.3000      14.8800      146.000      28.3908     0.829038     0.277087
1999-04-01/00:18:59      185.170     -42.8600      13.9100      115.000      5.27870     0.422618    0.0834988
1999-04-01/00:19:19      185.220     -41.8200      13.6300      121.000      5.39685     0.515038    0.0807390
1999-04-01/00:19:39      185.220     -40.7600      12.5000      156.000      9.61214     0.913545    0.0682356
1999-04-01/00:20:18      185.120     -38.3700      13.1100      119.000      3.98186     0.484810    0.0607831
1999-04-01/00:20:38      185.160     -37.2400      12.8400      113.000      17.3017     0.390731     0.277966
1999-04-01/00:20:58      185.110     -36.1500      13.7300      157.000      9.49892     0.920505    0.0647783
1999-04-01/00:21:18      185.070     -35.1500      12.7400      145.000      5.63405     0.819152    0.0564013
1999-04-01/00:21:58      185.020     -32.7600      12.3300      129.000      6.60271     0.629321    0.0895575
1999-04-01/00:22:18      184.920     -31.7300      13.0100      128.000      9.14166     0.615661     0.125729
1999-04-01/00:22:58      184.910     -29.3500      12.9000      92.0000      9.10694    0.0348995     0.158849
1999-04-01/00:23:17      184.660     -28.3300      15.7300      146.000      8.26028     0.829038    0.0806183
1999-04-01/00:23:37      184.650     -27.2400      15.1900      126.000      8.75951     0.587785     0.123684
1999-04-01/00:23:57      184.490     -26.1700      16.9400      154.000      4.88278     0.898794    0.0373582
1999-04-01/00:24:17      184.260     -25.3400      15.3200      117.000      22.6838     0.453991     0.352756
1999-04-01/00:24:36      184.240     -24.1000      13.3800      118.000      21.8068     0.469472     0.336050
1999-04-01/00:24:56      184.310     -23.1700      14.1800      171.000      29.5698     0.987688    0.0807343
1999-04-01/00:25:16      184.500     -22.0900      13.0000      172.000      21.1630     0.990268    0.0514056
1999-04-01/00:25:36      184.560     -20.9900      13.5400      128.000      5.42834     0.615661    0.0746580
1999-04-01/00:25:56      184.490     -19.9200      13.9200      110.000      7.62332     0.342020     0.125028
1999-04-01/00:26:15      184.450     -18.8500      13.6900      104.000      8.54881     0.241922     0.144773
1999-04-01/00:26:35      184.470     -17.7600      13.4300      111.000      4.86263     0.358368    0.0792319
1999-04-01/00:26:56      184.520     -16.6300      13.5600      115.000      3.88985     0.422618    0.0615299
1999-04-01/00:27:16      184.550     -15.6000      12.4100      147.000      30.4102     0.838671     0.289071
1999-04-01/00:27:56      184.330     -13.2400      12.4900      161.000      21.0039     0.945519     0.119349
1999-04-01/00:28:15      184.400     -12.3300      11.8700      117.000      22.6838     0.453991     0.352756
1999-04-01/00:28:35      184.390     -11.1100      11.1600      145.000      12.0559     0.819152     0.120689
1999-04-01/00:28:55      184.390     -10.0200      11.9300      117.000      22.6838     0.453991     0.352756
1999-04-01/00:29:34      184.340     -7.82000      12.4700      104.000      4.29017     0.241922    0.0726534
1999-04-01/00:29:54      184.330     -6.78000      12.5100      112.000      4.59444     0.374607    0.0743491
1999-04-01/00:30:14      184.280     -5.73000      12.2400      93.0000      3.35027    0.0523359    0.0583931
1999-04-01/00:30:34      184.260     -4.66000      11.8000      111.000      22.2732     0.358368     0.362921
1999-04-01/00:30:53      184.240     -3.58000      11.6800      110.000      3.03986     0.342020    0.0498559
1999-04-01/00:31:13      184.240     -2.46000      11.9800      134.000      2.41209     0.694658    0.0302834
1999-04-01/00:31:33      184.230     -1.39000      11.6400      122.000      3.27587     0.529919    0.0484869
1999-04-01/00:31:53      184.200    -0.270000      11.4700      117.000      7.70864     0.453991     0.119877
1999-04-01/00:32:33      184.120      1.89000      11.0100      132.000      9.93885     0.669131     0.128910
1999-04-01/00:32:53      184.090      3.00000      10.9800      131.000      5.06210     0.656059    0.0666788
1999-04-01/00:33:33      183.850      5.20000      10.9100      143.000      4.53954     0.798636    0.0476817
1999-04-01/00:33:53      183.460      6.41000      13.2700      145.000      2.50573     0.819152    0.0250844
1999-04-01/00:34:12      183.660      7.37000      14.6600      138.000      5.43261     0.743145    0.0634449
1999-04-01/00:34:32      183.840      8.37000      13.4300      143.000      9.09552     0.798636    0.0955362
1999-04-01/00:34:52      183.890      9.44000      12.0100      146.000      12.6474     0.829038     0.123436
1999-04-01/00:35:31      183.890      11.7200      11.6100      94.0000      3.35741    0.0697566    0.0584551
1999-04-01/00:35:51      183.890      12.8200      11.6200      94.0000      10.3942    0.0697566     0.180971
1999-04-01/00:36:11      183.940      13.8900      12.2900      111.000      2.59786     0.358368    0.0423297
1999-04-01/00:36:31      183.980      14.9300      12.4700      95.0000      3.04153    0.0871559    0.0528827
1999-04-01/00:36:51      183.980      15.9800      12.2200      94.0000      4.08838    0.0697566    0.0711819
1999-04-01/00:37:10      183.940      17.0500      11.9400      91.0000      2.91384    0.0174525    0.0508484
1999-04-01/00:37:31      183.870      18.2000      11.6600      92.0000      7.57190    0.0348995     0.132074
1999-04-01/00:37:51      183.880      19.3200      11.9800      117.000      3.38384     0.453991    0.0526221
1999-04-01/00:38:11      183.880      20.3900      12.0700      104.000      2.98416     0.241922    0.0505363
1999-04-01/00:38:31      183.850      21.4900      11.9900      104.000      2.65779     0.241922    0.0450093
1999-04-01/00:38:50      183.830      22.5600      11.9900      107.000      3.00550     0.292372    0.0501638
1999-04-01/00:39:10      183.810      23.6400      11.9800      109.000      3.32780     0.325568    0.0549167
1999-04-01/00:39:30      183.770      24.7100      11.6200      94.0000      3.80161    0.0697566    0.0661890
1999-04-01/00:39:50      183.750      25.8700      11.6900      103.000      2.73067     0.224951    0.0464377
1999-04-01/00:40:09      183.750      26.9300      11.9000      108.000      3.20879     0.309017    0.0532629
1999-04-01/00:40:29      183.710      28.0000      11.9400      112.000      2.09250     0.374607    0.0338617
1999-04-01/00:40:49      183.690      29.0800      11.9400      110.000      2.83141     0.342020    0.0464372
1999-04-01/00:41:09      183.690      30.1800      11.7600      104.000      5.96616     0.241922     0.101036
1999-04-01/00:41:28      183.670      31.2700      11.5800      108.000      4.32231     0.309017    0.0717463
1999-04-01/00:41:48      183.640      32.3700      11.6800      96.0000      10.2091     0.104529     0.177206
1999-04-01/00:42:08      183.600      33.4500      11.7800      110.000      3.17304     0.342020    0.0520402
1999-04-01/00:42:28      183.580      34.5100      11.8300      113.000      3.00172     0.390731    0.0482252
1999-04-01/00:42:49      183.590      35.6500      11.9100      121.000      3.18689     0.515038    0.0476771
1999-04-01/00:43:09      183.580      36.7300      11.7500      100.000      3.53087     0.173648    0.0606891
1999-04-01/00:43:28      183.590      37.8600      11.3900      91.0000      1.65454    0.0174525    0.0288728
1999-04-01/00:43:48      183.580      39.0000      11.3900      115.000      2.69276     0.422618    0.0425942
1999-04-01/00:44:08      183.560      40.1000      11.5000      94.0000      1.95361    0.0697566    0.0340139
1999-04-01/00:44:28      183.510      41.2200      11.4600      99.0000      6.76236     0.156434     0.116572
1999-04-01/00:44:48      183.450      42.3100      11.4500      101.000      2.89487     0.190809    0.0495967
1999-04-01/00:45:07      183.420      43.4300      11.4800      110.000      2.35372     0.342020    0.0386027
1999-04-01/00:45:27      183.400      44.5300      11.6700      115.000      3.09391     0.422618    0.0489396
1999-04-01/00:45:47      183.380      45.6100      11.6900      106.000      4.73724     0.275637    0.0794775
1999-04-01/00:46:07      183.380      46.7400      11.5600      104.000      3.45956     0.241922    0.0585871
1999-04-01/00:46:26      183.440      47.8300      11.5200      111.000      2.16209     0.358368    0.0352292
1999-04-01/00:46:46      183.470      48.9100      11.3200      103.000      2.89847     0.224951    0.0492913
1999-04-01/00:47:06      183.450      50.0200      11.1300      103.000      4.54472     0.224951    0.0772874
1999-04-01/00:47:26      183.380      51.1400      11.0800      106.000      3.50255     0.275637    0.0587629
1999-04-01/00:47:46      183.280      52.2100      11.0900      92.0000      2.02629    0.0348995    0.0353439
1999-04-01/00:48:06      183.210      53.3900      10.8300      92.0000      2.12414    0.0348995    0.0370507
1999-04-01/00:48:26      183.140      54.5600      10.8300      112.000      4.32754     0.374607    0.0700300
1999-04-01/00:48:46      183.120      55.6700      11.1500      109.000      4.71565     0.325568    0.0778196
1999-04-01/00:49:06      183.090      56.7400      11.2200      103.000      1.98394     0.224951    0.0337388
1999-04-01/00:49:25      183.050      57.8400      11.1300      105.000      2.03478     0.258819    0.0343035
1999-04-01/00:49:45      183.030      58.9500      11.1300      104.000      5.25640     0.241922    0.0890164
1999-04-01/00:50:05      182.970      60.0900      11.1200      114.000      1.76200     0.406737    0.0280940
1999-04-01/00:50:25      182.930      61.1900      11.1400      103.000      1.89749     0.224951    0.0322687
1999-04-01/00:50:44      182.880      62.2900      10.9800      105.000      3.60824     0.258819    0.0608298
1999-04-01/00:51:04      182.820      63.4900      10.8700      110.000      2.94955     0.342020    0.0483748
1999-04-01/00:51:24      182.800      64.6700      10.8400      106.000      3.45951     0.275637    0.0580408
1999-04-01/00:51:44      182.720      65.8700      11.0500      102.000      1.65815     0.207912    0.0283078
1999-04-01/00:52:04      182.680      67.0500      10.9700      109.000      5.20272     0.325568    0.0858574
1999-04-01/00:52:23      182.520      68.3600      11.0500      105.000      2.68027     0.258819    0.0451856
1999-04-01/00:52:43      182.320      69.5100      11.2100      106.000      3.45951     0.275637    0.0580408
1999-04-01/00:53:03      182.300      70.7800      11.3800      97.0000      3.70421     0.121869    0.0641688
1999-04-01/00:53:24      182.210      72.1100      11.6300      115.000      3.88985     0.422618    0.0615299
1999-04-01/00:53:44      182.310      73.3200      11.7200      110.000      4.01453     0.342020    0.0658412
1999-04-01/00:54:04      182.460      74.3900      11.9700      103.000      3.30191     0.224951    0.0561522
1999-04-01/00:54:23      182.550      75.3200      11.7100      102.000      1.65815     0.207912    0.0283078
1999-04-01/00:54:43      182.410      76.4200      11.3700      99.0000      2.67129     0.156434    0.0460488
1999-04-01/00:55:03      182.140      77.4700      10.8300      98.0000      2.85571     0.139173    0.0493565
1999-04-01/00:55:23      181.960      78.8700      10.3900      93.0000      2.45544    0.0523359    0.0427968
1999-04-01/00:55:42      181.560      80.3800      10.3100      100.000      2.06637     0.173648    0.0355171
1999-04-01/00:56:02      181.080      81.9900      10.3600      98.0000      2.98906     0.139173    0.0516612
1999-04-01/00:56:22      180.520      83.6500      10.4400      98.0000      2.98906     0.139173    0.0516612
1999-04-01/01:58:51      190.060     -82.2500      16.7900      100.000      2.68670     0.173648    0.0461794
1999-04-01/01:59:11      189.180     -81.1300      16.8000      111.000      2.53204     0.358368    0.0412572
1999-04-01/01:59:32      188.170     -79.7200      17.0700      114.000      2.63779     0.406737    0.0420579
1999-04-01/01:59:52      188.000     -78.8400      17.3100      97.0000      2.93299     0.121869    0.0508088
1999-04-01/02:00:12      188.300     -78.2300      16.6000      112.000      1.86436     0.374607    0.0301698
1999-04-01/02:00:32      187.070     -76.1200      16.1200      122.000      2.86821     0.529919    0.0424530
1999-04-01/02:04:29      184.760     -61.8100      14.1900      101.000      6.78284     0.190809     0.116208
1999-04-01/02:05:09      184.500     -59.6000      16.5800      114.000      2.46245     0.406737    0.0392622
1999-04-01/02:05:29      184.460     -58.5800      16.0500      120.000      7.36306     0.500000     0.111293
1999-04-01/02:05:49      184.330     -57.4200      16.4300      119.000      5.52790     0.484810    0.0843834
1999-04-01/02:06:09      184.250     -56.6500      16.4300      112.000      4.32754     0.374607    0.0700300
1999-04-01/02:06:28      184.300     -55.6600      13.7800      149.000      14.5259     0.857167     0.130575
1999-04-01/02:07:28      183.980     -52.1400      16.2000      126.000      7.03291     0.587785    0.0993048
1999-04-01/02:07:48      184.050     -50.7800      15.0000      139.000      13.7954     0.754710     0.157963
1999-04-01/02:08:07      184.150     -49.6600      16.2300      155.000      9.58593     0.906308    0.0707066
1999-04-01/02:08:27      184.210     -48.5900      15.7600      174.000      32.9279     0.994522    0.0600724
1999-04-01/02:09:07      184.170     -46.5800      16.3000      148.000      6.63263     0.848048    0.0613441
1999-04-01/02:09:46      183.980     -44.1800      15.6300      143.000      13.2280     0.798636     0.138942
1999-04-01/02:10:07      183.970     -43.1100      16.2300      139.000      6.78485     0.754710    0.0776892
1999-04-01/02:10:27      183.930     -42.0900      15.1600      122.000      21.3608     0.529919     0.316166
1999-04-01/02:10:47      183.840     -40.9500      14.5300      114.000      7.61136     0.406737     0.121358
1999-04-01/02:11:26      183.800     -38.6400      15.4800      112.000      17.4097     0.374607     0.281731
1999-04-01/02:11:46      183.820     -37.6300      14.5700      144.000      8.33847     0.809017    0.0855426
1999-04-01/02:12:26      183.760     -35.3700      13.9700      172.000      29.5230     0.990268    0.0717123
1999-04-01/02:12:45      183.670     -34.2000      14.4500      151.000      37.2472     0.874620     0.315168
1999-04-01/02:13:05      183.630     -33.0500      13.8200      168.000      45.0000     0.978148     0.163293
1999-04-01/02:13:25      183.580     -31.9200      16.3700      173.000      31.7538     0.992546    0.0675410
1999-04-01/02:13:45      183.650     -31.0100      15.2900      153.000      16.0297     0.891007     0.127013
1999-04-01/02:14:24      183.670     -28.4900      17.9800      160.000      12.5783     0.939693    0.0750846
1999-04-01/02:14:44      183.640     -27.6100      18.3300      144.000      5.07259     0.809017    0.0520386
1999-04-01/02:15:04      183.660     -26.3700      17.6500      100.000      21.1866     0.173648     0.364158
1999-04-01/02:15:25      183.450     -25.2400      21.7100      162.000      7.50512     0.951056    0.0404778
1999-04-01/02:15:44      183.300     -24.2500      20.8500      143.000      34.4662     0.798636     0.362021
1999-04-01/02:16:04      183.340     -23.2000      20.2500      159.000      20.3561     0.933580     0.127321
1999-04-01/02:16:24      183.270     -22.2100      18.1100      169.000      16.4775     0.981627    0.0548741
1999-04-01/02:16:44      183.360     -21.1100      16.1800      133.000      3.28870     0.681998    0.0419787
1999-04-01/02:17:03      183.400     -19.9500      16.5800      109.000      5.50232     0.325568    0.0908016
1999-04-01/02:17:23      183.380     -18.8700      17.3100      105.000      8.75356     0.258819     0.147573
1999-04-01/02:17:43      183.350     -17.8100      17.7100      157.000      10.0815     0.920505    0.0687512
1999-04-01/02:18:03      183.340     -16.7900      17.3300      114.000      7.39356     0.406737     0.117886
1999-04-01/02:18:42      183.300     -14.4800      15.9400      128.000      9.14166     0.615661     0.125729
1999-04-01/02:19:02      183.270     -13.4400      17.9000      131.000      8.04393     0.656059     0.105956
1999-04-01/02:19:23      183.250     -12.3900      16.9500      132.000      9.52931     0.669131     0.123598
1999-04-01/02:19:43      183.260     -11.2800      15.5000      136.000      9.39420     0.719340     0.113896
1999-04-01/02:20:42      183.280     -7.98000      16.9200      137.000      5.52538     0.731354    0.0657692
1999-04-01/02:21:02      183.240     -6.91000      16.3500      133.000      2.81077     0.681998    0.0358782
1999-04-01/02:21:42      183.140     -4.74000      16.5200      120.000      5.88799     0.500000    0.0889969
1999-04-01/02:22:01      183.140     -3.68000      15.9200      91.0000      5.66563    0.0174525    0.0988688
1999-04-01/02:22:41      183.070     -1.45000      16.3600      134.000      7.61342     0.694658    0.0955853
1999-04-01/02:23:20      183.060     0.700000      16.6400      112.000      3.13059     0.374607    0.0506605
1999-04-01/02:23:40      183.030      1.80000      16.2300      119.000      4.13137     0.484810    0.0630653
1999-04-01/02:24:00      183.000      2.92000      16.2900      112.000      2.95217     0.374607    0.0477732
1999-04-01/02:24:20      182.950      4.06000      16.2200      121.000      6.18368     0.515038    0.0925103
1999-04-01/02:24:41      182.820      5.36000      17.5700      146.000      6.86422     0.829038    0.0669931
1999-04-01/02:25:00      182.800      6.29000      24.6800      159.000      4.15925     0.933580    0.0260149
1999-04-01/02:25:20      182.900      7.18000      21.8400      117.000      6.88610     0.453991     0.107086
1999-04-01/02:25:40      182.930      8.31000      18.9400      103.000      4.71730     0.224951    0.0802222
1999-04-01/02:26:00      182.920      9.44000      17.7700      128.000      4.62609     0.615661    0.0636244
1999-04-01/02:26:20      182.890      10.5800      17.7500      132.000      3.63051     0.669131    0.0470889
1999-04-01/02:26:39      182.900      11.6900      17.7000      126.000      7.03291     0.587785    0.0993048
1999-04-01/02:26:59      182.900      12.8100      17.5200      113.000      4.66686     0.390731    0.0749770
1999-04-01/02:27:19      182.900      13.9000      17.8700      108.000      2.94697     0.309017    0.0489170
1999-04-01/02:27:39      182.890      14.9600      17.8600      98.0000      26.9132     0.139173     0.465153
1999-04-01/02:27:59      182.890      16.0600      17.3900      111.000      2.09106     0.358368    0.0340718
1999-04-01/02:28:18      182.860      17.1500      17.7800      139.000      4.27770     0.754710    0.0489813
1999-04-01/02:28:38      182.820      18.1900      17.9200      131.000      5.27110     0.656059    0.0694318
1999-04-01/02:29:18      182.820      20.4000      17.1300      116.000      6.46327     0.438371     0.101389
1999-04-01/02:29:37      182.800      21.5000      17.3600      103.000      4.53095     0.224951    0.0770532
1999-04-01/02:29:57      182.790      22.5900      17.3800      100.000      2.10644     0.173648    0.0362058
1999-04-01/02:30:17      182.760      23.6900      17.4800      111.000      3.19789     0.358368    0.0521066
1999-04-01/02:30:37      182.720      24.7800      17.4300      117.000      9.28522     0.453991     0.144394
1999-04-01/02:30:57      182.700      25.8900      17.3700      100.000      2.10644     0.173648    0.0362058
1999-04-01/02:31:17      182.680      27.0600      17.5600      111.000      7.62214     0.358368     0.124196
1999-04-01/02:31:37      182.660      28.1500      17.7300      115.000      5.27870     0.422618    0.0834988
1999-04-01/02:31:57      182.640      29.2400      17.7000      103.000      2.53537     0.224951    0.0431164
1999-04-01/02:32:17      182.610      30.3600      17.5000      93.0000      3.21233    0.0523359    0.0559889
1999-04-01/02:32:36      182.580      31.4600      17.5200      100.000      2.78705     0.173648    0.0479042
1999-04-01/02:32:56      182.540      32.5800      17.8500      107.000      2.80513     0.292372    0.0468195
1999-04-01/02:33:16      182.510      33.6300      18.4100      125.000      6.42706     0.573576    0.0918870
1999-04-01/02:33:36      182.530      34.6900      18.2000      108.000      5.99225     0.309017    0.0994658
1999-04-01/02:33:55      182.540      35.8100      17.9700      106.000      3.98240     0.275637    0.0668134
1999-04-01/02:34:15      182.530      36.9300      17.8700      104.000      2.56031     0.241922    0.0433585
1999-04-01/02:34:35      182.500      38.0800      17.7100      100.000      2.20742     0.173648    0.0379414
1999-04-01/02:34:55      182.470      39.2100      17.7200      100.000      2.78705     0.173648    0.0479042
1999-04-01/02:35:15      182.440      40.3500      17.8900      115.000      6.70687     0.422618     0.106090
1999-04-01/02:35:34      182.380      41.4700      18.3600      107.000      3.43378     0.292372    0.0573121
1999-04-01/02:35:54      182.320      42.5600      18.7000      97.0000      8.84642     0.121869     0.153248
1999-04-01/02:36:14      182.270      43.6900      18.8000      109.000      5.20272     0.325568    0.0858574
1999-04-01/02:36:35      182.230      44.8700      19.1000      93.0000      3.31445    0.0523359    0.0577688
1999-04-01/02:36:55      182.190      45.9900      19.1900      96.0000      3.41592     0.104529    0.0592925
1999-04-01/02:37:14      182.140      47.1300      19.2200      101.000      3.63733     0.190809    0.0623170
1999-04-01/02:37:34      182.120      48.2800      19.2900      111.000      2.47319     0.358368    0.0402983
1999-04-01/02:37:54      182.120      49.4400      19.5100      106.000      6.94302     0.275637     0.116484
1999-04-01/02:38:14      182.070      50.5500      19.9800      112.000      3.60949     0.374607    0.0584102
1999-04-01/02:38:34      182.000      51.6500      20.2800      99.0000      9.68878     0.156434     0.167019
1999-04-01/02:38:53      181.970      52.6700      20.5500      167.000      1.11460     0.974370   0.00437607
1999-04-01/02:39:13      181.890      53.7500      20.6600      165.000      2.65176     0.965926    0.0119786
1999-04-01/02:39:33      181.780      54.8700      20.6700      170.000      2.27835     0.984808   0.00690507
1999-04-01/02:39:53      181.810      55.9100      20.6700      167.000      1.25655     0.974370   0.00493338
1999-04-01/02:40:13      181.860      56.8400      20.4100      110.000      3.82218     0.342020    0.0626865
1999-04-01/02:40:32      181.910      57.8000      19.5300      123.000      2.04324     0.544639    0.0299081
1999-04-01/02:40:52      181.980      58.7800      18.7000      114.000      2.09785     0.406737    0.0334489
1999-04-01/02:41:12      181.950      59.9000      18.0300      110.000      26.6230     0.342020     0.436637
1999-04-01/02:41:32      181.950      60.9400      17.6300      114.000      2.26885     0.406737    0.0361754
1999-04-01/02:41:52      182.130      61.9800      17.6000      112.000      1.94513     0.374607    0.0314769
1999-04-01/02:42:12      182.090      63.1100      18.1300      110.000      2.65743     0.342020    0.0435838
1999-04-01/02:42:32      182.040      64.4400      18.5400      112.000      1.94513     0.374607    0.0314769
1999-04-01/02:42:52      182.070      65.6400      18.6800      99.0000      2.55400     0.156434    0.0440269
1999-04-01/02:43:11      181.970      66.8200      18.4800      99.0000      2.97469     0.156434    0.0512789
1999-04-01/02:43:31      181.870      68.0300      18.4300      103.000      2.17751     0.224951    0.0370307
1999-04-01/02:43:51      181.690      69.1500      18.4200      102.000      3.13465     0.207912    0.0535144
1999-04-01/02:44:11      181.590      70.4000      18.3600      101.000      1.85434     0.190809    0.0317697
1999-04-01/02:44:31      181.530      71.5500      18.2600      121.000      2.80403     0.515038    0.0419494
1999-04-01/04:14:50      182.120      1.67000      14.9700      137.000      9.13064     0.731354     0.108683
1999-04-01/04:15:10      182.110      2.77000      14.9900      136.000      2.18785     0.719340    0.0265257
1999-04-01/04:15:30      182.070      3.92000      15.1700      127.000      6.49897     0.601815    0.0905880
1999-04-01/04:15:49      182.010      5.06000      17.5900      147.000      13.4526     0.838671     0.127877
1999-04-01/04:16:09      182.120      6.00000      21.4600      159.000      20.9348     0.933580     0.130941
1999-04-01/04:16:29      182.160      6.94000      19.4400      144.000      13.0306     0.809017     0.133678
1999-04-01/04:16:49      182.130      8.05000      16.5600      135.000      8.06918     0.707107    0.0995845
1999-04-01/04:17:08      182.070      9.18000      15.7000      127.000      9.34365     0.601815     0.130239
1999-04-01/04:17:28      182.030      10.3000      15.3600      114.000      4.53015     0.406737    0.0722304
1999-04-01/04:17:48      182.000      11.4000      14.9900      92.0000      4.65757    0.0348995    0.0812404
1999-04-01/04:18:08      181.970      12.5100      14.6900      94.0000      11.0239    0.0697566     0.191935
1999-04-01/04:18:29      181.970      13.6700      14.8100      112.000      1.98706     0.374607    0.0321554
1999-04-01/04:18:48      181.960      14.7500      15.1600      98.0000      3.15804     0.139173    0.0545818
1999-04-01/04:19:08      181.950      15.8300      14.8400      106.000      8.76014     0.275637     0.146970
1999-04-01/04:19:28      181.920      16.9400      15.1700      114.000      4.53015     0.406737    0.0722304
1999-04-01/04:19:48      181.890      17.9900      15.3900      111.000      4.42117     0.358368    0.0720388
1999-04-01/04:20:07      181.840      19.0400      15.2300      123.000      5.86512     0.544639    0.0858511
1999-04-01/04:21:07      181.770      22.3300      14.5500      111.000      2.53204     0.358368    0.0412572
1999-04-01/04:21:26      181.740      23.4300      14.6000      111.000      2.66344     0.358368    0.0433982
1999-04-01/04:21:46      181.710      24.5200      14.7700      108.000      3.59103     0.309017    0.0596077
1999-04-01/04:22:06      181.680      25.6300      14.8000      98.0000      13.4566     0.139173     0.232576
1999-04-01/04:22:26      181.670      26.7400      14.7400      112.000      4.85743     0.374607    0.0786049
1999-04-01/04:22:46      181.650      27.8600      14.9300      94.0000      4.53576    0.0697566    0.0789711
1999-04-01/04:23:05      181.610      28.9800      15.0900      92.0000      3.53082    0.0348995    0.0615869
1999-04-01/04:23:46      181.510      31.2200      15.3600      118.000      21.8068     0.469472     0.336050
1999-04-01/04:24:06      181.510      32.3500      15.8900      114.000      2.74282     0.406737    0.0437326
1999-04-01/04:24:26      181.510      33.4400      16.3300      99.0000      3.62819     0.156434    0.0625442
1999-04-01/04:25:05      181.450      35.6300      15.7400      102.000      1.92393     0.207912    0.0328451
1999-04-01/04:25:25      181.420      36.7200      15.6100      93.0000      2.97130    0.0523359    0.0517879
1999-04-01/04:25:45      181.390      37.8200      15.5000      102.000      6.19681     0.207912     0.105791
1999-04-01/04:26:05      181.370      38.9400      15.4900      104.000      3.29861     0.241922    0.0558615
1999-04-01/04:26:24      181.340      40.0400      15.4000      112.000      2.95217     0.374607    0.0477732
1999-04-01/04:26:44      181.320      41.1300      15.5200      112.000      2.03620     0.374607    0.0329506
1999-04-01/04:27:04      181.290      42.2000      15.5800      105.000      5.42565     0.258819    0.0914688
1999-04-01/04:27:24      181.250      43.3000      15.3800      104.000      4.43739     0.241922    0.0751466
1999-04-01/04:27:43      181.210      44.4300      15.3900      104.000      4.84063     0.241922    0.0819754
1999-04-01/04:28:03      181.160      45.5700      15.5800      106.000      4.88163     0.275637    0.0819000
1999-04-01/04:28:23      181.110      46.6700      15.7200      102.000      3.70093     0.207912    0.0631819
1999-04-01/04:29:23      181.130      50.2200      15.9300      105.000      3.75271     0.258819    0.0632654
1999-04-01/04:29:43      181.090      51.3200      15.7900      105.000      2.46569     0.258819    0.0415680
1999-04-01/04:30:03      181.050      52.3800      15.8700      102.000      2.08461     0.207912    0.0355882
1999-04-01/04:30:23      180.980      53.4900      15.8600      104.000      2.18875     0.241922    0.0370662
1999-04-01/04:30:43      180.870      54.6200      15.6300      96.0000      3.33394     0.104529    0.0578695
1999-04-01/04:31:02      180.860      55.7800      15.5100      109.000      2.97829     0.325568    0.0491490
1999-04-01/04:31:22      180.860      56.9100      15.5200      104.000      2.98416     0.241922    0.0505363
1999-04-01/04:31:42      180.830      57.9700      15.3200      101.000      2.40509     0.190809    0.0412055
1999-04-01/04:32:02      180.770      59.1600      15.3200      97.0000      3.78949     0.121869    0.0656461
1999-04-01/04:32:21      180.660      60.3800      15.2300      104.000      3.12045     0.241922    0.0528444
1999-04-01/04:32:41      180.550      61.5600      15.2300      100.000      2.22837     0.173648    0.0383015
1999-04-01/04:33:01      180.390      62.6500      15.0900      91.0000      1.37634    0.0174525    0.0240180
1999-04-01/04:33:21      180.400      63.8600      14.9500      99.0000      7.51825     0.156434     0.129603
1999-04-01/04:33:41      180.560      65.0400      14.8600      99.0000      3.62819     0.156434    0.0625442
1999-04-01/04:34:00      180.410      66.1200      14.7500      109.000      4.92358     0.325568    0.0812510
1999-04-01/04:34:21      180.310      67.3500      14.7600      107.000      5.97539     0.292372    0.0997332
1999-04-01/04:34:41      180.360      68.5500      15.0400      103.000      3.59763     0.224951    0.0611812
1999-04-01/04:35:01      180.500      69.5700      15.3200      109.000      3.23959     0.325568    0.0534610
1999-04-01/04:35:21      180.700      70.7300      15.2500      106.000      3.07495     0.275637    0.0515890
1999-04-01/04:35:40      180.490      71.7900      15.3000      112.000      1.90709     0.374607    0.0308613
1999-04-01/04:36:00      180.360      72.9600      15.6100      112.000      2.95217     0.374607    0.0477732
1999-04-01/04:36:20      178.040      74.5000      15.8900      112.000      3.48033     0.374607    0.0563201
1999-04-01/04:36:40      176.250      75.7300      16.1600      103.000      2.53537     0.224951    0.0431164
1999-04-01/04:36:59      173.650      77.5500      15.9800      99.0000      2.63679     0.156434    0.0454541
1999-04-01/04:37:39      172.190      80.1800      15.3900      101.000      2.09172     0.190809    0.0358367
1999-04-01/04:37:59      168.920      82.2700      15.2900      102.000      1.65815     0.207912    0.0283078
1999-04-01/05:42:08      185.720     -80.5500      13.5500      115.000      3.00722     0.422618    0.0475684
1999-04-01/05:43:06      185.350     -76.5200      12.5500      124.000      1.90183     0.559193    0.0275184
1999-04-01/05:43:25      185.210     -76.0100      13.3400      120.000      3.34165     0.500000    0.0505090
1999-04-01/05:43:45      185.470     -75.4900      13.7100      95.0000      3.44413    0.0871559    0.0598827
1999-04-01/05:44:05      184.650     -73.9000      13.5700      106.000      3.50255     0.275637    0.0587629
1999-04-01/05:44:25      184.580     -72.6800      13.4200      108.000      5.99225     0.309017    0.0994658
1999-04-01/05:44:45      184.300     -70.8500      13.1400      99.0000      2.63679     0.156434    0.0454541
1999-04-01/05:45:04      183.840     -68.8100      12.9800      94.0000      2.94591    0.0697566    0.0512906
1999-04-01/05:45:45      183.370     -66.4200      14.4700      101.000      25.3882     0.190809     0.434967
1999-04-01/05:46:05      183.200     -65.6300      14.1900      118.000      21.8068     0.469472     0.336050
1999-04-01/05:46:25      183.310     -64.8100      12.6500      126.000      6.84089     0.587785    0.0965934
1999-04-01/05:46:44      182.910     -62.5600      11.2700      158.000      42.4920     0.927184     0.277818
1999-04-01/05:47:24      182.340     -59.8400      14.6600      174.000      45.0000     0.994522    0.0820963
1999-04-01/05:47:44      182.330     -58.9900      14.1300      133.000      11.2726     0.681998     0.143889
1999-04-01/05:48:04      182.290     -57.8800      13.6400      106.000      9.72621     0.275637     0.163178
1999-04-01/05:48:23      182.140     -56.8800      13.7500      113.000      2.64073     0.390731    0.0424255
1999-04-01/05:48:43      181.900     -56.2700      12.4900      170.000      16.0507     0.984808    0.0486454
1999-04-01/05:49:23      181.730     -53.0000      14.1400      162.000      19.9240     0.951056     0.107457
1999-04-01/05:50:02      181.830     -51.2900      13.7200      114.000      20.2240     0.406737     0.322459
1999-04-01/05:50:22      181.980     -50.1600      12.5600      110.000      5.18814     0.342020    0.0850893
1999-04-01/05:50:42      181.940     -49.0000      12.4700      101.000      2.66120     0.190809    0.0455933
1999-04-01/05:51:03      181.880     -47.8300      11.9900      112.000      2.95217     0.374607    0.0477732
1999-04-01/05:51:22      181.700     -46.5700      12.7900      107.000      22.5796     0.292372     0.376869
1999-04-01/05:51:42      181.670     -45.6300      13.1000      147.000      8.63457     0.838671    0.0820780
1999-04-01/05:52:02      181.730     -44.5200      12.1600      103.000      23.4252     0.224951     0.398368
1999-04-01/05:52:22      181.720     -43.4100      12.4200      105.000      4.88719     0.258819    0.0823911
1999-04-01/05:52:41      181.670     -42.3200      12.1300      119.000      3.42648     0.484810    0.0523052
1999-04-01/05:53:01      181.620     -41.1900      12.2900      105.000      3.40585     0.258819    0.0574178
1999-04-01/05:53:21      181.610     -40.1000      11.9800      124.000      2.94981     0.559193    0.0426821
1999-04-01/06:10:33      180.730      16.6400      13.1400      108.000      10.3627     0.309017     0.172011
1999-04-01/06:10:52      180.720      17.7000      13.3700      99.0000      3.25690     0.156434    0.0561438
1999-04-01/06:11:12      180.710      18.7800      13.6500      127.000      11.0881     0.601815     0.154555
1999-04-01/06:11:32      180.670      19.8400      13.5700      103.000      2.99630     0.224951    0.0509550
1999-04-01/06:11:52      180.670      20.9600      13.3700      103.000      4.36973     0.224951    0.0743115
1999-04-01/06:12:13      180.660      22.1100      13.4100      115.000      4.71998     0.422618    0.0746609
1999-04-01/06:12:32      180.640      23.2000      13.5900      114.000      3.75034     0.406737    0.0597968
1999-04-01/06:12:52      180.630      24.2800      13.6000      113.000      1.87336     0.390731    0.0300971
1999-04-01/06:13:12      180.610      25.3700      13.5200      96.0000      3.54596     0.104529    0.0615496
1999-04-01/06:13:32      180.580      26.4600      13.3500      108.000      5.21591     0.309017    0.0865792
1999-04-01/06:13:51      180.540      27.5700      13.4500      110.000      5.40118     0.342020    0.0885833
1999-04-01/06:14:11      180.500      28.6300      13.6700      111.000      2.47319     0.358368    0.0402983
1999-04-01/06:14:31      180.470      29.6900      14.0400      130.000      5.41771     0.642788    0.0724348
1999-04-01/06:14:51      180.480      30.6800      13.8000      112.000      17.4097     0.374607     0.281731
1999-04-01/06:15:11      180.500      31.8100      13.2400      96.0000      3.24676     0.104529    0.0563562
1999-04-01/06:15:30      180.490      32.9200      13.3700      106.000      5.16517     0.275637    0.0866570
1999-04-01/06:15:50      180.470      34.0500      13.2900      108.000      7.60118     0.309017     0.126172
1999-04-01/06:16:30      180.410      36.2400      13.2000      111.000      3.06196     0.358368    0.0498917
1999-04-01/06:16:49      180.380      37.3300      13.1600      103.000      2.99630     0.224951    0.0509550
1999-04-01/06:17:09      180.350      38.4200      13.1200      111.000      2.25057     0.358368    0.0366709
1999-04-01/06:17:30      180.310      39.5800      13.1800      106.000      3.37382     0.275637    0.0566032
1999-04-01/06:17:50      180.310      40.6800      13.1400      116.000      6.06317     0.438371    0.0951124
1999-04-01/06:18:10      180.320      41.7600      13.1600      117.000      7.25609     0.453991     0.112839
1999-04-01/06:18:30      180.280      42.8400      13.0700      106.000      4.47458     0.275637    0.0750708
1999-04-01/06:19:09      180.160      45.1500      14.1200      109.000      4.71565     0.325568    0.0778196
1999-04-01/06:19:29      180.130      46.2900      14.3900      111.000      2.47319     0.358368    0.0402983
1999-04-01/06:19:49      180.110      47.4000      13.8100      101.000      2.66120     0.190809    0.0455933
1999-04-01/06:20:08      180.120      48.6100      13.0000      108.000      3.72693     0.309017    0.0618636
1999-04-01/06:20:28      180.090      49.7500      13.0200      108.000      3.27522     0.309017    0.0543656
1999-04-01/06:20:48      180.050      50.7900      12.9400      104.000      2.65779     0.241922    0.0450093
1999-04-01/06:21:08      180.050      51.8400      12.8900      114.000      2.97444     0.406737    0.0474256
1999-04-01/06:21:27      179.990      52.9100      13.1100      112.000      7.10157     0.374607     0.114921
1999-04-01/06:21:47      179.850      53.9200      13.3600      94.0000      3.73305    0.0697566    0.0649953
1999-04-01/06:22:07      179.820      55.0400      13.0300      106.000      2.94420     0.275637    0.0493954
1999-04-01/06:22:27      179.820      56.2100      13.0200      104.000      4.98392     0.241922    0.0844020
1999-04-01/06:22:48      179.820      57.4000      13.0200      102.000      2.56531     0.207912    0.0437947
1999-04-01/06:23:07      179.770      58.5400      13.0300      98.0000      3.01301     0.139173    0.0520752
1999-04-01/06:23:27      179.690      59.6500      13.0000      112.000      5.51131     0.374607    0.0891863
1999-04-01/06:23:47      179.600      60.7800      13.1900      110.000      5.18814     0.342020    0.0850893
1999-04-01/06:24:27      179.510      63.0000      12.8600      99.0000      3.05685     0.156434    0.0526952
1999-04-01/06:24:46      179.500      64.2400      12.9000      104.000      2.35032     0.241922    0.0398023
1999-04-01/06:25:06      179.400      65.4200      13.0000      108.000      18.8223     0.309017     0.312433
1999-04-01/06:25:26      179.380      66.5600      12.9000      115.000      22.3924     0.422618     0.354204
1999-04-01/06:25:46      179.300      67.8000      13.1100      106.000      2.94420     0.275637    0.0493954
1999-04-01/06:26:05      179.320      68.7900      13.2100      105.000      5.93599     0.258819     0.100072
1999-04-01/06:26:25      179.340      70.0200      13.1400      106.000      3.23908     0.275637    0.0543426
1999-04-01/06:26:45      179.380      71.3100      13.1800      106.000      4.39636     0.275637    0.0737585
1999-04-01/06:27:05      179.120      72.6000      13.2800      106.000      4.31371     0.275637    0.0723719
1999-04-01/06:27:25      178.810      74.0900      13.2100      106.000      7.75714     0.275637     0.130143
1999-04-01/06:27:44      178.880      75.4800      13.1500      103.000      2.80807     0.224951    0.0477539
1999-04-01/06:28:05      178.600      76.8200      12.9800      104.000      3.45956     0.241922    0.0585871
1999-04-01/06:28:25      178.230      77.9600      13.1800      101.000      2.17303     0.190809    0.0372297
1999-04-01/08:13:15      174.210      51.0000      10.8300      64.0000      1.94748     0.438371    0.0305500
1999-04-01/08:13:35      174.530      52.8400      11.6200      63.0000      2.47717     0.453990    0.0385225
1999-04-01/08:13:56      175.430      54.6000      11.2700      60.0000      2.45967     0.500000    0.0371779
1999-04-01/08:14:16      176.250      56.1400      10.3300      56.0000      1.61630     0.559193    0.0233869
1999-04-01/08:14:36      176.280      57.7700      11.5300      64.0000      2.04489     0.438371    0.0320780
1999-04-01/08:14:56      175.790      58.3500      11.6200      57.0000      2.14938     0.544639    0.0314617
1999-04-01/08:15:15      175.940      59.7100      11.2500      60.0000      2.64246     0.500000    0.0399408
1999-04-01/08:15:35      175.360      61.1000      12.4900      64.0000      2.36999     0.438371    0.0371778
1999-04-01/08:15:55      175.360      62.0200      12.5500      65.0000      1.67200     0.422618    0.0264478
1999-04-01/08:16:15      175.660      63.4000      12.1100      62.0000      1.91433     0.469472    0.0295005
1999-04-01/08:16:34      175.630      64.7000      11.7700      65.0000      2.00852     0.422618    0.0317709
1999-04-01/08:16:54      175.820      66.0900      12.1500      22.0000      6.92310     0.927184    0.0452641
1999-04-01/08:17:14      175.360      67.0600      11.5200      58.0000      3.18689     0.529919    0.0471699
1999-04-01/08:17:34      174.450      68.2200      12.3600      50.0000      2.65361     0.642788    0.0354788
1999-04-01/08:17:55      174.510      69.3800      10.9600      53.0000      2.78934     0.601815    0.0388801
1999-04-01/08:18:14      173.530      70.3200      11.0000      77.0000      2.23194     0.224951    0.0379563
1999-04-01/08:18:34      173.950      71.7200      12.2600      68.0000      2.43529     0.374607    0.0394089
1999-04-01/08:18:54      172.250      72.5600      11.2600      74.0000      3.09738     0.275637    0.0519653
1999-04-01/08:19:14      170.150      72.8600      10.2500      71.0000      2.85097     0.325568    0.0470479
1999-04-01/08:19:34      173.790      74.0500      9.60000      59.0000      2.97762     0.515038    0.0445464
1999-04-01/08:19:53      176.300      75.6700      10.2000      65.0000      2.54404     0.422618    0.0402418
1999-04-01/08:20:13      170.130      77.0100      11.4200      69.0000      2.88719     0.358368    0.0470440
1999-04-01/08:20:33      168.610      77.7700      7.85000      67.0000      2.22430     0.390731    0.0357352
1999-04-01/08:20:53      168.880      78.0600      9.02000      62.0000      3.38384     0.469472    0.0521461
1999-04-01/08:21:12      169.920      79.2800      10.2800      58.0000      2.35910     0.529919    0.0349176
1999-04-01/08:21:32      170.030      80.4500      10.1500      53.0000      2.17909     0.601815    0.0303739
1999-04-01/08:21:48      171.520      81.1300      9.09000      51.0000      3.61859     0.629320    0.0490817
1999-04-01/08:24:29      59.0100      88.6000      10.6800      56.0000      1.83647     0.559193    0.0265727
1999-04-01/08:24:49      31.7200      87.5700      11.5600      57.0000      2.48027     0.544639    0.0363051
1999-04-01/08:25:09      25.9800      86.1600      11.5500      69.0000      2.45938     0.358368    0.0400733
1999-04-01/08:25:28      22.8000      85.2200      11.2100      68.0000      2.09106     0.374607    0.0338384
1999-04-01/08:25:48      19.3800      84.1600      11.3100      67.0000      1.61897     0.390731    0.0260101
1999-04-01/08:26:08      16.7000      83.4300      10.9200      89.0000      1.68442    0.0174524    0.0293942
1999-04-01/08:26:28      13.7900      82.6700      10.5700      62.0000      4.65407     0.469472    0.0717208
1999-04-01/08:26:47      11.2400      81.7100      10.6800      54.0000      2.41496     0.587785    0.0340993
1999-04-01/08:27:07      9.20000      80.7400      10.8800      68.0000      2.89320     0.374607    0.0468189
1999-04-01/08:27:27      7.97000      79.7700      10.7400      54.0000      2.54251     0.587785    0.0359003
1999-04-01/08:27:47      7.46000      78.7700      10.4300      54.0000      2.63929     0.587785    0.0372668
1999-04-01/08:28:07      6.62000      77.6700      10.8100      62.0000      3.27689     0.469472    0.0504980
1999-04-01/08:28:27      6.04000      76.6400      10.9200      60.0000      3.29344     0.500000    0.0497803
1999-04-01/08:29:07      4.59000      74.9300      9.07000      53.0000      7.40466     0.601815     0.103212
1999-04-01/08:29:27      4.39000      73.8200      9.68000      54.0000      6.10809     0.587785    0.0862463
1999-04-01/08:30:06      4.22000      71.5000      10.0100      78.0000      2.02113     0.207912    0.0345045
1999-04-01/08:30:26      4.46000      70.2500      10.0500      73.0000      3.98240     0.292372    0.0664689
1999-04-01/08:30:46      4.07000      69.0400      10.5200      79.0000      2.06637     0.190809    0.0354023
1999-04-01/08:31:05      4.16000      67.7000      10.0400      82.0000      2.93299     0.139173    0.0506922
1999-04-01/08:31:25      3.71000      66.4400      10.2400      83.0000      2.70511     0.121869    0.0468612
1999-04-01/08:31:45      3.44000      65.1900      10.4900      83.0000      2.27516     0.121869    0.0394130
1999-04-01/08:32:05      3.39000      64.1000      10.7100      89.0000      1.05765    0.0174524    0.0184567
1999-04-01/08:32:25      3.40000      62.9200      10.6200      89.0000      1.15647    0.0174524    0.0201811
1999-04-01/08:32:44      3.21000      61.9100      10.6400      84.0000      2.58933     0.104528    0.0449448
1999-04-01/08:33:04      2.80000      60.7800      10.6900      75.0000      3.29861     0.258819    0.0556099
1999-04-01/08:33:24      2.56000      59.4000      10.8000      74.0000      2.58033     0.275637    0.0432907
1999-04-01/08:33:45      2.84000      58.1900      11.1500      74.0000      2.46569     0.275637    0.0413673
1999-04-01/08:34:05      2.78000      57.0100      11.2800      77.0000      1.43056     0.224951    0.0243281
1999-04-01/08:34:24      3.23000      55.2000      11.8500      78.0000      1.30014     0.207912    0.0221959
1999-04-01/08:34:44      2.97000      54.1800      11.8700      77.0000      1.19059     0.224951    0.0202471
1999-04-01/08:35:04      3.27000      53.3300      11.7200      70.0000      2.46527     0.342020    0.0404322
1999-04-01/08:35:24      3.24000      52.0900      11.6500      74.0000      1.91034     0.275637    0.0320501
1999-04-01/08:35:44      2.53000      51.3300      11.3900      72.0000      2.08872     0.309017    0.0346708
1999-04-01/08:36:03      2.50000      50.6800      11.0100      75.0000      1.58372     0.258819    0.0266993
1999-04-01/08:36:23      2.38000      49.5700      10.4600      71.0000      2.34566     0.325568    0.0387090
1999-04-01/08:36:43      2.08000      48.7400      9.82000      74.0000      2.68027     0.275637    0.0449674
1999-04-01/08:37:03      1.40000      47.9500      9.05000      76.0000      2.64059     0.241922    0.0447180
1999-04-01/08:37:23      1.47000      46.8600      9.28000      74.0000      2.76988     0.275637    0.0464708
1999-04-01/08:37:42      2.03000      45.7000      9.47000      77.0000      1.22979     0.224951    0.0209138
1999-04-01/08:38:02      2.59000      44.4800      9.43000      77.0000      2.08461     0.224951    0.0354508
1999-04-01/08:38:42      2.25000      42.0600      10.5200      76.0000      1.98394     0.241922    0.0335977
1999-04-01/08:39:02      2.02000      41.0900      10.7200      72.0000      4.13682     0.309017    0.0686674
1999-04-01/08:39:22      1.62000      39.8400      10.3600      75.0000      3.22223     0.258819    0.0543222
1999-04-01/08:39:42      1.65000      38.0500      10.7100      77.0000      1.92393     0.224951    0.0327183
1999-04-01/08:40:02      2.58000      36.4800      10.1300      73.0000      6.58798     0.292372     0.109958
1999-04-01/08:40:21      3.44000      35.9800      8.78000      68.0000      2.25057     0.374607    0.0364197
1999-04-01/08:40:41      2.43000      36.0700      8.90000      86.0000      2.17456    0.0697565    0.0378608
1999-04-01/08:41:01      1.82000      34.9800      8.87000      84.0000      2.86062     0.104528    0.0496537
1999-04-01/08:41:21      1.12000      33.8700      8.84000      77.0000      1.60103     0.224951    0.0272271
1999-04-01/08:41:41     0.840000      32.7200      9.11000      72.0000      3.00550     0.309017    0.0498885
1999-04-01/08:42:00     0.790000      31.3700      9.30000      69.0000      2.65743     0.358368    0.0433003
1999-04-01/08:42:20      1.06000      30.1100      9.08000      66.0000      1.78538     0.406737    0.0284668
1999-04-01/08:42:40      1.26000      29.2800      8.12000      68.0000      1.80723     0.374607    0.0292453
1999-04-01/08:43:00      1.46000      28.4100      8.29000      76.0000      1.89749     0.241922    0.0321337
1999-04-01/08:43:19      1.09000      26.7900      9.20000      67.0000      2.29214     0.390731    0.0368252
1999-04-01/08:43:39     0.680000      25.8800      9.13000      63.0000      1.94197     0.453990    0.0301996
1999-04-01/08:43:59      1.02000      24.8400      9.38000      63.0000      2.47717     0.453990    0.0385225
1999-04-01/08:44:20      1.27000      22.9100      9.77000      64.0000      2.15278     0.438371    0.0337705
1999-04-01/08:44:40      1.29000      21.9800      10.1700      65.0000      2.05132     0.422618    0.0324479
1999-04-01/08:45:00      1.33000      20.5200      9.81000      67.0000      1.94513     0.390731    0.0312501
1999-04-01/08:45:19     0.830000      20.0500      9.41000      70.0000      2.34075     0.342020    0.0383900
1999-04-01/08:45:39     0.960000      19.8900      9.13000      69.0000      2.94955     0.358368    0.0480601
1999-04-01/08:45:59      1.05000      18.1100      10.0500      67.0000      1.42458     0.390731    0.0228871
1999-04-01/08:46:19      1.20000      17.7900      9.88000      77.0000      1.31060     0.224951    0.0222880
1999-04-01/08:46:39      1.39000      16.5400      10.0700      69.0000      2.05488     0.358368    0.0334823
1999-04-01/08:46:58      2.40000      13.0700      10.0100      70.0000      2.25531     0.342020    0.0369887
1999-04-01/08:47:18      1.18000      13.9700      10.3800      76.0000      1.78707     0.241922    0.0302638
1999-04-01/08:47:38      1.41000      12.9800      9.85000      70.0000      2.65359     0.342020    0.0435208
1999-04-01/21:00:03      172.300      15.8900      9.86000      74.0000      5.02431     0.275637    0.0842938
1999-04-01/21:00:23      172.270      16.9800      9.93000      88.0000      3.29495    0.0348994    0.0574727
1999-04-01/21:00:43      172.250      18.0500      9.98000      78.0000      4.69498     0.207912    0.0801522
1999-04-01/21:01:23      172.200      20.2200      10.0300      86.0000      2.71011    0.0697565    0.0471851
1999-04-01/21:01:42      172.170      21.3100      10.1800      60.0000      3.98186     0.500000    0.0601858
1999-04-01/21:02:02      172.140      22.3900      10.3000      66.0000      2.79642     0.406737    0.0445872
1999-04-01/21:02:22      172.130      23.4700      10.2300      89.0000      2.37877    0.0174524    0.0415111
1999-04-01/21:02:43      172.110      24.6100      10.2200      71.0000      3.91815     0.325568    0.0646589
1999-04-01/21:03:03      172.080      25.6900      10.0400      85.0000      3.53395    0.0871558    0.0614444
1999-04-01/21:03:22      172.070      26.8000      10.0100      77.0000      2.97429     0.224951    0.0505807
1999-04-01/21:03:42      172.050      27.9000      10.0900      63.0000      8.29996     0.453990     0.129073
1999-04-01/21:04:02      172.040      28.9800      10.3000      56.0000      4.92552     0.559193    0.0712695
1999-04-01/21:04:22      172.010      30.0600      10.4700      59.0000      5.62883     0.515038    0.0842095
1999-04-01/21:04:42      172.000      31.1500      10.4300      74.0000      4.18673     0.275637    0.0702415
1999-04-01/21:05:41      171.900      34.4400      10.6900      66.0000      5.21823     0.406737    0.0832014
1999-04-01/21:06:01      171.860      35.5300      10.6100      88.0000      3.85790    0.0348994    0.0672920
1999-04-01/21:06:20      171.820      36.6300      10.8100      79.0000      3.53087     0.190809    0.0604931
1999-04-01/21:06:40      171.810      37.6900      10.7800      84.0000      5.25308     0.104528    0.0911813
1999-04-01/21:07:20      171.730      39.9100      10.8400      62.0000      9.28522     0.469472     0.143088
1999-04-01/21:07:40      171.720      40.9600      10.9500      88.0000      2.60639    0.0348994    0.0454624
1999-04-01/21:08:00      171.680      42.1200      10.8900      75.0000      4.75772     0.258819    0.0802084
1999-04-01/21:08:20      171.650      43.2000      11.0600      73.0000      8.12844     0.292372     0.135669
1999-04-01/21:08:40      171.630      44.2800      10.8300      88.0000      4.35137    0.0348994    0.0758995
1999-04-01/21:09:00      171.570      45.4300      10.9400      75.0000      8.06438     0.258819     0.135954
1999-04-01/21:09:19      171.540      46.5000      11.1600      61.0000      21.8068     0.484810     0.332881
1999-04-01/21:09:39      171.510      47.6000      11.1600      71.0000      4.07119     0.325568    0.0671845
1999-04-01/21:09:59      171.500      48.7100      11.1800      72.0000      6.22387     0.309017     0.103310
1999-04-01/21:10:19      171.460      49.8100      11.1900      79.0000      2.20742     0.190809    0.0378189
1999-04-01/21:10:38      171.400      50.9000      11.2200      76.0000      4.55580     0.241922    0.0771518
1999-04-01/21:10:58      171.360      52.0000      11.2700      78.0000      3.52032     0.207912    0.0600985
1999-04-01/21:11:18      171.320      53.0900      11.3000      77.0000      2.08461     0.224951    0.0354508
1999-04-01/21:12:37      171.050      57.5600      11.3100      80.0000      4.24290     0.173648    0.0729276
1999-04-01/21:12:57      171.060      58.6000      11.4400      73.0000      8.48343     0.292372     0.141594
1999-04-01/21:13:18      171.020      59.7100      11.3100      74.0000      20.0866     0.275637     0.336997
1999-04-01/21:13:38      170.970      60.8300      11.2100      76.0000      6.49921     0.241922     0.110063
1999-04-01/21:14:17      170.780      63.0600      11.3800      81.0000      13.4566     0.156434     0.231970
1999-04-01/21:14:37      170.600      64.1600      11.6100      88.0000      7.90612    0.0348994     0.137904
1999-04-01/21:14:57      170.550      65.1900      11.6900      87.0000      6.56601    0.0523359     0.114441
1999-04-01/21:15:17      170.550      66.2300      11.5900      78.0000      2.40509     0.207912    0.0410594
1999-04-01/21:15:37      170.490      67.3800      11.3100      73.0000      4.58811     0.292372    0.0765786
1999-04-01/21:15:56      170.460      68.4900      11.4200      79.0000      2.17704     0.190809    0.0372984
1999-04-01/21:16:16      170.420      69.5600      11.4400      79.0000      2.20742     0.190809    0.0378189
1999-04-01/21:16:36      170.280      70.7100      11.2000      75.0000      3.55530     0.258819    0.0599373
1999-04-01/21:16:56      170.080      71.8600      11.1600      79.0000      2.86438     0.190809    0.0490743
1999-04-01/21:17:15      169.860      73.0100      11.1800      80.0000      3.85562     0.173648    0.0662709
1999-04-01/21:17:35      169.680      74.1400      11.2400      73.0000      4.47458     0.292372    0.0746837
1999-04-01/21:17:55      169.510      75.2600      11.2300      76.0000      2.53537     0.241922    0.0429361
1999-04-01/21:18:15      169.310      76.4000      11.2600      77.0000      2.56531     0.224951    0.0436256
1999-04-01/21:18:35      169.030      77.6200      11.2300      75.0000      3.76712     0.258819    0.0635083
1999-04-01/21:18:55      168.710      78.7600      11.2900      77.0000      3.60088     0.224951    0.0612364
1999-04-01/21:19:15      168.510      79.8600      11.3900      76.0000      7.18252     0.241922     0.121635
1999-04-01/21:19:35      168.150      80.9300      11.3400      81.0000      4.26953     0.156434    0.0735999
1999-04-01/21:19:55      167.630      82.0400      11.2500      81.0000      5.49410     0.156434    0.0947096
1999-04-01/21:20:54      163.860      85.5900      11.2600      86.0000      3.31445    0.0697565    0.0577071
1999-04-01/21:21:13      160.780      86.7100      11.3000      79.0000      3.59287     0.190809    0.0615553
1999-04-01/21:21:33      153.720      87.8700      11.3100      85.0000      3.80161    0.0871558    0.0660981
1999-04-01/21:22:12      62.9100      89.2800      11.1400      76.0000      4.07256     0.241922    0.0689682
1999-04-01/21:22:52      207.170      85.8100      11.3600      80.0000      4.55162     0.173648    0.0782339
1999-04-01/22:48:32      171.340      7.17000      9.42000      46.0000      4.09574     0.694658    0.0514214
1999-04-01/22:48:52      171.420      8.08000      10.4700      43.0000      24.0070     0.731354     0.285758
1999-04-01/22:49:11      171.500      9.08000      9.77000      63.0000      8.72278     0.453990     0.135648
1999-04-01/22:49:31      171.490      10.1900      8.89000      82.0000      6.02447     0.139173     0.104124
1999-04-01/22:50:11      171.440      12.4700      8.87000      76.0000      4.55580     0.241922    0.0771518
1999-04-01/22:50:30      171.390      13.5700      9.15000      80.0000      4.06312     0.173648    0.0698375
1999-04-01/22:51:31      171.320      16.9000      9.23000      85.0000      5.55826    0.0871558    0.0966408
1999-04-01/22:51:51      171.300      17.9600      9.19000      89.0000      8.33890    0.0174524     0.145519
1999-04-01/22:52:11      171.260      19.0400      9.02000      87.0000      3.29409    0.0523359    0.0574139
1999-04-01/22:52:30      171.220      20.1000      9.07000      60.0000      5.18222     0.500000    0.0783292
1999-04-01/22:52:50      171.220      21.1900      9.02000      77.0000      2.23194     0.224951    0.0379563
1999-04-01/22:53:10      171.190      22.2900      9.13000      83.0000      3.49060     0.121869    0.0604684
1999-04-01/22:53:30      171.160      23.3600      9.17000      76.0000      2.64059     0.241922    0.0447180
1999-04-01/22:53:49      171.150      24.4400      9.05000      81.0000      2.79037     0.156434    0.0481016
1999-04-01/22:54:29      171.100      26.6300      8.89000      77.0000      2.16385     0.224951    0.0367984
1999-04-01/22:55:28      171.080      29.9400      8.90000      65.0000      3.75034     0.422618    0.0593231
1999-04-01/22:56:08      170.980      32.0900      8.66000      81.0000      3.65394     0.156434    0.0629881
1999-04-01/22:56:29      170.930      33.2100      8.60000      73.0000      2.94420     0.292372    0.0491407
1999-04-01/22:56:49      170.940      34.2400      8.92000      65.0000      3.75034     0.422618    0.0593231
1999-04-01/22:57:08      170.930      35.3100      9.01000      75.0000      2.65779     0.258819    0.0448066
1999-04-01/22:57:28      170.940      36.4100      9.14000      60.0000      2.87886     0.500000    0.0435140
1999-04-01/22:57:48      170.920      37.4800      9.11000      82.0000      3.10004     0.139173    0.0535793
1999-04-01/22:58:08      170.870      38.6100      8.95000      82.0000      2.79514     0.139173    0.0483096
1999-04-01/22:58:27      170.860      39.7300      9.18000      63.0000      2.85385     0.453990    0.0443802
1999-04-01/22:58:47      170.860      40.8100      9.21000      87.0000      1.48983    0.0523359    0.0259668
1999-04-01/22:59:07      170.820      41.9300      9.13000      80.0000      2.72954     0.173648    0.0469157
1999-04-01/22:59:27      170.790      43.0200      9.27000      76.0000      2.64059     0.241922    0.0447180
1999-04-01/22:59:47      170.780      44.1000      9.05000      71.0000      3.03428     0.325568    0.0500729
1999-04-01/23:00:06      170.740      45.2100      8.97000      67.0000      2.15767     0.390731    0.0346648
1999-04-01/23:00:26      170.730      46.2800      9.04000      64.0000      3.00722     0.438371    0.0471740
1999-04-01/23:00:46      170.700      47.3400      9.03000      83.0000      2.51410     0.121869    0.0435523
1999-04-01/23:01:06      170.690      48.4500      8.81000      79.0000      2.93754     0.190809    0.0503278
1999-04-01/23:01:25      170.640      49.5900      9.00000      77.0000      1.22979     0.224951    0.0209138
1999-04-01/23:01:46      170.610      50.7300      8.99000      74.0000      2.46569     0.275637    0.0413673
1999-04-01/23:02:06      170.560      51.8200      9.11000      75.0000      2.35032     0.258819    0.0396231
1999-04-01/23:02:26      170.540      52.8900      9.01000      71.0000      3.20879     0.325568    0.0529528
1999-04-01/23:02:46      170.450      53.9700      8.84000      79.0000      2.08986     0.190809    0.0358048
1999-04-01/23:03:05      170.380      55.0500      8.38000      84.0000      3.12222     0.104528    0.0541945
1999-04-01/23:03:25      170.260      56.1600      8.47000      66.0000      2.10025     0.406737    0.0334872
1999-04-01/23:03:45      170.220      57.2000      8.72000      72.0000      2.44629     0.309017    0.0406061
1999-04-01/23:04:05      170.290      58.2500      8.78000      71.0000      2.85097     0.325568    0.0470479
1999-04-01/23:04:24      170.280      59.3000      8.78000      78.0000      1.85434     0.207912    0.0316571
1999-04-01/23:04:44      170.230      60.4000      8.77000      77.0000      1.60103     0.224951    0.0272271
1999-04-01/23:05:04      170.190      61.5200      8.78000      80.0000      2.34396     0.173648    0.0402883
1999-04-01/23:05:24      170.140      62.6200      8.87000      81.0000      2.95756     0.156434    0.0509836
1999-04-01/23:05:43      170.000      63.6900      9.24000      78.0000      3.93997     0.207912    0.0672628
1999-04-01/23:06:23      169.970      65.7800      9.04000      83.0000      2.40437     0.121869    0.0416514
1999-04-01/23:06:43      169.910      66.9000      8.87000      82.0000      3.05153     0.139173    0.0527409
1999-04-01/23:07:04      169.920      68.0900      8.85000      75.0000      3.37305     0.258819    0.0568649
1999-04-01/23:07:24      169.870      69.1900      8.93000      77.0000      2.45751     0.224951    0.0417923
1999-04-01/23:07:43      169.750      70.3200      8.78000      79.0000      2.25861     0.190809    0.0386959
1999-04-01/23:08:03      169.500      71.4600      8.83000      74.0000      2.85935     0.275637    0.0479718
1999-04-01/23:08:23      169.340      72.6000      8.95000      77.0000      1.73073     0.224951    0.0294327
1999-04-01/23:08:43      169.460      73.7300      8.90000      77.0000      1.65815     0.224951    0.0281984
1999-04-01/23:09:03      169.370      74.8500      8.75000      74.0000      4.18673     0.275637    0.0702415
1999-04-01/23:09:22      169.120      75.9900      8.85000      78.0000      1.32042     0.207912    0.0225421
1999-04-01/23:09:42      168.950      77.1000      8.69000      76.0000      2.53537     0.241922    0.0429361
1999-04-01/23:10:02      168.550      78.2400      8.72000      74.0000      2.46569     0.275637    0.0413673
1999-04-01/23:10:22      168.550      79.3700      8.69000      72.0000      3.00550     0.309017    0.0498885
1999-04-01/23:10:41      168.200      80.4000      8.61000      78.0000      1.85434     0.207912    0.0316571
1999-04-01/23:11:01      167.490      81.4800      8.59000      78.0000      1.35630     0.207912    0.0231546
1999-04-01/23:11:21      166.300      82.6000      8.69000      78.0000      2.66120     0.207912    0.0454317
1999-04-01/23:11:41      165.760      83.7500      8.62000      81.0000      4.26953     0.156434    0.0735999
1999-04-01/23:12:01      165.570      84.9700      8.48000      80.0000      2.86740     0.173648    0.0492853
1999-04-01/23:12:20      164.180      86.1200      8.51000      81.0000      2.95756     0.156434    0.0509836
1999-04-01/23:12:39      160.620      87.2700      8.57000      76.0000      2.24958     0.241922    0.0380963
1999-04-01/23:13:19      110.990      89.3100      8.44000      87.0000      2.12414    0.0523359    0.0370224
1999-04-01/23:13:39      25.3900      88.9800      8.04000      70.0000      5.14260     0.342020    0.0843424
1999-04-01/23:13:59      356.010      86.7000      8.37000      77.0000      1.86721     0.224951    0.0317537
1999-04-01/23:14:18      358.620      85.8600      8.97000      86.0000      1.86007    0.0697565    0.0323853
1999-04-01/23:14:38     0.110000      85.2000      8.79000      86.0000      2.45544    0.0697565    0.0427511
1999-04-01/23:15:19      358.080      82.8000      8.70000      86.0000      2.71011    0.0697565    0.0471851
1999-04-01/23:15:39      355.950      82.2400      9.01000      87.0000      1.97205    0.0523359    0.0343716
1999-04-02/00:50:15      169.960      41.6500      10.6200      74.0000      2.46569     0.275637    0.0413673
1999-04-02/00:50:35      169.920      42.7600      10.8200      77.0000      2.75810     0.224951    0.0469042
1999-04-02/00:50:55      169.920      43.9000      10.6300      76.0000      1.73153     0.241922    0.0293232
1999-04-02/00:51:15      169.860      45.0200      10.7000      84.0000      1.90218     0.104528    0.0330174
1999-04-02/00:51:34      169.830      46.1300      10.7700      66.0000      1.69368     0.406737    0.0270047
1999-04-02/00:51:54      169.810      47.2300      10.7000      75.0000      2.98416     0.258819    0.0503087
1999-04-02/00:52:14      169.650      48.4200      10.5300      79.0000      1.69625     0.190809    0.0290612
1999-04-02/00:52:34      169.500      49.4900      10.3000      70.0000      2.04840     0.342020    0.0335953
1999-04-02/00:52:55      169.510      50.5800      10.1100      72.0000      1.77603     0.309017    0.0294804
1999-04-02/00:53:15      169.590      51.6700      9.96000      74.0000      2.58033     0.275637    0.0432907
1999-04-02/00:53:34      169.670      52.7800      9.91000      63.0000      3.23533     0.453990    0.0503126
1999-04-02/00:53:54      169.770      53.9000      9.68000      86.0000      1.86007    0.0697565    0.0323853
1999-04-02/00:54:14      169.750      55.0000      9.40000      83.0000      2.99009     0.121869    0.0517979
1999-04-02/00:54:34      169.610      56.0400      9.42000      61.0000      2.71868     0.484810    0.0415006
1999-04-02/00:54:53      169.720      57.1600      9.85000      76.0000      1.78707     0.241922    0.0302638
1999-04-02/00:55:13      169.760      58.3400      9.94000      71.0000      2.72086     0.325568    0.0449008
1999-04-02/00:55:33      169.590      59.3200      9.74000      76.0000      2.24958     0.241922    0.0380963
1999-04-02/00:55:53      169.220      60.2600      8.85000      78.0000      1.41405     0.207912    0.0241405
1999-04-02/00:56:13      169.300      61.2300      8.88000      72.0000      2.19297     0.309017    0.0364013
1999-04-02/00:56:32      169.560      62.2400      9.12000      75.0000      2.45144     0.258819    0.0413278
1999-04-02/00:56:52      169.530      63.2900      9.73000      67.0000      1.56737     0.390731    0.0251811
1999-04-02/00:57:12      169.540      64.3700      9.88000      78.0000      1.32042     0.207912    0.0225421
1999-04-02/00:57:32      169.580      65.4900      9.81000      77.0000      1.31060     0.224951    0.0222880
1999-04-02/00:57:51      169.680      66.6200      9.63000      80.0000      2.27326     0.173648    0.0390731
1999-04-02/00:58:12      169.690      67.8800      9.24000      71.0000      2.15622     0.325568    0.0355828
1999-04-02/00:58:32      169.660      68.9800      9.07000      74.0000      2.03478     0.275637    0.0341379
1999-04-02/00:58:52      169.560      70.1100      8.82000      76.0000      1.42981     0.241922    0.0242136
1999-04-02/00:59:12      169.450      71.1900      8.59000      75.0000      2.26526     0.258819    0.0381891
1999-04-02/00:59:31      169.310      72.3000      8.27000      76.0000      1.37376     0.241922    0.0232644
1999-04-02/00:59:51      168.580      73.4200      8.79000      78.0000      1.17978     0.207912    0.0201411
1999-04-02/01:00:11      168.220      74.6000      8.75000      76.0000      1.57584     0.241922    0.0266866
1999-04-02/01:00:31      167.130      75.6100      8.65000      78.0000      1.17978     0.207912    0.0201411
1999-04-02/01:00:50      166.450      76.6500      9.00000      77.0000      1.26700     0.224951    0.0215466
1999-04-02/01:01:10      165.560      77.7200      9.34000      78.0000      1.27428     0.207912    0.0217544
1999-04-02/01:01:30      164.600      78.9600      9.41000      76.0000      1.42981     0.241922    0.0242136
1999-04-02/01:01:50      163.830      80.1000      9.14000      78.0000      1.35630     0.207912    0.0231546
1999-04-02/01:02:09      162.160      81.2000      8.46000      76.0000      1.65840     0.241922    0.0280848
1999-04-02/01:02:29      160.680      82.3500      6.80000      76.0000      1.57584     0.241922    0.0266866
1999-04-02/01:02:49      163.370      83.2500      6.36000      73.0000      1.68002     0.292372    0.0280407
1999-04-02/01:03:09      167.400      83.9400      5.94000      75.0000      1.91551     0.258819    0.0322928
1999-04-02/01:03:28      175.070      84.4600      4.84000      77.0000      1.55031     0.224951    0.0263645
1999-04-02/01:03:47      170.470      85.2700      6.28000      77.0000      1.73073     0.224951    0.0294327
1999-04-02/01:04:07      171.020      86.8800      7.99000      66.0000      1.64092     0.406737    0.0261634
1999-04-02/01:04:27      168.360      88.0600      8.21000      75.0000      2.35032     0.258819    0.0396231
1999-04-02/01:04:47      139.370      89.1700      7.48000      72.0000      2.65356     0.309017    0.0440466
1999-04-02/01:05:06      26.4600      88.9500      6.68000      64.0000      1.86319     0.438371    0.0292277
1999-04-02/01:05:26      16.7300      87.7800      6.85000      69.0000      1.74993     0.358368    0.0285135
1999-04-02/01:05:46      17.2400      86.9200      6.37000      71.0000      1.95945     0.325568    0.0323357
1999-04-02/01:06:06      11.8300      86.2300      4.91000      73.0000      2.31977     0.292372    0.0387185
1999-04-02/01:06:26      8.76000      85.4200      4.66000      74.0000      2.24074     0.275637    0.0375933
1999-04-02/01:06:45     0.680000      84.7100      5.22000      75.0000      2.85144     0.258819    0.0480712
1999-04-02/01:07:05      1.05000      83.4800      5.96000      88.0000      1.56751    0.0348994    0.0273415
1999-04-02/01:07:26      359.330      81.8700      5.35000      67.0000      1.90709     0.390731    0.0306390
1999-04-02/01:07:46      356.990      81.0100      5.40000      73.0000      1.92121     0.292372    0.0320663
1999-04-02/01:08:06      356.070      80.1200      5.48000      86.0000      2.17456    0.0697565    0.0378608
1999-04-02/01:08:25      355.170      78.4800      5.77000      67.0000      1.56737     0.390731    0.0251811
1999-04-02/01:08:45      353.820      77.3300      6.64000      71.0000      2.15622     0.325568    0.0355828
1999-04-02/01:09:05      353.470      76.5100      6.75000      80.0000      2.42219     0.173648    0.0416329
1999-04-02/01:09:25      352.960      75.1500      6.66000      70.0000      2.41105     0.342020    0.0395430
1999-04-02/01:09:45      352.160      73.5800      7.29000      82.0000      2.06085     0.139173    0.0356186
1999-04-02/01:10:04      351.140      71.7300      7.31000      80.0000      2.13412     0.173648    0.0366815
1999-04-02/01:10:24      349.330      69.7100      7.01000      75.0000      2.10729     0.258819    0.0355259
1999-04-02/01:10:44      349.910      69.5500      6.98000      75.0000      1.81482     0.258819    0.0305953
1999-04-02/01:11:04      350.780      69.6900      6.60000      71.0000      1.81096     0.325568    0.0298852
1999-04-02/01:11:23      351.000      69.3500      6.51000      77.0000      1.19059     0.224951    0.0202471
1999-04-02/01:11:43      351.110      68.5800      6.34000      81.0000      2.71465     0.156434    0.0467963
1999-04-02/01:12:03      351.410      67.8000      5.80000      81.0000      3.06517     0.156434    0.0528387
1999-04-02/01:12:23      351.730      66.7600      5.16000      68.0000      2.25057     0.374607    0.0364197
1999-04-02/01:12:43      352.150      65.6400      4.60000      64.0000      2.78826     0.438371    0.0437392
1999-04-02/01:14:02      350.670      60.2800      4.98000      66.0000      1.20991     0.406737    0.0192913
1999-04-02/01:14:22      350.370      58.7800      6.62000      74.0000      1.68722     0.275637    0.0283068
1999-04-02/01:14:42      351.030      58.4800      6.36000      86.0000      1.79121    0.0697565    0.0311864
1999-04-02/01:19:40      349.480      47.9800      4.61000      96.0000      2.79431     0.104529    0.0485027
1999-04-02/01:20:00      349.540      47.1000      5.15000      91.0000      1.34171    0.0174525    0.0234137
1999-04-02/01:20:20      349.590      44.8900      5.26000      96.0000      2.27516     0.104529    0.0394915
1999-04-02/01:20:39      349.450      43.7000      5.17000      101.000      1.41405     0.190809    0.0242264
1999-04-02/01:20:59      350.400      41.9600      5.47000      96.0000      2.99009     0.104529    0.0519010
1999-04-02/01:21:58      349.000      39.3700      5.42000      97.0000      2.50016     0.121869    0.0433108
1999-04-02/01:22:18      349.500      37.4900      5.21000      100.000      2.13861     0.173648    0.0367587
1999-04-02/01:23:37      350.050      32.2600      5.87000      103.000      1.98394     0.224951    0.0337388
1999-04-02/01:25:17      349.710      26.2200      6.77000      98.0000      2.79037     0.139173    0.0482272
1999-04-02/02:46:20      168.640      57.8800      9.16000      73.0000      2.58370     0.292372    0.0431237
1999-04-02/02:46:40      168.620      59.0400      9.38000      77.0000      1.43056     0.224951    0.0243281
1999-04-02/02:47:00      168.680      60.1500      9.35000      74.0000      2.96037     0.275637    0.0496667
1999-04-02/02:47:20      168.680      61.2800      9.42000      75.0000      1.72400     0.258819    0.0290642
1999-04-02/02:47:40      168.660      62.3600      9.41000      74.0000      3.60824     0.275637    0.0605361
1999-04-02/02:48:00      168.660      63.3900      9.57000      56.0000      2.43576     0.559193    0.0352441
1999-04-02/02:48:19      168.610      64.3700      9.70000      62.0000      3.85261     0.469472    0.0593700
1999-04-02/02:48:39      168.570      65.4200      9.35000      58.0000      3.13232     0.529919    0.0463622
1999-04-02/02:48:59      168.500      66.4100      8.95000      66.0000      1.82806     0.406737    0.0291473
1999-04-02/02:49:19      168.360      67.4700      8.50000      70.0000      2.75142     0.342020    0.0451253
1999-04-02/02:49:38      168.150      68.5400      8.14000      71.0000      2.85097     0.325568    0.0470479
1999-04-02/02:49:58      167.940      69.7000      8.01000      76.0000      1.73153     0.241922    0.0293232
1999-04-02/02:50:18      167.700      70.7900      8.18000      83.0000      2.27516     0.121869    0.0394130
1999-04-02/02:50:38      167.850      71.8700      8.20000      77.0000      1.60103     0.224951    0.0272271
1999-04-02/02:50:58      168.150      72.9300      8.50000      78.0000      1.74878     0.207912    0.0298550
1999-04-02/02:51:17      168.270      74.0200      8.57000      75.0000      2.35032     0.258819    0.0396231
1999-04-02/02:51:37      168.020      75.0900      9.08000      77.0000      1.31060     0.224951    0.0222880
1999-04-02/02:51:58      167.960      76.3600      9.67000      79.0000      1.69625     0.190809    0.0290612
1999-04-02/02:52:18      167.880      77.6000      9.79000      76.0000      1.42981     0.241922    0.0242136
1999-04-02/02:52:38      167.610      78.7800      9.71000      70.0000      2.34075     0.342020    0.0383900
1999-04-02/02:52:58      167.290      79.9000      9.49000      70.0000      2.65359     0.342020    0.0435208
1999-04-02/02:53:17      167.030      80.8400      9.41000      76.0000      1.78707     0.241922    0.0302638
1999-04-02/02:53:57      167.290      82.9000      8.87000      77.0000      1.22979     0.224951    0.0209138
1999-04-02/02:54:17      167.620      84.0000      8.66000      77.0000      1.36590     0.224951    0.0232284
1999-04-02/02:54:35      167.440      85.0200      8.41000      78.0000      1.35630     0.207912    0.0231546
1999-04-02/02:54:55      168.290      86.0300      8.11000      76.0000      1.83560     0.241922    0.0310856
1999-04-02/02:55:15      166.750      87.2700      8.26000      70.0000      2.41105     0.342020    0.0395430
1999-04-02/02:55:35      161.410      88.5100      8.94000      75.0000      2.45144     0.258819    0.0413278
1999-04-02/02:55:55      125.780      89.7600      8.78000      69.0000      2.20291     0.358368    0.0358943
1999-04-02/02:56:14      344.600      88.4400      8.49000      68.0000      1.86614     0.374607    0.0301986
1999-04-02/02:56:34      345.370      87.2700      9.12000      76.0000      1.37376     0.241922    0.0232644
1999-04-02/02:56:54      346.310      86.6500      9.23000      84.0000      2.47527     0.104528    0.0429650
1999-04-02/02:57:14      347.590      85.7400      9.19000      85.0000      2.79926    0.0871558    0.0486704
1999-04-02/02:57:33      347.730      84.6100      9.04000      66.0000      1.97323     0.406737    0.0314619
1999-04-02/02:57:53      348.570      83.5200      9.55000      73.0000      2.76827     0.292372    0.0462043
1999-04-02/02:58:13      348.250      82.4000      9.50000      78.0000      1.56173     0.207912    0.0266617
1999-04-02/02:58:33      346.480      81.2100      8.95000      73.0000      2.31977     0.292372    0.0387185
1999-04-02/02:58:52      348.100      80.1900      9.14000      77.0000      1.26700     0.224951    0.0215466
1999-04-02/02:59:12      348.220      79.0100      8.75000      70.0000      2.46527     0.342020    0.0404322
1999-04-02/02:59:32      347.840      77.8700      8.21000      71.0000      2.34566     0.325568    0.0387090
1999-04-02/02:59:53      348.440      76.8900      7.95000      75.0000      2.01372     0.258819    0.0339485
1999-04-02/03:00:13      349.050      76.2100      7.75000      74.0000      2.14212     0.275637    0.0359387
1999-04-02/03:00:33      349.470      75.3900      7.04000      77.0000      1.22979     0.224951    0.0209138
1999-04-02/03:00:52      349.750      74.5900      6.91000      85.0000      1.56757    0.0871558    0.0272551
1999-04-02/03:01:12      350.010      73.7500      6.48000      88.0000      1.21202    0.0348994    0.0211409
1999-04-02/03:01:32      349.950      72.8500      5.77000      83.0000      2.27516     0.121869    0.0394130
1999-04-02/03:01:52      349.810      71.8600      5.08000      81.0000      2.05483     0.156434    0.0354220
1999-04-02/03:02:12      349.550      71.0700      5.28000      72.0000      1.62568     0.309017    0.0269848
1999-04-02/03:02:31      349.290      69.9800      5.09000      70.0000      2.16155     0.342020    0.0354510
1999-04-02/03:02:51      349.390      69.0600      5.46000      85.0000      1.95361    0.0871558    0.0339672
1999-04-02/03:05:09      350.230      61.2200      4.01000      70.0000      3.32780     0.342020    0.0545784
1999-04-02/03:05:29      350.470      59.4000      4.13000      76.0000      2.17751     0.241922    0.0368758
1999-04-02/03:05:49      350.050      58.1500      4.93000      83.0000      1.65132     0.121869    0.0286061
1999-04-02/03:06:09      349.510      57.1000      4.99000      88.0000      1.47669    0.0348994    0.0257574
1999-04-02/03:06:49      349.390      53.9200      5.49000      78.0000      1.30014     0.207912    0.0221959
1999-04-02/03:10:27      350.310      49.2100      7.05000      105.000      1.78862     0.258819    0.0301536
1999-04-02/03:11:06      349.990      45.1100      8.27000      92.0000      1.68126    0.0348995    0.0293256
1999-04-02/03:11:47      349.770      42.8500      8.66000      100.000      1.79598     0.173648    0.0308696
1999-04-02/03:12:07      349.560      42.1900      8.86000      101.000      1.41405     0.190809    0.0242264
1999-04-02/03:12:27      349.320      41.1400      9.15000      92.0000      1.31993    0.0348995    0.0230231
1999-04-02/03:13:06      349.350      39.1100      9.92000      91.0000      1.28044    0.0174525    0.0223445
1999-04-02/03:13:26      349.340      38.3600      9.89000      101.000      1.56173     0.190809    0.0267565
1999-04-02/03:13:46      349.440      37.3000      9.82000      102.000      1.31060     0.207912    0.0223744
1999-04-02/03:14:06      349.510      36.3300      9.82000      101.000      1.48621     0.190809    0.0254627
1999-04-02/03:14:25      349.640      35.7500      8.81000      106.000      2.58370     0.275637    0.0433472
1999-04-02/03:14:45      349.610      34.5300      8.04000      102.000      1.49575     0.207912    0.0255353
1999-04-02/03:15:05      349.500      33.2200      7.70000      102.000      1.31060     0.207912    0.0223744
1999-04-02/03:15:25      349.520      31.7400      7.29000      101.000      1.63026     0.190809    0.0279306
1999-04-02/03:16:04      349.690      29.1000      7.97000      91.0000      1.28044    0.0174525    0.0223445
1999-04-02/03:16:24      349.600      27.8300      8.44000      101.000      1.41405     0.190809    0.0242264
1999-04-02/03:16:44      349.740      26.5200      8.41000      102.000      1.26700     0.207912    0.0216301
1999-04-02/03:17:05      349.840      25.2400      8.63000      102.000      1.22979     0.207912    0.0209948
1999-04-02/03:17:24      349.890      24.0300      8.69000      95.0000      1.77089    0.0871559    0.0307902
1999-04-02/03:17:44      349.790      22.8900      8.58000      94.0000      1.77234    0.0697566    0.0308578
1999-04-02/03:18:04      349.750      21.6700      8.40000      101.000      1.17978     0.190809    0.0202127
1999-04-02/03:18:24      349.660      20.5600      8.41000      103.000      1.31930     0.224951    0.0224360
1999-04-02/03:18:44      349.480      19.3900      8.51000      95.0000      1.77089    0.0871559    0.0307902
1999-04-02/03:21:22      348.590      10.3500      7.91000      96.0000      2.51410     0.104529    0.0436389
1999-04-02/03:21:42      348.670      9.53000      8.39000      98.0000      2.71465     0.139173    0.0469185
1999-04-02/03:22:01      348.640      8.69000      8.61000      101.000      1.82292     0.190809    0.0312314
1999-04-02/03:22:22      348.670      7.90000      8.61000      99.0000      2.42219     0.156434    0.0417547
1999-04-02/03:22:42      348.840      7.08000      8.69000      100.000      1.69625     0.173648    0.0291554
1999-04-02/03:38:15      347.370     -44.4200      4.09000      96.0000      2.89748     0.104529    0.0502935
1999-04-02/03:38:35      347.360     -45.5100      3.54000      98.0000      2.95756     0.139173    0.0511168
1999-04-02/03:39:54      346.990     -50.4800      6.37000      106.000      3.37382     0.275637    0.0566032
1999-04-02/03:40:14      347.160     -51.5800      6.16000      112.000      1.61897     0.374607    0.0261988
1999-04-02/03:40:34      347.480     -52.5300      6.24000      107.000      3.13206     0.292372    0.0522762
1999-04-02/03:40:53      347.690     -53.4700      6.33000      117.000      3.60112     0.453991    0.0560010
1999-04-02/03:41:13      347.790     -54.4600      6.36000      111.000      3.06196     0.358368    0.0498917
1999-04-02/03:41:33      347.760     -55.5100      6.21000      93.0000      2.62598    0.0523359    0.0457692
1999-04-02/03:41:53      347.800     -56.7800      6.48000      103.000      1.83560     0.224951    0.0312162
1999-04-02/03:42:13      347.700     -58.2300      6.14000      135.000      1.83978     0.707107    0.0227054
1999-04-02/03:42:33      347.530     -59.4400      7.48000      142.000      5.10555     0.788011    0.0548608
1999-04-02/03:42:53      347.440     -60.5000      7.87000      134.000      2.32540     0.694658    0.0291950
1999-04-02/03:43:13      347.600     -61.6700      7.43000      94.0000      2.52613    0.0697566    0.0439819
1999-04-02/03:43:33      347.790     -62.8300      7.57000      91.0000      1.61460    0.0174525    0.0281758
1999-04-02/03:43:52      347.760     -63.8500      8.05000      111.000      2.43529     0.358368    0.0396807
1999-04-02/03:44:12      347.650     -64.9400      7.94000      127.000      2.64459     0.601815    0.0368625
1999-04-02/03:44:32      347.660     -65.9800      7.61000      138.000      4.13341     0.743145    0.0482722
1999-04-02/03:44:52      347.370     -66.8300      7.53000      100.000      2.47242     0.173648    0.0424963
1999-04-02/03:45:31      346.870     -68.8900      7.33000      102.000      2.16385     0.207912    0.0369410
1999-04-02/03:46:11      346.840     -71.1600      7.71000      106.000      4.39636     0.275637    0.0737585
1999-04-02/03:46:31      346.880     -72.3100      8.32000      102.000      2.28924     0.207912    0.0390817
1999-04-02/03:47:31      347.790     -76.2800      7.68000      110.000      4.47342     0.342020    0.0733674
1999-04-02/03:48:31      348.340     -80.5800      7.45000      121.000      5.01394     0.515038    0.0750105
1999-04-02/03:48:50      345.490     -82.0500      7.14000      116.000      3.12038     0.438371    0.0489491
1999-04-02/03:49:10      342.280     -82.0500      6.20000      104.000      3.37305     0.241922    0.0571221
1999-04-02/03:49:30      345.300     -82.2000      4.20000      93.0000      4.60378    0.0523359    0.0802410
1999-04-02/03:49:50      352.780     -83.5700      4.24000      107.000      4.13682     0.292372    0.0690463
1999-04-02/03:50:09      358.040     -85.9300      4.00000      99.0000      2.97469     0.156434    0.0512789
1999-04-02/03:50:29      53.3900     -88.6500      5.92000      111.000      2.41315     0.358368    0.0393200
1999-04-02/03:50:49      182.220     -88.2800      7.17000      112.000      1.81141     0.374607    0.0293130
1999-04-02/03:51:48      188.480     -87.5300      6.30000      124.000      17.6815     0.559193     0.255841
1999-04-02/04:32:30      164.370      40.2700      10.1100      102.000      1.36590     0.207912    0.0233185
1999-04-02/04:32:50      165.960      43.2600      6.84000      110.000      2.27385     0.342020    0.0372928
1999-04-02/04:33:50      164.850      45.2000      5.45000      108.000      3.12735     0.309017    0.0519111
1999-04-02/04:34:10      167.780      48.4900      9.35000      106.000      2.45874     0.275637    0.0412507
1999-04-02/04:34:30      167.670      48.8800      9.21000      100.000      2.13861     0.173648    0.0367587
1999-04-02/04:34:49      167.360      49.8900      11.5800      106.000      2.94420     0.275637    0.0493954
1999-04-02/04:35:09      167.230      51.1500      11.7000      104.000      2.45144     0.241922    0.0415148
1999-04-02/04:35:29      167.520      52.4600      12.8500      106.000      2.18013     0.275637    0.0365764
1999-04-02/04:35:49      167.830      53.9000      13.3200      109.000      2.16155     0.325568    0.0356708
1999-04-02/04:36:09      167.700      55.1300      12.9900      111.000      1.80723     0.358368    0.0294471
1999-04-02/04:36:28      167.280      56.2900      13.1500      109.000      2.16155     0.325568    0.0356708
1999-04-02/04:36:48      166.880      57.4700      13.3600      108.000      2.15622     0.309017    0.0357912
1999-04-02/04:37:08      166.690      58.9900      13.9600      108.000      2.25162     0.309017    0.0373748
1999-04-02/04:37:28      166.560      60.2700      13.7400      109.000      2.41105     0.325568    0.0397881
1999-04-02/04:37:47      167.100      61.5100      13.5500      104.000      1.81482     0.241922    0.0307337
1999-04-02/04:38:07      167.550      62.6700      13.6900      109.000      2.46527     0.325568    0.0406829
1999-04-02/04:38:27      168.820      64.7800      13.4400      113.000      1.25657     0.390731    0.0201879
1999-04-02/04:38:47      168.160      64.5600      12.7600      112.000      1.52115     0.374607    0.0246159
1999-04-02/04:39:07      166.870      66.1200      12.4500      114.000      1.58638     0.406737    0.0252938
1999-04-02/04:39:27      166.010      69.2500      12.2100      115.000      1.86319     0.422618    0.0294720
1999-04-02/04:39:47      166.050      69.7200      12.3900      113.000      1.39088     0.390731    0.0223457
1999-04-02/04:40:07      166.190      70.5100      12.8400      109.000      2.25531     0.325568    0.0372181
1999-04-02/04:40:27      165.470      70.9800      13.2100      105.000      2.03478     0.258819    0.0343035
1999-04-02/04:40:46      165.380      71.9900      13.2700      107.000      2.19297     0.292372    0.0366021
1999-04-02/04:41:06      165.000      74.1700      13.1800      105.000      1.91034     0.258819    0.0322056
1999-04-02/04:51:39      21.1700      82.1000      10.9800      70.0000      2.65359     0.342020    0.0435208
1999-04-02/04:52:19      270.510      78.4600      10.5900      80.0000      2.42219     0.173648    0.0416329
1999-04-02/04:52:39      356.430      76.6000      9.98000      76.0000      1.37376     0.241922    0.0232644
1999-04-02/04:52:58      354.820      75.1100      10.0400      72.0000      1.62568     0.309017    0.0269848
1999-04-02/04:53:18      353.080      74.3000      9.98000      75.0000      1.81482     0.258819    0.0305953
1999-04-02/04:53:39      351.450      72.9900      10.2800      79.0000      1.58072     0.190809    0.0270819
1999-04-02/04:53:59      351.600      71.7900      10.3500      83.0000      1.78208     0.121869    0.0308713
1999-04-02/04:54:19      352.160      70.7400      10.1500      82.0000      1.91323     0.139173    0.0330672
1999-04-02/04:54:39      352.190      69.4700      9.99000      84.0000      2.16665     0.104528    0.0376080
1999-04-02/04:54:58      351.680      68.1200      9.72000      78.0000      1.32042     0.207912    0.0225421
1999-04-02/04:55:18      352.070      66.8000      9.42000      70.0000      2.04840     0.342020    0.0335953
1999-04-02/04:55:38      352.290      65.6200      9.58000      66.0000      1.31741     0.406737    0.0210053
1999-04-02/04:55:58      352.210      64.2100      9.19000      65.0000      2.09785     0.422618    0.0331839
1999-04-02/04:56:37      351.380      61.3500      9.40000      85.0000      1.66997    0.0871558    0.0290356
1999-04-02/04:56:57      351.510      60.2600      10.5300      80.0000      2.06573     0.173648    0.0355061
1999-04-02/04:57:17      350.910      59.2000      9.65000      70.0000      2.41105     0.342020    0.0395430
1999-04-02/04:57:36      351.550      57.8200      10.4000      67.0000      1.42458     0.390731    0.0228871
1999-04-02/04:57:56      351.820      56.9400      9.29000      64.0000      2.04489     0.438371    0.0320780
1999-04-02/04:58:16      350.930      55.1900      8.72000      66.0000      1.16474     0.406737    0.0185711
1999-04-02/04:58:36      351.950      53.0800      8.24000      68.0000      2.47319     0.374607    0.0400222
1999-04-02/04:58:56      349.990      52.4500      6.67000      69.0000      1.89003     0.358368    0.0307963
1999-04-02/04:59:16      349.990      49.8100      9.43000      71.0000      2.34566     0.325568    0.0387090
1999-04-02/05:00:55      355.960      52.7700      7.98000      107.000      1.77603     0.292372    0.0296431
1999-04-02/05:01:15      351.870      47.6400      5.68000      105.000      2.46569     0.258819    0.0415680
1999-04-02/05:01:35      352.840      46.3900      4.50000      112.000      1.61897     0.374607    0.0261988
1999-04-02/05:01:54      353.280      48.7500      6.36000      110.000      2.32336     0.342020    0.0381048
1999-04-02/05:02:34      354.880      47.4800      8.72000      104.000      1.81482     0.241922    0.0307337
1999-04-02/05:02:54      352.280      44.8800      8.09000      107.000      1.99452     0.292372    0.0332899
1999-04-02/05:03:14      351.330      42.3000      7.91000      110.000      2.05488     0.342020    0.0337015
1999-04-02/05:03:33      351.150      39.9800      7.63000      109.000      2.25531     0.325568    0.0372181
1999-04-02/05:03:53      351.010      39.3700      6.65000      101.000      1.48621     0.190809    0.0254627
1999-04-02/05:04:14      350.390      38.7400      5.04000      107.000      1.89738     0.292372    0.0316685
1999-04-02/05:04:34      349.760      37.3900      4.98000      112.000      1.47353     0.374607    0.0238453
1999-04-02/05:04:54      349.260      35.6000      5.69000      106.000      2.04680     0.275637    0.0343395
1999-04-02/05:05:53      348.170      31.7400      4.56000      99.0000      2.55400     0.156434    0.0440269
1999-04-02/05:06:52      347.340      28.1400      4.93000      92.0000      1.56949    0.0348995    0.0273761
1999-04-02/05:07:12      346.150      26.6000      4.19000      104.000      2.35032     0.241922    0.0398023
1999-04-02/05:08:11      347.450      24.4000      3.30000      100.000      2.08986     0.173648    0.0359208
1999-04-02/05:08:31      347.460      24.3200      3.74000      99.0000      2.42219     0.156434    0.0417547
1999-04-02/05:09:32      347.050      20.2900      3.80000      94.0000      2.38972    0.0697566    0.0416069
1999-04-02/05:09:51      346.910      17.9500      2.86000      92.0000      1.86320    0.0348995    0.0324992
1999-04-02/05:10:11      347.120      16.8600      3.16000      100.000      1.86391     0.173648    0.0320371
1999-04-02/08:18:23      166.370      53.2200      8.58000      66.0000      1.39088     0.406737    0.0221767
1999-04-02/08:18:43      166.300      54.3700      9.07000      78.0000      1.48621     0.207912    0.0253724
1999-04-02/08:19:03      166.280      55.5900      9.24000      76.0000      1.98394     0.241922    0.0335977
1999-04-02/08:19:23      166.300      56.8500      9.30000      73.0000      2.68499     0.292372    0.0448143
1999-04-02/08:19:42      167.220      58.4400      8.29000      67.0000      1.68015     0.390731    0.0269930
1999-04-02/08:20:03      167.270      59.4300      8.88000      68.0000      2.01220     0.374607    0.0325623
1999-04-02/08:20:23      167.970      60.7800      9.26000      67.0000      1.37735     0.390731    0.0221283
1999-04-02/08:20:43      168.000      61.9300      9.56000      68.0000      1.76109     0.374607    0.0284987
1999-04-02/08:21:03      168.340      63.1700      9.51000      57.0000      2.19844     0.544639    0.0321798
1999-04-02/08:21:22      168.410      64.1200      8.65000      55.0000      1.68852     0.573576    0.0241406
1999-04-02/08:21:42      167.910      65.1600      8.52000      59.0000      2.87450     0.515038    0.0430036
1999-04-02/08:22:02      168.010      66.3700      8.74000      68.0000      2.04548     0.374607    0.0331008
1999-04-02/08:22:22      168.000      67.5600      8.88000      68.0000      1.97620     0.374607    0.0319797
1999-04-02/08:22:41      170.190      69.3200      8.19000      65.0000      1.44377     0.422618    0.0228376
1999-04-02/08:23:01      168.400      69.9300      7.80000      68.0000      1.80723     0.374607    0.0292453
1999-04-02/08:23:21      167.960      70.9800      8.26000      70.0000      2.41105     0.342020    0.0395430
1999-04-02/08:23:41      167.900      72.2300      8.42000      74.0000      1.68722     0.275637    0.0283068
1999-04-02/08:24:00      167.030      73.0200      9.35000      72.0000      1.99452     0.309017    0.0331072
1999-04-02/08:24:20      165.990      74.1200      9.44000      69.0000      2.20291     0.358368    0.0358943
1999-04-02/08:24:40      164.670      75.4800      9.81000      71.0000      2.06552     0.325568    0.0340861
1999-04-02/08:25:00      164.470      76.7000      10.0300      73.0000      1.80236     0.292372    0.0300826
1999-04-02/08:25:21      164.090      77.9200      9.90000      71.0000      2.25162     0.325568    0.0371572
1999-04-02/08:25:40      162.320      78.8300      10.1600      75.0000      1.91551     0.258819    0.0322928
1999-04-02/08:26:00      159.330      79.8900      10.3100      72.0000      2.19297     0.309017    0.0364013
1999-04-02/08:26:20      156.730      80.8900      10.4600      75.0000      2.01372     0.258819    0.0339485
1999-04-02/08:26:40      153.060      82.2600      10.3200      77.0000      1.19059     0.224951    0.0202471
1999-04-02/10:12:30      163.400      63.4800      11.7800      69.0000      4.37406     0.358368    0.0712712
1999-04-02/10:12:50      163.290      64.6800      12.1700      58.0000      4.36846     0.529919    0.0646586
1999-04-02/10:13:10      163.190      65.7800      12.2800      76.0000      2.53537     0.241922    0.0429361
1999-04-02/10:13:30      163.110      66.8000      12.1600      65.0000      2.09785     0.422618    0.0331839
1999-04-02/10:13:49      162.970      67.9300      11.6600      65.0000      2.26885     0.422618    0.0358888
1999-04-02/10:14:09      162.370      69.1700      11.6300      70.0000      2.57545     0.342020    0.0422393
1999-04-02/10:14:29      161.980      70.1300      11.2600      66.0000      1.20991     0.406737    0.0192913
1999-04-02/10:14:49      161.800      71.3100      11.3000      71.0000      2.34566     0.325568    0.0387090
1999-04-02/10:15:08      161.710      72.4500      11.5600      77.0000      1.26700     0.224951    0.0215466
1999-04-02/10:15:28      161.680      73.8500      11.6700      73.0000      1.68002     0.292372    0.0280407
1999-04-02/10:15:48      161.970      75.5400      11.7600      74.0000      1.68722     0.275637    0.0283068
1999-04-02/10:16:08      162.220      77.0200      11.7700      76.0000      1.26142     0.241922    0.0213620
1999-04-02/10:16:27      161.060      78.0100      11.5700      80.0000      2.00340     0.173648    0.0344347
1999-04-02/10:16:47      156.790      79.9400      11.4800      82.0000      2.40785     0.139173    0.0416159
1999-04-02/10:17:07      156.470      80.2400      11.4400      82.0000      2.58418     0.139173    0.0446635
1999-04-02/10:17:27      156.800      80.9700      10.9100      80.0000      2.06573     0.173648    0.0355061
1999-04-02/10:17:48      156.250      81.7800      10.7300      77.0000      1.31060     0.224951    0.0222880
1999-04-02/10:18:07      158.330      83.2300      10.3200      78.0000      1.56173     0.207912    0.0266617
1999-04-02/10:18:27      154.730      84.7000      9.80000      81.0000      2.47734     0.156434    0.0427054
1999-04-02/11:46:45      163.740      6.59000      10.8800      64.0000      2.69276     0.438371    0.0422411
1999-04-02/11:47:05      163.700      7.63000      10.8000      63.0000      5.41446     0.453990    0.0842003
1999-04-02/11:47:44      163.710      9.96000      10.3400      79.0000      3.55340     0.190809    0.0608791
1999-04-02/11:48:04      163.680      11.0000      10.9300      65.0000      4.32846     0.422618    0.0684678
1999-04-02/11:48:24      163.710      12.0000      10.5700      67.0000      3.28072     0.390731    0.0527075
1999-04-02/11:48:44      163.720      13.0900      10.0900      62.0000      2.81654     0.469472    0.0434038
1999-04-02/11:49:04      163.700      14.2100      10.1400      75.0000      3.65734     0.258819    0.0616576
1999-04-02/11:49:24      163.690      15.2400      10.4400      68.0000      2.37731     0.374607    0.0384706
1999-04-02/11:49:44      163.690      16.3200      10.7500      81.0000      2.54772     0.156434    0.0439187
1999-04-02/11:50:04      163.710      17.3300      10.9500      66.0000      2.10025     0.406737    0.0334872
1999-04-02/11:50:24      163.710      18.3500      10.4900      66.0000      1.74178     0.406737    0.0277716
1999-04-02/11:50:43      163.730      19.3900      10.1800      59.0000      2.68786     0.515038    0.0402114
1999-04-02/11:51:03      163.750      20.5100      9.76000      81.0000      2.71465     0.156434    0.0467963
1999-04-02/11:51:23      163.730      21.6200      9.69000      80.0000      2.72954     0.173648    0.0469157
1999-04-02/11:51:43      163.690      22.7100      9.75000      75.0000      3.45956     0.258819    0.0583233
1999-04-02/11:52:02      163.650      23.8100      9.41000      88.0000      1.68121    0.0348994    0.0293248
1999-04-02/11:52:22      163.670      24.9500      9.54000      55.0000      1.43726     0.573576    0.0205484
1999-04-02/11:52:42      163.670      26.0700      9.41000      58.0000      3.13232     0.529919    0.0463622
1999-04-02/11:53:02      163.600      27.1700      9.33000      69.0000      2.65743     0.358368    0.0433003
1999-04-02/11:53:22      163.530      28.2800      9.20000      61.0000      2.62505     0.484810    0.0400714
1999-04-02/11:53:41      163.520      29.3900      9.11000      65.0000      2.05132     0.422618    0.0324479
1999-04-02/11:54:01      163.550      30.4600      9.14000      68.0000      2.37731     0.374607    0.0384706
1999-04-02/11:54:22      163.470      31.6300      9.62000      55.0000      1.50721     0.573576    0.0215484
1999-04-02/11:54:42      163.350      32.7000      9.64000      61.0000      2.42354     0.484810    0.0369953
1999-04-02/11:55:02      163.260      33.7200      9.38000      63.0000      2.61791     0.453990    0.0407111
1999-04-02/11:55:22      163.230      34.7000      8.77000      55.0000      1.50721     0.573576    0.0215484
1999-04-02/11:55:41      163.280      35.7800      8.15000      85.0000      3.13460    0.0871558    0.0545009
1999-04-02/11:56:01      163.440      37.0500      7.80000      63.0000      3.89243     0.453990    0.0605312
1999-04-02/11:56:21      163.630      38.2500      8.00000      67.0000      1.90709     0.390731    0.0306390
1999-04-02/11:56:41      163.490      39.2700      8.33000      58.0000      2.80403     0.529919    0.0415031
1999-04-02/11:57:00      163.370      40.1700      8.35000      69.0000      2.83141     0.358368    0.0461351
1999-04-02/11:57:20      163.280      41.1500      8.46000      55.0000      1.84570     0.573576    0.0263878
1999-04-02/11:57:40      163.280      42.2600      8.64000      60.0000      2.72378     0.500000    0.0411699
1999-04-02/11:58:00      163.280      43.3200      8.88000      48.0000      2.27915     0.669131    0.0295613
1999-04-02/11:58:19      163.200      44.3100      8.99000      52.0000      3.04156     0.615661    0.0418317
1999-04-02/11:58:39      163.200      45.3100      8.74000      73.0000      4.31371     0.292372    0.0719987
1999-04-02/11:59:19      163.450      47.2300      8.55000      49.0000      2.95564     0.656059    0.0389322
1999-04-02/11:59:40      163.560      48.0100      8.45000      56.0000      1.61630     0.559193    0.0233869
1999-04-02/11:59:59      163.710      48.8000      8.90000      58.0000      2.69424     0.529919    0.0398781
1999-04-02/12:00:19      163.760      49.5700      9.25000      69.0000      2.73958     0.358368    0.0446389
1999-04-02/12:00:39      163.730      49.8000      9.38000      69.0000      2.35372     0.358368    0.0383516
1999-04-02/12:00:59      163.500      49.7500      8.15000      59.0000      2.92475     0.515038    0.0437554
1999-04-02/12:01:19      163.740      51.6500      7.61000      58.0000      2.86288     0.529919    0.0423742
1999-04-02/12:01:38      163.260      53.4000      7.14000      59.0000      2.81804     0.515038    0.0421590
1999-04-02/12:01:58      163.260      55.0600      6.99000      73.0000      3.98240     0.292372    0.0664689
1999-04-02/12:02:18      163.210      56.3300      6.90000      46.0000      2.45306     0.694658    0.0307978
1999-04-02/12:02:38      162.520      57.7800      6.92000      50.0000      3.12558     0.642788    0.0417890
1999-04-02/12:02:57      161.570      59.2100      7.72000      67.0000      1.86436     0.390731    0.0299525
1999-04-02/12:03:17      160.830      60.6200      8.32000      73.0000      13.1468     0.292372     0.219429
1999-04-02/12:03:37      160.530      61.8600      8.73000      13.0000      4.52362     0.974370    0.0177604
1999-04-02/12:03:57      160.290      63.0500      8.60000      71.0000      8.16549     0.325568     0.134750
1999-04-02/12:04:17      159.950      64.2200      8.49000      78.0000      8.50137     0.207912     0.145135
1999-04-02/12:04:36      159.970      65.5400      8.02000      73.0000      4.47458     0.292372    0.0746837
1999-04-02/12:04:57      159.980      66.8300      8.45000      67.0000      1.94513     0.390731    0.0312501
1999-04-02/12:05:17      159.890      67.9400      9.01000      75.0000      3.76712     0.258819    0.0635083
1999-04-02/12:05:37      159.750      69.0800      9.37000      75.0000      3.45956     0.258819    0.0583233
1999-04-02/12:05:57      159.530      70.1500      9.40000      51.0000      4.25030     0.629320    0.0576500
1999-04-02/12:06:16      159.400      71.2000      9.23000      76.0000      2.41720     0.241922    0.0409349
1999-04-02/12:06:36      159.050      72.3900      9.15000      73.0000      3.50255     0.292372    0.0584599
1999-04-02/12:06:56      158.580      73.6300      9.05000      66.0000      2.30954     0.406737    0.0368242
1999-04-02/12:07:16      158.310      74.8800      9.10000      57.0000      2.86821     0.544639    0.0419836
1999-04-02/12:07:35      158.490      75.9200      9.20000      50.0000      3.81963     0.642788    0.0510684
1999-04-02/12:07:55      158.000      77.2700      8.97000      54.0000      2.54251     0.587785    0.0359003
1999-04-02/12:08:15      156.800      78.1900      8.97000      57.0000      3.12708     0.544639    0.0457728
1999-04-02/12:08:35      156.580      79.1100      9.00000      60.0000      4.29604     0.500000    0.0649346
1999-04-02/12:08:54      156.800      79.9800      8.61000      57.0000      2.48027     0.544639    0.0363051
1999-04-02/12:09:14      158.760      80.5000      7.13000      58.0000      2.80403     0.529919    0.0415031
1999-04-02/12:09:34      161.520      80.7000      6.01000      51.0000      6.86438     0.629320    0.0931068
1999-04-02/12:09:54      162.840      78.8200      6.75000      60.0000      2.80616     0.500000    0.0424151
1999-04-02/12:10:13      160.380      79.3900      10.3100      68.0000      1.80723     0.374607    0.0292453
1999-04-02/12:10:33      146.580      79.9300      10.0000      74.0000      1.91034     0.275637    0.0320501
1999-04-02/12:10:52      145.110      84.8800      9.07000      84.0000      3.04153     0.104528    0.0527939
1999-04-02/12:11:12      143.390      86.5800      10.7100      74.0000      2.24074     0.275637    0.0375933
1999-04-02/12:11:32      135.210      88.0200      11.4300      88.0000      1.56751    0.0348994    0.0273415
1999-04-02/12:11:52      96.0600      89.1500      10.4300      68.0000      2.41315     0.374607    0.0390506
1999-04-02/12:12:11      22.2600      88.7900      9.70000      66.0000      1.20991     0.406737    0.0192913
1999-04-02/12:12:31      12.5900      87.7700      9.21000      72.0000      1.62568     0.309017    0.0269848
1999-04-02/12:12:51      6.53000      87.0800      8.24000      84.0000      2.47527     0.104528    0.0429650
1999-04-02/12:13:31      1.60000      85.4500      7.50000      66.0000      1.82806     0.406737    0.0291473
1999-04-02/12:13:50      2.11000      83.8000      8.15000      79.0000      1.86391     0.190809    0.0319337
1999-04-02/12:14:51      353.530      81.4800      5.85000      69.0000      2.78623     0.358368    0.0453990
1999-04-02/12:15:11      350.950      80.4400      4.36000      81.0000      2.63167     0.156434    0.0453658
1999-04-02/12:15:30      349.560      78.0400      5.92000      58.0000      2.30422     0.529919    0.0341053
1999-04-02/12:15:50      350.900      76.6900      6.47000      66.0000      1.58863     0.406737    0.0253297
1999-04-02/12:16:10      348.330      75.7900      6.91000      67.0000      1.56737     0.390731    0.0251811
1999-04-02/12:16:30      347.740      74.3300      8.71000      70.0000      2.46527     0.342020    0.0404322
1999-04-02/12:16:49      347.400      72.7500      9.32000      70.0000      2.34075     0.342020    0.0383900
1999-04-02/12:17:09      346.940      71.3200      9.44000      67.0000      1.33425     0.390731    0.0214358
1999-04-02/12:17:29      346.030      70.1200      9.52000      68.0000      1.66429     0.374607    0.0269322
1999-04-02/12:29:43      342.640      37.2100      11.3100      105.000      2.46569     0.258819    0.0415680
1999-04-02/12:30:04      343.170      35.6800      10.3800      108.000      2.61726     0.309017    0.0434441
1999-04-02/12:30:23      343.720      34.2700      11.0000      96.0000      3.33394     0.104529    0.0578695
1999-04-02/12:31:23      343.600      30.8400      12.2000      95.0000      2.40810    0.0871559    0.0418693
1999-04-02/12:31:43      343.260      30.1900      12.9100      108.000      2.85097     0.309017    0.0473234
1999-04-02/12:32:02      342.980      29.2800      13.0700      115.000      3.47634     0.422618    0.0549889
1999-04-02/12:32:22      343.130      27.7700      13.3900      113.000      3.00172     0.390731    0.0482252
1999-04-02/12:32:42      342.840      26.1900      11.4500      111.000      2.32941     0.358368    0.0379555
1999-04-02/12:33:02      343.380      25.3400      12.0600      114.000      2.17026     0.406737    0.0346034
1999-04-02/12:33:21      343.410      24.4500      10.3300      111.000      2.04548     0.358368    0.0333292
1999-04-02/12:33:41      342.700      22.8700      6.60000      103.000      2.08650     0.224951    0.0354829
1999-04-02/12:34:01      342.470      21.7400      6.92000      104.000      1.72400     0.241922    0.0291957
1999-04-02/12:34:21      342.950      20.8300      8.70000      111.000      1.97620     0.358368    0.0322003
1999-04-02/12:34:41      343.000      19.6500      7.91000      107.000      2.56265     0.292372    0.0427723
1999-04-02/12:35:00      343.260      18.5100      9.09000      106.000      2.18013     0.275637    0.0365764
1999-04-02/12:35:21      343.340      17.2100      8.83000      111.000      2.09106     0.358368    0.0340718
1999-04-02/12:35:41      343.170      16.0700      8.60000      106.000      2.45874     0.275637    0.0412507
1999-04-02/12:36:01      343.070      15.3300      10.9700      104.000      2.26526     0.241922    0.0383619
1999-04-02/12:36:21      342.800      14.1600      11.3000      104.000      2.56031     0.241922    0.0433585
1999-04-02/12:36:40      342.900      13.0000      11.4500      104.000      2.26526     0.241922    0.0383619
1999-04-02/12:37:00      342.710      11.7400      11.3600      100.000      1.79598     0.173648    0.0308696
1999-04-02/12:37:20      343.150      10.7200      11.0300      103.000      1.57584     0.224951    0.0267987
1999-04-02/12:37:40      343.470      10.2500      13.3500      109.000      2.65359     0.325568    0.0437906
1999-04-02/12:37:59      343.510      8.83000      11.4700      109.000      2.75142     0.325568    0.0454051
1999-04-02/12:38:19      343.980      7.74000      11.3000      106.000      2.45874     0.275637    0.0412507
1999-04-02/12:38:39      344.100      6.84000      11.5200      107.000      2.44629     0.292372    0.0408302
1999-04-02/12:38:59      343.540      5.52000      10.5500      95.0000      2.58933    0.0871559    0.0450204
1999-04-02/12:39:18      343.480      4.27000      10.3200      97.0000      2.65779     0.121869    0.0460414
1999-04-02/12:39:38      343.470      3.22000      11.4800      94.0000      2.07602    0.0697566    0.0361451
1999-04-02/12:39:58      343.470      2.14000      12.3800      110.000      2.55790     0.342020    0.0419514
1999-04-02/12:40:18      343.540     0.890000      11.6000      96.0000      3.64446     0.104529    0.0632594
1999-04-02/12:41:19      343.480     -2.54000      11.9100      91.0000      1.68121    0.0174525    0.0293382
1999-04-02/12:41:38      343.440     -3.64000      12.1900      127.000      3.69186     0.601815    0.0514602
1999-04-02/12:42:18      343.360     -6.12000      10.5100      138.000      8.92662     0.743145     0.104250
1999-04-02/12:43:37      343.390     -10.7200      10.3900      93.0000      2.65662    0.0523359    0.0463032
1999-04-02/12:43:57      343.430     -11.8000      10.6700      113.000      2.19499     0.390731    0.0352644
1999-04-02/12:45:16      343.390     -16.1000      10.5300      112.000      2.39763     0.374607    0.0387994
1999-04-02/12:45:36      343.290     -17.1500      10.6100      115.000      3.09391     0.422618    0.0489396
1999-04-02/12:45:56      343.320     -18.3100      11.4500      111.000      2.66344     0.358368    0.0433982
1999-04-02/12:46:16      343.310     -19.3500      11.5600      91.0000      1.47669    0.0174525    0.0257692
1999-04-02/12:49:34      342.910     -30.2000      14.4900      121.000      2.42035     0.515038    0.0362094
1999-04-02/12:49:54      342.900     -31.2600      15.1900      113.000      1.74178     0.390731    0.0279832
1999-04-02/12:50:13      342.880     -32.3200      15.7400      112.000      2.15767     0.374607    0.0349163
1999-04-02/12:50:33      342.850     -33.3600      15.4200      118.000      2.81502     0.469472    0.0433804
1999-04-02/12:50:53      342.830     -34.4800      14.8200      99.0000      2.42219     0.156434    0.0417547
1999-04-02/12:51:14      342.830     -35.6500      14.9100      100.000      1.94149     0.173648    0.0333706
1999-04-02/12:51:34      342.810     -36.7300      14.8800      115.000      1.86319     0.422618    0.0294720
1999-04-02/12:51:54      342.770     -37.8100      14.4700      103.000      1.73153     0.224951    0.0294463
1999-04-02/12:52:14      342.790     -38.9500      14.8400      132.000      3.84916     0.669131    0.0499249
1999-04-02/12:52:33      342.800     -39.9300      14.9000      116.000      4.41855     0.438371    0.0693134
1999-04-02/12:52:53      342.770     -41.0400      13.7300      92.0000      2.02629    0.0348995    0.0353439
1999-04-02/12:53:13      342.730     -42.1400      13.4300      115.000      2.55251     0.422618    0.0403757
1999-04-02/12:53:33      342.620     -43.2100      13.2700      108.000      2.51776     0.309017    0.0417925
1999-04-02/12:53:52      342.590     -44.3200      12.7500      109.000      2.83748     0.325568    0.0468253
1999-04-02/12:54:32      342.560     -46.6200      12.5600      119.000      2.87886     0.484810    0.0439458
1999-04-02/12:54:52      342.440     -47.6400      14.3100      128.000      3.61859     0.615661    0.0497679
1999-04-02/12:55:12      342.210     -48.7200      11.9800      120.000      3.05288     0.500000    0.0461443
1999-04-02/12:55:32      342.160     -50.0900      12.7600      117.000      2.70413     0.453991    0.0420519
1999-04-02/12:55:52      342.250     -51.1200      13.1000      119.000      2.45967     0.484810    0.0375468
1999-04-02/12:56:12      342.400     -52.2800      13.5000      129.000      2.20166     0.629321    0.0298628
1999-04-02/12:56:32      342.380     -53.3300      14.9200      116.000      3.12038     0.438371    0.0489491
1999-04-02/12:56:51      342.290     -54.4200      14.2900      115.000      2.46981     0.422618    0.0390676
1999-04-02/12:57:11      342.390     -55.5000      14.2500      102.000      1.49575     0.207912    0.0255353
1999-04-02/12:57:51      342.620     -57.8600      13.5000      125.000      2.35709     0.573576    0.0336991
1999-04-02/12:58:10      342.320     -58.7400      14.4200      127.000      3.45851     0.601815    0.0482075
1999-04-02/12:58:30      342.230     -59.7200      14.9300      133.000      2.56416     0.681998    0.0327303
1999-04-02/12:58:50      342.130     -60.7900      14.3100      98.0000      2.71465     0.139173    0.0469185
1999-04-02/12:59:10      341.990     -61.9000      13.6400      101.000      1.85434     0.190809    0.0317697
1999-04-02/12:59:30      341.990     -63.0200      13.4400      104.000      1.72400     0.241922    0.0291957
1999-04-02/12:59:49      341.890     -64.0200      12.9100      101.000      1.89705     0.190809    0.0325014
1999-04-02/13:00:50      342.140     -67.3500      11.1800      122.000      3.03619     0.529919    0.0449393
1999-04-02/13:01:10      341.940     -68.2700      12.2400      139.000      5.82442     0.754710    0.0666919
1999-04-02/13:02:29      341.120     -72.9600      12.6500      102.000      1.92393     0.207912    0.0328451
1999-04-02/13:04:47      336.580     -81.3800      13.3100      114.000      2.74282     0.406737    0.0437326
1999-04-02/13:05:07      337.160     -82.3300      13.9000      101.000      2.40509     0.190809    0.0412055
1999-04-02/13:05:48      333.570     -84.9300      12.6200      117.000      8.02201     0.453991     0.124750
1999-04-02/13:06:07      328.530     -85.9300      12.8900      117.000      2.70413     0.453991    0.0420519
1999-04-02/13:06:27      326.590     -86.4700      12.9100      123.000      1.64087     0.544639    0.0240183
1999-04-02/13:06:47      322.050     -87.2600      13.9000      120.000      2.68786     0.500000    0.0406270
1999-04-02/13:07:07      314.160     -87.9000      13.9600      102.000      1.92393     0.207912    0.0328451
1999-04-02/13:08:06      187.900     -87.4600      11.0200      128.000      9.41108     0.615661     0.129434
1999-04-02/13:08:26      181.880     -85.2800      12.9100      120.000      2.75537     0.500000    0.0416474
1999-04-02/13:08:46      179.530     -84.6200      14.2000      122.000      2.40317     0.529919    0.0355699
1999-04-02/13:09:05      176.330     -83.4500      14.5900      112.000      2.22430     0.374607    0.0359945
1999-04-02/13:09:25      174.060     -83.0600      13.0200      103.000      3.09582     0.224951    0.0526474
1999-04-02/13:09:45      173.490     -82.1800      10.8200      124.000      2.73707     0.559193    0.0396039
1999-04-02/13:10:05      177.190     -80.5000      9.62000      125.000      1.71507     0.573576    0.0245202
1999-04-02/13:10:25      174.530     -79.5400      7.83000      126.000      2.27823     0.587785    0.0321686
1999-04-02/13:10:44      171.880     -79.5200      7.32000      120.000      2.87450     0.500000    0.0434480
1999-04-02/13:11:05      168.160     -79.5300      4.09000      112.000      1.81141     0.374607    0.0293130
1999-04-02/13:11:45      167.560     -78.7500      8.62000      105.000      2.03478     0.258819    0.0343035
1999-04-02/13:12:05      165.060     -78.9900      12.1700      114.000      1.44377     0.406737    0.0230200
1999-04-02/13:12:24      165.940     -77.2000      11.4400      118.000      2.71868     0.469472    0.0418958
1999-04-02/13:12:44      165.130     -75.8800      10.2000      92.0000      1.72780    0.0348995    0.0301374
1999-04-02/13:13:04      164.260     -74.0000      7.82000      92.0000      5.09008    0.0348995    0.0887845
1999-04-02/13:34:14      163.570     -4.23000      9.06000      32.0000      11.7754     0.848048     0.108909
1999-04-02/13:34:34      163.920     -2.87000      9.54000      22.0000      19.0599     0.927184     0.124616
1999-04-02/13:34:54      164.210     -1.64000      12.0300      27.0000      16.2763     0.891007     0.128967
1999-04-02/13:35:13      163.740    -0.770000      13.2700      34.0000      5.63405     0.829038    0.0549870
1999-04-02/13:35:53      163.080      1.39000      9.84000      38.0000      3.93486     0.788011    0.0422813
1999-04-02/13:36:13      163.000      2.15000      13.4300      25.0000      4.53906     0.906308    0.0334805
1999-04-02/13:36:32      163.070      2.91000      11.8200      25.0000      6.65090     0.906308    0.0490576
1999-04-02/13:36:52      162.750      4.04000      8.94000      25.0000      7.22688     0.906308    0.0533061
1999-04-02/13:37:12      162.570      5.15000      10.0800      63.0000      2.47717     0.453990    0.0385225
1999-04-02/13:37:33      162.590      6.37000      11.4700      47.0000      2.66416     0.681998    0.0340068
1999-04-02/13:37:53      162.670      7.28000      12.6400      24.0000      4.01013     0.913545    0.0284675
1999-04-02/13:38:13      162.680      8.22000      11.3500      69.0000      4.77781     0.358368    0.0778499
1999-04-02/13:38:33      162.650      9.52000      10.6400      54.0000      2.21851     0.587785    0.0313254
1999-04-02/13:38:52      162.710      10.6400      11.4300      42.0000      2.77105     0.743145    0.0323618
1999-04-02/13:39:12      162.870      11.6600      11.8400      37.0000      2.62129     0.798635    0.0275331
1999-04-02/13:39:32      162.980      12.8100      11.7400      48.0000      2.64955     0.669131    0.0343655
1999-04-02/13:39:52      162.850      13.9600      12.5200      76.0000      2.08650     0.241922    0.0353346
1999-04-02/13:40:11      162.760      14.9400      13.2800      44.0000      1.60899     0.719340    0.0195075
1999-04-02/13:40:31      162.660      15.9500      14.5000      59.0000      2.92475     0.515038    0.0437554
1999-04-02/13:40:51      162.570      16.9800      15.2400      45.0000      2.58820     0.707107    0.0319419
1999-04-02/13:41:11      162.540      18.0100      14.3700      75.0000      3.92555     0.258819    0.0661792
1999-04-02/13:41:30      162.510      19.1500      13.6400      67.0000      1.81141     0.390731    0.0291018
1999-04-02/13:41:50      162.490      20.3500      13.5500      72.0000      2.89541     0.309017    0.0480611
1999-04-02/13:42:10      162.490      21.4900      13.6500      54.0000      3.85072     0.587785    0.0543722
1999-04-02/13:42:30      162.540      22.5800      13.8200      51.0000      3.07219     0.629320    0.0416704
1999-04-02/13:42:51      162.540      23.6900      14.0900      75.0000      2.98416     0.258819    0.0503087
1999-04-02/13:43:10      162.480      24.7300      14.0800      75.0000      4.68251     0.258819    0.0789405
1999-04-02/13:43:50      162.510      26.9000      13.4700      58.0000      6.79686     0.529919     0.100602
1999-04-02/13:44:10      162.490      27.9200      13.7500      64.0000      3.47634     0.438371    0.0545331
1999-04-02/13:44:29      162.460      28.9500      13.7100      85.0000      4.83681    0.0871558    0.0840970
1999-04-02/13:44:49      162.450      29.9900      13.6200      73.0000      3.23908     0.292372    0.0540624
1999-04-02/13:45:09      162.440      31.0500      13.7700      72.0000      4.34779     0.309017    0.0721693
1999-04-02/13:45:29      162.400      32.0800      13.6700      74.0000      5.02431     0.275637    0.0842938
1999-04-02/13:45:49      162.350      33.1100      13.3600      79.0000      3.50410     0.190809    0.0600344
1999-04-02/13:46:08      162.310      34.1700      13.2200      79.0000      2.20742     0.190809    0.0378189
1999-04-02/13:46:28      162.270      35.2100      13.0700      72.0000      4.34779     0.309017    0.0721693
1999-04-02/13:46:48      162.260      36.2400      12.6100      86.0000      3.27567    0.0697565    0.0570320
1999-04-02/13:47:08      162.220      37.2600      12.7300      86.0000      2.34355    0.0697565    0.0408030
1999-04-02/13:47:27      162.100      38.2900      12.7800      81.0000      3.85170     0.156434    0.0663972
1999-04-02/13:47:47      162.110      39.3700      13.3300      78.0000      2.02113     0.207912    0.0345045
1999-04-02/13:48:08      162.020      40.7200      14.5200      63.0000      4.31999     0.453990    0.0671802
1999-04-02/13:48:28      161.840      41.8800      15.0200      72.0000      2.80513     0.309017    0.0465625
1999-04-02/13:48:48      161.730      42.9400      14.5500      76.0000      1.78707     0.241922    0.0302638
1999-04-02/13:49:08      161.610      43.9500      14.1600      79.0000      2.25861     0.190809    0.0386959
1999-04-02/13:49:27      161.680      45.0100      14.1500      66.0000      5.21823     0.406737    0.0832014
1999-04-02/13:49:47      161.670      46.1300      13.8700      71.0000      3.27522     0.325568    0.0540490
1999-04-02/13:50:07      161.680      47.2900      13.8100      68.0000      2.37731     0.374607    0.0384706
1999-04-02/13:50:27      161.750      48.4400      14.3400      76.0000      1.65840     0.241922    0.0280848
1999-04-02/13:50:46      161.740      49.5100      14.2700      71.0000      2.42687     0.325568    0.0400492
1999-04-02/13:51:06      161.700      50.6400      14.2500      73.0000      3.23908     0.292372    0.0540624
1999-04-02/13:51:46      161.650      52.8200      13.6100      73.0000      4.17674     0.292372    0.0697126
1999-04-02/13:52:05      161.650      53.9700      13.4100      72.0000      3.00550     0.309017    0.0498885
1999-04-02/13:52:25      161.660      55.1200      13.7700      79.0000      2.78705     0.190809    0.0477495
1999-04-02/13:52:45      161.710      56.2500      13.4800      64.0000      5.82346     0.438371    0.0913521
1999-04-02/13:53:05      161.750      57.4000      13.7300      77.0000      4.57661     0.224951    0.0778297
1999-04-02/13:53:26      161.660      58.4900      13.3200      66.0000      3.00172     0.406737    0.0478606
1999-04-02/13:53:46      161.480      59.6900      13.2000      67.0000      2.74726     0.390731    0.0441370
1999-04-02/13:54:05      161.270      60.7400      13.1500      65.0000      3.37699     0.422618    0.0534174
1999-04-02/13:54:25      161.090      61.8400      13.4000      81.0000      6.36406     0.156434     0.109706
1999-04-02/13:55:05      160.670      63.9600      13.3100      67.0000      3.60949     0.390731    0.0579895
1999-04-02/13:55:25      160.570      65.0300      13.0500      66.0000      2.64073     0.406737    0.0421048
1999-04-02/13:55:44      160.440      66.2400      13.0500      68.0000      3.72656     0.374607    0.0603047
1999-04-02/13:56:04      160.150      67.3100      13.1700      73.0000      3.98240     0.292372    0.0664689
1999-04-02/13:56:24      159.710      68.4200      12.9600      74.0000      4.06813     0.275637    0.0682518
1999-04-02/13:56:44      159.470      69.4500      13.0100      71.0000      4.07119     0.325568    0.0671845
1999-04-02/13:57:03      159.070      70.6600      13.3600      76.0000      2.73067     0.241922    0.0462435
1999-04-02/13:57:23      158.380      71.7500      13.2700      78.0000      3.52032     0.207912    0.0600985
1999-04-02/13:57:43      158.120      72.9600      13.3300      69.0000      3.67818     0.358368    0.0599325
1999-04-02/13:58:03      157.810      74.1800      13.1700      71.0000      3.20879     0.325568    0.0529528
1999-04-02/13:58:23      157.660      75.3700      13.3600      69.0000      3.17304     0.358368    0.0517017
1999-04-02/15:33:38      161.690      21.6200      11.4700      73.0000      3.60398     0.292372    0.0601528
1999-04-02/15:33:58      161.790      22.7200      11.3200      81.0000      2.95756     0.156434    0.0509836
1999-04-02/15:34:17      161.750      23.8600      11.4300      82.0000      3.78949     0.139173    0.0654954
1999-04-02/15:34:37      161.670      25.0700      11.5200      78.0000      3.12846     0.207912    0.0534087
1999-04-02/15:34:57      161.550      26.1000      11.4200      59.0000      5.88799     0.515038    0.0880866
1999-04-02/15:35:38      161.590      28.2800      11.4300      77.0000      1.99423     0.224951    0.0339138
1999-04-02/15:35:57      161.590      29.3800      11.3900      50.0000      5.31607     0.642788    0.0710758
1999-04-02/15:36:17      161.520      30.4200      11.1800      85.0000      2.43530    0.0871558    0.0423423
1999-04-02/15:36:37      161.370      31.4600      11.3100      66.0000      2.19499     0.406737    0.0349977
1999-04-02/15:36:57      161.400      32.5000      11.2400      88.0000      1.44156    0.0348994    0.0251446
1999-04-02/15:37:17      161.410      33.6600      10.9800      71.0000      2.85097     0.325568    0.0470479
1999-04-02/15:37:36      161.360      34.7800      11.1300      77.0000      1.60103     0.224951    0.0272271
1999-04-02/15:37:56      161.290      35.9300      10.6900      86.0000      2.77723    0.0697565    0.0483537
1999-04-02/15:38:16      161.370      37.0100      10.5700      57.0000      2.81476     0.544639    0.0412012
1999-04-02/15:38:36      161.340      38.0500      11.1100      80.0000      6.40077     0.173648     0.110017
1999-04-02/15:39:16      161.140      40.2800      11.6300      63.0000      3.66487     0.453990    0.0569924
1999-04-02/15:39:36      161.090      41.4100      11.2400      80.0000      2.49419     0.173648    0.0428705
1999-04-02/15:39:56      161.100      42.4100      10.7600      68.0000      2.16209     0.374607    0.0349878
1999-04-02/15:40:16      161.000      43.5500      11.2300      80.0000      2.72954     0.173648    0.0469157
1999-04-02/15:40:35      160.940      44.7000      12.0000      78.0000      1.74878     0.207912    0.0298550
1999-04-02/15:40:55      160.800      45.7200      12.3200      79.0000      1.94149     0.190809    0.0332628
1999-04-02/15:41:15      160.720      46.7900      11.7500      79.0000      2.06637     0.190809    0.0354023
1999-04-02/15:41:35      160.720      47.9200      11.9900      75.0000      1.81482     0.258819    0.0305953
1999-04-02/15:41:55      160.670      48.9800      12.2600      78.0000      1.30014     0.207912    0.0221959
1999-04-02/15:42:14      160.680      50.1200      12.3600      75.0000      2.26526     0.258819    0.0381891
1999-04-02/15:42:34      160.780      51.1800      12.0600      68.0000      2.32941     0.374607    0.0376955
1999-04-02/15:42:54      160.750      52.2500      11.1600      86.0000      2.71011    0.0697565    0.0471851
1999-04-02/15:43:14      160.760      53.5000      11.4100      73.0000      2.68499     0.292372    0.0448143
1999-04-02/15:43:33      160.570      54.6700      11.6200      75.0000      2.01372     0.258819    0.0339485
1999-04-02/15:43:53      160.450      55.8400      12.0900      76.0000      1.73153     0.241922    0.0293232
1999-04-02/15:44:13      160.470      57.1600      12.1300      85.0000      2.07602    0.0871558    0.0360955
1999-04-02/15:44:34      160.220      58.4000      11.9300      74.0000      2.96037     0.275637    0.0496667
1999-04-02/15:44:54      159.700      59.4800      11.1500      67.0000      1.94513     0.390731    0.0312501
1999-04-02/15:45:14      160.080      60.2200      11.0700      76.0000      2.08650     0.241922    0.0353346
1999-04-02/15:45:33      160.040      61.4900      11.7500      43.0000      2.91780     0.731354    0.0347309
1999-04-02/15:45:53      159.720      62.3300      11.6400      76.0000      3.30191     0.241922    0.0559174
1999-04-02/15:46:13      160.090      63.4000      11.9000      60.0000      3.42648     0.500000    0.0517912
1999-04-02/15:46:33      160.440      64.5900      12.5200      61.0000      2.52996     0.484810    0.0386198
1999-04-02/15:46:53      160.640      66.0400      12.8600      67.0000      1.42458     0.390731    0.0228871
1999-04-02/15:47:12      160.330      67.4400      13.1700      71.0000      2.34566     0.325568    0.0387090
1999-04-02/15:47:32      158.810      68.8800      13.1700      76.0000      1.65840     0.241922    0.0280848
1999-04-02/15:47:52      158.850      69.6200      13.1200      72.0000      2.08872     0.309017    0.0346708
1999-04-02/15:48:12      159.040      70.7900      13.1600      75.0000      1.81482     0.258819    0.0305953
1999-04-02/15:48:31      159.220      72.0700      13.5100      76.0000      1.89749     0.241922    0.0321337
1999-04-02/15:48:51      158.670      73.4000      13.7100      73.0000      2.18013     0.292372    0.0363878
1999-04-02/15:49:11      158.490      74.7300      13.3900      74.0000      1.68722     0.275637    0.0283068
1999-04-02/15:49:31      157.460      75.8700      13.1200      71.0000      2.79788     0.325568    0.0461718
1999-04-02/15:49:52      157.630      77.0100      12.7200      73.0000      2.58370     0.292372    0.0431237
1999-04-02/15:50:11      156.970      78.2000      12.2900      79.0000      1.86391     0.190809    0.0319337
1999-04-02/15:50:31      157.750      79.0200      12.3200      80.0000      2.13412     0.173648    0.0366815
1999-04-02/15:50:51      157.400      80.8600      11.8200      82.0000      2.58418     0.139173    0.0446635
1999-04-02/16:00:05      339.170      79.1000      10.9600      95.0000      3.56113    0.0871559    0.0619169
1999-04-02/16:00:24      342.180      77.2700      11.0200      98.0000      3.15804     0.139173    0.0545818
1999-04-02/16:00:44      341.590      74.5800      10.3300      106.000      2.68499     0.275637    0.0450466
1999-04-02/16:01:24      342.190      72.0400      10.0900      98.0000      2.98906     0.139173    0.0516612
1999-04-02/16:01:43      340.660      70.8500      9.35000      110.000      2.73958     0.342020    0.0449311
1999-04-02/16:02:03      336.860      72.3800      8.61000      106.000      2.58370     0.275637    0.0433472
1999-04-02/16:02:23      343.850      72.8500      9.16000      94.0000      3.13460    0.0697566    0.0545758
1999-04-02/16:03:02      341.690      68.7400      10.7600      102.000      2.16385     0.207912    0.0369410
1999-04-02/16:03:42      341.510      68.7300      10.3600      110.000      3.07254     0.342020    0.0503919
1999-04-02/16:04:02      340.000      66.7100      9.99000      109.000      5.05363     0.325568    0.0833971
1999-04-02/16:04:21      339.430      66.3500      9.46000      110.000      4.37406     0.342020    0.0717378
1999-04-02/16:04:41      339.660      64.8900      9.82000      105.000      7.71171     0.258819     0.130009
1999-04-02/16:05:21      340.220      60.8700      10.5900      102.000      2.97429     0.207912    0.0507768
1999-04-02/16:05:42      341.130      59.0400      10.7900      101.000      2.66120     0.190809    0.0455933
1999-04-02/16:06:02      341.190      56.7300      9.75000      106.000      4.39636     0.275637    0.0737585
1999-04-02/16:06:21      341.950      55.8900      9.62000      104.000      2.56031     0.241922    0.0433585
1999-04-02/16:08:00      341.890      49.7800      10.3200      94.0000      2.94591    0.0697566    0.0512906
1999-04-02/16:08:20      341.920      48.6300      10.4800      95.0000      3.44413    0.0871559    0.0598827
1999-04-02/17:14:11      159.780     -11.8800      10.4300      133.000      2.70353     0.681998    0.0345093
1999-04-02/17:14:30      159.920     -10.9500      9.91000      93.0000      2.21888    0.0523359    0.0386737
1999-04-02/17:14:50      160.090     -9.88000      9.67000      124.000      1.61080     0.559193    0.0233074
1999-04-02/17:15:10      160.260     -8.73000      9.35000      113.000      7.15040     0.390731     0.114877
1999-04-02/17:15:30      160.580     -7.54000      9.55000      137.000      4.84314     0.731354    0.0576485
1999-04-02/17:16:09      160.450     -4.67000      6.88000      166.000      45.0000     0.970296     0.190005
1999-04-02/17:16:29      159.610    -0.450000      8.46000      168.000      45.0000     0.978148     0.163293
1999-04-02/17:16:49      160.910     -2.44000      11.4200      96.0000      3.41592     0.104529    0.0592925
1999-04-02/17:17:10      161.270     -1.78000      10.1100      99.0000      3.36124     0.156434    0.0579425
1999-04-02/17:17:30      161.160   -0.0900000      10.2900      125.000      4.97892     0.573576    0.0711831
1999-04-02/17:17:50      160.680     0.880000      11.2400      95.0000      2.86062    0.0871559    0.0497372
1999-04-02/17:18:09      160.630      1.83000      9.89000      94.0000      3.20026    0.0697566    0.0557190
1999-04-02/17:18:29      161.090      2.94000      10.9700      149.000      8.44106     0.857167    0.0758776
1999-04-02/17:18:49      161.330      3.48000      11.3100      91.0000      3.29495    0.0174525    0.0574990
1999-04-02/17:19:09      161.980      5.24000      9.10000      112.000      2.39763     0.374607    0.0387994
1999-04-02/17:19:29      163.030      7.79000      10.2900      104.000      2.74456     0.241922    0.0464787
1999-04-02/17:19:48      163.250      9.32000      9.86000      96.0000      3.16120     0.104529    0.0548711
1999-04-02/17:21:28      159.250      8.48000      9.85000      75.0000      3.55530     0.258819    0.0599373
1999-04-02/17:21:48      158.930      8.94000      10.1100      48.0000      2.54792     0.669131    0.0330474
1999-04-02/17:22:08      158.790      9.74000      10.1300      56.0000      1.64087     0.559193    0.0237425
1999-04-02/17:22:27      158.330      11.4600      8.52000      89.0000      1.69021    0.0174524    0.0294952
1999-04-02/17:22:47      158.860      14.3200      8.45000      71.0000      4.32231     0.325568    0.0713285
1999-04-02/17:23:27      159.720      17.5900      10.8600      84.0000      3.12222     0.104528    0.0541945
1999-04-02/17:23:47      159.800      18.8300      11.5500      65.0000      2.37061     0.422618    0.0374984
1999-04-02/17:24:06      159.850      20.0100      12.5300      57.0000      4.70447     0.544639    0.0688620
1999-04-02/17:25:06      160.210      23.2400      12.4300      69.0000      3.45863     0.358368    0.0563551
1999-04-02/17:25:25      160.230      24.2600      12.6700      66.0000      1.64092     0.406737    0.0261634
1999-04-02/17:25:45      160.210      25.3200      13.0300      64.0000      3.16159     0.438371    0.0495956
1999-04-02/17:26:05      160.250      26.4300      13.2400      56.0000      2.04324     0.559193    0.0295645
1999-04-02/17:26:46      160.290      28.6700      13.5400      74.0000      3.48493     0.275637    0.0584673
1999-04-02/17:27:06      160.270      29.7800      13.7700      67.0000      1.81141     0.390731    0.0291018
1999-04-02/17:27:26      160.260      30.8700      13.9200      73.0000      2.84991     0.292372    0.0475669
1999-04-02/17:27:45      160.260      31.9300      14.3000      59.0000      2.81804     0.515038    0.0421590
1999-04-02/17:28:05      160.240      32.9800      14.4400      70.0000      2.83748     0.342020    0.0465367
1999-04-02/17:28:25      160.230      34.1000      14.5700      67.0000      1.52115     0.390731    0.0244386
1999-04-02/17:28:45      160.220      35.1800      14.8800      61.0000      3.20731     0.484810    0.0489596
1999-04-02/17:29:04      160.170      36.2400      14.7100      63.0000      3.89243     0.453990    0.0605312
1999-04-02/17:29:24      160.120      37.3600      14.8300      67.0000      1.52115     0.390731    0.0244386
1999-04-02/17:29:44      160.090      38.4500      15.2300      67.0000      1.86436     0.390731    0.0299525
1999-04-02/17:30:04      160.040      39.5100      15.5200      76.0000      1.73153     0.241922    0.0293232
1999-04-02/17:30:23      160.020      40.5500      15.2100      72.0000      3.13206     0.309017    0.0519893
1999-04-02/17:30:43      159.970      41.6400      15.1200      72.0000      3.33396     0.309017    0.0553406
1999-04-02/17:31:03      159.910      42.7400      15.2300      71.0000      2.42687     0.325568    0.0400492
1999-04-02/17:31:23      159.860      43.8600      15.6500      69.0000      2.39465     0.358368    0.0390186
1999-04-02/17:31:44      159.780      45.0300      16.1800      54.0000      1.71507     0.587785    0.0242168
1999-04-02/17:32:03      159.730      46.0400      16.5400      77.0000      1.60103     0.224951    0.0272271
1999-04-02/17:32:23      159.650      47.1000      15.3700      80.0000      2.63679     0.173648    0.0453215
1999-04-02/17:32:43      159.610      48.2600      15.0700      72.0000      2.19297     0.309017    0.0364013
1999-04-02/17:33:03      159.530      49.3500      15.3700      69.0000      2.27385     0.358368    0.0370502
1999-04-02/17:33:22      159.500      50.4300      15.6200      69.0000      2.20291     0.358368    0.0358943
1999-04-02/17:33:42      159.430      51.5700      15.7800      71.0000      2.72086     0.325568    0.0449008
1999-04-02/17:34:02      159.300      52.6600      15.5300      64.0000      2.90088     0.438371    0.0455059
1999-04-02/17:34:22      159.200      53.8000      15.4100      68.0000      1.80723     0.374607    0.0292453
1999-04-02/17:34:42      159.120      54.9200      15.7000      60.0000      2.94180     0.500000    0.0444653
1999-04-02/17:35:02      158.980      56.0400      15.8500      68.0000      2.41315     0.374607    0.0390506
1999-04-02/17:35:21      158.830      57.1400      16.1800      78.0000      3.52032     0.207912    0.0600985
1999-04-02/17:35:42      158.680      58.3000      16.2500      61.0000      2.52996     0.484810    0.0386198
1999-04-02/17:36:02      158.440      59.4700      16.5200      74.0000      3.40585     0.275637    0.0571406
1999-04-02/17:36:22      158.290      60.5700      16.7100      44.0000      3.37755     0.719340    0.0409497
1999-04-02/17:36:42      158.240      61.7000      17.2800      68.0000      2.89320     0.374607    0.0468189
1999-04-02/17:37:01      158.100      62.7300      17.5900      61.0000      4.54485     0.484810    0.0693771
1999-04-02/17:37:21      157.950      63.8700      17.5300      79.0000      2.47242     0.190809    0.0423590
1999-04-02/17:37:41      157.920      64.9600      17.5600      59.0000      3.34165     0.515038    0.0499924
1999-04-02/17:38:01      157.650      66.2100      17.6600      65.0000      2.46245     0.422618    0.0389512
1999-04-02/17:38:20      157.540      67.3300      18.1400      60.0000      7.96123     0.500000     0.120334
1999-04-02/17:38:40      157.410      68.4800      18.4000      69.0000      2.32336     0.358368    0.0378569
1999-04-02/17:39:00      157.230      69.5400      18.4200      68.0000      3.35176     0.374607    0.0542396
1999-04-02/17:39:20      156.950      70.6500      18.2100      68.0000      2.47319     0.374607    0.0400222
1999-04-02/17:39:39      156.730      71.7300      18.2300      63.0000      5.41446     0.453990    0.0842003
1999-04-02/17:39:59      156.580      72.8900      18.1200      62.0000      5.46353     0.469472    0.0841949
1999-04-02/17:40:19      156.120      74.1400      18.1900      67.0000      2.03620     0.390731    0.0327133
1999-04-02/17:40:39      155.330      75.3400      18.0900      66.0000      2.02531     0.406737    0.0322923
1999-04-02/17:41:00      154.840      76.5200      18.0300      72.0000      2.44629     0.309017    0.0406061
1999-04-02/17:41:20      154.030      77.8100      17.9300      74.0000      1.78862     0.275637    0.0300080
1999-04-02/17:41:39      153.130      79.0600      17.8500      76.0000      1.73153     0.241922    0.0293232
1999-04-02/17:41:59      151.840      80.2100      17.8000      75.0000      2.18875     0.258819    0.0368992
1999-04-02/17:42:19      151.280      81.3600      17.7000      75.0000      2.10729     0.258819    0.0355259
1999-04-02/17:42:39      150.230      82.6800      16.8700      76.0000      1.89749     0.241922    0.0321337
1999-04-02/17:42:59      150.640      83.8900      16.4000      75.0000      1.72400     0.258819    0.0290642
1999-04-02/17:43:18      139.060      85.6500      16.3800      79.0000      1.86391     0.190809    0.0319337
1999-04-02/17:43:35      147.640      85.1200      16.6300      74.0000      1.91034     0.275637    0.0320501
1999-04-28/18:02:02      177.390      35.0700      13.5300      109.000      3.63450     0.325568    0.0599780
1999-04-28/18:02:22      177.340      36.1800      13.5500      103.000      5.79159     0.224951    0.0984916
1999-04-28/18:02:41      177.310      37.2600      13.4600      91.0000      4.04731    0.0174525    0.0706281
1999-04-28/18:03:01      177.270      38.3700      13.3700      104.000      2.85144     0.241922    0.0482887
1999-04-28/18:03:21      177.210      39.4700      13.4000      110.000      2.78623     0.342020    0.0456962
1999-04-28/18:03:41      177.130      40.6000      13.3800      107.000      4.92515     0.292372    0.0822040
1999-04-28/18:04:02      177.070      41.7700      13.4900      108.000      2.72086     0.309017    0.0451637
1999-04-28/18:04:22      177.070      42.8700      13.6400      104.000      2.65779     0.241922    0.0450093
1999-04-28/18:04:42      177.000      43.9700      13.6500      107.000      4.01054     0.292372    0.0669386
1999-04-28/18:05:02      176.930      45.0800      13.7000      102.000      1.73073     0.207912    0.0295468
1999-04-28/18:05:21      176.860      46.1900      13.7100      114.000      2.74282     0.406737    0.0437326
1999-04-28/18:05:41      176.760      47.3000      13.8000      112.000      2.03620     0.374607    0.0329506
1999-04-28/18:06:01      176.660      48.4200      13.7800      111.000      2.43529     0.358368    0.0396807
1999-04-28/18:06:21      176.630      49.5400      14.0100      110.000      2.83141     0.342020    0.0464372
1999-04-28/18:06:42      176.610      50.6200      14.0200      93.0000      2.45544    0.0523359    0.0427968
1999-04-28/18:07:22      176.450      52.9700      13.7600      114.000      5.84843     0.406737    0.0932496
1999-04-28/18:07:42      176.430      54.0600      13.7400      105.000      20.0866     0.258819     0.338632
1999-04-28/18:08:01      176.280      55.1600      13.5500      105.000      3.52055     0.258819    0.0593515
1999-04-28/18:08:21      176.160      56.3000      13.6600      103.000      2.32163     0.224951    0.0394816
1999-04-28/18:08:41      175.990      57.4800      13.7100      114.000      3.93486     0.406737    0.0627389
1999-04-28/18:09:01      175.860      58.6200      13.7300      106.000      5.39553     0.275637    0.0905218
1999-04-28/18:09:22      175.710      59.8000      13.7500      115.000      8.38167     0.422618     0.132582
1999-04-28/18:09:42      175.560      60.9600      13.8700      103.000      1.83560     0.224951    0.0312162
1999-04-28/18:10:02      175.440      61.9800      13.8300      113.000      1.74178     0.390731    0.0279832
1999-04-28/18:10:22      175.110      63.2600      13.7000      105.000      9.78949     0.258819     0.165037
1999-04-28/18:10:41      174.920      64.4300      13.7600      113.000      2.30954     0.390731    0.0371047
1999-04-28/18:11:01      174.670      65.6600      13.7100      105.000      7.71171     0.258819     0.130009
1999-04-28/18:11:21      174.450      66.8500      13.7800      102.000      2.16385     0.207912    0.0369410
1999-04-28/18:11:41      174.170      68.1100      13.7300      99.0000      3.62819     0.156434    0.0625442
1999-04-28/18:12:02      173.830      69.4000      13.6100      108.000      4.07119     0.309017    0.0675780
1999-04-28/18:12:22      173.230      70.7300      13.5400      110.000      2.78623     0.342020    0.0456962
1999-04-28/18:12:42      172.660      72.0800      13.5700      105.000      4.06813     0.258819    0.0685829
1999-04-28/18:13:02      172.120      73.2400      13.8400      101.000      2.17303     0.190809    0.0372297
1999-04-28/18:13:21      171.060      74.4800      13.8000      105.000      1.55569     0.258819    0.0262267
1999-04-28/18:21:41      335.850      87.0200      12.6800      73.0000      3.76704     0.292372    0.0628744
1999-04-28/18:22:01      348.870      85.2700      12.7700      73.0000      3.37382     0.292372    0.0563113
1999-04-28/18:22:21      350.400      84.2500      12.6300      80.0000      3.36124     0.173648    0.0577735
1999-04-28/18:22:40      351.340      83.2000      12.1100      63.0000      6.26546     0.453990    0.0974342
1999-04-28/18:23:20      356.870      79.7600      12.5300      88.0000      1.96914    0.0348994    0.0343470
1999-04-28/18:23:40      356.570      78.6200      12.5900      87.0000      2.12414    0.0523359    0.0370224
1999-04-28/18:24:01      357.100      77.0800      12.5600      81.0000      3.43655     0.156434    0.0592407
1999-04-28/18:24:41      357.500      74.8300      12.3400      85.0000      3.80161    0.0871558    0.0660981
1999-04-28/18:25:01      357.540      73.6700      12.3400      87.0000      7.01247    0.0523359     0.122223
1999-04-28/18:27:21      358.130      65.3900      12.3700      89.0000      11.4005    0.0174524     0.198946
1999-04-28/18:27:41      358.170      64.2700      12.1800      79.0000      2.58013     0.190809    0.0442044
1999-04-28/18:28:00      358.280      63.2100      12.1700      81.0000      26.9132     0.156434     0.463941
1999-04-28/18:28:20      358.250      62.1000      12.0500      80.0000      9.68878     0.173648     0.166532
1999-04-28/18:29:21      358.260      58.6900      12.5500      89.0000      40.8868    0.0174524     0.713501
1999-04-28/18:30:40      358.260      54.1100      12.3700      81.0000      10.0744     0.156434     0.173667
1999-04-28/18:31:00      358.280      53.0400      12.2700      73.0000      3.45951     0.292372    0.0577415
1999-04-28/18:31:40      358.290      50.8200      12.2700      89.0000      40.8868    0.0174524     0.713501
1999-04-28/18:32:01      358.280      49.7000      12.2000      86.0000      5.76786    0.0697565     0.100423
1999-04-28/18:32:41      358.240      47.4200      12.1300      89.0000      5.65627    0.0174524    0.0987055
1999-04-28/18:35:41      358.200      37.5000      12.3100      81.0000      26.9132     0.156434     0.463941
1999-04-28/19:17:41      132.380     -87.0900      12.5900      113.000      3.00172     0.390731    0.0482252
1999-04-28/19:18:01      162.510     -85.3400      13.0000      93.0000      3.39024    0.0523359    0.0590898
1999-04-28/19:18:21      168.510     -83.7000      13.0200      94.0000      2.66392    0.0697566    0.0463809
1999-04-28/19:18:42      169.830     -82.7800      13.0600      108.000      3.03428     0.309017    0.0503662
1999-04-28/19:19:02      172.760     -81.2300      13.1600      107.000      1.99452     0.292372    0.0332899
1999-04-28/19:19:22      172.000     -80.4200      13.2400      108.000      2.51776     0.309017    0.0417925
1999-04-28/19:19:42      165.620     -81.3400      13.0500      111.000      2.25057     0.358368    0.0366709
1999-04-28/19:20:01      172.340     -78.1100      11.8600      117.000      3.48879     0.453991    0.0542542
1999-04-28/19:20:21      176.980     -74.9100      12.5900      117.000      3.27689     0.453991    0.0509589
1999-04-28/19:20:41      176.920     -73.3300      13.3300      92.0000      1.80828    0.0348995    0.0315412
1999-04-28/19:21:01      176.090     -72.8300      13.4700      100.000      1.74092     0.173648    0.0299232
1999-04-28/19:21:22      175.800     -71.9900      13.1800      109.000      2.57545     0.325568    0.0425011
1999-04-28/19:21:42      176.060     -70.7800      13.0000      115.000      2.62014     0.422618    0.0414455
1999-04-28/19:22:02      176.410     -69.4700      12.5400      116.000      3.01723     0.438371    0.0473310
1999-04-28/19:22:22      177.240     -67.7400      12.2800      125.000      2.47499     0.573576    0.0353847
1999-04-28/19:22:41      177.620     -66.3200      13.2800      113.000      2.19499     0.390731    0.0352644
1999-04-28/19:23:01      177.150     -65.6100      13.9000      103.000      2.89847     0.224951    0.0492913
1999-04-28/19:23:21      176.630     -65.2800      13.4300      117.000      4.65407     0.453991    0.0723754
1999-04-28/19:23:41      175.830     -65.0400      11.8800      144.000      4.70679     0.809017    0.0482860
1999-04-28/19:24:02      177.340     -62.0800      9.56000      133.000      26.9050     0.681998     0.343430
1999-04-28/19:24:42      177.700     -59.3800      14.1700      156.000      9.61214     0.913545    0.0682356
1999-04-28/19:25:02      177.650     -58.5800      13.5700      119.000      23.7264     0.484810     0.362183
1999-04-28/19:25:21      177.690     -57.1700      11.9600      125.000      3.38424     0.573576    0.0483841
1999-04-28/19:25:41      177.630     -55.8300      13.7300      95.0000      4.16876    0.0871559    0.0724817
1999-04-28/19:26:01      177.660     -54.6700      12.9200      171.000      27.0199     0.987688    0.0737723
1999-04-28/19:26:21      177.990     -53.3600      13.7300      124.000      8.06629     0.559193     0.116715
1999-04-28/19:26:42      178.020     -52.4700      15.7700      156.000      39.3380     0.913545     0.279256
1999-04-28/19:27:02      177.780     -51.6600      14.7100      157.000      9.49892     0.920505    0.0647783
1999-04-28/19:27:22      177.600     -50.6000      13.8400      108.000      3.27522     0.309017    0.0543656
1999-04-28/19:27:42      177.540     -49.5000      13.3600      117.000      9.28522     0.453991     0.144394
1999-04-28/19:28:01      177.540     -48.4200      12.5400      119.000      3.07917     0.484810    0.0470035
1999-04-28/19:28:41      177.530     -46.1100      13.3500      140.000      11.2951     0.766045     0.126717
1999-04-28/19:29:01      177.590     -45.0100      13.5600      113.000      2.42089     0.390731    0.0388936
1999-04-28/19:29:22      177.560     -43.9400      12.9300      115.000      4.53078     0.422618    0.0716681
1999-04-28/19:30:02      177.500     -41.6500      13.5200      124.000      6.94095     0.559193     0.100432
1999-04-28/19:30:22      177.540     -40.4300      12.4800      112.000      2.15767     0.374607    0.0349163
1999-04-28/19:30:41      177.850     -39.1000      15.1900      171.000      20.5241     0.987688    0.0560369
1999-04-28/19:31:01      177.390     -38.6600      14.5700      170.000      21.5302     0.984808    0.0652523
1999-04-28/19:31:21      177.310     -37.2500      12.5600      140.000      4.26135     0.766045    0.0478071
1999-04-28/19:31:41      177.570     -36.0600      13.5400      135.000      3.60312     0.707107    0.0444673
1999-04-28/19:32:02      177.810     -35.2400      13.3600      128.000      3.30492     0.615661    0.0454538
1999-04-28/19:32:22      177.690     -34.0200      11.1200      136.000      24.0070     0.719340     0.291063
1999-04-28/19:32:42      177.270     -32.6600      12.0500      125.000      21.8278     0.573576     0.312070
1999-04-28/19:33:02      177.370     -31.5200      13.0800      168.000      16.5545     0.978148    0.0600720
1999-04-28/19:33:21      177.440     -30.4100      13.1100      170.000      45.0000     0.984808     0.136383
1999-04-28/19:33:41      177.280     -29.5500      13.6600      138.000      12.2961     0.743145     0.143600
1999-04-28/19:34:01      176.820     -28.0300      10.7100      93.0000     0.544964    0.0523359   0.00949838
1999-04-28/19:34:21      177.480     -26.6000      21.7900      168.000      14.7391     0.978148    0.0534844
1999-04-28/19:34:42      177.440     -26.0100      23.0800      151.000      37.2472     0.874620     0.315168
1999-04-28/19:35:02      177.360     -25.0400      17.5500      158.000      9.40012     0.927184    0.0614591
1999-04-28/19:35:22      177.340     -24.0100      17.7700      108.000      7.18042     0.309017     0.119188
1999-04-28/19:35:42      177.140     -23.0300      15.1100      117.000      22.6838     0.453991     0.352756
1999-04-28/19:36:21      177.390     -20.6200      14.4900      117.000      22.6838     0.453991     0.352756
1999-04-28/19:36:41      177.470     -19.6200      15.3700      123.000      23.1802     0.544639     0.339302
1999-04-28/19:37:01      177.240     -18.6600      13.5500      170.000      28.1297     0.984808    0.0852537
1999-04-28/19:37:22      177.200     -17.4500      11.7200      168.000      20.2415     0.978148    0.0734512
1999-04-28/19:37:42      177.150     -16.3400      12.7900      110.000      5.10242     0.342020    0.0836834
1999-04-28/19:38:02      177.070     -15.3800      11.5200      131.000      3.31843     0.656059    0.0437109
1999-04-28/19:39:01      177.220     -11.6100      13.4600      130.000      5.12876     0.642788    0.0685715
1999-04-28/19:39:21      177.170     -10.6800      14.9000      151.000      12.3338     0.874620     0.104363
1999-04-28/19:39:41      177.090     -9.60000      15.0200      165.000      15.1358     0.965926    0.0683721
1999-04-28/19:40:02      177.110     -8.50000      15.5600      135.000      5.96779     0.707107    0.0736505
1999-04-28/19:40:22      177.170     -7.37000      14.7500      115.000      5.82346     0.422618    0.0921158
1999-04-28/19:40:42      177.260     -6.28000      14.7800      159.000      8.18965     0.933580    0.0512238
1999-04-28/19:41:02      177.280     -5.19000      13.8000      135.000      4.39715     0.707107    0.0542667
1999-04-28/19:41:41      177.190     -2.99000      13.4100      133.000      26.9050     0.681998     0.343430
1999-04-28/19:42:01      177.180     -1.89000      13.4600      110.000      5.10242     0.342020    0.0836834
1999-04-28/19:42:21      177.150    -0.810000      13.6400      113.000      1.97323     0.390731    0.0317016
1999-04-28/19:42:42      177.120     0.300000      13.9900      126.000      4.35442     0.587785    0.0614845
1999-04-28/19:43:02      177.100      1.36000      13.8700      132.000      3.42443     0.669131    0.0444160
1999-04-28/19:43:22      177.060      2.41000      13.0600      136.000      5.20529     0.719340    0.0631093
1999-04-28/19:44:01      176.910      4.74000      12.0700      136.000      5.60432     0.719340    0.0679472
1999-04-28/19:44:21      176.940      5.81000      13.4800      120.000      3.14954     0.500000    0.0476053
1999-04-28/19:44:41      176.950      6.88000      13.6400      112.000      2.54874     0.374607    0.0412448
1999-04-28/19:45:01      176.940      7.98000      13.4100      114.000      3.55449     0.406737    0.0566741
1999-04-28/19:45:22      176.900      9.10000      13.6200      117.000      4.31892     0.453991    0.0671635
1999-04-28/19:45:42      176.880      10.2000      13.6300      104.000      4.43739     0.241922    0.0751466
1999-04-28/19:46:02      176.880      11.3200      13.7900      113.000      3.25485     0.390731    0.0522919
1999-04-28/19:46:22      176.880      12.3900      13.9700      113.000      3.89541     0.390731    0.0625830
1999-04-28/19:46:41      176.850      13.4400      13.8400      105.000      4.06813     0.258819    0.0685829
1999-04-28/19:47:01      176.820      14.5400      13.6800      104.000      5.25640     0.241922    0.0890164
1999-04-28/19:47:21      176.790      15.6600      13.6400      96.0000      1.90998     0.104529    0.0331528
1999-04-28/19:47:41      176.780      16.7600      13.8700      103.000      2.32163     0.224951    0.0394816
1999-04-28/19:48:02      176.770      17.8800      14.2200      144.000      10.4268     0.809017     0.106966
1999-04-28/19:48:22      176.770      18.9400      14.2200      133.000      8.70322     0.681998     0.111093
1999-04-28/19:48:42      176.760      20.0200      13.8900      94.0000      3.67169    0.0697566    0.0639270
1999-04-28/19:49:02      176.730      21.1200      13.5800      95.0000      3.04153    0.0871559    0.0528827
1999-04-28/19:49:21      176.690      22.2200      13.3700      109.000      3.56289     0.325568    0.0587963
1999-04-28/19:49:41      176.650      23.3500      13.4100      113.000      2.19499     0.390731    0.0352644
1999-04-28/19:50:01      176.630      24.4500      13.7000      112.000      1.74712     0.374607    0.0282726
1999-04-28/19:50:21      176.640      25.5400      13.9100      116.000      4.57356     0.438371    0.0717451
1999-04-28/19:50:42      176.650      26.6500      13.8000      100.000      2.58013     0.173648    0.0443476
1999-04-28/19:51:02      176.630      27.7400      13.3500      129.000      6.16208     0.629321    0.0835809
1999-04-28/19:51:22      176.560      28.8600      13.3300      124.000      2.56447     0.559193    0.0371064
1999-04-28/19:51:42      176.510      29.9800      13.3900      109.000      3.84268     0.325568    0.0634135
1999-04-28/19:52:01      176.490      31.0600      13.5400      100.000      2.20742     0.173648    0.0379414
1999-04-28/19:52:21      176.440      32.1600      13.5100      101.000      1.82292     0.190809    0.0312314
1999-04-28/19:52:41      176.400      33.2800      13.5300      102.000      2.56531     0.207912    0.0437947
1999-04-28/19:53:01      176.350      34.3900      13.5700      112.000      4.05729     0.374607    0.0656567
1999-04-28/19:53:22      176.300      35.5100      13.6900      105.000      2.76988     0.258819    0.0466963
1999-04-28/19:53:42      176.260      36.6000      13.6300      104.000      3.37305     0.241922    0.0571221
1999-04-28/19:54:02      176.200      37.7200      13.4900      105.000      3.60824     0.258819    0.0608298
1999-04-28/19:54:22      176.160      38.8400      13.6100      108.000      3.81802     0.309017    0.0633756
1999-04-28/19:54:41      176.130      39.9000      13.6800      105.000      2.85935     0.258819    0.0482046
1999-04-28/19:55:01      176.060      41.0100      13.6800      108.000      2.51776     0.309017    0.0417925
1999-04-28/19:55:21      176.020      42.1200      13.7600      114.000      2.85912     0.406737    0.0455869
1999-04-28/19:55:41      175.980      43.2400      13.8900      109.000      3.56289     0.325568    0.0587963
1999-04-28/19:56:02      175.910      44.3600      13.9500      114.000      3.21946     0.406737    0.0513323
1999-04-28/19:56:22      175.840      45.4700      13.9700      112.000      1.74712     0.374607    0.0282726
1999-04-28/19:56:42      175.750      46.5800      14.0600      104.000      3.29861     0.241922    0.0558615
1999-04-28/19:57:02      175.690      47.6900      14.0900      106.000      3.60398     0.275637    0.0604646
1999-04-28/19:57:21      175.630      48.7900      14.1500      104.000      2.85144     0.241922    0.0482887
1999-04-28/19:57:41      175.590      49.9000      14.1000      100.000      2.58013     0.173648    0.0443476
1999-04-28/19:58:01      175.540      51.0000      13.8600      113.000      7.73311     0.390731     0.124239
1999-04-28/19:58:21      175.390      52.1800      13.6600      114.000      3.09401     0.406737    0.0493321
1999-04-28/19:58:42      175.260      53.3800      13.9700      111.000      2.39953     0.358368    0.0390981
1999-04-28/19:59:02      175.230      54.4500      13.9600      104.000      2.56031     0.241922    0.0433585
1999-04-28/19:59:22      175.120      55.5800      13.8500      101.000      1.68212     0.190809    0.0288191
1999-04-28/19:59:42      174.980      56.7200      13.8500      114.000      5.18252     0.406737    0.0826320
1999-04-28/20:00:01      174.810      57.8400      13.9600      104.000      3.29861     0.241922    0.0558615
1999-04-28/20:00:21      174.670      58.9200      14.0100      112.000      2.22430     0.374607    0.0359945
1999-04-28/20:00:41      174.550      60.0900      13.8800      113.000      1.82806     0.390731    0.0293693
1999-04-28/20:01:01      174.460      61.2200      14.0900      106.000      3.37382     0.275637    0.0566032
1999-04-28/20:01:22      174.290      62.3600      13.7900      113.000      2.53069     0.390731    0.0406577
1999-04-28/20:01:42      173.980      63.5600      13.7900      107.000      4.19933     0.292372    0.0700896
1999-04-28/20:02:02      173.690      64.7900      13.6200      108.000      2.61726     0.309017    0.0434441
1999-04-28/20:02:22      173.450      65.9900      13.7100      107.000      2.44629     0.292372    0.0408302
1999-04-28/20:02:41      173.220      67.1000      13.6900      105.000      2.34766     0.258819    0.0395782
1999-04-28/20:03:01      172.630      68.4900      13.5900      104.000      2.01372     0.241922    0.0341021
1999-04-28/20:03:21      172.220      69.7600      13.5800      111.000      3.06196     0.358368    0.0498917
1999-04-28/20:03:41      171.530      71.0700      13.5400      112.000      1.68015     0.374607    0.0271889
1999-04-28/20:04:02      170.890      72.3800      13.5900      104.000      1.91551     0.241922    0.0324389
1999-04-28/20:04:22      170.290      73.4200      13.7600      102.000      1.49575     0.207912    0.0255353
1999-04-28/20:04:42      169.140      74.6500      13.7300      102.000      1.80454     0.207912    0.0308069
1999-04-28/20:14:21      345.590      83.3400      13.3800      74.0000      3.40585     0.275637    0.0571406
1999-04-28/20:14:40      345.590      82.3100      13.7300      77.0000      2.08461     0.224951    0.0354508
1999-04-28/20:15:00      349.440      80.2200      13.5700      83.0000      3.64446     0.121869    0.0631337
1999-04-28/20:15:20      351.680      78.5000      13.8300      87.0000      2.34627    0.0523359    0.0408940
1999-04-28/20:16:01      353.320      75.7900      13.7900      88.0000      2.12954    0.0348994    0.0371448
1999-04-28/20:16:21      354.150      74.4100      13.8900      85.0000      26.9820    0.0871558     0.469133
1999-04-28/20:16:41      354.490      73.2400      13.8400      84.0000      26.2134     0.104528     0.455004
1999-04-28/20:17:01      354.850      71.8500      13.7500      79.0000      2.37992     0.190809    0.0407743
1999-04-28/20:18:41      356.190      65.5400      14.0400      81.0000      26.9132     0.156434     0.463941
1999-04-28/20:19:01      356.360      64.4000      14.0300      82.0000      8.50424     0.139173     0.146983
1999-04-28/20:19:21      356.360      63.3300      13.7200      75.0000      8.06438     0.258819     0.135954
1999-04-28/20:19:41      356.530      62.1100      13.6100      68.0000      5.07297     0.374607    0.0820929
1999-04-28/20:22:01      356.950      54.0000      14.0700      88.0000      13.1257    0.0348994     0.228947
1999-04-28/20:22:21      356.960      52.9100      13.9700      79.0000      7.67425     0.190809     0.131480
1999-04-28/21:14:41      174.810     -64.9400      14.5500      117.000      6.40714     0.453991    0.0996374
1999-04-28/21:15:01      173.900     -64.1700      13.1000      121.000      7.73894     0.515038     0.115778
1999-04-28/21:16:02      176.210     -59.1100      15.8000      105.000      7.26377     0.258819     0.122457
1999-04-28/21:16:22      175.760     -58.6500      14.0300      139.000      8.21298     0.754710    0.0940418
1999-04-28/21:16:42      176.410     -56.6200      13.2700      126.000      25.0610     0.587785     0.353862
1999-04-28/21:17:02      176.590     -55.5200      14.9200      101.000      5.81995     0.190809    0.0997110
1999-04-28/21:17:21      176.740     -54.3200      13.8300      140.000      6.63463     0.766045    0.0744323
1999-04-28/21:17:41      176.870     -53.1200      15.1000      126.000      6.55871     0.587785    0.0926090
1999-04-28/21:18:01      176.750     -52.3500      15.9100      155.000      18.0841     0.906308     0.133390
1999-04-28/21:18:21      176.580     -51.3300      14.7400      122.000      21.3608     0.529919     0.316166
1999-04-28/21:18:42      176.450     -50.2400      14.5400      116.000      4.46577     0.438371    0.0700542
1999-04-28/21:19:02      176.410     -49.1700      14.1400      115.000      22.3924     0.422618     0.354204
1999-04-28/21:20:01      176.380     -45.6600      15.2000      146.000      2.27322     0.829038    0.0221861
1999-04-28/21:20:21      176.420     -44.8100      14.3000      156.000      7.31335     0.913545    0.0519167
1999-04-28/21:21:01      176.470     -42.2200      14.5400      106.000      6.30314     0.275637     0.105749
1999-04-28/21:21:22      176.400     -41.1700      14.5800      110.000      9.32133     0.342020     0.152877
1999-04-28/21:21:42      176.510     -40.0800      13.7900      133.000      3.01339     0.681998    0.0384645
1999-04-28/21:22:02      176.700     -38.8700      13.9400      144.000      9.11228     0.809017    0.0934809
1999-04-28/21:22:22      176.370     -37.8000      14.8000      145.000      4.06719     0.819152    0.0407158
1999-04-28/21:22:41      176.400     -36.7500      15.4300      121.000      7.02267     0.515038     0.105062
1999-04-28/21:23:01      176.570     -35.9300      15.4100      146.000      2.16119     0.829038    0.0210927
1999-04-28/21:23:21      176.670     -36.6800      10.5300      132.000      24.7334     0.669131     0.320800
1999-04-28/21:23:41      176.410     -33.2400      8.53000      170.000      2.79838     0.984808   0.00848115
1999-04-28/21:24:02      176.540     -32.1800      11.9900      125.000      21.8278     0.573576     0.312070
1999-04-28/21:24:22      176.300     -30.9500      12.2400      170.000      5.89201     0.984808    0.0178571
1999-04-28/21:24:42      176.140     -30.0100      15.2000      143.000      34.4662     0.798636     0.362021
1999-04-28/21:25:21      176.570     -27.4900      13.7400      127.000      22.1762     0.601815     0.309110
1999-04-28/21:25:41      176.810     -26.3000      19.6400      160.000      42.0716     0.939693     0.251141
1999-04-28/21:26:01      176.500     -25.6000      21.2300      104.000      18.8654     0.241922     0.319483
1999-04-28/21:26:21      176.390     -24.7100      17.8600      148.000      7.46921     0.848048    0.0690815
1999-04-28/21:26:42      176.400     -23.5700      17.3900      144.000      13.0306     0.809017     0.133678
1999-04-28/21:27:02      176.270     -22.5300      14.1800      170.000      8.44888     0.984808    0.0256063
1999-04-28/21:27:22      176.310     -21.2000      15.2800      132.000      12.3667     0.669131     0.160400
1999-04-28/21:27:42      176.380     -20.3700      15.1900      124.000      17.6815     0.559193     0.255841
1999-04-28/21:28:41      175.990     -16.7700      14.2900      115.000      22.3924     0.422618     0.354204
1999-04-28/21:29:01      175.820     -16.0300      15.8000      159.000      22.6570     0.933580     0.141713
1999-04-28/21:29:22      175.580     -14.8000      14.0000      123.000      23.1802     0.544639     0.339302
1999-04-28/21:29:42      175.680     -13.5000      14.2800      164.000      18.3266     0.961262    0.0881652
1999-04-28/21:30:02      175.950     -12.3300      15.7600      137.000      5.97986     0.731354    0.0711790
1999-04-28/21:30:22      176.190     -11.2700      16.2000      157.000      9.49892     0.920505    0.0647783
1999-04-28/21:30:41      176.180     -10.2900      16.3300      122.000      7.25726     0.529919     0.107416
1999-04-28/21:31:01      176.140     -9.21000      16.3800      143.000      7.10765     0.798636    0.0746563
1999-04-28/21:31:21      176.140     -8.24000      14.9300      114.000      20.2240     0.406737     0.322459
1999-04-28/21:32:42      176.030     -3.66000      13.7500      116.000      7.09205     0.438371     0.111252
1999-04-28/21:33:02      176.030     -2.59000      13.8700      111.000      7.62214     0.358368     0.124196
1999-04-28/21:34:21      175.980      1.77000      14.1300      125.000      2.96422     0.573576    0.0423792
1999-04-28/21:34:42      175.870      2.87000      14.3400      126.000      3.62091     0.587785    0.0511273
1999-04-28/21:35:02      175.810      4.00000      14.5000      122.000      21.3608     0.529919     0.316166
1999-04-28/21:35:22      175.870      5.11000      14.3800      99.0000      2.27326     0.156434    0.0391874
1999-04-28/21:35:42      175.870      6.21000      14.1000      100.000      2.30634     0.173648    0.0396417
1999-04-28/21:36:01      175.850      7.27000      14.2500      97.0000      3.05153     0.121869    0.0528623
1999-04-28/21:36:21      175.820      8.37000      14.3700      130.000      8.42084     0.642788     0.112587
1999-04-28/21:36:41      175.820      9.46000      14.3500      117.000      4.65407     0.453991    0.0723754
1999-04-28/21:37:01      175.790      10.5900      14.1300      120.000      6.07296     0.500000    0.0917928
1999-04-28/21:37:22      175.790      11.7200      14.4200      112.000      2.03620     0.374607    0.0329506
1999-04-28/21:37:42      175.770      12.8000      14.4600      113.000      2.19499     0.390731    0.0352644
1999-04-28/21:38:02      175.730      13.8900      14.4800      114.000      2.63779     0.406737    0.0420579
1999-04-28/21:38:22      175.690      14.9900      14.2800      111.000      2.43529     0.358368    0.0396807
1999-04-28/21:38:41      175.680      16.0700      14.5300      122.000      3.27587     0.529919    0.0484869
1999-04-28/21:39:01      175.690      17.1600      14.6200      120.000      5.29080     0.500000    0.0799704
1999-04-28/21:39:21      175.690      18.2400      14.6200      109.000      3.28169     0.325568    0.0541558
1999-04-28/21:39:41      175.640      19.3200      14.4900      114.000      5.84843     0.406737    0.0932496
1999-04-28/21:40:02      175.600      20.4400      14.2700      108.000      2.94697     0.309017    0.0489170
1999-04-28/21:40:22      175.560      21.5500      14.2400      117.000      2.81654     0.453991    0.0438000
1999-04-28/21:40:42      175.520      22.6700      14.3400      106.000      3.60398     0.275637    0.0604646
1999-04-28/21:41:02      175.500      23.7800      14.3400      106.000      4.58811     0.275637    0.0769756
1999-04-28/21:41:21      175.490      24.8500      14.4300      112.000      2.03620     0.374607    0.0329506
1999-04-28/21:41:41      175.480      25.9400      14.4100      102.000      3.60088     0.207912    0.0614738
1999-04-28/21:43:02      175.280      30.4300      13.9000      118.000      3.20731     0.469472    0.0494257
1999-04-28/21:43:22      175.240      31.5300      14.1100      105.000      3.26672     0.258819    0.0550723
1999-04-28/21:43:42      175.200      32.6300      14.2200      112.000      2.09250     0.374607    0.0338617
1999-04-28/21:44:01      175.150      33.7000      14.3600      114.000      2.17026     0.406737    0.0346034
1999-04-28/21:44:21      175.120      34.8100      14.4100      106.000      2.58370     0.275637    0.0433472
1999-04-28/21:44:41      175.090      35.9000      14.3600      100.000      2.30634     0.173648    0.0396417
1999-04-28/21:45:01      175.030      37.0100      14.2300      113.000      1.82806     0.390731    0.0293693
1999-04-28/21:45:22      174.950      38.1700      14.2200      105.000      2.34766     0.258819    0.0395782
1999-04-28/21:45:42      174.930      39.2800      14.2700      106.000      2.94420     0.275637    0.0493954
1999-04-28/21:46:02      174.890      40.3800      14.3200      111.000      2.37731     0.358368    0.0387360
1999-04-28/21:46:22      174.840      41.4800      14.3800      109.000      3.23959     0.325568    0.0534610
1999-04-28/21:46:41      174.780      42.5600      14.3500      95.0000      3.36092    0.0871559    0.0584359
1999-04-28/21:47:01      174.740      43.6800      14.3600      111.000      2.59786     0.358368    0.0423297
1999-04-28/21:47:21      174.650      44.7800      14.4400      112.000      3.60949     0.374607    0.0584102
1999-04-28/21:47:41      174.600      45.8600      14.5700      107.000      2.19297     0.292372    0.0366021
1999-04-28/21:48:02      174.520      46.9700      14.4500      104.000      3.22223     0.241922    0.0545680
1999-04-28/21:48:22      174.430      48.1000      14.3600      104.000      3.12045     0.241922    0.0528444
1999-04-28/21:48:42      174.360      49.2100      14.2800      105.000      4.72693     0.258819    0.0796894
1999-04-28/21:49:02      174.280      50.3400      14.0300      113.000      1.97323     0.390731    0.0317016
1999-04-28/21:49:21      174.140      51.4500      14.1100      115.000      4.36896     0.422618    0.0691084
1999-04-28/21:49:41      173.980      52.6000      14.2000      107.000      3.43378     0.292372    0.0573121
1999-04-28/21:50:01      173.970      53.7000      14.3000      106.000      3.37382     0.275637    0.0566032
1999-04-28/21:50:21      173.880      54.8200      14.1200      101.000      1.35630     0.190809    0.0232370
1999-04-28/21:50:42      173.710      56.0300      14.0400      118.000      2.71868     0.469472    0.0418958
1999-04-28/21:51:02      173.480      57.2100      14.1800      117.000      3.60112     0.453991    0.0560010
1999-04-28/21:51:22      173.390      58.2800      14.3800      100.000      3.33630     0.173648    0.0573448
1999-04-28/21:51:42      173.320      59.4000      14.0000      105.000      2.68027     0.258819    0.0451856
1999-04-28/21:52:01      173.120      60.6000      14.1400      104.000      2.65779     0.241922    0.0450093
1999-04-28/21:52:21      173.060      61.6600      14.1100      105.000      3.48493     0.258819    0.0587510
1999-04-28/21:52:41      172.810      62.8200      13.9300      111.000      2.16209     0.358368    0.0352292
1999-04-28/21:53:01      172.540      63.9800      13.9300      108.000      2.85097     0.309017    0.0473234
1999-04-28/21:53:22      172.170      65.2400      13.8100      112.000      1.86436     0.374607    0.0301698
1999-04-28/21:53:42      171.830      66.4500      13.8500      111.000      2.04548     0.358368    0.0333292
1999-04-28/21:54:02      171.360      67.7500      13.6600      112.000      2.74726     0.374607    0.0444573
1999-04-28/21:54:22      170.680      69.1000      13.8100      112.000      1.68015     0.374607    0.0271889
1999-04-28/21:54:41      170.010      70.3300      13.9500      109.000      3.23959     0.325568    0.0534610
1999-04-28/21:55:01      169.010      71.7200      13.9800      104.000      1.64793     0.241922    0.0279075
1999-04-28/21:55:21      167.990      73.0900      14.1700      103.000      1.83560     0.224951    0.0312162
1999-04-28/21:55:41      167.520      74.0100      14.1800      96.0000      1.90998     0.104529    0.0331528
1999-04-28/21:56:02      165.690      75.4200      13.9000      103.000      2.17751     0.224951    0.0370307
1999-04-28/21:56:22      163.620      76.8800      13.8700      98.0000      2.35942     0.139173    0.0407789
1999-04-28/21:56:42      160.820      78.4100      13.9500      93.0000      2.17456    0.0523359    0.0379012
1999-04-28/22:05:21      335.960      84.3500      13.9000      68.0000      3.27161     0.374607    0.0529425
1999-04-28/22:05:41      344.420      82.4400      14.1200      77.0000      1.86721     0.224951    0.0317537
1999-04-28/22:06:01      346.840      80.9100      13.8600      80.0000      2.72954     0.173648    0.0469157
1999-04-28/22:06:21      350.180      78.9300      13.8500      80.0000      3.10816     0.173648    0.0534235
1999-04-28/22:06:40      351.480      77.5900      14.0000      87.0000      8.79157    0.0523359     0.153232
1999-04-28/22:08:01      353.600      72.5000      14.1200      85.0000      3.44888    0.0871558    0.0599653
1999-04-28/22:09:40      355.020      66.1700      14.3600      86.0000      2.77723    0.0697565    0.0483537
1999-04-28/22:10:00      355.190      64.9900      14.3900      79.0000      2.20742     0.190809    0.0378189
1999-04-28/23:07:41      174.760     -58.9000      13.5900      123.000      5.86512     0.544639    0.0858511
1999-04-28/23:08:21      175.770     -55.7600      14.3700      108.000      3.12735     0.309017    0.0519111
1999-04-28/23:08:41      175.970     -54.3700      13.2300      125.000      6.81630     0.573576    0.0974520
1999-04-28/23:09:01      175.950     -53.1100      15.0500      102.000      3.60088     0.207912    0.0614738
1999-04-28/23:09:21      175.770     -52.5400      15.0300      129.000      8.42961     0.629321     0.114337
1999-04-28/23:09:41      175.590     -51.2500      14.0300      132.000      10.5832     0.669131     0.137268
1999-04-28/23:10:01      175.380     -50.2600      14.0400      102.000      4.94791     0.207912    0.0844702
1999-04-28/23:10:21      175.200     -49.2500      13.9200      110.000      26.6230     0.342020     0.436637
1999-04-28/23:10:40      175.200     -47.9300      12.1300      126.000      25.0610     0.587785     0.353862
1999-04-28/23:11:00      175.490     -46.4000      14.4900      122.000      4.70447     0.529919    0.0696319
1999-04-28/23:11:20      175.480     -45.5900      15.5900      124.000      1.90183     0.559193    0.0275184
1999-04-28/23:11:40      175.330     -44.9000      13.2900      132.000      7.11006     0.669131    0.0922198
1999-04-28/23:12:01      175.490     -43.0600      12.6800      125.000      6.10809     0.573576    0.0873268
1999-04-28/23:12:21      175.470     -42.0100      14.3100      124.000      1.77427     0.559193    0.0256727
1999-04-28/23:12:41      175.470     -40.9900      14.8900      101.000      3.93997     0.190809    0.0675020
1999-04-28/23:13:01      175.400     -40.2700      13.4900      139.000      4.38475     0.754710    0.0502071
1999-04-28/23:13:20      175.520     -38.8200      12.0200      135.000      9.35746     0.707107     0.115484
1999-04-28/23:13:40      175.510     -37.5100      14.9700      100.000      3.56687     0.173648    0.0613078
1999-04-28/23:14:00      175.480     -36.7500      15.9400      156.000      39.3380     0.913545     0.279256
1999-04-28/23:14:20      174.860     -37.1200      15.5000      106.000      6.30314     0.275637     0.105749
1999-04-28/23:15:01      174.970     -33.2800      10.8800      139.000      27.2650     0.754710     0.312195
1999-04-28/23:15:41      175.350     -30.6000      15.3300      167.000      7.42512     0.974370    0.0291520
1999-04-28/23:16:02      175.460     -29.7800      15.6600      167.000      10.2253     0.974370    0.0401459
1999-04-28/23:16:22      175.420     -28.7300      14.2900      148.000      32.7620     0.848048     0.303010
1999-04-28/23:17:02      175.780     -25.8600      15.5700      147.000      7.03317     0.838671    0.0668555
1999-04-28/23:17:21      175.470     -25.2300      23.6500      170.000      13.1853     0.984808    0.0399611
1999-04-28/23:17:41      175.470     -24.7800      15.8200      158.000      42.4920     0.927184     0.277818
1999-04-28/23:18:01      175.420     -23.3300      14.3200      170.000      22.5748     0.984808    0.0684182
1999-04-28/23:18:21      175.310     -22.2400      13.5600      169.000      9.03534     0.981627    0.0300899
1999-04-28/23:18:42      175.300     -21.0400      13.5200      173.000      45.0000     0.992546    0.0957159
1999-04-28/23:19:02      174.970     -20.3600      14.0300      159.000      5.17632     0.933580    0.0323763
1999-04-28/23:19:22      172.510     -20.7000      12.0900      109.000      5.50232     0.325568    0.0908016
1999-04-28/23:19:42      174.610     -17.4200      13.6000      169.000      17.1456     0.981627    0.0570990
1999-04-28/23:20:01      175.270     -16.4800      18.1000      166.000      10.8732     0.970296    0.0459103
1999-04-28/23:20:21      175.090     -15.4700      18.0900      142.000      11.2209     0.788011     0.120572
1999-04-28/23:20:41      175.030     -14.4300      18.7100      162.000      9.33510     0.951056    0.0503476
1999-04-28/23:21:01      175.260     -13.3200      17.1400      135.000      4.93263     0.707107    0.0608753
1999-04-28/23:21:22      175.350     -12.1900      14.6500      145.000      30.0488     0.819152     0.300812
1999-04-28/23:22:02      175.200     -9.93000      16.5100      139.000      6.00063     0.754710    0.0687095
1999-04-28/23:22:22      175.180     -8.94000      17.3400      170.000      17.8620     0.984808    0.0541350
1999-04-28/23:22:41      175.040     -8.01000      15.0900      133.000      10.8293     0.681998     0.138231
1999-04-28/23:23:41      175.000     -4.48000      14.2300      115.000      3.34448     0.422618    0.0529032
1999-04-28/23:24:02      175.010     -3.36000      14.8100      121.000      3.56322     0.515038    0.0533072
1999-04-28/23:24:42      174.960     -1.14000      14.8500      119.000      23.7264     0.484810     0.362183
1999-04-28/23:25:02      174.940   -0.0600000      14.9400      122.000      3.03619     0.529919    0.0449393
1999-04-28/23:25:21      174.910     0.990000      14.3700      124.000      8.95656     0.559193     0.129596
1999-04-28/23:26:01      174.930      3.22000      14.9900      110.000      5.24256     0.342020    0.0859818
1999-04-28/23:26:42      174.850      5.47000      14.3700      115.000      3.34448     0.422618    0.0529032
1999-04-28/23:27:02      174.840      6.59000      14.8900      122.000      2.56560     0.529919    0.0379740
1999-04-28/23:27:22      174.850      7.67000      14.7700      102.000      2.45751     0.207912    0.0419544
1999-04-28/23:27:42      174.830      8.76000      14.6200      105.000      4.72693     0.258819    0.0796894
1999-04-28/23:28:01      174.810      9.83000      14.2700      102.000      10.0207     0.207912     0.171072
1999-04-28/23:28:21      174.790      10.9500      14.2800      113.000      7.73311     0.390731     0.124239
1999-04-28/23:28:41      174.780      12.0400      14.3400      115.000      5.82346     0.422618    0.0921158
1999-04-28/23:29:01      174.770      13.1200      14.5400      104.000      2.56031     0.241922    0.0433585
1999-04-28/23:29:22      174.770      14.2300      14.5600      109.000      3.63450     0.325568    0.0599780
1999-04-28/23:29:42      174.760      15.3200      14.3400      105.000      4.42859     0.258819    0.0746598
1999-04-28/23:30:02      174.770      16.4200      14.1600      108.000      5.65703     0.309017    0.0939014
1999-04-28/23:30:22      174.760      17.5200      14.1100      113.000      3.71143     0.390731    0.0596272
1999-04-28/23:30:41      174.740      18.6000      14.4100      143.000      12.2308     0.798636     0.128468
1999-04-28/23:31:01      174.720      19.6600      14.5500      139.000      4.53486     0.754710    0.0519259
1999-04-28/23:31:21      174.680      20.7600      14.2700      105.000      3.52055     0.258819    0.0593515
1999-04-28/23:31:41      174.650      21.8600      14.2500      104.000      3.12045     0.241922    0.0528444
1999-04-28/23:32:02      174.620      22.9800      14.2300      104.000      3.76712     0.241922    0.0637956
1999-04-28/23:32:22      174.600      24.0700      14.1700      99.0000      3.45414     0.156434    0.0595439
1999-04-28/23:33:21      174.480      27.3600      13.4800      113.000      2.79642     0.390731    0.0449268
1999-04-28/23:33:41      174.410      28.4900      13.7600      115.000      2.26287     0.422618    0.0357942
1999-04-28/23:34:01      174.370      29.5800      14.1700      110.000      2.94955     0.342020    0.0483748
1999-04-28/23:34:21      174.350      30.6800      14.2700      109.000      2.75142     0.325568    0.0454051
1999-04-28/23:34:42      174.310      31.8100      14.5100      110.000      2.73958     0.342020    0.0449311
1999-04-28/23:35:02      174.300      32.9000      14.5900      106.000      5.16517     0.275637    0.0866570
1999-04-28/23:35:22      174.270      34.0000      14.6100      109.000      2.90309     0.325568    0.0479080
1999-04-28/23:35:42      174.230      35.0900      14.5100      109.000      3.56289     0.325568    0.0587963
1999-04-28/23:36:01      174.190      36.1600      14.2900      111.000      3.19789     0.358368    0.0521066
1999-04-28/23:36:21      174.150      37.2800      14.3700      113.000      4.23993     0.390731    0.0681180
1999-04-28/23:36:41      174.090      38.3800      14.4700      110.000      3.03986     0.342020    0.0498559
1999-04-28/23:37:01      174.050      39.5000      14.4300      103.000      2.24958     0.224951    0.0382563
1999-04-28/23:37:22      174.010      40.6500      14.4300      97.0000      3.54206     0.121869    0.0613598
1999-04-28/23:37:42      173.980      41.7600      14.4200      113.000      2.10025     0.390731    0.0337423
1999-04-28/23:38:02      173.900      42.8700      14.3900      105.000      2.58033     0.258819    0.0435007
1999-04-28/23:38:22      173.860      43.9800      14.5200      101.000      1.30014     0.190809    0.0222748
1999-04-28/23:38:41      173.820      45.0500      14.5700      107.000      4.01054     0.292372    0.0669386
1999-04-28/23:39:01      173.770      46.1500      14.6800      102.000      1.99423     0.207912    0.0340453
1999-04-28/23:39:21      173.700      47.2600      14.5800      103.000      1.78707     0.224951    0.0303909
1999-04-28/23:39:41      173.620      48.3900      14.5700      112.000      2.39763     0.374607    0.0387994
1999-04-28/23:40:02      173.540      49.5600      14.5900      116.000      3.56278     0.438371    0.0558890
1999-04-28/23:40:22      173.430      50.7000      14.6700      105.000      3.40585     0.258819    0.0574178
1999-04-28/23:40:42      173.360      51.8100      14.7700      113.000      1.87336     0.390731    0.0300971
1999-04-28/23:41:02      173.270      52.9200      14.7100      103.000      2.17751     0.224951    0.0370307
1999-04-28/23:41:21      173.200      54.0500      14.4800      102.000      1.36590     0.207912    0.0233185
1999-04-28/23:41:41      173.050      55.2000      14.5000      123.000      3.63904     0.544639    0.0532667
1999-04-28/23:42:01      172.880      56.3900      14.4900      121.000      5.39685     0.515038    0.0807390
1999-04-28/23:42:21      172.770      57.5000      14.9600      106.000      3.98240     0.275637    0.0668134
1999-04-28/23:42:42      172.720      58.5500      14.6500      98.0000      3.15804     0.139173    0.0545818
1999-04-28/23:43:02      172.560      59.8100      14.2700      112.000      3.48033     0.374607    0.0563201
1999-04-28/23:43:22      172.430      60.9300      14.4800      110.000      2.65743     0.342020    0.0435838
1999-04-28/23:43:42      172.300      62.0600      14.4100      112.000      2.03620     0.374607    0.0329506
1999-04-28/23:44:01      172.080      63.2100      14.2500      111.000      2.66344     0.358368    0.0433982
1999-04-28/23:44:21      171.810      64.3800      14.2500      105.000      5.93599     0.258819     0.100072
1999-04-28/23:44:41      171.520      65.6200      14.2100      117.000      8.62020     0.453991     0.134053
1999-04-28/23:45:01      171.320      66.8200      14.0600      112.000      4.32754     0.374607    0.0700300
1999-04-28/23:45:22      170.790      68.1900      14.1900      108.000      2.88853     0.309017    0.0479469
1999-04-28/23:45:42      170.390      69.4000      14.2600      111.000      1.97620     0.358368    0.0322003
1999-04-28/23:46:02      169.990      70.5800      14.1400      112.000      1.90709     0.374607    0.0308613
1999-04-28/23:46:22      169.250      71.8700      14.1700      108.000      3.81802     0.309017    0.0633756
1999-04-28/23:46:41      168.830      72.8900      14.4500      103.000      2.24958     0.224951    0.0382563
1999-04-28/23:47:01      168.450      73.8400      14.3200      106.000      2.45874     0.275637    0.0412507
1999-04-28/23:47:21      167.700      75.0500      14.2200      104.000      2.45144     0.241922    0.0415148
1999-04-28/23:47:41      166.010      76.4900      14.2000      106.000      3.07495     0.275637    0.0515890
1999-04-28/23:48:02      165.260      77.7000      14.1600      102.000      1.49575     0.207912    0.0255353
1999-04-28/23:48:22      163.670      79.1600      14.1100      103.000      1.98394     0.224951    0.0337388
1999-04-28/23:48:42      161.280      80.5200      14.1500      103.000      1.73153     0.224951    0.0294463
1999-04-29/00:18:39      354.660      6.80000      13.8100      67.0000      2.15767     0.390731    0.0346648
1999-04-29/00:18:59      354.590      5.70000      12.3600      50.0000      25.6400     0.642788     0.342807
1999-04-29/00:19:19      354.590      4.46000      12.2700      48.0000      25.9298     0.669131     0.336318
1999-04-29/00:20:00      354.630      2.22000      14.8500      49.0000      5.57643     0.656059    0.0734537
1999-04-29/00:20:20      354.660      1.20000      15.5100      39.0000      11.7204     0.777146     0.128734
1999-04-29/00:20:40      354.600     0.150000      14.1900      84.0000      5.06815     0.104528    0.0879713
1999-04-29/00:21:00      354.530     -1.02000      14.1600      61.0000      21.8068     0.484810     0.332881
1999-04-29/00:21:21      354.520     -2.15000      14.1300      67.0000      7.47161     0.390731     0.120038
1999-04-29/00:23:00      354.490     -7.60000      14.0500      62.0000      11.3419     0.469472     0.174783
1999-04-29/00:24:01      354.390     -10.9900      13.9600      60.0000      23.7264     0.500000     0.358624
1999-04-29/00:24:21      354.410     -12.0900      14.2200      69.0000      26.6230     0.358368     0.433797
1999-04-29/00:25:01      354.350     -14.3000      14.1200      59.0000      7.20927     0.515038     0.107854
1999-04-29/00:25:20      354.370     -15.3900      14.9600      67.0000      17.4097     0.390731     0.279702
1999-04-29/00:25:40      354.390     -16.4500      15.7900      59.0000      21.9826     0.515038     0.328868
1999-04-29/00:26:00      354.390     -17.5100      16.1300      51.0000      5.87966     0.629320    0.0797503
1999-04-29/00:26:20      354.410     -18.5600      15.0800      87.0000      2.62428    0.0523359    0.0457396
1999-04-29/00:27:01      354.360     -20.8300      13.9600      43.0000      9.39420     0.731354     0.111820
1999-04-29/00:28:00      354.240     -24.2300      14.0500      27.0000      12.8006     0.891007     0.101427
1999-04-29/00:28:20      354.200     -25.2200      16.1800      29.0000      12.6306     0.874620     0.106874
1999-04-29/00:28:40      354.120     -26.2100      15.2700      63.0000      5.66333     0.453990    0.0880704
1999-04-29/00:29:00      354.030     -27.3400      13.8500      48.0000      6.26182     0.669131    0.0812178
1999-04-29/00:29:21      354.030     -28.5400      13.7500      89.0000      3.23770    0.0174524    0.0564999
1999-04-29/00:29:41      354.050     -29.6300      14.2400      57.0000      9.09191     0.544639     0.133083
1999-04-29/00:30:01      354.040     -30.6600      14.4100      55.0000      2.07314     0.573576    0.0296395
1999-04-29/00:30:40      353.920     -32.9800      12.6600      35.0000      30.4326     0.819152     0.304655
1999-04-29/00:31:00      353.880     -34.1400      13.8800      44.0000      1.83978     0.719340    0.0223056
1999-04-29/00:31:20      353.940     -35.1500      14.3800      85.0000      3.13460    0.0871558    0.0545009
1999-04-29/00:31:40      353.970     -36.2100      14.7300      71.0000      3.86319     0.325568    0.0637520
1999-04-29/00:32:01      353.940     -37.2700      14.8100      63.0000      7.09205     0.453990     0.110288
1999-04-29/00:32:21      353.870     -38.3100      14.4800      63.0000      7.66565     0.453990     0.119209
1999-04-29/00:33:40      353.460     -42.9400      14.6100      44.0000      20.6726     0.719340     0.250636
1999-04-29/00:34:00      353.410     -43.9000      15.6900      54.0000      21.8278     0.587785     0.308209
1999-04-29/00:34:20      353.400     -44.9900      14.4600      67.0000      7.30873     0.390731     0.117421
1999-04-29/00:34:41      353.400     -46.1600      14.1900      51.0000      12.3865     0.629320     0.168007
1999-04-29/00:35:01      353.330     -47.3000      13.8600      56.0000      23.1802     0.559193     0.335404
1999-04-29/00:36:00      353.100     -50.7300      13.3000      54.0000      21.8278     0.587785     0.308209
1999-04-29/00:37:21      352.910     -55.2900      13.2200      10.0000      27.4317     0.984808    0.0831381
1999-04-29/00:37:41      352.780     -56.5500      13.6700      62.0000      22.6838     0.469472     0.349565
1999-04-29/00:38:01      352.790     -57.5400      14.0900      73.0000      26.2936     0.292372     0.438858
1999-04-29/00:38:21      352.780     -58.6200      14.0000      81.0000      26.9132     0.156434     0.463941
1999-04-29/00:38:40      352.760     -59.6500      14.0000      88.0000      20.6698    0.0348994     0.360536
1999-04-29/00:39:00      352.730     -60.7600      13.8200      88.0000      20.6698    0.0348994     0.360536
1999-04-29/00:40:21      351.840     -65.5800      13.7800      53.0000      3.91933     0.601815    0.0546308
1999-04-29/00:40:41      351.630     -66.7000      14.1600      67.0000      3.48033     0.390731    0.0559144
1999-04-29/00:43:01      348.030     -75.3200      13.8100      70.0000      25.5614     0.342020     0.419226
1999-04-29/00:43:21      346.290     -77.0300      13.8000      65.0000      2.00852     0.422618    0.0317709
1999-04-29/00:43:41      344.610     -78.3900      14.0200      67.0000      2.39763     0.390731    0.0385199
1999-04-29/00:44:00      342.190     -79.7100      14.0500      66.0000      1.64092     0.406737    0.0261634
1999-04-29/00:44:20      342.050     -80.5700      14.4700      78.0000      2.02113     0.207912    0.0345045
1999-04-29/00:44:40      343.030     -81.0700      13.9500      69.0000      3.10278     0.358368    0.0505569
1999-04-29/00:45:00      324.850     -84.4200      13.7800      65.0000      3.09401     0.422618    0.0489412
1999-04-29/00:45:21      294.040     -86.1600      13.7100      66.0000      3.49606     0.406737    0.0557425
1999-04-29/00:55:00      172.260     -72.3500      14.1400      104.000      3.22223     0.241922    0.0545680
1999-04-29/00:55:21      172.760     -71.1300      13.8200      112.000      1.90709     0.374607    0.0308613
1999-04-29/00:55:41      173.200     -69.7000      13.5800      124.000      1.68852     0.559193    0.0244319
1999-04-29/00:56:01      173.510     -68.3000      13.0800      110.000      3.82218     0.342020    0.0626865
1999-04-29/00:56:21      173.980     -66.7700      13.4700      113.000      1.92248     0.390731    0.0308863
1999-04-29/00:56:41      173.810     -65.8900      14.1200      93.0000      2.17456    0.0523359    0.0379012
1999-04-29/00:57:01      172.980     -65.3900      13.7300      112.000      2.39763     0.374607    0.0387994
1999-04-29/00:57:21      172.780     -63.9400      13.1700      116.000      3.77145     0.438371    0.0591624
1999-04-29/00:57:41      172.880     -62.5500      12.1400      114.000      7.90321     0.406737     0.126012
1999-04-29/00:58:21      174.430     -59.1800      14.7500      155.000      13.2620     0.906308    0.0978216
1999-04-29/00:58:41      173.940     -58.6000      15.7000      111.000      22.2732     0.358368     0.362921
1999-04-29/00:59:01      173.830     -57.7600      13.3600      147.000      13.7508     0.838671     0.130712
1999-04-29/00:59:21      174.420     -56.1100      13.5300      92.0000      20.8008    0.0348995     0.362821
1999-04-29/00:59:41      174.500     -55.3300      13.4800      133.000      3.01339     0.681998    0.0384645
1999-04-29/01:00:01      174.710     -53.8200      12.3500      141.000      7.10027     0.777146    0.0779873
1999-04-29/01:00:21      174.680     -52.7700      14.7200      155.000      9.58593     0.906308    0.0707066
1999-04-29/01:00:41      174.200     -52.1100      13.1500      156.000      39.3380     0.913545     0.279256
1999-04-29/01:01:21      173.900     -49.6500      13.9000      118.000      4.45736     0.469472    0.0686894
1999-04-29/01:01:41      173.630     -48.7800      13.7200      137.000      6.65724     0.731354    0.0792419
1999-04-29/01:02:01      174.040     -47.1000      12.8300      142.000      14.3457     0.788011     0.154149
1999-04-29/01:02:21      174.310     -46.0400      14.7900      135.000      20.6726     0.707107     0.255128
1999-04-29/01:02:41      174.170     -45.4300      14.8100      119.000      4.89643     0.484810    0.0747440
1999-04-29/01:03:01      173.730     -44.7400      10.5800      111.000      22.2732     0.358368     0.362921
1999-04-29/01:03:21      174.270     -42.5300      12.8700      141.000      9.20524     0.777146     0.101108
1999-04-29/01:03:41      174.240     -41.5700      13.9400      147.000      4.72712     0.838671    0.0449348
1999-04-29/01:04:01      174.230     -40.6000      14.0900      94.0000      26.9820    0.0697566     0.469778
1999-04-29/01:04:21      173.880     -39.6100      13.0900      114.000      20.2240     0.406737     0.322459
1999-04-29/01:04:41      174.260     -38.1700      11.6000      168.000      18.8932     0.978148    0.0685586
1999-04-29/01:05:01      174.490     -37.0400      14.9400      170.000      8.44888     0.984808    0.0256063
1999-04-29/01:05:21      174.150     -36.4100      13.7300      140.000      28.7126     0.766045     0.322120
1999-04-29/01:05:41      173.120     -35.6700      13.0600      102.000      9.08848     0.207912     0.155158
1999-04-29/01:06:21      173.380     -32.6000      12.4600      156.000      10.3663     0.913545    0.0735893
1999-04-29/01:06:41      174.020     -31.3900      13.4700      150.000      7.35244     0.866026    0.0641621
1999-04-29/01:07:01      174.280     -30.5500      13.4500      145.000      3.28167     0.819152    0.0328521
1999-04-29/01:07:41      173.980     -28.7600      12.7000      140.000      12.1940     0.766045     0.136802
1999-04-29/01:08:01      173.890     -27.8400      5.78000      148.000      14.5178     0.848048     0.134273
1999-04-29/01:08:21      174.620     -25.3300      15.0100      122.000      7.40268     0.529919     0.109569
1999-04-29/01:08:41      174.430     -25.0200      22.2800      141.000      8.80604     0.777146    0.0967230
1999-04-29/01:09:01      173.880     -24.7700      13.2500      152.000      6.19652     0.882948    0.0507732
1999-04-29/01:09:21      174.270     -22.8200      12.1500      160.000      42.0716     0.939693     0.251141
1999-04-29/01:09:41      173.690     -21.8600      11.1600      131.000      25.9298     0.656059     0.341552
1999-04-29/01:10:01      173.610     -20.5200      13.1900      122.000      3.51694     0.529919    0.0520550
1999-04-29/01:10:21      173.370     -19.2900      18.4000      148.000      7.46921     0.848048    0.0690815
1999-04-29/01:10:41      173.820     -18.3900      21.7500      120.000      21.9826     0.500000     0.332267
1999-04-29/01:11:01      174.110     -17.4400      14.7400      148.000      32.7620     0.848048     0.303010
1999-04-29/01:11:21      174.310     -16.1300      13.5400      166.000      8.79032     0.970296    0.0371157
1999-04-29/01:11:41      174.460     -14.9800      16.5000      155.000      9.49474     0.906308    0.0700340
1999-04-29/01:12:01      174.510     -14.1400      15.4400      172.000      23.1605     0.990268    0.0562576
1999-04-29/01:12:21      174.430     -13.0200      10.0300      143.000      34.4662     0.798636     0.362021
1999-04-29/01:12:41      174.240     -11.5800      10.4800      157.000      37.7804     0.920505     0.257645
1999-04-29/01:13:01      174.220     -10.4800      13.6200      133.000      4.90012     0.681998    0.0625477
1999-04-29/01:13:41      174.110     -8.52000      13.4300      120.000      5.62883     0.500000    0.0850797
1999-04-29/01:14:01      173.930     -7.48000      13.1600      116.000      7.09205     0.438371     0.111252
1999-04-29/01:14:21      173.830     -6.41000      12.7000      136.000      9.39420     0.719340     0.113896
1999-04-29/01:14:41      173.880     -5.20000      12.0800      130.000      25.7972     0.642788     0.344909
1999-04-29/01:15:01      173.920     -4.09000      12.5400      92.0000      3.53082    0.0348995    0.0615869
1999-04-29/01:15:21      173.930     -3.03000      12.5800      92.0000      2.43456    0.0348995    0.0424652
1999-04-29/01:15:41      173.910     -1.92000      12.6900      113.000      2.42089     0.390731    0.0388936
1999-04-29/01:16:00      173.920    -0.880000      12.9900      109.000      3.32780     0.325568    0.0549167
1999-04-29/01:16:20      173.910     0.190000      13.2300      127.000      22.1762     0.601815     0.309110
1999-04-29/01:16:40      173.870      1.23000      12.5400      137.000      4.34261     0.731354    0.0516906
1999-04-29/01:17:00      173.890      2.38000      12.0500      120.000      8.09911     0.500000     0.122418
1999-04-29/01:17:21      173.890      3.54000      12.2900      128.000      4.45622     0.615661    0.0612881
1999-04-29/01:17:41      173.840      4.65000      12.3700      125.000      1.84329     0.573576    0.0263533
1999-04-29/01:18:01      173.830      5.76000      12.5000      119.000      3.42648     0.484810    0.0523052
1999-04-29/01:18:21      173.830      6.84000      12.3200      117.000      3.85261     0.453991    0.0599119
1999-04-29/01:18:40      173.830      7.92000      12.2300      143.000      3.29818     0.798636    0.0346429
1999-04-29/01:19:00      173.820      9.01000      11.9500      120.000      6.42175     0.500000    0.0970647
1999-04-29/01:19:20      173.750      10.1300      11.7600      118.000      4.98984     0.469472    0.0768951
1999-04-29/01:19:40      173.720      11.2600      12.2800      111.000      2.41315     0.358368    0.0393200
1999-04-29/01:20:01      173.700      12.4100      12.2900      103.000      2.89847     0.224951    0.0492913
1999-04-29/01:20:21      173.690      13.5300      12.2900      105.000      3.60824     0.258819    0.0608298
1999-04-29/01:20:41      173.660      14.6300      12.4200      120.000      2.87450     0.500000    0.0434480
1999-04-29/01:21:01      173.620      15.7400      12.2800      110.000      2.78623     0.342020    0.0456962
1999-04-29/01:21:22      173.580      16.8900      12.0300      112.000      3.38726     0.374607    0.0548140
1999-04-29/01:21:42      173.560      18.0200      11.8400      110.000      5.18814     0.342020    0.0850893
1999-04-29/01:22:02      173.570      19.1200      11.9800      102.000      3.74086     0.207912    0.0638636
1999-04-29/01:22:22      173.570      20.2200      11.7600      109.000      7.47014     0.325568     0.123275
1999-04-29/01:22:41      173.550      21.3100      11.7500      108.000      5.21591     0.309017    0.0865792
1999-04-29/01:23:01      173.520      22.4200      11.8000      107.000      2.56265     0.292372    0.0427723
1999-04-29/01:23:21      173.520      23.5400      11.7600      106.000      3.98240     0.275637    0.0668134
1999-04-29/01:24:02      173.420      25.8500      11.7800      121.000      2.56239     0.515038    0.0383344
1999-04-29/01:24:22      173.320      27.0300      12.3900      121.000      2.80403     0.515038    0.0419494
1999-04-29/01:24:42      173.220      28.2100      12.8400      110.000      3.00121     0.342020    0.0492220
1999-04-29/01:25:02      173.250      29.3600      12.6700      109.000      2.90309     0.325568    0.0479080
1999-04-29/01:25:21      173.170      30.4300      12.6900      112.000      1.90709     0.374607    0.0308613
1999-04-29/01:25:41      173.120      31.5900      12.7200      109.000      3.11900     0.325568    0.0514710
1999-04-29/01:26:01      173.160      32.7500      12.6400      103.000      2.89847     0.224951    0.0492913
1999-04-29/01:26:21      173.070      33.8000      12.6100      111.000      2.66344     0.358368    0.0433982
1999-04-29/01:26:42      173.030      34.9500      12.4500      114.000      3.09401     0.406737    0.0493321
1999-04-29/01:27:02      173.050      35.9900      12.3000      106.000      2.76827     0.275637    0.0464438
1999-04-29/01:27:22      172.980      37.1800      12.2900      108.000      3.35424     0.309017    0.0556773
1999-04-29/01:27:42      172.950      38.2300      12.1100      105.000      2.76988     0.258819    0.0466963
1999-04-29/01:28:01      172.770      39.4000      12.5200      114.000      2.74282     0.406737    0.0437326
1999-04-29/01:28:21      172.740      40.5800      12.3300      103.000      2.17751     0.224951    0.0370307
1999-04-29/01:28:41      172.710      41.7000      12.2300      109.000      2.90309     0.325568    0.0479080
1999-04-29/01:29:01      172.560      42.8000      12.6200      102.000      2.97429     0.207912    0.0507768
1999-04-29/01:29:22      172.530      43.8900      12.4600      110.000      4.20403     0.342020    0.0689492
1999-04-29/01:29:42      172.480      45.0400      12.5600      110.000      2.88719     0.342020    0.0473520
1999-04-29/01:30:02      172.410      46.1000      12.7300      103.000      1.78707     0.224951    0.0303909
1999-04-29/01:30:22      172.390      47.1500      12.7600      106.000      3.60398     0.275637    0.0604646
1999-04-29/01:30:41      172.240      48.2300      12.7400      104.000      2.18875     0.241922    0.0370662
1999-04-29/01:31:01      172.170      49.3900      12.6500      105.000      2.96037     0.258819    0.0499077
1999-04-29/01:31:21      172.030      50.4900      12.6500      114.000      2.97444     0.406737    0.0474256
1999-04-29/01:31:41      171.810      51.5500      12.6500      110.000      2.32336     0.342020    0.0381048
1999-04-29/01:32:02      171.630      52.7000      12.7200      107.000      2.56265     0.292372    0.0427723
1999-04-29/01:32:22      171.340      53.9200      12.5100      116.000      4.31999     0.438371    0.0677673
1999-04-29/01:32:42      170.910      55.5100      12.1800      118.000      2.52996     0.469472    0.0389875
1999-04-29/01:33:02      170.890      56.6600      11.9100      114.000      2.17026     0.406737    0.0346034
1999-04-29/01:33:21      170.550      57.7800      12.5200      103.000      2.08650     0.224951    0.0354829
1999-04-29/01:33:41      171.040      58.6300      12.4000      96.0000      3.64446     0.104529    0.0632594
1999-04-29/01:34:01      170.890      59.7100      11.6700      106.000      3.07495     0.275637    0.0515890
1999-04-29/01:34:21      170.340      61.1300      11.9500      107.000      3.00550     0.292372    0.0501638
1999-04-29/01:34:42      170.150      62.2500      11.9900      106.000      2.68499     0.275637    0.0450466
1999-04-29/01:35:02      170.160      63.2100      11.9500      106.000      2.84991     0.275637    0.0478135
1999-04-29/01:35:22      170.000      64.3600      12.0100      104.000      2.98416     0.241922    0.0505363
1999-04-29/01:35:42      169.650      65.5600      12.0500      98.0000      2.98906     0.139173    0.0516612
1999-04-29/01:36:01      169.190      66.8900      11.9900      106.000      3.98240     0.275637    0.0668134
1999-04-29/01:36:21      168.250      68.4400      11.9100      116.000      4.31999     0.438371    0.0677673
1999-04-29/01:36:41      167.370      69.7800      12.1800      111.000      2.16209     0.358368    0.0352292
1999-04-29/01:37:01      166.130      71.2200      12.0200      100.000      2.47242     0.173648    0.0424963
1999-04-29/01:37:22      162.970      73.6500      12.1700      100.000      1.94149     0.173648    0.0333706
1999-04-29/01:45:40      233.840      87.3200      12.5000      77.0000      1.99423     0.224951    0.0339138
1999-04-29/01:46:00      275.750      87.9800      12.6000      79.0000      2.47242     0.190809    0.0423590
1999-04-29/01:46:20      295.920      87.7600      12.2800      73.0000      3.98240     0.292372    0.0664689
1999-04-29/01:46:39      333.820      86.1100      12.3200      69.0000      3.67818     0.358368    0.0599325
1999-04-29/01:46:59      340.070      85.0600      12.5600      70.0000      5.45873     0.342020    0.0895272
1999-04-29/01:47:19      339.990      84.3700      12.5000      70.0000      3.44885     0.342020    0.0565637
1999-04-29/01:47:39      345.820      82.5900      12.3000      71.0000      8.43189     0.325568     0.139147
1999-04-29/01:48:00      348.000      81.3200      12.5200      73.0000      3.23908     0.292372    0.0540624
1999-04-29/01:48:20      347.030      80.6200      12.4200      75.0000      5.59382     0.258819    0.0943039
1999-04-29/01:48:40      349.370      78.6900      12.4500      71.0000      3.59103     0.325568    0.0592607
1999-04-29/01:49:00      350.230      77.3600      12.6200      85.0000      3.13460    0.0871558    0.0545009
1999-04-29/01:49:19      351.120      75.9300      12.4900      77.0000      1.92393     0.224951    0.0327183
1999-04-29/01:49:39      351.900      74.5500      12.3400      79.0000      1.94149     0.190809    0.0332628
1999-04-29/01:49:59      352.460      73.3000      12.3700      83.0000      2.89748     0.121869    0.0501936
1999-04-29/01:50:19      352.680      72.1100      12.3000      86.0000      2.45544    0.0697565    0.0427511
1999-04-29/01:51:59      353.200      66.3700      12.6900      80.0000      2.97469     0.173648    0.0511294
1999-04-29/01:52:19      353.360      65.2400      12.7400      73.0000      3.60398     0.292372    0.0601528
1999-04-29/01:52:39      353.420      64.1900      12.5600      68.0000      2.89320     0.374607    0.0468189
1999-04-29/01:52:59      353.450      63.0500      12.1700      70.0000      5.39605     0.342020    0.0884992
1999-04-29/01:54:00      353.760      59.5200      12.5100      89.0000      40.8868    0.0174524     0.713501
1999-04-29/01:55:19      353.980      54.9400      12.4800      86.0000      3.31445    0.0697565    0.0577071
1999-04-29/01:55:39      354.000      53.7900      12.4900      86.0000      2.34355    0.0697565    0.0408030
1999-04-29/02:12:20      353.500     -1.42000      12.6600      87.0000      20.8008    0.0523359     0.362545
1999-04-29/02:12:40      353.470     -2.51000      12.9100      59.0000      8.61405     0.515038     0.128870
1999-04-29/02:13:00      353.420     -3.58000      12.8900      54.0000      21.8278     0.587785     0.308209
1999-04-29/02:13:19      353.370     -4.67000      12.6800      55.0000      17.6815     0.573576     0.252791
1999-04-29/02:13:59      353.420     -6.86000      12.8000      58.0000      19.9174     0.529919     0.294803
1999-04-29/02:14:40      353.340     -9.09000      12.8600      66.0000      4.06747     0.406737    0.0648533
1999-04-29/02:15:00      353.320     -10.1800      12.8800      65.0000      4.32846     0.422618    0.0684678
1999-04-29/02:16:19      353.280     -14.5700      13.1800      89.0000      20.4434    0.0174524     0.356750
1999-04-29/02:16:39      353.290     -15.6800      13.1200      52.0000      9.34365     0.615661     0.128507
1999-04-29/02:16:59      353.360     -16.7800      13.4900      46.0000      26.9050     0.694658     0.337788
1999-04-29/02:17:20      353.340     -17.8900      13.5300      60.0000      23.7264     0.500000     0.358624
1999-04-29/02:18:20      353.220     -21.2200      12.4800      52.0000      11.2143     0.615661     0.154235
1999-04-29/02:18:41      353.150     -22.3600      12.3900      42.0000      12.5060     0.743145     0.146052
1999-04-29/02:19:01      353.040     -23.4600      11.8800      49.0000      7.13225     0.656059    0.0939472
1999-04-29/02:19:21      353.090     -24.6500      12.9300      48.0000      25.9298     0.669131     0.336318
1999-04-29/02:19:41      353.190     -25.6600      14.0200      68.0000      9.59688     0.374607     0.155301
1999-04-29/02:20:00      353.120     -26.6500      13.9100      70.0000      25.5614     0.342020     0.419226
1999-04-29/02:20:20      352.990     -27.7300      13.2000      63.0000      9.99865     0.453990     0.155489
1999-04-29/02:20:40      352.960     -28.9200      13.0700      76.0000      7.87753     0.241922     0.133405
1999-04-29/02:21:00      353.000     -30.0300      13.3700      42.0000      8.45725     0.743145    0.0987683
1999-04-29/02:21:21      353.040     -31.0700      13.5500      35.0000      30.4326     0.819152     0.304655
1999-04-29/02:22:01      352.840     -33.6100      13.0600      69.0000      2.94955     0.358368    0.0480601
1999-04-29/02:22:21      352.930     -34.5900      13.9300      79.0000      5.78148     0.190809    0.0990519
1999-04-29/02:22:40      352.900     -35.6600      13.6200      60.0000      7.65778     0.500000     0.115747
1999-04-29/02:23:00      352.920     -36.7700      13.7100      85.0000      3.00569    0.0871558    0.0522596
1999-04-29/02:23:20      352.920     -37.9100      13.8300      51.0000      3.45891     0.629320    0.0469158
1999-04-29/02:23:40      352.870     -38.9000      13.5300      67.0000      5.70370     0.390731    0.0916347
1999-04-29/02:24:01      352.580     -40.1400      12.7400      63.0000      8.96136     0.453990     0.139358
1999-04-29/02:24:21      352.400     -41.3800      13.1600      66.0000      7.15040     0.406737     0.114009
1999-04-29/02:24:41      352.230     -42.5500      13.7900      42.0000      6.42576     0.743145    0.0750434
1999-04-29/02:25:01      352.430     -43.4200      15.8900      27.0000      4.80267     0.891007    0.0380546
1999-04-29/02:25:20      352.570     -44.1900      14.8800      50.0000      5.62312     0.642788    0.0751811
1999-04-29/02:25:40      352.420     -45.4400      13.4700      61.0000      3.10994     0.484810    0.0474732
1999-04-29/02:26:00      352.380     -46.5600      13.5700      78.0000      2.17303     0.207912    0.0370977
1999-04-29/02:27:01      352.110     -50.1200      12.9300      56.0000      7.52598     0.559193     0.108897
1999-04-29/02:27:21      351.960     -51.3000      13.4000      58.0000      5.49953     0.529919    0.0813998
1999-04-29/02:27:41      351.880     -52.3900      13.4200      81.0000      2.95756     0.156434    0.0509836
1999-04-29/02:29:00      351.340     -57.2800      13.5800      76.0000      2.64059     0.241922    0.0447180
1999-04-29/02:29:21      351.430     -58.2200      13.5500      77.0000      1.86721     0.224951    0.0317537
1999-04-29/02:31:40      349.470     -66.6700      12.9800      69.0000      3.10278     0.358368    0.0505569
1999-04-29/02:32:01      349.780     -67.3900      13.3400      72.0000      4.34779     0.309017    0.0721693
1999-04-29/02:33:01      348.380     -71.2600      12.9100      67.0000      3.60949     0.390731    0.0579895
1999-04-29/02:33:20      347.600     -72.4900      13.1500      82.0000      3.27901     0.139173    0.0566726
1999-04-29/02:33:40      347.180     -73.6300      13.2600      79.0000      21.1866     0.190809     0.362982
1999-04-29/02:34:00      346.170     -74.9300      13.0500      71.0000      5.48886     0.325568    0.0905794
1999-04-29/02:34:20      344.180     -76.6100      12.9700      61.0000      6.05586     0.484810    0.0924427
1999-04-29/02:34:41      336.360     -79.5400      13.3800      57.0000      5.61617     0.544639    0.0822070
1999-04-29/02:35:01      336.600     -80.0100      13.4800      35.0000      10.4268     0.819152     0.104381
1999-04-29/02:35:41      329.580     -82.6700      13.6500      56.0000      3.84539     0.559193    0.0556406
1999-04-29/02:45:41      171.140     -73.4500      13.0400      115.000      2.78826     0.422618    0.0441048
1999-04-29/02:46:01      171.040     -72.4000      13.5000      112.000      1.52115     0.374607    0.0246159
1999-04-29/02:46:21      171.080     -71.5800      13.6000      108.000      2.88853     0.309017    0.0479469
1999-04-29/02:46:40      171.790     -70.2500      13.0500      118.000      2.52996     0.469472    0.0389875
1999-04-29/02:47:00      172.110     -68.9700      12.9000      142.000      6.81144     0.788011    0.0731911
1999-04-29/02:47:20      172.380     -67.4500      12.5300      114.000      2.09785     0.406737    0.0334489
1999-04-29/02:48:01      172.370     -65.3800      13.6100      102.000      2.97429     0.207912    0.0507768
1999-04-29/02:48:21      172.000     -64.2600      12.7000      115.000      3.16159     0.422618    0.0500102
1999-04-29/02:48:41      172.250     -62.6600      12.8400      112.000      2.03620     0.374607    0.0329506
1999-04-29/02:49:40      173.480     -58.6900      14.7500      147.000      5.18183     0.838671    0.0492571
1999-04-29/02:50:00      172.930     -58.0800      14.9400      126.000      8.98264     0.587785     0.126835
1999-04-29/02:50:20      172.720     -57.0900      13.2500      144.000      7.64877     0.809017    0.0784671
1999-04-29/02:50:41      173.360     -55.9100      13.9900      115.000      4.90301     0.422618    0.0775561
1999-04-29/02:51:01      173.290     -55.2100      11.8300      168.000      18.8932     0.978148    0.0685586
1999-04-29/02:52:40      172.900     -48.9800      14.1200      113.000      5.21823     0.390731    0.0838352
1999-04-29/02:53:00      172.720     -47.9500      13.6900      146.000      3.42024     0.829038    0.0333807
1999-04-29/02:53:21      173.100     -46.6100      13.8000      102.000      3.74086     0.207912    0.0638636
1999-04-29/02:53:41      173.120     -45.7900      14.5000      136.000      6.40563     0.719340    0.0776623
1999-04-29/02:54:01      172.510     -45.5500      13.1700      128.000      24.7730     0.615661     0.340713
1999-04-29/02:54:40      173.110     -42.0600      13.3800      175.000      45.0000     0.996195    0.0684519
1999-04-29/02:55:00      173.110     -41.3500      13.4800      170.000      27.2095     0.984808    0.0824648
1999-04-29/02:55:40      173.020     -39.0000      13.0900      160.000      42.0716     0.939693     0.251141
1999-04-29/02:56:41      172.350     -35.7400      12.4200      172.000      16.1267     0.990268    0.0391722
1999-04-29/02:57:01      171.980     -34.5700      12.4000      117.000      22.6838     0.453991     0.352756
1999-04-29/02:57:20      172.450     -32.9200      14.5700      145.000      6.03286     0.819152    0.0603937
1999-04-29/02:57:40      172.830     -32.0500      16.7700      167.000      6.69541     0.974370    0.0262871
1999-04-29/02:58:00      172.910     -31.1500      14.1500      111.000      22.2732     0.358368     0.362921
1999-04-29/02:58:20      172.780     -30.0800      12.5600      130.000      5.12876     0.642788    0.0685715
1999-04-29/02:58:41      172.860     -28.8100      14.4600      152.000      6.79318     0.882948    0.0556621
1999-04-29/02:59:01      172.410     -28.3000      14.6300      154.000      9.93717     0.898794    0.0760295
1999-04-29/02:59:21      170.390     -27.4200      6.28000      153.000      32.8278     0.891007     0.260115
1999-04-29/02:59:41      173.550     -24.9800      16.3600      132.000      12.6497     0.669131     0.164071
1999-04-29/03:00:00      173.260     -24.7000      19.1600      148.000      2.28413     0.848048    0.0211255
1999-04-29/03:00:20      172.220     -24.1900      12.2700      127.000      22.1762     0.601815     0.309110
1999-04-29/03:00:40      172.550     -22.1900      12.4300      169.000      45.0000     0.981627     0.149861
1999-04-29/03:01:00      172.570     -21.0200      15.8400      159.000      3.90262     0.933580    0.0244097
1999-04-29/03:01:21      172.850     -19.8000      21.2900      117.000      22.6838     0.453991     0.352756
1999-04-29/03:01:41      173.250     -18.9800      23.1600      146.000      5.00862     0.829038    0.0488829
1999-04-29/03:02:01      173.190     -18.4000      16.9300      161.000      13.4449     0.945519    0.0763971
1999-04-29/03:03:40      172.110     -12.7600      8.12000      156.000      17.1663     0.913545     0.121862
1999-04-29/03:04:21      172.940     -10.1500      11.7800      147.000      30.4102     0.838671     0.289071
1999-04-29/03:04:41      172.840     -9.19000      12.8000      122.000      4.21993     0.529919    0.0624602
1999-04-29/03:05:01      172.820     -8.09000      13.3500      134.000      3.27043     0.694658    0.0410597
1999-04-29/03:05:20      172.830     -7.04000      14.2000      141.000      3.93486     0.777146    0.0432194
1999-04-29/03:05:40      172.800     -6.01000      13.4500      114.000      2.26885     0.406737    0.0361754
1999-04-29/03:06:00      172.790     -4.79000      12.6900      110.000      3.17304     0.342020    0.0520402
1999-04-29/03:06:20      172.790     -3.70000      12.8900      109.000      3.11900     0.325568    0.0514710
1999-04-29/03:06:41      172.740     -2.55000      12.4700      119.000      6.66047     0.484810     0.101672
1999-04-29/03:07:01      172.740     -1.43000      12.7000      117.000      3.60112     0.453991    0.0560010
1999-04-29/03:07:21      172.750    -0.340000      12.7100      115.000      2.62014     0.422618    0.0414455
1999-04-29/03:07:41      172.770     0.720000      12.6400      125.000      3.16559     0.573576    0.0452581
1999-04-29/03:08:00      172.740      1.78000      11.6700      143.000      8.36682     0.798636    0.0878822
1999-04-29/03:08:40      172.720      4.09000      11.4300      130.000      5.28399     0.642788    0.0706469
1999-04-29/03:09:00      172.720      5.19000      11.4900      108.000      4.32231     0.309017    0.0717463
1999-04-29/03:09:21      172.700      6.32000      11.6500      108.000      4.32231     0.309017    0.0717463
1999-04-29/03:09:41      172.700      7.37000      11.5800      125.000      2.21851     0.573576    0.0317178
1999-04-29/03:10:21      172.690      9.68000      11.2300      111.000      3.72656     0.358368    0.0607208
1999-04-29/03:10:40      172.660      10.7600      11.7700      111.000      2.76042     0.358368    0.0449784
1999-04-29/03:11:00      172.640      11.8400      12.1900      112.000      1.94513     0.374607    0.0314769
1999-04-29/03:11:20      172.620      12.9300      12.2600      112.000      2.09250     0.374607    0.0338617
1999-04-29/03:11:40      172.630      14.0100      12.2200      111.000      2.09106     0.358368    0.0340718
1999-04-29/03:12:01      172.630      15.0800      11.9100      104.000      3.22223     0.241922    0.0545680
1999-04-29/03:12:21      172.590      16.1800      11.8500      112.000      2.03620     0.374607    0.0329506
1999-04-29/03:12:41      172.560      17.2900      11.8400      109.000      3.44885     0.325568    0.0569143
1999-04-29/03:13:01      172.550      18.4100      11.8700      113.000      4.44103     0.390731    0.0713489
1999-04-29/03:13:20      172.550      19.4700      11.9700      114.000      2.85912     0.406737    0.0455869
1999-04-29/03:13:40      172.490      20.6000      12.0200      116.000      3.34944     0.438371    0.0525424
1999-04-29/03:14:00      172.420      21.8000      12.4500      104.000      3.92555     0.241922    0.0664786
1999-04-29/03:14:20      172.440      22.9500      12.5100      101.000      1.95756     0.190809    0.0335381
1999-04-29/03:14:41      172.470      24.0200      11.9000      115.000      2.62014     0.422618    0.0414455
1999-04-29/03:15:01      172.460      24.9500      11.4200      113.000      1.31741     0.390731    0.0211653
1999-04-29/03:15:21      172.350      25.9800      11.8500      114.000      1.51041     0.406737    0.0240825
1999-04-29/03:15:41      172.330      27.0800      11.8200      101.000      1.56173     0.190809    0.0267565
1999-04-29/03:16:00      172.440      28.1700      11.5700      101.000      1.56173     0.190809    0.0267565
1999-04-29/03:16:20      172.280      29.2100      11.8400      96.0000      1.78208     0.104529    0.0309328
1999-04-29/03:16:40      172.020      30.4000      12.4500      102.000      1.49575     0.207912    0.0255353
1999-04-29/03:17:00      171.750      31.6500      12.8500      101.000      1.89705     0.190809    0.0325014
1999-04-29/03:17:21      171.890      33.0300      12.3900      131.000      4.89541     0.656059    0.0644832
1999-04-29/03:17:41      172.090      33.8800      11.6500      107.000      3.33396     0.292372    0.0556460
1999-04-29/03:18:01      172.000      34.9500      11.5200      104.000      2.18875     0.241922    0.0370662
1999-04-29/03:18:21      172.020      35.9600      11.7600      105.000      2.24074     0.258819    0.0377757
1999-04-29/03:18:40      171.940      37.0200      11.8600      96.0000      2.70511     0.104529    0.0469544
1999-04-29/03:19:00      171.800      38.1600      12.1800      117.000      3.71922     0.453991    0.0578376
1999-04-29/03:19:20      171.770      39.2600      12.0600      110.000      3.00121     0.342020    0.0492220
1999-04-29/03:19:40      171.730      40.3700      11.6800      99.0000      2.55400     0.156434    0.0440269
1999-04-29/03:20:01      171.690      41.5200      11.7300      108.000      2.85097     0.309017    0.0473234
1999-04-29/03:20:21      171.550      42.5500      11.7800      101.000      1.56173     0.190809    0.0267565
1999-04-29/03:20:41      171.290      43.7300      11.8200      116.000      3.66487     0.438371    0.0574905
1999-04-29/03:21:01      171.090      44.9700      12.0200      105.000      2.85935     0.258819    0.0482046
1999-04-29/03:21:20      170.930      46.1600      12.0100      101.000      1.63026     0.190809    0.0279306
1999-04-29/03:21:40      171.070      47.6000      11.5700      109.000      2.46527     0.325568    0.0406829
1999-04-29/03:22:00      171.250      48.6300      11.5600      105.000      3.48493     0.258819    0.0587510
1999-04-29/03:22:20      171.130      49.6300      11.6700      109.000      2.65359     0.325568    0.0437906
1999-04-29/03:22:41      171.030      50.7100      11.8000      102.000      1.86721     0.207912    0.0318768
1999-04-29/03:23:01      170.630      51.8800      12.0000      106.000      2.68499     0.275637    0.0450466
1999-04-29/03:23:21      170.380      53.2300      12.1200      115.000      4.53078     0.422618    0.0716681
1999-04-29/03:23:41      170.190      54.4900      12.1300      121.000      2.35910     0.515038    0.0352931
1999-04-29/03:24:00      169.830      55.9100      12.1300      110.000      2.55790     0.342020    0.0419514
1999-04-29/03:24:20      169.680      56.8600      12.4600      103.000      1.73153     0.224951    0.0294463
1999-04-29/03:24:40      169.690      57.7800      12.4300      97.0000      2.65779     0.121869    0.0460414
1999-04-29/03:25:00      169.310      58.7900      11.4800      113.000      2.02531     0.390731    0.0325383
1999-04-29/03:33:00      181.600      79.2700      9.19000      80.0000      3.16593     0.173648    0.0544164
1999-04-29/03:34:19      183.610      79.8600      10.4600      86.0000      2.60843    0.0697565    0.0454148
1999-04-29/03:34:40      181.860      82.8500      10.7800      85.0000      2.94591    0.0871558    0.0512202
1999-04-29/03:35:40      186.090      86.9900      9.56000      67.0000      4.05729     0.390731    0.0651838
1999-04-29/03:35:59      197.150      86.1200      10.0300      68.0000      2.53204     0.374607    0.0409745
1999-04-29/03:36:39      249.420      88.1800      10.4400      76.0000      2.73067     0.241922    0.0462435
1999-04-29/03:36:59      254.730      87.4600      10.8300      81.0000      2.91341     0.156434    0.0502226
1999-04-29/03:37:40      308.040      86.9100      10.5800      67.0000      2.74726     0.390731    0.0441370
1999-04-29/03:38:00      321.960      86.3000      10.7900      67.0000      2.39763     0.390731    0.0385199
1999-04-29/03:38:20      311.440      86.2800      10.6400      69.0000      3.45863     0.358368    0.0563551
1999-04-29/03:38:39      328.150      84.6800      10.4800      87.0000      2.25777    0.0523359    0.0393515
1999-04-29/03:38:59      341.210      82.4500      10.4800      83.0000      3.49060     0.121869    0.0604684
1999-04-29/03:39:19      344.560      81.1200      10.6400      77.0000      1.80454     0.224951    0.0306879
1999-04-29/03:40:00      349.630      77.7600      10.7900      73.0000      3.23908     0.292372    0.0540624
1999-04-29/03:40:20      350.140      76.5200      10.8800      78.0000      1.63026     0.207912    0.0278316
1999-04-29/04:33:40      145.040     -86.6100      14.2500      114.000      2.37061     0.406737    0.0377979
1999-04-29/04:34:00      156.710     -85.2700      14.6900      113.000      1.58863     0.390731    0.0255227
1999-04-29/04:34:20      160.140     -84.2700      14.6900      105.000      2.85935     0.258819    0.0482046
1999-04-29/04:34:41      162.610     -83.0700      14.7800      104.000      1.91551     0.241922    0.0324389
1999-04-29/04:35:01      164.880     -81.5900      14.7000      113.000      1.78538     0.390731    0.0286836
1999-04-29/04:35:21      164.620     -80.6700      15.0500      110.000      2.83141     0.342020    0.0464372
1999-04-29/04:35:41      162.200     -80.3300      15.0600      105.000      2.14212     0.258819    0.0361131
1999-04-29/04:36:00      161.010     -79.7300      14.6400      108.000      2.79788     0.309017    0.0464422
1999-04-29/04:36:20      168.400     -76.4900      14.3800      115.000      2.69276     0.422618    0.0425942
1999-04-29/04:36:40      170.000     -75.0100      14.2900      117.000      2.93155     0.453991    0.0455885
1999-04-29/04:37:00      170.840     -73.0500      14.5200      121.000      2.80403     0.515038    0.0419494
1999-04-29/04:37:21      170.850     -71.7500      15.4700      113.000      1.74178     0.390731    0.0279832
1999-04-29/04:37:41      170.240     -71.4800      15.2200      113.000      3.25485     0.390731    0.0522919
1999-04-29/04:38:01      171.080     -69.9900      14.6100      117.000      6.40714     0.453991    0.0996374
1999-04-29/04:38:21      171.130     -68.8700      14.0800      136.000      3.25040     0.719340    0.0394081
1999-04-29/04:39:00      171.860     -65.9400      14.8400      101.000      2.52565     0.190809    0.0432710
1999-04-29/04:39:20      171.470     -65.1100      14.6500      110.000      3.67818     0.342020    0.0603248
1999-04-29/04:39:40      171.690     -63.5000      13.8400      128.000      5.76257     0.615661    0.0792548
1999-04-29/04:40:01      171.980     -62.0000      14.1000      99.0000      3.62819     0.156434    0.0625442
1999-04-29/04:40:41      172.690     -59.4400      14.6100      118.000      7.84933     0.469472     0.120961
1999-04-29/04:41:01      172.560     -58.4100      15.3900      108.000      18.8223     0.309017     0.312433
1999-04-29/04:41:20      172.040     -57.5600      15.7200      114.000      7.39356     0.406737     0.117886
1999-04-29/04:41:40      172.110     -56.5100      15.8700      168.000      8.05034     0.978148    0.0292126
1999-04-29/04:42:00      172.080     -56.5600      14.9000      142.000      9.36437     0.788011     0.100623
1999-04-29/04:42:20      172.330     -54.6800      12.1100      135.000      20.6726     0.707107     0.255128
1999-04-29/04:43:01      172.390     -52.1200      13.2500      160.000      42.0716     0.939693     0.251141
1999-04-29/04:43:21      172.390     -50.6500      13.5400      144.000      9.11228     0.809017    0.0934809
1999-04-29/04:43:41      172.310     -49.4700      15.0600      91.0000      20.6698    0.0174525     0.360701
1999-04-29/04:44:00      172.290     -48.4000      15.7100      136.000      5.36807     0.719340    0.0650829
1999-04-29/04:44:20      172.270     -47.3700      15.2500      135.000      20.6726     0.707107     0.255128
1999-04-29/04:44:40      172.380     -46.2500      15.8200      106.000      4.58811     0.275637    0.0769756
1999-04-29/04:45:00      172.190     -45.6500      15.5300      145.000      7.24691     0.819152    0.0725473
1999-04-29/04:45:41      172.040     -42.8200      12.5900      157.000      13.7682     0.920505    0.0938928
1999-04-29/04:46:01      172.340     -41.8000      15.9900      169.000      27.4091     0.981627    0.0912789
1999-04-29/04:46:21      172.130     -41.3400      14.0900      172.000      18.8130     0.990268    0.0456973
1999-04-29/04:47:20      171.820     -37.8800      11.5300      170.000      22.5748     0.984808    0.0684182
1999-04-29/04:47:40      171.890     -36.1300      14.0000      148.000      32.7620     0.848048     0.303010
1999-04-29/04:48:01      172.000     -35.0300      15.3700      104.000      18.8654     0.241922     0.319483
1999-04-29/04:48:21      171.950     -33.7300      15.4600      127.000      22.1762     0.601815     0.309110
1999-04-29/04:48:41      172.280     -32.5600      17.3800      139.000      27.2650     0.754710     0.312195
1999-04-29/04:49:01      172.120     -31.7100      18.1100      120.000      10.0925     0.500000     0.152548
1999-04-29/04:49:20      172.040     -30.7700      16.4300      157.000      37.7804     0.920505     0.257645
1999-04-29/04:49:40      172.130     -29.5400      14.6800      153.000      32.8278     0.891007     0.260115
1999-04-29/04:50:20      171.840     -27.7100      17.5600      166.000      13.0011     0.970296    0.0548950
1999-04-29/04:50:41      171.600     -26.3500      9.87000      98.0000      26.9132     0.139173     0.465153
1999-04-29/04:51:01      172.490     -24.8500      15.6200      156.000      2.72316     0.913545    0.0193314
1999-04-29/04:51:21      172.230     -24.1700      16.9300      160.000      21.0358     0.939693     0.125571
1999-04-29/04:51:41      171.720     -23.0200      12.3000      162.000      45.0000     0.951056     0.242701
1999-04-29/04:52:00      171.890     -21.5300      17.6200      153.000      4.73466     0.891007    0.0375157
1999-04-29/04:52:20      172.140     -20.5700      23.5000      147.000      30.4102     0.838671     0.289071
1999-04-29/04:52:40      172.480     -19.8100      22.2400      157.000      37.7804     0.920505     0.257645
1999-04-29/04:53:21      171.880     -17.8500      14.7500      144.000      8.33847     0.809017    0.0855426
1999-04-29/04:53:41      171.740     -16.3400      14.0700      126.000      7.12940     0.587785     0.100667
1999-04-29/04:54:01      171.940     -15.2300      19.1000      152.000      13.1488     0.882948     0.107739
1999-04-29/04:54:21      171.870     -14.3500      17.6900      153.000      12.1037     0.891007    0.0959052
1999-04-29/04:54:40      171.840     -13.2300      14.8500      123.000      3.47125     0.544639    0.0508106
1999-04-29/04:55:20      171.950     -10.7300      13.8100      117.000      22.6838     0.453991     0.352756
1999-04-29/04:55:40      172.050     -9.64000      16.6100      129.000      6.60271     0.629321    0.0895575
1999-04-29/04:56:01      172.020     -8.66000      16.8000      155.000      4.39440     0.906308    0.0324135
1999-04-29/04:56:21      172.050     -7.56000      15.8900      91.0000      2.30558    0.0174525    0.0402338
1999-04-29/04:56:41      172.010     -6.50000      15.7000      138.000      4.37375     0.743145    0.0510790
1999-04-29/04:57:01      171.920     -5.40000      14.9300      92.0000      1.76223    0.0348995    0.0307380
1999-04-29/04:57:40      171.860     -3.17000      14.9900      113.000      3.89541     0.390731    0.0625830
1999-04-29/04:58:00      171.830     -2.07000      15.4200      103.000      23.4252     0.224951     0.398368
1999-04-29/04:58:20      171.850     -1.01000      15.8900      134.000      5.00893     0.694658    0.0628864
1999-04-29/04:58:41      171.880    0.0900000      15.7300      126.000      3.78039     0.587785    0.0533791
1999-04-29/04:59:01      171.890      1.14000      14.7500      102.000      19.1297     0.207912     0.326580
1999-04-29/04:59:21      171.840      2.29000      14.1100      122.000      7.74172     0.529919     0.114587
1999-04-29/04:59:41      171.790      3.45000      14.2500      108.000      2.79788     0.309017    0.0464422
1999-04-29/05:00:00      171.770      4.51000      14.8300      140.000      4.85964     0.766045    0.0545191
1999-04-29/05:00:20      171.750      5.61000      15.6000      139.000      8.36634     0.754710    0.0957978
1999-04-29/05:00:40      171.780      6.63000      15.9300      132.000      3.27162     0.669131    0.0424340
1999-04-29/05:01:41      171.650      10.0900      14.4500      134.000      3.50852     0.694658    0.0440489
1999-04-29/05:02:01      171.640      11.1500      15.1300      107.000      3.00550     0.292372    0.0501638
1999-04-29/05:02:21      171.640      12.2200      15.1500      112.000      2.09250     0.374607    0.0338617
1999-04-29/05:02:40      171.640      13.2800      14.9000      100.000      2.22837     0.173648    0.0383015
1999-04-29/05:03:00      171.620      14.3900      14.7700      112.000      1.98706     0.374607    0.0321554
1999-04-29/05:03:20      171.590      15.5000      14.9700      133.000      2.56416     0.681998    0.0327303
1999-04-29/05:03:40      171.570      16.5800      15.0100      111.000      2.43529     0.358368    0.0396807
1999-04-29/05:04:01      171.550      17.7200      14.9000      108.000      2.42687     0.309017    0.0402838
1999-04-29/05:04:21      171.520      18.8300      15.0000      104.000      3.55530     0.241922    0.0602085
1999-04-29/05:04:41      171.500      19.9200      15.0100      113.000      1.64092     0.390731    0.0263628
1999-04-29/05:05:01      171.470      21.0200      14.9600      108.000      3.27522     0.309017    0.0543656
1999-04-29/05:05:20      171.430      22.1000      14.8800      117.000      3.60112     0.453991    0.0560010
1999-04-29/05:05:40      171.410      23.2200      14.8900      113.000      1.78538     0.390731    0.0286836
1999-04-29/05:06:00      171.380      24.3200      15.0800      106.000      4.31371     0.275637    0.0723719
1999-04-29/05:06:20      171.350      25.4300      15.0900      101.000      3.38606     0.190809    0.0580121
1999-04-29/05:06:41      171.320      26.5600      15.3900      115.000      2.46981     0.422618    0.0390676
1999-04-29/05:07:01      171.280      27.6500      15.3200      124.000      1.99801     0.559193    0.0289101
1999-04-29/05:07:21      171.240      28.7400      15.2500      112.000      1.47353     0.374607    0.0238453
1999-04-29/05:07:41      171.190      29.8400      14.9800      106.000      4.47458     0.275637    0.0750708
1999-04-29/05:08:00      171.170      30.9400      14.9600      114.000      1.58638     0.406737    0.0252938
1999-04-29/05:08:20      171.130      32.0400      15.1500      113.000      1.87336     0.390731    0.0300971
1999-04-29/05:08:40      171.150      33.0900      15.4200      104.000      2.98416     0.241922    0.0505363
1999-04-29/05:09:00      171.080      34.1900      14.7000      106.000      2.76827     0.275637    0.0464438
1999-04-29/05:09:21      171.050      35.3700      14.6700      105.000      3.26672     0.258819    0.0550723
1999-04-29/05:10:01      170.980      37.6200      14.6700      114.000      2.00852     0.406737    0.0320246
1999-04-29/05:10:21      170.940      38.7300      15.0100      115.000      3.16159     0.422618    0.0500102
1999-04-29/05:10:40      170.910      39.7800      15.0300      103.000      2.53537     0.224951    0.0431164
1999-04-29/05:11:00      170.840      40.9300      14.8300      111.000      2.32941     0.358368    0.0379555
1999-04-29/05:11:20      170.790      42.0500      15.1400      109.000      2.97829     0.325568    0.0491490
1999-04-29/05:11:40      170.760      43.1600      15.1300      113.000      2.19499     0.390731    0.0352644
1999-04-29/05:12:01      170.690      44.3400      15.2700      105.000      2.85935     0.258819    0.0482046
1999-04-29/05:12:21      170.690      45.4100      15.4500      106.000      4.88163     0.275637    0.0819000
1999-04-29/05:12:41      170.610      46.5200      15.2200      107.000      3.29316     0.292372    0.0549650
1999-04-29/05:13:01      170.540      47.6600      15.2100      112.000      1.86436     0.374607    0.0301698
1999-04-29/05:13:20      170.460      48.7400      15.4300      111.000      2.47319     0.358368    0.0402983
1999-04-29/05:13:40      170.390      49.8500      15.3600      102.000      1.43056     0.207912    0.0244224
1999-04-29/05:14:00      170.340      50.9600      15.3000      103.000      2.64059     0.224951    0.0449058
1999-04-29/05:14:20      170.270      52.0800      15.2300      104.000      2.65779     0.241922    0.0450093
1999-04-29/05:14:41      170.150      53.2400      15.1800      109.000      2.57545     0.325568    0.0425011
1999-04-29/05:15:01      170.020      54.3700      15.3600      119.000      2.94180     0.484810    0.0449066
1999-04-29/05:15:21      169.890      55.4900      15.6900      107.000      1.89738     0.292372    0.0316685
1999-04-29/05:15:41      169.860      56.5100      15.8800      105.000      2.68027     0.258819    0.0451856
1999-04-29/05:16:00      169.770      57.5900      15.5500      105.000      3.26672     0.258819    0.0550723
1999-04-29/05:16:20      169.480      58.8400      15.3800      114.000      2.46245     0.406737    0.0392622
1999-04-29/05:16:40      169.240      60.0600      15.5300      112.000      3.28072     0.374607    0.0530900
1999-04-29/05:17:00      169.100      61.2100      15.6900      114.000      2.17026     0.406737    0.0346034
1999-04-29/05:17:21      168.960      62.3300      15.7000      108.000      4.32231     0.309017    0.0717463
1999-04-29/05:17:41      168.740      63.4500      15.6100      97.0000      3.76633     0.121869    0.0652449
1999-04-29/05:18:01      168.560      64.6000      15.3700      114.000      2.85912     0.406737    0.0455869
1999-04-29/05:18:21      168.140      65.9500      15.2300      116.000      3.12038     0.438371    0.0489491
1999-04-29/05:18:40      167.580      67.2400      15.3300      113.000      1.53310     0.390731    0.0246305
1999-04-29/05:19:00      167.260      68.4000      15.6400      117.000      6.12295     0.453991    0.0952180
1999-04-29/05:19:20      166.890      69.5400      15.6200      110.000      2.73958     0.342020    0.0449311
1999-04-29/05:19:40      166.140      70.7900      15.5600      106.000      2.84991     0.275637    0.0478135
1999-04-29/05:20:01      165.640      72.0400      15.7900      107.000      2.44629     0.292372    0.0408302
1999-04-29/05:20:21      165.140      73.2000      15.7900      103.000      1.49576     0.224951    0.0254368
1999-04-29/05:20:41      164.420      74.4400      15.7300      102.000      1.92393     0.207912    0.0328451
1999-04-29/05:21:01      163.300      75.7700      15.6900      102.000      1.86721     0.207912    0.0318768
1999-04-29/05:21:20      162.070      77.0800      15.6100      101.000      1.71735     0.190809    0.0294227
1999-04-29/05:21:40      160.120      78.4400      15.5700      104.000      1.72400     0.241922    0.0291957
1999-04-29/06:24:01      164.940     -86.9400      10.9900      113.000      2.53069     0.390731    0.0406577
1999-04-29/06:24:21      167.440     -84.8700      10.4200      122.000      2.66196     0.529919    0.0394003
1999-04-29/06:24:41      172.310     -83.2300      10.7100      95.0000      4.02193    0.0871559    0.0699288
1999-04-29/06:25:01      172.980     -82.3200      11.0800      103.000      2.41720     0.224951    0.0411068
1999-04-29/06:25:20      172.300     -81.4100      11.3700      103.000      1.57584     0.224951    0.0267987
1999-04-29/06:25:40      171.900     -80.3400      11.2200      113.000      1.20991     0.390731    0.0194382
1999-04-29/06:26:00      171.750     -79.2800      11.0700      109.000      2.41105     0.325568    0.0397881
1999-04-29/06:26:20      171.560     -77.9100      11.0400      110.000      2.35372     0.342020    0.0386027
1999-04-29/06:26:41      170.980     -76.8700      11.3200      99.0000      2.06573     0.156434    0.0356099
1999-04-29/06:27:01      170.230     -75.8800      11.0800      114.000      1.67200     0.406737    0.0266590
1999-04-29/06:27:21      170.410     -74.6900      10.6400      117.000      2.18261     0.453991    0.0339418
1999-04-29/06:27:41      170.830     -73.7500      10.6300      114.000      2.00852     0.406737    0.0320246
1999-04-29/06:28:00      171.140     -72.5000      10.1600      123.000      1.66979     0.544639    0.0244417
1999-04-29/06:28:40      171.660     -69.8300      11.7500      104.000      3.29861     0.241922    0.0558615
1999-04-29/06:29:00      171.410     -68.8500      10.6500      134.000      1.98574     0.694658    0.0249307
1999-04-29/06:29:41      171.290     -66.2700      9.52000      120.000      6.42175     0.500000    0.0970647
1999-04-29/06:30:01      171.280     -65.2000      10.4800      113.000      1.87336     0.390731    0.0300971
1999-04-29/06:30:21      171.230     -64.2800      10.3500      141.000      3.60568     0.777146    0.0396037
1999-04-29/06:31:00      171.160     -61.8300      9.60000      125.000      5.54943     0.573576    0.0793396
1999-04-29/06:32:41      171.480     -55.9400      11.3300      163.000      10.4487     0.956305    0.0533182
1999-04-29/06:33:01      171.160     -55.3200      10.6500      153.000      15.9280     0.891007     0.126208
1999-04-29/06:33:20      170.360     -55.4800      5.35000      142.000      29.0452     0.788011     0.312100
1999-04-29/06:34:00      171.450     -51.9000      7.93000      142.000      29.0452     0.788011     0.312100
1999-04-29/06:34:41      171.270     -49.2900      8.99000      157.000      18.2651     0.920505     0.124560
1999-04-29/06:35:01      171.560     -48.4300      10.7100      166.000      12.3627     0.970296    0.0521994
1999-04-29/06:35:21      171.510     -47.3500      11.2300      103.000      23.4252     0.224951     0.398368
1999-04-29/06:35:41      171.470     -46.3000      10.6400      131.000      6.82167     0.656059    0.0898562
1999-04-29/06:36:00      171.330     -45.2700      10.7000      110.000      2.73958     0.342020    0.0449311
1999-04-29/06:36:20      170.620     -44.1500      7.89000      136.000      12.0035     0.719340     0.145531
1999-04-29/06:36:40      170.630     -42.4800      9.83000      166.000      15.7717     0.970296    0.0665934
1999-04-29/06:37:00      171.070     -41.5000      10.1300      120.000      21.9826     0.500000     0.332267
1999-04-29/06:37:21      171.170     -40.5400      9.24000      173.000      45.0000     0.992546    0.0957159
1999-04-29/06:37:41      170.270     -39.4300      6.84000      128.000      24.7730     0.615661     0.340713
1999-04-29/06:38:01      170.480     -38.3400      8.97000      123.000      11.5901     0.544639     0.169651
1999-04-29/06:38:21      170.090     -37.9300      9.76000      168.000      6.57019     0.978148    0.0238415
1999-04-29/06:38:40      170.740     -36.4500      11.5500      148.000      10.3694     0.848048    0.0959049
1999-04-29/06:39:00      171.160     -35.6600      11.8600      168.000      7.77024     0.978148    0.0281962
1999-04-29/06:39:20      171.170     -34.2100      11.1900      114.000      9.08406     0.406737     0.144840
1999-04-29/06:39:40      171.200     -33.1200      12.3000      137.000      26.5798     0.731354     0.316382
1999-04-29/06:40:01      171.160     -31.8300      14.7000      145.000      7.24691     0.819152    0.0725473
1999-04-29/06:40:21      171.080     -31.0700      13.9400      139.000      9.54998     0.754710     0.109351
1999-04-29/06:41:01      170.500     -28.6300      12.6900      148.000      14.5323     0.848048     0.134407
1999-04-29/06:41:20      170.730     -27.4900      13.3700      166.000      6.00191     0.970296    0.0253421
1999-04-29/06:41:40      170.620     -26.7100      15.0500      161.000      23.8665     0.945519     0.135615
1999-04-29/06:42:20      170.940     -23.9000      8.50000      137.000      26.5798     0.731354     0.316382
1999-04-29/06:42:41      170.140     -22.7400      15.1100      145.000      30.0488     0.819152     0.300812
1999-04-29/06:43:01      170.370     -21.5900      18.9300      155.000      8.89983     0.906308    0.0656459
1999-04-29/06:43:21      171.120     -20.8800      19.3300      131.000      8.82231     0.656059     0.116209
1999-04-29/06:44:00      170.790     -18.7300      7.11000      147.000      30.4102     0.838671     0.289071
1999-04-29/06:44:20      170.950     -17.5500      9.67000      136.000      6.40563     0.719340    0.0776623
1999-04-29/06:44:40      170.950     -16.5300      10.6100      148.000      4.09112     0.848048    0.0378381
1999-04-29/06:45:00      171.310     -15.5100      10.5200      161.000      10.5154     0.945519    0.0597510
1999-04-29/06:45:21      171.540     -14.4500      8.84000      108.000      4.32231     0.309017    0.0717463
1999-04-29/06:46:40      171.310     -9.63000      9.05000      116.000      2.61791     0.438371    0.0410669
1999-04-29/06:47:00      171.240     -8.70000      10.6700      114.000      2.17026     0.406737    0.0346034
1999-04-29/06:47:20      171.100     -7.73000      10.3100      110.000      2.94955     0.342020    0.0483748
1999-04-29/06:47:40      171.040     -6.50000      9.73000      125.000      2.96422     0.573576    0.0423792
1999-04-29/06:48:01      170.990     -5.35000      10.6000      130.000      4.70593     0.642788    0.0629183
1999-04-29/06:48:21      170.900     -4.22000      10.9300      154.000      6.03886     0.898794    0.0462034
1999-04-29/06:48:41      170.880     -3.06000      11.4800      149.000      11.1052     0.857167    0.0998259
1999-04-29/06:49:01      170.900     -2.35000      10.7000      166.000      10.8732     0.970296    0.0459103
1999-04-29/06:49:20      170.920     -1.68000      11.4800      148.000      12.2336     0.848048     0.113147
1999-04-29/06:49:40      170.790    -0.640000      11.2900      98.0000      3.15804     0.139173    0.0545818
1999-04-29/06:50:00      170.720     0.400000      11.3400      125.000      4.71222     0.573576    0.0673701
1999-04-29/06:50:41      170.540      2.85000      10.9700      130.000      2.80401     0.642788    0.0374896
1999-04-29/06:51:01      170.550      3.90000      11.7000      120.000      4.01660     0.500000    0.0607109
1999-04-29/06:51:21      170.550      4.99000      11.5800      118.000      3.30730     0.469472    0.0509666
1999-04-29/06:51:41      170.600      6.00000      11.6900      123.000      2.34112     0.544639    0.0342683
1999-04-29/06:52:00      170.570      6.96000      9.98000      120.000      5.62883     0.500000    0.0850797
1999-04-29/06:52:20      170.360      8.30000      9.88000      126.000      5.29392     0.587785    0.0747502
1999-04-29/06:52:40      170.310      9.45000      11.3300      122.000      2.86821     0.529919    0.0424530
1999-04-29/06:53:00      170.350      10.5300      11.9100      127.000      2.92358     0.601815    0.0407513
1999-04-29/06:53:21      170.360      11.6400      11.6300      110.000      2.88719     0.342020    0.0473520
1999-04-29/06:53:41      170.310      12.7500      11.4500      105.000      2.68027     0.258819    0.0451856
1999-04-29/06:54:01      170.230      13.9400      11.1500      93.0000      2.21888    0.0523359    0.0386737
1999-04-29/06:54:21      170.170      15.2000      11.0200      113.000      1.58863     0.390731    0.0255227
1999-04-29/06:54:40      170.260      16.2300      10.6000      102.000      1.80454     0.207912    0.0308069
1999-04-29/06:55:00      170.220      17.3000      10.3800      109.000      2.75142     0.325568    0.0454051
1999-04-29/06:55:20      170.210      18.3600      10.5000      113.000      1.78538     0.390731    0.0286836
1999-04-29/06:55:40      170.180      19.4000      10.6600      102.000      1.31060     0.207912    0.0223744
1999-04-29/06:56:01      170.150      20.4900      10.6500      106.000      3.76704     0.275637    0.0632003
1999-04-29/06:56:21      170.080      21.5600      10.9200      113.000      2.64073     0.390731    0.0424255
1999-04-29/06:56:41      170.060      22.7000      10.6300      111.000      1.97620     0.358368    0.0322003
1999-04-29/06:57:01      170.060      23.8800      10.4700      111.000      1.97620     0.358368    0.0322003
1999-04-29/06:57:20      170.070      25.0100      10.5300      106.000      2.45874     0.275637    0.0412507
1999-04-29/06:57:40      170.080      26.1500      10.4700      113.000      1.64092     0.390731    0.0263628
1999-04-29/06:58:00      170.220      27.3500      10.3400      96.0000      2.64068     0.104529    0.0458361
1999-04-29/06:58:20      170.350      28.4400      10.4100      120.000      2.46330     0.500000    0.0372328
1999-04-29/06:58:41      170.430      29.5000      10.3300      114.000      1.94222     0.406737    0.0309675
1999-04-29/06:59:01      170.490      30.4900      10.0400      115.000      1.71252     0.422618    0.0270887
1999-04-29/06:59:21      170.540      31.4800      9.90000      109.000      3.84268     0.325568    0.0634135
1999-04-29/07:00:00      170.860      33.4400      8.88000      99.0000      2.42219     0.156434    0.0417547
1999-04-29/07:00:40      170.530      35.8400      8.61000      106.000      2.58370     0.275637    0.0433472
1999-04-29/07:01:00      170.310      36.8800      9.12000      92.0000      1.76223    0.0348995    0.0307380
1999-04-29/07:01:21      170.250      37.9700      9.39000      113.000      1.82806     0.390731    0.0293693
1999-04-29/07:01:41      170.230      39.0800      9.41000      92.0000      1.52620    0.0348995    0.0266210
1999-04-29/07:02:01      170.240      40.5000      9.81000      109.000      2.46527     0.325568    0.0406829
1999-04-29/07:02:21      170.250      41.6400      10.4900      104.000      1.72400     0.241922    0.0291957
1999-04-29/07:02:40      170.360      42.7300      10.7300      109.000      2.65359     0.325568    0.0437906
1999-04-29/07:03:00      170.270      44.0200      10.8300      105.000      1.78862     0.258819    0.0301536
1999-04-29/07:03:20      169.860      45.4100      10.6700      113.000      1.31741     0.390731    0.0211653
1999-04-29/07:03:40      169.610      46.5800      10.4200      104.000      2.45144     0.241922    0.0415148
1999-04-29/07:04:01      169.340      47.8700      10.3700      112.000      1.47353     0.374607    0.0238453
1999-04-29/07:04:21      169.310      49.1400      10.6800      103.000      1.37376     0.224951    0.0233621
1999-04-29/07:04:41      169.350      50.2000      10.4900      102.000      1.19059     0.207912    0.0203256
1999-04-29/07:05:01      169.130      51.5500      10.3500      104.000      2.01372     0.241922    0.0341021
1999-04-29/07:05:20      168.330      53.0500      9.90000      113.000      1.31741     0.390731    0.0211653
1999-04-29/07:14:20      170.560      72.8300      7.50000      73.0000      4.39636     0.292372    0.0733782
1999-04-29/07:14:39      167.490      74.1800      7.59000      76.0000      3.43504     0.241922    0.0581719
1999-04-29/07:14:59      166.180      74.1800      7.62000      75.0000      3.45956     0.258819    0.0583233
1999-04-29/07:15:19      166.540      75.8300      7.89000      73.0000      4.73724     0.292372    0.0790677
1999-04-29/07:15:39      166.290      77.5100      8.09000      71.0000      3.81802     0.325568    0.0630065
1999-04-29/07:17:00      158.550      81.9900      9.74000      79.0000      2.47242     0.190809    0.0423590
1999-04-29/07:17:59      168.070      85.3500      11.3700      68.0000      2.43529     0.374607    0.0394089
1999-04-29/07:18:19      172.690      87.2500      12.2300      70.0000      2.83748     0.342020    0.0465367
1999-04-29/07:18:40      174.860      87.9000      12.4500      75.0000      2.74456     0.258819    0.0462694
1999-04-29/07:19:00      307.420      89.4600      11.8700      74.0000      2.58033     0.275637    0.0432907
1999-04-29/07:19:20      332.750      88.1100      12.7500      80.0000      2.20252     0.173648    0.0378572
1999-04-29/07:19:40      338.750      87.0300      13.1700      82.0000      2.50016     0.139173    0.0432114
1999-04-29/07:19:59      341.670      86.0200      12.9300      53.0000      3.62091     0.601815    0.0504712
1999-04-29/07:20:19      342.930      84.8500      13.5700      72.0000      2.08872     0.309017    0.0346708
1999-04-29/07:20:39      341.880      84.5600      13.4500      79.0000      2.78705     0.190809    0.0477495
1999-04-29/07:20:59      344.380      83.3300      13.1700      87.0000      2.34627    0.0523359    0.0408940
1999-04-29/07:21:20      346.600      81.5500      13.2500      82.0000      6.34273     0.139173     0.109624
1999-04-29/07:21:40      347.240      80.4100      13.2800      80.0000      3.62819     0.173648    0.0623618
1999-04-29/07:22:00      348.510      78.9600      13.0100      79.0000      5.78148     0.190809    0.0990519
1999-04-29/07:22:20      349.400      77.5500      13.1300      78.0000      2.09172     0.207912    0.0357096
1999-04-29/07:22:39      349.530      76.3800      13.2100      78.0000      1.56173     0.207912    0.0266617
1999-04-29/07:22:59      349.610      75.2100      13.2200      79.0000      1.58072     0.190809    0.0270819
1999-04-29/07:23:19      349.410      74.1600      13.1300      85.0000      2.32592    0.0871558    0.0404405
1999-04-29/07:23:39      349.520      72.9500      12.8400      79.0000      2.08986     0.190809    0.0358048
1999-04-29/07:24:00      349.760      71.6200      12.7200      82.0000      2.06085     0.139173    0.0356186
1999-04-29/07:24:20      349.790      70.3800      12.5500      75.0000      2.74456     0.258819    0.0462694
1999-04-29/07:24:40      350.050      69.1200      12.0700      77.0000      1.73073     0.224951    0.0294327
1999-04-29/07:25:00      350.310      67.7800      12.2000      88.0000      1.56751    0.0348994    0.0273415
1999-04-29/07:25:19      350.380      66.6800      12.1600      85.0000      2.88913    0.0871558    0.0502330
1999-04-29/07:25:39      350.310      65.5200      12.3800      87.0000      2.07784    0.0523359    0.0362155
1999-04-29/07:25:59      350.110      64.5300      12.2100      88.0000      1.28044    0.0348994    0.0223343
1999-04-29/07:26:19      350.150      63.4600      12.2500      89.0000      1.02324    0.0174524    0.0178562
1999-04-29/07:26:40      350.200      62.1800      12.2300      82.0000      2.40785     0.139173    0.0416159
1999-04-29/07:27:00      350.280      61.0900      13.0700      79.0000      1.63122     0.190809    0.0279471
1999-04-29/07:27:20      350.350      60.1000      13.4600      75.0000      2.98416     0.258819    0.0503087
1999-04-29/07:27:40      350.300      59.0900      13.4100      79.0000      3.10054     0.190809    0.0531204
1999-04-29/07:27:59      350.250      58.0800      13.6900      79.0000      2.13861     0.190809    0.0366400
1999-04-29/07:28:59      349.570      54.7700      14.1900      78.0000      1.68212     0.207912    0.0287170
1999-04-29/07:29:20      349.580      53.6300      13.6300      76.0000      1.57584     0.241922    0.0266866
1999-04-29/07:29:40      349.590      52.5400      13.7300      85.0000      1.77234    0.0871558    0.0308155
1999-04-29/07:30:00      349.590      51.6100      13.4800      81.0000      2.27456     0.156434    0.0392098
1999-04-29/07:30:20      349.630      50.4800      13.5500      77.0000      1.22979     0.224951    0.0209138
1999-04-29/07:30:39      349.760      49.2200      13.5300      79.0000      1.86391     0.190809    0.0319337
1999-04-29/07:30:59      349.710      47.9500      13.1800      82.0000      2.06085     0.139173    0.0356186
1999-04-29/07:31:19      349.550      46.7200      12.7900      78.0000      1.32042     0.207912    0.0225421
1999-04-29/07:31:39      349.420      45.6000      11.6900      80.0000      2.27326     0.173648    0.0390731
1999-04-29/07:32:20      349.940      43.5900      9.57000      79.0000      2.10644     0.190809    0.0360889
1999-04-29/07:32:40      349.630      42.4000      10.0800      88.0000      1.34171    0.0348994    0.0234030
1999-04-29/07:33:00      349.660      40.9100      11.0100      80.0000      2.06573     0.173648    0.0355061
1999-04-29/07:33:19      349.610      39.8200      11.0900      80.0000      2.06573     0.173648    0.0355061
1999-04-29/07:33:39      349.680      38.6200      10.2700      87.0000      1.56949    0.0523359    0.0273552
1999-04-29/08:12:20      346.910     -86.7500      10.3600      115.000      4.90301     0.422618    0.0775561
1999-04-29/08:12:40      344.470     -87.3500      9.15000      142.000      2.99544     0.788011    0.0321870
1999-04-29/08:13:00      344.920     -88.0000      7.41000      143.000      3.01788     0.798636    0.0316988
1999-04-29/08:13:19      355.200     -88.3300      8.13000      117.000      4.56993     0.453991    0.0710670
1999-04-29/08:13:39      48.9000     -89.2300      8.52000      126.000      25.0610     0.587785     0.353862
1999-04-29/08:14:40      164.670     -86.2900      9.99000      129.000      6.60271     0.629321    0.0895575
1999-04-29/08:15:00      164.010     -85.4000      10.2200      127.000      2.82921     0.601815    0.0394358
1999-04-29/08:15:20      164.870     -84.4500      9.53000      125.000      3.16559     0.573576    0.0452581
1999-04-29/08:16:19      169.360     -80.8200      9.52000      118.000      4.54485     0.469472    0.0700377
1999-04-29/08:16:39      167.300     -79.8700      9.20000      122.000      2.26089     0.529919    0.0334640
1999-04-29/08:16:59      166.210     -78.9000      8.94000      120.000      2.87450     0.500000    0.0434480
1999-04-29/08:17:20      164.970     -77.8200      8.51000      119.000      2.87886     0.484810    0.0439458
1999-04-29/08:17:40      166.390     -76.8600      8.89000      92.0000      1.80828    0.0348995    0.0315412
1999-04-29/08:18:00      166.850     -75.6100      9.43000      95.0000      2.47527    0.0871559    0.0430372
1999-04-29/08:18:20      167.610     -74.2500      9.36000      108.000      2.94697     0.309017    0.0489170
1999-04-29/08:18:41      168.910     -72.8400      9.02000      112.000      1.90709     0.374607    0.0308613
1999-04-29/08:19:01      169.810     -71.6900      8.24000      131.000      4.73450     0.656059    0.0623636
1999-04-29/08:19:41      170.760     -69.4400      9.62000      114.000      2.63779     0.406737    0.0420579
1999-04-29/08:20:00      170.800     -68.5700      9.78000      128.000      3.61859     0.615661    0.0497679
1999-04-29/08:21:00      170.960     -65.2100      8.64000      126.000      6.22073     0.587785    0.0878368
1999-04-29/08:21:21      170.850     -64.2400      9.09000      147.000      2.50985     0.838671    0.0238580
1999-04-29/08:21:41      170.660     -63.1600      8.38000      137.000      7.80054     0.731354    0.0928507
1999-04-29/08:22:01      170.450     -62.0000      8.67000      117.000      4.45875     0.453991    0.0693380
1999-04-29/08:24:01      170.830     -55.4700      13.1200      146.000      28.3908     0.829038     0.277087
1999-04-29/08:24:21      170.400     -54.8800      11.9100      143.000      4.53954     0.798636    0.0476817
1999-04-29/08:25:40      170.400     -50.0600      8.57000      133.000      9.19740     0.681998     0.117400
1999-04-29/08:26:00      170.740     -48.9600      10.5500      151.000      7.23293     0.874620    0.0612016
1999-04-29/08:26:20      170.810     -48.0000      10.7200      138.000      4.62862     0.743145    0.0540555
1999-04-29/08:26:41      170.920     -46.8400      11.4500      115.000      9.95592     0.422618     0.157483
1999-04-29/08:27:01      170.750     -45.7900      10.6400      136.000      5.60432     0.719340    0.0679472
1999-04-29/08:27:21      170.450     -44.9400      11.2200      151.000      4.74479     0.874620    0.0401482
1999-04-29/08:27:41      170.310     -43.5600      9.16000      120.000      5.88799     0.500000    0.0889969
1999-04-29/08:28:00      170.470     -42.4600      11.6000      112.000      17.4097     0.374607     0.281731
1999-04-29/08:28:20      170.290     -41.5100      13.4500      143.000      5.91483     0.798636    0.0621273
1999-04-29/08:28:40      170.020     -40.8600      11.7600      148.000      2.50883     0.848048    0.0232038
1999-04-29/08:29:00      170.010     -39.6000      9.54000      119.000      3.57206     0.484810    0.0545275
1999-04-29/08:29:21      170.180     -38.1400      9.98000      131.000      4.73450     0.656059    0.0623636
1999-04-29/08:29:41      170.290     -37.0000      11.1200      146.000      5.71373     0.829038    0.0557646
1999-04-29/08:30:01      170.580     -35.9100      9.36000      144.000      9.11228     0.809017    0.0934809
1999-04-29/08:30:21      170.360     -34.5500      9.07000      146.000      7.83142     0.829038    0.0764327
1999-04-29/08:30:40      170.330     -33.5000      10.2000      136.000      3.75188     0.719340    0.0454881
1999-04-29/08:31:00      170.300     -32.2200      10.4100      132.000      24.7334     0.669131     0.320800
1999-04-29/08:31:20      170.360     -31.3000      14.7800      158.000      20.0292     0.927184     0.130953
1999-04-29/08:31:40      170.120     -30.3200      11.4500      139.000      7.50324     0.754710    0.0859150
1999-04-29/08:32:01      170.070     -28.9200      14.7600      163.000      9.92034     0.956305    0.0506220
1999-04-29/08:32:21      170.090     -28.1200      15.6100      158.000      3.96777     0.927184    0.0259417
1999-04-29/08:33:01      170.240     -26.2200      13.6000      152.000      12.8006     0.882948     0.104886
1999-04-29/08:33:20      170.050     -24.4900      6.01000      169.000      18.4147     0.981627    0.0613254
1999-04-29/08:33:40      170.270     -23.2500      18.7800      150.000      6.98571     0.866026    0.0609618
1999-04-29/08:34:00      170.330     -22.6000      27.0300      165.000      16.5521     0.965926    0.0747698
1999-04-29/08:34:20      170.660     -21.7300      22.3600      164.000      12.0380     0.961262    0.0579122
1999-04-29/08:34:41      170.880     -20.7200      17.1400      152.000      8.15304     0.882948    0.0668046
1999-04-29/08:35:01      170.960     -19.5200      14.6200      166.000      19.5011     0.970296    0.0823401
1999-04-29/08:35:21      170.980     -18.1900      12.5500      160.000      6.19174     0.939693    0.0369608
1999-04-29/08:35:41      170.750     -16.9300      11.6300      134.000      3.27043     0.694658    0.0410597
1999-04-29/08:36:00      170.720     -15.9400      10.5800      134.000      3.99895     0.694658    0.0502062
1999-04-29/08:37:21      170.790     -11.0000      7.73000      108.000      3.35424     0.309017    0.0556773
1999-04-29/08:37:41      170.950     -9.88000      7.51000      146.000      2.05791     0.829038    0.0200847
1999-04-29/08:38:01      170.990     -8.67000      9.68000      134.000      2.32540     0.694658    0.0291950
1999-04-29/08:38:21      170.700     -8.07000      11.2800      126.000      3.29175     0.587785    0.0464795
1999-04-29/08:38:40      170.710     -7.09000      9.98000      122.000      2.93854     0.529919    0.0434940
1999-04-29/08:39:01      170.780     -5.85000      10.2300      131.000      2.54792     0.656059    0.0335616
1999-04-29/08:39:21      170.830     -4.70000      11.5700      152.000      6.19652     0.882948    0.0507732
1999-04-29/08:39:41      170.840     -3.62000      12.7200      122.000      3.39229     0.529919    0.0502101
1999-04-29/08:40:01      171.010     -2.52000      12.4900      154.000      9.93717     0.898794    0.0760295
1999-04-29/08:40:21      171.240     -1.58000      10.9500      107.000      4.25171     0.292372    0.0709639
1999-04-29/08:41:21      171.020      2.51000      7.71000      119.000      6.22112     0.484810    0.0949654
1999-04-29/08:41:41      170.530      3.73000      8.45000      104.000      2.35032     0.241922    0.0398023
1999-04-29/08:42:01      170.700      5.19000      8.91000      112.000      2.03620     0.374607    0.0329506
1999-04-29/08:42:21      170.810      6.52000      9.11000      115.000      2.46981     0.422618    0.0390676
1999-04-29/08:42:41      170.970      7.40000      9.38000      94.0000      3.00569    0.0697566    0.0523314
1999-04-29/08:43:41      170.620      12.5200      9.53000      102.000      1.65815     0.207912    0.0283078
1999-04-29/08:44:01      170.580      12.6000      9.14000      93.0000      2.45544    0.0523359    0.0427968
1999-04-29/08:44:21      170.450      13.7100      8.94000      98.0000      2.71465     0.139173    0.0469185
1999-04-29/08:44:41      170.090      14.5200      9.11000      94.0000      2.52613    0.0697566    0.0439819
1999-04-29/08:45:01      169.790      15.3000      8.63000      98.0000      2.98906     0.139173    0.0516612
1999-04-29/08:45:21      169.640      16.5700      7.96000      106.000      2.45874     0.275637    0.0412507
1999-04-29/08:45:41      169.430      17.3700      8.45000      108.000      2.51776     0.309017    0.0417925
1999-04-29/08:46:01      169.220      18.0600      8.44000      113.000      1.74178     0.390731    0.0279832
1999-04-29/08:46:21      169.080      18.8000      8.76000      116.000      3.01723     0.438371    0.0473310
1999-04-29/08:46:41      169.060      19.5300      9.25000      114.000      1.85548     0.406737    0.0295845
1999-04-29/08:47:01      169.000      20.5200      9.28000      119.000      2.80616     0.484810    0.0428360
1999-04-29/08:47:21      168.950      21.5800      9.57000      121.000      2.69424     0.515038    0.0403069
1999-04-29/08:47:41      168.920      22.5700      9.81000      117.000      2.93155     0.453991    0.0455885
1999-04-29/08:48:01      168.920      23.6800      9.71000      110.000      2.45938     0.342020    0.0403356
1999-04-29/08:48:21      168.900      24.8200      9.79000      111.000      2.09106     0.358368    0.0340718
1999-04-29/08:48:41      168.930      25.8900      9.76000      110.000      2.35372     0.342020    0.0386027
1999-04-29/08:49:01      168.910      26.9900      9.71000      119.000      2.87886     0.484810    0.0439458
1999-04-29/08:49:21      168.880      28.0700      9.31000      117.000      2.70413     0.453991    0.0420519
1999-04-29/08:49:41      168.920      29.1200      9.43000      103.000      1.65840     0.224951    0.0282027
1999-04-29/08:50:01      168.950      30.0900      9.24000      107.000      2.56265     0.292372    0.0427723
1999-04-29/08:50:21      168.900      31.1000      9.24000      105.000      2.14212     0.258819    0.0361131
1999-04-29/08:50:41      168.800      32.2500      8.63000      110.000      2.45938     0.342020    0.0403356
1999-04-29/08:51:01      168.820      33.5700      7.51000      104.000      2.26526     0.241922    0.0383619
1999-04-29/08:51:21      169.100      34.4500      6.91000      108.000      2.72086     0.309017    0.0451637
1999-04-29/08:51:41      169.190      35.5300      6.33000      104.000      2.45144     0.241922    0.0415148
1999-04-29/08:52:01      169.220      36.5500      5.97000      109.000      2.57545     0.325568    0.0425011
1999-04-29/08:52:21      169.150      37.7600      5.69000      102.000      1.65815     0.207912    0.0283078
1999-04-29/08:52:41      169.220      38.9900      5.51000      93.0000      2.34355    0.0523359    0.0408466
1999-04-29/08:53:01      169.410      40.3200      5.17000      111.000      2.39953     0.358368    0.0390981
1999-04-29/08:53:21      169.470      41.6100      5.38000      104.000      1.81482     0.241922    0.0307337
1999-04-29/08:53:41      169.810      42.7000      5.56000      110.000      2.94955     0.342020    0.0483748
1999-04-29/08:54:01      169.820      43.8700      6.07000      112.000      1.61897     0.374607    0.0261988
1999-04-29/08:54:21      169.430      44.6500      7.05000      98.0000      2.47734     0.139173    0.0428170
1999-04-29/08:54:41      169.010      45.8700      7.18000      108.000      2.94697     0.309017    0.0489170
1999-04-29/08:55:01      168.530      47.2700      7.70000      120.000      2.53734     0.500000    0.0383519
1999-04-29/08:55:21      167.790      48.8100      8.15000      105.000      2.14212     0.258819    0.0361131
1999-04-29/08:56:01      166.280      51.0100      7.68000      95.0000      3.12222    0.0871559    0.0542857
1999-04-29/08:56:21      165.600      52.4500      7.88000      101.000      2.17303     0.190809    0.0372297
1999-04-29/08:56:41      163.560      54.3900      7.59000      102.000      2.16385     0.207912    0.0369410
1999-04-29/08:57:01      160.740      56.8700      7.80000      93.0000      2.60843    0.0523359    0.0454633
1999-04-29/09:09:19      172.680      84.8500      11.3700      70.0000      2.65359     0.342020    0.0435208
1999-04-29/09:09:39      168.590      87.1300      11.6400      73.0000      3.60398     0.292372    0.0601528
1999-04-29/09:09:59      168.310      88.6400      11.7000      76.0000      2.08650     0.241922    0.0353346
1999-04-29/09:10:19      357.100      89.1300      11.5100      70.0000      3.44885     0.342020    0.0565637
1999-04-29/09:10:40      350.470      87.6600      11.9500      75.0000      3.76712     0.258819    0.0635083
1999-04-29/09:11:00      350.810      86.8000      11.8900      76.0000      2.41720     0.241922    0.0409349
1999-04-29/09:11:20      351.580      85.2500      11.5300      66.0000      1.87336     0.406737    0.0298696
1999-04-29/09:11:40      351.460      84.1400      11.7500      77.0000      1.60103     0.224951    0.0272271
1999-04-29/09:11:59      350.890      83.1500      11.5300      78.0000      1.41405     0.207912    0.0241405
1999-04-29/09:12:19      350.920      81.7400      11.3100      74.0000      2.34766     0.275637    0.0393871
1999-04-29/09:12:39      351.400      80.4300      11.4100      81.0000      2.27456     0.156434    0.0392098
1999-04-29/09:12:59      351.480      79.2700      11.2700      79.0000      1.74092     0.190809    0.0298265
1999-04-29/09:13:20      351.820      77.9000      11.3200      78.0000      1.63026     0.207912    0.0278316
1999-04-29/09:13:40      352.040      76.7800      11.6200      83.0000      1.65132     0.121869    0.0286061
1999-04-29/09:14:00      352.010      75.5800      11.8200      76.0000      1.37376     0.241922    0.0232644
1999-04-29/09:14:20      351.900      74.4200      12.0200      78.0000      1.23587     0.207912    0.0210986
1999-04-29/09:14:39      351.730      73.2500      12.1100      80.0000      1.94289     0.173648    0.0333947
1999-04-29/09:14:59      351.630      72.0000      11.9400      84.0000      1.77089     0.104528    0.0307385
1999-04-29/09:15:19      351.680      70.8000      11.9200      83.0000      1.65132     0.121869    0.0286061
1999-04-29/09:15:39      351.680      69.6300      11.4100      77.0000      1.49575     0.224951    0.0254367
1999-04-29/09:16:00      351.400      68.4900      10.2400      73.0000      2.31977     0.292372    0.0387185
1999-04-29/09:16:20      350.980      66.8900      8.52000      64.0000      2.36999     0.438371    0.0371778
1999-04-29/09:16:40      350.910      65.4700      6.79000      66.0000      1.69368     0.406737    0.0270047
1999-04-29/09:17:39      349.760      61.8200      6.49000      58.0000      2.63036     0.529919    0.0389326
1999-04-29/09:17:59      349.780      60.8400      6.83000      59.0000      2.53734     0.515038    0.0379596
1999-04-29/09:18:19      349.890      59.8800      6.79000      53.0000      1.92622     0.601815    0.0268492
1999-04-29/09:18:38      350.060      58.9400      7.03000      55.0000      1.32967     0.573576    0.0190102
1999-04-29/09:18:58      349.940      57.9300      8.18000      76.0000      1.78707     0.241922    0.0302638
1999-04-29/09:19:38      349.720      55.8000      8.82000      86.0000      1.79121    0.0697565    0.0311864
1999-04-29/09:19:59      349.740      54.7000      8.98000      75.0000      1.58372     0.258819    0.0266993
1999-04-29/09:20:19      349.720      53.6800      8.74000      72.0000      1.62568     0.309017    0.0269848
1999-04-29/09:20:39      349.770      52.6100      8.85000      78.0000      1.27428     0.207912    0.0217544
1999-04-29/09:20:59      349.830      51.4800      8.88000      77.0000      1.22979     0.224951    0.0209138
1999-04-29/09:21:18      349.830      50.4000      8.94000      75.0000      1.64793     0.258819    0.0277818
1999-04-29/09:21:38      349.810      49.3600      8.98000      76.0000      1.49576     0.241922    0.0253305
1999-04-29/09:21:58      349.860      48.3100      9.01000      79.0000      1.66439     0.190809    0.0285154
1999-04-29/09:22:18      349.900      47.2400      9.19000      82.0000      1.45970     0.139173    0.0252286
1999-04-29/09:22:39      349.930      46.1500      9.25000      76.0000      1.42981     0.241922    0.0242136
1999-04-29/09:22:59      349.910      45.0200      9.48000      85.0000      1.48475    0.0871558    0.0258152
1999-04-29/09:23:19      349.920      43.8800      9.49000      88.0000      1.06716    0.0348994    0.0186141
1999-04-29/09:23:39      349.920      42.7600      9.40000      88.0000      1.06716    0.0348994    0.0186141
1999-04-29/09:25:59      349.930      35.1800      10.3800      87.0000      1.37666    0.0523359    0.0239943
1999-04-29/09:26:19      349.910      34.1300      10.5200      82.0000      2.06085     0.139173    0.0356186
1999-04-29/09:29:40      349.840      23.1200      9.21000      83.0000      2.64068     0.121869    0.0457450
1999-04-29/09:30:59      349.800      18.2500      8.82000      79.0000      2.10644     0.190809    0.0360889
1999-04-29/09:31:19      349.840      17.0000      9.70000      74.0000      2.34766     0.275637    0.0393871
1999-04-29/09:31:39      349.910      15.7400      10.7200      76.0000      1.65840     0.241922    0.0280848
1999-04-29/09:32:00      350.040      14.4500      11.5500      78.0000      1.63026     0.207912    0.0278316
1999-04-29/09:32:20      350.160      13.0700      12.3100      78.0000      1.71735     0.207912    0.0293184
1999-04-29/09:39:19      345.310     -5.03000      11.8900      104.000      2.35032     0.241922    0.0398023
1999-04-29/09:39:39      345.060     -5.45000      11.1400      111.000      2.25057     0.358368    0.0366709
1999-04-29/09:40:20      347.210     -9.48000      10.9600      110.000      3.59163     0.342020    0.0589054
1999-04-29/09:40:40      347.130     -10.3000      10.1600      124.000      3.79061     0.559193    0.0548480
1999-04-29/09:42:40      348.560     -17.4100      11.5400      100.000      2.13861     0.173648    0.0367587
1999-04-29/09:43:00      348.600     -18.4800      11.0600      114.000      3.55449     0.406737    0.0566741
1999-04-29/09:44:59      348.230     -25.0900      9.36000      127.000      5.17975     0.601815    0.0721996
1999-04-29/09:45:20      348.150     -26.6900      9.28000      139.000      4.53486     0.754710    0.0519259
1999-04-29/09:45:40      348.080     -27.8200      9.59000      145.000      2.20234     0.819152    0.0220472
1999-04-29/09:46:20      347.350     -29.8300      9.61000      112.000      2.39763     0.374607    0.0387994
1999-04-29/09:46:39      347.650     -31.0600      9.78000      100.000      2.13861     0.173648    0.0367587
1999-04-29/09:50:40      347.900     -44.2200      9.97000      102.000      2.45751     0.207912    0.0419544
1999-04-29/09:51:00      348.240     -45.5400      8.98000      125.000      2.54251     0.573576    0.0363500
1999-04-29/09:51:20      348.540     -46.7700      7.56000      127.000      4.95410     0.601815    0.0690543
1999-04-29/09:51:59      348.940     -49.3000      6.82000      110.000      3.67818     0.342020    0.0603248
1999-04-29/09:52:19      348.880     -50.4200      7.11000      114.000      2.37061     0.406737    0.0377979
1999-04-29/09:52:39      348.850     -51.5100      7.48000      116.000      3.45764     0.438371    0.0542397
1999-04-29/09:52:59      348.840     -52.5200      7.30000      107.000      4.01054     0.292372    0.0669386
1999-04-29/09:53:20      348.770     -53.6100      7.48000      100.000      2.30634     0.173648    0.0396417
1999-04-29/09:53:40      348.750     -54.6900      7.45000      92.0000      2.34627    0.0348995    0.0409252
1999-04-29/09:54:00      348.710     -55.7400      7.42000      92.0000      2.00491    0.0348995    0.0349710
1999-04-29/09:54:20      348.700     -56.7700      7.27000      98.0000      2.91341     0.139173    0.0503537
1999-04-29/09:54:39      348.650     -57.8300      7.61000      106.000      4.31371     0.275637    0.0723719
1999-04-29/09:54:59      348.620     -58.8800      7.36000      101.000      1.85434     0.190809    0.0317697
1999-04-29/09:55:19      348.650     -59.8100      6.54000      97.0000      6.05041     0.121869     0.104812
1999-04-29/09:55:39      349.020     -60.7800      6.58000      103.000      2.08650     0.224951    0.0354829
1999-04-29/09:56:00      349.240     -61.8000      5.95000      107.000      2.80513     0.292372    0.0468195
1999-04-29/09:56:20      349.600     -62.8400      6.79000      109.000      2.75142     0.325568    0.0454051
1999-04-29/10:04:00      347.940     -84.3500      14.7600      108.000      1.95945     0.309017    0.0325250
1999-04-29/10:04:20      350.350     -84.6100      14.2900      117.000      2.18261     0.453991    0.0339418
1999-04-29/10:05:19      349.450     -88.2200      12.5200      125.000      6.02549     0.573576    0.0861458
1999-04-29/10:06:19      174.760     -87.6800      14.7100      99.0000      2.20252     0.156434    0.0379680
1999-04-29/10:06:40      171.160     -87.0300      14.0400      110.000      2.35372     0.342020    0.0386027
1999-04-29/10:07:00      171.690     -84.8600      13.8000      114.000      2.05132     0.406737    0.0327070
1999-04-29/10:07:20      171.250     -83.3600      13.8400      113.000      2.10025     0.390731    0.0337423
1999-04-29/10:07:40      170.540     -82.2200      14.4400      102.000      1.92393     0.207912    0.0328451
1999-04-29/10:07:59      170.450     -81.2300      14.2900      111.000      1.86614     0.358368    0.0304070
1999-04-29/10:08:19      170.310     -80.1100      14.1400      116.000      2.35343     0.438371    0.0369181
1999-04-29/10:08:39      170.400     -78.5100      13.7600      112.000      1.37735     0.374607    0.0222888
1999-04-29/10:08:59      169.990     -77.2800      13.8900      102.000      1.55031     0.207912    0.0264667
1999-04-29/10:09:20      169.490     -76.2900      13.7200      107.000      2.31438     0.292372    0.0386285
1999-04-29/10:09:40      169.570     -75.1900      13.3600      114.000      1.58638     0.406737    0.0252938
1999-04-29/10:10:00      169.680     -74.0300      13.4300      104.000      2.10729     0.241922    0.0356867
1999-04-29/10:10:20      169.800     -72.9400      12.9400      112.000      1.90709     0.374607    0.0308613
1999-04-29/10:10:39      170.200     -71.4400      12.9900      116.000      5.10837     0.438371    0.0801346
1999-04-29/10:10:59      170.190     -70.2500      14.2500      93.0000      2.45544    0.0523359    0.0427968
1999-04-29/10:11:19      170.090     -69.5100      14.2300      117.000      2.70413     0.453991    0.0420519
1999-04-29/10:11:39      170.150     -68.4400      12.4800      128.000      2.71384     0.615661    0.0373245
1999-04-29/10:12:20      170.300     -65.6200      12.5900      98.0000      3.15804     0.139173    0.0545818
1999-04-29/10:12:40      170.160     -64.7200      12.7800      121.000      2.56239     0.515038    0.0383344
1999-04-29/10:13:00      170.210     -63.4700      11.5000      135.000      2.82523     0.707107    0.0348671
1999-04-29/10:13:19      170.210     -62.3400      11.7600      105.000      2.68027     0.258819    0.0451856
1999-04-29/10:14:40      170.300     -57.6900      11.8300      113.000      1.92248     0.390731    0.0308863
1999-04-29/10:15:00      170.400     -56.4600      11.8900      110.000      4.30470     0.342020    0.0706002
1999-04-29/10:15:20      170.170     -55.4300      14.4500      138.000      26.7062     0.743145     0.311889
1999-04-29/10:15:40      169.710     -54.8500      13.5500      127.000      3.18256     0.601815    0.0443611
1999-04-29/10:15:59      169.480     -53.9600      9.51000      139.000      8.21298     0.754710    0.0940418
1999-04-29/10:16:39      169.540     -50.9800      10.6500      141.000      8.47007     0.777146    0.0930328
1999-04-29/10:20:40      169.500     -37.4300      9.30000      159.000      6.96794     0.933580    0.0435824
1999-04-29/10:21:00      169.670     -36.3700      6.33000      155.000      16.5166     0.906308     0.121828
1999-04-29/10:21:19      169.550     -34.8700      6.31000      147.000      4.32540     0.838671    0.0411161
1999-04-29/10:21:39      169.600     -33.8100      8.14000      113.000      4.06747     0.390731    0.0653473
1999-04-29/10:22:00      169.640     -32.9200      8.02000      165.000      45.0000     0.965926     0.203276
1999-04-29/10:22:20      170.180     -31.6800      8.06000      135.000      20.6726     0.707107     0.255128
1999-04-29/10:22:40      170.220     -30.9700      11.1000      145.000      30.0488     0.819152     0.300812
1999-04-29/10:23:00      170.120     -29.8000      10.5100      144.000      9.99323     0.809017     0.102518
1999-04-29/10:23:20      170.080     -28.5800      11.8300      168.000      18.8932     0.978148    0.0685586
1999-04-29/10:23:40      169.870     -27.6100      10.1900      132.000      24.7334     0.669131     0.320800
1999-04-29/10:24:00      170.080     -26.7400      10.5900      145.000      4.06719     0.819152    0.0407158
1999-04-29/10:24:40      172.220     -22.7600      10.3800      158.000      19.7017     0.927184     0.128812
1999-04-29/10:25:00      170.610     -22.7500      20.3200      169.000      28.0233     0.981627    0.0933244
1999-04-29/10:25:20      170.450     -22.3800      18.3100      151.000      8.29685     0.874620    0.0702040
1999-04-29/10:25:40      171.080     -21.3700      10.3900      151.000      37.2472     0.874620     0.315168
1999-04-29/10:26:00      172.250     -20.6900      8.21000      140.000      8.83418     0.766045    0.0991085
1999-04-29/10:26:41      170.790     -16.4000      7.65000      110.000      5.66758     0.342020    0.0929525
1999-04-29/10:27:01      170.080     -16.0800      10.1200      112.000      4.32754     0.374607    0.0700300
1999-04-29/10:27:41      169.660     -13.7900      11.2900      153.000      3.13844     0.891007    0.0248678
1999-04-29/10:28:00      169.590     -12.8400      12.0400      103.000      3.09582     0.224951    0.0526474
1999-04-29/10:28:20      169.520     -11.5100      10.6000      92.0000      1.80828    0.0348995    0.0315412
1999-04-29/10:29:21      169.690     -7.47000      10.4600      126.000      3.17024     0.587785    0.0447638
1999-04-29/10:29:41      169.630     -6.97000      12.1500      109.000      3.04196     0.325568    0.0501997
1999-04-29/10:30:01      169.880     -5.77000      11.8100      119.000      2.72378     0.484810    0.0415785
1999-04-29/10:30:21      170.510     -4.31000      10.8000      122.000      2.33138     0.529919    0.0345073
1999-04-29/10:30:40      171.160     -3.45000      10.6600      115.000      2.36999     0.422618    0.0374886
1999-04-29/10:31:00      169.890     -2.24000      12.5200      108.000      2.94697     0.309017    0.0489170
1999-04-29/10:31:20      169.460     -1.47000      11.4300      92.0000      1.86320    0.0348995    0.0324992
1999-04-29/10:31:40      169.350    -0.490000      9.35000      145.000      2.56806     0.819152    0.0257083
1999-04-29/10:32:01      169.450     0.380000      9.35000      143.000      2.77869     0.798636    0.0291864
1999-04-29/10:32:21      169.490      1.91000      9.88000      114.000      4.12941     0.406737    0.0658409
1999-04-29/10:33:01      169.270      4.50000      10.2900      103.000      2.64059     0.224951    0.0449058
1999-04-29/10:33:20      169.060      5.28000      9.75000      95.0000      2.96642    0.0871559    0.0515768
1999-04-29/10:34:41      168.460      10.3600      11.4000      101.000      1.74878     0.190809    0.0299612
1999-04-29/10:35:21      168.560      11.8100      10.2700      121.000      2.63036     0.515038    0.0393512
1999-04-29/10:35:41      168.520      12.8700      11.1700      118.000      3.10994     0.469472    0.0479252
1999-04-29/10:36:00      168.580      13.5000      11.6600      134.000      3.75230     0.694658    0.0471096
1999-04-29/10:36:20      168.570      14.4400      11.0900      99.0000      3.45414     0.156434    0.0595439
1999-04-29/10:36:40      168.450      15.7400      11.0200      115.000      2.55251     0.422618    0.0403757
1999-04-29/10:37:00      168.420      16.8200      11.3100      114.000      1.94222     0.406737    0.0309675
1999-04-29/10:37:21      168.470      17.9600      11.6300      115.000      2.55251     0.422618    0.0403757
1999-04-29/10:37:41      168.460      19.0500      11.5200      107.000      2.72835     0.292372    0.0455380
1999-04-29/10:38:01      168.470      20.0400      11.4100      110.000      2.78623     0.342020    0.0456962
1999-04-29/10:38:21      168.490      21.1500      11.3800      112.000      1.61897     0.374607    0.0261988
1999-04-29/10:38:40      168.550      22.2300      11.5400      109.000      2.93767     0.325568    0.0484786
1999-04-29/10:39:00      168.550      23.3700      11.4600      110.000      2.78623     0.342020    0.0456962
1999-04-29/10:39:20      168.500      24.5900      11.3400      114.000      2.00852     0.406737    0.0320246
1999-04-29/10:39:40      168.410      25.7600      11.7000      112.000      1.61897     0.374607    0.0261988
1999-04-29/10:40:01      168.390      26.9200      11.9000      112.000      1.52115     0.374607    0.0246159
1999-04-29/10:40:21      168.370      28.0200      11.9200      113.000      1.31741     0.390731    0.0211653
1999-04-29/10:40:41      168.310      29.0600      12.1200      104.000      2.18875     0.241922    0.0370662
1999-04-29/10:41:01      168.350      30.1300      12.2600      104.000      2.26526     0.241922    0.0383619
1999-04-29/10:41:20      168.380      31.3200      12.3400      104.000      2.35032     0.241922    0.0398023
1999-04-29/10:41:40      168.370      32.3700      12.4100      110.000      2.32336     0.342020    0.0381048
1999-04-29/10:42:00      168.400      33.4300      12.4800      103.000      1.73153     0.224951    0.0294463
1999-04-29/10:42:20      168.350      34.5400      12.4200      101.000      1.48621     0.190809    0.0254627
1999-04-29/10:42:41      168.260      35.7100      12.4400      109.000      2.65359     0.325568    0.0437906
1999-04-29/10:43:01      168.250      36.9100      12.6400      112.000      1.52115     0.374607    0.0246159
1999-04-29/10:43:21      168.220      37.9600      12.8100      105.000      2.68027     0.258819    0.0451856
1999-04-29/10:43:41      168.200      39.0500      12.6000      112.000      2.03620     0.374607    0.0329506
1999-04-29/10:44:00      168.210      40.2600      12.3800      116.000      2.75008     0.438371    0.0431403
1999-04-29/10:44:20      168.190      41.5000      12.8600      106.000      2.31977     0.275637    0.0389192
1999-04-29/10:44:40      168.150      42.4700      12.8800      106.000      2.31977     0.275637    0.0389192
1999-04-29/10:45:00      168.070      43.6200      12.8600      111.000      2.04548     0.358368    0.0333292
1999-04-29/10:45:21      168.000      44.8000      13.0900      104.000      2.26526     0.241922    0.0383619
1999-04-29/10:45:41      167.980      45.9800      12.9100      110.000      2.27385     0.342020    0.0372928
1999-04-29/10:46:01      167.860      47.3200      12.9200      120.000      2.87450     0.500000    0.0434480
1999-04-29/10:46:21      167.780      48.3600      13.0300      110.000      2.55790     0.342020    0.0419514
1999-04-29/10:46:40      167.740      49.3900      13.3500      109.000      2.75142     0.325568    0.0454051
1999-04-29/10:47:00      167.780      50.4300      12.9500      107.000      2.31438     0.292372    0.0386285
1999-04-29/10:47:20      167.810      51.6800      12.9900      106.000      2.04680     0.275637    0.0343395
1999-04-29/10:47:40      167.890      52.9600      13.2100      112.000      1.42458     0.374607    0.0230531
1999-04-29/10:48:01      167.950      54.2500      13.3000      109.000      2.25531     0.325568    0.0372181
1999-04-29/10:48:21      168.040      55.6400      13.4300      105.000      2.03478     0.258819    0.0343035
1999-04-29/10:48:41      168.140      57.0900      13.5200      105.000      2.03478     0.258819    0.0343035
1999-04-29/10:49:01      168.140      58.4400      13.5800      104.000      2.18875     0.241922    0.0370662
1999-04-29/10:58:39      147.900      79.3800      10.8800      84.0000      1.64145     0.104528    0.0284918
1999-04-29/10:58:59      144.700      81.9700      9.85000      82.0000      2.06085     0.139173    0.0356186
1999-04-29/10:59:19      140.850      83.6800      9.43000      79.0000      1.58072     0.190809    0.0270819
1999-04-29/10:59:39      134.780      84.6000      9.15000      72.0000      2.31438     0.309017    0.0384165
1999-04-29/10:59:59      126.630      85.0700      8.35000      65.0000      3.09401     0.422618    0.0489412
1999-04-29/11:00:18      111.030      86.6000      8.69000      68.0000      2.16209     0.374607    0.0349878
1999-04-29/11:00:38      81.4900      86.8200      9.09000      75.0000      1.91551     0.258819    0.0322928
1999-04-29/11:00:58      61.8600      86.1300      9.15000      75.0000      1.91551     0.258819    0.0322928
1999-04-29/11:01:19      47.3900      85.0200      9.12000      79.0000      2.01648     0.190809    0.0345476
1999-04-29/11:01:39      28.6200      84.7500      8.94000      85.0000      2.43530    0.0871558    0.0423423
1999-04-29/11:01:59      19.7800      83.9700      9.04000      87.0000      1.97205    0.0523359    0.0343716
1999-04-29/11:02:19      14.4200      82.7800      9.43000      83.0000      2.51410     0.121869    0.0435523
1999-04-29/11:02:38      8.36000      81.8200      9.90000      73.0000      1.80236     0.292372    0.0300826
1999-04-29/11:02:58      4.93000      80.9900      10.4900      69.0000      2.05488     0.358368    0.0334823
1999-04-29/11:03:18      2.81000      80.0900      11.0200      68.0000      1.86614     0.374607    0.0301986
1999-04-29/11:03:38    0.0900000      79.1000      11.5800      76.0000      1.78707     0.241922    0.0302638
1999-04-29/11:03:59      358.790      78.0900      11.9300      67.0000      1.56737     0.390731    0.0251811
1999-04-29/11:04:19      357.720      77.0700      12.2200      70.0000      3.11900     0.342020    0.0511539
1999-04-29/11:04:39      357.000      76.0300      12.7600      77.0000      1.31060     0.224951    0.0222880
1999-04-29/11:04:59      355.970      75.0000      13.2700      72.0000      1.99452     0.309017    0.0331072
1999-04-29/11:05:18      355.480      73.9900      13.2500      68.0000      1.92688     0.374607    0.0311816
1999-04-29/11:05:38      354.600      72.9100      13.0200      71.0000      1.95945     0.325568    0.0323357
1999-04-29/11:05:58      353.840      71.7500      13.2400      74.0000      2.46569     0.275637    0.0413673
1999-04-29/11:06:18      353.080      70.6200      13.4500      82.0000      2.50016     0.139173    0.0432114
1999-04-29/11:06:39      352.610      69.4600      13.1700      77.0000      1.43056     0.224951    0.0243281
1999-04-29/11:06:59      352.320      68.3100      12.7900      84.0000      2.40810     0.104528    0.0417990
1999-04-29/11:07:19      352.110      67.2000      12.4800      74.0000      2.03478     0.275637    0.0341379
1999-04-29/11:07:39      351.910      66.1400      12.7500      64.0000      2.26287     0.438371    0.0354975
1999-04-29/11:07:58      351.800      65.1400      12.2500      60.0000      2.34718     0.500000    0.0354776
1999-04-29/11:08:18      351.650      64.0400      12.1000      65.0000      1.94222     0.422618    0.0307221
1999-04-29/11:08:38      351.510      62.9600      11.8100      75.0000      2.18875     0.258819    0.0368992
1999-04-29/11:08:58      351.310      61.8900      11.9000      88.0000      1.28044    0.0348994    0.0223343
1999-04-29/11:09:19      351.180      60.7700      12.2100      82.0000      2.19406     0.139173    0.0379209
1999-04-29/11:09:39      351.200      59.7400      12.4100      76.0000      1.65840     0.241922    0.0280848
1999-04-29/11:09:59      351.290      58.7000      11.9800      69.0000      2.35372     0.358368    0.0383516
1999-04-29/11:10:19      351.270      57.6100      11.5900      75.0000      2.01372     0.258819    0.0339485
1999-04-29/11:14:18      349.870      44.8000      9.73000      80.0000      2.20252     0.173648    0.0378572
1999-04-29/11:14:39      349.670      43.7400      9.73000      77.0000      1.31060     0.224951    0.0222880
1999-04-29/11:14:59      349.450      42.6400      9.97000      83.0000      2.15140     0.121869    0.0372691
1999-04-29/11:15:19      349.190      41.5200      10.5700      86.0000      1.86007    0.0697565    0.0323853
1999-04-29/11:15:39      349.050      40.3300      10.8900      84.0000      2.47527     0.104528    0.0429650
1999-04-29/11:15:58      348.880      39.1000      11.1700      79.0000      1.94149     0.190809    0.0332628
1999-04-29/11:16:58      349.480      35.0800      12.1600      68.0000      3.42468     0.374607    0.0554196
1999-04-29/11:17:19      348.940      34.2500      13.8700      60.0000      2.80616     0.500000    0.0424151
1999-04-29/11:17:39      349.150      33.4000      13.4100      73.0000      3.45951     0.292372    0.0577415
1999-04-29/11:17:59      348.500      32.9400      14.9800      61.0000      2.91367     0.484810    0.0444772
1999-04-29/11:18:19      347.840      32.1300      16.5300      65.0000      2.17026     0.422618    0.0343293
1999-04-29/11:18:38      347.730      31.8000      16.2200      69.0000      2.88719     0.358368    0.0470440
1999-04-29/11:18:58      347.210      30.8400      16.0600      76.0000      2.08650     0.241922    0.0353346
1999-04-29/11:19:18      347.920      29.9000      16.0100      73.0000      3.50255     0.292372    0.0584599
1999-04-29/11:19:38      348.070      28.7000      14.9900      77.0000      2.75810     0.224951    0.0469042
1999-04-29/11:19:59      348.600      27.3500      14.5300      72.0000      4.48756     0.309017    0.0744893
1999-04-29/11:20:19      348.090      26.1300      12.9400      77.0000      3.13465     0.224951    0.0533077
1999-04-29/11:20:39      348.200      24.8200      12.8200      82.0000      6.34273     0.139173     0.109624
1999-04-29/11:20:59      348.170      23.1500      13.8900      81.0000      5.00329     0.156434    0.0862488
1999-04-29/11:22:39      349.030      18.5500      20.8300      69.0000      4.20403     0.358368    0.0685007
1999-04-29/11:22:59      348.580      17.9500      21.4100      71.0000      5.69753     0.325568    0.0940230
1999-04-29/11:23:19      347.900      17.0200      20.9900      78.0000      4.33435     0.207912    0.0739956
1999-04-29/11:23:39      349.300      15.7100      19.6900      80.0000      4.67998     0.173648    0.0804401
1999-04-29/11:23:58      349.120      14.2900      18.0300      82.0000      2.79514     0.139173    0.0483096
1999-04-29/12:05:59      168.050     -58.2800      15.6700      123.000      3.19075     0.544639    0.0467048
1999-04-29/12:06:19      168.430     -56.7400      15.2700      112.000      1.98706     0.374607    0.0321554
1999-04-29/12:06:40      168.380     -55.6200      17.2900      98.0000      3.57425     0.139173    0.0617753
1999-04-29/12:07:00      167.630     -54.8300      17.0300      118.000      3.01293     0.469472    0.0464303
1999-04-29/12:07:20      167.390     -53.7300      15.8200      164.000      16.5790     0.961262    0.0797579
1999-04-29/12:07:59      168.040     -50.9300      18.2500      127.000      22.1762     0.601815     0.309110
1999-04-29/12:08:19      167.660     -50.5700      16.5900      155.000      14.1873     0.906308     0.104647
1999-04-29/12:08:59      167.490     -49.1900      16.5100      154.000      8.22773     0.898794    0.0629505
1999-04-29/12:09:40      168.090     -45.2600      15.2000      101.000      25.3882     0.190809     0.434967
1999-04-29/12:10:00      167.880     -44.4100      15.7700      159.000      19.4493     0.933580     0.121650
1999-04-29/12:10:59      168.260     -40.8300      18.6800      133.000      8.10068     0.681998     0.103401
1999-04-29/12:11:20      168.030     -40.1300      18.7300      115.000      7.36341     0.422618     0.116475
1999-04-29/12:11:40      168.100     -38.8100      15.8000      103.000      9.31934     0.224951     0.158484
1999-04-29/12:12:00      168.270     -37.6800      16.8200      166.000      4.52362     0.970296    0.0191002
1999-04-29/12:12:20      167.990     -36.4400      14.1400      158.000      10.0942     0.927184    0.0659971
1999-04-29/12:12:40      168.010     -35.1600      16.0000      140.000      6.29343     0.766045    0.0706045
1999-04-29/12:13:00      168.070     -34.0700      18.8900      149.000      9.05543     0.857167    0.0814003
1999-04-29/12:13:20      168.150     -33.2400      17.7400      168.000      15.6964     0.978148    0.0569582
1999-04-29/12:13:40      168.170     -31.9600      16.1200      154.000      9.03324     0.898794    0.0691135
1999-04-29/12:14:00      168.060     -31.0300      16.5600      167.000      8.74498     0.974370    0.0343340
1999-04-29/12:14:20      168.000     -29.7600      15.4600      147.000      30.4102     0.838671     0.289071
1999-04-29/12:14:40      167.940     -28.5500      19.9000      148.000      14.5178     0.848048     0.134273
1999-04-29/12:15:00      167.840     -27.7100      22.9600      149.000      6.72635     0.857167    0.0604639
1999-04-29/12:15:20      167.420     -27.5200      18.6400      145.000      6.42348     0.819152    0.0643042
1999-04-29/12:15:40      167.590     -26.2900      13.9200      169.000      6.32987     0.981627    0.0210800
1999-04-29/12:16:01      168.230     -25.0600      7.90000      168.000      21.7905     0.978148    0.0790721
1999-04-29/12:17:01      167.740     -21.6200      13.9400      169.000      8.73034     0.981627    0.0290741
1999-04-29/12:17:20      167.210     -20.8700      11.7400      138.000      6.11781     0.743145    0.0714470
1999-04-29/12:17:40      167.360     -19.2600      10.7300      174.000      45.0000     0.994522    0.0820963
1999-04-29/12:18:00      167.580     -17.7500      10.6300      151.000      12.6830     0.874620     0.107317
1999-04-29/12:18:20      167.840     -16.6600      14.7700      169.000      7.60987     0.981627    0.0253427
1999-04-29/12:18:41      167.820     -15.6600      13.6400      162.000      8.18517     0.951056    0.0441456
1999-04-29/12:20:00      167.770     -11.2900      14.7500      115.000      22.3924     0.422618     0.354204
1999-04-29/12:21:00      168.100     -7.89000      13.3600      163.000      23.6180     0.956305     0.120519
1999-04-29/12:21:21      168.070     -7.06000      12.5300      141.000      13.1511     0.777146     0.144448
1999-04-29/12:22:01      167.530     -4.01000      7.50000      133.000      11.6502     0.681998     0.148709
1999-04-29/12:22:21      167.960     -3.33000      13.9400      134.000      2.70510     0.694658    0.0339621
1999-04-29/12:22:40      167.950     -2.32000      15.0400      142.000      4.39176     0.788011    0.0471909
1999-04-29/12:23:00      167.910     -1.32000      15.2000      140.000      6.15250     0.766045    0.0690234
1999-04-29/12:23:20      167.910    -0.350000      13.3800      127.000      22.1762     0.601815     0.309110
1999-04-29/12:24:21      167.580      3.21000      12.8400      138.000      8.57142     0.743145     0.100102
1999-04-29/12:24:41      167.480      4.30000      14.8000      135.000      6.57219     0.707107    0.0811096
1999-04-29/12:25:01      167.460      5.31000      15.6800      144.000      3.98731     0.809017    0.0409050
1999-04-29/12:25:20      167.360      6.36000      15.3900      115.000      3.88985     0.422618    0.0615299
1999-04-29/12:25:40      167.310      7.55000      16.3200      124.000      2.39890     0.559193    0.0347107
1999-04-29/12:26:00      167.360      8.61000      16.3200      112.000      3.13059     0.374607    0.0506605
1999-04-29/12:26:20      167.340      9.71000      16.0300      125.000      2.01076     0.573576    0.0287476
1999-04-29/12:26:41      167.330      10.8300      16.4100      132.000      6.32968     0.669131    0.0820980
1999-04-29/12:27:01      167.360      11.9100      16.4900      135.000      2.24506     0.707107    0.0277071
1999-04-29/12:27:21      167.360      12.9700      15.9000      134.000      4.71938     0.694658    0.0592511
1999-04-29/12:27:41      167.320      14.1000      15.9400      152.000      10.0694     0.882948    0.0825069
1999-04-29/12:28:00      167.290      15.1600      16.9100      125.000      2.77985     0.573576    0.0397432
1999-04-29/12:28:20      167.270      16.2200      17.0100      115.000      8.55196     0.422618     0.135275
1999-04-29/12:28:40      167.240      17.3100      16.5400      122.000      21.3608     0.529919     0.316166
1999-04-29/12:29:00      167.220      18.4200      16.3100      104.000      4.43739     0.241922    0.0751466
1999-04-29/12:29:21      167.190      19.5600      16.2000      108.000      5.48886     0.309017    0.0911100
1999-04-29/12:29:41      167.150      20.6700      16.2800      110.000      3.29185     0.342020    0.0539887
1999-04-29/12:30:01      167.120      21.7500      16.3500      116.000      4.03187     0.438371    0.0632476
1999-04-29/12:30:21      167.070      22.8600      16.1000      116.000      3.56278     0.438371    0.0558890
1999-04-29/12:30:40      167.020      23.9500      16.1300      113.000      3.25485     0.390731    0.0522919
1999-04-29/12:31:00      166.990      25.0700      16.3700      101.000      1.89705     0.190809    0.0325014
1999-04-29/12:31:21      166.970      26.1600      16.5700      96.0000      3.64446     0.104529    0.0632594
1999-04-29/12:31:41      166.950      27.2700      16.5300      116.000      3.89243     0.438371    0.0610602
1999-04-29/12:32:01      166.910      28.4100      16.8000      114.000      2.46245     0.406737    0.0392622
1999-04-29/12:32:21      166.870      29.5000      16.9900      111.000      2.41315     0.358368    0.0393200
1999-04-29/12:32:41      166.840      30.5900      17.1600      106.000      2.31977     0.275637    0.0389192
1999-04-29/12:33:01      166.800      31.6800      17.2000      108.000      2.06552     0.309017    0.0342857
1999-04-29/12:33:21      166.760      32.7600      17.1200      105.000      3.26672     0.258819    0.0550723
1999-04-29/12:33:41      166.710      33.8700      17.1100      107.000      3.29316     0.292372    0.0549650
1999-04-29/12:34:01      166.640      35.0100      17.2700      110.000      2.88719     0.342020    0.0473520
1999-04-29/12:34:21      166.590      36.1100      17.7800      113.000      1.58863     0.390731    0.0255227
1999-04-29/12:34:41      166.560      37.2000      17.8900      111.000      2.66344     0.358368    0.0433982
1999-04-29/12:35:01      166.480      38.3200      17.7400      111.000      2.09106     0.358368    0.0340718
1999-04-29/12:35:21      166.420      39.4400      17.8700      108.000      2.51776     0.309017    0.0417925
1999-04-29/12:35:41      166.430      40.5300      18.2800      111.000      3.42468     0.358368    0.0558019
1999-04-29/12:36:01      166.390      41.5700      18.1000      106.000      2.45874     0.275637    0.0412507
1999-04-29/12:36:21      166.350      42.6600      18.0600      102.000      1.55031     0.207912    0.0264667
1999-04-29/12:36:41      166.310      43.7400      17.8700      109.000      3.38317     0.325568    0.0558305
1999-04-29/12:37:01      166.220      44.8700      17.7500      113.000      1.25657     0.390731    0.0201879
1999-04-29/12:37:21      166.160      45.9700      17.9500      103.000      5.79159     0.224951    0.0984916
1999-04-29/12:37:41      166.140      47.0600      17.9400      117.000      3.71922     0.453991    0.0578376
1999-04-29/12:38:01      166.140      48.1100      17.7900      112.000      1.90709     0.374607    0.0308613
1999-04-29/12:38:21      166.030      49.2400      17.3400      112.000      1.94513     0.374607    0.0314769
1999-04-29/12:38:41      165.960      50.3300      17.3200      108.000      2.85097     0.309017    0.0473234
1999-04-29/12:39:01      165.880      51.4400      17.2000      113.000      2.64073     0.390731    0.0424255
1999-04-29/12:39:21      165.800      52.5700      17.2100      113.000      1.92248     0.390731    0.0308863
1999-04-29/12:39:41      165.720      53.6900      17.0100      108.000      2.79788     0.309017    0.0464422
1999-04-29/12:40:01      165.630      54.8500      16.9700      113.000      2.79642     0.390731    0.0449268
1999-04-29/12:40:21      165.570      55.9500      17.0800      114.000      2.97444     0.406737    0.0474256
1999-04-29/12:40:41      165.420      57.0600      17.0600      106.000      2.45874     0.275637    0.0412507
1999-04-29/12:41:01      165.250      58.2000      17.0700      110.000      3.82218     0.342020    0.0626865
1999-04-29/12:41:21      165.030      59.3400      17.1600      117.000      2.81654     0.453991    0.0438000
1999-04-29/12:41:41      164.870      60.4800      17.2400      110.000      3.45863     0.342020    0.0567241
1999-04-29/12:42:01      164.690      61.5800      17.1200      113.000      1.78538     0.390731    0.0286836
1999-04-29/12:42:21      164.420      62.7500      16.9700      115.000      3.47634     0.422618    0.0549889
1999-04-29/12:42:41      164.150      63.9200      16.8400      112.000      1.68015     0.374607    0.0271889
1999-04-29/12:43:01      163.830      65.1100      16.6600      116.000      3.56278     0.438371    0.0558890
1999-04-29/12:43:21      163.470      66.3600      16.8800      114.000      2.46245     0.406737    0.0392622
1999-04-29/12:43:41      162.950      67.6500      17.6400      109.000      3.32780     0.325568    0.0549167
1999-04-29/12:44:01      162.870      68.5900      17.4700      109.000      3.38317     0.325568    0.0558305
1999-04-29/12:44:21      162.710      69.5800      16.9100      95.0000      2.58933    0.0871559    0.0450204
1999-04-29/12:44:41      162.270      70.8300      17.2700      106.000      3.07495     0.275637    0.0515890
1999-04-29/12:45:01      161.810      72.0700      16.9400      105.000      2.24074     0.258819    0.0377757
1999-04-29/12:45:21      161.060      73.3300      16.9200      102.000      1.36590     0.207912    0.0233185
1999-04-29/12:45:41      160.500      74.5400      17.1400      99.0000      2.34396     0.156434    0.0404062
1999-04-29/12:46:01      159.650      75.7300      17.0700      104.000      3.29861     0.241922    0.0558615
1999-04-29/12:46:21      158.390      76.9700      17.0800      110.000      2.27385     0.342020    0.0372928
1999-04-29/12:46:41      156.830      78.1500      17.0600      104.000      1.64793     0.241922    0.0279075
1999-04-29/12:47:01      155.210      79.3400      17.2000      110.000      2.55790     0.342020    0.0419514
1999-04-29/12:47:21      153.400      80.4500      16.9800      103.000      1.98394     0.224951    0.0337388
1999-04-29/13:50:19      157.560     -82.9900      14.3300      101.000      1.56173     0.190809    0.0267565
1999-04-29/13:50:40      159.150     -82.0500      14.3200      110.000      2.45938     0.342020    0.0403356
1999-04-29/13:51:00      161.880     -80.3900      13.6700      124.000      3.61780     0.559193    0.0523475
1999-04-29/13:51:20      164.000     -78.5800      13.8500      114.000      2.97444     0.406737    0.0474256
1999-04-29/13:51:40      163.090     -77.7500      14.0800      112.000      2.29214     0.374607    0.0370924
1999-04-29/13:51:59      163.110     -76.4600      13.9600      96.0000      3.33394     0.104529    0.0578695
1999-04-29/13:52:19      164.570     -74.9100      14.2800      101.000      1.89705     0.190809    0.0325014
1999-04-29/13:52:39      164.850     -73.8400      14.3400      112.000      2.03620     0.374607    0.0329506
1999-04-29/13:52:59      166.110     -72.2200      13.5100      117.000      3.85261     0.453991    0.0599119
1999-04-29/13:53:20      166.840     -70.7000      14.3500      115.000      5.82346     0.422618    0.0921158
1999-04-29/13:53:40      166.030     -70.2600      15.0500      108.000      8.43189     0.309017     0.139962
1999-04-29/13:54:00      163.950     -70.0700      13.7000      116.000      7.66565     0.438371     0.120250
1999-04-29/13:54:20      165.750     -67.7900      13.2300      126.000      12.5305     0.587785     0.176931
1999-04-29/13:54:39      166.300     -66.5300      13.4500      117.000      6.40714     0.453991    0.0996374
1999-04-29/13:54:59      166.530     -65.4000      14.1100      102.000      1.86721     0.207912    0.0318768
1999-04-29/13:55:19      166.240     -64.4300      13.2300      116.000      2.85385     0.438371    0.0447681
1999-04-29/13:55:39      166.470     -63.1400      13.5800      112.000      5.33701     0.374607    0.0863657
1999-04-29/13:56:00      166.410     -61.8900      13.1900      104.000      2.65779     0.241922    0.0450093
1999-04-29/13:56:20      166.610     -60.5600      13.4500      113.000      5.74550     0.390731    0.0923063
1999-04-29/13:56:40      166.840     -59.4700      14.1000      119.000      4.29604     0.484810    0.0655790
1999-04-29/13:57:00      166.810     -58.4800      13.9200      136.000      2.50700     0.719340    0.0303951
1999-04-29/13:57:19      166.840     -57.4000      13.2900      116.000      8.84343     0.438371     0.138726
1999-04-29/13:57:39      167.240     -56.1200      13.1100      126.000      7.12940     0.587785     0.100667
1999-04-29/13:57:59      167.190     -55.0900      13.5200      123.000      23.1802     0.544639     0.339302
1999-04-29/13:58:19      166.950     -53.7200      14.4600      99.0000      5.91275     0.156434     0.101926
1999-04-29/13:58:40      166.760     -52.7200      13.2800      156.000      5.35693     0.913545    0.0380283
1999-04-29/13:59:00      167.350     -51.1800      13.6900      156.000      15.3686     0.913545     0.109100
1999-04-29/13:59:20      167.150     -50.1900      16.5100      106.000      8.98885     0.275637     0.150808
1999-04-29/13:59:40      166.540     -49.4800      14.6200      144.000      30.4326     0.809017     0.312202
1999-04-29/13:59:59      166.870     -48.3200      15.0800      172.000      24.9411     0.990268    0.0605827
1999-04-29/14:00:19      163.130     -51.3800      12.8400      111.000      22.2732     0.358368     0.362921
1999-04-29/14:00:39      166.140     -45.6100      8.32000      159.000      14.9141     0.933580    0.0932832
1999-04-29/14:00:59      167.070     -44.6200      14.4000      148.000      6.63263     0.848048    0.0613441
1999-04-29/14:01:20      166.900     -43.6400      12.6500      137.000      26.5798     0.731354     0.316382
1999-04-29/14:01:40      167.040     -42.6000      13.5600      168.000      8.82093     0.978148    0.0320089
1999-04-29/14:02:00      167.170     -41.3300      13.3800      138.000      26.7062     0.743145     0.311889
1999-04-29/14:02:20      167.330     -40.3500      15.6100      159.000      45.0000     0.933580     0.281462
1999-04-29/14:02:39      167.270     -39.3900      13.8600      119.000      4.13137     0.484810    0.0630653
1999-04-29/14:02:59      167.460     -38.3400      12.4000      150.000      35.6382     0.866026     0.311002
1999-04-29/14:03:39      167.440     -35.5100      11.0900      151.000      8.29685     0.874620    0.0702040
1999-04-29/14:04:00      167.370     -34.4100      16.0800      164.000      16.0131     0.961262    0.0770355
1999-04-29/14:04:20      167.340     -33.7200      17.1500      169.000      4.09134     0.981627    0.0136252
1999-04-29/14:04:40      167.450     -32.5900      9.95000      147.000      30.4102     0.838671     0.289071
1999-04-29/14:05:00      167.300     -31.2000      15.0300      159.000      8.18965     0.933580    0.0512238
1999-04-29/14:05:19      167.200     -30.3200      14.3500      128.000      24.7730     0.615661     0.340713
1999-04-29/14:05:39      167.220     -28.9900      13.8900      113.000      4.06747     0.390731    0.0653473
1999-04-29/14:05:59      167.190     -27.8900      22.6900      136.000      24.0070     0.719340     0.291063
1999-04-29/14:06:19      167.140     -27.2000      26.4000      149.000      12.3555     0.857167     0.111065
1999-04-29/14:06:40      166.970     -26.8000      15.3400      172.000      14.8727     0.990268    0.0361262
1999-04-29/14:07:00      166.330     -25.8200      9.28000      170.000      21.5302     0.984808    0.0652523
1999-04-29/14:07:20      165.370     -23.4300      6.72000      156.000      39.3380     0.913545     0.279256
1999-04-29/14:07:40      166.980     -22.2900      15.6500      170.000      28.2539     0.984808    0.0856301
1999-04-29/14:07:59      167.040     -21.7100      17.6800      165.000      8.17386     0.965926    0.0369233
1999-04-29/14:08:19      166.870     -21.0300      11.9200      148.000      7.46921     0.848048    0.0690815
1999-04-29/14:08:59      166.520     -18.4100      9.05000      130.000      12.8986     0.642788     0.172454
1999-04-29/14:09:20      166.700     -17.1400      8.95000      126.000      25.0610     0.587785     0.353862
1999-04-29/14:09:40      166.780     -16.0200      9.07000      164.000      45.0000     0.961262     0.216485
1999-04-29/14:10:00      166.490     -14.9900      10.7800      170.000      45.0000     0.984808     0.136383
1999-04-29/14:10:20      166.270     -14.0700      11.9200      171.000      29.5698     0.987688    0.0807343
1999-04-29/14:10:39      166.360     -12.9100      11.5400      126.000      6.99875     0.587785    0.0988224
1999-04-29/14:10:59      166.620     -11.7400      11.4700      98.0000      10.9736     0.139173     0.189662
1999-04-29/14:11:19      166.690     -10.6900      11.0800      99.0000      12.1764     0.156434     0.209902
1999-04-29/14:11:39      166.650     -9.77000      9.85000      130.000      10.9526     0.642788     0.146436
1999-04-29/14:12:00      165.840     -8.92000      6.54000      126.000      6.22073     0.587785    0.0878368
1999-04-29/14:12:20      165.770     -7.29000      8.59000      170.000      22.5748     0.984808    0.0684182
1999-04-29/14:12:40      165.420     -6.37000      11.3600      170.000      9.20930     0.984808    0.0279109
1999-04-29/14:13:00      165.750     -5.17000      12.9800      134.000      6.71490     0.694658    0.0843045
1999-04-29/14:13:19      166.100     -4.86000      9.23000      135.000      20.6726     0.707107     0.255128
1999-04-29/14:13:39      166.430     -1.88000      3.95000      97.0000      18.5254     0.121869     0.320920
1999-04-29/14:13:59      166.560     -1.54000      9.42000      141.000      30.1216     0.777146     0.330847
1999-04-29/14:14:19      166.470    -0.900000      10.4600      157.000      18.4084     0.920505     0.125537
1999-04-29/14:14:40      166.040     0.330000      8.08000      141.000      30.1216     0.777146     0.330847
1999-04-29/14:15:00      166.400      1.59000      9.37000      135.000      4.25827     0.707107    0.0525528
1999-04-29/14:15:20      166.550      2.74000      10.0400      158.000      3.16813     0.927184    0.0207136
1999-04-29/14:15:40      166.610      3.89000      11.3600      151.000      7.99658     0.874620    0.0676632
1999-04-29/14:15:59      166.630      4.85000      11.8500      105.000      7.26377     0.258819     0.122457
1999-04-29/14:16:39      166.360      6.99000      12.1500      118.000      6.39865     0.469472    0.0986054
1999-04-29/14:16:59      166.380      8.09000      12.7500      106.000      4.17674     0.275637    0.0700739
1999-04-29/14:17:20      166.390      9.18000      12.7600      103.000      7.18252     0.224951     0.122146
1999-04-29/14:18:00      166.410      11.4400      12.5700      113.000      4.06747     0.390731    0.0653473
1999-04-29/14:18:20      166.450      12.4800      12.8200      135.000      10.7221     0.707107     0.132325
1999-04-29/14:18:59      166.440      14.6500      11.9400      93.0000      3.13732    0.0523359    0.0546815
1999-04-29/14:20:00      166.410      17.9200      12.3800      126.000      3.62091     0.587785    0.0511273
1999-04-29/14:20:20      166.360      19.0700      12.0200      117.000      3.60112     0.453991    0.0560010
1999-04-29/14:20:40      166.320      20.2200      12.2100      118.000      3.56851     0.469472    0.0549920
1999-04-29/14:21:39      166.200      23.4900      11.9400      119.000      2.22720     0.484810    0.0339982
1999-04-29/14:23:00      166.110      27.9800      11.9400      117.000      4.82079     0.453991    0.0749681
1999-04-29/14:23:20      166.080      29.1100      12.5600      112.000      3.13059     0.374607    0.0506605
1999-04-29/14:23:40      166.060      30.2300      12.7100      120.000      3.14954     0.500000    0.0476053
1999-04-29/14:24:00      166.030      31.3000      12.8400      110.000      3.29185     0.342020    0.0539887
1999-04-29/14:24:20      166.030      32.4100      12.7100      104.000      3.29861     0.241922    0.0558615
1999-04-29/14:24:40      165.970      33.5700      12.7200      111.000      2.04548     0.358368    0.0333292
1999-04-29/14:25:00      165.930      34.7500      12.8400      113.000      1.82806     0.390731    0.0293693
1999-04-29/14:25:20      165.820      35.9100      13.2100      112.000      2.03620     0.374607    0.0329506
1999-04-29/14:25:40      165.780      36.9900      13.3500      105.000      3.26672     0.258819    0.0550723
1999-04-29/14:26:00      165.640      38.0900      13.2700      102.000      1.99423     0.207912    0.0340453
1999-04-29/14:26:20      165.480      39.2600      13.3100      113.000      4.66686     0.390731    0.0749770
1999-04-29/14:26:40      165.400      40.3900      13.6100      114.000      2.85912     0.406737    0.0455869
1999-04-29/14:27:20      165.230      42.5000      13.6900      117.000      4.56993     0.453991    0.0710670
1999-04-29/14:27:40      165.120      43.6200      13.7000      113.000      5.50504     0.390731    0.0884431
1999-04-29/14:28:00      165.000      44.8400      13.2500      133.000      4.47367     0.681998    0.0571043
1999-04-29/14:28:20      164.820      45.9500      13.6500      109.000      4.47027     0.325568    0.0737702
1999-04-29/14:28:40      164.830      47.0400      13.2800      108.000      2.61726     0.309017    0.0434441
1999-04-29/14:29:00      164.730      48.1500      12.8700      105.000      4.88719     0.258819    0.0823911
1999-04-29/14:30:00      164.440      51.7600      12.4700      120.000      5.62883     0.500000    0.0850797
1999-04-29/14:30:20      164.360      53.0100      12.4400      117.000      4.65407     0.453991    0.0723754
1999-04-29/14:30:40      164.300      54.2900      12.5700      122.000      2.11743     0.529919    0.0313406
1999-04-29/14:31:00      163.940      55.6900      12.7300      117.000      3.60112     0.453991    0.0560010
1999-04-29/14:31:20      163.920      56.8800      12.7200      117.000      6.40714     0.453991    0.0996374
1999-04-29/14:31:40      163.900      57.9800      12.6300      119.000      7.20557     0.484810     0.109993
1999-04-29/14:32:00      163.620      59.1800      12.9300      116.000      7.09205     0.438371     0.111252
1999-04-29/14:32:20      163.240      60.4400      13.0000      117.000      6.12295     0.453991    0.0952180
1999-04-29/14:32:40      162.940      61.6700      13.1400      123.000      3.19075     0.544639    0.0467048
1999-04-29/14:33:00      162.550      62.9300      13.2500      120.000      7.36306     0.500000     0.111293
1999-04-29/14:33:20      161.950      64.3300      13.0600      119.000      7.49223     0.484810     0.114369
1999-04-29/14:33:40      161.870      65.3800      12.9700      114.000      2.63779     0.406737    0.0420579
1999-04-29/14:34:00      160.990      66.6200      12.8900      113.000      1.87336     0.390731    0.0300971
1999-04-29/14:34:20      160.390      68.0000      12.5600      111.000      2.04548     0.358368    0.0333292
1999-04-29/14:34:40      154.760      71.8800      12.1200      106.000      3.45951     0.275637    0.0580408
1999-04-29/14:37:21      163.430      75.5000      7.99000      71.0000      2.25162     0.325568    0.0371572
1999-04-29/14:37:41      164.190      76.5700      10.7100      74.0000      1.91034     0.275637    0.0320501
1999-04-29/14:38:01      163.090      77.8300      11.8700      74.0000      1.68722     0.275637    0.0283068
1999-04-29/14:38:21      162.270      79.4500      12.2700      69.0000      2.20291     0.358368    0.0358943
1999-04-29/14:38:40      160.940      80.0000      11.5200      68.0000      1.97620     0.374607    0.0319797
1999-04-29/14:39:00      159.520      80.8400      11.1000      68.0000      1.92688     0.374607    0.0311816
1999-04-29/14:39:20      159.560      81.7600      10.6900      69.0000      2.12442     0.358368    0.0346154
1999-04-29/14:39:40      159.760      82.5400      10.3100      73.0000      1.92121     0.292372    0.0320663
1999-04-29/14:39:59      159.800      83.5600      9.97000      71.0000      2.34566     0.325568    0.0387090
1999-04-29/14:40:19      158.620      84.5500      9.79000      68.0000      1.86614     0.374607    0.0301986
1999-04-29/14:40:39      156.410      85.5900      9.23000      69.0000      2.20291     0.358368    0.0358943
1999-04-29/14:40:59      152.380      86.5700      8.32000      68.0000      1.71930     0.374607    0.0278224
1999-04-29/14:41:18      152.440      87.3200      9.27000      67.0000      1.37735     0.390731    0.0221283
1999-04-29/14:41:38      139.610      88.0200      9.06000      81.0000      2.41921     0.156434    0.0417033
1999-04-29/14:42:18      41.7800      88.9800      7.75000      57.0000      1.99687     0.544639    0.0292293
1999-04-29/14:42:39      16.6000      88.1800      9.08000      67.0000      1.37735     0.390731    0.0221283
1999-04-29/14:42:59      7.73000      87.2400      9.41000      66.0000      1.39088     0.406737    0.0221767
1999-04-29/14:43:19      3.13000      86.2600      9.67000      67.0000      1.81141     0.390731    0.0291018
1999-04-29/14:43:39      277.260      85.1400      9.63000      61.0000      2.18262     0.484810    0.0333177
1999-04-29/14:43:58      357.010      84.1200      9.94000      69.0000      2.35372     0.358368    0.0383516
1999-04-29/14:44:18      355.040      83.1300      9.61000      81.0000      3.06517     0.156434    0.0528387
1999-04-29/14:44:38      354.040      81.9800      9.00000      55.0000      1.99801     0.573576    0.0285654
1999-04-29/14:44:58      353.160      80.9200      9.35000      77.0000      1.26700     0.224951    0.0215466
1999-04-29/14:45:19      352.700      79.9400      9.00000      81.0000      2.71465     0.156434    0.0467963
1999-04-29/14:45:39      351.990      78.8900      8.66000      59.0000      2.53734     0.515038    0.0379596
1999-04-29/14:45:59      351.030      77.8600      9.11000      63.0000      2.15172     0.453990    0.0334614
1999-04-29/14:46:19      350.440      76.8300      9.39000      62.0000      2.18261     0.469472    0.0336348
1999-04-29/14:46:38      349.920      75.7800      9.70000      64.0000      1.86319     0.438371    0.0292277
1999-04-29/14:46:58      349.580      74.6900      9.76000      69.0000      2.35372     0.358368    0.0383516
1999-04-29/14:47:18      349.070      73.5800      9.68000      63.0000      2.61791     0.453990    0.0407111
1999-04-29/14:47:38      348.800      72.5500      9.79000      63.0000      1.94197     0.453990    0.0301996
1999-04-29/14:47:59      348.520      71.4300      9.27000      62.0000      1.60073     0.469472    0.0246678
1999-04-29/14:48:19      348.250      70.4100      9.61000      58.0000      2.24472     0.529919    0.0332246
1999-04-29/14:48:39      348.220      69.3400      9.58000      67.0000      1.47353     0.390731    0.0236735
1999-04-29/14:48:59      348.170      68.3300      9.73000      62.0000      2.05042     0.469472    0.0315977
1999-04-29/14:49:18      348.390      67.3500      9.60000      61.0000      1.90737     0.484810    0.0291160
1999-04-29/14:49:38      348.580      66.3600      9.44000      61.0000      2.18262     0.484810    0.0333177
1999-04-29/14:49:58      348.760      65.3800      9.56000      63.0000      2.61791     0.453990    0.0407111
1999-04-29/14:50:18      348.790      64.4400      9.25000      68.0000      2.16209     0.374607    0.0349878
1999-04-29/14:50:59      348.590      62.5300      10.4700      70.0000      2.65359     0.342020    0.0435208
1999-04-29/14:51:19      348.430      61.5200      10.7000      68.0000      1.92688     0.374607    0.0311816
1999-04-29/14:51:39      348.280      60.4600      9.68000      70.0000      2.51082     0.342020    0.0411793
1999-04-29/14:55:18      346.600      48.5600      10.7400      87.0000      1.48983    0.0523359    0.0259668
1999-04-29/14:55:38      346.370      47.3800      11.4000      87.0000      1.48983    0.0523359    0.0259668
1999-04-29/14:55:59      346.180      46.1400      12.2100      80.0000      2.49419     0.173648    0.0428705
1999-04-29/14:56:19      345.780      44.9100      11.4700      80.0000      2.06573     0.173648    0.0355061
1999-04-29/14:56:59      345.170      43.2200      7.85000      83.0000      1.90998     0.121869    0.0330870
1999-04-29/14:57:18      345.250      42.4000      7.74000      81.0000      2.16766     0.156434    0.0373670
1999-04-29/14:57:38      345.620      41.3000      8.16000      88.0000      1.17281    0.0348994    0.0204569
1999-04-29/14:58:18      346.050      39.1200      8.44000      88.0000      1.30932    0.0348994    0.0228380
1999-04-29/14:59:39      346.200      34.3500      8.82000      83.0000      2.51410     0.121869    0.0435523
1999-04-29/14:59:58      346.260      33.3800      8.56000      78.0000      1.32042     0.207912    0.0225421
1999-04-29/15:00:18      346.390      32.3800      7.66000      88.0000      1.17281    0.0348994    0.0204569
1999-04-29/15:01:19      346.590      29.3900      8.36000      81.0000      2.54772     0.156434    0.0439187
1999-04-29/15:01:39      346.520      28.3500      7.78000      70.0000      2.57545     0.342020    0.0422393
1999-04-29/15:01:59      346.410      27.3800      7.99000      81.0000      2.41921     0.156434    0.0417033
1999-04-29/15:02:19      346.360      26.4600      7.55000      81.0000      2.16766     0.156434    0.0373670
1999-04-29/15:02:38      346.470      25.6100      8.05000      83.0000      2.27516     0.121869    0.0394130
1999-04-29/15:02:58      346.460      24.5800      8.36000      81.0000      2.54772     0.156434    0.0439187
1999-04-29/15:03:18      346.520      23.4700      8.50000      86.0000      2.01383    0.0697565    0.0350623
1999-04-29/15:03:59      346.390      21.2100      8.93000      80.0000      2.13412     0.173648    0.0366815
1999-04-29/15:04:19      346.420      20.0000      6.74000      78.0000      1.32042     0.207912    0.0225421
1999-04-29/15:04:39      346.440      18.7500      7.15000      86.0000      1.92974    0.0697565    0.0335983
1999-04-29/15:04:59      346.390      17.6200      7.43000      84.0000      1.64145     0.104528    0.0284918
1999-04-29/15:05:18      346.330      16.5100      7.87000      84.0000      1.52226     0.104528    0.0264229
1999-04-29/15:05:38      346.260      15.3800      7.93000      84.0000      1.38934     0.104528    0.0241157
1999-04-29/15:05:58      346.170      14.1800      8.18000      84.0000      1.90218     0.104528    0.0330174
1999-04-29/15:06:18      346.090      12.9300      8.05000      85.0000      1.77234    0.0871558    0.0308155
1999-04-29/15:06:39      345.950      11.6500      7.55000      83.0000      1.65132     0.121869    0.0286061
1999-04-29/15:06:59      345.930      10.5100      7.91000      85.0000      1.77234    0.0871558    0.0308155
1999-04-29/15:07:19      346.020      9.29000      8.49000      88.0000      1.24896    0.0348994    0.0217852
1999-04-29/15:07:39      346.000      8.13000      8.19000      83.0000      1.90998     0.121869    0.0330870
1999-04-29/15:07:58      345.970      7.04000      7.90000      81.0000      2.27456     0.156434    0.0392098
1999-04-29/15:08:18      345.910      5.91000      7.79000      80.0000      2.13412     0.173648    0.0366815
1999-04-29/15:08:38      345.700      4.91000      7.13000      76.0000      1.57584     0.241922    0.0266866
1999-04-29/15:08:58      345.610      3.94000      7.83000      78.0000      1.35630     0.207912    0.0231546
1999-04-29/15:09:19      345.650      2.89000      7.62000      75.0000      2.18875     0.258819    0.0368992
1999-04-29/15:09:39      345.520      1.64000      8.64000      69.0000      2.32336     0.358368    0.0378569
1999-04-29/15:09:59      345.400     0.500000      9.08000      66.0000      2.64073     0.406737    0.0421048
1999-04-29/15:10:19      345.690    -0.320000      9.18000      80.0000      2.42219     0.173648    0.0416329
1999-04-29/15:10:38      345.750     -1.29000      8.27000      86.0000      2.26419    0.0697565    0.0394213
1999-04-29/15:10:58      345.600     -2.94000      9.96000      83.0000      2.27516     0.121869    0.0394130
1999-04-29/15:11:18      345.830     -3.74000      9.33000      88.0000      1.47669    0.0348994    0.0257574
1999-04-29/15:11:38      345.840     -4.60000      9.06000      73.0000      1.92121     0.292372    0.0320663
1999-04-29/15:11:59      345.650     -5.34000      10.2700      35.0000      2.66846     0.819152    0.0267134
1999-04-29/15:12:19      345.370     -6.18000      8.68000      51.0000      3.90398     0.629320    0.0529526
1999-04-29/15:12:39      345.460     -7.38000      8.14000      75.0000      2.98416     0.258819    0.0503087
1999-04-29/15:12:59      345.590     -8.61000      8.99000      30.0000      2.63520     0.866025    0.0229965
1999-04-29/15:13:18      345.750     -9.72000      9.22000      45.0000      2.23258     0.707107    0.0275530
1999-04-29/15:13:58      345.370     -12.4000      8.85000      84.0000      3.36092     0.104528    0.0583378
1999-04-29/15:14:18      345.350     -13.7500      9.33000      66.0000      1.97323     0.406737    0.0314619
1999-04-29/15:14:39      345.310     -14.9100      10.3500      66.0000      1.58863     0.406737    0.0253297
1999-04-29/15:14:59      345.110     -16.0700      10.4700      57.0000      2.26089     0.544639    0.0330939
1999-04-29/15:15:19      345.060     -17.1600      10.7800      68.0000      2.01220     0.374607    0.0325623
1999-04-29/15:15:39      345.080     -18.2100      11.2900      76.0000      1.57584     0.241922    0.0266866
1999-04-29/15:15:58      345.130     -19.3400      11.2500      74.0000      2.03478     0.275637    0.0341379
1999-04-29/15:16:18      345.320     -20.4000      11.5900      72.0000      1.99452     0.309017    0.0331072
1999-04-29/15:16:38      345.370     -21.4700      11.5000      67.0000      1.33425     0.390731    0.0214358
1999-04-29/15:16:58      345.410     -22.4900      11.5400      75.0000      1.58372     0.258819    0.0266993
1999-04-29/15:17:19      345.430     -23.5000      11.3700      77.0000      1.26700     0.224951    0.0215466
1999-04-29/15:17:39      345.410     -24.5000      11.4700      77.0000      1.14495     0.224951    0.0194710
1999-04-29/15:17:59      345.310     -25.5000      10.9000      76.0000      1.26142     0.241922    0.0213620
1999-04-29/15:18:19      345.260     -26.4700      9.74000      72.0000      2.19297     0.309017    0.0364013
1999-04-29/15:18:38      345.300     -27.5100      8.84000      72.0000      2.80513     0.309017    0.0465625
1999-04-29/15:19:19      345.230     -29.7100      7.81000      60.0000      6.22112     0.500000    0.0940322
1999-04-29/15:19:39      345.430     -30.8000      9.41000      47.0000      3.07640     0.681998    0.0392688
1999-04-29/15:19:59      345.530     -31.9600      10.8300      75.0000      4.10868     0.258819    0.0692665
1999-04-29/15:20:19      345.490     -33.1500      11.0800      48.0000      3.18592     0.669131    0.0413224
1999-04-29/15:20:39      345.420     -34.3000      12.4200      50.0000      3.00037     0.642788    0.0401149
1999-04-29/15:20:59      345.450     -35.2900      13.1700      68.0000      2.09106     0.374607    0.0338384
1999-04-29/15:21:19      345.520     -36.3500      12.9200      74.0000      2.76988     0.275637    0.0464708
1999-04-29/15:21:39      345.460     -37.5900      13.0400      59.0000      2.75537     0.515038    0.0412214
1999-04-29/15:21:59      345.440     -38.7300      13.2600      73.0000      2.84991     0.292372    0.0475669
1999-04-29/15:23:19      344.980     -43.2500      12.1700      76.0000      1.65840     0.241922    0.0280848
1999-04-29/15:23:39      344.730     -44.3100      12.6800      73.0000      2.58370     0.292372    0.0431237
1999-04-29/15:24:39      344.550     -47.1000      10.3900      62.0000      3.16633     0.469472    0.0487942
1999-04-29/15:24:59      344.570     -48.2000      10.2300      53.0000      3.44405     0.601815    0.0480060
1999-04-29/15:25:19      344.460     -49.1600      9.61000      32.0000      2.20071     0.848048    0.0203540
1999-04-29/15:25:39      343.600     -50.7300      8.85000      55.0000      1.99801     0.573576    0.0285654
1999-04-29/15:25:59      343.660     -51.9600      8.69000      50.0000      4.25829     0.642788    0.0569333
1999-04-29/15:26:19      343.280     -53.4200      8.73000      58.0000      3.04718     0.529919    0.0451020
1999-04-29/15:27:00      343.820     -55.6100      4.35000      64.0000      4.13745     0.438371    0.0649038
1999-04-29/15:27:20      346.490     -57.2600      2.58000      71.0000      3.35424     0.325568    0.0553531
1999-04-29/15:27:40      344.980     -57.1700      4.37000      69.0000      2.45938     0.358368    0.0400733
1999-04-29/15:27:59      344.230     -57.9800      5.09000      72.0000      1.99452     0.309017    0.0331072
1999-04-29/15:28:19      343.330     -59.3700      6.49000      59.0000      2.97762     0.515038    0.0445464
1999-04-29/15:28:39      342.800     -60.8300      8.24000      53.0000      2.27823     0.601815    0.0317558
1999-04-29/15:28:59      343.160     -61.8900      9.74000      55.0000      1.77427     0.573576    0.0253666
1999-04-29/15:29:20      342.400     -63.3600      10.9900      62.0000      2.58715     0.469472    0.0398689
1999-04-29/15:29:40      339.390     -65.4400      13.4400      71.0000      2.42687     0.325568    0.0400492
1999-04-29/15:30:00      339.110     -66.8800      16.1200      84.0000      2.30219     0.104528    0.0399607
1999-04-29/15:30:20      340.460     -68.0200      18.3700      81.0000      2.54772     0.156434    0.0439187
1999-04-29/15:30:59      338.290     -70.9500      17.7800      71.0000      2.61726     0.325568    0.0431911
1999-04-29/15:31:19      335.910     -73.5000      16.9200      69.0000      2.73958     0.358368    0.0446389
1999-04-29/15:42:19      158.320     -83.2200      18.4000      116.000      2.25007     0.438371    0.0352967
1999-04-29/15:42:40      158.070     -81.6900      18.7000      116.000      2.25007     0.438371    0.0352967
1999-04-29/15:43:00      162.290     -78.8500      18.8700      116.000      2.15172     0.438371    0.0337538
1999-04-29/15:43:20      162.710     -77.0600      19.1100      109.000      2.41105     0.325568    0.0397881
1999-04-29/15:43:40      163.390     -75.5300      19.9000      102.000      1.31060     0.207912    0.0223744
1999-04-29/15:43:59      162.950     -74.8700      19.4200      116.000      2.35343     0.438371    0.0369181
1999-04-29/15:44:19      165.300     -72.4000      18.9900      117.000      3.16633     0.453991    0.0492396
1999-04-29/15:44:39      165.250     -71.3500      20.2600      123.000      2.53819     0.544639    0.0371529
1999-04-29/15:44:59      162.620     -71.7600      20.8400      102.000      1.65815     0.207912    0.0283078
1999-04-29/15:45:20      162.640     -70.4500      20.1600      114.000      1.85548     0.406737    0.0295845
1999-04-29/15:45:40      164.700     -68.2100      20.1900      123.000      3.32815     0.544639    0.0487160
1999-04-29/15:46:00      165.510     -66.6400      20.2200      114.000      2.74282     0.406737    0.0437326
1999-04-29/15:46:20      165.290     -65.9000      20.4600      106.000      2.58370     0.275637    0.0433472
1999-04-29/15:46:39      165.450     -64.3300      19.2000      114.000      1.67200     0.406737    0.0266590
1999-04-29/15:46:59      165.790     -62.8200      19.2400      111.000      2.43529     0.358368    0.0396807
1999-04-29/15:47:19      166.090     -61.4000      19.1600      110.000      2.39465     0.342020    0.0392740
1999-04-29/15:47:39      166.210     -60.2300      20.2100      138.000      6.51124     0.743145    0.0760417
1999-04-29/15:48:00      166.050     -59.4200      20.6500      131.000      2.86963     0.656059    0.0377993
1999-04-29/15:48:20      165.930     -58.3600      19.8500      143.000      3.51992     0.798636    0.0369720
1999-04-29/15:48:40      165.920     -57.2100      19.5000      113.000      1.82806     0.390731    0.0293693
1999-04-29/15:49:00      165.980     -56.1000      18.9200      116.000      2.75008     0.438371    0.0431403
1999-04-29/15:49:19      166.110     -54.7000      18.1400      119.000      3.00080     0.484810    0.0458072
1999-04-29/15:49:39      166.250     -53.3400      20.2700      93.0000      3.21233    0.0523359    0.0559889
1999-04-29/15:49:59      166.070     -52.4200      19.0500      152.000      5.66089     0.882948    0.0463843
1999-04-29/15:50:19      166.400     -51.0800      18.1000      139.000      6.46150     0.754710    0.0739867
1999-04-29/15:50:40      166.310     -49.8700      21.6500      150.000      12.3975     0.866026     0.108189
1999-04-29/15:51:00      166.110     -48.9100      20.9500      131.000      4.49430     0.656059    0.0591997
1999-04-29/15:51:20      165.900     -48.2100      21.2900      162.000      6.05716     0.951056    0.0326685
1999-04-29/15:51:59      166.030     -45.3600      18.6000      140.000      6.92331     0.766045    0.0776709
1999-04-29/15:52:19      166.160     -44.3400      20.9600      100.000      10.1256     0.173648     0.174040
1999-04-29/15:52:39      166.120     -43.2700      20.5500      168.000      20.2415     0.978148    0.0734512
1999-04-29/15:52:59      166.180     -42.2000      21.7000      164.000      45.0000     0.961262     0.216485
1999-04-29/15:53:40      166.270     -40.1100      20.9700      117.000      5.09721     0.453991    0.0792667
1999-04-29/15:54:00      166.320     -39.2100      18.7900      141.000      7.10027     0.777146    0.0779873
1999-04-29/15:54:20      166.400     -38.2500      15.7100      123.000      4.58978     0.544639    0.0671832
1999-04-29/15:54:39      166.260     -36.8000      11.5500      146.000      12.3374     0.829038     0.120410
1999-04-29/15:55:19      166.450     -34.1900      19.8000      153.000      7.98270     0.891007    0.0632519
1999-04-29/15:55:39      166.240     -33.6000      20.4400      159.000      8.97807     0.933580    0.0561551
1999-04-29/15:56:00      166.330     -32.2000      12.9800      158.000      42.4920     0.927184     0.277818
1999-04-29/15:56:20      166.370     -30.9000      17.7800      145.000      30.0488     0.819152     0.300812
1999-04-29/15:57:00      166.250     -28.6200      19.3400      144.000      30.4326     0.809017     0.312202
1999-04-29/15:57:19      166.420     -27.7600      23.8500      125.000      21.8278     0.573576     0.312070
1999-04-29/15:57:39      166.100     -27.0300      22.7100      150.000      35.6382     0.866026     0.311002
1999-04-29/15:58:19      165.670     -24.6300      19.3700      158.000      17.7407     0.927184     0.115991
1999-04-29/16:00:19      165.360     -18.0200      19.8600      155.000      16.5166     0.906308     0.121828
1999-04-29/16:00:39      165.420     -16.9300      18.6900      151.000      6.27775     0.874620    0.0531193
1999-04-29/16:00:59      165.460     -15.6200      18.5400      157.000      6.35738     0.920505    0.0433544
1999-04-29/16:01:20      165.580     -14.5100      23.6600      156.000      2.46443     0.913545    0.0174947
1999-04-29/16:01:40      165.590     -13.6000      22.4100      156.000      2.72316     0.913545    0.0193314
1999-04-29/16:02:20      165.580     -11.3600      18.7700      119.000      4.13137     0.484810    0.0630653
1999-04-29/16:02:39      165.500     -10.3500      19.1900      132.000      3.63051     0.669131    0.0470889
1999-04-29/16:02:59      165.390     -9.32000      18.7100      134.000      2.85975     0.694658    0.0359037
1999-04-29/16:03:19      165.410     -8.04000      18.2500      136.000      5.60432     0.719340    0.0679472
1999-04-29/16:03:39      165.510     -6.88000      21.2700      152.000      5.27969     0.882948    0.0432609
1999-04-29/16:04:00      165.470     -5.89000      21.4600      148.000      4.89593     0.848048    0.0452816
1999-04-29/16:04:20      165.500     -4.93000      18.0600      159.000      4.15925     0.933580    0.0260149
1999-04-29/16:05:00      165.130     -2.31000      16.8800      144.000      4.70679     0.809017    0.0482860
1999-04-29/16:05:39      165.410    -0.390000      17.7500      132.000      3.16030     0.669131    0.0409901
1999-04-29/16:06:40      164.950      3.23000      15.1100      158.000      20.0292     0.927184     0.130953
1999-04-29/16:07:00      165.060      4.33000      17.8300      137.000      3.99400     0.731354    0.0475410
1999-04-29/16:07:20      165.200      5.31000      19.5900      142.000      5.76805     0.788011    0.0619795
1999-04-29/16:07:40      165.220      6.34000      20.7800      155.000      2.88837     0.906308    0.0213049
1999-04-29/16:07:59      165.240      7.37000      20.6300      116.000      2.47717     0.438371    0.0388592
1999-04-29/16:08:19      165.230      8.46000      20.1400      138.000      3.05575     0.743145    0.0356867
1999-04-29/16:08:39      165.210      9.56000      19.8600      132.000      2.98051     0.669131    0.0386582
1999-04-29/16:08:59      165.210      10.6700      19.6300      119.000      2.80616     0.484810    0.0428360
1999-04-29/16:09:20      165.240      11.7900      19.5500      111.000      2.53204     0.358368    0.0412572
1999-04-29/16:09:40      165.200      12.8700      18.8800      103.000      2.32163     0.224951    0.0394816
1999-04-29/16:10:00      165.120      14.0000      18.5300      126.000      2.90571     0.587785    0.0410286
1999-04-29/16:10:20      165.110      15.1400      18.6000      113.000      1.92248     0.390731    0.0308863
1999-04-29/16:10:39      165.120      16.1900      18.7300      93.0000      3.27567    0.0523359    0.0570929
1999-04-29/16:11:19      165.090      18.4200      18.2400      108.000      3.59103     0.309017    0.0596077
1999-04-29/16:11:39      165.020      19.5600      18.9700      115.000      2.62014     0.422618    0.0414455
1999-04-29/16:12:00      164.970      20.7200      19.6800      107.000      2.72835     0.292372    0.0455380
1999-04-29/16:12:20      164.940      21.8200      19.8600      119.000      3.17715     0.484810    0.0484992
1999-04-29/16:12:40      164.890      23.0000      20.0500      108.000      2.94697     0.309017    0.0489170
1999-04-29/16:13:00      164.900      24.1700      20.4400      120.000      2.87450     0.500000    0.0434480
1999-04-29/16:13:19      165.020      25.3200      20.3800      121.000      3.13232     0.515038    0.0468607
1999-04-29/16:13:39      164.990      26.3300      19.8600      124.000      2.26797     0.559193    0.0328162
1999-04-29/16:13:59      164.890      27.3800      19.6400      130.000      3.52345     0.642788    0.0471085
1999-04-29/16:14:19      164.830      28.3100      18.9600      118.000      21.8068     0.469472     0.336050
1999-04-29/16:14:40      164.920      29.5500      18.5100      170.000      19.7469     0.984808    0.0598476
1999-04-29/16:15:00      165.540      30.6400      15.6600      115.000      2.90088     0.422618    0.0458863
1999-04-29/16:15:20      165.670      31.8500      17.5800      118.000      4.21409     0.469472    0.0649406
1999-04-29/16:15:40      165.890      32.9800      18.1100      112.000      2.03620     0.374607    0.0329506
1999-04-29/16:15:59      165.340      34.0400      15.7900      122.000      2.33138     0.529919    0.0345073
1999-04-29/16:16:19      164.620      34.9500      18.1500      122.000      2.81476     0.529919    0.0416619
1999-04-29/16:16:39      164.100      36.0500      18.0400      128.000      3.07219     0.615661    0.0422530
1999-04-29/16:16:59      162.960      36.9000      17.9500      117.000      2.45583     0.453991    0.0381906
1999-04-29/16:17:20      161.010      37.5200      19.7800      118.000      3.01293     0.469472    0.0464303
1999-04-29/16:17:40      161.360      38.5600      19.1700      119.000      3.00080     0.484810    0.0458072
1999-04-29/16:18:00      162.080      39.7900      18.7100      121.000      2.75133     0.515038    0.0411610
1999-04-29/16:18:20      161.730      40.8000      18.3700      120.000      3.05288     0.500000    0.0461443
1999-04-29/16:18:39      161.620      41.8800      19.2600      109.000      2.93767     0.325568    0.0484786
1999-04-29/16:18:59      160.300      43.2700      21.5800      111.000      2.53204     0.358368    0.0412572
1999-04-29/16:19:19      159.080      44.6100      19.7400      91.0000      1.41036    0.0174525    0.0246117
1999-04-29/16:19:39      163.650      44.0000      13.7600      111.000      2.47319     0.358368    0.0402983
1999-04-29/16:20:00      164.280      45.6500      13.8500      120.000      3.05288     0.500000    0.0461443
1999-04-29/16:20:20      163.750      47.3000      13.3500      107.000      3.00550     0.292372    0.0501638
1999-04-29/16:20:40      163.220      48.7800      15.1500      122.000      2.14938     0.529919    0.0318135
1999-04-29/16:21:00      163.570      50.3800      13.9500      121.000      2.30422     0.515038    0.0344720
1999-04-29/16:21:19      163.240      50.9500      11.0600      105.000      5.12132     0.258819    0.0863382
1999-04-29/16:21:39      163.870      52.2600      9.31000      120.000      2.92475     0.500000    0.0442076
1999-04-29/16:22:19      164.030      54.3600      11.6800      116.000      2.93375     0.438371    0.0460215
1999-04-29/16:22:40      163.500      55.5100      10.8000      113.000      1.92248     0.390731    0.0308863
1999-04-29/16:23:40      164.860      59.7000      12.6400      124.000      1.43726     0.559193    0.0207963
1999-04-29/16:23:59      164.670      60.0900      10.7500      119.000      2.64246     0.484810    0.0403371
1999-04-29/16:37:19      334.730      86.4300      14.2800      68.0000      2.25057     0.374607    0.0364197
1999-04-29/16:37:39      342.590      82.4100      14.6400      74.0000      1.78862     0.275637    0.0300080
1999-04-29/16:37:59      344.510      80.9800      14.6100      70.0000      2.41105     0.342020    0.0395430
1999-04-29/16:38:19      342.460      80.9500      15.1300      67.0000      1.33425     0.390731    0.0214358
1999-04-29/16:38:38      338.360      80.2100      15.3300      73.0000      2.18013     0.292372    0.0363878
1999-04-29/16:38:58      338.160      78.3700      15.4400      77.0000      1.31060     0.224951    0.0222880
1999-04-29/16:39:18      336.210      77.2400      15.4700      84.0000      2.03249     0.104528    0.0352793
1999-04-29/16:39:38      336.760      75.6100      15.6300      82.0000      2.30754     0.139173    0.0398822
1999-04-29/16:39:59      338.400      74.0800      15.7600      87.0000      1.43717    0.0523359    0.0250490
1999-04-29/16:40:19      338.230      72.9900      15.7900      81.0000      2.16766     0.156434    0.0373670
1999-04-29/16:40:39      338.810      71.7900      15.7400      82.0000      2.86343     0.139173    0.0494899
1999-04-29/16:40:59      340.250      70.1600      15.7200      77.0000      1.92393     0.224951    0.0327183
1999-04-29/16:41:38      339.300      68.8700      15.0300      70.0000      2.51082     0.342020    0.0411793
1999-04-29/16:41:58      341.720      66.8800      14.6600      70.0000      2.25531     0.342020    0.0369887
1999-04-29/16:42:18      342.620      65.1900      14.5300      78.0000      1.71735     0.207912    0.0293184
1999-04-29/16:42:39      343.090      63.4300      14.1800      83.0000      2.27516     0.121869    0.0394130
1999-04-29/16:43:19      342.400      61.3700      13.7900      89.0000      1.27008    0.0174524    0.0221637
1999-04-29/16:43:39      342.300      59.8800      13.9400      86.0000      2.60843    0.0697565    0.0454148
1999-04-29/16:44:38      342.940      56.0800      13.2700      84.0000      1.77089     0.104528    0.0307385
1999-04-29/16:44:58      342.530      55.2800      13.0600      79.0000      1.79598     0.190809    0.0307699
1999-04-29/16:45:19      342.170      54.3300      12.8600      77.0000      1.43056     0.224951    0.0243281
1999-04-29/16:45:39      341.920      53.3600      13.0300      79.0000      2.01648     0.190809    0.0345476
1999-04-29/16:45:59      342.430      52.3400      13.1400      77.0000      1.36590     0.224951    0.0232284
1999-04-29/16:46:19      342.610      51.1500      13.4200      79.0000      2.01648     0.190809    0.0345476
1999-04-29/16:46:38      343.100      50.1200      13.3800      85.0000      1.95361    0.0871558    0.0339672
1999-04-29/16:46:58      343.800      48.8200      13.1300      84.0000      2.16665     0.104528    0.0376080
1999-04-29/16:47:18      344.420      47.5800      13.1600      81.0000      2.41921     0.156434    0.0417033
1999-04-29/16:47:38      344.830      46.4200      12.9400      81.0000      2.16766     0.156434    0.0373670
1999-04-29/16:47:59      345.070      45.3000      12.8600      86.0000      1.69898    0.0697565    0.0295806
1999-04-29/16:48:19      345.080      44.1500      13.4900      86.0000      1.79121    0.0697565    0.0311864
1999-04-29/16:48:39      344.940      43.1800      14.0800      88.0000      1.17281    0.0348994    0.0204569
1999-04-29/16:48:59      344.730      42.0800      14.5400      87.0000      1.48983    0.0523359    0.0259668
1999-04-29/16:49:18      344.750      40.9600      14.7100      89.0000      1.15647    0.0174524    0.0201811
1999-04-29/17:33:39      153.400     -81.2800      15.9800      112.000      4.32754     0.374607    0.0700300
1999-04-29/17:33:59      157.310     -79.1000      16.2200      112.000      1.61897     0.374607    0.0261988
1999-04-29/17:34:19      159.380     -77.2600      16.4100      111.000      3.50869     0.358368    0.0571708
1999-04-29/17:34:40      161.740     -75.3300      16.8600      94.0000      2.79926    0.0697566    0.0487373
1999-04-29/17:35:00      162.360     -74.2700      17.3600      129.000      6.60271     0.629321    0.0895575
1999-04-29/17:35:20      162.690     -73.2500      16.4000      158.000      9.40012     0.927184    0.0614591
1999-04-29/17:35:40      163.970     -71.5400      16.6500      126.000      3.62091     0.587785    0.0511273
1999-04-29/17:35:59      163.260     -70.8600      17.3100      95.0000      3.40869    0.0871559    0.0592665
1999-04-29/17:36:19      161.960     -70.3000      17.3000      114.000      3.09401     0.406737    0.0493321
1999-04-29/17:36:39      163.160     -68.5900      16.5900      132.000      6.32968     0.669131    0.0820980
1999-04-29/17:36:59      163.830     -67.1800      16.3900      140.000      5.23821     0.766045    0.0587662
1999-04-29/17:37:20      164.260     -65.8100      16.8600      114.000      2.63779     0.406737    0.0420579
1999-04-29/17:37:40      163.660     -65.2800      16.1800      106.000      6.30314     0.275637     0.105749
1999-04-29/17:38:00      164.270     -63.6800      15.5700      121.000      3.31091     0.515038    0.0495325
1999-04-29/17:38:20      164.620     -62.2200      15.4200      114.000      2.37061     0.406737    0.0377979
1999-04-29/17:38:39      164.940     -60.7800      15.3600      119.000      6.47383     0.484810    0.0988230
1999-04-29/17:38:59      164.880     -59.6700      16.9800      98.0000      3.65394     0.139173    0.0631526
1999-04-29/17:39:19      164.570     -58.9700      16.8100      123.000      3.47125     0.544639    0.0508106
1999-04-29/17:39:39      164.680     -57.9700      16.1400      147.000      4.32540     0.838671    0.0411161
1999-04-29/17:40:00      164.720     -56.9600      15.4100      131.000      2.94219     0.656059    0.0387550
1999-04-29/17:40:20      164.780     -55.6400      14.3900      129.000      5.15548     0.629321    0.0699277
1999-04-29/17:40:40      165.280     -54.0200      13.8000      114.000      20.2240     0.406737     0.322459
1999-04-29/17:41:00      165.200     -52.7200      15.4500      93.0000      2.97130    0.0523359    0.0517879
1999-04-29/17:41:19      164.740     -51.9900      15.8000      154.000      15.7283     0.898794     0.120338
1999-04-29/17:41:39      165.130     -50.7100      13.5400      152.000      38.7864     0.882948     0.317809
1999-04-29/17:42:19      164.950     -48.6400      15.6900      91.0000      10.4278    0.0174525     0.181972
1999-04-29/17:42:40      163.670     -48.1200      15.8300      103.000      4.49561     0.224951    0.0764522
1999-04-29/17:43:00      164.520     -45.8800      15.5700      99.0000      24.3528     0.156434     0.419804
1999-04-29/17:43:20      164.730     -45.0100      16.1100      143.000      11.7554     0.798636     0.123475
1999-04-29/17:43:40      164.930     -43.8700      17.0500      105.000      5.12132     0.258819    0.0863382
1999-04-29/17:43:59      165.060     -42.8700      17.0300      95.0000      26.2134    0.0871559     0.455769
1999-04-29/17:44:19      165.100     -41.9000      16.2700      117.000      6.12295     0.453991    0.0952180
1999-04-29/17:44:39      165.090     -40.7900      17.0400      96.0000      3.79632     0.104529    0.0658953
1999-04-29/17:44:59      165.010     -40.1800      17.1900      154.000      13.6772     0.898794     0.104645
1999-04-29/17:45:20      164.790     -40.0900      15.3200      168.000      21.7905     0.978148    0.0790721
1999-04-29/17:46:20      164.520     -35.5600      12.8400      170.000      45.0000     0.984808     0.136383
1999-04-29/17:46:39      165.250     -34.2800      11.9500      171.000      19.4505     0.987688    0.0531056
1999-04-29/17:46:59      164.460     -33.9500      13.1400      146.000      8.76124     0.829038    0.0855076
1999-04-29/17:47:19      163.780     -32.5500      9.05000      169.000      17.6129     0.981627    0.0586552
1999-04-29/17:47:39      164.910     -30.6600      13.3300      161.000      45.0000     0.945519     0.255701
1999-04-29/17:48:20      165.120     -28.3900      17.2800      152.000      38.7864     0.882948     0.317809
1999-04-29/17:48:40      165.100     -27.4700      16.1800      135.000      20.6726     0.707107     0.255128
1999-04-29/17:49:00      164.880     -26.6300      16.5200      147.000      30.4102     0.838671     0.289071
1999-04-29/17:49:19      164.560     -25.4400      14.6700      149.000      16.1128     0.857167     0.144840
1999-04-29/17:49:39      164.650     -24.2700      14.0200      156.000      39.3380     0.913545     0.279256
1999-04-29/17:50:19      164.490     -21.7800      14.8600      167.000      6.69541     0.974370    0.0262871
1999-04-29/17:50:40      164.610     -20.6200      20.9700      170.000      15.0855     0.984808    0.0457201
1999-04-29/17:51:00      164.740     -19.6400      21.6500      152.000      38.7864     0.882948     0.317809
1999-04-29/17:51:40      164.730     -17.5100      16.6100      144.000      12.5361     0.809017     0.128605
1999-04-29/17:51:59      164.680     -16.4200      16.1200      116.000      8.96136     0.438371     0.140576
1999-04-29/17:52:19      164.810     -15.1700      16.5100      115.000      5.07437     0.422618    0.0802667
1999-04-29/17:53:20      164.620     -11.9900      14.7900      133.000      26.9050     0.681998     0.343430
1999-04-29/17:53:40      164.610     -10.8700      15.9600      145.000      2.28567     0.819152    0.0228814
1999-04-29/17:54:00      164.580     -9.89000      16.6500      150.000      4.06385     0.866026    0.0354638
1999-04-29/17:54:20      164.460     -9.01000      12.8700      139.000      6.24757     0.754710    0.0715371
1999-04-29/17:54:59      164.410     -6.42000      15.5300      134.000      2.32540     0.694658    0.0291950
1999-04-29/17:55:19      164.270     -5.57000      16.4000      140.000      5.62951     0.766045    0.0631561
1999-04-29/17:55:39      163.860     -4.44000      15.6500      138.000      8.92662     0.743145     0.104250
1999-04-29/17:56:00      164.080     -3.14000      16.6100      145.000      5.23356     0.819152    0.0523921
1999-04-29/17:56:20      164.130     -2.12000      15.5100      125.000      2.41496     0.573576    0.0345264
1999-04-29/17:56:40      164.220    -0.900000      15.1100      109.000      25.5614     0.325568     0.421825
1999-04-29/17:57:00      164.140     0.100000      16.3600      125.000      2.12168     0.573576    0.0303334
1999-04-29/17:57:19      163.920      1.14000      16.7200      145.000      6.42348     0.819152    0.0643042
1999-04-29/17:57:39      164.020      2.39000      16.9100      120.000      4.89963     0.500000    0.0740579
1999-04-29/17:57:59      164.180      3.49000      17.7000      120.000      7.06002     0.500000     0.106712
1999-04-29/17:58:19      164.230      4.57000      17.5400      115.000      4.36896     0.422618    0.0691084
1999-04-29/17:58:40      164.300      5.67000      16.7100      115.000      4.24559     0.422618    0.0671570
1999-04-29/17:59:20      164.330      7.83000      15.9600      94.0000      3.67169    0.0697566    0.0639270
1999-04-29/17:59:40      164.310      8.90000      16.2800      113.000      2.64073     0.390731    0.0424255
1999-04-29/18:00:19      164.260      11.0600      14.7800      129.000      3.29006     0.629321    0.0446256
1999-04-29/18:00:39      164.210      12.1800      14.6600      112.000      3.38726     0.374607    0.0548140
1999-04-29/18:00:59      164.160      13.2800      14.9600      130.000      5.28399     0.642788    0.0706469
1999-04-29/18:01:20      164.120      14.4000      14.7900      121.000      5.49953     0.515038    0.0822751
1999-04-29/18:01:40      164.120      15.5000      14.6200      91.0000      2.01692    0.0174525    0.0351965
1999-04-29/18:02:20      164.060      17.7200      14.0400      116.000      6.70074     0.438371     0.105114
1999-04-29/18:02:39      164.020      18.8300      14.7000      111.000      2.32941     0.358368    0.0379555
1999-04-29/18:02:59      164.010      19.8900      15.1500      117.000      2.70413     0.453991    0.0420519
1999-04-29/18:03:19      163.980      20.9700      15.3400      111.000      2.59786     0.358368    0.0423297
1999-04-29/18:03:39      163.920      22.0500      15.3000      112.000      2.15767     0.374607    0.0349163
1999-04-29/18:04:00      163.860      23.2300      15.2100      106.000      3.07495     0.275637    0.0515890
1999-04-29/18:04:20      163.860      24.3700      15.5800      126.000      5.55124     0.587785    0.0783836
1999-04-29/18:04:40      163.850      25.4500      15.4100      97.0000      3.27901     0.121869    0.0568029
1999-04-29/18:05:00      163.810      26.5600      15.2700      109.000      4.13709     0.325568    0.0682720
1999-04-29/18:05:19      163.740      27.6200      15.1900      107.000      3.22839     0.292372    0.0538840
1999-04-29/18:05:39      163.700      28.7300      15.2100      97.0000      2.99788     0.121869    0.0519329
1999-04-29/18:05:59      163.670      29.8600      15.1200      108.000      2.94697     0.309017    0.0489170
1999-04-29/18:06:19      163.650      31.0200      15.1200      112.000      1.90709     0.374607    0.0308613
1999-04-29/18:06:40      163.630      32.1700      14.9600      104.000      3.37305     0.241922    0.0571221
1999-04-29/18:07:00      163.560      33.2800      14.7600      103.000      1.98394     0.224951    0.0337388
1999-04-29/18:07:20      163.510      34.4000      14.8100      108.000      2.61726     0.309017    0.0434441
1999-04-29/18:07:40      163.460      35.4900      15.0100      114.000      2.26885     0.406737    0.0361754
1999-04-29/18:07:59      163.400      36.5200      15.1300      113.000      1.64092     0.390731    0.0263628
1999-04-29/18:08:19      163.340      37.6000      14.8900      111.000      2.04548     0.358368    0.0333292
1999-04-29/19:23:19      156.310     -83.6400      14.5100      116.000      8.72278     0.438371     0.136834
1999-04-29/19:23:39      158.140     -82.4100      15.4300      99.0000      4.24290     0.156434    0.0731409
1999-04-29/19:23:59      156.870     -81.7700      15.4300      98.0000      2.95756     0.139173    0.0511168
1999-04-29/19:24:19      156.490     -80.9900      15.2600      112.000      2.09250     0.374607    0.0338617
1999-04-29/19:24:39      158.360     -79.5600      14.4500      113.000      3.49606     0.390731    0.0561671
1999-04-29/19:24:59      160.690     -77.7200      14.4200      121.000      5.01394     0.515038    0.0750105
1999-04-29/19:25:39      162.220     -74.8400      15.1500      105.000      5.12132     0.258819    0.0863382
1999-04-29/19:25:59      163.020     -73.6000      15.7800      129.000      9.93390     0.629321     0.134741
1999-04-29/19:26:19      162.920     -72.7900      15.5500      158.000      21.2460     0.927184     0.138909
1999-04-29/19:26:39      163.320     -71.5400      14.7200      124.000      7.07276     0.559193     0.102339
1999-04-29/19:26:59      163.470     -70.3200      15.3000      110.000      2.39465     0.342020    0.0392740
1999-04-29/19:27:19      163.100     -69.2200      16.0600      102.000      19.1297     0.207912     0.326580
1999-04-29/19:27:39      162.900     -68.2000      15.8500      116.000      21.9194     0.438371     0.343848
1999-04-29/19:27:59      163.360     -66.9300      15.3500      114.000      20.2240     0.406737     0.322459
1999-04-29/19:28:19      163.680     -65.7000      15.2400      114.000      7.61136     0.406737     0.121358
1999-04-29/19:28:39      163.560     -64.7100      15.7900      111.000      2.76042     0.358368    0.0449784
1999-04-29/19:28:59      163.280     -63.6700      14.9900      116.000      4.03187     0.438371    0.0632476
1999-04-29/19:29:20      163.540     -62.3600      14.8700      123.000      23.1802     0.544639     0.339302
1999-04-29/19:29:40      163.800     -61.1100      14.6800      116.000      6.26546     0.438371    0.0982857
1999-04-29/19:30:00      164.070     -59.7200      15.1100      104.000      9.27943     0.241922     0.157146
1999-04-29/19:30:20      163.940     -58.7000      17.4100      121.000      5.01394     0.515038    0.0750105
1999-04-29/19:30:39      163.840     -57.8300      16.7500      148.000      32.7620     0.848048     0.303010
1999-04-29/19:30:59      163.800     -56.8400      15.6800      125.000      6.10809     0.573576    0.0873268
1999-04-29/19:31:19      163.720     -55.7300      14.8400      119.000      9.59639     0.484810     0.146489
1999-04-29/19:31:39      163.910     -54.5800      14.6900      121.000      6.18368     0.515038    0.0925103
1999-04-29/19:32:00      164.240     -53.3400      12.4400      142.000      7.17296     0.788011    0.0770757
1999-04-29/19:32:20      164.240     -51.7900      15.2600      173.000      17.8435     0.992546    0.0379535
1999-04-29/19:32:40      163.780     -51.0200      17.1800      171.000      15.6009     0.987688    0.0425951
1999-04-29/19:33:00      163.850     -49.8800      15.4800      174.000      31.4156     0.994522    0.0573134
1999-04-29/19:33:19      163.630     -48.9800      15.6600      171.000      19.4505     0.987688    0.0531056
1999-04-29/19:33:39      163.690     -47.7300      16.3900      104.000      8.54881     0.241922     0.144773
1999-04-29/19:33:59      163.440     -46.5300      16.4600      150.000      11.6818     0.866026     0.101943
1999-04-29/19:34:19      163.860     -45.2700      17.7900      171.000      18.7602     0.987688    0.0512209
1999-04-29/19:34:40      163.880     -44.2900      18.0600      147.000      10.8708     0.838671     0.103335
1999-04-29/19:35:00      164.010     -43.2600      18.1400      148.000      32.7620     0.848048     0.303010
1999-04-29/19:35:20      164.120     -42.3900      16.2000      137.000      8.45725     0.731354     0.100668
1999-04-29/19:35:59      164.060     -40.1800      16.6500      121.000      19.9174     0.515038     0.297973
1999-04-29/19:36:19      163.770     -39.8600      14.7800      156.000      12.7405     0.913545    0.0904435
1999-04-29/19:37:20      163.570     -35.2500      20.5300      158.000      13.9148     0.927184    0.0909766
1999-04-29/19:37:40      162.400     -35.8900      14.2100      173.000      18.4895     0.992546    0.0393275
1999-04-29/19:38:00      163.140     -33.5400      13.1600      169.000      12.4516     0.981627    0.0414668
1999-04-29/19:38:20      163.230     -32.6400      14.6600      150.000      35.6382     0.866026     0.311002
1999-04-29/19:38:59      163.940     -30.0300      14.2500      110.000      26.6230     0.342020     0.436637
1999-04-29/19:39:19      164.080     -28.9000      14.8800      161.000      45.0000     0.945519     0.255701
1999-04-29/19:39:39      164.050     -27.9600      15.2300      154.000      15.5230     0.898794     0.118767
1999-04-29/19:40:00      163.760     -26.9000      14.4600      170.000      17.0160     0.984808    0.0515710
1999-04-29/19:40:20      163.610     -25.7800      16.4000      140.000      9.54078     0.766045     0.107036
1999-04-29/19:40:40      163.690     -24.7600      15.4800      145.000      12.4588     0.819152     0.124723
1999-04-29/19:41:00      163.540     -23.5400      12.8300      169.000      16.4775     0.981627    0.0548741
1999-04-29/19:41:19      163.680     -22.2300      14.5300      130.000      25.7972     0.642788     0.344909
1999-04-29/19:41:39      163.880     -21.1100      16.7000      92.0000      8.36462    0.0348995     0.145901
1999-04-29/19:41:59      163.830     -20.1600      18.2000      132.000      24.7334     0.669131     0.320800
1999-04-29/19:42:19      163.700     -19.3000      17.4400      149.000      31.4226     0.857167     0.282461
1999-04-29/19:42:40      163.650     -18.2400      14.3900      169.000      9.03534     0.981627    0.0300899
1999-04-29/19:43:00      163.680     -17.0100      12.9700      169.000      28.0233     0.981627    0.0933244
1999-04-29/19:43:40      163.770     -14.6300      14.8100      156.000      39.3380     0.913545     0.279256
1999-04-29/19:43:59      163.550     -13.6900      16.7300      139.000      6.00063     0.754710    0.0687095
1999-04-29/19:44:19      163.320     -12.6100      16.0000      132.000      12.3685     0.669131     0.160423
1999-04-29/19:44:39      163.270     -11.4800      15.6800      146.000      5.40736     0.829038    0.0527745
1999-04-29/19:44:59      163.290     -10.3700      16.2100      144.000      5.79441     0.809017    0.0594436
1999-04-29/19:45:20      163.100     -9.33000      17.2500      124.000      6.29588     0.559193    0.0910978
1999-04-29/19:45:40      162.550     -8.14000      17.8200      146.000      4.03107     0.829038    0.0393423
1999-04-29/19:46:00      163.130     -6.84000      20.4500      138.000      5.10678     0.743145    0.0596397
1999-04-29/19:46:20      163.220     -5.95000      20.1200      151.000      5.30607     0.874620    0.0448974
1999-04-29/19:46:39      163.130     -4.90000      18.6400      145.000      30.0488     0.819152     0.300812
1999-04-29/19:46:59      163.050     -3.83000      19.2100      171.000      20.5241     0.987688    0.0560369
1999-04-29/19:47:19      162.900     -2.81000      16.8600      118.000      21.8068     0.469472     0.336050
1999-04-29/19:47:39      162.860     -1.59000      15.6700      148.000      6.63263     0.848048    0.0613441
1999-04-29/19:48:00      163.030    -0.290000      17.0700      152.000      38.7864     0.882948     0.317809
1999-04-29/19:48:20      163.210     0.670000      19.6000      172.000      45.0000     0.990268     0.109306
1999-04-29/19:48:40      163.260      1.73000      17.1900      127.000      7.59353     0.601815     0.105845
1999-04-29/19:49:00      163.250      3.00000      16.0800      129.000      25.6400     0.629321     0.347775
1999-04-29/19:49:19      163.240      4.08000      17.3600      134.000      4.40170     0.694658    0.0552627
1999-04-29/19:49:39      163.200      5.09000      17.6000      143.000      10.0955     0.798636     0.106040
1999-04-29/19:50:40      163.100      8.47000      16.4500      108.000      18.8223     0.309017     0.312433
1999-04-29/19:51:00      163.100      9.47000      16.9900      106.000      6.08789     0.275637     0.102138
1999-04-29/19:51:59      162.940      12.7500      16.0900      104.000      7.22898     0.241922     0.122422
1999-04-29/19:52:19      162.930      13.8000      16.2600      122.000      2.74913     0.529919    0.0406905
1999-04-29/21:16:19      153.680     -79.0100      17.0600      111.000      2.47319     0.358368    0.0402983
1999-04-29/21:16:39      157.700     -76.6800      17.4100      100.000      3.77737     0.173648    0.0649260
1999-04-29/21:17:19      160.010     -74.3400      18.4100      150.000      35.6382     0.866026     0.311002
1999-04-29/21:17:59      160.210     -72.2100      17.1700      97.0000      18.5254     0.121869     0.320920
1999-04-29/21:18:19      160.960     -70.5200      17.9100      104.000      3.45956     0.241922    0.0585871
1999-04-29/21:18:39      161.050     -69.3800      18.6700      109.000      3.18880     0.325568    0.0526229
1999-04-29/21:18:59      160.740     -68.5500      18.0900      112.000      8.70486     0.374607     0.140866
1999-04-29/21:19:19      160.990     -67.3800      17.4500      115.000      10.0254     0.422618     0.158582
1999-04-29/21:19:39      161.360     -66.0500      17.3900      136.000      24.0070     0.719340     0.291063
1999-04-29/21:19:59      160.970     -65.1000      17.8000      101.000      25.3882     0.190809     0.434967
1999-04-29/21:20:19      161.320     -63.8100      17.5500      155.000      41.2354     0.906308     0.304156
1999-04-29/21:20:39      161.790     -62.6200      17.0000      110.000      4.96258     0.342020    0.0813899
1999-04-29/21:20:59      162.230     -61.2400      16.0900      119.000      23.7264     0.484810     0.362183
1999-04-29/21:21:39      162.800     -58.6700      19.4600      137.000      2.65205     0.731354    0.0315677
1999-04-29/21:21:59      162.490     -57.9300      18.4900      134.000      2.32540     0.694658    0.0291950
1999-04-29/21:22:19      162.290     -57.0200      17.3700      125.000      4.97892     0.573576    0.0711831
1999-04-29/21:22:39      162.470     -55.7700      17.4900      145.000      3.67505     0.819152    0.0367902
1999-04-29/21:22:59      161.630     -55.5600      16.8000      128.000      8.87976     0.615661     0.122127
1999-04-29/21:23:19      161.150     -54.1800      12.3400      98.0000      26.9132     0.139173     0.465153
1999-04-29/21:23:39      162.980     -51.5400      16.8600      146.000      28.3908     0.829038     0.277087
1999-04-29/21:23:59      162.590     -50.8200      18.5100      133.000      26.9050     0.681998     0.343430
1999-04-29/21:24:39      162.360     -48.8100      19.2900      160.000      42.0716     0.939693     0.251141
1999-04-29/21:24:59      162.450     -47.2900      17.8900      143.000      8.14791     0.798636    0.0855828
1999-04-29/21:25:19      162.480     -46.1400      19.3200      139.000      7.50324     0.754710    0.0859150
1999-04-29/21:25:39      162.760     -45.0200      20.8100      149.000      14.5259     0.857167     0.130575
1999-04-29/21:25:59      162.680     -44.0700      20.2000      120.000      7.06002     0.500000     0.106712
1999-04-29/21:26:19      162.600     -43.5000      19.8600      140.000      7.25249     0.766045    0.0813639
1999-04-29/21:26:39      161.960     -43.2000      17.4700      150.000      12.5558     0.866026     0.109570
1999-04-29/21:26:59      162.270     -41.3000      15.4900      170.000      45.0000     0.984808     0.136383
1999-04-29/21:27:19      161.840     -40.6400      19.0800      93.0000     0.544964    0.0523359   0.00949838
1999-04-29/21:27:59      165.520     -35.9700      19.2000      12.0000      45.0000     0.978148     0.163293
1999-04-29/21:28:19      162.060     -35.2800      26.5700      167.000      22.8710     0.974370    0.0897946
1999-04-29/21:28:39      162.190     -35.4400      29.1400      148.000      32.7620     0.848048     0.303010
1999-04-29/21:28:59      159.720     -34.9800      21.2000      128.000      24.7730     0.615661     0.340713
1999-04-29/21:29:19      162.090     -33.2100      23.3500      160.000      12.5783     0.939693    0.0750846
1999-04-29/21:29:39      161.570     -33.0300      18.8800      153.000      32.8278     0.891007     0.260115
1999-04-29/21:29:59      162.270     -31.3200      14.1700      132.000      24.7334     0.669131     0.320800
1999-04-29/21:30:59      162.520     -27.6700      16.6500      105.000      9.12153     0.258819     0.153776
1999-04-29/21:31:19      162.450     -26.5000      19.2400      142.000      29.0452     0.788011     0.312100
1999-04-29/21:31:39      162.400     -25.6500      19.4800      134.000      20.5334     0.694658     0.257794
1999-04-29/21:31:59      162.020     -24.7200      16.8100      109.000      25.5614     0.325568     0.421825
1999-04-29/21:32:19      162.080     -23.4300      15.0300      174.000      45.0000     0.994522    0.0820963
1999-04-29/21:32:39      162.310     -22.0900      14.4100      152.000      16.2763     0.882948     0.133365
1999-04-29/21:32:59      162.610     -20.8100      15.5800      114.000      20.2240     0.406737     0.322459
1999-04-29/21:33:19      162.600     -19.8400      18.2100      164.000      6.00302     0.961262    0.0288792
1999-04-29/21:33:39      162.300     -19.1300      16.1100      158.000      8.55859     0.927184    0.0559571
1999-04-29/21:33:59      161.970     -17.8600      14.1200      170.000      13.1853     0.984808    0.0399611
1999-04-29/21:34:19      162.170     -16.7800      15.3200      149.000      31.4226     0.857167     0.282461
1999-04-29/21:35:19      162.530     -13.2100      15.3900      93.0000      10.0977    0.0523359     0.175997
1999-04-29/21:35:39      162.500     -12.1000      16.6800      145.000      8.08267     0.819152    0.0809140
1999-04-29/21:35:59      162.420     -11.0400      17.5800      123.000      23.1802     0.544639     0.339302
1999-04-29/21:36:19      162.390     -9.95000      17.4700      114.000      4.72533     0.406737    0.0753424
1999-04-29/21:36:39      162.390     -8.80000      18.4000      100.000      21.1866     0.173648     0.364158
1999-04-29/21:36:59      162.390     -7.68000      18.3500      161.000      20.6786     0.945519     0.117501
1999-04-29/21:37:20      162.480     -6.47000      19.5500      166.000      13.5746     0.970296    0.0573165
1999-04-29/21:37:40      162.410     -5.53000      21.0500      172.000      12.6684     0.990268    0.0307719
1999-04-29/21:38:00      162.370     -4.34000      20.7900      172.000      10.8991     0.990268    0.0264742
1999-04-29/21:38:20      162.260     -3.29000      22.9500      147.000      30.4102     0.838671     0.289071
1999-04-29/21:38:39      162.150     -2.37000      23.2000      171.000      30.3554     0.987688    0.0828792
1999-04-29/21:38:59      162.080     -1.26000      18.1500      95.0000      26.2134    0.0871559     0.455769
1999-04-29/21:39:19      162.230   -0.0600000      16.9600      125.000      6.20593     0.573576    0.0887256
1999-04-29/21:39:39      162.120     0.870000      14.7300      115.000      11.1962     0.422618     0.177102
1999-04-29/21:40:00      161.760      2.25000      13.7900      167.000      20.6663     0.974370    0.0811387
1999-04-29/21:40:20      161.980      3.39000      16.2800      163.000      23.8498     0.956305     0.121702
1999-04-29/21:40:40      162.150      4.40000      16.0900      134.000      20.5334     0.694658     0.257794
1999-04-29/21:41:00      162.170      5.45000      16.0200      124.000      17.6815     0.559193     0.255841
1999-04-29/21:41:19      162.090      6.49000      15.1700      113.000      17.3017     0.390731     0.277966
1999-04-29/21:41:39      162.000      7.69000      14.7600      114.000      20.2240     0.406737     0.322459
1999-04-29/21:41:59      162.070      8.81000      16.3300      126.000      25.0610     0.587785     0.353862
1999-04-29/21:42:19      162.030      9.85000      16.1500      132.000      24.7334     0.669131     0.320800
1999-04-29/21:42:40      161.940      11.0100      16.2000      126.000      4.02896     0.587785    0.0568890
1999-04-29/21:43:00      161.920      12.1400      16.7600      123.000      3.47125     0.544639    0.0508106
1999-04-29/21:43:20      161.960      13.1900      16.5900      113.000      7.84901     0.390731     0.126101
1999-04-29/21:43:40      161.930      14.2900      16.4200      134.000      5.00893     0.694658    0.0628864
1999-04-29/21:43:59      161.850      15.3500      15.6800      139.000      27.2650     0.754710     0.312195
1999-04-29/21:44:19      161.800      16.4900      15.4800      115.000      4.24559     0.422618    0.0671570
1999-04-29/21:44:39      161.770      17.6400      15.4200      130.000      8.42084     0.642788     0.112587
1999-04-29/21:44:59      161.810      18.7100      16.1100      123.000      3.84539     0.544639    0.0562871
1999-04-29/21:45:20      161.810      19.8200      16.2800      112.000      4.32754     0.374607    0.0700300
1999-04-29/21:45:40      161.830      20.9000      16.4000      119.000      3.85064     0.484810    0.0587800
1999-04-29/21:46:00      161.810      21.9800      16.1600      119.000      3.00080     0.484810    0.0458072
1999-04-29/21:46:20      161.760      23.0800      16.2100      137.000      12.5060     0.731354     0.148860
1999-04-29/21:46:39      161.720      24.1500      16.1600      108.000      3.86319     0.309017    0.0641254
1999-04-29/21:46:59      161.680      25.2700      16.5300      107.000      5.86741     0.292372    0.0979310
1999-04-29/21:47:19      161.670      26.3700      16.9900      112.000      2.95217     0.374607    0.0477732
1999-04-29/21:47:39      161.620      27.4800      16.7100      117.000      4.00009     0.453991    0.0622054
1999-04-29/21:48:00      161.550      28.6300      16.8000      111.000      3.06196     0.358368    0.0498917
1999-04-29/21:48:20      161.500      29.7400      16.7800      126.000      5.29392     0.587785    0.0747502
1999-04-29/21:48:40      161.450      30.8500      16.7500      112.000      1.98706     0.374607    0.0321554
1999-04-29/21:49:00      161.410      31.9600      16.5500      114.000      4.53015     0.406737    0.0722304
1999-04-29/21:49:19      161.360      33.0600      16.4900      126.000      7.03291     0.587785    0.0993048
1999-04-29/21:49:39      161.330      34.1300      16.5900      110.000      2.88719     0.342020    0.0473520
1999-04-29/21:49:59      161.310      35.2400      16.5200      115.000      5.07437     0.422618    0.0802667
1999-04-29/21:50:19      161.310      36.3300      16.7600      110.000      26.6230     0.342020     0.436637
1999-04-29/21:50:40      161.270      37.4300      16.5500      106.000      5.16517     0.275637    0.0866570
1999-04-29/21:51:00      161.220      38.5500      16.4100      96.0000      3.54596     0.104529    0.0615496
1999-04-29/21:51:20      161.150      39.6900      16.1200      113.000      2.79642     0.390731    0.0449268
1999-04-29/21:51:40      161.110      40.8100      16.2300      107.000      5.27146     0.292372    0.0879842
1999-04-29/21:51:59      161.050      41.8800      16.2400      120.000      5.29080     0.500000    0.0799704
1999-04-29/21:52:19      160.980      42.9600      16.2500      106.000      3.60398     0.275637    0.0604646
1999-04-29/21:52:39      160.900      44.0700      16.1600      114.000      2.63779     0.406737    0.0420579
1999-04-29/21:52:59      160.810      45.2000      15.9500      113.000      1.74178     0.390731    0.0279832
1999-04-29/21:53:20      160.780      46.4300      16.0200      117.000      3.04900     0.453991    0.0474150
1999-04-29/21:53:40      160.700      47.5200      16.3300      105.000      3.40585     0.258819    0.0574178
1999-04-29/21:54:00      160.540      48.6200      16.2300      110.000      3.59163     0.342020    0.0589054
1999-04-29/21:54:20      160.430      49.7700      16.3200      108.000      2.85097     0.309017    0.0473234
1999-04-29/21:54:39      160.320      50.8400      16.3500      111.000      2.53204     0.358368    0.0412572
1999-04-29/21:54:59      160.140      51.9800      16.3900      113.000      1.97323     0.390731    0.0317016
1999-04-29/21:55:19      159.970      53.1500      16.8000      105.000      2.96037     0.258819    0.0499077
1999-04-29/21:55:39      159.910      54.1900      16.8800      104.000      4.75772     0.241922    0.0805713
1999-04-29/21:56:00      159.750      55.4000      16.6600      114.000      2.05132     0.406737    0.0327070
1999-04-29/21:56:20      159.610      56.5400      16.6000      123.000      3.47125     0.544639    0.0508106
1999-04-29/21:56:40      159.410      57.6700      16.4500      115.000      3.24076     0.422618    0.0512625
1999-04-29/21:57:00      159.140      58.8700      16.6100      119.000      23.7264     0.484810     0.362183
1999-04-29/21:57:19      159.080      59.8700      16.6600      120.000      6.89819     0.500000     0.104266
1999-04-29/21:57:39      158.850      61.0500      16.4600      101.000      2.09172     0.190809    0.0358367
1999-04-29/21:57:59      158.610      62.2400      16.3000      127.000      6.92645     0.601815    0.0965465
1999-04-29/21:58:19      158.230      63.4900      16.2700      119.000      7.20557     0.484810     0.109993
1999-04-29/21:58:40      157.860      64.7500      16.3000      116.000      4.03187     0.438371    0.0632476
1999-04-29/21:59:00      157.470      65.9500      16.5700      114.000      2.37061     0.406737    0.0377979
1999-04-29/21:59:20      157.120      66.9900      16.6500      105.000      2.68027     0.258819    0.0451856
1999-04-29/21:59:40      156.630      68.2100      16.4800      108.000      2.72086     0.309017    0.0451637
1999-04-29/21:59:59      156.250      69.3700      16.3000      109.000      3.84268     0.325568    0.0634135
1999-04-29/22:00:19      155.660      70.5900      16.3100      108.000      3.20879     0.309017    0.0532629
1999-04-29/22:00:39      154.890      71.8500      16.4300      106.000      3.60398     0.275637    0.0604646
1999-04-29/22:00:59      153.840      73.1500      16.4400      105.000      5.12132     0.258819    0.0863382
1999-04-29/23:04:39      115.870     -87.2000      18.8700      104.000      2.74456     0.241922    0.0464787
1999-04-29/23:04:59      128.940     -86.1500      17.7800      112.000      1.90709     0.374607    0.0308613
1999-04-29/23:05:18      146.040     -84.8000      17.5400      122.000      2.86821     0.529919    0.0424530
1999-04-29/23:05:38      155.010     -83.0800      17.4500      118.000      6.71855     0.469472     0.103535
1999-04-29/23:05:58      157.280     -81.8900      18.4600      108.000      3.27522     0.309017    0.0543656
1999-04-29/23:06:19      155.700     -81.1700      18.7100      105.000      2.58033     0.258819    0.0435007
1999-04-29/23:06:39      155.690     -80.4200      18.6400      112.000      2.74726     0.374607    0.0444573
1999-04-29/23:06:59      155.980     -79.5300      17.8900      118.000      2.91367     0.469472    0.0449007
1999-04-29/23:07:19      159.010     -77.7200      17.9200      116.000      3.12038     0.438371    0.0489491
1999-04-29/23:07:59      161.280     -74.7200      19.1200      97.0000      5.76105     0.121869    0.0997998
1999-04-29/23:08:19      161.500     -73.7500      19.9000      138.000      26.7062     0.743145     0.311889
1999-04-29/23:08:39      160.630     -73.1700      19.4700      116.000      4.03187     0.438371    0.0632476
1999-04-29/23:08:59      160.820     -71.9800      18.6400      113.000      6.73520     0.390731     0.108207
1999-04-29/23:09:19      161.370     -70.3400      18.6300      115.000      4.24559     0.422618    0.0671570
1999-04-29/23:09:39      161.430     -69.0600      19.4900      117.000      6.12295     0.453991    0.0952180
1999-04-29/23:09:59      161.190     -68.0600      20.2700      146.000      10.6540     0.829038     0.103980
1999-04-29/23:10:19      161.280     -66.9800      19.3600      113.000      7.84901     0.390731     0.126101
1999-04-29/23:10:39      161.590     -65.7800      18.7800      127.000      7.59353     0.601815     0.105845
1999-04-29/23:10:59      161.690     -64.6000      19.0500      111.000      22.2732     0.358368     0.362921
1999-04-29/23:11:19      161.620     -63.4500      19.2400      155.000      4.93631     0.906308    0.0364106
1999-04-29/23:11:39      161.670     -62.3400      19.3100      166.000      17.4672     0.970296    0.0737523
1999-04-29/23:11:59      161.740     -61.1800      18.2300      126.000      25.0610     0.587785     0.353862
1999-04-29/23:12:19      162.040     -59.7700      17.4600      148.000      32.7620     0.848048     0.303010
1999-04-29/23:12:39      162.220     -58.5700      20.0300      135.000      8.96907     0.707107     0.110690
1999-04-29/23:12:59      161.920     -57.6900      20.0600      126.000      8.75951     0.587785     0.123684
1999-04-29/23:13:20      161.590     -56.6700      19.2200      117.000      22.6838     0.453991     0.352756
1999-04-29/23:13:40      161.540     -55.5700      18.3500      122.000      2.66196     0.529919    0.0394003
1999-04-29/23:14:00      161.510     -54.5500      17.9200      134.000      20.5334     0.694658     0.257794
1999-04-29/23:14:39      161.730     -51.8300      15.8900      96.0000      19.9121     0.104529     0.345629
1999-04-29/23:14:59      162.000     -50.8300      18.6100      105.000      20.0866     0.258819     0.338632
1999-04-29/23:15:19      161.820     -49.7500      17.8800      167.000      45.0000     0.974370     0.176676
1999-04-29/23:15:39      161.880     -48.6500      20.8300      158.000      42.4920     0.927184     0.277818
1999-04-29/23:16:00      161.510     -47.6300      17.4800      172.000      30.9578     0.990268    0.0751974
1999-04-29/23:16:20      161.940     -46.2700      19.9100      122.000      7.52825     0.529919     0.111427
1999-04-29/23:16:40      161.990     -45.2200      20.9400      154.000      15.3408     0.898794     0.117373
1999-04-29/23:17:00      161.910     -44.3200      21.0400      160.000      42.0716     0.939693     0.251141
1999-04-29/23:17:19      161.780     -43.5600      20.5300      123.000      6.37952     0.544639    0.0933806
1999-04-29/23:17:39      161.280     -43.0400      18.2100      122.000      7.52825     0.529919     0.111427
1999-04-29/23:18:00      160.740     -42.2400      13.4000      166.000      14.6811     0.970296    0.0619885
1999-04-29/23:18:40      161.050     -39.2400      19.3900      143.000      12.9627     0.798636     0.136156
1999-04-29/23:19:20      161.160     -35.6600      25.0100      171.000      27.8685     0.987688    0.0760893
1999-04-29/23:19:40      162.060     -35.2700      30.2900      146.000      2.89858     0.829038    0.0282894
1999-04-29/23:20:00      161.890     -34.4200      27.0000      111.000      22.2732     0.358368     0.362921
1999-04-29/23:20:20      161.840     -33.2800      24.9900      172.000      22.5670     0.990268    0.0548159
1999-04-29/23:20:40      161.720     -32.4000      25.1500      159.000      14.9141     0.933580    0.0932832
1999-04-29/23:21:00      161.160     -31.5500      20.4200      150.000      14.4042     0.866026     0.125700
1999-04-29/23:21:20      161.540     -30.1900      18.1900      154.000      14.9352     0.898794     0.114270
1999-04-29/23:22:00      161.540     -27.8600      19.0800      148.000      10.3694     0.848048    0.0959049
1999-04-29/23:22:20      161.680     -26.6700      20.2300      150.000      35.6382     0.866026     0.311002
1999-04-29/23:22:40      161.740     -25.7600      21.7500      99.0000      24.3528     0.156434     0.419804
1999-04-29/23:23:00      161.520     -24.7200      20.0300      157.000      37.7804     0.920505     0.257645
1999-04-29/23:23:20      161.460     -23.4900      19.5700      121.000      4.71276     0.515038    0.0705047
1999-04-29/23:23:40      161.400     -22.3700      19.7800      145.000      30.0488     0.819152     0.300812
1999-04-29/23:24:01      161.360     -21.1800      18.1800      146.000      10.1541     0.829038    0.0991015
1999-04-29/23:24:21      161.580     -19.9100      18.3800      113.000      17.3017     0.390731     0.277966
1999-04-29/23:24:41      161.370     -19.2800      21.3200      172.000      45.0000     0.990268     0.109306
1999-04-29/23:25:01      161.390     -17.5300      14.8100      170.000      45.0000     0.984808     0.136383
1999-04-29/23:25:41      162.120     -14.5300      13.2200      124.000      17.6815     0.559193     0.255841
1999-04-29/23:26:01      161.380     -13.5600      15.5400      148.000      3.10692     0.848048    0.0287354
1999-04-29/23:26:21      161.620     -12.8700      14.5100      132.000      24.7334     0.669131     0.320800
1999-04-29/23:26:41      161.710     -11.7900      16.4000      166.000      1.81643     0.970296   0.00766957
1999-04-29/23:27:01      161.680     -11.1200      16.1600      146.000      1.52303     0.829038    0.0148644
1999-04-29/23:27:21      161.440     -10.3600      19.1800      164.000      3.33561     0.961262    0.0160469
1999-04-29/23:27:41      161.400     -9.32000      19.8400      132.000      3.07640     0.669131    0.0399019
1999-04-29/23:28:01      161.490     -8.34000      19.7200      139.000      4.79435     0.754710    0.0548972
1999-04-29/23:28:21      161.920     -7.49000      16.9500      141.000      3.60568     0.777146    0.0396037
1999-04-29/23:28:41      161.820     -6.32000      17.5800      153.000      32.8278     0.891007     0.260115
1999-04-29/23:29:01      161.710     -5.03000      15.7700      168.000      2.00399     0.978148   0.00727196
1999-04-29/23:29:21      161.640     -4.13000      18.8400      154.000      13.3185     0.898794     0.101900
1999-04-29/23:30:01      161.430     -1.96000      20.4100      174.000      29.1086     0.994522    0.0531046
1999-04-29/23:30:21      161.230    -0.800000      19.8000      170.000      14.1216     0.984808    0.0427988
1999-04-29/23:30:41      161.120     0.360000      20.3700      159.000      45.0000     0.933580     0.281462
1999-04-29/23:31:01      161.050      1.56000      21.7900      175.000      28.8982     0.996195    0.0439586
1999-04-29/23:31:41      161.190      3.76000      19.7000      94.0000      26.9820    0.0697566     0.469778
1999-04-29/23:32:01      161.180      4.83000      18.0600      93.0000     0.544964    0.0523359   0.00949838
1999-04-29/23:32:21      161.060      5.79000      17.6300      100.000      2.86438     0.173648    0.0492334
1999-04-29/23:32:41      160.950      6.96000      18.0200      150.000      7.68487     0.866026    0.0670631
1999-04-29/23:33:01      160.940      8.13000      18.4800      123.000      23.1802     0.544639     0.339302
1999-04-29/23:33:21      160.960      9.26000      18.6000      129.000      25.6400     0.629321     0.347775
1999-04-29/23:33:41      160.970      10.3300      17.9600      111.000      22.2732     0.358368     0.362921
1999-04-29/23:34:01      161.010      11.4700      18.0700      130.000      12.8986     0.642788     0.172454
1999-04-29/23:34:42      160.910      13.7400      18.2600      93.0000     0.272482    0.0523359   0.00474919
1999-04-29/23:35:02      160.860      14.8100      18.7100      112.000      3.38726     0.374607    0.0548140
1999-04-29/23:35:22      160.790      15.9100      18.8400      114.000      2.97444     0.406737    0.0474256
1999-04-29/23:35:42      160.720      17.0400      18.7000      119.000      7.49223     0.484810     0.114369
1999-04-29/23:36:02      160.730      18.1500      18.7000      111.000      22.2732     0.358368     0.362921
1999-04-29/23:36:22      160.710      19.3100      19.2000      119.000      4.13137     0.484810    0.0630653
1999-04-29/23:36:42      160.690      20.7100      20.0800      168.000      1.00715     0.978148   0.00365469
1999-04-29/23:37:02      160.180      21.1200      21.6700      168.000      2.78878     0.978148    0.0101198
1999-04-29/23:37:22      160.600      21.9300      17.4100      164.000      23.9753     0.961262     0.115340
1999-04-29/23:37:42      160.930      23.1300      16.3200      100.000      21.1866     0.173648     0.364158
1999-04-29/23:38:42      160.680      26.6200      17.4600      97.0000      3.56556     0.121869    0.0617669
1999-04-29/23:39:02      160.580      27.7800      17.7300      97.0000      6.02447     0.121869     0.104363
1999-04-29/23:39:22      160.540      28.9500      17.8200      111.000      4.67092     0.358368    0.0761082
1999-04-29/23:39:42      160.440      30.1100      18.1800      114.000      20.2240     0.406737     0.322459
1999-04-29/23:40:02      160.480      31.2700      17.9100      121.000      5.86516     0.515038    0.0877451
1999-04-29/23:40:22      160.410      32.3600      17.3300      114.000      2.74282     0.406737    0.0437326
1999-04-29/23:40:42      160.340      33.4800      17.7900      120.000      5.29080     0.500000    0.0799704
1999-04-29/23:41:02      160.270      34.6200      17.8600      103.000      4.71730     0.224951    0.0802222
1999-04-29/23:41:22      160.220      35.7400      17.9300      121.000      4.36846     0.515038    0.0653539
1999-04-29/23:41:42      160.180      36.8200      17.9900      123.000      2.34112     0.544639    0.0342683
1999-04-29/23:42:02      160.100      37.9700      17.7200      112.000      2.09250     0.374607    0.0338617
1999-04-29/23:42:22      160.040      39.1400      17.7300      109.000      3.84268     0.325568    0.0634135
1999-04-29/23:42:42      159.970      40.3300      17.8200      111.000      3.93253     0.358368    0.0640768
1999-04-29/23:43:02      159.900      41.4400      17.9400      116.000      21.9194     0.438371     0.343848
1999-04-29/23:43:22      159.820      42.5400      18.0600      114.000      3.55449     0.406737    0.0566741
1999-04-29/23:43:42      159.680      43.6400      17.9100      111.000      3.93253     0.358368    0.0640768
1999-04-29/23:44:02      159.590      44.7100      17.7700      96.0000      3.64446     0.104529    0.0632594
1999-04-29/23:44:22      159.470      45.8900      17.4200      114.000      3.93486     0.406737    0.0627389
1999-04-29/23:44:42      159.480      47.1000      17.7400      122.000      4.21993     0.529919    0.0624602
1999-04-29/23:45:02      159.450      48.1200      17.9900      109.000      2.93767     0.325568    0.0484786
1999-04-29/23:45:22      159.340      49.2500      17.8000      112.000      1.98706     0.374607    0.0321554
1999-04-29/23:45:42      159.220      50.3700      17.8700      111.000      2.59786     0.358368    0.0423297
1999-04-29/23:46:02      159.100      51.4600      17.8300      118.000      3.73865     0.469472    0.0576139
1999-04-29/23:46:22      158.940      52.6000      18.1300      144.000      5.07259     0.809017    0.0520386
1999-04-29/23:46:42      158.870      53.6400      18.5600      116.000      4.78372     0.438371    0.0750418
1999-04-29/23:47:02      158.700      54.7400      18.4200      117.000      4.00009     0.453991    0.0622054
1999-04-29/23:47:22      158.510      55.8800      18.4700      102.000      2.65735     0.207912    0.0453660
1999-04-29/23:47:42      158.370      56.9900      18.4400      119.000      3.07917     0.484810    0.0470035
1999-04-29/23:48:03      158.200      58.1700      18.4900      110.000      3.82218     0.342020    0.0626865
1999-04-29/23:48:23      158.060      59.2800      18.6800      113.000      17.3017     0.390731     0.277966
1999-04-29/23:48:43      157.830      60.4000      18.5500      112.000      4.05729     0.374607    0.0656567
1999-04-29/23:49:03      157.540      61.5700      18.4900      118.000      8.40150     0.469472     0.129470
1999-04-29/23:49:22      157.180      62.7600      18.3000      128.000      10.2366     0.615661     0.140788
1999-04-29/23:49:42      156.760      63.9600      18.6000      128.000      24.7730     0.615661     0.340713
1999-04-29/23:50:02      156.210      65.2600      18.7200      108.000      5.21591     0.309017    0.0865792
1999-04-29/23:50:22      156.080      66.3100      19.2600      112.000      2.03620     0.374607    0.0329506
1999-04-29/23:50:43      155.690      67.4400      19.3300      115.000      5.27870     0.422618    0.0834988
1999-04-29/23:51:03      154.950      68.7200      19.6100      107.000      22.5796     0.292372     0.376869
1999-04-29/23:51:23      154.420      69.9400      19.7700      104.000      3.76712     0.241922    0.0637956
1999-04-29/23:51:43      153.920      70.9400      19.6900      104.000      7.22898     0.241922     0.122422
1999-04-30/01:10:04      159.860     -38.1100      15.3100      125.000      3.61859     0.573576    0.0517346
1999-04-30/01:10:24      160.440     -36.2000      17.4900      176.000      45.0000     0.997564    0.0547864
1999-04-30/01:10:45      161.350     -35.6300      21.3300      165.000      45.0000     0.965926     0.203276
1999-04-30/01:11:05      161.240     -34.7100      15.5300      140.000      13.1921     0.766045     0.147999
1999-04-30/01:11:25      161.080     -33.5900      17.2100      122.000      7.25726     0.529919     0.107416
1999-04-30/01:11:45      161.030     -32.5300      15.8500      143.000      34.4662     0.798636     0.362021
1999-04-30/01:12:04      160.850     -31.5700      17.6500      159.000      5.78167     0.933580    0.0361626
1999-04-30/01:12:24      160.730     -30.6300      14.1700      146.000      6.03401     0.829038    0.0588905
1999-04-30/01:12:44      160.660     -29.3500      11.8100      139.000      9.88249     0.754710     0.113158
1999-04-30/01:13:04      160.810     -28.0700      12.9600      152.000      10.6951     0.882948    0.0876338
1999-04-30/01:13:25      160.840     -27.2500      12.6800      145.000      30.0488     0.819152     0.300812
1999-04-30/01:13:45      160.690     -25.9500      10.4200      160.000      42.0716     0.939693     0.251141
1999-04-30/01:14:05      160.620     -25.0300      13.7300      157.000      8.98524     0.920505    0.0612752
1999-04-30/01:14:25      160.770     -23.8800      11.4400      139.000      27.2650     0.754710     0.312195
1999-04-30/01:14:44      160.740     -22.7200      11.3200      168.000      5.16792     0.978148    0.0187530
1999-04-30/01:15:04      160.620     -21.5300      12.1100      124.000      8.46171     0.559193     0.122436
1999-04-30/01:15:24      160.590     -20.4300      12.6100      160.000      21.3548     0.939693     0.127475
1999-04-30/01:15:44      160.660     -19.2800      15.1700      143.000      7.48954     0.798636    0.0786675
1999-04-30/01:16:05      160.530     -18.3100      15.6400      171.000      45.0000     0.987688     0.122863
1999-04-30/01:16:25      160.510     -17.2900      15.4800      122.000      21.3608     0.529919     0.316166
1999-04-30/01:16:45      160.310     -16.3000      14.5500      124.000      17.6815     0.559193     0.255841
1999-04-30/01:17:05      160.120     -15.0700      13.4700      127.000      7.31930     0.601815     0.102022
1999-04-30/01:17:24      160.230     -13.8400      13.5500      106.000      4.31371     0.275637    0.0723719
1999-04-30/01:17:44      160.410     -12.7600      15.1000      133.000      26.9050     0.681998     0.343430
1999-04-30/01:18:04      160.420     -11.7700      13.5000      145.000      30.0488     0.819152     0.300812
1999-04-30/01:18:24      160.440     -10.6100      12.8700      105.000      10.0433     0.258819     0.169316
1999-04-30/01:18:45      160.430     -9.49000      13.0400      133.000      26.9050     0.681998     0.343430
1999-04-30/01:19:05      160.480     -8.38000      12.9500      120.000      6.07296     0.500000    0.0917928
1999-04-30/01:19:25      160.470     -7.41000      12.3500      130.000      8.71274     0.642788     0.116489
1999-04-30/01:19:45      160.280     -6.38000      10.8300      167.000      22.8710     0.974370    0.0897946
1999-04-30/01:20:04      160.010     -5.11000      10.4200      141.000      30.1216     0.777146     0.330847
1999-04-30/01:20:24      160.350     -3.94000      14.1100      157.000      19.5451     0.920505     0.133289
1999-04-30/01:20:44      160.610     -3.13000      12.8800      172.000      45.0000     0.990268     0.109306
1999-04-30/01:21:25      160.380    -0.740000      14.6800      130.000      12.6153     0.642788     0.168667
1999-04-30/01:21:45      160.380     0.260000      14.2400      121.000      9.95872     0.515038     0.148986
1999-04-30/01:22:05      160.400      1.46000      13.4900      93.0000     0.544964    0.0523359   0.00949838
1999-04-30/01:22:25      160.460      2.49000      14.6600      142.000      29.0452     0.788011     0.312100
1999-04-30/01:22:44      160.260      3.48000      12.3800      114.000      20.2240     0.406737     0.322459
1999-04-30/01:23:04      160.090      4.74000      12.1300      117.000      3.48879     0.453991    0.0542542
1999-04-30/01:23:24      160.020      5.84000      12.9700      137.000      26.5798     0.731354     0.316382
1999-04-30/01:23:44      159.960      6.91000      13.1400      124.000      17.6815     0.559193     0.255841
1999-04-30/01:24:05      160.010      8.08000      13.6800      127.000      11.0881     0.601815     0.154555
1999-04-30/01:24:25      160.060      9.09000      14.2300      138.000      5.25326     0.743145    0.0613504
1999-04-30/01:24:45      160.040      10.0900      13.1300      145.000      13.1770     0.819152     0.131912
1999-04-30/01:25:44      159.850      13.5600      12.8300      126.000      8.38981     0.587785     0.118464
1999-04-30/01:26:04      159.810      14.5900      13.3500      112.000      5.97429     0.374607    0.0966784
1999-04-30/01:26:24      159.790      15.6600      13.3100      109.000      4.47027     0.325568    0.0737702
1999-04-30/01:26:45      159.770      16.7200      13.2000      104.000      4.75772     0.241922    0.0805713
1999-04-30/01:27:05      159.710      17.8100      12.8800      123.000      6.37952     0.544639    0.0933806
1999-04-30/01:27:25      159.710      18.9500      12.7300      99.0000      3.25690     0.156434    0.0561438
1999-04-30/01:27:45      159.710      20.0700      12.3400      92.0000      20.8008    0.0348995     0.362821
1999-04-30/01:28:04      159.670      21.1900      12.3100      120.000      21.9826     0.500000     0.332267
1999-04-30/01:28:24      159.630      22.2700      12.8600      109.000      5.30545     0.325568    0.0875527
1999-04-30/01:28:44      159.560      23.3600      12.8800      98.0000      26.9132     0.139173     0.465153
1999-04-30/01:29:04      159.510      24.4800      12.7900      104.000      5.96616     0.241922     0.101036
1999-04-30/01:29:25      159.460      25.6100      12.7900      118.000      3.56851     0.469472    0.0549920
1999-04-30/01:29:45      159.420      26.7100      12.8200      116.000      4.41855     0.438371    0.0693134
1999-04-30/01:30:05      159.360      27.8200      12.6700      115.000      3.34448     0.422618    0.0529032
1999-04-30/01:30:25      159.330      28.8900      12.7500      105.000      3.26672     0.258819    0.0550723
1999-04-30/01:30:44      159.280      29.9300      12.7600      91.0000      1.65454    0.0174525    0.0288728
1999-04-30/01:31:04      159.210      31.0500      12.8700      102.000      2.08461     0.207912    0.0355882
1999-04-30/01:31:24      159.150      32.1600      12.7500      114.000      5.18252     0.406737    0.0826320
1999-04-30/01:31:44      159.110      33.2800      12.8300      98.0000      3.49675     0.139173    0.0604359
1999-04-30/01:32:05      159.070      34.3600      12.8600      111.000      3.06196     0.358368    0.0498917
1999-04-30/01:32:25      158.970      35.4800      12.8100      117.000      22.6838     0.453991     0.352756
1999-04-30/01:32:45      158.970      36.6000      12.9600      109.000      4.71565     0.325568    0.0778196
1999-04-30/01:33:05      158.920      37.6800      12.9500      105.000      7.71171     0.258819     0.130009
1999-04-30/01:33:24      158.800      38.7500      12.7400      105.000      2.68027     0.258819    0.0451856
1999-04-30/01:33:44      158.640      39.9300      12.7100      122.000      3.71607     0.529919    0.0550024
1999-04-30/01:34:04      158.560      41.0400      13.1300      109.000      2.93767     0.325568    0.0484786
1999-04-30/01:34:24      158.510      42.1100      13.3000      120.000      2.97762     0.500000    0.0450067
1999-04-30/01:34:45      158.400      43.1600      13.2300      124.000      17.6815     0.559193     0.255841
1999-04-30/01:35:05      158.270      44.2400      13.0300      102.000      19.1297     0.207912     0.326580
1999-04-30/01:35:25      158.130      45.4200      12.6000      108.000      18.8223     0.309017     0.312433
1999-04-30/01:35:45      157.820      46.8800      12.5900      115.000      7.36341     0.422618     0.116475
1999-04-30/01:36:04      157.870      47.9000      13.5100      117.000      5.46353     0.453991    0.0849633
1999-04-30/01:36:24      157.720      48.9100      13.5300      107.000      3.13206     0.292372    0.0522762
1999-04-30/01:36:44      157.500      50.0600      13.5600      102.000      2.85176     0.207912    0.0486850
1999-04-30/01:37:04      157.250      51.1700      13.6500      104.000      3.55530     0.241922    0.0602085
1999-04-30/01:37:25      157.030      52.3900      13.9800      111.000      2.89320     0.358368    0.0471420
1999-04-30/01:37:45      157.000      53.4800      14.3100      104.000      4.29017     0.241922    0.0726534
1999-04-30/01:38:05      156.920      54.4600      14.1100      100.000      5.89230     0.173648     0.101278
1999-04-30/01:38:25      156.640      55.6100      14.0800      116.000      21.9194     0.438371     0.343848
1999-04-30/01:38:44      156.450      56.7000      13.9600      132.000      5.60423     0.669131    0.0726887
1999-04-30/01:39:04      156.110      57.9200      13.6500      121.000      10.1557     0.515038     0.151933
1999-04-30/01:39:24      155.950      59.1300      13.9900      100.000      5.78148     0.173648    0.0993729
1999-04-30/01:39:44      155.740      60.2600      13.9900      122.000      5.61617     0.529919    0.0831262
1999-04-30/01:40:05      155.360      61.3900      14.0200      112.000      7.30873     0.374607     0.118273
1999-04-30/01:40:25      154.590      62.7000      13.8700      105.000      3.52055     0.258819    0.0593515
1999-04-30/01:40:45      153.980      64.0700      14.2100      110.000      3.45863     0.342020    0.0567241
1999-04-30/01:41:05      153.490      65.1300      14.2900      107.000      7.31677     0.292372     0.122122
1999-04-30/01:42:25      151.580      69.5200      14.2100      105.000      3.52055     0.258819    0.0593515
1999-04-30/01:42:45      150.410      70.8100      14.3100      109.000      3.56289     0.325568    0.0587963
1999-04-30/01:43:05      149.290      71.9700      14.2600      106.000      4.17674     0.275637    0.0700739
1999-04-30/01:43:25      147.710      73.2000      14.1900      110.000      9.32133     0.342020     0.152877
1999-04-30/01:43:45      145.920      74.4600      14.2400      107.000      4.01054     0.292372    0.0669386
1999-04-30/01:44:05      143.470      75.7500      14.3200      111.000      2.25057     0.358368    0.0366709
1999-04-30/01:44:25      138.470      77.5900      14.6300      101.000      1.82292     0.190809    0.0312314
1999-04-30/02:16:04      339.480      4.68000      13.4300      88.0000      1.10370    0.0348994    0.0192515
1999-04-30/02:16:24      339.460      3.59000      13.3900      76.0000      1.57584     0.241922    0.0266866
1999-04-30/02:16:44      339.420      2.49000      13.1700      87.0000      1.52620    0.0523359    0.0266007
1999-04-30/02:17:04      339.400      1.39000      13.2500      89.0000     0.993536    0.0174524    0.0173378
1999-04-30/02:17:23      339.420     0.350000      13.3000      85.0000      1.77234    0.0871558    0.0308155
1999-04-30/02:18:03      339.430     -1.88000      13.1800      89.0000     0.993536    0.0174524    0.0173378
1999-04-30/02:18:23      339.380     -2.98000      13.2700      72.0000      2.89541     0.309017    0.0480611
1999-04-30/02:18:44      339.370     -4.14000      13.2800      67.0000      1.52115     0.390731    0.0244386
1999-04-30/02:19:04      339.400     -5.31000      13.1900      69.0000      2.55790     0.358368    0.0416786
1999-04-30/02:19:24      339.470     -6.48000      13.2300      66.0000      1.39088     0.406737    0.0221767
1999-04-30/02:20:43      339.230     -10.3400      13.8200      82.0000      2.86343     0.139173    0.0494899
1999-04-30/02:21:03      339.200     -11.3800      14.2400      86.0000      2.60843    0.0697565    0.0454148
1999-04-30/02:21:44      339.230     -13.5900      13.3600      69.0000      3.45863     0.358368    0.0563551
1999-04-30/02:22:04      339.230     -14.7000      14.2500      67.0000      1.61897     0.390731    0.0260101
1999-04-30/02:22:24      339.160     -15.7700      13.8200      87.0000      1.72780    0.0523359    0.0301145
1999-04-30/02:22:43      339.050     -16.8600      14.0100      70.0000      3.28169     0.342020    0.0538221
1999-04-30/02:23:03      338.900     -17.9900      14.2900      71.0000      2.34566     0.325568    0.0387090
1999-04-30/02:23:23      338.910     -19.1000      15.1400      74.0000      2.68027     0.275637    0.0449674
1999-04-30/02:23:43      338.890     -20.1300      15.0700      83.0000      1.90998     0.121869    0.0330870
1999-04-30/02:24:04      338.750     -21.3500      14.4300      88.0000      1.24896    0.0348994    0.0217852
1999-04-30/02:24:44      338.640     -23.6600      14.2900      79.0000      1.66439     0.190809    0.0285154
1999-04-30/02:25:04      338.590     -24.7900      14.3300      88.0000      1.77038    0.0348994    0.0308801
1999-04-30/02:27:04      338.780     -31.5200      16.9100      74.0000      2.46569     0.275637    0.0413673
1999-04-30/02:27:24      338.690     -32.5300      16.4400      65.0000      1.51041     0.422618    0.0238917
1999-04-30/02:27:44      338.510     -33.7100      15.9400      75.0000      2.10729     0.258819    0.0355259
1999-04-30/02:28:03      338.400     -34.7700      15.9600      60.0000      2.34718     0.500000    0.0354776
1999-04-30/02:28:23      337.990     -35.9800      16.6200      63.0000      3.12038     0.453990    0.0485250
1999-04-30/02:28:43      336.820     -37.3900      17.9100      33.0000      2.37906     0.838671    0.0226147
1999-04-30/02:29:03      337.700     -38.4800      16.6700      75.0000      2.35032     0.258819    0.0396231
1999-04-30/02:33:23      338.700     -52.7000      15.5500      89.0000      1.88731    0.0174524    0.0329348
1999-04-30/02:35:04      337.270     -58.3800      14.7600      73.0000      3.98240     0.292372    0.0664689
1999-04-30/02:35:24      337.470     -59.1700      16.5500      50.0000      5.52914     0.642788    0.0739246
1999-04-30/02:35:44      337.330     -60.0200      17.2500      47.0000      8.79280     0.681998     0.112236
1999-04-30/02:36:03      336.150     -61.2300      16.1900      44.0000      3.60312     0.719340    0.0436845
1999-04-30/02:36:23      335.110     -62.7900      14.8700      35.0000      30.4326     0.819152     0.304655
1999-04-30/02:49:04      134.360     -81.8400      14.4200      108.000      2.42687     0.309017    0.0402838
1999-04-30/02:49:43      155.180     -77.7000      13.6900      121.000      2.56239     0.515038    0.0383344
1999-04-30/02:50:03      158.160     -75.8300      13.8600      117.000      5.46353     0.453991    0.0849633
1999-04-30/02:50:23      159.000     -74.6400      14.4400      107.000      3.43378     0.292372    0.0573121
1999-04-30/02:50:44      157.030     -74.5100      14.6900      120.000      4.21716     0.500000    0.0637424
1999-04-30/02:51:04      156.080     -73.5900      14.6200      122.000      2.48027     0.529919    0.0367110
1999-04-30/02:51:24      155.910     -72.6800      13.7600      130.000      4.50733     0.642788    0.0602630
1999-04-30/02:51:44      158.870     -70.2700      13.5400      137.000      9.66042     0.731354     0.114989
1999-04-30/02:52:03      159.460     -68.9300      13.8700      107.000      4.67314     0.292372    0.0779978
1999-04-30/02:52:23      159.640     -67.8200      14.7300      112.000      3.80142     0.374607    0.0615161
1999-04-30/02:52:43      159.270     -66.9400      14.3000      122.000      4.70447     0.529919    0.0696319
1999-04-30/02:53:03      159.420     -65.7100      13.6800      123.000      2.85153     0.544639    0.0417394
1999-04-30/02:53:24      159.870     -64.2300      13.9400      116.000      3.12038     0.438371    0.0489491
1999-04-30/02:53:44      160.070     -62.9800      15.2900      150.000      12.8579     0.866026     0.112206
1999-04-30/02:54:04      159.730     -62.2900      15.5500      170.000      29.7183     0.984808    0.0900683
1999-04-30/02:54:24      159.050     -61.7300      13.9800      150.000      7.35244     0.866026    0.0641621
1999-04-30/02:54:43      159.280     -60.5100      12.4700      128.000      10.8989     0.615661     0.149897
1999-04-30/02:55:43      159.070     -56.8700      15.6300      95.0000      3.72461    0.0871559    0.0647593
1999-04-30/02:56:04      158.540     -56.1600      15.7200      103.000      2.99630     0.224951    0.0509550
1999-04-30/02:56:24      158.000     -55.1900      14.6000      116.000      3.45764     0.438371    0.0542397
1999-04-30/02:56:44      158.690     -53.5800      14.3400      157.000      11.7159     0.920505    0.0798971
1999-04-30/02:57:43      160.520     -49.6300      13.3500      125.000      21.8278     0.573576     0.312070
1999-04-30/02:58:03      160.450     -48.2200      14.6600      170.000      45.0000     0.984808     0.136383
1999-04-30/02:58:23      159.720     -47.4600      16.7000      159.000      45.0000     0.933580     0.281462
1999-04-30/02:58:44      159.700     -46.3200      16.3900      157.000      10.2609     0.920505    0.0699746
1999-04-30/02:59:24      159.830     -44.2600      18.2600      166.000      19.5011     0.970296    0.0823401
1999-04-30/03:00:03      159.370     -42.6100      18.7200      124.000      17.6815     0.559193     0.255841
1999-04-30/03:01:24      159.420     -37.1800      17.0400      133.000      26.9050     0.681998     0.343430
1999-04-30/03:01:44      160.080     -36.5400      18.0300      156.000      19.4125     0.913545     0.137807
1999-04-30/03:02:43      160.230     -33.2900      15.3700      166.000      24.6609     0.970296     0.104127
1999-04-30/03:03:23      161.230     -31.3100      14.7100      165.000      8.17386     0.965926    0.0369233
1999-04-30/03:04:04      163.600     -29.2400      8.66000      174.000      45.0000     0.994522    0.0820963
1999-04-30/03:04:44      159.620     -26.6500      8.35000      150.000      16.8752     0.866026     0.147264
1999-04-30/03:05:04      159.930     -25.4600      13.2100      146.000      6.40488     0.829038    0.0625101
1999-04-30/03:05:23      159.570     -25.4600      8.60000      148.000      14.5323     0.848048     0.134407
1999-04-30/03:07:04      160.140     -19.1700      12.8400      114.000      20.2240     0.406737     0.322459
1999-04-30/03:07:24      159.870     -18.0600      14.6600      155.000      2.74154     0.906308    0.0202218
1999-04-30/03:07:44      159.670     -17.1400      13.7000      155.000      7.84072     0.906308    0.0578338
1999-04-30/03:08:03      159.610     -16.0100      12.3700      97.0000      5.46114     0.121869    0.0946044
1999-04-30/03:08:23      159.530     -14.6700      13.4200      162.000      6.53693     0.951056    0.0352560
1999-04-30/03:08:43      159.510     -13.5400      14.7400      149.000      4.09732     0.857167    0.0368313
1999-04-30/03:09:03      159.550     -12.5800      14.7900      130.000      2.71760     0.642788    0.0363343
1999-04-30/03:09:24      159.420     -11.4700      13.3000      91.0000      2.12954    0.0174525    0.0371618
1999-04-30/03:10:43      159.610     -6.80000      11.5800      137.000      4.15427     0.731354    0.0494488
1999-04-30/03:11:03      159.700     -5.33000      12.5100      133.000      4.09574     0.681998    0.0522802
1999-04-30/03:11:23      160.190     -3.10000      12.7800      130.000      5.41771     0.642788    0.0724348
1999-04-30/03:12:44      159.480    -0.400000      10.7100      134.000      20.5334     0.694658     0.257794
1999-04-30/03:13:43      159.200      2.57000      11.3000      93.0000      2.65662    0.0523359    0.0463032
1999-04-30/03:14:03      158.920      3.90000      12.3200      105.000      2.96037     0.258819    0.0499077
1999-04-30/03:14:23      158.740      5.25000      12.4000      111.000      2.66344     0.358368    0.0433982
1999-04-30/03:14:44      158.880      6.31000      12.1700      117.000      4.45875     0.453991    0.0693380
1999-04-30/03:15:04      158.620      7.43000      11.6100      132.000      6.32968     0.669131    0.0820980
1999-04-30/03:15:24      158.530      8.57000      11.8300      119.000      8.41045     0.484810     0.128385
1999-04-30/03:15:44      158.400      9.57000      11.5100      156.000      9.27189     0.913545    0.0658202
1999-04-30/03:16:03      157.740      10.7000      11.2900      137.000      6.08562     0.731354    0.0724378
1999-04-30/03:16:23      157.130      12.2000      12.0100      137.000      26.5798     0.731354     0.316382
1999-04-30/03:16:43      157.230      13.1800      12.4100      152.000      8.90213     0.882948    0.0729425
1999-04-30/03:17:03      157.420      14.1500      12.6500      144.000      5.43006     0.809017    0.0557058
1999-04-30/03:17:24      157.550      14.9900      12.2400      156.000      16.0687     0.913545     0.114070
1999-04-30/03:17:44      157.510      15.9400      12.4400      143.000      6.17974     0.798636    0.0649098
1999-04-30/03:18:04      157.520      17.0400      12.4400      123.000      2.17132     0.544639    0.0317828
1999-04-30/03:18:24      157.440      18.1100      11.9700      101.000      2.09172     0.190809    0.0358367
1999-04-30/03:18:43      157.110      19.1000      11.2300      111.000      1.97620     0.358368    0.0322003
1999-04-30/03:19:03      156.810      20.0500      11.0400      112.000      1.81141     0.374607    0.0293130
1999-04-30/03:19:23      157.140      21.1900      10.9400      116.000      2.61791     0.438371    0.0410669
1999-04-30/03:19:43      157.210      22.3600      10.7800      115.000      2.26287     0.422618    0.0357942
1999-04-30/03:20:04      156.990      23.3000      10.3800      108.000      2.51776     0.309017    0.0417925
1999-04-30/03:20:24      156.800      24.3200      10.0700      106.000      2.31977     0.275637    0.0389192
1999-04-30/03:20:44      156.650      25.3600      9.64000      115.000      2.46981     0.422618    0.0390676
1999-04-30/03:21:04      156.290      26.4400      9.34000      115.000      2.55251     0.422618    0.0403757
1999-04-30/03:21:23      156.040      27.5700      9.05000      118.000      2.71868     0.469472    0.0418958
1999-04-30/03:21:43      156.090      28.6200      8.91000      116.000      2.85385     0.438371    0.0447681
1999-04-30/03:22:03      156.510      29.6900      8.80000      120.000      2.92475     0.500000    0.0442076
1999-04-30/03:22:23      156.550      30.8200      9.28000      126.000      2.90571     0.587785    0.0410286
1999-04-30/03:22:44      156.530      32.0700      9.48000      120.000      3.14954     0.500000    0.0476053
1999-04-30/03:23:04      156.650      33.2800      9.60000      126.000      2.45908     0.587785    0.0347222
1999-04-30/03:23:24      156.850      34.4000      9.54000      126.000      2.54888     0.587785    0.0359902
1999-04-30/03:23:44      157.070      35.4700      9.72000      118.000      3.30730     0.469472    0.0509666
1999-04-30/03:24:03      157.240      36.4600      9.90000      124.000      1.84570     0.559193    0.0267062
1999-04-30/03:24:23      157.310      37.5100      9.59000      132.000      2.77902     0.669131    0.0360448
1999-04-30/03:24:43      157.130      38.5600      9.58000      126.000      2.27823     0.587785    0.0321686
1999-04-30/03:25:03      157.010      39.6800      10.1900      114.000      2.26885     0.406737    0.0361754
1999-04-30/03:25:24      156.910      40.7800      10.1600      115.000      3.16159     0.422618    0.0500102
1999-04-30/03:25:44      157.310      42.0800      10.7400      111.000      2.41315     0.358368    0.0393200
1999-04-30/03:26:04      157.190      43.2100      11.4700      100.000      2.25861     0.173648    0.0388213
1999-04-30/03:26:24      156.920      44.2800      11.3100      115.000      4.36896     0.422618    0.0691084
1999-04-30/03:26:43      156.850      45.1500      10.3600      125.000      2.35709     0.573576    0.0336991
1999-04-30/03:27:03      156.410      46.3800      11.3700      127.000      2.74226     0.601815    0.0382239
1999-04-30/03:27:23      156.550      47.8000      12.4000      126.000      2.45908     0.587785    0.0347222
1999-04-30/03:27:43      156.850      48.6700      12.7300      120.000      2.61527     0.500000    0.0395298
1999-04-30/03:28:04      156.440      49.6600      12.8700      124.000      1.94146     0.559193    0.0280918
1999-04-30/03:28:24      156.470      50.8700      13.0500      119.000      3.98186     0.484810    0.0607831
1999-04-30/03:28:44      156.520      51.9000      13.3100      103.000      4.53095     0.224951    0.0770532
1999-04-30/03:29:04      156.550      52.8800      13.5700      136.000      3.54875     0.719340    0.0430253
1999-04-30/03:29:23      156.480      53.9200      13.5200      96.0000      3.16120     0.104529    0.0548711
1999-04-30/03:29:43      156.400      55.1000      13.8000      157.000      8.41784     0.920505    0.0574058
1999-04-30/03:30:03      156.230      56.2000      13.4600      96.0000      5.82111     0.104529     0.101041
1999-04-30/03:30:23      156.140      57.4900      12.9800      121.000      3.23298     0.515038    0.0483666
1999-04-30/03:30:44      156.470      58.7200      13.7000      114.000      2.97444     0.406737    0.0474256
1999-04-30/03:31:04      156.550      59.8600      13.6500      123.000      2.34112     0.544639    0.0342683
1999-04-30/03:31:24      156.540      60.9100      13.6200      134.000      3.75230     0.694658    0.0471096
1999-04-30/03:31:44      156.170      62.1200      13.3000      120.000      4.33929     0.500000    0.0655884
1999-04-30/03:32:03      156.020      63.3800      13.5000      124.000      2.94981     0.559193    0.0426821
1999-04-30/03:32:23      155.810      64.4500      13.8200      132.000      3.63051     0.669131    0.0470889
1999-04-30/03:32:43      155.560      65.3800      13.6200      113.000      1.97323     0.390731    0.0317016
1999-04-30/03:33:03      155.100      66.5400      13.2300      114.000      2.37061     0.406737    0.0377979
1999-04-30/03:33:24      154.790      67.7800      12.8800      118.000      3.10994     0.469472    0.0479252
1999-04-30/03:33:44      154.660      68.9600      13.1500      118.000      3.10994     0.469472    0.0479252
1999-04-30/03:34:04      154.330      70.0600      13.3600      117.000      3.38384     0.453991    0.0526221
1999-04-30/03:34:24      153.820      71.1500      13.4400      115.000      2.90088     0.422618    0.0458863
1999-04-30/03:34:43      153.180      72.1100      13.3400      125.000      2.35709     0.573576    0.0336991
1999-04-30/03:35:03      152.480      73.1500      13.5100      120.000      2.87450     0.500000    0.0434480
1999-04-30/03:35:23      151.050      74.3200      13.5900      112.000      1.81141     0.374607    0.0293130
1999-04-30/03:35:43      149.510      75.5500      13.8700      113.000      1.69368     0.390731    0.0272104
1999-04-30/03:36:04      148.650      76.7500      13.9300      111.000      2.25057     0.358368    0.0366709
1999-04-30/03:36:24      147.170      77.8600      13.8900      115.000      2.55251     0.422618    0.0403757
1999-04-30/03:36:44      145.620      78.9600      13.6900      114.000      2.05132     0.406737    0.0327070
1999-04-30/03:37:04      144.020      80.0000      13.4900      111.000      2.25057     0.358368    0.0366709
1999-04-30/03:37:23      140.930      81.1200      13.4400      113.000      1.53310     0.390731    0.0246305
1999-04-30/03:37:43      135.020      82.3800      13.4700      112.000      1.52115     0.374607    0.0246159
1999-04-30/03:38:03      127.540      83.7100      13.4800      110.000      2.27385     0.342020    0.0372928
1999-04-30/03:38:23      115.040      84.7800      13.4500      109.000      2.46527     0.325568    0.0406829
1999-04-30/03:38:44      100.600      85.5000      13.3600      112.000      1.90709     0.374607    0.0308613
1999-04-30/03:39:04      80.6100      85.7400      13.2400      106.000      2.31977     0.275637    0.0389192
1999-04-30/03:39:24      56.8200      85.1500      13.1900      109.000      2.34075     0.325568    0.0386280
1999-04-30/03:39:44      40.0400      83.6800      13.3700      105.000      2.14212     0.258819    0.0361131
1999-04-30/04:43:24      158.030     -69.8500      13.6900      92.0000      2.12414    0.0348995    0.0370507
1999-04-30/04:43:44      157.220     -69.8700      13.8800      100.000      2.20742     0.173648    0.0379414
1999-04-30/04:44:03      157.360     -68.7000      13.2200      117.000      4.82079     0.453991    0.0749681
1999-04-30/04:44:23      158.520     -66.7200      13.0100      116.000      21.9194     0.438371     0.343848
1999-04-30/04:44:43      159.490     -64.5600      12.9100      106.000      4.73724     0.275637    0.0794775
1999-04-30/04:45:03      159.680     -63.1600      13.8100      145.000      30.0488     0.819152     0.300812
1999-04-30/04:45:24      159.320     -62.5600      14.0700      111.000      22.2732     0.358368     0.362921
1999-04-30/04:45:44      158.900     -61.6400      13.5500      119.000      23.7264     0.484810     0.362183
1999-04-30/04:46:04      159.020     -60.1800      12.5000      128.000      24.7730     0.615661     0.340713
1999-04-30/04:46:43      159.130     -57.4900      13.8900      124.000      17.6815     0.559193     0.255841
1999-04-30/04:47:03      158.990     -56.5200      14.5800      101.000      5.21273     0.190809    0.0893078
1999-04-30/04:47:23      158.760     -55.6900      13.9500      114.000      7.39356     0.406737     0.117886
1999-04-30/04:47:43      158.960     -54.2100      13.0400      111.000      22.2732     0.358368     0.362921
1999-04-30/04:48:04      159.030     -53.3200      13.3500      134.000      20.5334     0.694658     0.257794
1999-04-30/04:48:24      159.670     -53.0100      12.3200      118.000      21.8068     0.469472     0.336050
1999-04-30/04:48:44      161.140     -51.9000      12.8900      172.000      8.10439     0.990268    0.0196858
1999-04-30/04:49:04      162.390     -50.7900      8.97000      164.000      24.2884     0.961262     0.116846
1999-04-30/04:49:43      159.490     -46.7800      16.4900      168.000      10.5439     0.978148    0.0382611
1999-04-30/04:50:03      159.430     -45.7400      16.1500      149.000      12.3555     0.857167     0.111065
1999-04-30/04:50:23      159.180     -44.6000      18.2700      161.000      20.3642     0.945519     0.115714
1999-04-30/04:50:44      158.930     -43.9100      17.7800      147.000      30.4102     0.838671     0.289071
1999-04-30/04:51:04      158.870     -42.8800      16.3500      148.000      32.7620     0.848048     0.303010
1999-04-30/04:51:24      158.150     -42.2300      16.7300      162.000      21.3802     0.951056     0.115311
1999-04-30/04:51:44      158.120     -40.5500      13.9900      111.000      22.2732     0.358368     0.362921
1999-04-30/04:52:03      158.130     -39.5500      15.3300      146.000      28.3908     0.829038     0.277087
1999-04-30/04:52:23      158.750     -37.7300      16.0200      102.000      19.1297     0.207912     0.326580
1999-04-30/04:52:43      159.010     -36.8400      24.6400      129.000      25.6400     0.629321     0.347775
1999-04-30/04:53:03      158.900     -36.3500      18.3300      131.000      25.9298     0.656059     0.341552
1999-04-30/04:53:24      159.120     -35.1400      13.7800      161.000      21.0039     0.945519     0.119349
1999-04-30/04:53:44      159.350     -33.7900      13.4800      168.000      11.5851     0.978148    0.0420393
1999-04-30/04:54:04      159.220     -32.7300      15.6400      126.000      25.0610     0.587785     0.353862
1999-04-30/04:54:24      159.200     -31.7400      15.5100      134.000      20.5334     0.694658     0.257794
1999-04-30/04:54:43      158.990     -31.0200      13.7000      156.000      14.0649     0.913545    0.0998452
1999-04-30/04:55:03      159.050     -29.7800      10.6800      166.000      45.0000     0.970296     0.190005
1999-04-30/04:55:23      159.040     -28.3900      10.0500      113.000      17.3017     0.390731     0.277966
1999-04-30/04:55:43      158.920     -26.9500      11.6700      168.000      27.1710     0.978148    0.0985966
1999-04-30/04:56:04      158.940     -25.8500      18.0600      136.000      24.0070     0.719340     0.291063
1999-04-30/04:56:24      158.730     -25.1500      18.1500      160.000      20.3103     0.939693     0.121240
1999-04-30/04:56:44      158.280     -24.0900      13.2800      145.000      30.0488     0.819152     0.300812
1999-04-30/04:57:04      158.300     -22.6100      14.8000      147.000      12.1960     0.838671     0.115932
1999-04-30/04:57:23      158.620     -21.6200      17.2600      106.000      26.2936     0.275637     0.441133
1999-04-30/04:57:43      158.660     -20.7600      16.8500      170.000      45.0000     0.984808     0.136383
1999-04-30/04:58:03      158.430     -19.9000      13.2400      149.000      31.4226     0.857167     0.282461
1999-04-30/04:58:23      158.640     -18.5800      10.3800      125.000      21.8278     0.573576     0.312070
1999-04-30/04:58:44      158.700     -17.3400      12.5600      111.000      22.2732     0.358368     0.362921
1999-04-30/04:59:04      158.550     -16.3400      13.1700      118.000      6.39865     0.469472    0.0986054
1999-04-30/05:00:03      158.670     -12.9400      15.1300      156.000      17.1663     0.913545     0.121862
1999-04-30/05:00:23      158.540     -11.9800      15.1300      159.000      15.5221     0.933580    0.0970861
1999-04-30/05:00:43      158.420     -10.8700      13.9400      110.000      26.6230     0.342020     0.436637
1999-04-30/05:01:03      158.340     -9.79000      13.7000      124.000      17.6815     0.559193     0.255841
1999-04-30/05:01:24      158.320     -8.73000      13.0900      101.000      25.3882     0.190809     0.434967
1999-04-30/05:01:44      158.350     -7.71000      10.7600      112.000      17.4097     0.374607     0.281731
1999-04-30/05:02:24      158.310     -5.27000      10.9700      158.000      42.4920     0.927184     0.277818
1999-04-30/05:02:43      158.260     -4.24000      11.7100      147.000      30.4102     0.838671     0.289071
1999-04-30/05:03:03      158.200     -3.02000      12.6100      115.000      9.95592     0.422618     0.157483
1999-04-30/05:03:23      158.240     -1.73000      13.2400      108.000      9.55748     0.309017     0.158645
1999-04-30/05:03:43      158.250    -0.520000      13.6600      135.000      9.70436     0.707107     0.119765
1999-04-30/05:04:04      158.220     0.550000      12.8900      114.000      20.2240     0.406737     0.322459
1999-04-30/05:04:24      158.240      1.60000      12.0400      160.000      42.0716     0.939693     0.251141
1999-04-30/05:04:44      158.230      2.57000      12.6600      162.000      45.0000     0.951056     0.242701
1999-04-30/05:05:04      158.200      3.49000      13.1700      159.000      12.2051     0.933580    0.0763392
1999-04-30/05:05:23      158.160      4.52000      13.3400      135.000      20.6726     0.707107     0.255128
1999-04-30/05:05:43      158.130      5.67000      14.1300      162.000      45.0000     0.951056     0.242701
1999-04-30/05:06:03      158.050      6.76000      15.0500      159.000      20.5840     0.933580     0.128747
1999-04-30/05:06:23      157.990      7.78000      14.5700      174.000      45.0000     0.994522    0.0820963
1999-04-30/05:06:44      157.980      8.91000      13.8400      158.000      10.9580     0.927184    0.0716447
1999-04-30/05:07:04      157.920      9.96000      13.0500      142.000      3.59207     0.788011    0.0385979
1999-04-30/05:07:24      157.910      11.1900      12.5300      168.000      16.5545     0.978148    0.0600720
1999-04-30/05:07:44      157.910      12.2800      14.2400      157.000      18.5428     0.920505     0.126453
1999-04-30/05:08:03      157.870      13.2500      14.2600      170.000      15.0855     0.984808    0.0457201
1999-04-30/05:08:23      157.850      14.3200      13.6300      172.000      18.8130     0.990268    0.0456973
1999-04-30/05:08:43      157.830      15.4200      13.5600      127.000      22.1762     0.601815     0.309110
1999-04-30/05:09:03      157.830      16.4900      13.6300      140.000      13.1921     0.766045     0.147999
1999-04-30/05:09:24      157.810      17.5900      12.9900      99.0000      24.3528     0.156434     0.419804
1999-04-30/05:09:44      157.750      18.7300      12.4900      164.000      45.0000     0.961262     0.216485
1999-04-30/05:10:04      157.700      19.8600      12.7800      100.000      2.93754     0.173648    0.0504908
1999-04-30/05:10:24      157.680      20.9700      12.9800      125.000      21.8278     0.573576     0.312070
1999-04-30/05:10:43      157.670      22.0100      13.1100      111.000      9.59688     0.358368     0.156372
1999-04-30/05:11:03      157.670      23.1100      12.9100      134.000      20.5334     0.694658     0.257794
1999-04-30/05:11:23      157.650      24.2300      12.8700      107.000      22.5796     0.292372     0.376869
1999-04-30/05:11:43      157.650      25.3500      12.4300      104.000      5.59382     0.241922    0.0947305
1999-04-30/05:12:04      157.600      26.4800      12.4900      116.000      6.46327     0.438371     0.101389
1999-04-30/05:12:24      157.540      27.5200      12.5000      109.000      3.28169     0.325568    0.0541558
1999-04-30/05:12:44      157.490      28.6000      12.5600      113.000      8.65085     0.390731     0.138983
1999-04-30/05:13:04      157.440      29.7000      12.6700      102.000      8.53174     0.207912     0.145653
1999-04-30/05:13:23      157.390      30.7700      12.6200      131.000      5.27110     0.656059    0.0694318
1999-04-30/05:13:43      157.360      31.9200      12.5400      93.0000      3.35027    0.0523359    0.0583931
1999-04-30/05:14:03      157.330      33.0600      12.5400      122.000      5.22966     0.529919    0.0774054
1999-04-30/05:14:23      157.280      34.1700      12.7900      112.000      6.79187     0.374607     0.109909
1999-04-30/05:14:44      157.260      35.2900      12.8300      99.0000      5.39066     0.156434    0.0929264
1999-04-30/05:15:04      157.220      36.3900      12.5100      121.000      19.9174     0.515038     0.297973
1999-04-30/05:15:24      157.150      37.5200      12.6600      112.000      2.74726     0.374607    0.0444573
1999-04-30/05:15:44      157.070      38.6000      12.6900      112.000      1.86436     0.374607    0.0301698
1999-04-30/05:16:03      156.970      39.6800      12.6400      120.000      6.65376     0.500000     0.100572
1999-04-30/05:16:23      156.900      40.8200      12.6000      113.000      3.49606     0.390731    0.0561671
1999-04-30/05:16:43      156.860      41.9400      12.5800      108.000      5.65703     0.309017    0.0939014
1999-04-30/05:17:03      156.820      43.0100      12.5100      116.000      21.9194     0.438371     0.343848
1999-04-30/05:17:24      156.770      44.0800      12.2300      91.0000      7.47303    0.0174525     0.130409
1999-04-30/05:17:44      156.610      45.1500      11.9200      118.000      4.98984     0.469472    0.0768951
1999-04-30/05:18:04      156.220      46.4400      11.7200      116.000      9.40509     0.438371     0.147537
1999-04-30/05:18:24      156.190      47.6800      12.5100      125.000      4.71222     0.573576    0.0673701
1999-04-30/05:18:43      156.220      48.6700      12.8200      112.000      8.14304     0.374607     0.131774
1999-04-30/05:19:03      156.150      49.7200      12.6000      116.000      10.9152     0.438371     0.171226
1999-04-30/05:19:23      156.020      50.8800      12.5000      149.000      11.6486     0.857167     0.104711
1999-04-30/05:19:43      155.920      52.0700      12.5700      104.000      4.56736     0.241922    0.0773476
1999-04-30/05:20:04      155.990      53.1800      12.4200      126.000      4.58610     0.587785    0.0647558
1999-04-30/05:20:24      155.980      54.1500      12.0700      111.000      3.42468     0.358368    0.0558019
1999-04-30/05:20:44      155.840      55.2200      11.9800      113.000      8.36336     0.390731     0.134364
1999-04-30/05:21:04      155.740      56.2100      12.1700      99.0000      24.3528     0.156434     0.419804
1999-04-30/05:21:23      155.390      57.3900      11.6800      120.000      5.62883     0.500000    0.0850797
1999-04-30/05:21:43      155.190      58.7500      11.9200      135.000      20.6726     0.707107     0.255128
1999-04-30/05:22:03      154.950      59.8800      11.7800      110.000      26.6230     0.342020     0.436637
1999-04-30/05:22:44      154.620      62.1500      11.6900      91.0000      2.91384    0.0174525    0.0508484
1999-04-30/05:23:04      154.410      63.4100      11.2600      108.000      6.39265     0.309017     0.106112
1999-04-30/05:23:24      154.290      64.6300      11.4300      112.000      7.71689     0.374607     0.124878
1999-04-30/05:23:44      154.170      65.5000      11.7400      111.000      3.58961     0.358368    0.0584893
1999-04-30/05:24:03      153.860      66.5900      11.5700      99.0000      11.6166     0.156434     0.200252
1999-04-30/05:24:23      153.320      67.9600      11.5100      100.000      2.13861     0.173648    0.0367587
1999-04-30/05:24:43      153.030      69.1500      11.3800      109.000      3.56289     0.325568    0.0587963
1999-04-30/05:25:03      152.370      70.5100      11.3600      106.000      5.01508     0.275637    0.0841389
1999-04-30/05:25:24      151.790      71.7100      11.3700      103.000      2.73067     0.224951    0.0464377
1999-04-30/05:25:44      150.980      72.8900      11.3500      100.000      2.22837     0.173648    0.0383015
1999-04-30/05:26:04      150.100      74.0100      11.3000      100.000      2.47242     0.173648    0.0424963
1999-04-30/05:26:24      148.760      75.2200      11.2900      100.000      2.47242     0.173648    0.0424963
1999-04-30/05:26:43      146.960      76.5400      11.3700      104.000      3.55530     0.241922    0.0602085
1999-04-30/05:27:03      145.400      77.6300      11.4300      108.000      18.8223     0.309017     0.312433
1999-04-30/06:29:44      87.4600     -86.7700      9.89000      112.000      4.59444     0.374607    0.0743491
1999-04-30/06:31:03      155.330     -80.6100      10.7700      103.000      23.4252     0.224951     0.398368
1999-04-30/06:31:23      153.780     -79.9200      10.8000      103.000      7.58919     0.224951     0.129062
1999-04-30/06:31:43      153.180     -78.9700      10.0100      118.000      7.28891     0.469472     0.112325
1999-04-30/06:32:04      156.810     -76.7600      9.66000      111.000      4.67092     0.358368    0.0761082
1999-04-30/06:33:04      156.590     -73.5400      10.8200      102.000      10.0207     0.207912     0.171072
1999-04-30/06:33:23      156.910     -72.3000      11.6800      115.000      9.95592     0.422618     0.157483
1999-04-30/06:33:43      156.500     -71.6200      11.0900      132.000      24.7334     0.669131     0.320800
1999-04-30/06:34:03      157.750     -69.9300      10.0900      123.000      5.86512     0.544639    0.0858511
1999-04-30/06:34:23      158.430     -68.6300      10.4200      113.000      17.3017     0.390731     0.277966
1999-04-30/06:34:44      158.530     -67.5100      10.6800      103.000      3.80260     0.224951    0.0646669
1999-04-30/06:35:04      158.280     -66.5000      10.6400      134.000      20.5334     0.694658     0.257794
1999-04-30/06:35:24      157.950     -65.4900      10.2400      170.000      13.1853     0.984808    0.0399611
1999-04-30/06:35:44      158.040     -64.3400      10.0500      165.000      45.0000     0.965926     0.203276
1999-04-30/06:36:03      158.340     -63.2600      10.1300      132.000      24.7334     0.669131     0.320800
1999-04-30/06:36:23      158.360     -62.4700      10.4900      111.000      9.59688     0.358368     0.156372
1999-04-30/06:36:43      158.110     -61.3200      9.68000      119.000      23.7264     0.484810     0.362183
1999-04-30/06:37:03      157.890     -60.0400      9.28000      113.000      17.3017     0.390731     0.277966
1999-04-30/06:37:24      158.120     -58.4900      9.43000      136.000      24.0070     0.719340     0.291063
1999-04-30/06:37:44      158.090     -57.3400      10.8600      105.000      20.0866     0.258819     0.338632
1999-04-30/06:38:04      158.040     -56.3200      12.2400      169.000      45.0000     0.981627     0.149861
1999-04-30/06:38:24      157.820     -55.6500      12.2500      170.000      13.1853     0.984808    0.0399611
1999-04-30/06:38:43      157.740     -54.8700      10.2000      149.000      12.9005     0.857167     0.115964
1999-04-30/06:39:23      157.370     -53.3100      11.4900      101.000      25.3882     0.190809     0.434967
1999-04-30/06:40:04      160.200     -46.8100      6.92000      8.00000      45.0000     0.990268     0.109306
1999-04-30/06:40:44      158.880     -46.9800      9.46000      171.000      10.0757     0.987688    0.0275096
1999-04-30/06:41:04      158.740     -46.2600      10.3800      142.000      29.0452     0.788011     0.312100
1999-04-30/06:41:23      158.520     -44.8400      11.4700      160.000      15.4915     0.939693    0.0924746
1999-04-30/06:41:43      158.250     -43.9400      16.2900      170.000      27.7554     0.984808    0.0841193
1999-04-30/06:42:03      157.880     -43.1100      15.9900      159.000      45.0000     0.933580     0.281462
1999-04-30/06:42:23      157.650     -41.9900      14.6700      149.000      9.63519     0.857167    0.0866118
1999-04-30/06:42:44      157.130     -41.0400      15.5900      139.000      27.2650     0.754710     0.312195
1999-04-30/06:43:04      157.610     -39.5900      15.8300      134.000      6.10311     0.694658    0.0766236
1999-04-30/06:43:24      157.540     -38.3700      13.6600      117.000      22.6838     0.453991     0.352756
1999-04-30/06:43:44      158.350     -37.1600      20.9400      161.000      45.0000     0.945519     0.255701
1999-04-30/06:44:03      158.500     -36.5400      17.3300      147.000      13.0352     0.838671     0.123909
1999-04-30/06:44:23      158.000     -35.6800      16.3000      173.000      32.2268     0.992546    0.0685471
1999-04-30/06:45:03      157.760     -33.2700      11.1400      157.000      19.0599     0.920505     0.129980
1999-04-30/06:45:24      157.720     -32.5400      11.3800      122.000      21.3608     0.529919     0.316166
1999-04-30/06:45:44      157.800     -31.2700      11.5900      102.000      19.1297     0.207912     0.326580
1999-04-30/06:46:04      157.110     -30.7800      10.8300      138.000      7.48664     0.743145    0.0874330
1999-04-30/06:46:43      157.860     -27.6900      6.75000      161.000      45.0000     0.945519     0.255701
1999-04-30/06:47:03      158.190     -26.4000      10.0300      169.000      12.4516     0.981627    0.0414668
1999-04-30/06:47:23      158.190     -25.4100      12.5000      133.000      26.9050     0.681998     0.343430
1999-04-30/06:47:43      157.820     -24.4500      13.4000      123.000      8.21298     0.544639     0.120218
1999-04-30/06:48:04      157.540     -23.0600      13.7200      150.000      17.8191     0.866026     0.155501
1999-04-30/06:48:24      157.670     -22.1300      16.7400      158.000      6.90770     0.927184    0.0451634
1999-04-30/06:48:44      157.650     -21.1800      13.9800      156.000      39.3380     0.913545     0.279256
1999-04-30/06:49:04      157.490     -20.1200      14.2000      128.000      10.8989     0.615661     0.149897
1999-04-30/06:49:23      157.190     -19.1600      13.9100      125.000      6.10809     0.573576    0.0873268
1999-04-30/06:49:43      157.110     -17.9700      12.2500      131.000      25.9298     0.656059     0.341552
1999-04-30/06:50:03      157.320     -16.7400      13.0500      170.000      27.2095     0.984808    0.0824648
1999-04-30/06:50:23      157.290     -15.7300      13.0800      135.000      20.6726     0.707107     0.255128
1999-04-30/06:50:44      157.310     -14.4900      12.2900      121.000      19.9174     0.515038     0.297973
1999-04-30/06:51:04      157.430     -13.3700      12.4100      130.000      7.13225     0.642788    0.0953582
1999-04-30/06:52:03      157.340     -10.1100      13.9300      140.000      9.17525     0.766045     0.102935
1999-04-30/06:52:23      157.340     -9.09000      14.9700      154.000      36.0924     0.898794     0.276144
1999-04-30/06:52:43      157.130     -8.19000      13.8300      145.000      8.95361     0.819152    0.0896328
1999-04-30/06:53:03      156.780     -6.95000      12.2800      146.000      13.0978     0.829038     0.127831
1999-04-30/06:53:24      156.980     -5.72000      12.3900      139.000      27.2650     0.754710     0.312195
1999-04-30/06:53:44      157.080     -4.56000      12.4500      140.000      6.15250     0.766045    0.0690234
1999-04-30/06:54:04      157.140     -3.47000      13.2300      149.000      10.6252     0.857167    0.0955111
1999-04-30/06:54:24      157.160     -2.41000      12.9600      161.000      45.0000     0.945519     0.255701
1999-04-30/06:54:43      157.150     -1.33000      13.4000      160.000      21.7796     0.939693     0.130011
1999-04-30/06:55:03      157.160    -0.400000      14.2000      138.000      13.3531     0.743145     0.155945
1999-04-30/06:55:23      156.980     0.510000      10.9700      159.000      45.0000     0.933580     0.281462
1999-04-30/06:55:43      156.970      1.88000      10.1500      136.000      24.0070     0.719340     0.291063
1999-04-30/06:56:44      157.100      5.28000      12.4500      123.000      23.1802     0.544639     0.339302
1999-04-30/06:57:04      157.130      6.38000      13.5200      113.000      17.3017     0.390731     0.277966
1999-04-30/06:57:23      157.160      7.31000      14.6200      99.0000      3.85562     0.156434    0.0664648
1999-04-30/06:57:43      157.060      8.35000      14.2300      91.0000      3.10617    0.0174525    0.0542046
1999-04-30/06:58:03      157.000      9.41000      14.3500      140.000      28.7126     0.766045     0.322120
1999-04-30/06:58:23      156.910      10.4900      12.7200      115.000      6.70687     0.422618     0.106090
1999-04-30/06:58:44      156.900      11.8800      13.2100      125.000      8.26770     0.573576     0.118202
1999-04-30/06:59:04      156.950      12.8600      14.8700      138.000      7.08260     0.743145    0.0827144
1999-04-30/06:59:24      156.880      13.8700      14.2500      148.000      32.7620     0.848048     0.303010
1999-04-30/06:59:44      156.810      15.0000      13.6000      171.000      15.6009     0.987688    0.0425951
1999-04-30/07:00:03      156.770      16.0700      13.7200      117.000      22.6838     0.453991     0.352756
1999-04-30/07:00:43      156.590      18.2400      12.6800      119.000      9.29319     0.484810     0.141860
1999-04-30/07:01:03      156.530      19.4000      12.6200      105.000      20.0866     0.258819     0.338632
1999-04-30/07:01:24      156.510      20.5600      13.0400      107.000      22.5796     0.292372     0.376869
1999-04-30/07:01:44      156.510      21.6200      13.1900      116.000      21.9194     0.438371     0.343848
1999-04-30/07:02:04      156.500      22.6900      13.0400      114.000      20.2240     0.406737     0.322459
1999-04-30/07:02:24      156.450      23.7900      12.9200      103.000      23.4252     0.224951     0.398368
1999-04-30/07:02:43      156.410      24.8500      12.8400      111.000      22.2732     0.358368     0.362921
1999-04-30/07:03:03      156.360      25.9800      12.9500      121.000      19.9174     0.515038     0.297973
1999-04-30/07:03:23      156.340      27.0700      13.2200      118.000      21.8068     0.469472     0.336050
1999-04-30/07:03:43      156.280      28.1500      13.2200      104.000      2.98416     0.241922    0.0505363
1999-04-30/07:04:04      156.230      29.2900      13.2300      105.000      9.39453     0.258819     0.158378
1999-04-30/07:04:24      156.170      30.3900      13.2000      111.000      6.14871     0.358368     0.100187
1999-04-30/07:04:44      156.110      31.5100      13.2100      111.000      5.07297     0.358368    0.0826592
1999-04-30/07:05:04      156.040      32.6300      13.1700      124.000      3.61780     0.559193    0.0523475
1999-04-30/07:05:23      156.000      33.7200      13.3300      112.000      3.60949     0.374607    0.0584102
1999-04-30/07:05:43      155.990      34.7900      13.4800      108.000      4.90683     0.309017    0.0814488
1999-04-30/07:06:03      155.940      35.8800      13.1700      106.000      26.2936     0.275637     0.441133
1999-04-30/07:06:23      155.850      37.0600      13.1100      112.000      1.90709     0.374607    0.0308613
1999-04-30/07:06:44      155.800      38.1900      13.4000      101.000      3.38606     0.190809    0.0580121
1999-04-30/07:07:04      155.720      39.2900      13.3500      110.000      26.6230     0.342020     0.436637
1999-04-30/07:07:24      155.630      40.4000      13.3300      112.000      17.4097     0.374607     0.281731
1999-04-30/07:07:44      155.540      41.5400      13.3900      110.000      4.37406     0.342020    0.0717378
1999-04-30/07:08:03      155.490      42.6000      13.4300      109.000      5.05363     0.325568    0.0833971
1999-04-30/07:08:23      155.440      43.6700      13.4300      130.000      7.13225     0.642788    0.0953582
1999-04-30/07:08:43      155.290      44.8100      13.1100      113.000      5.50504     0.390731    0.0884431
1999-04-30/07:09:03      155.100      45.9700      13.3000      112.000      5.11072     0.374607    0.0827038
1999-04-30/07:09:24      154.890      47.2000      13.6100      120.000      4.56678     0.500000    0.0690269
1999-04-30/07:09:44      154.890      48.3100      13.8900      103.000      3.59763     0.224951    0.0611812
1999-04-30/07:10:04      154.900      49.3500      13.8900      104.000      4.43739     0.241922    0.0751466
1999-04-30/07:10:24      154.770      50.4600      13.7100      105.000      20.0866     0.258819     0.338632
1999-04-30/07:10:43      154.660      51.5500      13.6800      170.000      9.93572     0.984808    0.0301125
1999-04-30/07:11:03      154.590      52.6900      13.7700      102.000      19.1297     0.207912     0.326580
1999-04-30/07:11:23      154.540      53.7900      13.7800      164.000      14.0112     0.961262    0.0674048
1999-04-30/07:11:43      154.410      54.9000      13.7400      114.000      20.2240     0.406737     0.322459
1999-04-30/07:12:04      154.270      56.0900      13.7300      95.0000      26.2134    0.0871559     0.455769
1999-04-30/07:12:24      154.150      57.1300      13.5200      103.000      8.98921     0.224951     0.152870
1999-04-30/07:13:04      153.410      59.6400      13.7200      172.000      25.4967     0.990268    0.0619323
1999-04-30/07:13:43      152.670      62.1200      13.6700      92.0000      20.8008    0.0348995     0.362821
1999-04-30/07:14:03      152.620      63.1100      13.5800      120.000      21.9826     0.500000     0.332267
1999-04-30/07:14:23      151.820      64.7500      13.5200      102.000      19.1297     0.207912     0.326580
1999-04-30/07:14:44      151.690      65.9500      14.3100      113.000      7.73311     0.390731     0.124239
1999-04-30/07:15:04      151.540      66.8800      14.3100      109.000      25.5614     0.325568     0.421825
1999-04-30/07:15:24      150.540      68.2400      14.3100      110.000      2.94955     0.342020    0.0483748
1999-04-30/07:15:44      149.720      69.5500      14.5100      106.000      26.2936     0.275637     0.441133
1999-04-30/07:16:05      148.580      70.9100      14.6000      110.000      2.73958     0.342020    0.0449311
1999-04-30/07:16:25      147.510      72.2300      14.8300      100.000      2.86438     0.173648    0.0492334
1999-04-30/07:16:45      146.100      73.5400      14.9500      105.000      5.24147     0.258819    0.0883638
1999-04-30/07:17:05      144.050      75.0100      15.0700      103.000      1.83560     0.224951    0.0312162
1999-04-30/07:17:24      141.000      76.5700      15.1500      104.000      6.77114     0.241922     0.114668
1999-04-30/08:22:04      154.210     -81.4000      13.6100      93.0000      10.1753    0.0523359     0.177349
1999-04-30/08:22:24      153.390     -80.5500      13.7800      102.000      2.23194     0.207912    0.0381034
1999-04-30/08:22:43      151.250     -80.1100      13.5500      104.000      3.37305     0.241922    0.0571221
1999-04-30/08:23:03      153.050     -78.6100      12.6600      117.000      11.3419     0.453991     0.176378
1999-04-30/08:24:24      156.310     -72.7800      14.0100      91.0000      20.6698    0.0174525     0.360701
1999-04-30/08:24:44      156.080     -72.0500      14.3400      115.000      5.53081     0.422618    0.0874866
1999-04-30/08:25:04      155.870     -71.1600      12.9200      116.000      8.29996     0.438371     0.130201
1999-04-30/08:25:23      157.070     -69.6600      12.6800      112.000      17.4097     0.374607     0.281731
1999-04-30/08:25:43      157.340     -68.5500      12.4300      113.000      4.44103     0.390731    0.0713489
1999-04-30/08:26:03      157.200     -67.4900      12.2800      108.000      3.27522     0.309017    0.0543656
1999-04-30/08:26:44      156.740     -65.1000      12.1100      119.000      23.7264     0.484810     0.362183
1999-04-30/08:27:04      156.760     -64.0300      11.9600      114.000      20.2240     0.406737     0.322459
1999-04-30/08:27:24      156.840     -63.0400      12.2000      109.000      25.5614     0.325568     0.421825
1999-04-30/08:27:44      156.440     -62.4000      11.0100      128.000      9.41108     0.615661     0.129434
1999-04-30/08:28:03      156.670     -60.8100      10.1800      133.000      26.9050     0.681998     0.343430
1999-04-30/08:28:23      156.700     -59.3100      9.88000      115.000      22.3924     0.422618     0.354204
1999-04-30/08:28:43      157.040     -57.8500      10.8000      123.000      23.1802     0.544639     0.339302
1999-04-30/08:29:03      157.080     -56.6900      12.4700      171.000      10.7823     0.987688    0.0294389
1999-04-30/08:29:24      156.970     -55.7900      13.0600      111.000      22.2732     0.358368     0.362921
1999-04-30/08:29:44      155.800     -55.5900      11.7500      120.000      21.9826     0.500000     0.332267
1999-04-30/08:30:04      155.320     -54.3800      10.1600      123.000      7.13625     0.544639     0.104457
1999-04-30/08:30:24      156.470     -53.0100      10.9900      150.000      35.6382     0.866026     0.311002
1999-04-30/08:31:43      156.160     -48.0600      6.32000      140.000      28.7126     0.766045     0.322120
1999-04-30/08:32:04      157.530     -46.8500      6.62000      145.000      30.0488     0.819152     0.300812
1999-04-30/08:32:24      157.250     -45.4500      7.53000      147.000      10.8708     0.838671     0.103335
1999-04-30/08:32:44      157.460     -44.1200      11.5500      167.000      13.0169     0.974370    0.0511061
1999-04-30/08:33:04      157.290     -43.2600      15.9400      145.000      30.0488     0.819152     0.300812
1999-04-30/08:33:23      157.040     -42.4300      13.7500      162.000      17.3669     0.951056    0.0936660
1999-04-30/08:33:43      157.040     -41.1300      16.0000      172.000      15.4139     0.990268    0.0374408
1999-04-30/08:34:03      156.910     -40.2800      14.4600      171.000      11.4516     0.987688    0.0312663
1999-04-30/08:34:23      157.160     -39.1300      14.4000      170.000      45.0000     0.984808     0.136383
1999-04-30/08:34:44      157.670     -38.0400      15.0800      171.000      12.7742     0.987688    0.0348774
1999-04-30/08:35:04      158.210     -37.6900      11.2400      170.000      11.3186     0.984808    0.0343037
1999-04-30/08:35:24      157.430     -35.7600      9.43000      172.000      24.3475     0.990268    0.0591408
1999-04-30/08:36:03      156.320     -33.5800      14.7700      151.000      37.2472     0.874620     0.315168
1999-04-30/08:36:23      156.800     -32.8200      13.8400      173.000      45.0000     0.992546    0.0957159
1999-04-30/08:36:43      157.060     -31.8100      10.7800      162.000      16.0217     0.951056    0.0864109
1999-04-30/08:37:03      156.990     -30.3100      9.51000      172.000      13.4635     0.990268    0.0327032
1999-04-30/08:37:24      156.260     -29.2800      12.1500      125.000      21.8278     0.573576     0.312070
1999-04-30/08:38:04      155.840     -26.7400      7.22000      156.000      39.3380     0.913545     0.279256
1999-04-30/08:38:24      156.440     -26.0500      6.43000      171.000      27.8685     0.987688    0.0760893
1999-04-30/08:38:43      156.930     -24.5500      6.36000      171.000      21.5726     0.987688    0.0588996
1999-04-30/08:39:03      156.790     -23.5100      9.73000      161.000      45.0000     0.945519     0.255701
1999-04-30/08:39:23      156.870     -22.4300      12.9000      137.000      26.5798     0.731354     0.316382
1999-04-30/08:39:43      156.770     -21.6400      12.8900      140.000      10.9113     0.766045     0.122411
1999-04-30/08:40:04      156.750     -20.4600      11.9900      130.000      11.3415     0.642788     0.151636
1999-04-30/08:40:44      156.590     -18.2800      12.3300      171.000      19.4505     0.987688    0.0531056
1999-04-30/08:41:04      156.530     -17.1500      12.5800      164.000      45.0000     0.961262     0.216485
1999-04-30/08:41:23      156.540     -16.2200      12.0700      121.000      19.9174     0.515038     0.297973
1999-04-30/08:42:23      156.520     -12.8700      10.0100      139.000      27.2650     0.754710     0.312195
1999-04-30/08:42:44      156.370     -11.6500      9.89000      150.000      12.3975     0.866026     0.108189
1999-04-30/08:43:04      156.480     -10.5200      11.6100      158.000      42.4920     0.927184     0.277818
1999-04-30/08:43:24      156.550     -9.57000      11.9200      157.000      18.5428     0.920505     0.126453
1999-04-30/08:44:03      156.470     -7.41000      12.3900      114.000      20.2240     0.406737     0.322459
1999-04-30/08:44:23      156.400     -6.34000      13.1000      159.000      45.0000     0.933580     0.281462
1999-04-30/08:44:43      156.300     -5.15000      11.5800      121.000      19.9174     0.515038     0.297973
1999-04-30/08:45:03      156.370     -3.98000      11.6400      145.000      9.13993     0.819152    0.0914980
1999-04-30/08:45:24      156.350     -2.81000      11.0300      130.000      25.7972     0.642788     0.344909
1999-04-30/08:45:44      156.270     -1.70000      11.8900      125.000      21.8278     0.573576     0.312070
1999-04-30/08:46:04      156.290    -0.730000      13.2700      122.000      3.33634     0.529919    0.0493819
1999-04-30/08:46:43      156.000      1.22000      11.2600      134.000      8.01356     0.694658     0.100609
1999-04-30/08:47:03      155.950      2.44000      10.5400      172.000      27.3371     0.990268    0.0664026
1999-04-30/08:47:23      155.970      3.59000      9.86000      174.000      45.0000     0.994522    0.0820963
1999-04-30/08:48:04      156.160      5.95000      10.7500      153.000      32.8278     0.891007     0.260115
1999-04-30/08:48:24      156.190      6.98000      11.3900      120.000      21.9826     0.500000     0.332267
1999-04-30/08:48:44      156.180      8.01000      11.2600      159.000      14.2603     0.933580    0.0891939
1999-04-30/08:49:04      156.190      9.02000      11.4700      155.000      41.2354     0.906308     0.304156
1999-04-30/08:49:23      156.140      9.92000      10.5900      170.000      24.9085     0.984808    0.0754911
1999-04-30/08:50:03      156.100      12.5200      11.2700      135.000      2.99077     0.707107    0.0369101
1999-04-30/08:50:23      156.110      13.4800      11.6600      125.000      5.54943     0.573576    0.0793396
1999-04-30/08:50:44      155.970      14.6100      11.3700      159.000      12.8722     0.933580    0.0805118
1999-04-30/08:51:04      155.870      15.7500      11.4000      140.000      28.7126     0.766045     0.322120
1999-04-30/08:51:24      155.810      16.7700      11.4900      101.000      4.33435     0.190809    0.0742588
1999-04-30/08:51:44      155.710      17.8300      10.9900      92.0000      20.8008    0.0348995     0.362821
1999-04-30/08:52:03      155.610      18.8900      10.7400      97.0000      18.5254     0.121869     0.320920
1999-04-30/08:52:23      155.570      20.0400      11.0400      171.000      29.5698     0.987688    0.0807343
1999-04-30/08:52:43      155.600      21.1200      11.3800      96.0000      19.9121     0.104529     0.345629
1999-04-30/08:53:24      155.510      23.3700      10.9400      100.000      21.1866     0.173648     0.364158
1999-04-30/08:53:44      155.450      24.4500      10.9800      110.000      26.6230     0.342020     0.436637
1999-04-30/08:54:04      155.460      25.5700      10.9300      112.000      2.15767     0.374607    0.0349163
1999-04-30/08:54:24      155.440      26.7400      11.5400      114.000      20.2240     0.406737     0.322459
1999-04-30/08:55:23      155.170      30.1300      11.7400      91.0000      2.12954    0.0174525    0.0371618
1999-04-30/08:55:43      155.070      31.1900      11.4700      109.000      3.50897     0.325568    0.0579065
1999-04-30/08:56:04      155.020      32.2900      11.2100      92.0000      2.34627    0.0348995    0.0409252
1999-04-30/08:58:03      154.680      38.9700      10.9600      112.000      2.54874     0.374607    0.0412448
1999-04-30/08:58:23      154.560      40.1300      10.9700      110.000      2.73958     0.342020    0.0449311
1999-04-30/08:58:44      154.480      41.4100      11.0400      104.000      2.18875     0.241922    0.0370662
1999-04-30/08:59:04      154.480      42.5800      10.8800      113.000      1.69368     0.390731    0.0272104
1999-04-30/08:59:24      154.310      43.6800      10.7600      102.000      1.86721     0.207912    0.0318768
1999-04-30/09:00:43      153.370      48.2000      10.9100      106.000      4.31371     0.275637    0.0723719
1999-04-30/09:01:03      153.310      49.2400      10.7900      103.000      23.4252     0.224951     0.398368
1999-04-30/09:01:24      153.370      50.3300      10.6200      143.000      34.4662     0.798636     0.362021
1999-04-30/09:02:04      153.140      52.6400      10.4300      133.000      26.9050     0.681998     0.343430
1999-04-30/09:02:24      153.250      53.7600      10.4900      116.000      21.9194     0.438371     0.343848
1999-04-30/09:02:43      153.160      54.8700      10.6700      134.000      20.5334     0.694658     0.257794
1999-04-30/09:03:03      152.840      56.0900      10.8200      115.000      22.3924     0.422618     0.354204
1999-04-30/09:03:23      152.740      57.2400      10.6800      117.000      22.6838     0.453991     0.352756
1999-04-30/09:03:43      152.310      58.5400      10.4200      116.000      21.9194     0.438371     0.343848
1999-04-30/09:04:04      151.730      59.9700      10.7800      147.000      11.0669     0.838671     0.105199
1999-04-30/09:04:24      151.740      60.8800      10.7100      158.000      20.3947     0.927184     0.133343
1999-04-30/09:04:44      150.840      62.2900      10.6400      121.000      5.63168     0.515038    0.0842521
1999-04-30/09:05:04      150.880      63.3000      10.6600      115.000      22.3924     0.422618     0.354204
1999-04-30/09:05:23      149.720      64.9100      10.1800      121.000      6.18368     0.515038    0.0925103
1999-04-30/09:05:43      147.420      67.2100      10.9200      105.000      20.0866     0.258819     0.338632
1999-04-30/09:06:03      148.550      67.3600      11.2100      107.000      8.78078     0.292372     0.146557
1999-04-30/09:06:23      147.600      68.3500      11.1200      106.000      8.76014     0.275637     0.146970
1999-04-30/09:06:44      145.440      70.1000      10.8300      105.000      6.17242     0.258819     0.104058
1999-04-30/12:30:24      153.910      5.84000      12.1000      116.000      8.88126     0.438371     0.139320
1999-04-30/12:30:43      153.930      6.88000      12.3800      126.000      11.1706     0.587785     0.157729
1999-04-30/12:31:03      153.950      7.90000      12.4300      171.000      21.1895     0.987688    0.0578536
1999-04-30/12:31:23      153.960      8.94000      12.3500      102.000      8.01478     0.207912     0.136827
1999-04-30/12:31:43      153.860      10.0000      12.1300      114.000      20.2240     0.406737     0.322459
1999-04-30/12:32:04      153.640      11.1600      11.4100      146.000      28.3908     0.829038     0.277087
1999-04-30/12:32:24      153.560      12.5600      11.3800      129.000      25.6400     0.629321     0.347775
1999-04-30/12:32:44      153.720      13.5500      13.0500      133.000      8.41973     0.681998     0.107474
1999-04-30/12:33:04      153.670      14.6200      12.7000      122.000      7.52825     0.529919     0.111427
1999-04-30/12:33:23      153.700      15.6400      12.9100      105.000      5.93599     0.258819     0.100072
1999-04-30/12:33:43      153.710      16.6700      13.0100      131.000      25.9298     0.656059     0.341552
1999-04-30/12:34:03      153.640      17.7600      12.9900      120.000      4.33929     0.500000    0.0655884
1999-04-30/12:34:23      153.580      18.8800      13.3100      104.000      4.84063     0.241922    0.0819754
1999-04-30/12:34:44      153.500      20.0600      13.6600      111.000      22.2732     0.358368     0.362921
1999-04-30/12:35:04      153.400      21.1700      13.9100      131.000      5.91848     0.656059    0.0779592
1999-04-30/12:35:24      153.300      22.3000      13.7400      115.000      9.17440     0.422618     0.145121
1999-04-30/12:35:44      153.270      23.3800      14.0500      134.000      4.21481     0.694658    0.0529163
1999-04-30/12:36:03      153.230      24.3800      13.6500      112.000      4.32754     0.374607    0.0700300
1999-04-30/12:36:23      153.190      25.5500      13.0800      111.000      22.2732     0.358368     0.362921
1999-04-30/12:36:43      153.200      26.6900      12.9800      114.000      3.21946     0.406737    0.0513323
1999-04-30/12:37:03      153.220      27.8000      13.0700      120.000      21.9826     0.500000     0.332267
1999-04-30/12:37:24      153.170      28.9200      13.2600      137.000      13.2899     0.731354     0.158191
1999-04-30/12:37:44      153.100      30.0300      13.5000      134.000      20.5334     0.694658     0.257794
1999-04-30/12:38:04      153.040      31.1300      13.5500      101.000      2.61109     0.190809    0.0447348
1999-04-30/12:38:24      152.980      32.2200      13.3700      101.000      8.50137     0.190809     0.145651
1999-04-30/12:38:43      152.860      33.2700      13.3900      124.000      5.55415     0.559193    0.0803654
1999-04-30/12:39:03      152.710      34.3900      13.3700      110.000      5.66758     0.342020    0.0929525
1999-04-30/12:39:23      152.590      35.5900      13.5100      111.000      7.62214     0.358368     0.124196
1999-04-30/12:39:43      152.530      36.7200      13.5300      109.000      2.75142     0.325568    0.0454051
1999-04-30/12:40:02      152.470      37.8700      13.4400      119.000      7.65778     0.484810     0.116896
1999-04-30/12:40:22      152.410      38.9400      13.5700      109.000      2.97829     0.325568    0.0491490
1999-04-30/12:40:42      152.360      39.9400      13.5500      103.000      3.80260     0.224951    0.0646669
1999-04-30/12:41:02      152.260      40.9700      13.5000      92.0000      2.25777    0.0348995    0.0393815
1999-04-30/12:41:23      152.080      42.1900      13.6900      93.0000     0.544964    0.0523359   0.00949838
1999-04-30/12:41:43      152.080      43.3700      13.6100      105.000      3.92395     0.258819    0.0661523
1999-04-30/12:42:03      151.980      44.5000      13.7200      106.000      4.47458     0.275637    0.0750708
1999-04-30/12:42:23      151.840      45.7200      13.8300      134.000      20.5334     0.694658     0.257794
1999-04-30/12:42:42      151.680      46.9000      13.6500      142.000      29.0452     0.788011     0.312100
1999-04-30/12:43:02      151.470      48.0900      13.5400      117.000      22.6838     0.453991     0.352756
1999-04-30/12:43:22      151.500      49.1300      13.5000      103.000      3.09582     0.224951    0.0526474
1999-04-30/12:43:42      151.350      50.1800      12.9100      126.000      25.0610     0.587785     0.353862
1999-04-30/12:44:03      151.220      51.2500      12.3900      122.000      5.22966     0.529919    0.0774054
1999-04-30/12:44:23      150.920      52.5000      11.8000      107.000      22.5796     0.292372     0.376869
1999-04-30/12:44:43      150.670      53.8400      11.8300      127.000      22.1762     0.601815     0.309110
1999-04-30/12:45:03      150.650      55.0300      12.0400      113.000      4.44103     0.390731    0.0713489
1999-04-30/13:29:02      331.870     -15.2800      11.5200      71.0000      4.90683     0.325568    0.0809745
1999-04-30/13:29:23      332.300     -16.0900      13.5300      62.0000      3.48879     0.469472    0.0537635
1999-04-30/13:29:43      332.800     -17.0800      13.8600      65.0000      2.54404     0.422618    0.0402418
1999-04-30/13:30:03      332.920     -18.1500      14.4600      74.0000      5.02431     0.275637    0.0842938
1999-04-30/13:30:23      332.890     -19.1400      14.4500      78.0000      2.40509     0.207912    0.0410594
1999-04-30/13:30:42      333.060     -20.2400      14.4800      65.0000      1.94222     0.422618    0.0307221
1999-04-30/13:31:42      333.060     -23.6800      10.8300      64.0000      4.71998     0.438371    0.0740419
1999-04-30/13:32:03      333.190     -24.9500      10.1200      51.0000      3.07219     0.629320    0.0416704
1999-04-30/13:32:23      332.980     -25.9200      10.4800      58.0000      3.04718     0.529919    0.0451020
1999-04-30/13:32:43      332.980     -26.8900      10.3200      88.0000      1.30932    0.0348994    0.0228380
1999-04-30/13:34:02      332.490     -31.2600      11.3300      83.0000      2.70511     0.121869    0.0468612
1999-04-30/13:34:22      332.510     -32.3500      10.7600      80.0000      2.42219     0.173648    0.0416329
1999-04-30/13:34:43      332.520     -33.4700      10.0200      88.0000      1.17281    0.0348994    0.0204569
1999-04-30/13:35:03      332.170     -34.6900      8.66000      80.0000      2.49419     0.173648    0.0428705
1999-04-30/13:35:23      331.960     -35.8400      8.09000      67.0000      1.98706     0.390731    0.0319238
1999-04-30/13:35:43      331.330     -37.1000      8.73000      57.0000      2.26089     0.544639    0.0330939
