1999-04-28/00:52:42      188.580     -59.0700      10.6800      102.000      7.02018     0.207912     0.119848
1999-04-28/00:53:02      188.430     -58.3100      10.1600      148.000      4.09112     0.848048    0.0378381
1999-04-28/00:53:23      188.580     -58.6300      9.96000      169.000      19.0868     0.981627    0.0635637
1999-04-28/00:53:43      187.660     -57.3800      6.28000      136.000      24.0070     0.719340     0.291063
1999-04-28/00:54:03      188.310     -54.4100      8.23000      161.000      14.5875     0.945519    0.0828896
1999-04-28/00:54:23      188.520     -53.1100      8.75000      120.000      21.9826     0.500000     0.332267
1999-04-28/00:54:42      188.990     -51.9600      11.5000      112.000      17.4097     0.374607     0.281731
1999-04-28/00:55:02      188.840     -51.6300      11.9700      151.000      7.99658     0.874620    0.0676632
1999-04-28/00:55:22      187.950     -52.0000      9.00000      123.000      23.1802     0.544639     0.339302
1999-04-28/00:55:42      188.180     -49.2700      6.28000      172.000      30.9578     0.990268    0.0751974
1999-04-28/00:56:03      188.420     -47.5300      9.87000      172.000      16.1267     0.990268    0.0391722
1999-04-28/00:56:23      188.220     -46.8400      11.3300      150.000      35.6382     0.866026     0.311002
1999-04-28/00:56:43      188.000     -46.0900      10.4600      123.000      23.1802     0.544639     0.339302
1999-04-28/00:57:03      187.910     -44.8900      9.06000      108.000      18.8223     0.309017     0.312433
1999-04-28/00:57:22      188.060     -43.6600      9.15000      115.000      5.53081     0.422618    0.0874866
1999-04-28/00:57:42      188.150     -42.4800      9.02000      119.000      23.7264     0.484810     0.362183
1999-04-28/00:58:02      188.190     -41.3600      9.64000      160.000      12.1655     0.939693    0.0726204
1999-04-28/00:58:22      188.150     -40.3200      8.95000      145.000      9.65466     0.819152    0.0966509
1999-04-28/00:58:43      188.170     -39.0400      9.04000      95.0000      5.06815    0.0871559    0.0881193
1999-04-28/00:59:03      188.070     -37.9900      9.87000      102.000      8.01478     0.207912     0.136827
1999-04-28/00:59:23      187.990     -37.1300      9.69000      126.000      25.0610     0.587785     0.353862
1999-04-28/00:59:43      187.840     -36.2500      8.13000      145.000      2.56806     0.819152    0.0257083
1999-04-28/01:00:22      187.990     -33.3200      9.33000      144.000      30.4326     0.809017     0.312202
1999-04-28/01:00:42      187.990     -32.3300      9.30000      125.000      9.47304     0.573576     0.135435
1999-04-28/01:01:02      188.190     -31.0800      9.70000      135.000      20.6726     0.707107     0.255128
1999-04-28/01:01:23      188.260     -30.0800      11.6400      124.000      17.6815     0.559193     0.255841
1999-04-28/01:01:43      188.110     -29.3000      10.1200      128.000      7.77639     0.615661     0.106952
1999-04-28/01:02:03      188.190     -28.0100      7.90000      148.000      32.7620     0.848048     0.303010
1999-04-28/01:02:23      188.340     -26.8400      11.6400      159.000      45.0000     0.933580     0.281462
1999-04-28/01:02:42      188.390     -26.2100      10.7900      169.000      8.14719     0.981627    0.0271321
1999-04-28/01:03:02      188.230     -25.4000      7.69000      134.000      4.21481     0.694658    0.0529163
1999-04-28/01:03:22      188.170     -23.6400      5.73000      149.000      31.4226     0.857167     0.282461
1999-04-28/01:03:42      188.040     -22.3200      9.45000      115.000      22.3924     0.422618     0.354204
1999-04-28/01:04:03      187.940     -21.5200      11.2300      155.000      5.63737     0.906308    0.0415817
1999-04-28/01:04:23      187.820     -20.6000      9.41000      133.000      8.41973     0.681998     0.107474
1999-04-28/01:05:22      187.680     -17.1400      7.62000      163.000      45.0000     0.956305     0.229628
1999-04-28/01:05:42      187.520     -16.0800      8.16000      159.000      19.4493     0.933580     0.121650
1999-04-28/01:06:02      187.330     -14.8300      8.48000      123.000      23.1802     0.544639     0.339302
1999-04-28/01:06:22      187.650     -13.7900      9.31000      147.000      7.03317     0.838671    0.0668555
1999-04-28/01:07:23      187.770     -10.3400      8.97000      112.000      7.71689     0.374607     0.124878
1999-04-28/01:07:43      187.720     -9.34000      9.20000      115.000      4.36896     0.422618    0.0691084
1999-04-28/01:08:02      187.640     -8.31000      8.84000      112.000      5.51131     0.374607    0.0891863
1999-04-28/01:08:22      187.610     -7.18000      8.82000      113.000      2.10025     0.390731    0.0337423
1999-04-28/01:08:42      187.620     -6.03000      8.86000      107.000      9.20008     0.292372     0.153555
1999-04-28/01:09:02      187.700     -4.87000      9.98000      121.000      3.67335     0.515038    0.0549548
1999-04-28/01:09:23      187.720     -3.84000      11.1800      116.000      6.26546     0.438371    0.0982857
1999-04-28/01:09:43      187.660     -2.84000      10.6500      136.000      24.0070     0.719340     0.291063
1999-04-28/01:10:03      187.660     -1.74000      9.93000      109.000      5.45873     0.325568    0.0900822
1999-04-28/01:10:23      187.580    -0.700000      9.39000      112.000      17.4097     0.374607     0.281731
1999-04-28/01:11:02      187.560      1.52000      9.85000      140.000      4.85964     0.766045    0.0545191
1999-04-28/01:11:22      187.500      2.44000      8.66000      93.0000      4.60378    0.0523359    0.0802410
1999-04-28/01:12:23      187.430      6.13000      8.62000      104.000      4.68251     0.241922    0.0792976
1999-04-28/01:12:43      187.490      7.13000      9.54000      138.000      12.2961     0.743145     0.143600
1999-04-28/01:13:42      187.240      10.2800      7.10000      115.000      22.3924     0.422618     0.354204
1999-04-28/01:14:22      186.760      14.3600      6.81000      125.000      6.42706     0.573576    0.0918870
1999-04-28/01:14:43      187.620      14.3900      15.5000      139.000      27.2650     0.754710     0.312195
1999-04-28/01:15:03      187.590      14.6300      18.3000      173.000      45.0000     0.992546    0.0957159
1999-04-28/01:15:23      187.410      15.4800      11.5700      94.0000      26.9820    0.0697566     0.469778
1999-04-28/01:15:43      187.200      16.7900      9.06000      92.0000      20.8008    0.0348995     0.362821
1999-04-28/01:16:02      187.120      17.9700      9.52000      137.000      26.5798     0.731354     0.316382
1999-04-28/01:16:22      187.080      19.0900      9.31000      137.000      2.42132     0.731354    0.0288213
1999-04-28/01:16:42      187.120      20.2300      9.41000      99.0000      5.39066     0.156434    0.0929264
1999-04-28/01:17:23      187.110      22.4700      9.35000      105.000      7.26377     0.258819     0.122457
1999-04-28/01:17:43      187.040      23.5800      8.99000      109.000      5.14260     0.325568    0.0848653
1999-04-28/01:18:03      186.990      24.7300      8.96000      115.000      11.1962     0.422618     0.177102
1999-04-28/01:18:23      186.950      25.8400      9.18000      110.000      2.88719     0.342020    0.0473520
1999-04-28/01:18:42      186.940      26.8900      9.22000      109.000      2.83748     0.325568    0.0468253
1999-04-28/01:19:02      186.910      27.9900      9.22000      102.000      3.72861     0.207912    0.0636544
1999-04-28/01:19:42      186.830      30.2500      9.13000      114.000      3.09401     0.406737    0.0493321
1999-04-28/01:20:03      186.810      31.3700      9.33000      106.000      3.45951     0.275637    0.0580408
1999-04-28/01:20:23      186.760      32.4600      9.27000      102.000      2.28924     0.207912    0.0390817
1999-04-28/01:20:43      186.690      33.5800      9.21000      111.000      3.93253     0.358368    0.0640768
1999-04-28/01:21:03      186.650      34.7000      9.33000      109.000      3.11900     0.325568    0.0514710
1999-04-28/01:21:22      186.620      35.7500      9.41000      104.000      4.10868     0.241922    0.0695799
1999-04-28/01:21:42      186.560      36.8600      9.42000      106.000      2.31977     0.275637    0.0389192
1999-04-28/01:22:02      186.520      37.9600      9.42000      107.000      5.27146     0.292372    0.0879842
1999-04-28/01:22:22      186.460      39.0700      9.40000      104.000      4.56736     0.241922    0.0773476
1999-04-28/01:22:43      186.440      40.2100      9.39000      112.000      1.90709     0.374607    0.0308613
1999-04-28/01:23:03      186.390      41.3000      9.41000      101.000      6.78284     0.190809     0.116208
1999-04-28/01:23:23      186.350      42.4000      9.37000      106.000      6.30314     0.275637     0.105749
1999-04-28/01:23:43      186.280      43.5500      9.26000      102.000      1.55031     0.207912    0.0264667
1999-04-28/01:24:02      186.220      44.6300      9.24000      107.000      4.48756     0.292372    0.0749004
1999-04-28/01:24:22      186.160      45.7800      9.23000      105.000      3.26672     0.258819    0.0550723
1999-04-28/01:24:42      186.090      46.9000      9.24000      104.000      2.74456     0.241922    0.0464787
1999-04-28/01:25:02      186.050      48.0100      9.24000      98.0000      3.15804     0.139173    0.0545818
1999-04-28/01:25:23      185.980      49.1700      9.14000      104.000      4.98392     0.241922    0.0844020
1999-04-28/01:25:43      185.870      50.3100      9.10000      107.000      2.72835     0.292372    0.0455380
1999-04-28/01:26:03      185.720      51.4900      9.08000      115.000      3.00722     0.422618    0.0475684
1999-04-28/01:26:23      185.590      52.6000      9.29000      104.000      2.56031     0.241922    0.0433585
1999-04-28/01:27:03      185.470      54.8300      9.18000      106.000      6.94302     0.275637     0.116484
1999-04-28/01:27:23      185.350      55.9800      9.24000      108.000      3.03428     0.309017    0.0503662
1999-04-28/01:27:43      185.100      57.1500      9.13000      111.000      3.06196     0.358368    0.0498917
1999-04-28/01:28:03      184.740      58.5400      9.20000      108.000      3.27522     0.309017    0.0543656
1999-04-28/01:28:23      184.610      59.6400      9.32000      108.000      2.94697     0.309017    0.0489170
1999-04-28/01:28:43      184.460      60.7800      9.44000      105.000      3.92395     0.258819    0.0661523
1999-04-28/01:29:03      184.310      61.8200      9.48000      101.000      1.48621     0.190809    0.0254627
1999-04-28/01:29:23      184.020      62.9800      9.37000      104.000      1.81482     0.241922    0.0307337
1999-04-28/01:29:43      183.780      64.2100      9.40000      106.000      2.76827     0.275637    0.0464438
1999-04-28/01:30:03      183.530      65.3900      9.35000      103.000      2.99630     0.224951    0.0509550
1999-04-28/01:30:23      183.100      66.6500      9.32000      104.000      3.22223     0.241922    0.0545680
1999-04-28/01:30:43      182.590      67.9700      9.30000      111.000      2.66344     0.358368    0.0433982
1999-04-28/01:31:03      181.930      69.3200      9.20000      107.000      2.80513     0.292372    0.0468195
1999-04-28/01:31:23      180.940      70.8500      9.23000      103.000      2.64059     0.224951    0.0449058
1999-04-28/01:31:43      179.900      72.2800      9.27000      112.000      2.09250     0.374607    0.0338617
1999-04-28/01:32:03      178.310      73.8000      9.33000      114.000      2.54404     0.406737    0.0405631
1999-04-28/01:32:23      178.010      74.7700      9.51000      104.000      2.85144     0.241922    0.0482887
1999-04-28/02:43:43      187.570     -59.5400      11.4200      123.000      23.1802     0.544639     0.339302
1999-04-28/02:44:02      187.450     -58.6700      12.3300      112.000      17.4097     0.374607     0.281731
1999-04-28/02:44:22      187.250     -58.0200      12.0700      157.000      7.91111     0.920505    0.0539501
1999-04-28/02:44:42      185.270     -58.9800      10.0100      147.000      30.4102     0.838671     0.289071
1999-04-28/02:45:02      187.250     -55.0100      8.97000      145.000      9.13993     0.819152    0.0914980
1999-04-28/02:45:23      187.480     -53.7800      11.1000      172.000      15.4139     0.990268    0.0374408
1999-04-28/02:45:43      187.610     -52.7300      12.4700      151.000      14.9536     0.874620     0.126530
1999-04-28/02:46:03      187.730     -51.9800      13.6900      102.000      19.1297     0.207912     0.326580
1999-04-28/02:46:23      187.190     -51.4800      12.8900      156.000      18.5262     0.913545     0.131516
1999-04-28/02:46:42      186.440     -50.6700      11.2000      170.000      24.9085     0.984808    0.0754911
1999-04-28/02:47:22      187.400     -47.3600      14.0800      137.000      26.5798     0.731354     0.316382
1999-04-28/02:47:42      187.310     -46.6200      14.4000      148.000      3.50784     0.848048    0.0324434
1999-04-28/02:48:03      187.230     -45.6800      13.2200      115.000      4.24559     0.422618    0.0671570
1999-04-28/02:48:43      187.230     -43.4100      12.0400      162.000      45.0000     0.951056     0.242701
1999-04-28/02:49:03      187.330     -42.2100      11.5800      114.000      20.2240     0.406737     0.322459
1999-04-28/02:49:22      187.350     -41.1800      11.7500      91.0000      7.90612    0.0174525     0.137967
1999-04-28/02:49:42      187.320     -40.0400      10.8200      128.000      24.7730     0.615661     0.340713
1999-04-28/02:50:02      187.350     -38.7400      11.3700      171.000      9.23114     0.987688    0.0252037
1999-04-28/02:50:22      187.300     -37.7300      11.9200      134.000      7.61342     0.694658    0.0955853
1999-04-28/02:50:43      187.090     -36.8000      11.5100      132.000      12.3667     0.669131     0.160400
1999-04-28/02:51:03      186.930     -35.8200      9.75000      112.000      17.4097     0.374607     0.281731
1999-04-28/02:51:23      187.110     -34.1400      8.95000      111.000      22.2732     0.358368     0.362921
1999-04-28/02:51:43      187.190     -33.0000      11.6100      138.000      26.7062     0.743145     0.311889
1999-04-28/02:52:02      187.160     -32.0500      10.9700      171.000      45.0000     0.987688     0.122863
1999-04-28/02:52:42      187.140     -29.9000      13.1100      172.000      22.5670     0.990268    0.0548159
1999-04-28/02:53:02      187.020     -29.2000      12.6000      160.000      7.60964     0.939693    0.0454248
1999-04-28/02:53:43      187.460     -27.6100      12.3100      166.000      17.4672     0.970296    0.0737523
1999-04-28/02:54:03      187.600     -26.7600      8.39000      129.000      25.6400     0.629321     0.347775
1999-04-28/02:54:23      186.760     -25.5800      7.59000      161.000      13.1865     0.945519    0.0749288
1999-04-28/02:54:42      186.820     -23.4500      6.88000      140.000      8.22101     0.766045    0.0922295
1999-04-28/02:55:02      187.010     -22.1900      11.1200      112.000      17.4097     0.374607     0.281731
1999-04-28/02:55:22      186.920     -21.4100      12.1500      170.000      20.9639     0.984808    0.0635360
1999-04-28/02:55:42      186.820     -20.4800      10.4000      158.000      17.7407     0.927184     0.115991
1999-04-28/02:58:22      186.720     -11.2000      8.67000      121.000      19.9174     0.515038     0.297973
1999-04-28/02:58:43      186.760     -10.0700      10.0100      172.000      45.0000     0.990268     0.109306
1999-04-28/02:59:03      186.770     -9.01000      10.3000      144.000      9.11228     0.809017    0.0934809
1999-04-28/02:59:23      186.710     -7.92000      10.4600      123.000      3.32815     0.544639    0.0487160
1999-04-28/02:59:43      186.690     -6.86000      10.2400      138.000      8.00324     0.743145    0.0934661
1999-04-28/03:00:02      186.720     -5.78000      9.90000      124.000      4.16840     0.559193    0.0603144
1999-04-28/03:00:22      186.790     -4.66000      10.4500      122.000      3.39229     0.529919    0.0502101
1999-04-28/03:00:42      186.840     -3.63000      10.6600      123.000      3.47125     0.544639    0.0508106
1999-04-28/03:01:02      186.790     -2.54000      9.99000      126.000      25.0610     0.587785     0.353862
1999-04-28/03:01:23      186.700     -1.37000      9.90000      127.000      11.0881     0.601815     0.154555
1999-04-28/03:01:43      186.610    -0.330000      10.5300      126.000      25.0610     0.587785     0.353862
1999-04-28/03:02:23      186.580      1.84000      10.1600      127.000      4.95410     0.601815    0.0690543
1999-04-28/03:02:42      186.420      2.85000      9.15000      123.000      7.02375     0.544639     0.102811
1999-04-28/03:03:02      186.370      4.05000      9.27000      124.000      17.6815     0.559193     0.255841
1999-04-28/03:03:22      186.420      5.16000      9.21000      130.000      4.24681     0.642788    0.0567798
1999-04-28/03:03:42      186.580      6.29000      8.74000      135.000      9.18601     0.707107     0.113368
1999-04-28/03:04:03      186.530      7.45000      8.78000      133.000      26.9050     0.681998     0.343430
1999-04-28/03:05:42      186.060      13.5300      8.75000      123.000      23.1802     0.544639     0.339302
1999-04-28/03:06:02      186.630      14.3700      12.2600      151.000      4.74479     0.874620    0.0401482
1999-04-28/03:06:22      186.650      15.0400      12.5500      124.000      3.18371     0.559193    0.0460665
1999-04-28/03:06:43      186.370      16.0300      10.8000      115.000      4.02131     0.422618    0.0636093
1999-04-28/03:07:03      186.270      17.2000      10.2700      144.000      10.8224     0.809017     0.111025
1999-04-28/03:07:23      186.290      18.2800      10.2900      125.000      6.10809     0.573576    0.0873268
1999-04-28/03:07:43      186.240      19.4000      9.54000      99.0000      3.16593     0.156434    0.0545756
1999-04-28/03:08:02      186.170      20.5100      9.38000      119.000      3.17715     0.484810    0.0484992
1999-04-28/03:08:22      186.130      21.6200      9.48000      119.000      3.00080     0.484810    0.0458072
1999-04-28/03:08:42      186.090      22.6900      9.72000      130.000      8.71274     0.642788     0.116489
1999-04-28/03:09:02      186.050      23.7700      9.43000      111.000      2.37731     0.358368    0.0387360
1999-04-28/03:09:23      186.020      24.9400      9.39000      113.000      2.79642     0.390731    0.0449268
1999-04-28/03:09:43      186.010      26.0200      9.50000      113.000      2.02531     0.390731    0.0325383
1999-04-28/03:10:03      185.960      27.1200      9.32000      109.000      3.18880     0.325568    0.0526229
1999-04-28/03:10:23      185.920      28.2200      9.30000      106.000      5.64541     0.275637    0.0947141
1999-04-28/03:10:42      185.870      29.2700      9.27000      111.000      2.32941     0.358368    0.0379555
1999-04-28/03:11:02      185.830      30.4000      9.25000      108.000      3.72693     0.309017    0.0618636
1999-04-28/03:11:22      185.820      31.4900      9.35000      105.000      4.72693     0.258819    0.0796894
1999-04-28/03:11:42      185.790      32.5800      9.31000      98.0000      5.00329     0.139173    0.0864741
1999-04-28/03:12:03      185.740      33.7400      9.30000      101.000      1.89705     0.190809    0.0325014
1999-04-28/03:12:23      185.700      34.8500      9.31000      100.000      1.86391     0.173648    0.0320371
1999-04-28/03:12:43      185.660      35.9500      9.40000      109.000      3.84268     0.325568    0.0634135
1999-04-28/03:13:03      185.620      37.0400      9.45000      109.000      3.04196     0.325568    0.0501997
1999-04-28/03:13:22      185.580      38.0900      9.52000      111.000      2.76042     0.358368    0.0449784
1999-04-28/03:13:42      185.530      39.1800      9.50000      106.000      3.76704     0.275637    0.0632003
1999-04-28/03:14:02      185.490      40.2800      9.35000      105.000      4.56806     0.258819    0.0770110
1999-04-28/03:14:22      185.460      41.3800      9.26000      99.0000      3.16593     0.156434    0.0545756
1999-04-28/03:14:43      185.410      42.5300      9.16000      96.0000      3.79632     0.104529    0.0658953
1999-04-28/03:15:03      185.350      43.6600      9.10000      92.0000      2.12414    0.0348995    0.0370507
1999-04-28/03:15:23      185.290      44.7700      9.05000      99.0000      3.62819     0.156434    0.0625442
1999-04-28/03:15:43      185.240      45.8800      9.12000      93.0000      3.27567    0.0523359    0.0570929
1999-04-28/03:16:02      185.200      46.9500      9.09000      97.0000      3.76633     0.121869    0.0652449
1999-04-28/03:16:22      185.140      48.0800      9.00000      106.000      3.98240     0.275637    0.0668134
1999-04-28/03:16:42      185.050      49.2100      9.04000      112.000      1.74712     0.374607    0.0282726
1999-04-28/03:17:02      184.940      50.3300      9.07000      106.000      4.31371     0.275637    0.0723719
1999-04-28/03:17:23      184.840      51.5000      9.16000      111.000      2.43529     0.358368    0.0396807
1999-04-28/03:17:43      184.790      52.5700      9.25000      105.000      4.06813     0.258819    0.0685829
1999-04-28/03:18:23      184.610      54.9500      8.82000      108.000      4.32231     0.309017    0.0717463
1999-04-28/03:18:42      184.470      56.0000      9.04000      109.000      2.51082     0.325568    0.0414346
1999-04-28/03:19:02      184.250      57.1400      9.01000      111.000      3.72656     0.358368    0.0607208
1999-04-28/03:19:22      184.110      58.2800      9.17000      103.000      4.07256     0.224951    0.0692578
1999-04-28/03:19:42      184.020      59.4100      9.12000      111.000      2.76042     0.358368    0.0449784
1999-04-28/03:20:03      183.950      60.6100      9.26000      106.000      3.98240     0.275637    0.0668134
1999-04-28/03:20:23      183.830      61.6400      9.27000      104.000      3.45956     0.241922    0.0585871
1999-04-28/03:20:43      183.630      62.8000      9.14000      102.000      1.92393     0.207912    0.0328451
1999-04-28/03:21:03      183.480      63.9500      9.13000      109.000      2.97829     0.325568    0.0491490
1999-04-28/03:21:22      183.280      65.0700      9.12000      104.000      2.35032     0.241922    0.0398023
1999-04-28/03:21:42      183.050      66.2100      9.10000      101.000      3.52032     0.190809    0.0603123
1999-04-28/03:22:02      182.770      67.4000      9.06000      108.000      3.20879     0.309017    0.0532629
1999-04-28/03:22:22      182.330      68.6600      8.97000      110.000      2.73958     0.342020    0.0449311
1999-04-28/03:22:43      181.790      69.9500      9.02000      104.000      3.22223     0.241922    0.0545680
1999-04-28/03:23:03      181.330      71.1500      9.11000      105.000      3.40585     0.258819    0.0574178
1999-04-28/03:23:23      180.860      72.3000      9.19000      124.000      2.39890     0.559193    0.0347107
1999-04-28/03:23:43      180.730      73.3400      9.27000      108.000      3.20879     0.309017    0.0532629
1999-04-28/03:24:02      180.580      74.2600      9.30000      103.000      2.73067     0.224951    0.0464377
1999-04-28/03:24:22      179.830      75.4400      8.98000      94.0000      3.35741    0.0697566    0.0584551
1999-04-28/03:24:42      178.320      76.8500      8.87000      105.000      2.68027     0.258819    0.0451856
1999-04-28/03:25:02      176.330      78.3500      8.75000      101.000      1.63026     0.190809    0.0279306
1999-04-28/03:25:23      173.090      80.1200      8.72000      101.000      1.41405     0.190809    0.0242264
1999-04-28/04:38:23      186.310     -47.7600      8.10000      100.000      5.11101     0.173648    0.0878487
1999-04-28/04:38:42      186.420     -46.8300      10.4400      148.000      6.63263     0.848048    0.0613441
1999-04-28/04:39:02      186.290     -45.9900      10.3600      134.000      4.21481     0.694658    0.0529163
1999-04-28/04:39:22      186.220     -44.9400      8.86000      137.000      6.23492     0.731354    0.0742150
1999-04-28/04:39:42      186.180     -43.7200      8.92000      164.000      45.0000     0.961262     0.216485
1999-04-28/04:40:03      186.100     -42.6500      8.56000      122.000      21.3608     0.529919     0.316166
1999-04-28/04:41:03      186.140     -39.1500      7.95000      128.000      9.94485     0.615661     0.136775
1999-04-28/04:41:22      186.180     -38.1100      8.25000      126.000      8.98264     0.587785     0.126835
1999-04-28/04:41:42      186.080     -36.9700      8.68000      113.000      4.23993     0.390731    0.0681180
1999-04-28/04:42:02      185.890     -36.0100      9.31000      157.000      37.7804     0.920505     0.257645
1999-04-28/04:42:43      186.090     -33.4200      7.76000      131.000      25.9298     0.656059     0.341552
1999-04-28/04:43:03      186.130     -32.4500      9.03000      147.000      5.18183     0.838671    0.0492571
1999-04-28/04:43:23      186.090     -31.2900      8.58000      121.000      19.9174     0.515038     0.297973
1999-04-28/04:43:43      186.180     -30.2300      9.64000      144.000      30.4326     0.809017     0.312202
1999-04-28/04:46:03      185.650     -22.5000      8.97000      131.000      12.2177     0.656059     0.160934
1999-04-28/04:46:23      185.820     -21.6000      9.83000      154.000      36.0924     0.898794     0.276144
1999-04-28/04:46:42      185.670     -20.7700      9.54000      133.000      26.9050     0.681998     0.343430
1999-04-28/04:47:02      185.480     -19.7500      8.42000      128.000      24.7730     0.615661     0.340713
1999-04-28/04:47:42      185.480     -17.2500      8.78000      169.000      9.03534     0.981627    0.0300899
1999-04-28/04:48:03      185.620     -16.0800      9.37000      115.000      22.3924     0.422618     0.354204
1999-04-28/04:48:23      185.740     -15.0800      9.54000      115.000      3.88985     0.422618    0.0615299
1999-04-28/04:48:43      185.690     -14.0300      8.30000      158.000      42.4920     0.927184     0.277818
1999-04-28/04:49:03      185.590     -12.8400      8.24000      113.000      2.02531     0.390731    0.0325383
1999-04-28/04:49:22      185.580     -11.7800      8.51000      122.000      21.3608     0.529919     0.316166
1999-04-28/04:49:42      185.660     -10.6100      8.81000      114.000      2.37061     0.406737    0.0377979
1999-04-28/04:50:02      185.710     -9.58000      8.77000      120.000      3.88265     0.500000    0.0586862
1999-04-28/04:50:43      185.680     -7.29000      8.96000      111.000      7.62214     0.358368     0.124196
1999-04-28/04:51:03      185.640     -6.26000      8.59000      120.000      5.29080     0.500000    0.0799704
1999-04-28/04:51:23      185.640     -5.21000      8.56000      111.000      3.42468     0.358368    0.0558019
1999-04-28/04:51:43      185.640     -4.16000      8.39000      145.000      30.0488     0.819152     0.300812
1999-04-28/04:52:42      185.600    -0.150000      8.36000      119.000      7.65778     0.484810     0.116896
1999-04-28/04:53:02      185.560     0.940000      8.99000      137.000      7.80054     0.731354    0.0928507
1999-04-28/04:53:23      185.520      1.91000      8.64000      112.000      17.4097     0.374607     0.281731
1999-04-28/04:53:43      185.500      2.66000      8.85000      138.000      5.43261     0.743145    0.0634449
1999-04-28/04:54:23      185.410      4.54000      8.29000      136.000      6.07491     0.719340    0.0736527
1999-04-28/04:54:42      185.480      5.49000      6.15000      138.000      5.73175     0.743145    0.0669384
1999-04-28/04:55:02      185.440      7.29000      5.62000      127.000      22.1762     0.601815     0.309110
1999-04-28/04:55:22      185.220      8.22000      8.15000      109.000      12.7807     0.325568     0.210912
1999-04-28/04:56:03      185.040      10.2200      8.16000      134.000      10.1597     0.694658     0.127553
1999-04-28/04:56:43      184.960      12.6500      8.33000      117.000      8.49580     0.453991     0.132118
1999-04-28/04:57:03      185.170      13.8400      9.42000      105.000      5.93599     0.258819     0.100072
1999-04-28/04:57:22      185.340      14.7900      9.75000      122.000      10.6804     0.529919     0.158083
1999-04-28/04:57:42      185.360      15.6500      10.8600      154.000      6.03886     0.898794    0.0462034
1999-04-28/04:58:02      185.290      16.6000      9.91000      138.000      11.8907     0.743145     0.138866
1999-04-28/04:59:03      185.050      20.1200      8.94000      114.000      2.09785     0.406737    0.0334489
1999-04-28/04:59:23      185.020      21.2100      9.32000      114.000      2.09785     0.406737    0.0334489
1999-04-28/04:59:43      185.010      22.3000      9.32000      97.0000      5.90919     0.121869     0.102366
1999-04-28/05:00:02      184.990      23.3500      9.28000      108.000      2.61726     0.309017    0.0434441
1999-04-28/05:00:22      184.930      24.4600      9.14000      100.000      2.78705     0.173648    0.0479042
1999-04-28/05:00:42      184.920      25.6000      8.98000      100.000      3.59287     0.173648    0.0617547
1999-04-28/05:01:02      184.900      26.7000      9.01000      111.000      3.93253     0.358368    0.0640768
1999-04-28/05:01:23      184.860      27.8200      9.02000      105.000      3.09738     0.258819    0.0522174
1999-04-28/05:01:43      184.820      28.9100      8.96000      108.000      3.46035     0.309017    0.0574386
1999-04-28/05:02:03      184.780      29.9900      8.99000      103.000      2.24958     0.224951    0.0382563
1999-04-28/05:02:23      184.760      31.0900      8.87000      99.0000      3.10816     0.156434    0.0535798
1999-04-28/05:02:42      184.740      32.1200      8.83000      105.000      6.44406     0.258819     0.108638
1999-04-28/05:03:02      184.680      33.2000      8.84000      103.000      4.71730     0.224951    0.0802222
1999-04-28/05:03:22      184.620      34.2800      8.82000      97.0000      3.54206     0.121869    0.0613598
1999-04-28/05:03:42      184.560      35.3900      8.98000      109.000      3.38317     0.325568    0.0558305
1999-04-28/05:04:03      184.540      36.4900      9.02000      109.000      3.28169     0.325568    0.0541558
1999-04-28/05:04:23      184.520      37.5800      8.95000      109.000      4.13709     0.325568    0.0682720
1999-04-28/05:04:43      184.520      38.6700      8.88000      103.000      4.99506     0.224951    0.0849458
1999-04-28/05:05:03      184.480      39.7800      8.72000      108.000      2.88853     0.309017    0.0479469
1999-04-28/05:05:22      184.390      40.8700      8.70000      104.000      2.26526     0.241922    0.0383619
1999-04-28/05:05:42      184.340      41.9800      8.56000      93.0000      2.45544    0.0523359    0.0427968
1999-04-28/05:06:02      184.260      43.1500      8.43000      94.0000      3.20026    0.0697566    0.0557190
1999-04-28/05:06:22      184.180      44.3000      8.52000      115.000      2.90088     0.422618    0.0458863
1999-04-28/05:06:43      184.110      45.4600      8.59000      107.000      3.22839     0.292372    0.0538840
1999-04-28/05:07:03      184.070      46.5800      8.45000      109.000      2.90309     0.325568    0.0479080
1999-04-28/05:07:23      184.000      47.7300      8.41000      112.000      3.60949     0.374607    0.0584102
1999-04-28/05:07:43      183.950      48.8500      8.45000      106.000      5.88729     0.275637    0.0987721
1999-04-28/05:08:02      183.890      49.9100      8.59000      100.000      2.20742     0.173648    0.0379414
1999-04-28/05:08:22      183.810      51.0200      8.58000      115.000      3.88985     0.422618    0.0615299
1999-04-28/05:08:42      183.730      52.1800      8.73000      101.000      1.56173     0.190809    0.0267565
1999-04-28/05:09:23      183.440      54.5800      8.22000      118.000      4.34637     0.469472    0.0669791
1999-04-28/05:09:43      183.250      55.8600      8.58000      114.000      2.46245     0.406737    0.0392622
1999-04-28/05:10:03      183.170      56.8500      8.69000      105.000      3.09738     0.258819    0.0522174
1999-04-28/05:10:23      183.030      57.9700      8.73000      104.000      2.01372     0.241922    0.0341021
1999-04-28/05:10:42      182.930      59.0600      8.80000      112.000      2.39763     0.374607    0.0387994
1999-04-28/05:11:02      182.710      60.2600      8.77000      110.000      2.45938     0.342020    0.0403356
1999-04-28/05:11:22      182.620      61.3500      8.94000      105.000      3.40585     0.258819    0.0574178
1999-04-28/05:11:42      182.470      62.4000      8.82000      102.000      2.23194     0.207912    0.0381034
1999-04-28/05:12:03      182.200      63.7000      8.71000      112.000      3.38726     0.374607    0.0548140
1999-04-28/05:12:23      181.980      64.9100      8.69000      104.000      2.01372     0.241922    0.0341021
1999-04-28/05:12:43      181.760      66.0800      8.71000      93.0000      3.05252    0.0523359    0.0532035
1999-04-28/05:13:03      181.430      67.3000      8.62000      115.000      3.09391     0.422618    0.0489396
1999-04-28/05:13:22      180.900      68.6500      8.52000      111.000      2.09106     0.358368    0.0340718
1999-04-28/05:13:42      179.920      70.1800      8.62000      106.000      3.45951     0.275637    0.0580408
1999-04-28/05:14:02      179.270      71.4900      8.71000      105.000      4.88719     0.258819    0.0823911
1999-04-28/05:14:22      178.590      72.8100      8.82000      106.000      2.45874     0.275637    0.0412507
1999-04-28/05:14:43      177.800      74.1500      8.93000      106.000      3.60398     0.275637    0.0604646
1999-04-28/06:22:42      182.910     -72.9600      10.3900      112.000      2.95217     0.374607    0.0477732
1999-04-28/06:23:02      183.240     -71.6600      10.0900      112.000      2.95217     0.374607    0.0477732
1999-04-28/06:23:22      183.550     -70.1400      9.88000      108.000      9.41116     0.309017     0.156216
1999-04-28/06:23:42      184.100     -68.4000      9.73000      97.0000      4.33456     0.121869    0.0750884
1999-04-28/06:24:22      184.970     -65.8000      11.8200      112.000      3.48033     0.374607    0.0563201
1999-04-28/06:24:42      184.270     -65.5500      11.2400      149.000      5.21590     0.857167    0.0468863
1999-04-28/06:25:02      184.220     -64.6000      9.53000      155.000      41.2354     0.906308     0.304156
1999-04-28/06:25:22      184.820     -62.8000      8.89000      138.000      26.7062     0.743145     0.311889
1999-04-28/06:26:02      185.230     -60.0400      11.0000      121.000      19.9174     0.515038     0.297973
1999-04-28/06:26:22      185.240     -59.1800      11.3300      141.000      30.1216     0.777146     0.330847
1999-04-28/06:26:42      184.920     -58.3300      11.7500      144.000      30.4326     0.809017     0.312202
1999-04-28/06:27:02      184.380     -57.7200      11.6400      125.000      5.54943     0.573576    0.0793396
1999-04-28/06:27:22      184.120     -57.4600      9.70000      129.000      12.3078     0.629321     0.166940
1999-04-28/06:27:42      184.870     -54.8600      8.25000      170.000      20.0173     0.984808    0.0606671
1999-04-28/06:28:02      185.190     -53.4400      11.0000      121.000      19.9174     0.515038     0.297973
1999-04-28/06:28:22      184.950     -53.3200      11.3800      127.000      6.09990     0.601815    0.0850254
1999-04-28/06:28:42      184.610     -52.2500      9.35000      127.000      9.91251     0.601815     0.138169
1999-04-28/06:29:22      185.010     -49.0000      10.7600      160.000      14.3019     0.939693    0.0853734
1999-04-28/06:29:42      185.270     -47.7000      10.8700      112.000      17.4097     0.374607     0.281731
1999-04-28/06:30:02      185.340     -46.7300      12.6100      152.000      7.67620     0.882948    0.0628974
1999-04-28/06:30:22      185.210     -46.0200      11.5600      150.000      12.6306     0.866026     0.110223
1999-04-28/06:30:42      185.040     -44.7600      10.3800      145.000      10.9980     0.819152     0.110099
1999-04-28/06:31:02      184.990     -43.5900      10.9900      102.000      6.19681     0.207912     0.105791
1999-04-28/06:31:22      184.960     -42.5200      10.9800      118.000      6.05586     0.469472    0.0933229
1999-04-28/06:31:42      184.960     -41.5300      10.5700      160.000      42.0716     0.939693     0.251141
1999-04-28/06:32:23      184.950     -39.0100      10.2900      121.000      3.75244     0.515038    0.0561380
1999-04-28/06:32:43      184.960     -37.9100      10.3800      108.000      3.12735     0.309017    0.0519111
1999-04-28/06:33:03      185.020     -36.6800      11.0600      101.000      3.38606     0.190809    0.0580121
1999-04-28/06:33:22      184.930     -35.7900      11.3800      148.000      32.7620     0.848048     0.303010
1999-04-28/06:33:42      184.810     -34.7000      9.70000      116.000      21.9194     0.438371     0.343848
1999-04-28/06:34:22      184.950     -32.3200      10.4500      122.000      21.3608     0.529919     0.316166
1999-04-28/06:34:43      185.030     -31.1600      10.2600      135.000      20.6726     0.707107     0.255128
1999-04-28/06:35:03      184.990     -29.9900      9.97000      151.000      37.2472     0.874620     0.315168
1999-04-28/06:35:23      184.770     -28.8900      12.4300      103.000      8.98921     0.224951     0.152870
1999-04-28/06:35:43      184.530     -27.7800      12.1000      159.000      10.8801     0.933580    0.0680518
1999-04-28/06:36:02      184.580     -26.8100      15.0900      111.000      22.2732     0.358368     0.362921
1999-04-28/06:36:22      183.990     -26.0600      14.2200      146.000      12.9411     0.829038     0.126302
1999-04-28/06:36:42      183.960     -24.8200      10.9200      123.000      23.1802     0.544639     0.339302
1999-04-28/06:37:02      184.360     -23.5100      11.3900      172.000      16.1267     0.990268    0.0391722
1999-04-28/06:37:23      184.640     -22.4000      10.8300      103.000      23.4252     0.224951     0.398368
1999-04-28/06:37:43      184.700     -21.3000      11.6200      172.000      45.0000     0.990268     0.109306
1999-04-28/06:38:03      184.610     -20.2600      11.8700      116.000      21.9194     0.438371     0.343848
1999-04-28/06:38:23      184.490     -19.1500      11.4100      172.000      10.8991     0.990268    0.0264742
1999-04-28/06:38:42      184.570     -18.0100      11.3900      103.000      8.46224     0.224951     0.143909
1999-04-28/06:39:02      184.640     -16.9400      11.5400      101.000      25.3882     0.190809     0.434967
1999-04-28/06:39:22      184.680     -15.9100      11.3300      115.000      2.55251     0.422618    0.0403757
1999-04-28/06:39:42      184.650     -14.9000      10.5100      119.000      23.7264     0.484810     0.362183
1999-04-28/06:40:03      184.490     -13.5900      9.53000      146.000      28.3908     0.829038     0.277087
1999-04-28/06:40:23      184.560     -12.5500      11.2300      99.0000      24.3528     0.156434     0.419804
1999-04-28/06:40:43      184.590     -11.4300      9.15000      116.000      21.9194     0.438371     0.343848
1999-04-28/06:41:03      184.590     -10.3100      9.99000      125.000      4.97892     0.573576    0.0711831
1999-04-28/06:41:22      184.530     -9.29000      9.56000      120.000      7.65753     0.500000     0.115744
1999-04-28/06:41:42      184.520     -8.11000      10.0700      113.000      2.30954     0.390731    0.0371047
1999-04-28/06:42:02      184.530     -7.07000      10.7500      125.000      2.41496     0.573576    0.0345264
1999-04-28/06:42:22      184.500     -6.02000      10.2000      125.000      3.61859     0.573576    0.0517346
1999-04-28/06:42:43      184.520     -4.90000      9.99000      118.000      4.06758     0.469472    0.0626828
1999-04-28/06:43:23      184.390     -2.69000      9.76000      131.000      3.55430     0.656059    0.0468178
1999-04-28/06:43:43      184.390     -1.60000      9.93000      142.000      12.3156     0.788011     0.132335
1999-04-28/06:44:02      184.410    -0.540000      9.74000      118.000      4.34637     0.469472    0.0669791
1999-04-28/06:44:22      184.400     0.490000      9.56000      101.000      2.89487     0.190809    0.0495967
1999-04-28/06:45:23      184.190      3.89000      9.28000      116.000      3.77145     0.438371    0.0591624
1999-04-28/06:45:43      184.000      4.81000      9.28000      123.000      2.53819     0.544639    0.0371529
1999-04-28/06:46:03      181.790      6.05000      7.95000      150.000      4.40114     0.866026    0.0384072
1999-04-28/06:46:23      183.150      7.72000      10.4900      152.000      12.2637     0.882948     0.100487
1999-04-28/06:46:42      183.860      8.32000      11.3700      161.000      8.06151     0.945519    0.0458074
1999-04-28/06:47:02      183.940      9.31000      10.2200      115.000      6.70687     0.422618     0.106090
1999-04-28/06:47:22      183.990      10.4500      9.74000      108.000      2.94697     0.309017    0.0489170
1999-04-28/06:47:42      183.970      11.6100      9.89000      118.000      3.20731     0.469472    0.0494257
1999-04-28/06:48:03      183.970      12.8300      9.78000      110.000      3.67818     0.342020    0.0603248
1999-04-28/06:48:23      184.090      13.9500      10.5200      113.000      6.73520     0.390731     0.108207
1999-04-28/06:48:43      184.200      14.9800      10.9400      112.000      4.85743     0.374607    0.0786049
1999-04-28/06:49:03      184.240      15.9600      10.6600      93.0000      10.0977    0.0523359     0.175997
1999-04-28/06:49:22      184.130      16.9500      9.86000      135.000      9.48944     0.707107     0.117112
1999-04-28/06:49:42      184.020      18.1000      9.43000      111.000      8.14810     0.358368     0.132766
1999-04-28/06:50:02      184.000      19.2400      9.84000      122.000      2.56560     0.529919    0.0379740
1999-04-28/06:50:22      183.990      20.3200      9.99000      113.000      1.92248     0.390731    0.0308863
1999-04-28/06:50:43      183.990      21.4600      9.86000      105.000      2.14212     0.258819    0.0361131
1999-04-28/06:51:03      183.960      22.5700      9.82000      105.000      2.85935     0.258819    0.0482046
1999-04-28/06:51:23      183.930      23.6600      9.83000      110.000      4.77781     0.342020    0.0783596
1999-04-28/06:51:43      183.890      24.7600      9.62000      98.0000      4.26953     0.139173    0.0737922
1999-04-28/06:52:02      183.870      25.8800      9.54000      112.000      2.09250     0.374607    0.0338617
1999-04-28/06:52:22      183.840      26.9900      9.74000      111.000      3.06196     0.358368    0.0498917
1999-04-28/06:52:42      183.800      28.0800      9.78000      111.000      2.53204     0.358368    0.0412572
1999-04-28/06:53:02      183.760      29.1900      9.76000      110.000      2.78623     0.342020    0.0456962
1999-04-28/06:53:23      183.740      30.3100      9.63000      98.0000      2.63167     0.139173    0.0454843
1999-04-28/06:53:43      183.710      31.4400      9.50000      101.000      1.71735     0.190809    0.0294227
1999-04-28/06:54:03      183.670      32.5400      9.65000      111.000      2.53204     0.358368    0.0412572
1999-04-28/06:54:23      183.620      33.6200      9.75000      104.000      2.35032     0.241922    0.0398023
1999-04-28/06:54:42      183.560      34.6900      9.88000      113.000      1.20991     0.390731    0.0194382
1999-04-28/06:55:02      183.540      35.7600      10.0300      120.000      3.57647     0.500000    0.0540583
1999-04-28/06:55:22      183.520      36.8400      9.90000      103.000      2.73067     0.224951    0.0464377
1999-04-28/06:55:42      183.500      37.9600      9.67000      92.0000      1.72780    0.0348995    0.0301374
1999-04-28/06:56:03      183.460      39.1400      9.61000      112.000      1.90709     0.374607    0.0308613
1999-04-28/06:56:23      183.400      40.2500      9.69000      102.000      1.92393     0.207912    0.0328451
1999-04-28/06:56:43      183.350      41.3800      9.65000      111.000      2.43529     0.358368    0.0396807
1999-04-28/06:57:03      183.250      42.5200      9.54000      110.000      4.20403     0.342020    0.0689492
1999-04-28/06:57:22      183.160      43.6100      9.63000      114.000      2.05132     0.406737    0.0327070
1999-04-28/06:57:42      183.110      44.7200      9.82000      115.000      3.09391     0.422618    0.0489396
1999-04-28/06:58:02      183.060      45.7700      9.75000      101.000      2.02113     0.190809    0.0346273
1999-04-28/06:58:22      182.990      46.9000      9.58000      106.000      2.45874     0.275637    0.0412507
1999-04-28/06:58:43      182.910      48.0800      9.64000      114.000      2.09785     0.406737    0.0334489
1999-04-28/06:59:03      182.860      49.2000      9.69000      102.000      1.99423     0.207912    0.0340453
1999-04-28/06:59:23      182.770      50.3400      9.73000      113.000      2.64073     0.390731    0.0424255
1999-04-28/06:59:43      182.640      51.5100      9.91000      108.000      3.81802     0.309017    0.0633756
1999-04-28/07:00:02      182.590      52.5500      9.85000      119.000      2.64246     0.484810    0.0403371
1999-04-28/07:00:22      182.400      53.7000      9.62000      118.000      4.34637     0.469472    0.0669791
1999-04-28/07:00:42      182.090      54.9800      9.69000      111.000      1.92688     0.358368    0.0313967
1999-04-28/07:01:02      182.040      56.0600      10.1300      110.000      2.83141     0.342020    0.0464372
1999-04-28/07:01:23      181.960      57.1400      10.1200      113.000      1.92248     0.390731    0.0308863
1999-04-28/07:01:43      181.840      58.2900      10.0500      109.000      2.65359     0.325568    0.0437906
1999-04-28/07:02:03      181.710      59.4200      10.1000      108.000      3.03428     0.309017    0.0503662
1999-04-28/07:02:23      181.530      60.5700      10.1600      109.000      2.90309     0.325568    0.0479080
1999-04-28/07:02:42      181.500      61.5600      10.1200      103.000      2.80807     0.224951    0.0477539
1999-04-28/07:03:02      181.300      62.6700      9.93000      103.000      1.73153     0.224951    0.0294463
1999-04-28/07:03:22      181.020      63.8600      9.83000      110.000      2.45938     0.342020    0.0403356
1999-04-28/07:03:42      180.730      65.0100      9.81000      104.000      3.65734     0.241922    0.0619365
1999-04-28/07:04:03      180.510      66.1600      9.80000      113.000      2.10025     0.390731    0.0337423
1999-04-28/07:04:23      180.070      67.4100      9.69000      116.000      3.34944     0.438371    0.0525424
1999-04-28/07:04:43      179.410      68.7300      9.73000      112.000      1.47353     0.374607    0.0238453
1999-04-28/07:05:03      178.970      69.9100      9.88000      110.000      3.00121     0.342020    0.0492220
1999-04-28/07:05:22      178.530      71.0800      9.97000      103.000      1.65840     0.224951    0.0282027
1999-04-28/07:05:42      178.170      72.2500      9.97000      103.000      1.78707     0.224951    0.0303909
1999-04-28/07:06:02      177.770      73.5000      10.0000      104.000      2.01372     0.241922    0.0341021
1999-04-28/07:06:22      177.470      74.6100      10.1200      102.000      1.49575     0.207912    0.0255353
1999-04-28/07:06:43      176.480      76.0200      9.83000      106.000      3.37382     0.275637    0.0566032
1999-04-28/07:07:03      175.120      77.3300      9.87000      103.000      1.83560     0.224951    0.0312162
1999-04-28/07:07:23      171.710      79.0600      9.74000      105.000      2.58033     0.258819    0.0435007
1999-04-28/07:07:43      167.170      80.7300      9.84000      104.000      1.91551     0.241922    0.0324389
1999-04-28/07:08:02      158.180      82.5800      9.91000      102.000      1.49575     0.207912    0.0255353
1999-04-28/08:15:42      184.020     -65.1200      12.1400      145.000      5.63405     0.819152    0.0564013
1999-04-28/08:16:02      183.550     -64.5000      11.0000      141.000      30.1216     0.777146     0.330847
1999-04-28/08:16:22      183.590     -63.2500      9.59000      158.000      16.2179     0.927184     0.106035
1999-04-28/08:17:22      184.040     -59.4600      11.6200      114.000      4.94227     0.406737    0.0788014
1999-04-28/08:17:42      183.920     -58.4800      11.3000      133.000      4.74620     0.681998    0.0605830
1999-04-28/08:18:02      183.780     -57.4000      11.5800      99.0000      3.36124     0.156434    0.0579425
1999-04-28/08:18:22      183.360     -56.7300      11.6100      115.000      22.3924     0.422618     0.354204
1999-04-28/08:18:42      182.970     -55.8300      9.18000      147.000      30.4102     0.838671     0.289071
1999-04-28/08:19:22      183.890     -52.8400      12.2600      141.000      8.47007     0.777146    0.0930328
1999-04-28/08:19:42      183.190     -52.3500      11.4500      120.000      21.9826     0.500000     0.332267
1999-04-28/08:20:02      183.500     -50.6700      10.3700      131.000      10.4613     0.656059     0.137798
1999-04-28/08:20:22      183.940     -49.3800      11.5400      166.000      45.0000     0.970296     0.190005
1999-04-28/08:20:42      184.040     -48.2800      11.2500      157.000      8.41784     0.920505    0.0574058
1999-04-28/08:21:22      184.140     -46.3200      11.8300      134.000      20.5334     0.694658     0.257794
1999-04-28/08:22:02      183.870     -43.9100      10.9700      95.0000      3.80613    0.0871559    0.0661767
1999-04-28/08:22:22      183.920     -42.8200      11.5600      135.000      3.37755     0.707107    0.0416835
1999-04-28/08:22:42      183.900     -41.7900      10.7800      120.000      5.62883     0.500000    0.0850797
1999-04-28/08:23:02      183.750     -40.7000      10.0400      113.000      7.73311     0.390731     0.124239
1999-04-28/08:23:22      183.780     -39.3700      10.1200      122.000      21.3608     0.529919     0.316166
1999-04-28/08:23:42      183.850     -38.3300      10.8300      115.000      9.62023     0.422618     0.152173
1999-04-28/08:24:02      183.920     -37.2700      10.1300      119.000      7.49223     0.484810     0.114369
1999-04-28/08:24:22      183.980     -36.1300      10.7500      168.000      22.5495     0.978148    0.0818263
1999-04-28/08:24:42      183.850     -35.1200      10.0800      135.000      20.6726     0.707107     0.255128
1999-04-28/08:25:02      183.770     -33.9400      9.96000      148.000      9.02431     0.848048    0.0834643
1999-04-28/08:25:22      183.810     -32.7100      9.85000      171.000      18.7602     0.987688    0.0512209
1999-04-28/08:25:42      183.790     -31.6700      11.2200      160.000      9.26898     0.939693    0.0553300
1999-04-28/08:26:02      183.840     -30.6200      9.55000      144.000      10.8224     0.809017     0.111025
1999-04-28/08:26:22      183.920     -29.1800      10.3600      116.000      10.9152     0.438371     0.171226
1999-04-28/08:26:42      183.880     -28.2000      14.3200      159.000      10.9613     0.933580    0.0685596
1999-04-28/08:27:02      183.850     -27.1900      13.2800      148.000      32.7620     0.848048     0.303010
1999-04-28/08:27:22      183.810     -26.0600      15.1400      144.000      10.4268     0.809017     0.106966
1999-04-28/08:27:42      183.440     -25.2300      15.6900      170.000      7.58249     0.984808    0.0229805
1999-04-28/08:28:02      183.340     -23.9600      14.0000      162.000      21.3908     0.951056     0.115368
1999-04-28/08:28:22      183.430     -23.0600      13.7300      128.000      24.7730     0.615661     0.340713
1999-04-28/08:28:42      183.520     -21.9700      10.9400      171.000      12.7742     0.987688    0.0348774
1999-04-28/08:29:02      183.680     -20.7900      10.5400      104.000      18.8654     0.241922     0.319483
1999-04-28/08:29:22      183.700     -19.6900      11.3600      107.000      5.97539     0.292372    0.0997332
1999-04-28/08:29:42      183.660     -18.6100      11.6400      146.000      4.50820     0.829038    0.0439989
1999-04-28/08:30:02      183.670     -17.5300      11.4100      103.000      23.4252     0.224951     0.398368
1999-04-28/08:30:22      183.740     -16.4900      11.1100      106.000      26.2936     0.275637     0.441133
1999-04-28/08:31:02      183.550     -14.1500      10.5100      136.000      24.0070     0.719340     0.291063
1999-04-28/08:31:22      183.590     -13.0900      11.6800      136.000      7.98734     0.719340    0.0968391
1999-04-28/08:31:42      183.550     -12.1200      10.4100      125.000      8.59088     0.573576     0.122823
1999-04-28/08:32:02      183.580     -10.9200      10.0000      114.000      3.93486     0.406737    0.0627389
1999-04-28/08:32:22      183.600     -9.82000      10.4500      105.000      6.17242     0.258819     0.104058
1999-04-28/08:32:42      183.550     -8.67000      10.8200      131.000      12.2177     0.656059     0.160934
1999-04-28/08:33:02      183.580     -7.60000      11.5300      154.000      36.0924     0.898794     0.276144
1999-04-28/08:33:22      183.580     -6.50000      11.1100      135.000      10.7221     0.707107     0.132325
1999-04-28/08:33:42      183.530     -5.42000      10.9900      140.000      9.92016     0.766045     0.111292
1999-04-28/08:34:42      183.470     -2.14000      10.5400      109.000      3.63450     0.325568    0.0599780
1999-04-28/08:35:22      183.360    0.0700000      10.7300      129.000      5.62312     0.629321    0.0762706
1999-04-28/08:35:42      183.300      1.12000      10.7200      108.000      3.27522     0.309017    0.0543656
1999-04-28/08:36:02      183.270      2.28000      10.4100      110.000      4.01453     0.342020    0.0658412
1999-04-28/08:37:02      182.900      5.82000      12.3100      125.000      21.8278     0.573576     0.312070
1999-04-28/08:37:22      182.850      6.73000      16.7800      146.000      6.40488     0.829038    0.0625101
1999-04-28/08:37:42      183.090      7.63000      14.9100      116.000      8.72278     0.438371     0.136834
1999-04-28/08:38:02      183.150      8.71000      12.5900      105.000      5.93599     0.258819     0.100072
1999-04-28/08:38:22      183.100      9.88000      11.2200      115.000      5.07437     0.422618    0.0802667
1999-04-28/08:38:42      183.050      11.1100      11.3300      119.000      5.18222     0.484810    0.0791065
1999-04-28/08:39:02      183.060      12.2300      11.3400      127.000      4.74053     0.601815    0.0660774
1999-04-28/08:39:22      183.060      13.3900      11.3200      117.000      2.18261     0.453991    0.0339418
1999-04-28/08:39:42      183.110      14.4700      11.6000      111.000      4.16675     0.358368    0.0678932
1999-04-28/08:40:02      183.140      15.4800      11.2200      98.0000      5.29420     0.139173    0.0915020
1999-04-28/08:40:22      183.120      16.5600      10.9100      144.000      10.4268     0.809017     0.106966
1999-04-28/08:40:42      183.030      17.6400      11.0200      141.000      6.78775     0.777146    0.0745547
1999-04-28/08:41:02      182.980      18.7100      10.8700      97.0000      5.81941     0.121869     0.100811
1999-04-28/08:41:22      183.030      19.8500      10.7000      123.000      4.07612     0.544639    0.0596645
1999-04-28/08:41:42      183.030      20.9300      10.5800      109.000      3.38317     0.325568    0.0558305
1999-04-28/08:42:02      183.030      22.0300      10.5400      105.000      3.92395     0.258819    0.0661523
1999-04-28/08:42:22      183.040      23.1300      10.4600      111.000      2.59786     0.358368    0.0423297
1999-04-28/08:42:42      183.020      24.2000      10.4500      107.000      3.22839     0.292372    0.0538840
1999-04-28/08:43:02      182.970      25.3300      10.2300      98.0000      2.98906     0.139173    0.0516612
1999-04-28/08:43:22      182.950      26.4700      10.2800      110.000      2.55790     0.342020    0.0419514
1999-04-28/08:43:42      182.910      27.5700      10.4400      115.000      2.15278     0.422618    0.0340528
1999-04-28/08:44:02      182.860      28.6600      10.5300      108.000      3.59103     0.309017    0.0596077
1999-04-28/08:44:22      182.810      29.7400      10.3200      97.0000      3.92587     0.121869    0.0680086
1999-04-28/08:44:42      182.760      30.8800      10.2800      96.0000      2.89748     0.104529    0.0502935
1999-04-28/08:45:02      182.720      32.0500      10.4900      107.000      5.86741     0.292372    0.0979310
1999-04-28/08:45:22      182.700      33.1500      10.8200      117.000      6.40714     0.453991    0.0996374
1999-04-28/08:45:42      182.650      34.2500      11.3300      113.000      1.82806     0.390731    0.0293693
1999-04-28/08:46:02      182.680      35.3500      11.1800      114.000      2.09785     0.406737    0.0334489
1999-04-28/08:46:22      182.690      36.4300      10.9700      94.0000      2.66392    0.0697566    0.0463809
1999-04-28/08:46:42      182.620      37.5600      10.4900      113.000      1.87336     0.390731    0.0300971
1999-04-28/08:47:02      182.530      38.7800      10.6100      101.000      2.28375     0.190809    0.0391266
1999-04-28/08:47:22      182.490      39.9700      10.9000      110.000      2.94955     0.342020    0.0483748
1999-04-28/08:47:42      182.460      41.1700      11.1100      114.000      4.32846     0.406737    0.0690146
1999-04-28/08:48:02      182.400      42.1700      11.1100      105.000      3.92395     0.258819    0.0661523
1999-04-28/08:48:22      182.270      43.1600      10.8000      104.000      2.74456     0.241922    0.0464787
1999-04-28/08:48:42      182.180      44.2500      10.7800      105.000      4.30197     0.258819    0.0725251
1999-04-28/08:49:02      182.120      45.2900      10.7300      102.000      1.73073     0.207912    0.0295468
1999-04-28/08:49:22      182.060      46.4500      10.5800      98.0000      3.57425     0.139173    0.0617753
1999-04-28/08:49:42      182.010      47.6500      10.5500      91.0000      2.05850    0.0174525    0.0359221
1999-04-28/08:50:02      182.010      48.8300      10.6900      109.000      3.28169     0.325568    0.0541558
1999-04-28/08:50:22      181.940      50.0300      11.0700      120.000      4.01660     0.500000    0.0607109
1999-04-28/08:50:42      181.930      51.1300      11.0700      112.000      1.61897     0.374607    0.0261988
1999-04-28/08:51:02      181.900      52.1400      10.9600      113.000      1.74178     0.390731    0.0279832
1999-04-28/08:51:22      181.790      53.2400      10.9000      107.000      3.00550     0.292372    0.0501638
1999-04-28/08:51:42      181.690      54.3700      10.8200      110.000      2.78623     0.342020    0.0456962
1999-04-28/08:52:02      181.640      55.6200      11.0200      121.000      3.31091     0.515038    0.0495325
1999-04-28/08:52:22      181.940      56.6800      11.2200      113.000      3.25485     0.390731    0.0522919
1999-04-28/08:52:42      181.430      57.8100      11.7700      110.000      2.12442     0.342020    0.0348420
1999-04-28/08:53:02      181.290      58.7900      11.8000      105.000      2.14212     0.258819    0.0361131
1999-04-28/08:53:22      181.190      59.8300      11.8500      109.000      3.23959     0.325568    0.0534610
1999-04-28/08:53:42      180.790      60.9000      11.9100      113.000      1.64092     0.390731    0.0263628
1999-04-28/08:54:02      180.410      61.9100      11.6700      103.000      3.09582     0.224951    0.0526474
1999-04-28/08:54:22      180.520      63.3200      11.5800      105.000      4.42859     0.258819    0.0746598
1999-04-28/08:54:42      179.810      64.5300      11.8100      108.000      3.12735     0.309017    0.0519111
1999-04-28/08:55:02      179.180      65.8700      12.1200      116.000      3.01723     0.438371    0.0473310
1999-04-28/08:55:22      179.200      66.8600      11.7300      114.000      2.54404     0.406737    0.0405631
1999-04-28/08:55:42      178.990      68.0800      11.5200      111.000      1.86614     0.358368    0.0304070
1999-04-28/08:56:02      178.590      69.2400      11.8700      106.000      3.23908     0.275637    0.0543426
1999-04-28/08:56:22      178.090      70.4900      12.0700      105.000      2.46569     0.258819    0.0415680
1999-04-28/08:56:42      177.800      71.5400      12.1500      101.000      1.63026     0.190809    0.0279306
1999-04-28/08:57:02      177.260      72.6300      11.8700      103.000      1.73153     0.224951    0.0294463
1999-04-28/08:57:22      176.520      73.9900      11.8400      103.000      1.73153     0.224951    0.0294463
1999-04-28/08:57:42      176.320      75.0000      11.9500      104.000      2.45144     0.241922    0.0415148
1999-04-28/08:58:02      174.540      76.4500      12.0100      104.000      3.12045     0.241922    0.0528444
1999-04-28/08:58:22      173.040      77.5900      11.9900      108.000      3.03428     0.309017    0.0503662
1999-04-28/08:58:42      169.850      79.1400      11.9000      108.000      3.27522     0.309017    0.0543656
1999-04-28/10:16:22      182.710     -33.6500      8.90000      167.000      13.9095     0.974370    0.0546106
1999-04-28/10:16:42      182.790     -32.3000      10.1200      135.000      8.96907     0.707107     0.110690
1999-04-28/10:17:02      182.880     -31.5000      11.2200      148.000      32.7620     0.848048     0.303010
1999-04-28/10:17:22      182.960     -30.4200      8.05000      141.000      13.7746     0.777146     0.151296
1999-04-28/10:18:02      183.070     -27.9500      12.8000      166.000      10.1310     0.970296    0.0427765
1999-04-28/10:18:22      183.120     -26.9200      9.44000      91.0000      20.6698    0.0174525     0.360701
1999-04-28/10:18:42      183.070     -25.5800      12.4100      169.000      7.60987     0.981627    0.0253427
1999-04-28/10:19:02      182.850     -24.6700      15.9900      102.000      19.1297     0.207912     0.326580
1999-04-28/10:19:22      182.770     -23.7100      13.9800      162.000      21.5140     0.951056     0.116033
1999-04-28/10:19:42      182.620     -22.7200      14.0800      149.000      9.63519     0.857167    0.0866118
1999-04-28/10:20:02      182.490     -21.7800      11.9600      172.000      8.10439     0.990268    0.0196858
1999-04-28/10:20:42      182.670     -19.3400      10.5900      101.000      2.40509     0.190809    0.0412055
1999-04-28/10:21:02      182.710     -18.2400      11.0300      133.000      7.59222     0.681998    0.0969111
1999-04-28/10:21:22      182.690     -17.2100      11.1400      169.000      17.6129     0.981627    0.0586552
1999-04-28/10:21:42      182.540     -16.2600      9.68000      155.000      9.58593     0.906308    0.0707066
1999-04-28/10:22:22      182.620     -13.7400      11.0100      170.000      11.3186     0.984808    0.0343037
1999-04-28/10:22:42      182.560     -12.7800      11.1400      134.000      20.5334     0.694658     0.257794
1999-04-28/10:23:02      182.460     -11.7500      9.74000      121.000      9.95872     0.515038     0.148986
1999-04-28/10:23:42      182.510     -9.43000      9.64000      146.000      8.76124     0.829038    0.0855076
1999-04-28/10:24:02      182.560     -8.32000      9.59000      137.000      26.5798     0.731354     0.316382
1999-04-28/10:24:22      182.490     -7.25000      9.67000      122.000      4.21993     0.529919    0.0624602
1999-04-28/10:24:42      182.400     -6.13000      9.79000      130.000      5.12876     0.642788    0.0685715
1999-04-28/10:25:02      182.370     -5.06000      10.8800      134.000      4.40170     0.694658    0.0552627
1999-04-28/10:25:22      182.340     -3.99000      10.3600      125.000      4.06454     0.573576    0.0581103
1999-04-28/10:25:42      182.300     -2.83000      9.84000      124.000      2.39890     0.559193    0.0347107
1999-04-28/10:26:02      182.290     -1.69000      10.5600      116.000      21.9194     0.438371     0.343848
1999-04-28/10:26:22      182.270    -0.680000      10.6100      116.000      10.4853     0.438371     0.164482
1999-04-28/10:26:42      182.300     0.390000      10.5500      126.000      8.38981     0.587785     0.118464
1999-04-28/10:27:02      182.250      1.47000      10.3900      147.000      6.11702     0.838671    0.0581468
1999-04-28/10:27:22      182.200      2.60000      10.4300      138.000      26.7062     0.743145     0.311889
1999-04-28/10:27:42      182.120      3.75000      10.5600      119.000      6.91906     0.484810     0.105619
1999-04-28/10:28:02      181.980      5.10000      12.1500      139.000      8.85172     0.754710     0.101356
1999-04-28/10:28:22      182.250      6.03000      18.4300      162.000      45.0000     0.951056     0.242701
1999-04-28/10:28:42      182.360      6.80000      16.0900      133.000      9.19740     0.681998     0.117400
1999-04-28/10:29:02      182.310      7.91000      12.3100      172.000      23.7540     0.990268    0.0576992
1999-04-28/10:29:22      182.230      9.05000      11.1400      132.000      4.18323     0.669131    0.0542578
1999-04-28/10:29:42      182.170      10.2400      10.8900      119.000      4.89643     0.484810    0.0747440
1999-04-28/10:30:02      182.160      11.3500      10.4800      93.0000      3.46203    0.0523359    0.0603410
1999-04-28/10:30:22      182.130      12.4900      10.0800      91.0000      8.59401    0.0174525     0.149971
1999-04-28/10:30:42      182.130      13.6600      10.3500      119.000      5.88945     0.484810    0.0899024
1999-04-28/10:31:02      182.140      14.7200      10.4900      132.000      12.6497     0.669131     0.164071
1999-04-28/10:31:42      182.070      16.9300      10.4400      114.000      5.47039     0.406737    0.0872220
1999-04-28/10:32:02      182.040      17.9600      10.7400      145.000      10.0322     0.819152     0.100430
1999-04-28/10:32:22      181.960      19.0000      10.2400      123.000      23.1802     0.544639     0.339302
1999-04-28/10:33:02      181.950      21.2900      9.89000      116.000      4.46577     0.438371    0.0700542
1999-04-28/10:33:22      181.920      22.4000      9.93000      99.0000      2.86740     0.156434    0.0494294
1999-04-28/10:33:42      181.890      23.5000      9.99000      112.000      3.38726     0.374607    0.0548140
1999-04-28/10:34:02      181.850      24.5700      9.97000      104.000      4.56736     0.241922    0.0773476
1999-04-28/10:34:22      181.800      25.6600      9.88000      111.000      2.47319     0.358368    0.0402983
1999-04-28/10:34:42      181.770      26.7500      9.85000      104.000      2.98416     0.241922    0.0505363
1999-04-28/10:35:02      181.760      27.8300      9.95000      96.0000      2.51410     0.104529    0.0436389
1999-04-28/10:35:22      181.740      28.9000      9.90000      94.0000      5.79255    0.0697566     0.100853
1999-04-28/10:35:42      181.660      30.0000      9.79000      102.000      1.92393     0.207912    0.0328451
1999-04-28/10:36:02      181.620      31.1400      9.77000      118.000      4.54485     0.469472    0.0700377
1999-04-28/10:36:22      181.590      32.2600      10.1600      132.000      6.32968     0.669131    0.0820980
1999-04-28/10:36:42      181.630      33.2900      10.6300      113.000      5.99490     0.390731    0.0963131
1999-04-28/10:37:02      181.650      34.3400      10.2100      91.0000      1.90531    0.0174525    0.0332489
1999-04-28/10:37:22      181.610      35.4600      9.79000      107.000      4.48756     0.292372    0.0749004
1999-04-28/10:37:42      181.560      36.5900      9.62000      98.0000      8.66591     0.139173     0.149777
1999-04-28/10:38:02      181.490      37.7100      9.40000      114.000      2.37061     0.406737    0.0377979
1999-04-28/10:38:22      181.420      38.8400      9.28000      100.000      5.11101     0.173648    0.0878487
1999-04-28/10:38:42      181.350      40.0200      9.24000      115.000      3.61512     0.422618    0.0571842
1999-04-28/10:39:02      181.320      41.1000      9.52000      112.000      5.33701     0.374607    0.0863657
1999-04-28/10:39:22      181.290      42.1500      9.63000      106.000      2.94420     0.275637    0.0493954
1999-04-28/10:39:42      181.240      43.2400      9.45000      106.000      2.76827     0.275637    0.0464438
1999-04-28/10:40:02      181.200      44.3200      9.42000      105.000      3.92395     0.258819    0.0661523
1999-04-28/10:40:22      181.130      45.4300      9.42000      111.000      2.53204     0.358368    0.0412572
1999-04-28/10:40:42      181.020      46.5500      9.35000      100.000      2.20742     0.173648    0.0379414
1999-04-28/10:41:22      180.840      48.9300      9.05000      109.000      6.44303     0.325568     0.106326
1999-04-28/10:41:42      180.760      50.0300      9.39000      109.000      4.13709     0.325568    0.0682720
1999-04-28/10:42:02      180.670      51.1400      9.67000      104.000      2.56031     0.241922    0.0433585
1999-04-28/10:42:22      180.620      52.1600      9.76000      111.000      2.32941     0.358368    0.0379555
1999-04-28/10:42:43      180.480      53.3000      9.66000      110.000      2.45938     0.342020    0.0403356
1999-04-28/10:43:03      180.320      54.4000      9.61000      107.000      3.59803     0.292372    0.0600535
1999-04-28/10:43:23      180.070      55.4700      9.87000      111.000      1.86614     0.358368    0.0304070
1999-04-28/10:43:43      179.840      56.5700      10.0400      103.000      2.08650     0.224951    0.0354829
1999-04-28/10:44:02      179.580      57.7000      10.0300      103.000      2.41720     0.224951    0.0411068
1999-04-28/10:44:22      179.410      58.8800      9.92000      116.000      4.31999     0.438371    0.0677673
1999-04-28/10:44:42      179.290      60.2000      9.84000      114.000      1.67200     0.406737    0.0266590
1999-04-28/10:45:02      179.310      61.5100      9.73000      104.000      2.35032     0.241922    0.0398023
1999-04-28/10:45:23      179.430      62.5400      9.55000      102.000      1.31060     0.207912    0.0223744
1999-04-28/10:45:43      179.090      63.7800      9.56000      105.000      2.85935     0.258819    0.0482046
1999-04-28/10:46:03      178.810      64.9700      9.46000      104.000      2.74456     0.241922    0.0464787
1999-04-28/10:46:23      178.840      66.0700      9.38000      115.000      2.46981     0.422618    0.0390676
1999-04-28/10:46:42      178.600      67.1800      9.28000      113.000      1.64092     0.390731    0.0263628
1999-04-28/10:47:02      178.210      68.2400      9.46000      103.000      2.08650     0.224951    0.0354829
1999-04-28/10:47:22      177.690      69.3000      9.52000      99.0000      2.78112     0.156434    0.0479421
1999-04-28/10:47:42      177.250      70.5800      9.48000      102.000      1.80454     0.207912    0.0308069
1999-04-28/10:48:03      176.610      71.9200      9.50000      98.0000      2.79037     0.139173    0.0482272
1999-04-28/10:48:23      175.870      73.3000      9.56000      102.000      1.31060     0.207912    0.0223744
1999-04-28/10:48:43      175.030      74.8700      9.66000      102.000      1.55031     0.207912    0.0264667
1999-04-28/12:21:21      181.100      12.4700      9.60000      111.000      2.41315     0.358368    0.0393200
1999-04-28/12:21:41      181.100      13.5900      9.36000      109.000      3.44885     0.325568    0.0569143
1999-04-28/12:22:21      181.190      15.4300      8.64000      123.000      6.75454     0.544639    0.0988700
1999-04-28/12:23:02      180.910      17.6200      9.42000      104.000      4.84063     0.241922    0.0819754
1999-04-28/12:23:22      180.900      18.7300      9.69000      115.000      3.24076     0.422618    0.0512625
1999-04-28/12:23:42      180.900      19.8200      9.25000      108.000      3.27522     0.309017    0.0543656
1999-04-28/12:24:01      180.880      21.0100      8.92000      106.000      5.16517     0.275637    0.0866570
1999-04-28/12:24:21      180.820      22.0600      9.03000      103.000      2.89847     0.224951    0.0492913
1999-04-28/12:24:41      180.910      23.0400      8.42000      114.000      2.46245     0.406737    0.0392622
1999-04-28/12:25:01      180.970      24.0300      8.01000      114.000      2.26885     0.406737    0.0361754
1999-04-28/12:25:22      180.490      25.2300      9.24000      100.000      2.20742     0.173648    0.0379414
1999-04-28/12:25:42      180.510      26.6400      9.53000      97.0000      3.05153     0.121869    0.0528623
1999-04-28/12:26:02      180.630      27.7500      9.25000      115.000      2.69276     0.422618    0.0425942
1999-04-28/12:26:22      180.650      28.6900      8.82000      115.000      2.55251     0.422618    0.0403757
1999-04-28/12:26:41      180.570      29.7700      9.30000      142.000      3.59207     0.788011    0.0385979
1999-04-28/12:27:01      180.490      30.6900      9.37000      113.000      1.87336     0.390731    0.0300971
1999-04-28/12:27:21      180.300      31.8100      9.43000      100.000      2.25861     0.173648    0.0388213
1999-04-28/12:27:41      180.360      32.9100      9.48000      92.0000      2.02629    0.0348995    0.0353439
1999-04-28/12:28:02      180.490      34.0900      9.02000      91.0000      1.82906    0.0174525    0.0319183
1999-04-28/12:28:22      180.520      35.2700      8.85000      106.000      3.07495     0.275637    0.0515890
1999-04-28/12:28:42      180.380      36.3800      9.06000      105.000      2.85935     0.258819    0.0482046
1999-04-28/12:29:02      180.230      37.5100      9.23000      105.000      2.85935     0.258819    0.0482046
1999-04-28/12:29:21      180.130      38.6800      9.36000      103.000      3.09582     0.224951    0.0526474
1999-04-28/12:29:41      180.160      39.9900      9.37000      105.000      2.58033     0.258819    0.0435007
1999-04-28/12:30:01      180.480      41.2100      9.09000      127.000      3.04156     0.601815    0.0423958
1999-04-28/12:30:21      180.490      42.1800      9.13000      112.000      2.39763     0.374607    0.0387994
1999-04-28/12:30:42      180.300      43.2700      9.32000      104.000      2.65779     0.241922    0.0450093
1999-04-28/12:31:02      180.030      44.3900      9.47000      100.000      2.13861     0.173648    0.0367587
1999-04-28/12:31:22      179.780      45.5300      9.61000      110.000      2.55790     0.342020    0.0419514
1999-04-28/12:31:42      179.530      46.5700      9.81000      104.000      2.98416     0.241922    0.0505363
1999-04-28/12:32:01      179.220      47.6900      9.65000      92.0000      2.07784    0.0348995    0.0362431
1999-04-28/12:32:21      179.120      49.3400      9.33000      116.000      2.85385     0.438371    0.0447681
1999-04-28/12:32:41      179.130      50.8700      10.0800      107.000      2.72835     0.292372    0.0455380
1999-04-28/12:33:01      179.290      52.0300      10.1900      106.000      4.31371     0.275637    0.0723719
1999-04-28/12:33:22      179.580      52.9400      10.0700      129.000      3.66249     0.629321    0.0496771
1999-04-28/12:33:42      179.750      54.2500      9.86000      103.000      1.31930     0.224951    0.0224360
1999-04-28/12:34:02      179.410      54.9600      9.87000      99.0000      2.13412     0.156434    0.0367888
1999-04-28/12:34:22      178.890      56.2200      9.84000      107.000      3.33396     0.292372    0.0556460
1999-04-28/12:34:41      178.680      57.4500      9.48000      106.000      3.23908     0.275637    0.0543426
1999-04-28/12:35:01      178.330      58.2900      9.79000      100.000      2.93754     0.173648    0.0504908
1999-04-28/12:44:41      183.430      80.5900      10.4700      88.0000      1.28044    0.0348994    0.0223343
1999-04-28/12:45:01      183.300      82.1500      10.6300      85.0000      2.43530    0.0871558    0.0423423
1999-04-28/12:46:01      182.800      86.9700      10.3600      67.0000      2.54874     0.390731    0.0409477
1999-04-28/12:46:21      183.760      88.2400      10.7700      89.0000      1.47703    0.0174524    0.0257751
1999-04-28/12:46:41      198.950      89.3500      11.1600      84.0000      2.51147     0.104528    0.0435933
1999-04-28/12:47:01      343.020      89.1100      11.1500      81.0000      2.63167     0.156434    0.0453658
1999-04-28/12:47:21      348.040      88.1400      11.2000      77.0000      2.28924     0.224951    0.0389307
1999-04-28/12:47:41      355.190      86.7600      11.2400      74.0000      3.92395     0.275637    0.0658328
1999-04-28/12:48:01      358.950      85.3000      11.0400      70.0000      3.11900     0.342020    0.0511539
1999-04-28/12:48:21     0.810000      83.7800      11.1100      80.0000      3.05685     0.173648    0.0525416
1999-04-28/12:48:41      1.63000      82.6400      11.0000      76.0000      1.83560     0.241922    0.0310856
1999-04-28/12:49:01      1.74000      81.4300      10.4700      71.0000      3.27522     0.325568    0.0540490
1999-04-28/12:49:20      2.83000      79.8900      10.3300      86.0000      2.65662    0.0697565    0.0462538
1999-04-28/12:49:40      2.59000      78.6700      10.8300      81.0000      3.06517     0.156434    0.0528387
1999-04-28/12:50:00      2.37000      77.7900      10.5900      70.0000      2.97829     0.342020    0.0488461
1999-04-28/12:50:20      2.42000      76.5700      10.3100      88.0000      3.54734    0.0348994    0.0618751
1999-04-28/12:50:41      2.50000      75.2600      10.5600      88.0000      2.05850    0.0348994    0.0359057
1999-04-28/12:51:01      2.64000      74.1000      10.9300      78.0000      2.09172     0.207912    0.0357096
1999-04-28/12:51:21      2.96000      73.0600      10.2500      81.0000      2.98906     0.156434    0.0515267
1999-04-28/13:47:41      180.510     -71.6000      10.0400      118.000      2.91367     0.469472    0.0449007
1999-04-28/13:48:02      179.290     -70.1000      8.68000      121.000      5.24339     0.515038    0.0784432
1999-04-28/13:48:22      180.680     -68.8300      8.97000      116.000      4.57356     0.438371    0.0717451
1999-04-28/13:49:21      180.800     -65.5800      10.0300      142.000      4.73577     0.788011    0.0508874
1999-04-28/13:49:41      181.010     -65.1900      8.91000      131.000      9.97315     0.656059     0.131368
1999-04-28/13:50:42      181.390     -59.9500      10.1600      136.000      24.0070     0.719340     0.291063
1999-04-28/13:51:02      181.070     -59.2500      10.9300      135.000      2.66943     0.707107    0.0329443
1999-04-28/13:51:22      181.010     -58.1500      9.67000      134.000      2.13954     0.694658    0.0268616
1999-04-28/13:51:42      181.080     -57.0700      9.58000      114.000      20.2240     0.406737     0.322459
1999-04-28/13:52:01      180.330     -56.3400      10.0200      123.000      3.84539     0.544639    0.0562871
1999-04-28/13:52:21      179.340     -55.5000      8.43000      168.000      45.0000     0.978148     0.163293
1999-04-28/13:52:41      180.570     -53.3700      11.5600      133.000      7.12413     0.681998    0.0909362
1999-04-28/13:53:01      180.810     -52.4400      12.5800      156.000      9.61214     0.913545    0.0682356
1999-04-28/13:53:22      180.750     -51.4300      11.1700      119.000      6.47383     0.484810    0.0988230
1999-04-28/13:53:42      180.770     -50.4300      9.69000      136.000      7.43412     0.719340    0.0901318
1999-04-28/13:54:02      180.600     -49.4300      10.6000      113.000      7.73311     0.390731     0.124239
1999-04-28/13:54:22      180.490     -48.1800      9.65000      132.000      2.54235     0.669131    0.0329751
1999-04-28/13:55:01      180.800     -45.8400      10.6400      154.000      4.24863     0.898794    0.0325064
1999-04-28/13:55:21      180.470     -44.9200      9.94000      138.000      3.58444     0.743145    0.0418610
1999-04-28/13:56:02      180.820     -42.5600      9.09000      141.000      30.1216     0.777146     0.330847
1999-04-28/13:56:22      180.380     -41.5700      11.4200      132.000      5.05634     0.669131    0.0655824
1999-04-28/13:56:42      180.160     -40.5100      10.6800      123.000      1.66979     0.544639    0.0244417
1999-04-28/13:57:02      180.340     -39.3000      9.81000      95.0000      3.20925    0.0871559    0.0557988
1999-04-28/13:57:21      180.550     -38.2400      10.3100      114.000      2.37061     0.406737    0.0377979
1999-04-28/13:57:41      180.600     -37.2600      10.1800      141.000      5.84887     0.777146    0.0642423
1999-04-28/13:58:01      180.470     -36.1000      9.96000      127.000      2.92358     0.601815    0.0407513
1999-04-28/13:58:22      180.530     -34.8000      11.7600      159.000      8.18965     0.933580    0.0512238
1999-04-28/13:58:42      180.640     -33.9700      11.2600      136.000      4.32886     0.719340    0.0524834
1999-04-28/13:59:02      181.040     -32.7700      9.81000      143.000      34.4662     0.798636     0.362021
1999-04-28/13:59:22      181.190     -31.8000      10.3900      145.000      9.13993     0.819152    0.0914980
1999-04-28/13:59:42      180.320     -30.7500      6.52000      121.000      8.19467     0.515038     0.122595
1999-04-28/14:00:42      180.170     -27.2000      10.6300      170.000      28.0275     0.984808    0.0849439
1999-04-28/14:01:02      180.070     -26.0400      8.18000      139.000      27.2650     0.754710     0.312195
1999-04-28/14:01:22      180.330     -24.4900      11.1900      148.000      32.7620     0.848048     0.303010
1999-04-28/14:01:42      180.720     -23.7000      17.5300      166.000      10.8732     0.970296    0.0459103
1999-04-28/14:02:02      180.870     -23.1200      13.6400      146.000      13.8235     0.829038     0.134914
1999-04-28/14:02:22      180.790     -22.2000      10.8900      170.000      16.0507     0.984808    0.0486454
1999-04-28/14:02:42      180.220     -20.9000      10.5900      171.000      20.5241     0.987688    0.0560369
1999-04-28/14:03:02      180.320     -19.5600      11.0800      132.000      24.7334     0.669131     0.320800
1999-04-28/14:03:22      180.440     -18.5000      10.0700      116.000      10.9152     0.438371     0.171226
1999-04-28/14:03:42      180.370     -17.3900      10.4200      106.000      26.2936     0.275637     0.441133
1999-04-28/14:04:02      180.790     -16.1700      10.8700      174.000      45.0000     0.994522    0.0820963
1999-04-28/14:04:42      180.540     -13.2700      7.53000      146.000      28.3908     0.829038     0.277087
1999-04-28/14:05:02      180.420     -12.5100      10.8200      114.000      4.32846     0.406737    0.0690146
1999-04-28/14:05:22      180.290     -11.4800      10.7900      107.000      22.5796     0.292372     0.376869
1999-04-28/14:05:42      179.970     -10.4600      10.6600      135.000      7.59233     0.707107    0.0936995
1999-04-28/14:06:02      180.040     -9.31000      11.4300      131.000      8.82231     0.656059     0.116209
1999-04-28/14:06:22      180.430     -8.23000      9.94000      101.000      25.3882     0.190809     0.434967
1999-04-28/14:06:42      180.530     -7.05000      9.16000      125.000      2.77985     0.573576    0.0397432
1999-04-28/14:07:02      180.150     -5.88000      10.1600      124.000      2.73707     0.559193    0.0396039
1999-04-28/14:07:22      180.240     -4.58000      10.6800      109.000      3.63450     0.325568    0.0599780
1999-04-28/14:08:02      180.190     -2.79000      9.25000      142.000      29.0452     0.788011     0.312100
1999-04-28/14:08:22      179.980     -1.52000      11.3000      138.000      4.13341     0.743145    0.0482722
1999-04-28/14:08:42      180.000    -0.250000      11.9200      129.000      25.6400     0.629321     0.347775
1999-04-28/14:09:02      180.070     0.950000      11.3300      140.000      10.5799     0.766045     0.118693
1999-04-28/14:09:22      180.110      1.87000      10.9500      114.000      3.93486     0.406737    0.0627389
1999-04-28/14:09:42      180.070      2.75000      10.6700      115.000      3.88985     0.422618    0.0615299
1999-04-28/14:10:02      180.130      3.81000      10.8800      125.000      4.97892     0.573576    0.0711831
1999-04-28/14:10:22      180.330      4.83000      12.3100      142.000      8.84563     0.788011    0.0950491
1999-04-28/14:10:42      180.380      5.75000      11.4100      125.000      3.61859     0.573576    0.0517346
1999-04-28/14:11:02      180.350      6.72000      9.55000      136.000      24.0070     0.719340     0.291063
1999-04-28/14:11:42      180.010      9.13000      9.55000      145.000      4.44919     0.819152    0.0445399
1999-04-28/14:12:02      180.160      10.3700      9.42000      107.000      9.20008     0.292372     0.153555
1999-04-28/14:12:22      179.940      11.7500      10.8600      119.000      3.57206     0.484810    0.0545275
1999-04-28/14:12:42      179.900      12.9300      11.3100      110.000      26.6230     0.342020     0.436637
1999-04-28/14:13:02      179.870      13.8900      10.8700      111.000      3.27161     0.358368    0.0533078
1999-04-28/14:13:22      179.990      14.9200      10.1400      103.000      4.36973     0.224951    0.0743115
1999-04-28/14:13:42      179.940      16.0100      9.87000      102.000      2.85176     0.207912    0.0486850
1999-04-28/14:14:02      179.870      17.0700      10.1600      114.000      7.39356     0.406737     0.117886
1999-04-28/14:14:22      179.730      18.7400      11.3800      107.000      6.22387     0.292372     0.103881
1999-04-28/14:14:42      180.110      20.1100      11.4200      111.000      3.27161     0.358368    0.0533078
1999-04-28/14:15:02      179.820      20.7700      10.0200      114.000      4.32846     0.406737    0.0690146
1999-04-28/14:15:22      179.600      21.5300      9.79000      114.000      2.54404     0.406737    0.0405631
1999-04-28/14:15:42      179.600      22.6400      10.1100      111.000      2.89320     0.358368    0.0471420
1999-04-28/14:16:02      179.520      23.6100      10.2200      100.000      3.53087     0.173648    0.0606891
1999-04-28/14:16:22      179.460      24.7000      10.2900      108.000      2.79788     0.309017    0.0464422
1999-04-28/14:16:42      179.420      25.8700      10.4400      111.000      2.66344     0.358368    0.0433982
1999-04-28/14:17:02      179.420      27.0800      10.5000      119.000      2.87886     0.484810    0.0439458
1999-04-28/14:17:22      179.410      28.2300      10.7800      132.000      2.82961     0.669131    0.0367010
1999-04-28/14:17:42      179.480      29.2800      10.9400      114.000      4.53015     0.406737    0.0722304
1999-04-28/14:18:02      179.680      30.2300      10.5500      107.000      4.34779     0.292372    0.0725675
1999-04-28/14:18:22      179.300      31.0200      9.91000      91.0000      1.68121    0.0174525    0.0293382
1999-04-28/14:19:23      179.000      34.7200      10.3600      105.000      4.72693     0.258819    0.0796894
1999-04-28/14:19:43      179.090      36.0100      10.0600      100.000      2.30634     0.173648    0.0396417
1999-04-28/14:20:02      179.070      36.9800      9.76000      105.000      3.26672     0.258819    0.0550723
1999-04-28/14:20:22      179.030      38.0500      9.75000      107.000      2.08872     0.292372    0.0348621
1999-04-28/14:20:42      178.920      39.1700      10.0500      102.000      1.36590     0.207912    0.0233185
1999-04-28/14:21:02      178.880      40.2900      10.0700      101.000      2.66120     0.190809    0.0455933
1999-04-28/14:21:43      178.670      42.7700      10.4400      112.000      2.22430     0.374607    0.0359945
1999-04-28/14:22:03      178.520      44.0600      10.7200      111.000      2.41315     0.358368    0.0393200
1999-04-28/14:22:23      178.580      45.2600      10.4100      112.000      3.60949     0.374607    0.0584102
1999-04-28/14:22:42      178.530      46.3500      10.2800      100.000      2.86438     0.173648    0.0492334
1999-04-28/14:23:02      178.460      47.2900      10.4000      109.000      3.50897     0.325568    0.0579065
1999-04-28/14:23:22      178.180      48.6200      9.99000      115.000      1.94748     0.422618    0.0308053
1999-04-28/14:23:42      177.670      50.1400      10.2700      113.000      1.46827     0.390731    0.0235890
1999-04-28/14:24:03      177.640      51.1500      10.8400      104.000      3.45956     0.241922    0.0585871
1999-04-28/14:24:23      177.530      52.2200      10.4600      94.0000      3.13460    0.0697566    0.0545758
1999-04-28/14:24:43      177.490      53.3100      10.3100      136.000      5.60432     0.719340    0.0679472
1999-04-28/14:25:03      177.430      54.2000      10.7600      102.000      1.60103     0.207912    0.0273326
1999-04-28/14:25:42      177.140      56.6300      10.3100      112.000      3.13059     0.374607    0.0506605
1999-04-28/14:26:02      176.900      57.9700      10.1900      107.000      4.25171     0.292372    0.0709639
1999-04-28/15:39:41      179.340     -68.9300      8.38000      121.000      3.31091     0.515038    0.0495325
1999-04-28/15:40:02      179.890     -67.1000      10.2300      121.000      3.13232     0.515038    0.0468607
1999-04-28/15:40:22      178.840     -66.5900      11.3100      106.000      4.58811     0.275637    0.0769756
1999-04-28/15:40:42      177.370     -66.6700      11.4300      112.000      2.09250     0.374607    0.0338617
1999-04-28/15:41:21      176.850     -64.4800      8.73000      137.000      6.23492     0.731354    0.0742150
1999-04-28/15:42:01      179.530     -59.9700      12.2000      103.000      3.80260     0.224951    0.0646669
1999-04-28/15:42:21      178.860     -59.3500      11.8300      135.000      4.93263     0.707107    0.0608753
1999-04-28/15:42:42      178.650     -58.3200      10.9800      120.000      10.5005     0.500000     0.158715
1999-04-28/15:43:02      179.000     -56.9600      11.7600      124.000      4.38424     0.559193    0.0634375
1999-04-28/15:43:22      178.660     -56.1600      12.0100      106.000      5.39553     0.275637    0.0905218
1999-04-28/15:44:01      179.820     -52.9000      15.6200      148.000      6.91827     0.848048    0.0639859
1999-04-28/15:44:21      179.580     -52.2500      15.4300      139.000      27.2650     0.754710     0.312195
1999-04-28/15:44:41      179.450     -51.4000      13.9800      121.000      4.36846     0.515038    0.0653539
1999-04-28/15:45:01      179.360     -50.2900      12.4800      157.000      14.6856     0.920505     0.100149
1999-04-28/15:45:22      179.410     -49.0600      12.3800      123.000      4.07612     0.544639    0.0596645
1999-04-28/15:45:42      179.430     -47.8500      11.7600      112.000      3.48033     0.374607    0.0563201
1999-04-28/15:46:02      179.670     -46.5600      12.8300      92.0000      20.8008    0.0348995     0.362821
1999-04-28/15:46:22      179.560     -45.6200      13.0200      121.000      19.9174     0.515038     0.297973
1999-04-28/15:46:41      179.420     -44.5700      12.3700      114.000      5.47039     0.406737    0.0872220
1999-04-28/15:47:01      179.510     -43.4000      11.9400      135.000      10.3363     0.707107     0.127564
1999-04-28/15:47:21      179.490     -42.2200      12.0600      101.000      2.02113     0.190809    0.0346273
1999-04-28/15:47:41      179.480     -41.1700      11.9800      145.000      6.82253     0.819152    0.0682990
1999-04-28/15:48:02      179.430     -39.9600      11.7000      97.0000      6.05041     0.121869     0.104812
1999-04-28/15:48:22      179.460     -38.8600      12.9200      93.0000     0.544964    0.0523359   0.00949838
1999-04-28/15:48:42      179.600     -37.8900      12.3000      141.000      6.17150     0.777146    0.0677860
1999-04-28/15:49:02      179.580     -36.7100      11.7300      126.000      4.35442     0.587785    0.0614845
1999-04-28/15:49:21      179.660     -35.4600      12.2600      92.0000      6.56601    0.0348995     0.114529
1999-04-28/15:49:41      179.740     -34.4400      14.2800      149.000      9.63519     0.857167    0.0866118
1999-04-28/15:50:01      179.660     -33.7000      12.3900      130.000      25.7972     0.642788     0.344909
1999-04-28/15:50:21      179.430     -32.8000      8.35000      114.000      20.2240     0.406737     0.322459
1999-04-28/15:50:42      179.310     -31.1200      11.4700      174.000      45.0000     0.994522    0.0820963
1999-04-28/15:51:02      178.640     -30.5400      11.7300      172.000      31.5841     0.990268    0.0767187
1999-04-28/15:52:01      179.260     -26.9100      13.0300      171.000      45.0000     0.987688     0.122863
1999-04-28/15:52:21      179.220     -25.2900      11.4100      172.000      28.8087     0.990268    0.0699772
1999-04-28/15:52:41      179.660     -24.3600      16.6600      169.000      20.1891     0.981627    0.0672346
1999-04-28/15:53:01      179.920     -23.7000      15.1800      152.000      38.7864     0.882948     0.317809
1999-04-28/15:53:22      179.690     -22.5800      10.7900      170.000      28.6568     0.984808    0.0868511
1999-04-28/15:53:42      179.450     -21.1800      12.8000      162.000      19.9240     0.951056     0.107457
1999-04-28/15:54:02      179.370     -20.2000      14.2000      141.000      4.16401     0.777146    0.0457363
1999-04-28/15:54:22      179.340     -19.1300      12.9200      155.000      9.27504     0.906308    0.0684135
1999-04-28/15:54:41      179.410     -17.9900      13.5300      147.000      8.10921     0.838671    0.0770841
1999-04-28/15:55:01      179.400     -17.0200      13.4200      151.000      37.2472     0.874620     0.315168
1999-04-28/15:55:21      179.230     -16.3400      9.40000      174.000      45.0000     0.994522    0.0820963
1999-04-28/15:55:41      178.970     -14.6700      8.32000      121.000      19.9174     0.515038     0.297973
1999-04-28/15:56:02      179.310     -13.2500      10.9100      147.000      8.10921     0.838671    0.0770841
1999-04-28/15:56:22      179.350     -12.2400      14.1500      143.000      5.30347     0.798636    0.0557058
1999-04-28/15:56:42      179.300     -11.2300      16.9800      173.000      45.0000     0.992546    0.0957159
1999-04-28/15:57:02      179.320     -10.3500      15.2200      171.000      5.36328     0.987688    0.0146433
1999-04-28/15:58:01      179.220     -6.85000      12.1100      121.000      3.23298     0.515038    0.0483666
1999-04-28/15:58:21      179.180     -5.81000      12.8300      108.000      5.83238     0.309017    0.0968121
1999-04-28/15:58:42      179.120     -4.70000      12.8500      121.000      3.90478     0.515038    0.0584170
1999-04-28/15:59:02      179.130     -3.60000      13.6500      141.000      6.41107     0.777146    0.0704173
1999-04-28/15:59:22      179.150     -2.47000      13.9600      105.000      3.40585     0.258819    0.0574178
1999-04-28/15:59:42      179.170     -1.38000      14.4400      134.000      7.61342     0.694658    0.0955853
1999-04-28/16:00:01      179.150    -0.360000      14.4900      143.000      9.59244     0.798636     0.100756
1999-04-28/16:00:21      179.120     0.700000      13.7200      123.000      5.86512     0.544639    0.0858511
1999-04-28/16:00:41      179.100      1.80000      13.2800      105.000      5.93599     0.258819     0.100072
1999-04-28/16:01:01      179.100      2.92000      12.8400      111.000      22.2732     0.358368     0.362921
1999-04-28/16:01:22      179.160      4.10000      12.5900      111.000      22.2732     0.358368     0.362921
1999-04-28/16:02:22      179.030      7.34000      11.2100      127.000      22.1762     0.601815     0.309110
1999-04-28/16:02:41      178.950      8.42000      12.1800      111.000      2.39953     0.358368    0.0390981
1999-04-28/16:03:01      178.900      9.49000      11.7500      109.000      3.84268     0.325568    0.0634135
1999-04-28/16:03:21      178.890      10.6200      12.0700      96.0000      3.49060     0.104529    0.0605887
1999-04-28/16:03:41      178.900      11.7000      12.5700      128.000      9.14166     0.615661     0.125729
1999-04-28/16:04:02      178.860      12.7900      12.7600      101.000      1.89705     0.190809    0.0325014
1999-04-28/16:04:22      178.800      13.9300      12.4400      113.000      2.42089     0.390731    0.0388936
1999-04-28/16:04:42      178.770      15.0700      12.5000      120.000      21.9826     0.500000     0.332267
1999-04-28/16:05:02      178.750      16.1800      12.4100      112.000      1.94513     0.374607    0.0314769
1999-04-28/16:05:21      178.760      17.2300      12.6700      112.000      7.47161     0.374607     0.120909
1999-04-28/16:05:41      178.730      18.2800      12.7000      107.000      4.92515     0.292372    0.0822040
1999-04-28/16:06:01      178.720      19.3600      12.6100      100.000      2.10644     0.173648    0.0362058
1999-04-28/16:06:21      178.670      20.4500      12.5200      113.000      5.50504     0.390731    0.0884431
1999-04-28/16:06:42      178.630      21.5800      12.5300      111.000      2.89320     0.358368    0.0471420
1999-04-28/16:07:02      178.610      22.6800      12.6100      114.000      3.37699     0.406737    0.0538440
1999-04-28/16:07:22      178.590      23.7700      12.4400      109.000      3.28169     0.325568    0.0541558
1999-04-28/16:07:42      178.550      24.9100      12.4600      110.000      4.60853     0.342020    0.0755833
1999-04-28/16:08:01      178.490      26.0200      12.6400      112.000      2.29214     0.374607    0.0370924
1999-04-28/16:08:21      178.450      27.1200      13.0800      115.000      22.3924     0.422618     0.354204
1999-04-28/16:08:41      178.490      28.1800      13.1900      103.000      3.30191     0.224951    0.0561522
1999-04-28/16:10:02      178.300      32.6800      12.4900      104.000      3.45956     0.241922    0.0585871
1999-04-28/16:10:22      178.230      33.8200      12.5500      101.000      2.28375     0.190809    0.0391266
1999-04-28/16:10:41      178.160      34.9200      12.6400      107.000      3.29316     0.292372    0.0549650
1999-04-28/16:11:01      178.080      36.0500      12.7100      110.000      3.17304     0.342020    0.0520402
1999-04-28/16:11:22      178.020      37.1900      12.7200      107.000      22.5796     0.292372     0.376869
1999-04-28/16:11:42      177.990      38.3400      12.8800      103.000      4.49561     0.224951    0.0764522
1999-04-28/16:12:02      177.950      39.4700      12.8800      103.000      2.24958     0.224951    0.0382563
1999-04-28/16:12:22      177.840      40.5900      12.6600      111.000      22.2732     0.358368     0.362921
1999-04-28/16:12:42      177.640      41.8200      12.6600      117.000      8.31150     0.453991     0.129252
1999-04-28/16:13:02      177.590      42.9400      12.9300      104.000      4.29017     0.241922    0.0726534
1999-04-28/16:13:22      177.510      43.9600      13.0800      108.000      3.20879     0.309017    0.0532629
1999-04-28/16:13:42      177.360      45.1000      13.0100      102.000      2.28924     0.207912    0.0390817
1999-04-28/16:14:02      177.240      46.2100      13.0500      97.0000      4.33456     0.121869    0.0750884
1999-04-28/16:14:22      177.150      47.3500      12.7200      111.000      4.67092     0.358368    0.0761082
1999-04-28/16:14:42      176.910      48.6200      12.6500      111.000      3.72656     0.358368    0.0607208
1999-04-28/16:15:02      176.740      49.8600      13.0900      105.000      3.92395     0.258819    0.0661523
1999-04-28/16:15:22      176.790      50.8600      13.2200      104.000      2.45144     0.241922    0.0415148
1999-04-28/16:16:02      176.610      53.1400      13.1700      105.000      2.96037     0.258819    0.0499077
1999-04-28/16:16:22      176.730      54.1100      13.5600      101.000      2.89487     0.190809    0.0495967
1999-04-28/16:17:22      176.030      57.7100      13.4000      107.000      6.71536     0.292372     0.112084
1999-04-28/16:17:42      175.750      58.8900      13.5500      94.0000      26.9820    0.0697566     0.469778
1999-04-28/16:18:02      175.550      60.0400      13.3300      115.000      3.47634     0.422618    0.0549889
1999-04-28/16:18:22      175.320      61.1700      13.5000      103.000      2.24958     0.224951    0.0382563
1999-04-28/16:18:42      175.230      62.1700      13.4600      109.000      3.50897     0.325568    0.0579065
1999-04-28/16:19:22      174.230      64.6900      13.1000      108.000      3.27522     0.309017    0.0543656
1999-04-28/16:19:42      173.880      65.9300      13.2000      94.0000      3.60684    0.0697566    0.0627979
1999-04-28/16:20:22      172.570      68.5900      13.3200      97.0000      4.95064     0.121869    0.0857609
1999-04-28/16:20:42      172.060      69.7300      13.2300      111.000      7.62214     0.358368     0.124196
1999-04-28/17:26:42      163.530     -84.0700      15.9500      106.000      2.58370     0.275637    0.0433472
1999-04-28/17:27:02      167.360     -82.7900      16.1000      101.000      1.68212     0.190809    0.0288191
1999-04-28/17:27:22      169.540     -81.6600      16.4700      104.000      3.29861     0.241922    0.0558615
1999-04-28/17:27:42      172.160     -80.2300      16.4800      112.000      2.09250     0.374607    0.0338617
1999-04-28/17:28:01      172.410     -79.3500      16.9900      108.000      3.12735     0.309017    0.0519111
1999-04-28/17:28:21      169.920     -79.2200      17.3500      107.000      2.08872     0.292372    0.0348621
1999-04-28/17:28:41      170.850     -78.0500      16.1700      114.000      1.44377     0.406737    0.0230200
1999-04-28/17:29:01      176.360     -75.1200      16.5000      115.000      3.09391     0.422618    0.0489396
1999-04-28/17:29:22      176.800     -73.9300      17.5700      110.000      3.03986     0.342020    0.0498559
1999-04-28/17:29:42      176.500     -73.2500      17.7400      99.0000      2.72954     0.156434    0.0470529
1999-04-28/17:30:02      176.440     -72.4700      17.7400      107.000      2.44629     0.292372    0.0408302
1999-04-28/17:30:22      176.900     -71.2900      17.4500      116.000      2.93375     0.438371    0.0460215
1999-04-28/17:30:41      177.290     -70.0400      16.7700      119.000      2.45967     0.484810    0.0375468
1999-04-28/17:31:01      178.110     -68.4100      16.1200      125.000      2.21851     0.573576    0.0317178
1999-04-28/17:31:21      178.520     -66.9300      16.7500      120.000      2.61527     0.500000    0.0395298
1999-04-28/17:37:42      178.630     -45.5300      14.9800      112.000      4.32754     0.374607    0.0700300
1999-04-28/17:38:02      178.570     -44.4600      15.0200      139.000      27.2650     0.754710     0.312195
1999-04-28/17:38:22      178.540     -43.2900      14.0400      164.000      8.55811     0.961262    0.0411712
1999-04-28/17:38:41      178.570     -42.1500      14.6900      94.0000      4.08838    0.0697566    0.0711819
1999-04-28/17:39:01      178.500     -41.1000      14.0200      141.000      5.84887     0.777146    0.0642423
1999-04-28/17:39:21      178.560     -39.6300      15.2800      168.000      15.6964     0.978148    0.0569582
1999-04-28/17:39:41      178.580     -38.9300      17.4200      98.0000      26.9132     0.139173     0.465153
1999-04-28/17:40:02      178.580     -37.8200      13.3500      149.000      31.4226     0.857167     0.282461
1999-04-28/17:40:42      178.800     -35.2700      15.1300      92.0000      7.99527    0.0348995     0.139459
1999-04-28/17:41:02      178.870     -34.4400      15.5200      138.000      5.73175     0.743145    0.0669384
1999-04-28/17:41:21      178.440     -33.7100      12.7600      155.000      41.2354     0.906308     0.304156
1999-04-28/17:42:21      178.250     -30.0000      15.3000      173.000      45.0000     0.992546    0.0957159
1999-04-28/17:43:02      178.340     -27.3200      12.2400      159.000      11.5751     0.933580    0.0723988
1999-04-28/17:43:22      177.840     -26.4600      17.9000      155.000      41.2354     0.906308     0.304156
1999-04-28/17:44:01      178.490     -24.6100      17.0700      169.000      5.55825     0.981627    0.0185103
1999-04-28/17:44:21      177.970     -24.1300      11.9900      170.000      20.0173     0.984808    0.0606671
1999-04-28/17:45:01      178.540     -20.9200      14.6100      170.000      6.72244     0.984808    0.0203739
1999-04-28/17:45:22      178.490     -19.9400      16.1000      172.000      30.4926     0.990268    0.0740675
1999-04-28/17:45:42      178.500     -19.0000      14.4000      131.000      3.55430     0.656059    0.0468178
1999-04-28/17:46:02      178.560     -17.7800      13.6500      130.000      5.41771     0.642788    0.0724348
1999-04-28/17:46:22      178.390     -16.8100      14.1100      172.000      24.3475     0.990268    0.0591408
1999-04-28/17:46:41      178.170     -15.7500      12.4600      137.000      7.15322     0.731354    0.0851456
1999-04-28/17:47:41      178.530     -11.9800      14.5200      140.000      12.1940     0.766045     0.136802
1999-04-28/17:48:22      178.310     -10.1100      14.1000      94.0000      3.87326    0.0697566    0.0674365
1999-04-28/17:48:42      178.140     -9.04000      13.2400      117.000      8.49580     0.453991     0.132118
1999-04-28/17:49:02      178.050     -7.77000      12.7200      145.000      30.0488     0.819152     0.300812
1999-04-28/17:49:21      178.200     -6.67000      14.8300      137.000      5.97986     0.731354    0.0711790
1999-04-28/17:49:41      178.240     -5.62000      15.3600      125.000      4.97892     0.573576    0.0711831
1999-04-28/17:50:01      178.260     -4.54000      15.5000      127.000      4.46316     0.601815    0.0622112
1999-04-28/17:50:21      178.270     -3.45000      14.9900      116.000      3.45764     0.438371    0.0542397
1999-04-28/17:50:42      178.270     -2.30000      15.2800      115.000      5.07437     0.422618    0.0802667
1999-04-28/17:51:02      178.280     -1.22000      15.5300      121.000      10.1557     0.515038     0.151933
1999-04-28/17:51:22      178.270    -0.170000      15.0700      93.0000      3.27567    0.0523359    0.0570929
1999-04-28/17:51:42      178.220     0.940000      14.9100      103.000      3.09582     0.224951    0.0526474
1999-04-28/17:52:01      178.210      1.98000      14.9500      96.0000      19.9121     0.104529     0.345629
1999-04-28/17:52:21      178.210      3.08000      14.3900      143.000      8.36682     0.798636    0.0878822
1999-04-28/17:52:41      178.210      4.20000      13.6700      125.000      5.54943     0.573576    0.0793396
1999-04-28/17:53:22      178.060      6.46000      13.5100      122.000      4.70447     0.529919    0.0696319
1999-04-28/17:53:42      178.030      7.58000      14.1100      116.000      3.34944     0.438371    0.0525424
1999-04-28/17:54:02      178.020      8.64000      14.2300      115.000      3.16159     0.422618    0.0500102
1999-04-28/17:54:22      177.980      9.74000      13.9300      119.000      7.96123     0.484810     0.121528
1999-04-28/17:54:41      177.950      10.8400      13.9400      124.000      3.18371     0.559193    0.0460665
1999-04-28/17:55:01      177.960      11.9300      14.5700      123.000      6.75454     0.544639    0.0988700
1999-04-28/17:55:21      177.930      12.9900      14.4800      115.000      6.18140     0.422618    0.0977777
1999-04-28/17:55:41      177.910      14.1000      14.3500      109.000      5.50232     0.325568    0.0908016
1999-04-28/17:56:02      177.890      15.2200      14.2700      103.000      3.30191     0.224951    0.0561522
1999-04-28/17:56:22      177.870      16.3300      14.3200      112.000      3.28072     0.374607    0.0530900
1999-04-28/17:56:42      177.850      17.4300      14.5600      122.000      3.03619     0.529919    0.0449393
1999-04-28/17:57:02      177.820      18.5100      14.7200      116.000      8.88126     0.438371     0.139320
1999-04-28/17:57:21      177.790      19.5700      14.7000      123.000      23.1802     0.544639     0.339302
1999-04-28/17:57:41      177.780      20.6600      14.5500      113.000      2.53069     0.390731    0.0406577
1999-04-28/17:58:01      177.760      21.7700      14.2900      107.000      5.97539     0.292372    0.0997332
1999-04-28/17:58:21      177.750      22.8800      14.2100      92.0000      3.29409    0.0348995    0.0574577
1999-04-28/17:58:42      177.710      24.0100      14.1000      109.000      4.13709     0.325568    0.0682720
1999-04-28/17:59:02      177.660      25.1300      14.2900      113.000      4.23993     0.390731    0.0681180
1999-04-28/17:59:22      177.650      26.2300      14.6900      109.000      5.50232     0.325568    0.0908016
1999-04-28/17:59:42      177.670      27.2700      14.6800      115.000      3.47634     0.422618    0.0549889
1999-04-28/18:00:21      177.580      29.4900      13.4600      94.0000      3.44888    0.0697566    0.0600477
1999-04-28/18:00:41      177.530      30.6100      13.4900      105.000      4.88719     0.258819    0.0823911
1999-04-28/18:01:01      177.500      31.7100      13.5800      99.0000      4.47393     0.156434    0.0771235
1999-04-28/18:01:22      177.480      32.8500      13.5300      114.000      3.21946     0.406737    0.0513323
1999-04-28/18:02:02      177.390      35.0700      13.5200      109.000      3.63450     0.325568    0.0599780
1999-04-28/18:02:22      177.340      36.1800      13.5600      103.000      5.79159     0.224951    0.0984916
1999-04-28/18:02:41      177.310      37.2600      13.4600      91.0000      4.04731    0.0174525    0.0706281
1999-04-28/18:03:01      177.270      38.3700      13.3700      104.000      2.85144     0.241922    0.0482887
1999-04-28/18:03:21      177.210      39.4700      13.4000      110.000      2.78623     0.342020    0.0456962
1999-04-28/18:03:41      177.120      40.6000      13.3800      107.000      4.92515     0.292372    0.0822040
1999-04-28/18:04:02      177.070      41.7700      13.4900      108.000      2.72086     0.309017    0.0451637
1999-04-28/18:04:22      177.060      42.8700      13.6400      104.000      2.65779     0.241922    0.0450093
1999-04-28/18:04:42      177.000      43.9700      13.6500      107.000      4.01054     0.292372    0.0669386
1999-04-28/18:05:02      176.930      45.0800      13.7000      102.000      1.73073     0.207912    0.0295468
1999-04-28/18:05:21      176.850      46.1900      13.7100      114.000      2.74282     0.406737    0.0437326
1999-04-28/18:05:41      176.760      47.3000      13.8000      112.000      2.03620     0.374607    0.0329506
1999-04-28/18:06:01      176.650      48.4200      13.7800      111.000      2.43529     0.358368    0.0396807
1999-04-28/18:06:21      176.620      49.5400      14.0100      110.000      2.83141     0.342020    0.0464372
1999-04-28/18:06:42      176.600      50.6200      14.0200      93.0000      2.45544    0.0523359    0.0427968
1999-04-28/18:07:22      176.450      52.9700      13.7600      114.000      5.84843     0.406737    0.0932496
1999-04-28/18:07:42      176.430      54.0600      13.7400      105.000      20.0866     0.258819     0.338632
1999-04-28/18:08:01      176.280      55.1600      13.5500      105.000      3.52055     0.258819    0.0593515
1999-04-28/18:08:21      176.160      56.3000      13.6500      103.000      2.32163     0.224951    0.0394816
1999-04-28/18:08:41      175.990      57.4800      13.7100      114.000      3.93486     0.406737    0.0627389
1999-04-28/18:09:01      175.860      58.6200      13.7300      106.000      5.39553     0.275637    0.0905218
1999-04-28/18:09:22      175.720      59.8000      13.7500      115.000      8.38167     0.422618     0.132582
1999-04-28/18:09:42      175.570      60.9600      13.8700      103.000      1.83560     0.224951    0.0312162
1999-04-28/18:10:02      175.440      61.9800      13.8300      113.000      1.74178     0.390731    0.0279832
1999-04-28/18:10:22      175.110      63.2600      13.6900      105.000      9.78949     0.258819     0.165037
1999-04-28/18:10:41      174.930      64.4300      13.7600      113.000      2.30954     0.390731    0.0371047
1999-04-28/18:11:01      174.680      65.6600      13.7100      105.000      7.71171     0.258819     0.130009
1999-04-28/18:11:21      174.460      66.8500      13.7800      102.000      2.16385     0.207912    0.0369410
1999-04-28/18:11:41      174.170      68.1100      13.7300      99.0000      3.62819     0.156434    0.0625442
1999-04-28/18:12:02      173.840      69.4000      13.6100      108.000      4.07119     0.309017    0.0675780
1999-04-28/18:12:22      173.240      70.7300      13.5400      110.000      2.78623     0.342020    0.0456962
1999-04-28/18:12:42      172.680      72.0900      13.5700      105.000      4.06813     0.258819    0.0685829
1999-04-28/18:13:02      172.150      73.2400      13.8400      101.000      2.17303     0.190809    0.0372297
1999-04-28/18:13:21      171.080      74.4800      13.8000      105.000      1.55569     0.258819    0.0262267
1999-04-28/18:13:41      169.690      75.9400      13.8500      101.000      1.35630     0.190809    0.0232370
1999-04-28/18:14:01      168.310      77.3100      13.8700      102.000      1.60103     0.207912    0.0273326
1999-04-28/19:18:01      162.260     -85.3800      13.0000      93.0000      3.39024    0.0523359    0.0590898
1999-04-28/19:18:21      168.570     -83.7000      13.0200      94.0000      2.66392    0.0697566    0.0463809
1999-04-28/19:18:42      169.870     -82.7900      13.0600      108.000      3.03428     0.309017    0.0503662
1999-04-28/19:19:02      172.840     -81.2300      13.1800      107.000      1.99452     0.292372    0.0332899
1999-04-28/19:19:22      172.050     -80.4100      13.2400      108.000      2.51776     0.309017    0.0417925
1999-04-28/19:19:42      166.380     -81.1800      13.0300      111.000      2.25057     0.358368    0.0366709
1999-04-28/19:20:01      172.300     -78.1500      11.8400      117.000      3.48879     0.453991    0.0542542
1999-04-28/19:20:21      177.020     -74.9100      12.5900      117.000      3.27689     0.453991    0.0509589
1999-04-28/19:20:41      176.900     -73.3300      13.3300      92.0000      1.80828    0.0348995    0.0315412
1999-04-28/19:21:01      176.070     -72.8300      13.4700      100.000      1.74092     0.173648    0.0299232
1999-04-28/19:21:22      175.770     -71.9900      13.1800      109.000      2.57545     0.325568    0.0425011
1999-04-28/19:21:42      176.030     -70.7800      12.9900      115.000      2.62014     0.422618    0.0414455
1999-04-28/19:22:02      176.380     -69.4900      12.5300      116.000      3.01723     0.438371    0.0473310
1999-04-28/19:22:22      177.230     -67.7400      12.2700      125.000      2.47499     0.573576    0.0353847
1999-04-28/19:22:41      177.610     -66.3100      13.2800      113.000      2.19499     0.390731    0.0352644
1999-04-28/19:23:01      177.140     -65.6100      13.9000      103.000      2.89847     0.224951    0.0492913
1999-04-28/19:23:21      176.610     -65.2700      13.4300      117.000      4.65407     0.453991    0.0723754
1999-04-28/19:23:41      175.780     -65.0900      11.8700      144.000      4.70679     0.809017    0.0482860
1999-04-28/19:24:02      177.330     -62.0900      9.54000      133.000      26.9050     0.681998     0.343430
1999-04-28/19:24:42      177.690     -59.3900      14.1700      156.000      9.61214     0.913545    0.0682356
1999-04-28/19:25:02      177.640     -58.5800      13.5800      119.000      23.7264     0.484810     0.362183
1999-04-28/19:25:21      177.680     -57.1700      11.9300      125.000      3.38424     0.573576    0.0483841
1999-04-28/19:25:41      177.620     -55.8300      13.7400      95.0000      4.16876    0.0871559    0.0724817
1999-04-28/19:26:01      177.660     -54.6700      12.9200      171.000      27.0199     0.987688    0.0737723
1999-04-28/19:26:21      177.990     -53.3600      13.7300      124.000      8.06629     0.559193     0.116715
1999-04-28/19:26:42      178.020     -52.4700      15.7800      156.000      39.3380     0.913545     0.279256
1999-04-28/19:27:02      177.790     -51.6600      14.7000      157.000      9.49892     0.920505    0.0647783
1999-04-28/19:27:22      177.600     -50.6000      13.8400      108.000      3.27522     0.309017    0.0543656
1999-04-28/19:27:42      177.540     -49.5000      13.3500      117.000      9.28522     0.453991     0.144394
1999-04-28/19:28:01      177.540     -48.4200      12.5200      119.000      3.07917     0.484810    0.0470035
1999-04-28/19:28:41      177.540     -46.1100      13.3500      140.000      11.2951     0.766045     0.126717
1999-04-28/19:29:01      177.590     -45.0100      13.5700      113.000      2.42089     0.390731    0.0388936
1999-04-28/19:29:22      177.560     -43.9400      12.9200      115.000      4.53078     0.422618    0.0716681
1999-04-28/19:30:02      177.500     -41.6500      13.5200      124.000      6.94095     0.559193     0.100432
1999-04-28/19:30:22      177.540     -40.4300      12.4500      112.000      2.15767     0.374607    0.0349163
1999-04-28/19:30:41      177.850     -39.1000      15.2100      171.000      20.5241     0.987688    0.0560369
1999-04-28/19:31:01      177.390     -38.6600      14.5700      170.000      21.5302     0.984808    0.0652523
1999-04-28/19:31:21      177.320     -37.2500      12.5600      140.000      4.26135     0.766045    0.0478071
1999-04-28/19:31:41      177.570     -36.0600      13.5400      135.000      3.60312     0.707107    0.0444673
1999-04-28/19:32:02      177.810     -35.2400      13.3600      128.000      3.30492     0.615661    0.0454538
1999-04-28/19:32:22      177.690     -34.0200      11.1200      136.000      24.0070     0.719340     0.291063
1999-04-28/19:32:42      177.280     -32.6600      12.0200      125.000      21.8278     0.573576     0.312070
1999-04-28/19:33:02      177.370     -31.5200      13.0800      168.000      16.5545     0.978148    0.0600720
1999-04-28/19:33:21      177.450     -30.4100      13.1000      170.000      45.0000     0.984808     0.136383
1999-04-28/19:33:41      177.280     -29.5500      13.6700      138.000      12.2961     0.743145     0.143600
1999-04-28/19:34:01      176.820     -28.0300      10.6700      93.0000     0.544964    0.0523359   0.00949838
1999-04-28/19:34:21      177.480     -26.6000      21.8200      168.000      14.7391     0.978148    0.0534844
1999-04-28/19:34:42      177.440     -26.0100      23.0900      151.000      37.2472     0.874620     0.315168
1999-04-28/19:35:02      177.360     -25.0400      17.5300      158.000      9.40012     0.927184    0.0614591
1999-04-28/19:35:22      177.350     -24.0100      17.7900      108.000      7.18042     0.309017     0.119188
1999-04-28/19:35:42      177.140     -23.0300      15.1000      117.000      22.6838     0.453991     0.352756
1999-04-28/19:36:21      177.390     -20.6300      14.4900      117.000      22.6838     0.453991     0.352756
1999-04-28/19:36:41      177.480     -19.6200      15.3800      123.000      23.1802     0.544639     0.339302
1999-04-28/19:37:01      177.240     -18.6600      13.5500      170.000      28.1297     0.984808    0.0852537
1999-04-28/19:37:22      177.200     -17.4500      11.7100      168.000      20.2415     0.978148    0.0734512
1999-04-28/19:37:42      177.150     -16.3400      12.8000      110.000      5.10242     0.342020    0.0836834
1999-04-28/19:38:02      177.070     -15.3800      11.5200      131.000      3.31843     0.656059    0.0437109
1999-04-28/19:39:01      177.230     -11.6100      13.4500      130.000      5.12876     0.642788    0.0685715
1999-04-28/19:39:21      177.170     -10.6800      14.9000      151.000      12.3338     0.874620     0.104363
1999-04-28/19:39:41      177.100     -9.60000      15.0200      165.000      15.1358     0.965926    0.0683721
1999-04-28/19:40:02      177.110     -8.50000      15.5600      135.000      5.96779     0.707107    0.0736505
1999-04-28/19:40:22      177.170     -7.37000      14.7500      115.000      5.82346     0.422618    0.0921158
1999-04-28/19:40:42      177.260     -6.28000      14.7900      159.000      8.18965     0.933580    0.0512238
1999-04-28/19:41:02      177.280     -5.19000      13.7900      135.000      4.39715     0.707107    0.0542667
1999-04-28/19:41:41      177.190     -2.99000      13.4100      133.000      26.9050     0.681998     0.343430
1999-04-28/19:42:01      177.180     -1.89000      13.4600      110.000      5.10242     0.342020    0.0836834
1999-04-28/19:42:21      177.140    -0.810000      13.6400      113.000      1.97323     0.390731    0.0317016
1999-04-28/19:42:42      177.110     0.300000      13.9900      126.000      4.35442     0.587785    0.0614845
1999-04-28/19:43:02      177.100      1.36000      13.8700      132.000      3.42443     0.669131    0.0444160
1999-04-28/19:43:22      177.060      2.41000      13.0600      136.000      5.20529     0.719340    0.0631093
1999-04-28/19:44:01      176.910      4.74000      12.0700      136.000      5.60432     0.719340    0.0679472
1999-04-28/19:44:21      176.940      5.81000      13.4800      120.000      3.14954     0.500000    0.0476053
1999-04-28/19:44:41      176.940      6.88000      13.6400      112.000      2.54874     0.374607    0.0412448
1999-04-28/19:45:01      176.930      7.98000      13.4100      114.000      3.55449     0.406737    0.0566741
1999-04-28/19:45:22      176.900      9.10000      13.6200      117.000      4.31892     0.453991    0.0671635
1999-04-28/19:45:42      176.880      10.2000      13.6300      104.000      4.43739     0.241922    0.0751466
1999-04-28/19:46:02      176.880      11.3200      13.7900      113.000      3.25485     0.390731    0.0522919
1999-04-28/19:46:22      176.870      12.3900      13.9600      113.000      3.89541     0.390731    0.0625830
1999-04-28/19:46:41      176.840      13.4400      13.8400      105.000      4.06813     0.258819    0.0685829
1999-04-28/19:47:01      176.820      14.5400      13.6800      104.000      5.25640     0.241922    0.0890164
1999-04-28/19:47:21      176.790      15.6600      13.6400      96.0000      1.90998     0.104529    0.0331528
1999-04-28/19:47:41      176.780      16.7600      13.8700      103.000      2.32163     0.224951    0.0394816
1999-04-28/19:48:02      176.770      17.8800      14.2200      144.000      10.4268     0.809017     0.106966
1999-04-28/19:48:22      176.770      18.9400      14.2200      133.000      8.70322     0.681998     0.111093
1999-04-28/19:48:42      176.760      20.0200      13.8900      94.0000      3.67169    0.0697566    0.0639270
1999-04-28/19:49:02      176.730      21.1300      13.5800      95.0000      3.04153    0.0871559    0.0528827
1999-04-28/19:49:21      176.690      22.2200      13.3700      109.000      3.56289     0.325568    0.0587963
1999-04-28/19:49:41      176.650      23.3500      13.4200      113.000      2.19499     0.390731    0.0352644
1999-04-28/19:50:01      176.630      24.4500      13.7000      112.000      1.74712     0.374607    0.0282726
1999-04-28/19:50:21      176.640      25.5400      13.9200      116.000      4.57356     0.438371    0.0717451
1999-04-28/19:50:42      176.660      26.6500      13.8000      100.000      2.58013     0.173648    0.0443476
1999-04-28/19:51:02      176.630      27.7400      13.3500      129.000      6.16208     0.629321    0.0835809
1999-04-28/19:51:22      176.560      28.8600      13.3300      124.000      2.56447     0.559193    0.0371064
1999-04-28/19:51:42      176.520      29.9800      13.3800      109.000      3.84268     0.325568    0.0634135
1999-04-28/19:52:01      176.490      31.0600      13.5400      100.000      2.20742     0.173648    0.0379414
1999-04-28/19:52:21      176.440      32.1600      13.5100      101.000      1.82292     0.190809    0.0312314
1999-04-28/19:52:41      176.400      33.2800      13.5200      102.000      2.56531     0.207912    0.0437947
1999-04-28/19:53:01      176.350      34.3900      13.5800      112.000      4.05729     0.374607    0.0656567
1999-04-28/19:53:22      176.300      35.5100      13.6900      105.000      2.76988     0.258819    0.0466963
1999-04-28/19:53:42      176.260      36.6000      13.6300      104.000      3.37305     0.241922    0.0571221
1999-04-28/19:54:02      176.200      37.7200      13.4900      105.000      3.60824     0.258819    0.0608298
1999-04-28/19:54:22      176.160      38.8400      13.6100      108.000      3.81802     0.309017    0.0633756
1999-04-28/19:54:41      176.130      39.9000      13.6900      105.000      2.85935     0.258819    0.0482046
1999-04-28/19:55:01      176.060      41.0100      13.6800      108.000      2.51776     0.309017    0.0417925
1999-04-28/19:55:21      176.020      42.1200      13.7700      114.000      2.85912     0.406737    0.0455869
1999-04-28/19:55:41      175.980      43.2400      13.8900      109.000      3.56289     0.325568    0.0587963
1999-04-28/19:56:02      175.920      44.3600      13.9500      114.000      3.21946     0.406737    0.0513323
1999-04-28/19:56:22      175.840      45.4700      13.9800      112.000      1.74712     0.374607    0.0282726
1999-04-28/19:56:42      175.750      46.5800      14.0600      104.000      3.29861     0.241922    0.0558615
1999-04-28/19:57:02      175.690      47.6900      14.0900      106.000      3.60398     0.275637    0.0604646
1999-04-28/19:57:21      175.630      48.7900      14.1600      104.000      2.85144     0.241922    0.0482887
1999-04-28/19:57:41      175.590      49.9000      14.1100      100.000      2.58013     0.173648    0.0443476
1999-04-28/19:58:01      175.550      51.0000      13.8600      113.000      7.73311     0.390731     0.124239
1999-04-28/19:58:21      175.390      52.1800      13.6600      114.000      3.09401     0.406737    0.0493321
1999-04-28/19:58:42      175.270      53.3900      13.9700      111.000      2.39953     0.358368    0.0390981
1999-04-28/19:59:02      175.240      54.4500      13.9600      104.000      2.56031     0.241922    0.0433585
1999-04-28/19:59:22      175.120      55.5800      13.8500      101.000      1.68212     0.190809    0.0288191
1999-04-28/19:59:42      174.980      56.7200      13.8400      114.000      5.18252     0.406737    0.0826320
1999-04-28/20:00:01      174.820      57.8400      13.9700      104.000      3.29861     0.241922    0.0558615
1999-04-28/20:00:21      174.670      58.9200      14.0100      112.000      2.22430     0.374607    0.0359945
1999-04-28/20:00:41      174.540      60.0900      13.8800      113.000      1.82806     0.390731    0.0293693
1999-04-28/20:01:01      174.450      61.2200      14.0900      106.000      3.37382     0.275637    0.0566032
1999-04-28/20:01:22      174.280      62.3600      13.7900      113.000      2.53069     0.390731    0.0406577
1999-04-28/20:01:42      173.960      63.5600      13.7900      107.000      4.19933     0.292372    0.0700896
1999-04-28/20:02:02      173.680      64.7900      13.6200      108.000      2.61726     0.309017    0.0434441
1999-04-28/20:02:22      173.440      65.9900      13.7100      107.000      2.44629     0.292372    0.0408302
1999-04-28/20:02:41      173.210      67.1000      13.6800      105.000      2.34766     0.258819    0.0395782
1999-04-28/20:03:01      172.610      68.4900      13.5800      104.000      2.01372     0.241922    0.0341021
1999-04-28/20:03:21      172.200      69.7600      13.5800      111.000      3.06196     0.358368    0.0498917
1999-04-28/20:03:41      171.510      71.0700      13.5400      112.000      1.68015     0.374607    0.0271889
1999-04-28/20:04:02      170.850      72.3800      13.5900      104.000      1.91551     0.241922    0.0324389
1999-04-28/20:04:22      170.270      73.4200      13.7600      102.000      1.49575     0.207912    0.0255353
1999-04-28/20:04:42      169.090      74.6500      13.7300      102.000      1.80454     0.207912    0.0308069
1999-04-28/20:05:02      167.670      76.0100      13.6600      102.000      1.26700     0.207912    0.0216301
1999-04-28/20:05:21      165.860      77.3900      13.5900      102.000      1.22979     0.207912    0.0209948
1999-04-28/20:05:41      164.430      78.5400      13.5100      102.000      1.73073     0.207912    0.0295468
1999-04-28/20:06:01      161.520      79.9400      13.4300      103.000      2.08650     0.224951    0.0354829
1999-04-28/20:06:21      157.290      81.3000      13.3900      104.000      2.35032     0.241922    0.0398023
1999-04-28/21:10:01      157.700     -83.7300      15.1200      102.000      1.86721     0.207912    0.0318768
1999-04-28/21:10:21      160.840     -82.6300      15.3200      110.000      2.32336     0.342020    0.0381048
1999-04-28/21:11:22      171.220     -77.1000      14.0000      113.000      2.79642     0.390731    0.0449268
1999-04-28/21:11:42      174.540     -74.4700      14.7200      114.000      3.21946     0.406737    0.0513323
1999-04-28/21:14:02      176.090     -65.9800      15.0600      109.000      3.38317     0.325568    0.0558305
1999-04-28/21:14:22      175.680     -65.3500      15.4800      108.000      8.43189     0.309017     0.139962
1999-04-28/21:14:41      174.830     -64.9300      14.5600      117.000      6.40714     0.453991    0.0996374
1999-04-28/21:15:01      173.960     -64.1400      13.1100      121.000      7.73894     0.515038     0.115778
1999-04-28/21:16:02      176.220     -59.1100      15.7900      105.000      7.26377     0.258819     0.122457
1999-04-28/21:16:22      175.770     -58.6400      14.0400      139.000      8.21298     0.754710    0.0940418
1999-04-28/21:16:42      176.410     -56.6200      13.2800      126.000      25.0610     0.587785     0.353862
1999-04-28/21:17:02      176.590     -55.5200      14.9900      101.000      5.81995     0.190809    0.0997110
1999-04-28/21:17:21      176.740     -54.3200      13.8400      140.000      6.63463     0.766045    0.0744323
1999-04-28/21:17:41      176.870     -53.1200      15.1200      126.000      6.55871     0.587785    0.0926090
1999-04-28/21:18:01      176.750     -52.3500      15.8900      155.000      18.0841     0.906308     0.133390
1999-04-28/21:18:21      176.590     -51.3300      14.7500      122.000      21.3608     0.529919     0.316166
1999-04-28/21:18:42      176.450     -50.2400      14.5400      116.000      4.46577     0.438371    0.0700542
1999-04-28/21:19:02      176.410     -49.1700      14.1600      115.000      22.3924     0.422618     0.354204
1999-04-28/21:20:01      176.380     -45.6700      15.2000      146.000      2.27322     0.829038    0.0221861
1999-04-28/21:20:21      176.420     -44.8000      14.2900      156.000      7.31335     0.913545    0.0519167
1999-04-28/21:21:01      176.460     -42.2200      14.5300      106.000      6.30314     0.275637     0.105749
1999-04-28/21:21:22      176.390     -41.1700      14.5800      110.000      9.32133     0.342020     0.152877
1999-04-28/21:21:42      176.510     -40.0800      13.8000      133.000      3.01339     0.681998    0.0384645
1999-04-28/21:22:02      176.690     -38.8700      13.9400      144.000      9.11228     0.809017    0.0934809
1999-04-28/21:22:22      176.370     -37.8000      14.8800      145.000      4.06719     0.819152    0.0407158
1999-04-28/21:22:41      176.400     -36.7500      15.4300      121.000      7.02267     0.515038     0.105062
1999-04-28/21:23:01      176.570     -35.9400      15.4000      146.000      2.16119     0.829038    0.0210927
1999-04-28/21:23:21      176.660     -36.5900      10.5500      132.000      24.7334     0.669131     0.320800
1999-04-28/21:23:41      176.400     -33.2600      8.52000      170.000      2.79838     0.984808   0.00848115
1999-04-28/21:24:02      176.540     -32.1700      11.9500      125.000      21.8278     0.573576     0.312070
1999-04-28/21:24:22      176.300     -30.9600      12.2700      170.000      5.89201     0.984808    0.0178571
1999-04-28/21:24:42      176.130     -30.0000      15.1800      143.000      34.4662     0.798636     0.362021
1999-04-28/21:25:21      176.570     -27.4900      13.7500      127.000      22.1762     0.601815     0.309110
1999-04-28/21:25:41      176.810     -26.3000      19.5800      160.000      42.0716     0.939693     0.251141
1999-04-28/21:26:01      176.500     -25.6000      21.2200      104.000      18.8654     0.241922     0.319483
1999-04-28/21:26:21      176.390     -24.7000      17.8800      148.000      7.46921     0.848048    0.0690815
1999-04-28/21:26:42      176.400     -23.5700      17.3700      144.000      13.0306     0.809017     0.133678
1999-04-28/21:27:02      176.270     -22.5300      14.2100      170.000      8.44888     0.984808    0.0256063
1999-04-28/21:27:22      176.310     -21.2000      15.2800      132.000      12.3667     0.669131     0.160400
1999-04-28/21:27:42      176.380     -20.3700      15.2700      124.000      17.6815     0.559193     0.255841
1999-04-28/21:28:41      176.000     -16.7700      14.2800      115.000      22.3924     0.422618     0.354204
1999-04-28/21:29:01      175.820     -16.0300      15.8000      159.000      22.6570     0.933580     0.141713
1999-04-28/21:29:22      175.580     -14.8100      14.0000      123.000      23.1802     0.544639     0.339302
1999-04-28/21:29:42      175.680     -13.5000      14.2700      164.000      18.3266     0.961262    0.0881652
1999-04-28/21:30:02      175.950     -12.3300      15.7600      137.000      5.97986     0.731354    0.0711790
1999-04-28/21:30:22      176.190     -11.2700      16.3000      157.000      9.49892     0.920505    0.0647783
1999-04-28/21:30:41      176.180     -10.2900      16.3200      122.000      7.25726     0.529919     0.107416
1999-04-28/21:31:01      176.140     -9.21000      16.3500      143.000      7.10765     0.798636    0.0746563
1999-04-28/21:31:21      176.150     -8.24000      14.9200      114.000      20.2240     0.406737     0.322459
1999-04-28/21:32:42      176.030     -3.66000      13.7500      116.000      7.09205     0.438371     0.111252
1999-04-28/21:33:02      176.030     -2.59000      13.9600      111.000      7.62214     0.358368     0.124196
1999-04-28/21:34:21      175.980      1.77000      14.1300      125.000      2.96422     0.573576    0.0423792
1999-04-28/21:34:42      175.870      2.87000      14.3400      126.000      3.62091     0.587785    0.0511273
1999-04-28/21:35:02      175.810      4.00000      14.5000      122.000      21.3608     0.529919     0.316166
1999-04-28/21:35:22      175.870      5.11000      14.3800      99.0000      2.27326     0.156434    0.0391874
1999-04-28/21:35:42      175.870      6.21000      14.1900      100.000      2.30634     0.173648    0.0396417
1999-04-28/21:36:01      175.850      7.27000      14.2600      97.0000      3.05153     0.121869    0.0528623
1999-04-28/21:36:21      175.820      8.37000      14.3600      130.000      8.42084     0.642788     0.112587
1999-04-28/21:36:41      175.830      9.46000      14.3500      117.000      4.65407     0.453991    0.0723754
1999-04-28/21:37:01      175.790      10.5900      14.1300      120.000      6.07296     0.500000    0.0917928
1999-04-28/21:37:22      175.790      11.7200      14.4200      112.000      2.03620     0.374607    0.0329506
1999-04-28/21:37:42      175.770      12.8000      14.4600      113.000      2.19499     0.390731    0.0352644
1999-04-28/21:38:02      175.730      13.8900      14.4800      114.000      2.63779     0.406737    0.0420579
1999-04-28/21:38:22      175.690      14.9900      14.3600      111.000      2.43529     0.358368    0.0396807
1999-04-28/21:38:41      175.680      16.0700      14.5300      122.000      3.27587     0.529919    0.0484869
1999-04-28/21:39:01      175.690      17.1600      14.6200      120.000      5.29080     0.500000    0.0799704
1999-04-28/21:39:21      175.690      18.2400      14.6100      109.000      3.28169     0.325568    0.0541558
1999-04-28/21:39:41      175.650      19.3200      14.4900      114.000      5.84843     0.406737    0.0932496
1999-04-28/21:40:02      175.600      20.4400      14.2700      108.000      2.94697     0.309017    0.0489170
1999-04-28/21:40:22      175.560      21.5500      14.2400      117.000      2.81654     0.453991    0.0438000
1999-04-28/21:40:42      175.520      22.6700      14.3300      106.000      3.60398     0.275637    0.0604646
1999-04-28/21:41:02      175.500      23.7700      14.4200      106.000      4.58811     0.275637    0.0769756
1999-04-28/21:41:21      175.490      24.8500      14.4300      112.000      2.03620     0.374607    0.0329506
1999-04-28/21:41:41      175.480      25.9400      14.4100      102.000      3.60088     0.207912    0.0614738
1999-04-28/21:43:02      175.280      30.4300      13.9100      118.000      3.20731     0.469472    0.0494257
1999-04-28/21:43:22      175.240      31.5300      14.1000      105.000      3.26672     0.258819    0.0550723
1999-04-28/21:43:42      175.190      32.6300      14.2800      112.000      2.09250     0.374607    0.0338617
1999-04-28/21:44:01      175.150      33.7000      14.3600      114.000      2.17026     0.406737    0.0346034
1999-04-28/21:44:21      175.110      34.8100      14.4100      106.000      2.58370     0.275637    0.0433472
1999-04-28/21:44:41      175.090      35.9000      14.3600      100.000      2.30634     0.173648    0.0396417
1999-04-28/21:45:01      175.030      37.0100      14.2300      113.000      1.82806     0.390731    0.0293693
1999-04-28/21:45:22      174.950      38.1700      14.2200      105.000      2.34766     0.258819    0.0395782
1999-04-28/21:45:42      174.920      39.2800      14.2800      106.000      2.94420     0.275637    0.0493954
1999-04-28/21:46:02      174.880      40.3800      14.3200      111.000      2.37731     0.358368    0.0387360
1999-04-28/21:46:22      174.840      41.4800      14.4400      109.000      3.23959     0.325568    0.0534610
1999-04-28/21:46:41      174.780      42.5600      14.3500      95.0000      3.36092    0.0871559    0.0584359
1999-04-28/21:47:01      174.730      43.6800      14.3700      111.000      2.59786     0.358368    0.0423297
1999-04-28/21:47:21      174.650      44.7800      14.4400      112.000      3.60949     0.374607    0.0584102
1999-04-28/21:47:41      174.600      45.8600      14.5600      107.000      2.19297     0.292372    0.0366021
1999-04-28/21:48:02      174.520      46.9700      14.4500      104.000      3.22223     0.241922    0.0545680
1999-04-28/21:48:22      174.430      48.1000      14.3600      104.000      3.12045     0.241922    0.0528444
1999-04-28/21:48:42      174.370      49.2100      14.2800      105.000      4.72693     0.258819    0.0796894
1999-04-28/21:49:02      174.280      50.3400      14.0900      113.000      1.97323     0.390731    0.0317016
1999-04-28/21:49:21      174.150      51.4500      14.1100      115.000      4.36896     0.422618    0.0691084
1999-04-28/21:49:41      173.980      52.6000      14.2000      107.000      3.43378     0.292372    0.0573121
1999-04-28/21:50:01      173.970      53.7000      14.3000      106.000      3.37382     0.275637    0.0566032
1999-04-28/21:50:21      173.890      54.8200      14.1200      101.000      1.35630     0.190809    0.0232370
1999-04-28/21:50:42      173.710      56.0300      14.0400      118.000      2.71868     0.469472    0.0418958
1999-04-28/21:51:02      173.490      57.2100      14.1900      117.000      3.60112     0.453991    0.0560010
1999-04-28/21:51:22      173.400      58.2800      14.3800      100.000      3.33630     0.173648    0.0573448
1999-04-28/21:51:42      173.320      59.4000      14.0500      105.000      2.68027     0.258819    0.0451856
1999-04-28/21:52:01      173.130      60.5900      14.1400      104.000      2.65779     0.241922    0.0450093
1999-04-28/21:52:21      173.060      61.6600      14.1100      105.000      3.48493     0.258819    0.0587510
1999-04-28/21:52:41      172.810      62.8200      13.9300      111.000      2.16209     0.358368    0.0352292
1999-04-28/21:53:01      172.540      63.9800      13.9300      108.000      2.85097     0.309017    0.0473234
1999-04-28/21:53:22      172.170      65.2400      13.8100      112.000      1.86436     0.374607    0.0301698
1999-04-28/21:53:42      171.840      66.4500      13.8500      111.000      2.04548     0.358368    0.0333292
1999-04-28/21:54:02      171.370      67.7500      13.6600      112.000      2.74726     0.374607    0.0444573
1999-04-28/21:54:22      170.690      69.1000      13.8600      112.000      1.68015     0.374607    0.0271889
1999-04-28/21:54:41      170.020      70.3300      13.9400      109.000      3.23959     0.325568    0.0534610
1999-04-28/21:55:01      169.020      71.7200      13.9900      104.000      1.64793     0.241922    0.0279075
1999-04-28/21:55:21      168.010      73.0900      14.1700      103.000      1.83560     0.224951    0.0312162
1999-04-28/21:55:41      167.520      74.0200      14.1800      96.0000      1.90998     0.104529    0.0331528
1999-04-28/21:56:02      165.720      75.4200      13.9000      103.000      2.17751     0.224951    0.0370307
1999-04-28/21:56:22      163.640      76.8800      13.8700      98.0000      2.35942     0.139173    0.0407789
1999-04-28/23:08:21      175.760     -55.7600      14.3900      108.000      3.12735     0.309017    0.0519111
1999-04-28/23:08:41      175.960     -54.3700      13.2100      125.000      6.81630     0.573576    0.0974520
1999-04-28/23:09:01      175.950     -53.1100      15.0500      102.000      3.60088     0.207912    0.0614738
1999-04-28/23:09:21      175.770     -52.5400      15.0400      129.000      8.42961     0.629321     0.114337
1999-04-28/23:09:41      175.600     -51.2500      14.0200      132.000      10.5832     0.669131     0.137268
1999-04-28/23:10:01      175.380     -50.2600      14.0400      102.000      4.94791     0.207912    0.0844702
1999-04-28/23:10:21      175.210     -49.2500      13.9300      110.000      26.6230     0.342020     0.436637
1999-04-28/23:10:40      175.210     -47.9300      12.0900      126.000      25.0610     0.587785     0.353862
1999-04-28/23:11:00      175.500     -46.4000      14.5000      122.000      4.70447     0.529919    0.0696319
1999-04-28/23:11:20      175.480     -45.5900      15.6000      124.000      1.90183     0.559193    0.0275184
1999-04-28/23:11:40      175.330     -44.9100      13.2900      132.000      7.11006     0.669131    0.0922198
1999-04-28/23:12:01      175.490     -43.0600      12.6800      125.000      6.10809     0.573576    0.0873268
1999-04-28/23:12:21      175.480     -42.0100      14.3200      124.000      1.77427     0.559193    0.0256727
1999-04-28/23:12:41      175.470     -40.9900      14.9000      101.000      3.93997     0.190809    0.0675020
1999-04-28/23:13:01      175.410     -40.2700      13.5000      139.000      4.38475     0.754710    0.0502071
1999-04-28/23:13:20      175.520     -38.8200      12.0000      135.000      9.35746     0.707107     0.115484
1999-04-28/23:13:40      175.510     -37.5100      14.9800      100.000      3.56687     0.173648    0.0613078
1999-04-28/23:14:00      175.480     -36.7500      15.9400      156.000      39.3380     0.913545     0.279256
1999-04-28/23:14:20      174.910     -37.0400      15.5300      106.000      6.30314     0.275637     0.105749
1999-04-28/23:15:01      174.980     -33.2800      10.8900      139.000      27.2650     0.754710     0.312195
1999-04-28/23:15:41      175.360     -30.5900      15.3300      167.000      7.42512     0.974370    0.0291520
1999-04-28/23:16:02      175.470     -29.7800      15.6700      167.000      10.2253     0.974370    0.0401459
1999-04-28/23:16:22      175.420     -28.7300      14.2500      148.000      32.7620     0.848048     0.303010
1999-04-28/23:17:02      175.780     -25.8600      15.5400      147.000      7.03317     0.838671    0.0668555
1999-04-28/23:17:21      175.470     -25.2300      23.6700      170.000      13.1853     0.984808    0.0399611
1999-04-28/23:17:41      175.470     -24.7900      15.8100      158.000      42.4920     0.927184     0.277818
1999-04-28/23:18:01      175.420     -23.3300      14.3200      170.000      22.5748     0.984808    0.0684182
1999-04-28/23:18:21      175.310     -22.2400      13.5600      169.000      9.03534     0.981627    0.0300899
1999-04-28/23:18:42      175.310     -21.0400      13.5200      173.000      45.0000     0.992546    0.0957159
1999-04-28/23:19:02      174.970     -20.3600      14.0300      159.000      5.17632     0.933580    0.0323763
1999-04-28/23:19:22      172.560     -20.6200      12.1000      109.000      5.50232     0.325568    0.0908016
1999-04-28/23:19:42      174.600     -17.4200      13.6000      169.000      17.1456     0.981627    0.0570990
1999-04-28/23:20:01      175.280     -16.4800      18.1200      166.000      10.8732     0.970296    0.0459103
1999-04-28/23:20:21      175.090     -15.4700      18.0700      142.000      11.2209     0.788011     0.120572
1999-04-28/23:20:41      175.030     -14.4300      18.7200      162.000      9.33510     0.951056    0.0503476
1999-04-28/23:21:01      175.270     -13.3200      17.1400      135.000      4.93263     0.707107    0.0608753
1999-04-28/23:21:22      175.350     -12.1900      14.6700      145.000      30.0488     0.819152     0.300812
1999-04-28/23:22:02      175.200     -9.93000      16.5200      139.000      6.00063     0.754710    0.0687095
1999-04-28/23:22:22      175.180     -8.94000      17.3200      170.000      17.8620     0.984808    0.0541350
1999-04-28/23:22:41      175.040     -8.01000      15.0900      133.000      10.8293     0.681998     0.138231
1999-04-28/23:23:41      175.000     -4.48000      14.2300      115.000      3.34448     0.422618    0.0529032
1999-04-28/23:24:02      175.010     -3.36000      14.8000      121.000      3.56322     0.515038    0.0533072
1999-04-28/23:24:42      174.950     -1.14000      14.8400      119.000      23.7264     0.484810     0.362183
1999-04-28/23:25:02      174.930   -0.0600000      14.9400      122.000      3.03619     0.529919    0.0449393
1999-04-28/23:25:21      174.910     0.990000      14.3800      124.000      8.95656     0.559193     0.129596
1999-04-28/23:26:01      174.930      3.22000      14.9900      110.000      5.24256     0.342020    0.0859818
1999-04-28/23:26:42      174.840      5.47000      14.3800      115.000      3.34448     0.422618    0.0529032
1999-04-28/23:27:02      174.840      6.59000      14.8900      122.000      2.56560     0.529919    0.0379740
1999-04-28/23:27:22      174.850      7.67000      14.7700      102.000      2.45751     0.207912    0.0419544
1999-04-28/23:27:42      174.830      8.76000      14.6200      105.000      4.72693     0.258819    0.0796894
1999-04-28/23:28:01      174.800      9.83000      14.2600      102.000      10.0207     0.207912     0.171072
1999-04-28/23:28:21      174.790      10.9500      14.2800      113.000      7.73311     0.390731     0.124239
1999-04-28/23:28:41      174.780      12.0400      14.3400      115.000      5.82346     0.422618    0.0921158
1999-04-28/23:29:01      174.770      13.1200      14.5400      104.000      2.56031     0.241922    0.0433585
1999-04-28/23:29:22      174.770      14.2300      14.5600      109.000      3.63450     0.325568    0.0599780
1999-04-28/23:29:42      174.760      15.3200      14.3400      105.000      4.42859     0.258819    0.0746598
1999-04-28/23:30:02      174.770      16.4200      14.1600      108.000      5.65703     0.309017    0.0939014
1999-04-28/23:30:22      174.760      17.5200      14.1100      113.000      3.71143     0.390731    0.0596272
1999-04-28/23:30:41      174.750      18.6000      14.4100      143.000      12.2308     0.798636     0.128468
1999-04-28/23:31:01      174.720      19.6600      14.5500      139.000      4.53486     0.754710    0.0519259
1999-04-28/23:31:21      174.680      20.7600      14.2700      105.000      3.52055     0.258819    0.0593515
1999-04-28/23:31:41      174.650      21.8600      14.2500      104.000      3.12045     0.241922    0.0528444
1999-04-28/23:32:02      174.620      22.9800      14.2400      104.000      3.76712     0.241922    0.0637956
1999-04-28/23:32:22      174.600      24.0700      14.1700      99.0000      3.45414     0.156434    0.0595439
1999-04-28/23:33:21      174.480      27.3600      13.4700      113.000      2.79642     0.390731    0.0449268
1999-04-28/23:33:41      174.410      28.4900      13.7600      115.000      2.26287     0.422618    0.0357942
1999-04-28/23:34:01      174.370      29.5800      14.1700      110.000      2.94955     0.342020    0.0483748
1999-04-28/23:34:21      174.350      30.6700      14.2600      109.000      2.75142     0.325568    0.0454051
1999-04-28/23:34:42      174.310      31.8100      14.5100      110.000      2.73958     0.342020    0.0449311
1999-04-28/23:35:02      174.300      32.9000      14.5900      106.000      5.16517     0.275637    0.0866570
1999-04-28/23:35:22      174.270      34.0000      14.6100      109.000      2.90309     0.325568    0.0479080
1999-04-28/23:35:42      174.240      35.0900      14.5100      109.000      3.56289     0.325568    0.0587963
1999-04-28/23:36:01      174.200      36.1600      14.2900      111.000      3.19789     0.358368    0.0521066
1999-04-28/23:36:21      174.150      37.2800      14.3600      113.000      4.23993     0.390731    0.0681180
1999-04-28/23:36:41      174.090      38.3800      14.4700      110.000      3.03986     0.342020    0.0498559
1999-04-28/23:37:01      174.050      39.5000      14.4400      103.000      2.24958     0.224951    0.0382563
1999-04-28/23:37:22      174.010      40.6500      14.4300      97.0000      3.54206     0.121869    0.0613598
1999-04-28/23:37:42      173.980      41.7600      14.4200      113.000      2.10025     0.390731    0.0337423
1999-04-28/23:38:02      173.910      42.8700      14.3900      105.000      2.58033     0.258819    0.0435007
1999-04-28/23:38:22      173.860      43.9800      14.5200      101.000      1.30014     0.190809    0.0222748
1999-04-28/23:38:41      173.820      45.0500      14.5700      107.000      4.01054     0.292372    0.0669386
1999-04-28/23:39:01      173.770      46.1500      14.6800      102.000      1.99423     0.207912    0.0340453
1999-04-28/23:39:21      173.700      47.2600      14.5800      103.000      1.78707     0.224951    0.0303909
1999-04-28/23:39:41      173.620      48.3900      14.5700      112.000      2.39763     0.374607    0.0387994
1999-04-28/23:40:02      173.540      49.5600      14.5900      116.000      3.56278     0.438371    0.0558890
1999-04-28/23:40:22      173.440      50.7000      14.6700      105.000      3.40585     0.258819    0.0574178
1999-04-28/23:40:42      173.360      51.8100      14.7600      113.000      1.87336     0.390731    0.0300971
1999-04-28/23:41:02      173.270      52.9200      14.7100      103.000      2.17751     0.224951    0.0370307
1999-04-28/23:41:21      173.200      54.0500      14.4800      102.000      1.36590     0.207912    0.0233185
1999-04-28/23:41:41      173.060      55.2000      14.5000      123.000      3.63904     0.544639    0.0532667
1999-04-28/23:42:01      172.880      56.3900      14.4900      121.000      5.39685     0.515038    0.0807390
1999-04-28/23:42:21      172.770      57.5000      14.9600      106.000      3.98240     0.275637    0.0668134
1999-04-28/23:42:42      172.710      58.5600      14.6600      98.0000      3.15804     0.139173    0.0545818
1999-04-28/23:43:02      172.550      59.8000      14.2800      112.000      3.48033     0.374607    0.0563201
1999-04-28/23:43:22      172.430      60.9300      14.4800      110.000      2.65743     0.342020    0.0435838
1999-04-28/23:43:42      172.290      62.0600      14.4100      112.000      2.03620     0.374607    0.0329506
1999-04-28/23:44:01      172.070      63.2100      14.2500      111.000      2.66344     0.358368    0.0433982
1999-04-28/23:44:21      171.800      64.3800      14.2500      105.000      5.93599     0.258819     0.100072
1999-04-28/23:44:41      171.500      65.6300      14.2100      117.000      8.62020     0.453991     0.134053
1999-04-28/23:45:01      171.300      66.8200      14.0600      112.000      4.32754     0.374607    0.0700300
1999-04-28/23:45:22      170.770      68.1900      14.1900      108.000      2.88853     0.309017    0.0479469
1999-04-28/23:45:42      170.370      69.4000      14.2600      111.000      1.97620     0.358368    0.0322003
1999-04-28/23:46:02      169.960      70.5900      14.1400      112.000      1.90709     0.374607    0.0308613
1999-04-28/23:46:22      169.220      71.8700      14.1800      108.000      3.81802     0.309017    0.0633756
1999-04-28/23:46:41      168.820      72.8900      14.4500      103.000      2.24958     0.224951    0.0382563
1999-04-28/23:47:01      168.430      73.8400      14.3100      106.000      2.45874     0.275637    0.0412507
1999-04-28/23:47:21      167.660      75.0600      14.2200      104.000      2.45144     0.241922    0.0415148
1999-04-28/23:47:41      165.960      76.4900      14.2000      106.000      3.07495     0.275637    0.0515890
1999-04-28/23:48:02      165.190      77.7100      14.1600      102.000      1.49575     0.207912    0.0255353
1999-04-28/23:48:22      163.630      79.1500      14.1100      103.000      1.98394     0.224951    0.0337388
1999-04-28/23:48:42      161.210      80.5100      14.1400      103.000      1.73153     0.224951    0.0294463
1999-04-28/23:49:02      157.820      81.9300      14.0100      103.000      1.57584     0.224951    0.0267987
1999-04-28/23:49:21      147.280      83.9800      14.0700      101.000      1.32042     0.190809    0.0226223
1999-04-28/23:49:41      144.540      84.6900      14.2400      101.000      1.78652     0.190809    0.0306078
