1998-09-04/02:15:38      236.500      43.7000      10.6800      75.0000      2.45144     0.258819    0.0413278
1998-09-04/02:15:58      241.710      44.6700      10.1600      60.0000      2.64246     0.500000    0.0399408
1998-09-04/02:16:18      243.320      45.2600      9.96000      55.0000      1.50721     0.573576    0.0215484
1998-09-04/02:16:38      246.260      45.1600      6.28000      64.0000      2.46981     0.438371    0.0387437
1998-09-04/02:16:58      246.950      42.2100      8.23000      72.0000      2.44629     0.309017    0.0406061
1998-09-04/02:17:18      244.980      39.6800      8.75000      67.0000      1.90709     0.390731    0.0306390
1998-09-04/02:17:38      244.760      37.9400      11.5000      69.0000      2.73958     0.358368    0.0446389
1998-09-04/02:17:58      245.690      36.3400      11.9700      62.0000      3.85261     0.469472    0.0593700
1998-09-04/02:18:18      243.680      35.3300      9.00000      67.0000      2.74726     0.390731    0.0441370
1998-09-04/02:18:38      245.500      34.0600      6.28000      54.0000      2.63929     0.587785    0.0372668
1998-09-04/02:18:58      243.160      33.0000      9.87000      63.0000      3.89243     0.453990    0.0605312
1998-09-04/02:19:18      242.060      31.7300      11.3300      58.0000      4.08844     0.529919    0.0605139
1998-09-04/02:19:38      241.920      31.7200      10.4600      75.0000      2.45144     0.258819    0.0413278
1998-09-04/02:19:58      243.770      31.6900      9.06000      72.0000      2.19297     0.309017    0.0364013
1998-09-04/04:57:38      171.190     -83.2500      9.15000      120.000      21.9826     0.500000     0.332267
1998-09-04/04:57:58      153.620     -85.4400      9.02000      120.000      8.09911     0.500000     0.122418
1998-09-04/04:58:18      130.620     -86.0900      9.64000      121.000      19.9174     0.515038     0.297973
1998-09-04/04:58:38      107.870     -85.4700      8.95000      136.000      24.0070     0.719340     0.291063
1998-09-04/04:58:58      97.6600     -84.2700      9.04000      138.000      7.08260     0.743145    0.0827144
1998-09-04/04:59:18      96.8000     -83.3000      9.87000      144.000      10.8224     0.809017     0.111025
1998-09-04/05:00:58      72.9000     -77.5400      9.69000      143.000      34.4662     0.798636     0.362021
1998-09-04/05:01:18      73.4700     -76.5400      8.13000      155.000      13.7383     0.906308     0.101335
1998-09-04/05:01:38      76.8100     -75.8000      9.33000      147.000      7.53722     0.838671    0.0716469
1998-09-04/05:01:58      77.0600     -75.0300      9.30000      144.000      8.33847     0.809017    0.0855426
1998-09-04/05:02:18      76.8000     -74.0300      9.70000      131.000      8.82231     0.656059     0.116209
1998-09-04/05:02:38      76.6100     -73.0000      11.6400      133.000      3.09065     0.681998    0.0394507
1998-09-04/05:04:18      65.6100     -66.8600      10.1200      166.000      45.0000     0.970296     0.190005
1998-09-04/05:04:38      64.6400     -65.8700      7.90000      170.000      28.2539     0.984808    0.0856301
1998-09-04/05:04:58      63.5100     -64.8600      11.6400      151.000      37.2472     0.874620     0.315168
1998-09-04/05:05:18      62.6700     -63.8900      10.7900      154.000      18.0462     0.898794     0.138072
1998-09-04/05:05:38      62.0500     -62.9500      7.69000      142.000      29.0452     0.788011     0.312100
1998-09-04/05:05:58      62.2100     -62.1000      5.73000      131.000      12.9649     0.656059     0.170776
1998-09-04/05:06:18      62.7100     -61.0000      9.45000      143.000      34.4662     0.798636     0.362021
1998-09-04/05:06:38      62.7100     -59.7500      11.2300      157.000      37.7804     0.920505     0.257645
1998-09-04/05:06:58      62.5500     -58.7700      9.41000      151.000      6.27775     0.874620    0.0531193
1998-09-04/05:07:18      62.3500     -57.6300      7.62000      149.000      4.09732     0.857167    0.0368313
1998-09-04/05:07:38      62.3700     -56.4800      8.16000      160.000      13.4425     0.939693    0.0802433
1998-09-04/05:07:58      62.5100     -55.3000      8.48000      152.000      12.5349     0.882948     0.102709
1998-09-04/05:09:18      60.9300     -50.6000      9.31000      172.000      45.0000     0.990268     0.109306
1998-09-04/05:09:38      60.4800     -49.6000      8.97000      166.000      11.6361     0.970296    0.0491315
1998-09-04/05:09:58      60.0700     -48.5800      9.20000      137.000      26.5798     0.731354     0.316382
1998-09-04/05:10:18      59.9300     -47.5800      8.84000      133.000      7.12413     0.681998    0.0909362
1998-09-04/05:10:38      59.8000     -46.5900      8.82000      136.000      24.0070     0.719340     0.291063
1998-09-04/05:10:58      59.7600     -45.6100      8.86000      138.000      26.7062     0.743145     0.311889
1998-09-04/05:11:18      59.7700     -44.7300      9.98000      172.000      24.9411     0.990268    0.0605827
1998-09-04/05:11:38      59.7100     -43.8500      11.1800      131.000      25.9298     0.656059     0.341552
1998-09-04/05:11:58      59.4000     -42.8800      10.6500      127.000      22.1762     0.601815     0.309110
1998-09-04/05:12:18      59.1200     -42.0000      9.93000      123.000      23.1802     0.544639     0.339302
1998-09-04/05:12:38      58.8500     -40.9600      9.39000      142.000      29.0452     0.788011     0.312100
1998-09-04/05:12:58      58.6800     -39.9000      9.85000      171.000      14.6993     0.987688    0.0401334
1998-09-04/05:13:18      58.6300     -38.5900      8.66000      133.000      26.9050     0.681998     0.343430
1998-09-04/05:13:38      58.3400     -37.3400      8.62000      126.000      7.89555     0.587785     0.111485
1998-09-04/05:13:58      58.4700     -36.3700      9.54000      119.000      23.7264     0.484810     0.362183
1998-09-04/05:14:18      59.0400     -35.3500      7.10000      121.000      19.9174     0.515038     0.297973
1998-09-04/05:16:18      60.7500     -28.2500      6.81000      141.000      3.69811     0.777146    0.0406190
1998-09-04/05:16:38      60.9300     -27.0300      15.5000      131.000      5.06210     0.656059    0.0666788
1998-09-04/05:16:58      61.0900     -25.9900      18.3000      134.000      2.32540     0.694658    0.0291950
1998-09-04/05:17:18      61.2600     -24.8400      11.5700      131.000      2.86963     0.656059    0.0377993
1998-09-04/05:17:38      61.4100     -23.9100      9.06000      131.000      3.97424     0.656059    0.0523494
1998-09-04/05:17:58      61.2900     -23.0100      9.52000      134.000      2.23258     0.694658    0.0280297
1998-09-04/05:18:18      61.2800     -22.1200      9.31000      134.000      3.75230     0.694658    0.0471096
1998-09-04/05:18:38      61.0200     -21.2800      9.41000      131.000      4.49430     0.656059    0.0591997
1998-09-04/05:18:58      60.8400     -20.3100      9.35000      137.000      3.41887     0.731354    0.0406952
1998-09-04/05:19:18      60.5800     -19.1400      8.99000      132.000      4.47968     0.669131    0.0581029
1998-09-04/05:19:38      60.4800     -17.9700      8.96000      133.000      2.62354     0.681998    0.0334883
1998-09-04/05:19:58      60.4700     -16.8500      9.18000      151.000      5.15647     0.874620    0.0436316
1998-09-04/05:20:18      60.3300     -15.8600      9.22000      125.000      3.85072     0.573576    0.0550534
1998-09-04/05:20:38      60.1500     -14.8400      9.22000      129.000      3.95825     0.629321    0.0536887
1998-09-04/05:20:58      60.2200     -13.8400      9.13000      157.000      6.35738     0.920505    0.0433544
1998-09-04/05:21:18      60.3600     -12.9100      9.33000      117.000      4.82079     0.453991    0.0749681
1998-09-04/05:21:38      60.6200     -11.8800      9.27000      113.000      2.30954     0.390731    0.0371047
1998-09-04/05:21:58      60.5800     -10.7200      9.21000      112.000      2.09250     0.374607    0.0338617
1998-09-04/05:22:18      60.5700     -9.64000      9.33000      111.000      5.07297     0.358368    0.0826592
1998-09-04/05:36:19      62.5800      36.6400      9.41000      112.000      2.95217     0.374607    0.0477732
1998-09-04/05:36:39      61.9100      37.0200      9.42000      109.000      4.71565     0.325568    0.0778196
1998-09-04/05:36:59      61.9600      37.9000      9.42000      110.000      4.96258     0.342020    0.0813899
1998-09-04/05:37:18      62.4800      38.9300      9.40000      105.000      2.68027     0.258819    0.0451856
1998-09-04/05:37:38      62.9800      39.9600      9.39000      102.000      1.65815     0.207912    0.0283078
1998-09-04/05:37:58      62.3400      40.9400      9.41000      103.000      3.43504     0.224951    0.0584162
1998-09-04/05:38:18      62.3400      42.1500      9.37000      108.000      3.12735     0.309017    0.0519111
1998-09-04/05:38:39      62.5200      43.2900      9.26000      115.000      22.3924     0.422618     0.354204
1998-09-04/05:38:59      63.1400      44.4800      9.24000      111.000      2.32941     0.358368    0.0379555
1998-09-04/05:39:19      63.5600      45.6700      9.23000      119.000      5.18222     0.484810    0.0791065
1998-09-04/05:39:39      64.0000      46.8200      9.24000      105.000      3.92395     0.258819    0.0661523
1998-09-04/05:39:58      64.1600      47.8300      9.24000      104.000      3.55530     0.241922    0.0602085
1998-09-04/05:40:18      65.3900      49.2200      9.14000      103.000      3.80260     0.224951    0.0646669
1998-09-04/05:40:38      65.5100      50.6000      9.10000      100.000      8.83572     0.173648     0.151870
1998-09-04/05:40:58      65.8400      51.7900      9.08000      112.000      4.85743     0.374607    0.0786049
1998-09-04/05:41:19      66.1300      52.8900      9.29000      110.000      5.18814     0.342020    0.0850893
1998-09-04/05:41:39      66.4600      54.1300      9.18000      97.0000      3.56556     0.121869    0.0617669
1998-09-04/05:41:59      67.1600      55.5000      9.24000      97.0000      18.5254     0.121869     0.320920
1998-09-04/05:42:19      67.6300      56.8000      9.13000      107.000      10.2462     0.292372     0.171016
1998-09-04/05:42:38      68.3400      57.9000      9.20000      110.000      4.37406     0.342020    0.0717378
1998-09-04/06:06:39      262.460      62.3000      9.32000      65.0000      2.09785     0.422618    0.0331839
1998-09-04/06:06:59      258.780      61.0100      9.44000      69.0000      3.10278     0.358368    0.0505569
1998-09-04/06:07:19      255.440      59.7100      9.48000      74.0000      2.14212     0.275637    0.0359387
1998-09-04/06:07:39      252.110      58.1800      9.37000      69.0000      2.20291     0.358368    0.0358943
1998-09-04/06:07:59      250.820      57.1000      9.40000      71.0000      2.61726     0.325568    0.0431911
1998-09-04/06:08:19      249.910      55.9800      9.35000      67.0000      1.56737     0.390731    0.0251811
1998-09-04/06:08:39      248.880      54.7100      9.32000      69.0000      2.32336     0.358368    0.0378569
1998-09-04/06:08:59      248.470      53.7400      9.30000      72.0000      2.72835     0.309017    0.0452881
1998-09-04/06:09:19      248.210      52.5900      9.20000      73.0000      2.31977     0.292372    0.0387185
1998-09-04/06:09:39      247.270      51.1900      9.23000      73.0000      2.68499     0.292372    0.0448143
1998-09-04/06:09:59      246.720      49.9700      9.27000      73.0000      2.68499     0.292372    0.0448143
1998-09-04/06:10:19      246.110      48.7200      9.33000      77.0000      1.73073     0.224951    0.0294327
1998-09-04/06:10:39      245.430      47.5700      9.51000      75.0000      1.91551     0.258819    0.0322928
1998-09-04/06:10:59      244.780      46.5100      11.4200      71.0000      2.34566     0.325568    0.0387090
1998-09-04/06:11:19      244.610      45.5600      12.3300      59.0000      2.53734     0.515038    0.0379596
1998-09-04/06:11:39      244.820      44.7200      12.0700      66.0000      1.46827     0.406737    0.0234106
1998-09-04/06:11:59      244.940      43.6600      10.0100      68.0000      2.09106     0.374607    0.0338384
1998-09-04/06:12:19      244.350      42.2900      8.97000      70.0000      2.34075     0.342020    0.0383900
1998-09-04/06:12:39      243.360      40.8800      11.1000      71.0000      2.51776     0.325568    0.0415491
1998-09-04/06:12:59      242.510      39.6100      12.4700      69.0000      3.07254     0.358368    0.0500641
1998-09-04/06:13:19      241.950      38.4800      13.6900      68.0000      2.32941     0.374607    0.0376955
1998-09-04/06:13:39      241.500      37.3400      12.8900      74.0000      2.85935     0.275637    0.0479718
1998-09-04/06:13:59      241.260      36.2100      11.2000      70.0000      3.28169     0.342020    0.0538221
1998-09-04/06:14:19      241.090      35.0800      14.0800      71.0000      2.88853     0.325568    0.0476677
1998-09-04/06:14:39      240.930      33.8800      14.4000      66.0000      1.69368     0.406737    0.0270047
1998-09-04/06:14:59      240.750      32.7100      13.2200      65.0000      1.94222     0.422618    0.0307221
1998-09-04/06:15:19      240.650      31.4900      12.0400      70.0000      2.04840     0.342020    0.0335953
1998-09-04/06:15:39      240.420      30.2100      11.5800      72.0000      1.89738     0.309017    0.0314947
1998-09-04/06:15:59      240.170      28.9400      11.7500      58.0000      2.56239     0.529919    0.0379265
1998-09-04/06:16:19      239.900      27.7000      10.8200      77.0000      1.60103     0.224951    0.0272271
1998-09-04/06:16:39      239.640      26.5800      11.3700      45.0000      1.68251     0.707107    0.0207644
1998-09-04/06:16:59      239.490      25.4900      11.9200      75.0000      2.85144     0.258819    0.0480712
1998-09-04/06:17:19      239.350      24.4000      11.5100      71.0000      2.42687     0.325568    0.0400492
1998-09-04/06:17:39      239.290      23.3400      9.75000      66.0000      2.10025     0.406737    0.0334872
1998-09-04/06:17:59      239.160      22.2700      8.95000      61.0000      3.91119     0.484810    0.0597043
1998-09-04/06:18:19      238.940      21.1800      11.6100      87.0000      1.43717    0.0523359    0.0250490
1998-09-04/06:18:39      238.690      20.1600      10.9700      85.0000      2.79926    0.0871558    0.0486704
1998-09-04/06:18:59      238.550      19.1100      13.1100      69.0000      2.55790     0.358368    0.0416786
1998-09-04/06:19:19      238.420      18.1100      12.6000      62.0000      5.09721     0.469472    0.0785498
1998-09-04/06:19:39      238.410      17.0900      12.3100      66.0000      1.74178     0.406737    0.0277716
1998-09-04/06:19:59      238.410      16.0300      8.39000      69.0000      2.39465     0.358368    0.0390186
1998-09-04/06:20:19      238.450      15.0200      7.59000      73.0000      2.45874     0.292372    0.0410380
1998-09-04/06:20:39      238.500      13.9700      6.88000      70.0000      2.65359     0.342020    0.0435208
1998-09-04/06:20:59      238.500      12.9000      11.1200      70.0000      2.65359     0.342020    0.0435208
1998-09-04/06:21:19      238.500      11.8400      12.1500      63.0000      3.45764     0.453990    0.0537698
1998-09-04/06:21:39      238.540      10.7300      10.4000      68.0000      2.09106     0.374607    0.0338384
1998-09-04/06:21:59      238.530      9.61000      8.67000      77.0000      1.65815     0.224951    0.0281984
1998-09-04/06:22:19      238.510      8.51000      10.0100      79.0000      1.69625     0.190809    0.0290612
1998-09-04/06:22:39      238.530      7.39000      10.3000      75.0000      2.18875     0.258819    0.0368992
1998-09-04/06:22:59      238.540      6.32000      10.4600      71.0000      3.27522     0.325568    0.0540490
1998-09-04/06:23:19      238.510      5.25000      10.2400      71.0000      2.42687     0.325568    0.0400492
1998-09-04/06:23:39      238.490      4.17000      9.90000      76.0000      2.24958     0.241922    0.0380963
1998-09-04/06:23:59      238.420      3.09000      10.4500      70.0000      2.46527     0.342020    0.0404322
1998-09-04/06:24:19      238.330      2.01000      10.6600      77.0000      2.97429     0.224951    0.0505807
1998-09-04/06:24:39      238.280     0.910000      9.99000      66.0000      1.74178     0.406737    0.0277716
1998-09-04/06:24:59      238.250    -0.180000      9.90000      72.0000      3.22839     0.309017    0.0535883
1998-09-04/06:25:19      238.230     -1.28000      10.5300      78.0000      2.02113     0.207912    0.0345045
1998-09-04/06:25:39      238.230     -2.35000      10.1600      75.0000      2.18875     0.258819    0.0368992
1998-09-04/06:25:59      238.260     -3.42000      9.15000      72.0000      2.56265     0.309017    0.0425376
1998-09-04/06:26:19      238.260     -4.48000      9.27000      73.0000      2.45874     0.292372    0.0410380
1998-09-04/06:28:19      238.330     -10.9900      9.21000      65.0000      2.63779     0.422618    0.0417247
1998-09-04/06:28:39      238.380     -12.0700      8.74000      50.0000      4.78361     0.642788    0.0639569
1998-09-04/06:28:59      238.370     -13.0900      8.78000      12.0000      8.35580     0.978148    0.0303211
1998-09-04/06:29:19      238.400     -14.0400      8.75000      21.0000      6.02792     0.933580    0.0377028
1998-09-04/06:29:39      238.470     -15.0100      12.2600      37.0000      3.79876     0.798635    0.0399009
1998-09-04/06:29:59      238.610     -16.0000      12.5500      56.0000      2.04324     0.559193    0.0295645
1998-09-04/06:30:19      238.700     -16.9700      10.8000      63.0000      10.4853     0.453990     0.163057
1998-09-04/06:30:38      238.810     -17.9700      10.2700      39.0000      10.2567     0.777146     0.112657
1998-09-04/06:30:58      238.810     -19.0000      10.2900      63.0000      5.10837     0.453990    0.0794403
1998-09-04/06:31:18      238.880     -20.1800      9.54000      45.0000      4.55141     0.707107    0.0561705
1998-09-04/06:31:38      239.210     -21.5300      9.38000      39.0000      7.25249     0.777146    0.0796593
1998-09-04/06:31:59      240.000     -23.0400      9.48000      48.0000      3.31843     0.669131    0.0430411
1998-09-04/06:32:19      240.980     -24.7100      9.72000      50.0000      2.90193     0.642788    0.0387988
1998-09-04/06:32:39      240.860     -26.1000      9.43000      46.0000      2.45306     0.694658    0.0307978
1998-09-04/06:32:59      240.290     -27.2200      9.39000      57.0000      2.40317     0.544639    0.0351766
1998-09-04/06:33:18      239.800     -28.1400      9.50000      53.0000      2.78934     0.601815    0.0388801
1998-09-04/06:33:38      239.360     -29.1100      9.32000      62.0000      3.16633     0.469472    0.0487942
1998-09-04/06:33:58      239.090     -30.0500      9.30000      66.0000      1.69368     0.406737    0.0270047
1998-09-04/06:34:18      238.860     -30.9500      9.27000      61.0000      2.71868     0.484810    0.0415006
1998-09-04/06:34:39      238.810     -31.9900      9.25000      65.0000      1.38339     0.422618    0.0218825
1998-09-04/06:34:59      238.970     -33.0400      9.35000      74.0000      2.34766     0.275637    0.0393871
1998-09-04/06:35:19      239.100     -34.0900      9.31000      72.0000      4.19933     0.309017    0.0697050
1998-09-04/06:35:39      239.180     -35.1600      9.30000      70.0000      3.32780     0.342020    0.0545784
1998-09-04/06:35:58      239.240     -36.2300      9.31000      73.0000      3.50255     0.292372    0.0584599
1998-09-04/06:36:18      239.190     -37.2700      9.40000      74.0000      2.68027     0.275637    0.0449674
1998-09-04/06:36:38      239.330     -38.4000      9.45000      77.0000      1.43056     0.224951    0.0243281
1998-09-04/06:36:58      239.520     -39.5600      9.52000      74.0000      2.76988     0.275637    0.0464708
1998-09-04/06:37:19      239.580     -40.6200      9.50000      78.0000      1.74878     0.207912    0.0298550
1998-09-04/06:37:39      239.680     -41.7000      9.35000      77.0000      1.60103     0.224951    0.0272271
1998-09-04/06:37:59      239.830     -42.8100      9.26000      66.0000      1.64092     0.406737    0.0261634
1998-09-04/06:38:19      240.090     -44.0200      9.16000      77.0000      1.31060     0.224951    0.0222880
1998-09-04/06:38:38      240.290     -45.1300      9.10000      64.0000      2.90088     0.438371    0.0455059
1998-09-04/06:38:58      240.510     -46.2500      9.05000      73.0000      2.84991     0.292372    0.0475669
1998-09-04/06:39:18      240.820     -47.4100      9.12000      80.0000      2.20252     0.173648    0.0378572
1998-09-04/06:39:38      241.250     -48.5600      9.09000      73.0000      3.50255     0.292372    0.0584599
1998-09-04/06:39:59      241.640     -49.7900      9.00000      76.0000      1.57584     0.241922    0.0266866
1998-09-04/06:40:19      242.140     -50.9800      9.04000      72.0000      3.22839     0.309017    0.0535883
1998-09-04/06:40:39      242.620     -52.1700      9.07000      60.0000      3.71706     0.500000    0.0561833
1998-09-04/06:40:59      243.090     -53.4000      9.16000      64.0000      2.90088     0.438371    0.0455059
1998-09-04/06:41:18      243.440     -54.5000      9.25000      72.0000      2.65356     0.309017    0.0440466
1998-09-04/06:41:38      243.970     -55.7100      8.82000      70.0000      3.38317     0.342020    0.0554865
1998-09-04/06:41:58      244.910     -56.9200      9.04000      61.0000      4.06758     0.484810    0.0620916
1998-09-04/06:42:39      244.510     -58.7800      9.01000      82.0000      2.50016     0.139173    0.0432114
1998-09-04/06:42:59      244.550     -59.7600      9.17000      79.0000      1.94149     0.190809    0.0332628
1998-09-04/06:43:19      244.920     -60.7900      9.12000      78.0000      1.56173     0.207912    0.0266617
1998-09-04/07:00:18      82.7900     -75.5100      9.26000      107.000      5.27146     0.292372    0.0879842
1998-09-04/07:00:38      85.1700     -74.5200      9.27000      100.000      3.53087     0.173648    0.0606891
1998-09-04/07:00:58      84.3100     -73.8100      9.14000      102.000      2.97429     0.207912    0.0507768
1998-09-04/07:01:19      78.7700     -72.4500      9.13000      121.000      5.39685     0.515038    0.0807390
1998-09-04/07:01:39      73.8700     -71.0100      9.12000      103.000      3.18314     0.224951    0.0541324
1998-09-04/07:01:59      71.3200     -69.7200      9.10000      104.000      4.43739     0.241922    0.0751466
1998-09-04/07:02:19      69.4300     -68.2900      9.06000      113.000      1.97323     0.390731    0.0317016
1998-09-04/07:02:38      68.6600     -67.0700      8.97000      109.000      3.84268     0.325568    0.0634135
1998-09-04/07:02:58      70.0900     -65.9900      9.02000      110.000      2.73958     0.342020    0.0449311
1998-09-04/07:03:18      70.0600     -65.8800      9.11000      112.000      3.38726     0.374607    0.0548140
1998-09-04/07:03:38      68.2200     -64.5300      9.19000      115.000      3.00722     0.422618    0.0475684
1998-09-04/07:03:59      66.6000     -63.3800      9.27000      107.000      7.31677     0.292372     0.122122
1998-09-04/07:04:19      65.8600     -62.3600      9.30000      108.000      4.90683     0.309017    0.0814488
1998-09-04/07:04:39      64.7000     -61.1500      8.98000      92.0000      20.8008    0.0348995     0.362821
1998-09-04/07:04:59      65.2500     -60.3500      8.87000      115.000      3.16159     0.422618    0.0500102
1998-09-04/07:05:18      63.7600     -58.9200      8.75000      111.000      2.39953     0.358368    0.0390981
1998-09-04/07:05:38      63.0000     -57.6800      8.72000      109.000      6.95349     0.325568     0.114749
1998-09-04/07:05:58      62.5800     -56.3600      8.10000      134.000      7.25543     0.694658    0.0910908
1998-09-04/07:06:18      61.9300     -55.0600      10.4400      122.000      3.27587     0.529919    0.0484869
1998-09-04/09:57:19      267.880      75.3500      10.3600      65.0000      4.32846     0.422618    0.0684678
1998-09-04/09:57:39      264.470      74.1400      8.86000      74.0000      4.88719     0.275637    0.0819933
1998-09-04/09:57:59      258.220      72.0600      8.92000      86.0000      3.46203    0.0697565    0.0602766
1998-09-04/09:58:19      253.200      70.8800      8.56000      108.000      3.46035     0.309017    0.0574386
1998-09-04/09:58:40      251.940      69.7400      7.95000      59.0000      3.88265     0.515038    0.0580860
1998-09-04/09:59:00      247.940      68.3700      8.25000      78.0000      3.50109     0.207912    0.0597702
1998-09-04/09:59:20      246.530      67.1400      8.68000      48.0000      3.73483     0.669131    0.0484420
1998-09-04/09:59:40      246.520      65.8100      9.31000      81.0000      7.14654     0.156434     0.123195
1998-09-04/09:59:59      245.890      64.6300      7.76000      59.0000      7.20927     0.515038     0.107854
1998-09-04/10:00:19      244.700      63.6900      9.03000      78.0000      25.3882     0.207912     0.433425
1998-09-04/10:00:39      244.020      62.7700      8.58000      56.0000      4.92552     0.559193    0.0712695
1998-09-04/10:00:59      243.650      61.7200      9.64000      63.0000      4.31999     0.453990    0.0671802
1998-09-04/10:01:20      242.870      60.7100      8.97000      77.0000      3.13465     0.224951    0.0533077
1998-09-04/10:01:40      241.780      59.4800      9.83000      79.0000      5.78148     0.190809    0.0990519
1998-09-04/10:02:00      241.270      58.4700      9.54000      56.0000      2.17132     0.559193    0.0314178
1998-09-04/10:02:20      240.890      57.3800      8.42000      57.0000      3.33634     0.544639    0.0488359
1998-09-04/10:02:39      240.560      56.3000      8.78000      77.0000      2.56531     0.224951    0.0436256
1998-09-04/10:02:59      240.310      55.2800      9.37000      62.0000      6.40714     0.469472    0.0987362
1998-09-04/10:03:19      239.830      54.1000      9.54000      99.0000      6.14641     0.156434     0.105954
1998-09-04/10:03:39      239.690      53.0100      8.30000      54.0000      3.38424     0.587785    0.0477855
1998-09-04/10:04:00      239.610      51.8700      8.24000      62.0000      4.00009     0.469472    0.0616428
1998-09-04/10:04:20      239.750      51.0000      8.51000      61.0000      3.20731     0.484810    0.0489596
1998-09-04/10:04:40      239.990      49.9800      8.81000      76.0000      2.73067     0.241922    0.0462435
1998-09-04/10:05:00      239.700      48.8400      8.77000      64.0000      3.88985     0.438371    0.0610197
1998-09-04/10:05:19      239.340      47.7700      8.96000      65.0000      3.21946     0.422618    0.0509256
1998-09-04/10:05:39      238.910      46.7600      8.59000      66.0000      3.00172     0.406737    0.0478606
1998-09-04/10:05:59      238.720      45.9100      8.56000      85.0000      4.28240    0.0871558    0.0744576
1998-09-04/10:06:19      238.510      44.9300      8.39000      66.0000      2.79642     0.406737    0.0445872
1998-09-04/10:06:40      238.360      43.8700      8.36000      72.0000      3.43378     0.309017    0.0569975
1998-09-04/10:07:00      238.140      42.7600      8.99000      72.0000      3.43378     0.309017    0.0569975
1998-09-04/10:07:20      237.770      41.4900      8.64000      68.0000      2.37731     0.374607    0.0384706
1998-09-04/10:07:40      237.580      40.2600      8.85000      66.0000      3.71143     0.406737    0.0591764
1998-09-04/10:07:59      237.400      39.1000      8.29000      63.0000      4.46577     0.453990    0.0694472
1998-09-04/10:08:19      237.260      38.0100      6.15000      73.0000      4.31371     0.292372    0.0719987
1998-09-04/10:08:39      237.300      37.0000      5.62000      39.0000      6.15250     0.777146    0.0675773
1998-09-04/10:08:59      237.190      35.8900      8.15000      61.0000      3.30730     0.484810    0.0504859
1998-09-04/10:09:20      236.960      34.7400      8.16000      69.0000      2.94955     0.358368    0.0480601
1998-09-04/10:09:40      236.830      33.6500      8.33000      70.0000      5.66103     0.342020    0.0928450
1998-09-04/10:10:00      236.700      32.5400      9.42000      71.0000      4.07119     0.325568    0.0671845
1998-09-04/10:10:20      236.620      31.4100      9.75000      72.0000      3.00550     0.309017    0.0498885
1998-09-04/10:10:39      236.690      30.3600      10.8600      77.0000      2.08461     0.224951    0.0354508
1998-09-04/10:10:59      236.800      29.2300      9.91000      69.0000      3.82218     0.358368    0.0622788
1998-09-04/10:11:19      236.830      28.1200      8.94000      66.0000      2.79642     0.406737    0.0445872
1998-09-04/10:11:39      236.880      26.9900      9.32000      57.0000      4.94186     0.544639    0.0723368
1998-09-04/10:12:00      236.880      25.8700      9.32000      52.0000      5.17975     0.615661    0.0712391
1998-09-04/10:12:20      236.940      24.8200      9.28000      58.0000      3.43143     0.529919    0.0507894
1998-09-04/10:12:40      237.060      23.7800      9.14000      58.0000      5.01394     0.529919    0.0742125
1998-09-04/10:13:00      236.990      22.6200      8.98000      74.0000      4.42859     0.275637    0.0742993
1998-09-04/10:13:19      236.750      21.6000      9.01000      62.0000      6.40714     0.469472    0.0987362
1998-09-04/10:13:39      236.540      20.6300      9.02000      68.0000      2.32941     0.374607    0.0376955
1998-09-04/10:13:59      236.410      19.6800      8.96000      57.0000      2.40317     0.544639    0.0351766
1998-09-04/10:14:19      236.330      18.7200      8.99000      70.0000      2.65359     0.342020    0.0435208
1998-09-04/10:14:40      236.290      17.7500      8.87000      70.0000      3.23959     0.342020    0.0531316
1998-09-04/10:15:00      236.260      16.7900      8.83000      77.0000      2.08461     0.224951    0.0354508
1998-09-04/10:15:20      236.280      15.8300      8.84000      54.0000      6.81630     0.587785    0.0962462
1998-09-04/10:15:40      236.310      14.8200      8.82000      67.0000      2.22430     0.390731    0.0357352
1998-09-04/10:15:59      236.310      13.8300      8.98000      85.0000      1.95361    0.0871558    0.0339672
1998-09-04/10:16:19      236.250      12.7900      9.02000      72.0000      5.27146     0.309017    0.0875013
1998-09-04/10:16:39      236.190      11.6500      8.95000      77.0000      1.60103     0.224951    0.0272271
1998-09-04/10:16:59      236.140      10.5100      8.88000      85.0000      1.66997    0.0871558    0.0290356
1998-09-04/10:17:20      236.040      9.32000      8.72000      74.0000      3.40585     0.275637    0.0571406
1998-09-04/10:17:40      235.920      8.16000      8.70000      87.0000      2.02629    0.0523359    0.0353170
1998-09-04/10:18:00      235.820      7.01000      8.56000      89.0000      1.27453    0.0174524    0.0222414
1998-09-04/10:18:20      235.760      5.88000      8.43000      82.0000      2.86343     0.139173    0.0494899
1998-09-04/10:18:39      235.720      4.77000      8.52000      80.0000      2.63679     0.173648    0.0453215
1998-09-04/10:18:59      235.690      3.63000      8.59000      77.0000      1.73073     0.224951    0.0294327
1998-09-04/10:19:19      235.670      2.50000      8.45000      71.0000      3.12735     0.325568    0.0516088
1998-09-04/10:19:39      235.710      1.38000      8.41000      72.0000      4.19933     0.309017    0.0697050
1998-09-04/10:20:00      235.750     0.250000      8.45000      88.0000      1.68121    0.0348994    0.0293248
1998-09-04/10:20:20      235.800    -0.800000      8.59000      76.0000      3.09582     0.241922    0.0524273
1998-09-04/10:20:40      235.920     -1.80000      8.58000      74.0000      3.09738     0.275637    0.0519653
1998-09-04/10:21:00      236.010     -2.72000      8.73000      70.0000      2.57545     0.342020    0.0422393
1998-09-04/10:21:19      236.150     -3.65000      8.22000      77.0000      1.60103     0.224951    0.0272271
1998-09-04/10:21:39      236.380     -4.56000      8.58000      79.0000      1.94149     0.190809    0.0332628
1998-09-04/10:21:59      236.460     -5.47000      8.69000      78.0000      2.02113     0.207912    0.0345045
1998-09-04/10:22:19      236.530     -6.43000      8.73000      72.0000      2.19297     0.309017    0.0364013
1998-09-04/10:22:40      236.480     -7.50000      8.80000      80.0000      2.27326     0.173648    0.0390731
1998-09-04/10:23:00      236.440     -8.65000      8.77000      75.0000      3.45956     0.258819    0.0583233
1998-09-04/10:23:20      236.300     -9.74000      8.94000      46.0000      2.51485     0.694658    0.0315736
1998-09-04/10:23:40      236.260     -10.8500      8.82000      66.0000      1.92248     0.406737    0.0306527
1998-09-04/10:23:59      236.250     -11.9800      8.71000      74.0000      2.76988     0.275637    0.0464708
1998-09-04/10:24:19      236.250     -13.1100      8.69000      86.0000      8.13879    0.0697565     0.141703
1998-09-04/10:24:39      236.430     -14.2900      8.71000      28.0000      7.81462     0.882948    0.0640316
1998-09-04/10:24:59      236.490     -15.3000      8.62000      28.0000      7.23293     0.882948    0.0592654
1998-09-04/10:25:20      236.640     -16.3300      8.52000      21.0000      2.26670     0.933580    0.0141775
1998-09-04/10:25:40      237.020     -17.3100      8.62000      28.0000      12.3338     0.882948     0.101061
1998-09-04/10:28:20      238.450     -27.5400      8.71000      45.0000      3.50852     0.707107    0.0432998
1998-09-04/10:28:40      238.980     -29.2900      8.82000      77.0000      2.28924     0.224951    0.0389307
1998-09-04/10:29:00      239.220     -30.7700      8.93000      94.0000      5.42306    0.0697566    0.0944197
1998-09-04/10:29:19      239.000     -31.9800      10.3900      45.0000      3.75230     0.707107    0.0463084
1998-09-04/10:29:39      238.480     -32.8100      10.0900      77.0000      3.35516     0.224951    0.0570577
1998-09-04/10:29:59      238.510     -34.0300      9.88000      48.0000      4.73450     0.669131    0.0614080
1998-09-04/10:30:19      238.110     -35.1600      9.73000      49.0000      6.28058     0.656059    0.0827289
1998-09-04/10:30:40      237.900     -36.2100      11.8200      112.000      4.59444     0.374607    0.0743491
1998-09-04/10:31:00      238.060     -37.3700      11.2400      98.0000      4.02632     0.139173    0.0695887
1998-09-04/10:31:20      238.070     -38.3300      9.53000      79.0000      3.77737     0.190809    0.0647163
1998-09-04/10:31:40      238.270     -39.4900      8.89000      102.000      3.70093     0.207912    0.0631819
1998-09-04/10:31:59      238.370     -40.6700      11.0000      97.0000      5.90919     0.121869     0.102366
1998-09-04/10:32:19      238.550     -41.7800      11.3300      96.0000      5.33106     0.104529    0.0925348
1998-09-04/10:32:39      238.740     -42.8300      11.7500      102.000      3.60088     0.207912    0.0614738
1998-09-04/10:32:59      238.890     -43.9100      11.6400      74.0000      4.42859     0.275637    0.0742993
1998-09-04/10:33:20      239.380     -44.9900      9.70000      80.0000      3.10816     0.173648    0.0534235
1998-09-04/10:33:40      239.860     -46.0600      8.25000      74.0000      3.52055     0.275637    0.0590649
1998-09-04/10:34:00      239.810     -46.9300      11.0000      76.0000      3.09582     0.241922    0.0524273
1998-09-04/10:34:20      240.200     -47.9300      11.3800      71.0000      3.35424     0.325568    0.0553531
1998-09-04/10:34:39      240.670     -49.0200      9.35000      71.0000      3.27522     0.325568    0.0540490
1998-09-04/10:34:59      240.790     -50.0000      10.7600      71.0000      3.12735     0.325568    0.0516088
1998-09-04/10:35:19      242.850     -51.7600      10.8700      50.0000      3.95825     0.642788    0.0529218
1998-09-04/10:35:39      245.400     -53.8100      12.6100      54.0000      3.38424     0.587785    0.0477855
1998-09-04/10:36:00      246.110     -54.9000      11.5600      76.0000      3.43504     0.241922    0.0581719
1998-09-04/10:36:20      246.190     -55.6000      10.3800      85.0000      10.3942    0.0871558     0.180723
1998-09-04/10:56:19      94.3600     -74.4200      10.9900      120.000      2.68786     0.500000    0.0406270
1998-09-04/10:56:39      76.1000     -72.1800      10.9800      122.000      2.66196     0.529919    0.0394003
1998-09-04/10:56:59      71.1900     -70.4500      10.5700      123.000      1.71277     0.544639    0.0250708
1998-09-04/10:57:20      70.0100     -68.9700      10.2900      111.000      2.37731     0.358368    0.0387360
1998-09-04/10:57:40      68.3400     -67.6200      10.3800      123.000      1.76984     0.544639    0.0259061
1998-09-04/10:58:00      69.3900     -66.6600      11.0600      123.000      1.66979     0.544639    0.0244417
1998-09-04/10:58:20      68.2100     -65.5800      11.3800      119.000      3.00080     0.484810    0.0458072
1998-09-04/10:58:39      67.0100     -64.5900      9.70000      132.000      3.07640     0.669131    0.0399019
1998-09-04/10:58:59      65.1800     -63.5200      10.4500      116.000      3.01723     0.438371    0.0473310
1998-09-04/10:59:19      63.8700     -62.4700      10.2600      118.000      3.30730     0.469472    0.0509666
1998-09-04/10:59:39      62.9200     -61.5000      9.97000      119.000      2.55857     0.484810    0.0390565
1998-09-04/11:00:00      62.1700     -60.2900      12.4300      127.000      5.57686     0.601815    0.0777348
1998-09-04/11:00:20      61.7300     -59.1700      12.1000      128.000      3.30492     0.615661    0.0454538
1998-09-04/11:00:40      61.2700     -58.0900      15.0900      120.000      2.68786     0.500000    0.0406270
1998-09-04/11:01:00      60.7500     -56.9300      14.2200      130.000      5.57643     0.642788    0.0745569
1998-09-04/11:01:19      60.3000     -55.7900      10.9200      111.000      2.41315     0.358368    0.0393200
1998-09-04/11:01:39      59.8700     -54.6500      11.3900      115.000      3.88985     0.422618    0.0615299
1998-09-04/11:01:59      59.4600     -53.5600      10.8300      131.000      4.60264     0.656059    0.0606267
1998-09-04/11:02:19      59.6200     -52.6100      11.6200      137.000      5.52538     0.731354    0.0657692
1998-09-04/11:02:40      59.3800     -51.7300      11.8700      166.000      8.79032     0.970296    0.0371157
1998-09-04/11:03:00      59.0700     -50.5800      11.4100      108.000      3.81802     0.309017    0.0633756
1998-09-04/11:03:20      58.7300     -49.5100      11.3900      102.000      6.77877     0.207912     0.115726
1998-09-04/11:03:40      58.4800     -48.5300      11.5400      134.000      3.75230     0.694658    0.0471096
1998-09-04/11:03:59      58.6400     -47.6200      11.3300      122.000      2.11743     0.529919    0.0313406
1998-09-04/11:04:19      59.1700     -46.7600      10.5100      108.000      4.32231     0.309017    0.0717463
1998-09-04/11:04:39      59.3000     -45.8800      9.53000      113.000      2.53069     0.390731    0.0406577
1998-09-04/11:04:59      59.6300     -44.9400      11.2300      101.000      3.93997     0.190809    0.0675020
1998-09-04/11:05:20      59.8800     -43.9800      9.15000      111.000      22.2732     0.358368     0.362921
1998-09-04/11:33:00      59.7400      46.9000      9.99000      93.0000      9.62548    0.0523359     0.167766
1998-09-04/11:33:19      60.7500      48.1300      9.56000      99.0000      3.05685     0.156434    0.0526952
1998-09-04/11:33:39      61.1200      49.0800      10.0700      99.0000      9.68878     0.156434     0.167019
1998-09-04/11:34:00      61.6500      49.9100      10.7500      97.0000      3.56556     0.121869    0.0617669
1998-09-04/11:34:20      62.3700      50.9700      10.2000      97.0000      5.96992     0.121869     0.103418
1998-09-04/11:34:40      63.0600      52.2800      9.99000      100.000      3.56687     0.173648    0.0613078
1998-09-04/11:35:00      63.0900      53.4100      9.76000      99.0000      24.3528     0.156434     0.419804
1998-09-04/11:35:20      63.5800      54.5800      9.93000      96.0000      19.9121     0.104529     0.345629
1998-09-04/11:35:40      63.5500      55.8200      9.74000      98.0000      26.9132     0.139173     0.465153
1998-09-04/11:36:00      64.4200      56.9200      9.56000      97.0000      18.5254     0.121869     0.320920
1998-09-04/11:36:20      65.5200      58.0300      9.28000      98.0000      10.0744     0.139173     0.174120
1998-09-04/11:36:40      66.2900      58.9700      9.28000      95.0000      13.1067    0.0871559     0.227885
1998-09-04/11:37:00      66.1100      60.1800      7.95000      103.000      4.99506     0.224951    0.0849458
1998-09-04/11:37:20      67.5900      61.5800      10.4900      101.000      1.95756     0.190809    0.0335381
1998-09-04/11:37:40      69.7000      63.0300      11.3700      100.000      2.17704     0.173648    0.0374193
1998-09-04/11:59:40      261.840      63.8900      10.2200      67.0000      1.52115     0.390731    0.0244386
1998-09-04/12:00:01      254.900      62.0400      9.74000      78.0000      1.68212     0.207912    0.0287170
1998-09-04/12:00:21      251.760      60.5700      9.89000      78.0000      2.28375     0.207912    0.0389879
1998-09-04/12:00:41      249.640      59.2500      9.78000      70.0000      2.83748     0.342020    0.0465367
1998-09-04/12:01:01      247.800      57.8900      10.5200      73.0000      2.58370     0.292372    0.0431237
1998-09-04/12:01:20      246.230      56.5700      10.9400      76.0000      1.89749     0.241922    0.0321337
1998-09-04/12:01:40      245.020      55.2600      10.6600      77.0000      1.60103     0.224951    0.0272271
1998-09-04/12:02:00      243.970      53.9300      9.86000      68.0000      2.04548     0.374607    0.0331008
1998-09-04/12:02:20      243.040      52.6600      9.43000      68.0000      2.25057     0.374607    0.0364197
1998-09-04/12:02:41      242.250      51.3800      9.84000      77.0000      2.16385     0.224951    0.0367984
1998-09-04/12:03:01      241.630      50.1800      9.99000      68.0000      2.66344     0.374607    0.0431009
1998-09-04/12:03:21      241.070      48.9600      9.86000      75.0000      2.01372     0.258819    0.0339485
1998-09-04/12:03:41      240.680      47.7800      9.82000      70.0000      3.23959     0.342020    0.0531316
1998-09-04/12:04:00      240.330      46.6700      9.83000      76.0000      2.08650     0.241922    0.0353346
1998-09-04/12:04:20      240.080      45.5500      9.62000      76.0000      1.98394     0.241922    0.0335977
1998-09-04/12:04:40      239.850      44.3800      9.54000      72.0000      3.00550     0.309017    0.0498885
1998-09-04/12:05:00      239.550      43.1400      9.74000      67.0000      2.09250     0.390731    0.0336178
1998-09-04/12:05:21      239.070      41.7800      9.78000      68.0000      2.01220     0.374607    0.0325623
1998-09-04/12:05:41      238.480      40.5200      9.76000      66.0000      1.74178     0.406737    0.0277716
1998-09-04/12:06:01      238.050      39.3800      9.63000      58.0000      2.56239     0.529919    0.0379265
1998-09-04/12:06:21      237.750      38.2500      9.50000      66.0000      2.02531     0.406737    0.0322923
1998-09-04/12:06:40      237.520      37.1900      9.65000      52.0000      4.13394     0.615661    0.0568557
1998-09-04/12:07:00      237.290      36.0700      9.75000      66.0000      2.02531     0.406737    0.0322923
1998-09-04/12:07:20      237.130      34.9900      9.88000      67.0000      1.98706     0.390731    0.0319238
1998-09-04/12:07:40      236.930      33.8300      10.0300      69.0000      3.10278     0.358368    0.0505569
1998-09-04/12:08:01      236.770      32.6900      9.90000      69.0000      2.27385     0.358368    0.0370502
1998-09-04/12:08:21      236.570      31.5400      9.67000      76.0000      2.73067     0.241922    0.0462435
1998-09-04/12:08:41      236.440      30.4100      9.61000      74.0000      2.46569     0.275637    0.0413673
1998-09-04/12:09:01      236.290      29.2800      9.69000      80.0000      2.13412     0.173648    0.0366815
1998-09-04/12:09:20      236.160      28.2100      9.65000      73.0000      2.84991     0.292372    0.0475669
1998-09-04/12:09:40      236.000      27.0800      9.54000      79.0000      1.79598     0.190809    0.0307699
1998-09-04/12:10:00      235.900      25.9800      9.63000      70.0000      3.38317     0.342020    0.0554865
1998-09-04/12:10:20      235.770      24.8600      9.82000      59.0000      2.81804     0.515038    0.0421590
1998-09-04/12:10:41      235.670      23.7000      9.75000      66.0000      1.82806     0.406737    0.0291473
1998-09-04/12:11:01      235.550      22.5800      9.58000      77.0000      2.36358     0.224951    0.0401950
1998-09-04/12:11:21      235.450      21.4700      9.64000      80.0000      2.86740     0.173648    0.0492853
1998-09-04/12:11:41      235.360      20.3800      9.69000      70.0000      2.83748     0.342020    0.0465367
1998-09-04/12:12:00      235.260      19.3100      9.73000      65.0000      2.05132     0.422618    0.0324479
1998-09-04/12:12:20      235.170      18.2200      9.91000      71.0000      2.51776     0.325568    0.0415491
1998-09-04/12:12:40      235.140      17.1000      9.85000      66.0000      1.92248     0.406737    0.0306527
1998-09-04/12:13:00      235.080      16.0200      9.62000      84.0000      3.04153     0.104528    0.0527939
1998-09-04/12:13:21      235.060      14.9100      9.69000      82.0000      2.72844     0.139173    0.0471568
1998-09-04/12:13:41      235.030      13.8400      10.1300      78.0000      1.89705     0.207912    0.0323862
1998-09-04/12:14:01      235.020      12.7800      10.1200      77.0000      1.36590     0.224951    0.0232284
1998-09-04/12:14:21      235.010      11.7300      10.0500      68.0000      1.86614     0.374607    0.0301986
1998-09-04/12:14:40      235.010      10.7100      10.1000      74.0000      2.96037     0.275637    0.0496667
1998-09-04/12:15:00      235.000      9.62000      10.1600      78.0000      1.35630     0.207912    0.0231546
1998-09-04/12:15:20      234.990      8.54000      10.1200      71.0000      2.25162     0.325568    0.0371572
1998-09-04/12:15:40      234.950      7.45000      9.93000      78.0000      1.78652     0.207912    0.0304993
1998-09-04/12:16:01      234.940      6.36000      9.83000      78.0000      1.71735     0.207912    0.0293184
1998-09-04/12:16:21      234.940      5.31000      9.81000      76.0000      1.49576     0.241922    0.0253305
1998-09-04/12:16:41      234.910      4.24000      9.80000      71.0000      2.51776     0.325568    0.0415491
1998-09-04/12:17:01      234.870      3.17000      9.69000      71.0000      2.94697     0.325568    0.0486321
1998-09-04/12:17:20      234.860      2.13000      9.73000      77.0000      2.45751     0.224951    0.0417923
1998-09-04/12:17:40      234.830      1.07000      9.88000      71.0000      2.42687     0.325568    0.0400492
1998-09-04/12:18:00      234.780    0.0100000      9.97000      77.0000      1.43056     0.224951    0.0243281
1998-09-04/12:18:20      234.750     -1.06000      9.97000      77.0000      1.36590     0.224951    0.0232284
1998-09-04/12:18:41      234.700     -2.18000      10.0000      70.0000      2.57545     0.342020    0.0422393
1998-09-04/12:19:01      234.680     -3.26000      10.1200      72.0000      2.65356     0.309017    0.0440466
1998-09-04/12:19:21      234.650     -4.35000      9.83000      75.0000      2.56031     0.258819    0.0431632
1998-09-04/12:19:41      234.640     -5.44000      9.87000      69.0000      2.65743     0.358368    0.0433003
1998-09-04/12:20:00      234.620     -6.49000      9.74000      78.0000      1.82292     0.207912    0.0311207
1998-09-04/12:20:20      234.620     -7.58000      9.84000      75.0000      3.12045     0.258819    0.0526064
1998-09-04/12:20:40      234.650     -8.66000      9.91000      63.0000      3.45764     0.453990    0.0537698
1998-09-04/12:21:00      234.630     -9.76000      12.1400      63.0000      3.23533     0.453990    0.0503126
1998-09-04/12:21:21      234.620     -10.8700      11.0000      66.0000      1.92248     0.406737    0.0306527
1998-09-04/12:21:41      234.600     -11.9300      9.59000      75.0000      3.92555     0.258819    0.0661792
1998-09-04/12:22:01      234.590     -12.9800      11.6200      79.0000      2.30634     0.190809    0.0395137
1998-09-04/12:22:21      234.630     -14.0100      11.3000      57.0000      2.14938     0.544639    0.0314617
1998-09-04/12:22:40      234.650     -15.0100      11.5800      66.0000      2.30954     0.406737    0.0368242
1998-09-04/12:23:00      234.670     -16.0600      11.6100      52.0000      22.1762     0.615661     0.304998
1998-09-04/12:23:20      234.710     -17.1200      9.18000      37.0000      4.39176     0.798635    0.0461295
1998-09-04/12:26:20      235.240     -27.4000      12.2600      54.0000      1.91644     0.587785    0.0270602
1998-09-04/12:26:41      235.310     -28.6100      11.4500      49.0000      4.24681     0.656059    0.0559397
1998-09-04/12:27:01      235.330     -29.7100      10.3700      60.0000      2.80616     0.500000    0.0424151
1998-09-04/12:27:21      235.370     -30.7500      11.5400      71.0000      2.85097     0.325568    0.0470479
1998-09-04/12:27:41      235.450     -31.7900      11.2500      69.0000      2.35372     0.358368    0.0383516
1998-09-04/12:28:00      235.470     -32.8200      11.8300      76.0000      2.80807     0.241922    0.0475543
1998-09-04/12:28:20      235.500     -33.9200      10.9700      74.0000      2.85935     0.275637    0.0479718
1998-09-04/12:28:40      235.630     -35.0300      11.5600      70.0000      3.11900     0.342020    0.0511539
1998-09-04/12:29:00      235.740     -36.1100      10.7800      69.0000      2.32336     0.358368    0.0378569
1998-09-04/12:29:21      236.010     -37.2300      10.0400      63.0000      2.75008     0.453990    0.0427665
1998-09-04/12:29:41      236.380     -38.2800      10.1200      67.0000      1.86436     0.390731    0.0299525
1998-09-04/12:30:01      236.600     -39.2800      10.8300      70.0000      3.50897     0.342020    0.0575497
1998-09-04/12:30:21      236.790     -40.1300      10.1300      77.0000      1.36590     0.224951    0.0232284
1998-09-04/12:30:40      237.060     -40.9900      10.7500      72.0000      4.67314     0.309017    0.0775698
1998-09-04/12:31:00      237.080     -41.7800      10.0800      71.0000      3.46035     0.325568    0.0571041
1998-09-04/12:31:20      237.030     -42.7400      9.96000      72.0000      2.89541     0.309017    0.0480611
1998-09-04/12:31:40      236.990     -43.7900      9.85000      59.0000      2.81804     0.515038    0.0421590
1998-09-04/12:32:01      237.040     -45.0200      11.2200      62.0000      3.85261     0.469472    0.0593700
1998-09-04/12:32:21      237.180     -46.1700      9.55000      72.0000      3.59803     0.309017    0.0597240
1998-09-04/12:32:41      237.540     -47.3500      10.3600      70.0000      2.90309     0.342020    0.0476128
1998-09-04/12:33:01      237.890     -48.4800      14.3200      68.0000      2.47319     0.374607    0.0400222
1998-09-04/12:33:20      238.100     -49.5600      13.2800      67.0000      1.74712     0.390731    0.0280690
1998-09-04/12:33:40      238.420     -50.7500      15.1400      70.0000      2.90309     0.342020    0.0476128
1998-09-04/12:34:00      238.700     -51.9300      15.6900      71.0000      3.35424     0.325568    0.0553531
1998-09-04/12:34:20      239.100     -53.0900      14.0000      73.0000      4.73724     0.292372    0.0790677
1998-09-04/12:34:41      239.400     -54.3300      13.7300      68.0000      2.41315     0.374607    0.0390506
1998-09-04/12:35:01      239.660     -55.5100      10.9400      65.0000      3.75034     0.422618    0.0593231
1998-09-04/12:35:21      239.730     -56.5800      10.5400      54.0000      2.47499     0.587785    0.0349469
1998-09-04/12:35:41      240.110     -57.7000      11.3600      55.0000      3.61780     0.573576    0.0517233
1998-09-04/12:36:00      240.540     -58.7200      11.6400      40.0000      4.38475     0.766044    0.0491915
1998-09-04/12:36:20      241.160     -59.8100      11.4100      50.0000      5.44054     0.642788    0.0727400
1998-09-04/12:36:40      241.950     -60.8800      11.1100      76.0000      1.83560     0.241922    0.0310856
1998-09-04/12:56:39      77.2300     -66.4300      10.5100      117.000      7.43414     0.453991     0.115608
1998-09-04/12:56:59      73.3800     -65.0500      11.6800      96.0000      3.16120     0.104529    0.0548711
1998-09-04/12:57:20      72.2000     -64.3300      10.4100      98.0000      3.49675     0.139173    0.0604359
1998-09-04/12:57:40      71.7300     -63.4400      10.0000      103.000      7.58919     0.224951     0.129062
1998-09-04/12:58:00      68.3800     -61.9200      10.4500      144.000      10.4268     0.809017     0.106966
1998-09-04/12:58:20      67.9600     -60.7400      10.8200      113.000      4.23993     0.390731    0.0681180
1998-09-04/12:58:39      65.1100     -59.1400      11.5300      109.000      2.83748     0.325568    0.0468253
1998-09-04/12:58:59      63.4100     -57.6000      11.1100      134.000      2.85975     0.694658    0.0359037
1998-09-04/12:59:19      63.6000     -56.5300      10.9900      119.000      8.89926     0.484810     0.135847
1998-09-04/13:00:00      61.1800     -54.0000      10.5400      140.000      9.54078     0.766045     0.107036
1998-09-04/13:00:20      61.1900     -52.9700      10.7300      149.000      6.36634     0.857167    0.0572277
1998-09-04/13:00:40      61.4800     -52.5000      10.7200      153.000      9.69597     0.891007    0.0768272
1998-09-04/13:01:19      58.3300     -49.1500      10.4100      106.000      3.50255     0.275637    0.0587629
1998-09-04/13:01:39      58.0600     -47.8600      12.3100      129.000      3.12558     0.629321    0.0423946
1998-09-04/13:01:59      58.0400     -46.7600      16.7800      123.000      2.34112     0.544639    0.0342683
1998-09-04/13:02:19      57.8400     -45.6700      14.9100      128.000      4.45622     0.615661    0.0612881
1998-09-04/13:02:40      58.2600     -44.6500      12.5900      119.000      4.29604     0.484810    0.0655790
1998-09-04/13:03:00      58.0500     -43.4100      11.2200      102.000      2.65735     0.207912    0.0453660
1998-09-04/13:03:40      57.5200     -41.0500      11.3300      115.000      6.18140     0.422618    0.0977777
1998-09-04/13:03:59      57.5000     -40.0600      11.3400      110.000      3.45863     0.342020    0.0567241
1998-09-04/13:04:39      57.1400     -37.8700      11.3200      115.000      7.99577     0.422618     0.126478
1998-09-04/13:04:59      56.4800     -36.7500      11.6000      114.000      2.85912     0.406737    0.0455869
1998-09-04/13:05:20      56.1300     -35.5700      11.2200      101.000      1.89705     0.190809    0.0325014
1998-09-04/13:05:40      56.1500     -34.5100      10.9100      128.000      5.03044     0.615661    0.0691856
1998-09-04/13:06:00      56.3400     -33.5300      11.0200      160.000      11.9413     0.939693    0.0712821
1998-09-04/13:06:20      56.5400     -32.5500      10.8700      97.0000      3.62364     0.121869    0.0627730
1998-09-04/13:06:59      55.3300     -29.8600      10.7000      98.0000      4.26953     0.139173    0.0737922
1998-09-04/13:07:19      54.8900     -28.5600      10.5800      101.000      2.89487     0.190809    0.0495967
1998-09-04/13:08:20      55.0800     -25.4600      10.5400      108.000      3.72693     0.309017    0.0618636
1998-09-04/13:09:39      54.9600     -21.3200      10.4600      128.000      4.76905     0.615661    0.0655906
1998-09-04/13:09:59      55.0500     -20.1300      10.4500      113.000      7.15040     0.390731     0.114877
1998-09-04/13:10:19      54.8600     -19.1100      10.2300      97.0000      3.92587     0.121869    0.0680086
1998-09-04/13:10:40      54.7000     -18.0700      10.2800      97.0000      3.92587     0.121869    0.0680086
1998-09-04/13:11:00      54.4300     -17.0700      10.4400      148.000      9.02431     0.848048    0.0834643
1998-09-04/13:11:20      54.8200     -16.3400      10.5300      155.000      41.2354     0.906308     0.304156
1998-09-04/13:11:40      55.2200     -15.3500      10.3200      170.000      9.93572     0.984808    0.0301125
1998-09-04/13:14:00      54.6400     -7.62000      10.2800      114.000      20.2240     0.406737     0.322459
1998-09-04/13:15:40      55.0100     -2.01000      10.4900      108.000      6.71122     0.309017     0.111400
1998-09-04/13:16:00      54.7700    -0.740000      10.8200      97.0000      18.5254     0.121869     0.320920
1998-09-04/13:16:20      54.6500     0.300000      11.3300      110.000      5.18814     0.342020    0.0850893
1998-09-04/13:16:40      54.5300      1.46000      11.1800      102.000      8.01478     0.207912     0.136827
1998-09-04/13:17:00      54.8500      2.58000      10.9700      127.000      22.1762     0.601815     0.309110
1998-09-04/13:17:40      54.2200      4.67000      10.4900      112.000      17.4097     0.374607     0.281731
1998-09-04/13:18:00      54.4500      5.64000      10.6100      127.000      9.91251     0.601815     0.138169
1998-09-04/13:18:20      54.7900      6.62000      10.9000      136.000      24.0070     0.719340     0.291063
1998-09-04/13:18:40      54.8300      7.72000      11.1100      126.000      8.75951     0.587785     0.123684
1998-09-04/13:19:20      54.2300      10.0100      11.1100      124.000      17.6815     0.559193     0.255841
1998-09-04/13:19:40      54.4800      11.1000      10.8000      174.000      45.0000     0.994522    0.0820963
1998-09-04/13:20:01      54.8000      12.3200      10.7800      113.000      1.58863     0.390731    0.0255227
1998-09-04/13:20:21      55.1200      13.2500      10.7300      119.000      7.49223     0.484810     0.114369
1998-09-04/13:20:41      55.4100      14.4200      10.5800      125.000      1.71507     0.573576    0.0245202
1998-09-04/13:21:01      54.8600      15.4100      10.5500      101.000      3.52032     0.190809    0.0603123
1998-09-04/13:21:20      54.5600      16.2800      10.6900      133.000      26.9050     0.681998     0.343430
1998-09-04/13:21:40      54.7800      17.5900      11.0700      134.000      20.5334     0.694658     0.257794
1998-09-04/13:22:20      55.9800      19.9400      11.0700      157.000      19.5451     0.920505     0.133289
1998-09-04/13:22:41      56.4300      21.0600      10.9600      137.000      9.13064     0.731354     0.108683
1998-09-04/13:23:01      57.1100      22.2400      10.9000      156.000      6.81456     0.913545    0.0483758
1998-09-04/13:23:21      56.9700      23.0400      10.8200      153.000      4.50027     0.891007    0.0356585
1998-09-04/13:23:41      56.8800      23.8400      11.0200      115.000      4.02131     0.422618    0.0636093
1998-09-04/13:28:01      57.0900      38.0500      11.2200      122.000      5.22966     0.529919    0.0774054
1998-09-04/13:28:21      56.7900      39.1500      11.7700      111.000      6.70059     0.358368     0.109180
1998-09-04/13:28:41      57.2900      40.2300      11.8000      105.000      8.45833     0.258819     0.142595
1998-09-04/13:29:01      57.3800      41.3200      11.8500      99.0000      4.67998     0.156434    0.0806754
1998-09-04/13:29:40      57.9300      43.5500      11.9100      91.0000      2.05850    0.0174525    0.0359221
1998-09-04/13:30:00      58.0200      44.5900      11.6700      101.000      2.17303     0.190809    0.0372297
1998-09-04/13:30:20      58.3800      45.7000      11.5800      118.000      5.71027     0.469472    0.0879972
1998-09-04/13:31:01      58.8800      48.2800      11.8100      113.000      2.79642     0.390731    0.0449268
1998-09-04/13:31:21      59.4400      49.3900      12.1200      110.000      6.98811     0.342020     0.114610
1998-09-04/13:31:41      59.7500      50.6100      11.7300      100.000      2.58013     0.173648    0.0443476
1998-09-04/13:32:00      60.7700      52.1200      11.5200      114.000      5.47039     0.406737    0.0872220
1998-09-04/13:32:20      61.1400      53.3900      11.8700      99.0000      4.06312     0.156434    0.0700417
1998-09-04/13:32:40      61.3200      54.5000      12.0700      96.0000      4.25510     0.104529    0.0738587
1998-09-04/13:33:00      61.6200      55.6300      12.1500      99.0000      2.70037     0.156434    0.0465501
1998-09-04/13:33:21      62.1500      57.0000      11.8700      99.0000      4.38296     0.156434    0.0755553
1998-09-04/13:33:41      62.4800      58.1200      11.8400      97.0000      6.05041     0.121869     0.104812
1998-09-04/13:34:01      62.9500      59.3600      11.9500      103.000      9.73667     0.224951     0.165581
1998-09-04/13:34:21      63.7600      60.4600      12.0100      103.000      3.09582     0.224951    0.0526474
1998-09-04/13:34:40      64.2200      61.6100      11.9900      100.000      2.08986     0.173648    0.0359208
1998-09-04/13:55:21      268.350      70.2300      11.9000      75.0000      3.45956     0.258819    0.0583233
1998-09-04/13:55:41      262.230      68.8900      8.90000      45.0000      4.71938     0.707107    0.0582435
1998-09-04/13:56:00      256.890      67.5500      10.1200      77.0000      2.85176     0.224951    0.0484969
1998-09-04/13:56:20      252.750      66.0100      11.2200      63.0000      5.86277     0.453990    0.0911719
1998-09-04/13:56:40      248.620      64.4500      8.05000      64.0000      3.75347     0.438371    0.0588804
1998-09-04/13:57:00      246.840      63.2400      12.8000      67.0000      1.47353     0.390731    0.0236735
1998-09-04/13:57:21      244.630      61.8000      9.44000      82.0000      2.79514     0.139173    0.0483096
1998-09-04/13:57:41      243.220      60.4200      12.4100      71.0000      2.51776     0.325568    0.0415491
1998-09-04/13:58:01      242.330      59.1800      15.9900      79.0000      1.94149     0.190809    0.0332628
1998-09-04/13:58:21      240.900      57.9200      13.9800      73.0000      3.45951     0.292372    0.0577415
1998-09-04/13:58:40      240.350      56.5700      14.0800      81.0000      3.01301     0.156434    0.0519395
1998-09-04/13:59:00      239.370      55.2100      11.9600      78.0000      2.09172     0.207912    0.0357096
1998-09-04/13:59:20      239.100      54.0000      10.5900      71.0000      2.42687     0.325568    0.0400492
1998-09-04/13:59:40      238.620      52.8100      11.0300      68.0000      2.04548     0.374607    0.0331008
1998-09-04/14:00:01      238.090      51.5500      11.1400      64.0000      2.62014     0.438371    0.0411019
1998-09-04/14:00:21      237.760      50.3700      9.68000      75.0000      2.26526     0.258819    0.0381891
1998-09-04/14:00:41      237.540      49.2500      11.0100      72.0000      2.08872     0.309017    0.0346708
1998-09-04/14:01:01      237.000      48.1100      11.1400      78.0000      1.68212     0.207912    0.0287170
1998-09-04/14:01:20      236.690      46.9200      9.74000      76.0000      1.78707     0.241922    0.0302638
1998-09-04/14:01:40      236.460      45.7300      9.64000      84.0000      3.36092     0.104528    0.0583378
1998-09-04/14:02:00      236.370      44.5600      9.59000      78.0000      1.89705     0.207912    0.0323862
1998-09-04/14:02:20      236.290      43.6100      9.67000      73.0000      2.58370     0.292372    0.0431237
1998-09-04/14:02:41      236.120      42.3700      9.79000      70.0000      2.34075     0.342020    0.0383900
1998-09-04/14:03:01      235.780      41.1500      10.8800      66.0000      3.00172     0.406737    0.0478606
1998-09-04/14:03:21      235.560      39.8200      10.3600      93.0000      2.83998    0.0523359    0.0494991
1998-09-04/14:03:41      235.470      38.6600      9.84000      71.0000      3.35424     0.325568    0.0553531
1998-09-04/14:04:00      235.380      37.5900      10.5600      71.0000      3.03428     0.325568    0.0500729
1998-09-04/14:04:20      235.230      36.4700      10.6100      86.0000      2.26419    0.0697565    0.0394213
1998-09-04/14:04:40      235.130      35.2800      10.5500      93.0000      2.10335    0.0523359    0.0366601
1998-09-04/14:05:41      234.840      32.0500      10.3900      59.0000      3.34165     0.515038    0.0499924
1998-09-04/14:06:01      234.670      30.9400      10.4300      67.0000      1.90709     0.390731    0.0306390
1998-09-04/14:06:21      234.570      29.8900      10.5600      31.0000      4.59648     0.857167    0.0413183
1998-09-04/14:06:40      234.420      28.8300      12.1500      76.0000      2.08650     0.241922    0.0353346
1998-09-04/14:07:00      234.350      27.7600      18.4300      63.0000      4.03187     0.453990    0.0626996
1998-09-04/14:07:20      234.270      26.6600      16.0900      78.0000      2.66120     0.207912    0.0454317
1998-09-04/14:07:40      234.150      25.5700      12.3100      91.0000      1.70496    0.0174525    0.0297526
1998-09-04/14:08:01      234.120      24.4100      11.1400      85.0000      3.60684    0.0871558    0.0627117
1998-09-04/14:08:21      234.110      23.2700      10.8900      77.0000      2.08461     0.224951    0.0354508
1998-09-04/14:08:41      234.000      22.1900      10.4800      54.0000      3.85072     0.587785    0.0543722
1998-09-04/14:09:01      233.950      21.0600      10.0800      66.0000      2.53069     0.406737    0.0403503
1998-09-04/14:09:20      233.880      20.0100      10.3500      82.0000      2.86343     0.139173    0.0494899
1998-09-04/14:09:40      233.810      18.9100      10.4900      74.0000      4.18673     0.275637    0.0702415
1998-09-04/14:10:00      233.720      17.8200      10.4400      81.0000      3.57425     0.156434    0.0616144
1998-09-04/14:10:20      233.660      16.7400      10.7400      71.0000      3.35424     0.325568    0.0553531
1998-09-04/14:10:41      233.580      15.5900      10.2400      71.0000      3.20879     0.325568    0.0529528
1998-09-04/14:11:01      233.530      14.5400      9.89000      66.0000      1.46827     0.406737    0.0234106
1998-09-04/14:11:21      233.450      13.4400      9.93000      74.0000      3.48493     0.275637    0.0584673
1998-09-04/14:11:41      233.390      12.3200      9.99000      88.0000      1.41036    0.0348994    0.0246004
1998-09-04/14:12:00      233.330      11.2600      9.97000      96.0000      3.59625     0.104529    0.0624226
1998-09-04/14:12:20      233.290      10.1700      9.88000      66.0000      1.92248     0.406737    0.0306527
1998-09-04/14:12:40      233.270      9.04000      9.85000      76.0000      2.80807     0.241922    0.0475543
1998-09-04/14:13:00      233.230      7.95000      9.95000      75.0000      3.92555     0.258819    0.0661792
1998-09-04/14:13:21      233.180      6.81000      9.90000      72.0000      3.22839     0.309017    0.0535883
1998-09-04/14:13:41      233.090      5.74000      9.79000      65.0000      4.72533     0.422618    0.0747455
1998-09-04/14:14:01      233.060      4.65000      9.77000      85.0000      2.94591    0.0871558    0.0512202
1998-09-04/14:14:21      233.000      3.60000      10.1600      80.0000      2.34396     0.173648    0.0402883
1998-09-04/14:14:40      232.980      2.58000      10.6300      77.0000      1.86721     0.224951    0.0317537
1998-09-04/14:15:00      232.930      1.49000      10.2100      72.0000      3.22839     0.309017    0.0535883
1998-09-04/14:15:20      232.890     0.440000      9.79000      66.0000      1.82806     0.406737    0.0291473
1998-09-04/14:15:40      232.860    -0.630000      9.62000      65.0000      2.74282     0.422618    0.0433861
1998-09-04/14:16:01      232.880     -1.75000      9.40000      86.0000      3.35027    0.0697565    0.0583308
1998-09-04/14:16:21      232.850     -2.82000      9.28000      96.0000      3.49060     0.104529    0.0605887
1998-09-04/14:16:41      232.850     -3.89000      9.24000      72.0000      4.01054     0.309017    0.0665712
1998-09-04/14:17:01      232.880     -4.94000      9.52000      73.0000      2.84991     0.292372    0.0475669
1998-09-04/14:17:20      232.870     -5.96000      9.63000      97.0000      3.50062     0.121869    0.0606419
1998-09-04/14:17:40      232.910     -7.01000      9.45000      68.0000      2.53204     0.374607    0.0409745
1998-09-04/14:18:00      232.910     -8.05000      9.42000      99.0000      5.91275     0.156434     0.101926
1998-09-04/14:18:20      232.910     -9.10000      9.42000      62.0000      4.31892     0.469472    0.0665560
1998-09-04/14:18:41      232.910     -10.1900      9.35000      89.0000      1.27008    0.0174524    0.0221637
1998-09-04/14:19:01      232.920     -11.2200      9.05000      77.0000      1.26700     0.224951    0.0215466
1998-09-04/14:19:21      232.980     -12.2100      9.39000      74.0000      2.85935     0.275637    0.0479718
1998-09-04/14:19:41      233.010     -13.2300      9.67000      31.0000      13.5546     0.857167     0.121844
1998-09-04/14:20:00      233.050     -14.2400      9.76000      36.0000      34.4662     0.809017     0.353581
1998-09-04/14:22:40      232.910     -22.9200      9.66000      166.000      45.0000     0.970296     0.190005
1998-09-04/14:23:00      232.980     -24.0000      9.61000      33.0000      28.3908     0.838671     0.269876
1998-09-04/14:23:20      233.170     -25.1700      9.87000      104.000      3.37305     0.241922    0.0571221
1998-09-04/14:23:40      233.510     -26.5300      10.0400      42.0000      3.99400     0.743145    0.0466441
1998-09-04/14:24:01      233.790     -27.8900      10.0300      53.0000      4.35442     0.601815    0.0606955
1998-09-04/14:24:21      233.940     -29.1200      9.92000      86.0000      6.68388    0.0697565     0.116372
1998-09-04/14:24:41      234.080     -30.2700      9.84000      66.0000      1.97323     0.406737    0.0314619
1998-09-04/14:25:01      234.280     -31.3600      9.73000      47.0000      4.47968     0.681998    0.0571810
1998-09-04/14:25:20      234.460     -32.4100      9.55000      67.0000      1.94513     0.390731    0.0312501
1998-09-04/14:25:40      234.660     -33.5300      9.56000      72.0000      4.67314     0.309017    0.0775698
1998-09-04/14:26:00      234.770     -34.5900      9.46000      76.0000      4.07256     0.241922    0.0689682
1998-09-04/14:26:20      234.840     -35.6500      9.38000      61.0000      3.91119     0.484810    0.0597043
1998-09-04/14:26:41      235.010     -36.8100      9.28000      68.0000      3.06196     0.374607    0.0495499
1998-09-04/14:27:01      235.260     -37.8300      9.46000      69.0000      2.73958     0.358368    0.0446389
1998-09-04/14:27:21      235.290     -38.9000      9.52000      78.0000      1.68212     0.207912    0.0287170
1998-09-04/14:27:41      235.380     -40.0600      9.48000      68.0000      2.53204     0.374607    0.0409745
1998-09-04/14:28:00      235.450     -41.1600      9.50000      77.0000      1.99423     0.224951    0.0339138
1998-09-04/14:28:20      235.490     -42.2400      9.56000      69.0000      3.00121     0.358368    0.0489019
1998-09-04/14:28:40      235.440     -43.2500      9.66000      70.0000      3.18880     0.342020    0.0522987
1998-09-04/14:29:00      235.610     -44.4400      9.60000      70.0000      3.32780     0.342020    0.0545784
1998-09-04/14:29:21      236.450     -46.0300      9.36000      72.0000      3.43378     0.309017    0.0569975
1998-09-04/14:29:41      236.480     -46.9000      8.64000      75.0000      2.85144     0.258819    0.0480712
1998-09-04/14:30:01      236.420     -48.2100      9.42000      73.0000      3.07495     0.292372    0.0513230
1998-09-04/14:30:21      236.870     -49.5500      9.69000      70.0000      3.56289     0.342020    0.0584340
1998-09-04/14:30:40      237.090     -50.6500      9.25000      78.0000      1.95756     0.207912    0.0334193
1998-09-04/14:31:00      237.340     -51.9000      8.92000      76.0000      4.99506     0.241922    0.0845906
1998-09-04/14:31:20      237.490     -53.1000      9.03000      49.0000      10.9526     0.656059     0.144269
1998-09-04/14:31:40      237.560     -54.3300      8.42000      60.0000      3.17715     0.500000    0.0480226
1998-09-04/14:32:01      238.190     -56.1000      8.01000      55.0000      1.77427     0.573576    0.0253666
1998-09-04/14:32:21      240.260     -58.2500      9.24000      51.0000      5.76257     0.629320    0.0781621
1998-09-04/14:32:41      240.830     -59.3800      9.53000      38.0000      13.4685     0.788011     0.144723
1998-09-04/14:33:01      240.000     -59.8900      9.25000      68.0000      22.2732     0.374607     0.360434
1998-09-04/14:33:20      242.500     -61.7300      8.82000      59.0000      3.14954     0.515038    0.0471184
1998-09-04/15:18:01      53.2000      15.0400      9.30000      117.000      22.6838     0.453991     0.352756
1998-09-04/15:18:21      53.1000      16.0300      9.37000      126.000      25.0610     0.587785     0.353862
1998-09-04/15:18:40      52.9000      17.0500      9.43000      166.000      17.8832     0.970296    0.0755088
1998-09-04/15:19:00      52.8700      18.1000      9.48000      112.000      17.4097     0.374607     0.281731
1998-09-04/15:19:20      52.9900      19.0500      9.02000      116.000      6.46327     0.438371     0.101389
1998-09-04/15:19:40      53.5200      20.0800      8.85000      132.000      24.7334     0.669131     0.320800
1998-09-04/15:20:01      53.7700      21.0900      9.06000      134.000      11.2409     0.694658     0.141128
1998-09-04/15:20:21      53.8400      22.0300      9.23000      156.000      12.7405     0.913545    0.0904435
1998-09-04/15:20:41      53.7000      23.1400      9.36000      129.000      5.15548     0.629321    0.0699277
1998-09-04/15:21:01      53.7200      24.2800      9.37000      125.000      2.63929     0.573576    0.0377337
1998-09-04/15:21:20      53.7400      25.2900      9.09000      119.000      5.18222     0.484810    0.0791065
1998-09-04/15:21:40      53.6700      26.1800      9.13000      114.000      3.21946     0.406737    0.0513323
1998-09-04/15:22:00      53.8900      27.1300      9.32000      113.000      2.02531     0.390731    0.0325383
1998-09-04/15:22:20      53.8000      28.1000      9.47000      113.000      2.53069     0.390731    0.0406577
1998-09-04/15:22:41      53.8000      29.3000      9.61000      112.000      2.15767     0.374607    0.0349163
1998-09-04/15:23:01      53.9200      30.6600      9.81000      115.000      4.13745     0.422618    0.0654464
1998-09-04/15:23:21      54.2400      32.0900      9.65000      114.000      5.84843     0.406737    0.0932496
1998-09-04/15:23:41      54.5600      33.7400      9.33000      125.000      5.54943     0.573576    0.0793396
1998-09-04/15:24:00      55.1400      35.0900      10.0800      123.000      4.92552     0.544639    0.0720976
1998-09-04/15:24:20      56.2300      36.8900      10.1900      139.000      6.11233     0.754710    0.0699886
1998-09-04/15:24:40      56.9100      38.8900      10.0700      145.000      6.03286     0.819152    0.0603937
1998-09-04/15:25:00      56.5900      39.9900      9.86000      148.000      11.8854     0.848048     0.109926
1998-09-04/15:25:21      56.9300      41.3600      9.87000      144.000      9.11228     0.809017    0.0934809
1998-09-04/15:25:41      56.7300      42.1700      9.84000      140.000      6.92331     0.766045    0.0776709
1998-09-04/15:26:01      56.7800      42.8900      9.48000      126.000      9.83639     0.587785     0.138890
1998-09-04/15:26:21      56.9600      43.6700      9.79000      133.000      3.88307     0.681998    0.0495656
1998-09-04/15:26:40      59.0400      45.0400      10.4700      133.000      7.59222     0.681998    0.0969111
1998-09-04/15:27:01      59.2900      45.4300      10.6300      128.000      9.41108     0.615661     0.129434
1998-09-04/15:27:21      60.1300      46.6700      10.3600      101.000      7.29205     0.190809     0.124932
1998-09-04/15:27:41      60.1500      47.0900      10.7700      115.000      4.02131     0.422618    0.0636093
1998-09-04/16:07:02      232.120      19.6500      11.1600      58.0000      2.80403     0.529919    0.0415031
1998-09-04/16:07:22      232.370      18.3700      11.1500      61.0000      3.91119     0.484810    0.0597043
1998-09-04/16:07:42      232.470      17.1500      11.2000      55.0000      1.90183     0.573576    0.0271903
1998-09-04/16:08:01      232.410      15.9900      11.2400      53.0000      3.62091     0.601815    0.0504712
1998-09-04/16:08:21      232.390      14.9500      11.0400      77.0000      2.97429     0.224951    0.0505807
1998-09-04/16:08:41      232.330      13.9100      11.1100      54.0000      3.38424     0.587785    0.0477855
1998-09-04/16:09:01      232.420      12.8700      11.0000      54.0000      4.06454     0.587785    0.0573913
1998-09-04/16:09:22      232.540      11.8300      10.4700      61.0000      3.30730     0.484810    0.0504859
1998-09-04/16:09:42      232.760      10.7800      10.3300      59.0000      4.33929     0.515038    0.0649175
1998-09-04/16:10:02      232.770      9.69000      10.8300      54.0000      2.63929     0.587785    0.0372668
1998-09-04/16:10:22      232.750      8.68000      10.5900      58.0000      3.18689     0.529919    0.0471699
1998-09-04/16:10:41      232.680      7.69000      10.3100      56.0000      2.17132     0.559193    0.0314178
1998-09-04/16:11:01      232.580      6.69000      10.5600      55.0000      2.16123     0.573576    0.0308989
1998-09-04/16:11:21      232.500      5.63000      10.9300      62.0000      4.15842     0.469472    0.0640827
1998-09-04/16:11:41      232.550      4.60000      10.2500      63.0000      2.93375     0.453990    0.0456227
1998-09-04/16:12:01      232.570      3.54000      10.0400      62.0000      2.58715     0.469472    0.0398689
1998-09-04/16:12:21      232.720      2.46000      8.68000      67.0000      1.90709     0.390731    0.0306390
1998-09-04/16:12:41      233.130      1.06000      8.97000      58.0000      3.31091     0.529919    0.0490055
1998-09-04/16:13:01      232.840    -0.230000      10.0300      46.0000      3.45868     0.694658    0.0434232
1998-09-04/16:13:21      232.480     -1.34000      8.91000      52.0000      4.46316     0.615661    0.0613835
1998-09-04/16:13:41      232.240     -2.12000      10.1600      77.0000      2.36358     0.224951    0.0401950
1998-09-04/16:14:01      232.190     -3.16000      10.9300      62.0000      3.85261     0.469472    0.0593700
1998-09-04/16:14:21      232.100     -4.23000      9.67000      59.0000      3.57647     0.515038    0.0535054
1998-09-04/16:14:41      232.170     -5.15000      9.58000      62.0000      3.27689     0.469472    0.0504980
1998-09-04/16:15:01      232.480     -6.37000      10.0200      78.0000      2.09172     0.207912    0.0357096
1998-09-04/16:15:21      232.420     -7.46000      8.43000      76.0000      2.99630     0.241922    0.0507419
1998-09-04/16:15:41      232.270     -8.37000      11.5600      73.0000      4.31371     0.292372    0.0719987
1998-09-04/16:16:01      232.210     -9.32000      12.5800      97.0000      3.56556     0.121869    0.0617669
1998-09-04/16:16:21      232.100     -10.3000      11.1700      80.0000      2.67129     0.173648    0.0459145
1998-09-04/16:16:41      232.020     -11.3200      9.69000      55.0000      1.94146     0.573576    0.0277569
1998-09-04/16:17:01      232.100     -12.4100      10.6000      64.0000      2.78826     0.438371    0.0437392
1998-09-04/20:43:42      94.7400     -74.7700      9.65000      131.000      2.86963     0.656059    0.0377993
1998-09-04/20:44:02      82.5100     -73.7800      10.6400      132.000      2.98051     0.669131    0.0386582
1998-09-04/20:44:22      73.9600     -72.7000      9.94000      120.000      4.21716     0.500000    0.0637424
1998-09-04/20:44:42      69.9500     -71.4700      9.09000      128.000      4.45622     0.615661    0.0612881
1998-09-04/20:45:02      67.7200     -70.1800      11.4200      116.000      7.66565     0.438371     0.120250
1998-09-04/20:45:22      66.1300     -69.0000      10.6800      128.000      8.87976     0.615661     0.122127
1998-09-04/20:45:42      64.3100     -67.7300      9.81000      132.000      7.45392     0.669131    0.0966798
1998-09-04/20:46:02      63.2000     -66.5600      10.3100      132.000      4.18323     0.669131    0.0542578
1998-09-04/20:46:22      62.2900     -65.5700      10.1800      122.000      4.46606     0.529919    0.0661032
1998-09-04/20:46:42      61.7600     -64.6100      9.96000      127.000      4.95410     0.601815    0.0690543
1998-09-04/20:47:02      60.8400     -63.6300      11.7600      118.000      4.98984     0.469472    0.0768951
1998-09-04/20:47:22      60.0100     -62.6800      11.2600      129.000      12.3078     0.629321     0.166940
1998-09-04/20:47:42      58.9800     -61.7100      9.81000      116.000      10.7139     0.438371     0.168068
1998-09-04/20:48:02      57.7400     -60.7500      10.3900      125.000      4.47399     0.573576    0.0639642
1998-09-04/20:48:22      56.5900     -59.8700      6.52000      118.000      3.91119     0.469472    0.0602728
1998-09-04/20:48:42      55.7800     -59.0100      10.6300      127.000      6.92645     0.601815    0.0965465
1998-09-04/20:49:02      55.4700     -58.1500      8.18000      116.000      5.10837     0.438371    0.0801346
1998-09-04/20:49:22      55.1600     -57.2200      11.1900      128.000      5.21979     0.615661    0.0717898
1998-09-04/20:49:42      54.8500     -56.1200      17.5300      115.000      3.24076     0.422618    0.0512625
1998-09-04/20:50:02      54.4000     -54.8300      13.6400      120.000      3.57647     0.500000    0.0540583
1998-09-04/20:50:22      54.3700     -53.5800      10.8900      120.000      3.34165     0.500000    0.0505090
1998-09-04/20:50:42      53.8200     -52.1800      10.5900      142.000      8.24852     0.788011    0.0886330
1998-09-04/20:51:02      53.1900     -50.9700      11.0800      139.000      6.46150     0.754710    0.0739867
1998-09-04/20:51:22      52.7300     -49.9100      10.0700      133.000      4.30268     0.681998    0.0549217
1998-09-04/20:51:42      52.4100     -48.8400      10.4200      131.000      5.55836     0.656059    0.0732157
1998-09-04/20:52:02      52.0800     -47.8300      10.8700      120.000      8.09911     0.500000     0.122418
1998-09-04/20:52:22      51.8800     -46.9900      7.53000      130.000      5.57643     0.642788    0.0745569
1998-09-04/20:52:42      51.7900     -46.1900      10.8200      124.000      2.26797     0.559193    0.0328162
1998-09-04/20:53:02      52.0100     -45.4700      10.7900      129.000      3.00037     0.629321    0.0406963
1998-09-04/20:53:22      52.6000     -44.4000      10.6600      122.000      2.40317     0.529919    0.0355699
1998-09-04/20:53:42      53.1800     -42.9900      11.4300      98.0000      3.71770     0.139173    0.0642546
1998-09-04/20:54:02      53.4700     -41.4200      9.94000      108.000      4.90683     0.309017    0.0814488
1998-09-04/20:54:22      53.2300     -39.8700      9.16000      116.000      21.9194     0.438371     0.343848
1998-09-04/20:54:42      53.8000     -38.4400      10.1600      125.000      6.10809     0.573576    0.0873268
1998-09-04/20:55:02      52.6500     -36.8000      10.6800      139.000      10.2414     0.754710     0.117268
1998-09-04/20:55:22      52.3400     -35.6200      9.25000      150.000      35.6382     0.866026     0.311002
1998-09-04/20:59:42      51.1300     -22.6600      11.3000      122.000      3.27587     0.529919    0.0484869
1998-09-04/21:00:02      50.7600     -21.6400      11.9200      120.000      7.06002     0.500000     0.106712
1998-09-04/21:00:22      50.7200     -20.6500      11.3300      113.000      17.3017     0.390731     0.277966
1998-09-04/21:00:42      51.9200     -19.8400      10.9500      113.000      1.74178     0.390731    0.0279832
1998-09-04/21:01:02      52.1100     -18.3100      10.6700      131.000      4.60264     0.656059    0.0606267
1998-09-04/21:01:42      51.9000     -16.3600      10.8800      135.000      20.6726     0.707107     0.255128
1998-09-04/21:02:02      51.9400     -15.6100      12.3100      145.000      6.03286     0.819152    0.0603937
1998-09-04/21:02:22      51.9700     -14.7000      11.4100      162.000      9.33510     0.951056    0.0503476
1998-09-04/21:02:42      52.0100     -13.6100      9.55000      138.000      4.37375     0.743145    0.0510790
1998-09-04/21:03:02      51.9100     -12.4300      9.55000      147.000      2.61049     0.838671    0.0248146
1998-09-04/21:03:22      51.9500     -11.1300      9.42000      122.000      2.86821     0.529919    0.0424530
1998-09-04/21:03:42      51.4600     -9.81000      10.8600      117.000      4.31892     0.453991    0.0671635
1998-09-04/21:04:02      51.3600     -8.85000      11.3100      114.000      4.53015     0.406737    0.0722304
1998-09-04/21:04:22      51.4400     -7.84000      10.8700      135.000      2.99077     0.707107    0.0369101
1998-09-04/21:04:42      51.6100     -6.74000      10.1400      116.000      4.78372     0.438371    0.0750418
1998-09-04/21:05:02      51.5700     -5.59000      9.87000      129.000      6.16208     0.629321    0.0835809
1998-09-04/21:05:22      52.0100     -4.37000      10.1600      133.000      3.88307     0.681998    0.0495656
1998-09-04/21:05:42      52.4300     -2.97000      11.3800      132.000      4.18323     0.669131    0.0542578
1998-09-04/21:06:02      52.8600     -1.63000      11.4200      138.000      3.05575     0.743145    0.0356867
1998-09-04/21:06:22      53.0200    -0.260000      10.0200      140.000      4.40624     0.766045    0.0494325
1998-09-04/21:06:42      53.2300      1.36000      9.79000      143.000      6.47353     0.798636    0.0679957
1998-09-04/21:07:02      52.9100      2.73000      10.1100      143.000      12.6349     0.798636     0.132713
1998-09-04/21:07:22      52.9200      4.09000      10.2200      152.000      38.7864     0.882948     0.317809
1998-09-04/21:07:42      53.5500      5.68000      10.2900      151.000      37.2472     0.874620     0.315168
1998-09-04/21:09:22      56.1600      11.2300      10.4400      151.000      7.23293     0.874620    0.0612016
1998-09-04/21:09:42      54.9500      11.6400      10.5000      137.000      6.23492     0.731354    0.0742150
1998-09-04/21:10:02      54.6700      12.8200      10.7800      145.000      7.68005     0.819152    0.0768834
1998-09-04/21:10:22      54.6100      14.3100      10.9400      153.000      15.8783     0.891007     0.125814
1998-09-04/21:12:42      60.7900      23.0300      10.5500      138.000      5.10678     0.743145    0.0596397
1998-09-04/21:13:02      59.0800      23.0400      9.91000      129.000      7.84644     0.629321     0.106427
1998-09-04/21:13:23      64.3200      25.2900      10.3600      136.000      2.72704     0.719340    0.0330628
1998-09-04/21:13:43      59.9100      25.4400      10.0600      136.000      2.11341     0.719340    0.0256231
1998-09-04/21:14:03      60.0600      26.6800      9.76000      135.000      2.37842     0.707107    0.0293529
1998-09-04/21:14:23      59.4100      27.6600      9.75000      137.000      3.08131     0.731354    0.0366772
1998-09-04/21:14:42      58.2600      28.4200      10.0500      139.000      4.53486     0.754710    0.0519259
1998-09-04/21:15:02      57.5300      29.6000      10.0700      144.000      2.98442     0.809017    0.0306165
1998-09-04/21:15:22      57.7400      31.1700      10.4400      139.000      5.53958     0.754710    0.0634303
1998-09-04/21:15:42      56.5200      31.9100      10.7200      142.000      6.25707     0.788011    0.0672342
1998-09-04/21:16:03      56.0200      32.8800      10.4100      139.000      8.36634     0.754710    0.0957978
1998-09-04/21:16:23      55.1000      33.4700      10.2800      134.000      3.27043     0.694658    0.0410597
1998-09-04/21:16:43      54.8400      34.4500      10.4000      135.000      3.84070     0.707107    0.0473994
1998-09-04/21:17:03      54.7800      35.4700      9.99000      136.000      3.25040     0.719340    0.0394081
1998-09-04/21:17:22      54.8900      36.7100      10.2700      139.000      3.26963     0.754710    0.0374385
1998-09-04/21:17:42      55.4500      38.1600      10.8400      140.000      4.85964     0.766045    0.0545191
1998-09-04/21:18:02      55.9000      39.5000      10.4600      145.000      3.67505     0.819152    0.0367902
1998-09-04/21:18:22      56.6600      40.8500      10.3100      143.000      3.15428     0.798636    0.0331315
1998-09-04/21:18:43      57.5600      42.4200      10.7600      140.000      5.23821     0.766045    0.0587662
1998-09-04/21:19:03      57.8300      43.7600      10.3100      142.000      4.08183     0.788011    0.0438606
1998-09-04/21:19:23      57.8700      44.8500      10.1900      142.000      3.32991     0.788011    0.0357809
1998-09-04/21:47:04      255.460      64.2600      8.38000      48.0000      2.86963     0.669131    0.0372200
1998-09-04/21:47:24      248.900      62.7300      10.2300      62.0000      2.18261     0.469472    0.0336348
1998-09-04/21:47:44      246.050      61.7300      11.3100      73.0000      2.31977     0.292372    0.0387185
1998-09-04/21:48:03      243.470      60.4900      11.4300      71.0000      2.34566     0.325568    0.0387090
1998-09-04/21:48:23      241.920      59.2800      8.73000      74.0000      2.34766     0.275637    0.0393871
1998-09-04/21:48:43      242.550      58.5000      12.2000      80.0000      2.27326     0.173648    0.0390731
1998-09-04/21:49:03      244.390      58.6900      11.8300      73.0000      2.18013     0.292372    0.0363878
1998-09-04/21:49:24      241.300      57.3100      10.9800      73.0000      2.58370     0.292372    0.0431237
1998-09-04/21:49:44      238.780      55.8500      11.7600      76.0000      1.57584     0.241922    0.0266866
1998-09-04/21:50:04      238.570      54.7100      12.0100      77.0000      1.26700     0.224951    0.0215466
1998-09-04/21:50:24      239.460      53.7100      15.6200      68.0000      1.92688     0.374607    0.0311816
1998-09-04/21:50:43      240.640      52.8700      15.4300      67.0000      1.24332     0.390731    0.0199750
1998-09-04/21:51:03      241.630      51.8700      13.9800      66.0000      1.16474     0.406737    0.0185711
1998-09-04/21:51:23      240.450      50.7800      12.4800      71.0000      1.95945     0.325568    0.0323357
1998-09-04/21:51:43      240.490      49.9600      12.3800      69.0000      1.89003     0.358368    0.0307963
1998-09-04/21:52:24      247.060      48.4400      11.7600      70.0000      2.16155     0.342020    0.0354510
1998-09-04/21:52:44      245.000      46.8200      12.8300      71.0000      1.81096     0.325568    0.0298852
1998-09-04/21:53:04      245.570      46.3300      13.0200      68.0000      1.86614     0.374607    0.0301986
1998-09-04/21:53:23      244.830      44.9000      12.3700      68.0000      1.80723     0.374607    0.0292453
1998-09-04/21:53:43      239.500      42.8900      11.9400      65.0000      1.58638     0.422618    0.0250934
1998-09-04/21:54:03      238.370      41.5300      12.0600      66.0000      1.53310     0.406737    0.0244443
1998-09-04/21:54:23      235.700      40.2100      11.9800      69.0000      2.35372     0.358368    0.0383516
1998-09-04/21:54:44      235.170      39.2300      11.7000      49.0000      2.71760     0.656059    0.0357967
1998-09-04/21:55:04      234.220      37.9800      12.9200      65.0000      1.85548     0.422618    0.0293501
1998-09-04/21:55:24      233.380      36.6900      12.3000      67.0000      1.56737     0.390731    0.0251811
1998-09-04/21:55:44      232.740      35.4900      11.7300      72.0000      1.99452     0.309017    0.0331072
1998-09-04/21:56:03      232.280      34.3900      12.2600      54.0000      2.01076     0.587785    0.0283920
1998-09-04/21:56:23      231.760      33.1300      14.2800      76.0000      1.57584     0.241922    0.0266866
1998-09-04/21:56:43      231.290      31.9900      12.3900      80.0000      2.00340     0.173648    0.0344347
1998-09-04/21:57:03      230.920      30.8100      8.35000      75.0000      1.91551     0.258819    0.0322928
1998-09-04/21:57:24      230.590      29.6000      11.4700      62.0000      2.70413     0.469472    0.0416716
1998-09-04/21:57:44      230.290      28.4900      11.7300      70.0000      2.25531     0.342020    0.0369887
1998-09-04/21:58:04      230.230      27.2100      13.0300      66.0000      1.58863     0.406737    0.0253297
1998-09-04/21:58:24      230.050      25.8100      11.4100      62.0000      2.58715     0.469472    0.0398689
1998-09-04/21:58:43      230.180      24.3900      16.6600      65.0000      2.26885     0.422618    0.0358888
1998-09-04/21:59:03      230.290      23.2300      15.1800      76.0000      2.17751     0.241922    0.0368758
1998-09-04/21:59:23      230.270      22.1100      10.7900      89.0000      1.59087    0.0174524    0.0277617
1998-09-04/21:59:43      230.450      21.0900      12.8000      85.0000      3.27280    0.0871558    0.0569038
1998-09-04/22:00:04      230.560      20.0200      14.2000      72.0000      2.72835     0.309017    0.0452881
1998-09-04/22:00:24      230.620      19.0300      12.9200      72.0000      3.22839     0.309017    0.0535883
1998-09-04/22:00:44      230.760      17.9100      13.5300      62.0000      3.04900     0.469472    0.0469861
1998-09-04/22:01:04      230.800      16.7500      13.4200      70.0000      2.93767     0.342020    0.0481799
1998-09-04/22:01:23      230.840      15.5900      9.40000      63.0000      3.45764     0.453990    0.0537698
1998-09-04/22:01:43      230.800      14.4400      8.32000      58.0000      2.80403     0.529919    0.0415031
1998-09-04/22:02:03      230.640      13.3000      10.9100      82.0000      3.50062     0.139173    0.0605027
1998-09-04/22:02:23      230.330      12.2600      14.1500      58.0000      3.31091     0.529919    0.0490055
1998-09-04/22:02:44      230.340      11.1700      16.9800      64.0000      3.09391     0.438371    0.0485339
1998-09-04/22:03:04      230.400      10.2200      15.2200      69.0000      2.94955     0.358368    0.0480601
1998-09-04/22:03:24      230.730      9.39000      12.1100      79.0000      1.69625     0.190809    0.0290612
1998-09-04/22:03:44      231.020      8.63000      12.8300      80.0000      1.94289     0.173648    0.0333947
1998-09-04/22:04:03      231.690      8.00000      12.8500      79.0000      1.63122     0.190809    0.0279471
1998-09-04/22:04:23      232.560      7.55000      13.6500      74.0000      2.03478     0.275637    0.0341379
1998-09-04/22:04:43      233.290      7.10000      13.9600      67.0000      1.68015     0.390731    0.0269930
1998-09-04/22:05:03      233.730      6.67000      14.4400      62.0000      3.38384     0.469472    0.0521461
1998-09-04/22:08:24      229.120     -6.70000      14.4900      62.0000      2.31939     0.469472    0.0357426
1998-09-04/22:08:44      229.710     -7.53000      13.7200      67.0000      1.42458     0.390731    0.0228871
1998-09-04/22:09:04      230.170     -8.39000      13.2800      74.0000      1.68722     0.275637    0.0283068
1998-09-04/22:09:23      230.540     -9.32000      12.8400      68.0000      2.04548     0.374607    0.0331008
1998-09-04/22:09:43      231.000     -10.5300      12.5900      38.0000      3.60568     0.788011    0.0387442
1998-09-04/22:10:03      231.470     -11.8400      11.2100      65.0000      1.67200     0.422618    0.0264478
1998-09-04/22:10:23      231.840     -13.0600      12.1800      70.0000      2.65359     0.342020    0.0435208
1998-09-04/22:10:44      232.370     -14.2500      11.7500      74.0000      2.96037     0.275637    0.0496667
1998-09-04/22:11:04      232.290     -14.9700      12.0700      77.0000      1.22979     0.224951    0.0209138
1998-09-04/22:11:24      231.360     -16.0700      12.5700      63.0000      4.46577     0.453990    0.0694472
1998-09-04/22:11:44      230.970     -16.7800      12.7600      74.0000      2.96037     0.275637    0.0496667
1998-09-04/22:12:03      230.620     -18.1800      12.4400      85.0000      2.32592    0.0871558    0.0404405
1998-09-04/22:12:23      229.920     -19.1600      12.5000      86.0000      2.62598    0.0697565    0.0457203
1998-09-04/22:12:43      229.590     -20.2800      12.4100      57.0000      3.12708     0.544639    0.0457728
1998-09-04/22:13:03      229.460     -21.3500      12.6700      58.0000      2.16399     0.529919    0.0320297
1998-09-04/22:13:24      229.420     -22.6700      12.7000      47.0000      2.77902     0.681998    0.0354729
1998-09-04/22:13:44      229.450     -23.9500      12.6100      92.0000      2.62428    0.0348995    0.0457744
1998-09-04/22:14:04      229.360     -25.1000      12.5200      97.0000      2.65779     0.121869    0.0460414
1998-09-04/22:14:24      229.140     -26.2700      12.5300      97.0000      3.78949     0.121869    0.0656461
1998-09-04/22:14:43      229.180     -27.3200      12.6100      68.0000      2.47319     0.374607    0.0400222
1998-09-04/22:15:03      229.340     -28.6800      12.4400      89.0000      1.88731    0.0174524    0.0329348
1998-09-04/22:15:23      229.350     -30.1500      12.4600      103.000      3.30191     0.224951    0.0561522
1998-09-04/22:15:43      229.730     -31.2200      12.6400      77.0000      2.16385     0.224951    0.0367984
1998-09-04/22:16:04      230.530     -32.8300      13.0800      59.0000      3.44536     0.515038    0.0515439
1998-09-04/22:16:24      231.280     -33.8400      13.1900      58.0000      3.31091     0.529919    0.0490055
1998-09-04/22:16:44      231.630     -34.9200      12.4900      64.0000      3.75347     0.438371    0.0588804
1998-09-04/22:17:04      232.250     -36.2100      12.5500      98.0000      3.85170     0.139173    0.0665706
1998-09-04/22:17:23      232.960     -37.4200      12.6400      97.0000      3.78387     0.121869    0.0655487
1998-09-04/22:17:43      232.980     -38.2200      12.7100      73.0000      2.68499     0.292372    0.0448143
1998-09-04/22:18:03      232.970     -39.1400      12.7200      64.0000      2.55251     0.438371    0.0400410
1998-09-04/22:18:23      233.590     -40.5400      12.8800      74.0000      3.40585     0.275637    0.0571406
1998-09-04/22:18:44      233.560     -41.9700      12.8800      72.0000      3.33396     0.309017    0.0553406
1998-09-04/22:19:04      233.310     -42.8000      12.6600      70.0000      2.90309     0.342020    0.0476128
1998-09-04/22:19:24      233.140     -43.7000      12.6600      78.0000      2.02113     0.207912    0.0345045
1998-09-04/22:19:44      232.960     -44.8400      12.9300      72.0000      3.00550     0.309017    0.0498885
1998-09-04/22:20:03      233.020     -45.9800      13.0800      71.0000      2.85097     0.325568    0.0470479
1998-09-04/22:20:23      233.310     -47.2600      13.0100      72.0000      2.80513     0.309017    0.0465625
1998-09-04/22:20:43      233.340     -48.4600      13.0500      72.0000      3.22839     0.309017    0.0535883
1998-09-04/22:21:03      233.080     -49.4000      12.7200      70.0000      2.75142     0.342020    0.0451253
1998-09-04/22:21:24      233.160     -50.8100      12.6500      67.0000      1.94513     0.390731    0.0312501
1998-09-04/22:21:44      232.500     -51.3600      13.0900      69.0000      2.78623     0.358368    0.0453990
1998-09-04/22:22:04      232.930     -52.6400      13.2200      59.0000      2.87450     0.515038    0.0430036
1998-09-04/22:22:24      233.340     -54.2500      13.1700      49.0000      4.98111     0.656059    0.0656120
1998-09-04/22:22:43      236.780     -57.4000      13.5600      49.0000      8.71274     0.656059     0.114766
1998-09-04/22:23:03      235.980     -57.9400      13.4000      47.0000      5.94674     0.681998    0.0759073
1998-09-04/22:23:23      236.800     -58.9100      13.5500      54.0000      2.54251     0.587785    0.0359003
1998-09-04/22:23:43      237.380     -59.9400      13.3300      52.0000      3.57709     0.615661    0.0491971
1998-09-04/22:24:04      237.520     -60.4700      13.5000      59.0000      3.34165     0.515038    0.0499924
1998-09-04/22:24:24      238.800     -61.7000      13.4600      72.0000      3.00550     0.309017    0.0498885
1998-09-04/22:24:44      235.400     -61.8000      13.1000      76.0000      1.78707     0.241922    0.0302638
1998-09-04/22:25:04      235.070     -62.5800      13.2000      71.0000      3.12735     0.325568    0.0516088
1998-09-04/22:25:23      237.290     -64.1100      13.3200      31.0000      3.50784     0.857167    0.0315324
1998-09-04/22:25:43      239.560     -65.6400      13.2300      78.0000      1.56173     0.207912    0.0266617
1998-09-04/22:26:03      240.820     -67.0000      15.9500      75.0000      3.12045     0.258819    0.0526064
1998-09-04/22:42:42      81.6800     -74.2900      16.1000      110.000      2.73958     0.342020    0.0449311
1998-09-04/22:43:02      82.6800     -73.4200      16.4700      112.000      1.47353     0.374607    0.0238453
1998-09-04/22:43:22      73.2100     -71.7900      16.4800      113.000      1.46827     0.390731    0.0235890
1998-09-04/22:43:42      71.7200     -71.0300      16.9900      112.000      1.52115     0.374607    0.0246159
1998-09-04/22:44:03      68.9900     -69.8000      17.3500      111.000      1.76109     0.358368    0.0286953
1998-09-04/22:44:23      67.2800     -68.7400      16.1700      111.000      1.86614     0.358368    0.0304070
1998-09-04/22:44:43      65.7900     -67.6000      16.5000      114.000      1.76200     0.406737    0.0280940
1998-09-04/22:45:03      63.5500     -66.1400      17.5700      111.000      2.01220     0.358368    0.0327869
1998-09-04/22:45:22      61.9200     -64.9100      17.7400      112.000      1.52115     0.374607    0.0246159
1998-09-04/22:45:42      58.9100     -63.3300      17.7400      105.000      2.34766     0.258819    0.0395782
1998-09-04/22:46:02      57.8600     -62.2900      17.4500      111.000      2.16209     0.358368    0.0352292
1998-09-04/22:46:22      57.9200     -61.4800      16.7700      112.000      1.81141     0.374607    0.0293130
1998-09-04/22:46:43      58.2700     -60.5500      16.1200      107.000      1.99452     0.292372    0.0332899
1998-09-04/22:47:03      58.8200     -59.4400      16.7500      116.000      2.04763     0.438371    0.0321210
1998-09-04/22:47:23      58.7200     -58.2000      14.9800      113.000      1.53310     0.390731    0.0246305
1998-09-04/22:47:43      57.8300     -56.8800      15.0200      102.000      1.36590     0.207912    0.0233185
1998-09-04/22:48:02      57.7700     -56.1500      14.0400      98.0000      5.86897     0.139173     0.101436
1998-09-04/22:48:22      58.9900     -55.4800      14.6900      102.000      4.94791     0.207912    0.0844702
1998-09-04/22:48:42      58.0000     -54.1300      14.0200      111.000      6.14871     0.358368     0.100187
1998-09-04/22:49:23      54.5600     -50.9300      15.2800      114.000      8.52896     0.406737     0.135989
1998-09-04/22:49:43      53.7600     -49.4400      17.4200      103.000      2.53537     0.224951    0.0431164
1998-09-04/22:53:22      50.9400     -36.9300      13.3500      104.000      4.56736     0.241922    0.0773476
1998-09-04/22:54:43      50.7900     -32.2600      15.1300      101.000      3.53374     0.190809    0.0605422
1998-09-04/22:55:03      51.1300     -31.1300      15.5200      112.000      6.79187     0.374607     0.109909
1998-09-04/22:55:23      51.9400     -30.0200      12.7600      117.000      7.25609     0.453991     0.112839
1998-09-04/22:55:43      52.1600     -28.4500      15.3000      112.000      8.14304     0.374607     0.131774
1998-09-04/22:56:02      51.9000     -26.9400      12.2400      143.000      6.77975     0.798636    0.0712121
1998-09-04/22:56:22      52.4200     -25.8400      17.9000      138.000      3.35654     0.743145    0.0391995
1998-09-04/22:56:42      51.2700     -24.7300      17.0700      137.000      9.66042     0.731354     0.114989
1998-09-04/22:57:02      51.2400     -23.7700      11.9900      126.000      2.27823     0.587785    0.0321686
1998-09-04/22:57:23      50.9600     -22.7500      14.6100      122.000      2.74913     0.529919    0.0406905
1998-09-04/22:57:43      51.0200     -21.8300      16.1000      121.000      3.31091     0.515038    0.0495325
1998-09-04/22:58:03      51.5800     -20.5900      14.4000      122.000      3.12708     0.529919    0.0462846
1998-09-04/22:58:23      51.9100     -19.4000      13.6500      128.000      3.07219     0.615661    0.0422530
1998-09-04/22:58:42      51.7200     -18.5200      14.1100      124.000      1.68852     0.559193    0.0244319
1998-09-04/22:59:02      51.5900     -17.6700      12.4600      123.000      2.17132     0.544639    0.0317828
1998-09-04/22:59:22      51.3600     -16.7200      14.5200      127.000      9.53132     0.601815     0.132855
1998-09-04/22:59:42      51.2700     -15.6100      14.1000      139.000      5.82442     0.754710    0.0666919
1998-09-04/23:00:03      50.9200     -14.4300      13.2400      138.000      3.58444     0.743145    0.0418610
1998-09-04/23:00:23      50.6200     -13.3900      12.7200      148.000      4.32652     0.848048    0.0400153
1998-09-04/23:00:43      50.5000     -12.4300      14.8300      144.000      2.83400     0.809017    0.0290734
1998-09-04/23:01:03      50.1600     -11.4000      15.3600      134.000      2.41209     0.694658    0.0302834
1998-09-04/23:01:22      49.9000     -10.3100      15.5000      118.000      3.20731     0.469472    0.0494257
1998-09-04/23:01:42      49.6100     -9.32000      14.9900      112.000      1.94513     0.374607    0.0314769
1998-09-04/23:02:02      49.5600     -8.32000      15.2800      110.000      3.03986     0.342020    0.0498559
1998-09-04/23:02:22      49.5000     -7.33000      15.5300      102.000      1.86721     0.207912    0.0318768
1998-09-04/23:02:43      49.4300     -6.35000      15.0700      100.000      2.20742     0.173648    0.0379414
1998-09-04/23:03:03      49.5000     -5.35000      14.9100      102.000      1.86721     0.207912    0.0318768
1998-09-04/23:03:23      49.7300     -4.28000      14.9500      120.000      3.34165     0.500000    0.0505090
1998-09-04/23:03:43      49.9300     -3.14000      14.3900      111.000      1.92688     0.358368    0.0313967
1998-09-04/23:04:02      49.8700     -2.05000      13.6700      109.000      2.93767     0.325568    0.0484786
1998-09-04/23:04:22      49.8700    -0.800000      13.5100      109.000      2.83748     0.325568    0.0468253
1998-09-04/23:04:42      49.6100     0.320000      14.1100      109.000      3.44885     0.325568    0.0569143
1998-09-04/23:05:02      49.2500      1.35000      14.2300      104.000      2.98416     0.241922    0.0505363
1998-09-04/23:05:23      48.9200      2.45000      13.9300      112.000      2.39763     0.374607    0.0387994
1998-09-04/23:05:43      48.6300      3.47000      13.9400      113.000      2.10025     0.390731    0.0337423
1998-09-04/23:06:03      48.3700      4.44000      14.5700      136.000      3.38449     0.719340    0.0410338
1998-09-04/23:06:23      48.1500      5.43000      14.4800      105.000      4.72693     0.258819    0.0796894
1998-09-04/23:07:44      47.6800      9.90000      14.3500      99.0000      3.36124     0.156434    0.0579425
1998-09-04/23:08:03      47.5300      10.8400      14.2700      96.0000      3.95603     0.104529    0.0686675
1998-09-04/23:08:43      47.7700      12.9900      14.3200      99.0000      6.40077     0.156434     0.110339
1998-09-04/23:10:24      47.8000      17.8300      14.5600      122.000      5.61617     0.529919    0.0831262
1998-09-04/23:10:43      47.8100      18.8900      14.7200      114.000      1.94222     0.406737    0.0309675
1998-09-04/23:11:03      48.1700      20.1100      14.7000      119.000      3.42648     0.484810    0.0523052
1998-09-04/23:11:23      48.5700      21.3400      14.5500      105.000      3.52055     0.258819    0.0593515
1998-09-04/23:11:43      48.7700      22.5100      14.2900      123.000      1.71277     0.544639    0.0250708
1998-09-04/23:12:04      48.8900      23.6000      14.2100      126.000      2.54888     0.587785    0.0359902
1998-09-04/23:12:24      48.8600      24.6100      14.1000      117.000      2.31939     0.453991    0.0360688
1998-09-04/23:12:44      48.9300      25.6600      14.2900      115.000      2.69276     0.422618    0.0425942
1998-09-04/23:13:04      48.8800      26.7900      14.6900      109.000      2.90309     0.325568    0.0479080
1998-09-04/23:13:23      48.7700      27.8200      14.6800      102.000      1.49575     0.207912    0.0255353
1998-09-04/23:13:43      48.6900      28.8700      13.4600      107.000      3.13206     0.292372    0.0522762
1998-09-04/23:14:03      48.5900      29.9400      13.4900      95.0000      2.03249    0.0871559    0.0353387
1998-09-04/23:15:24      47.7400      34.3000      13.5800      92.0000      1.72780    0.0348995    0.0301374
1998-09-04/23:15:44      47.6400      35.4300      13.5300      115.000      2.69276     0.422618    0.0425942
1998-09-04/23:16:03      47.5400      36.4900      13.5200      104.000      2.10729     0.241922    0.0356867
1998-09-04/23:16:23      47.4700      37.5400      13.5600      104.000      2.56031     0.241922    0.0433585
1998-09-04/23:16:43      47.3700      38.5200      13.4600      92.0000      1.92237    0.0348995    0.0335312
1998-09-04/23:18:24      47.1000      43.8600      13.3700      93.0000      2.34355    0.0523359    0.0408466
1998-09-04/23:21:43      50.9200      54.8300      13.4000      116.000      4.18389     0.438371    0.0656323
1998-09-04/23:22:03      52.0400      56.1400      13.3800      113.000      2.64073     0.390731    0.0424255
1998-09-04/23:22:23      52.7100      57.0600      13.4900      96.0000      2.99009     0.104529    0.0519010
1998-09-04/23:22:44      53.7800      58.1000      13.6400      102.000      1.92393     0.207912    0.0328451
1998-09-04/23:23:04      54.7400      59.0900      13.6500      94.0000      2.43530    0.0697566    0.0424005
1998-09-04/23:23:24      56.3900      60.4500      13.7000      96.0000      2.64068     0.104529    0.0458361
1998-09-04/23:23:44      58.6100      62.1100      13.7100      103.000      1.57584     0.224951    0.0267987
1998-09-04/23:24:03      59.7100      63.7000      13.8000      100.000      2.01648     0.173648    0.0346595
1998-09-05/00:02:44      230.980      6.07000      13.7800      63.0000      2.85385     0.453990    0.0443802
1998-09-05/00:03:04      231.590      5.07000      14.0100      63.0000      3.01723     0.453990    0.0469209
1998-09-05/00:03:24      231.940      2.99000      14.0200      65.0000      1.85548     0.422618    0.0293501
1998-09-05/00:03:44      231.920      2.07000      13.7600      68.0000      1.86614     0.374607    0.0301986
1998-09-05/00:04:05      231.820     0.870000      13.7400      66.0000      1.07240     0.406737    0.0170987
1998-09-05/00:04:25      233.460    -0.200000      13.5500      69.0000      1.98295     0.358368    0.0323103
1998-09-05/00:04:45      234.070     -1.74000      13.6500      71.0000      1.59589     0.325568    0.0263360
1998-09-05/00:05:05      234.690     -2.77000      13.7100      69.0000      1.98295     0.358368    0.0323103
1998-09-05/00:05:24      232.830     -3.36000      13.7300      70.0000      2.46527     0.342020    0.0404322
1998-09-05/00:05:44      231.200     -4.61000      13.7500      70.0000      2.46527     0.342020    0.0404322
1998-09-05/00:06:04      230.470     -5.82000      13.8700      73.0000      2.31977     0.292372    0.0387185
1998-09-05/00:06:24      230.780     -6.85000      13.8300      70.0000      3.18880     0.342020    0.0522987
1998-09-05/00:06:45      231.040     -7.98000      13.6900      71.0000      2.34566     0.325568    0.0387090
1998-09-05/00:07:05      231.460     -9.06000      13.7600      69.0000      2.32336     0.358368    0.0378569
1998-09-05/00:07:25      231.770     -10.5100      13.7100      51.0000      3.61859     0.629320    0.0490817
1998-09-05/00:07:45      232.430     -11.9900      13.7800      67.0000      1.47353     0.390731    0.0236735
1998-09-05/00:08:04      232.280     -13.1600      13.7300      69.0000      2.39465     0.358368    0.0390186
1998-09-05/00:08:24      232.090     -13.8200      13.6100      67.0000      1.68015     0.390731    0.0269930
1998-09-05/00:08:44      230.690     -14.2000      13.5400      67.0000      1.37735     0.390731    0.0221283
1998-09-05/00:09:04      229.990     -16.0200      13.5700      65.0000      1.44377     0.422618    0.0228376
1998-09-05/00:09:25      230.160     -17.5800      13.8400      82.0000      2.86343     0.139173    0.0494899
1998-09-05/00:09:45      229.710     -18.8800      13.8000      88.0000      1.56751    0.0348994    0.0273415
1998-09-05/00:10:05      229.830     -19.6100      13.8500      35.0000      4.34195     0.819152    0.0434664
1998-09-05/00:10:25      230.280     -20.6600      13.8700      61.0000      4.45736     0.484810    0.0680416
1998-09-05/00:10:44      230.570     -21.6600      13.0000      51.0000      4.76905     0.629320    0.0646862
1998-09-05/00:11:04      230.190     -22.4900      13.0200      37.0000      2.75560     0.798635    0.0289439
1998-09-05/00:11:24      230.060     -23.4900      13.0600      34.0000      2.45175     0.829038    0.0239285
1998-09-05/00:11:44      230.270     -24.0900      13.1800      95.0000      3.12222    0.0871559    0.0542857
1998-09-05/00:12:05      229.870     -25.4800      13.2400      89.0000      1.33819    0.0174524    0.0233523
1998-09-05/00:12:25      229.950     -26.7000      13.0300      75.0000      3.12045     0.258819    0.0526064
1998-09-05/00:12:45      230.620     -27.7800      11.8400      69.0000      2.45938     0.358368    0.0400733
1998-09-05/00:13:05      231.090     -29.0100      12.5900      67.0000      1.29069     0.390731    0.0207360
1998-09-05/00:13:24      230.990     -30.0400      13.3300      68.0000      1.80723     0.374607    0.0292453
1998-09-05/00:13:44      231.020     -30.9600      13.4700      67.0000      1.42458     0.390731    0.0228871
1998-09-05/00:14:04      231.150     -32.0500      13.1800      67.0000      1.37735     0.390731    0.0221283
1998-09-05/00:14:24      231.290     -33.2100      12.9900      70.0000      2.65359     0.342020    0.0435208
1998-09-05/00:14:45      231.040     -34.3200      12.5300      77.0000      1.19059     0.224951    0.0202471
1998-09-05/00:15:05      230.700     -35.5000      12.2700      78.0000      1.27428     0.207912    0.0217544
1998-09-05/00:15:25      230.580     -36.7100      13.2800      77.0000      1.26700     0.224951    0.0215466
1998-09-05/00:15:45      230.820     -37.8500      13.9000      66.0000      1.64092     0.406737    0.0261634
1998-09-05/00:16:04      231.290     -38.8700      13.4300      65.0000      2.05132     0.422618    0.0324479
1998-09-05/00:16:24      231.040     -39.8700      11.8700      73.0000      2.94420     0.292372    0.0491407
1998-09-05/00:16:44      230.880     -40.8800      9.54000      72.0000      2.08872     0.309017    0.0346708
1998-09-05/00:17:04      230.880     -42.0800      14.1700      71.0000      2.15622     0.325568    0.0355828
1998-09-05/00:17:25      231.250     -43.1700      13.5800      69.0000      2.12442     0.358368    0.0346154
1998-09-05/00:17:45      231.480     -44.1700      11.9300      69.0000      2.27385     0.358368    0.0370502
1998-09-05/00:18:05      231.620     -45.1900      13.7400      74.0000      3.60824     0.275637    0.0605361
1998-09-05/00:18:25      231.840     -46.2600      12.9200      72.0000      2.44629     0.309017    0.0406061
1998-09-05/00:18:44      232.310     -47.4900      13.7300      76.0000      1.42981     0.241922    0.0242136
1998-09-05/00:19:04      232.910     -48.7300      15.7800      74.0000      2.24074     0.275637    0.0375933
1998-09-05/00:19:24      233.510     -50.0900      14.7000      72.0000      2.56265     0.309017    0.0425376
1998-09-05/00:19:44      233.500     -51.1800      13.8400      74.0000      1.91034     0.275637    0.0320501
1998-09-05/00:20:05      233.830     -52.3100      13.3500      66.0000      1.31741     0.406737    0.0210053
1998-09-05/00:20:25      234.210     -53.3100      12.5200      65.0000      2.26885     0.422618    0.0358888
1998-09-05/00:20:45      235.000     -54.6600      13.3500      95.0000      5.29387    0.0871559    0.0920439
1998-09-05/00:21:05      234.850     -55.5600      13.5700      72.0000      4.19933     0.309017    0.0697050
1998-09-05/00:21:24      234.110     -56.4300      12.9200      70.0000      3.44885     0.342020    0.0565637
1998-09-05/00:21:44      234.320     -57.2400      13.5200      59.0000      3.57647     0.515038    0.0535054
1998-09-05/00:22:04      235.560     -58.4500      12.4500      55.0000      1.61080     0.573576    0.0230294
1998-09-05/00:22:24      237.940     -59.8600      15.2100      57.0000      3.12708     0.544639    0.0457728
1998-09-05/00:22:45      239.240     -61.2500      14.5700      74.0000      2.34766     0.275637    0.0393871
1998-09-05/00:23:05      239.890     -62.6000      12.5600      78.0000      1.56173     0.207912    0.0266617
1998-09-05/00:23:25      242.480     -64.0800      13.5400      76.0000      1.89749     0.241922    0.0321337
1998-09-05/00:41:23      78.3100     -67.0000      13.3600      116.000      3.01723     0.438371    0.0473310
1998-09-05/00:41:43      73.8300     -66.1600      11.1200      115.000      2.46981     0.422618    0.0390676
1998-09-05/00:42:03      66.8300     -65.1900      12.0200      115.000      3.88985     0.422618    0.0615299
1998-09-05/00:42:23      62.4100     -64.3200      13.0800      123.000      3.47125     0.544639    0.0508106
1998-09-05/00:42:44      60.5200     -63.2900      13.1000      118.000      2.81502     0.469472    0.0433804
1998-09-05/00:43:04      58.7000     -62.3500      13.6700      117.000      5.46353     0.453991    0.0849633
1998-09-05/00:43:24      58.2300     -61.4000      10.6700      121.000      3.18689     0.515038    0.0476771
1998-09-05/00:43:44      57.6500     -60.6000      21.8200      119.000      5.18222     0.484810    0.0791065
1998-09-05/00:44:03      56.6600     -59.9500      23.0900      114.000      2.63779     0.406737    0.0420579
1998-09-05/00:44:23      57.1500     -59.3000      17.5300      113.000      1.82806     0.390731    0.0293693
1998-09-05/00:44:43      58.1300     -58.3500      17.7900      113.000      1.92248     0.390731    0.0308863
1998-09-05/00:45:03      58.4700     -57.4900      15.1000      115.000      2.46981     0.422618    0.0390676
1998-09-05/00:45:24      55.1900     -55.6900      14.4900      110.000      2.35372     0.342020    0.0386027
1998-09-05/00:45:44      54.6700     -54.5300      15.3800      114.000      2.00852     0.406737    0.0320246
1998-09-05/00:46:04      54.1200     -53.3000      13.5500      113.000      1.74178     0.390731    0.0279832
1998-09-05/00:46:24      52.8800     -51.9000      11.7100      112.000      2.03620     0.374607    0.0329506
1998-09-05/00:46:43      52.3900     -50.7900      12.8000      117.000      6.66541     0.453991     0.103654
1998-09-05/00:47:03      51.4600     -49.7100      11.5200      121.000      3.31091     0.515038    0.0495325
1998-09-05/00:47:23      51.1000     -48.6800      13.4500      126.000      3.44405     0.587785    0.0486300
1998-09-05/00:47:43      50.7300     -47.6400      14.9000      123.000      1.71277     0.544639    0.0250708
1998-09-05/00:48:04      50.5000     -46.6000      15.0200      128.000      3.76307     0.615661    0.0517549
1998-09-05/00:48:24      50.3000     -45.4700      15.5600      125.000      2.96422     0.573576    0.0423792
1998-09-05/00:48:44      50.0600     -44.3200      14.7500      145.000      2.69243     0.819152    0.0269534
1998-09-05/00:49:04      49.7200     -43.2600      14.7900      106.000      2.45874     0.275637    0.0412507
1998-09-05/00:49:23      49.4400     -42.2000      13.7900      106.000      1.92121     0.275637    0.0322325
1998-09-05/00:49:43      49.3600     -41.2300      13.4100      112.000      1.68015     0.374607    0.0271889
1998-09-05/00:50:03      49.3100     -40.1800      13.4600      118.000      2.18262     0.469472    0.0336349
1998-09-05/00:50:23      49.1000     -38.9800      13.6400      116.000      2.93375     0.438371    0.0460215
1998-09-05/00:50:44      49.0900     -37.9400      13.9900      106.000      2.31977     0.275637    0.0389192
1998-09-05/00:51:04      49.0100     -36.7900      13.8700      110.000      2.65743     0.342020    0.0435838
1998-09-05/00:51:24      49.0100     -35.6700      13.0600      119.000      2.64246     0.484810    0.0403371
1998-09-05/00:51:44      48.8600     -34.5900      12.0700      111.000      1.92688     0.358368    0.0313967
1998-09-05/00:52:03      48.7800     -33.4900      13.4800      111.000      2.16209     0.358368    0.0352292
1998-09-05/00:52:23      48.7100     -32.3300      13.6400      117.000      2.93155     0.453991    0.0455885
1998-09-05/00:52:43      48.6800     -31.2000      13.4100      108.000      2.85097     0.309017    0.0473234
1998-09-05/00:53:03      48.6100     -30.0900      13.6200      131.000      3.97424     0.656059    0.0523494
1998-09-05/00:53:24      48.6300     -28.9100      13.6300      129.000      3.81963     0.629321    0.0518085
1998-09-05/00:53:44      48.5300     -27.6900      13.7900      139.000      7.80653     0.754710    0.0893878
1998-09-05/00:54:04      48.4500     -26.5800      13.9600      129.000      5.52914     0.629321    0.0749959
1998-09-05/00:54:24      48.3600     -25.4200      13.8400      117.000      3.04900     0.453991    0.0474150
1998-09-05/00:54:43      48.3100     -24.4100      13.6800      111.000      2.53204     0.358368    0.0412572
1998-09-05/00:55:03      48.2900     -23.3200      13.6400      117.000      3.04900     0.453991    0.0474150
1998-09-05/00:55:23      48.2300     -22.2700      13.8700      120.000      2.87450     0.500000    0.0434480
1998-09-05/00:55:43      48.3300     -21.2500      14.2200      119.000      4.89643     0.484810    0.0747440
1998-09-05/00:56:04      48.4400     -20.1200      14.2200      118.000      3.56851     0.469472    0.0549920
1998-09-05/00:56:24      48.4600     -18.9900      13.8900      113.000      1.97323     0.390731    0.0317016
1998-09-05/00:56:44      48.4200     -17.8400      13.5800      118.000      2.71868     0.469472    0.0418958
1998-09-05/00:57:04      48.2500     -16.7600      13.3700      117.000      2.58715     0.453991    0.0402328
1998-09-05/00:57:23      48.1000     -15.8000      13.4200      116.000      3.77145     0.438371    0.0591624
1998-09-05/00:57:43      48.2000     -14.8200      13.7000      116.000      3.01723     0.438371    0.0473310
1998-09-05/00:58:03      48.2200     -13.8000      13.9200      114.000      2.26885     0.406737    0.0361754
1998-09-05/00:58:23      48.1100     -12.7100      13.8000      115.000      1.94748     0.422618    0.0308053
1998-09-05/00:58:44      47.9100     -11.6000      13.3500      114.000      2.74282     0.406737    0.0437326
1998-09-05/00:59:04      47.8100     -10.5200      13.3300      117.000      3.38384     0.453991    0.0526221
1998-09-05/00:59:24      47.6800     -9.45000      13.3800      134.000      1.87636     0.694658    0.0235574
1998-09-05/00:59:44      47.5600     -8.39000      13.5400      135.000      2.99077     0.707107    0.0369101
1998-09-05/01:00:03      47.2700     -7.43000      13.5100      118.000      2.30775     0.469472    0.0355632
1998-09-05/01:00:23      47.1800     -6.40000      13.5200      116.000      4.03187     0.438371    0.0632476
1998-09-05/01:00:43      47.0900     -5.27000      13.5800      125.000      2.54251     0.573576    0.0363500
1998-09-05/01:01:03      46.9800     -4.28000      13.6900      126.000      3.07954     0.587785    0.0434831
1998-09-05/01:01:24      46.9600     -3.10000      13.6300      119.000      3.42648     0.484810    0.0523052
1998-09-05/01:03:03      46.4300      2.14000      13.4900      134.000      8.90229     0.694658     0.111767
1998-09-05/01:03:23      46.5200      3.09000      13.6100      127.000      7.31930     0.601815     0.102022
1998-09-05/01:03:43      46.6200      4.03000      13.6900      95.0000      5.29387    0.0871559    0.0920439
1998-09-05/01:04:44      47.1800      7.27000      13.6800      117.000      22.6838     0.453991     0.352756
1998-09-05/01:05:23      47.6900      9.55000      13.7700      98.0000      5.65160     0.139173    0.0976791
1998-09-05/01:05:43      47.6200      10.6900      13.8900      105.000      2.46569     0.258819    0.0415680
1998-09-05/01:06:03      47.8700      11.8500      13.9500      114.000      4.12941     0.406737    0.0658409
1998-09-05/01:06:23      47.7900      12.8600      13.9800      117.000      4.82079     0.453991    0.0749681
1998-09-05/01:07:04      47.8300      15.1100      14.0600      96.0000      6.65693     0.104529     0.115549
1998-09-05/01:07:24      47.8100      16.1000      14.0900      98.0000      4.60170     0.139173    0.0795332
1998-09-05/01:07:44      47.8000      17.1900      14.1600      107.000      4.01054     0.292372    0.0669386
1998-09-05/01:08:03      47.8800      18.1800      14.1100      114.000      2.46245     0.406737    0.0392622
1998-09-05/01:08:23      47.9400      19.2300      13.8600      113.000      2.64073     0.390731    0.0424255
1998-09-05/01:08:43      48.0000      20.3000      13.6600      117.000      5.46353     0.453991    0.0849633
1998-09-05/01:09:03      48.1400      21.4200      13.9700      104.000      4.29017     0.241922    0.0726534
1998-09-05/01:09:24      48.1500      22.5600      13.9600      109.000      25.5614     0.325568     0.421825
1998-09-05/01:09:44      48.1200      23.6100      13.8500      121.000      8.57916     0.515038     0.128348
1998-09-05/01:10:04      48.2200      24.6600      13.8400      117.000      22.6838     0.453991     0.352756
1998-09-05/01:10:24      48.2900      25.6900      13.9700      120.000      21.9826     0.500000     0.332267
1998-09-05/01:10:43      48.5500      26.7500      14.0100      115.000      8.55196     0.422618     0.135275
1998-09-05/01:11:03      48.6200      27.8300      13.8800      109.000      5.66103     0.325568    0.0934207
1998-09-05/01:11:23      48.5300      28.8600      14.0900      113.000      17.3017     0.390731     0.277966
1998-09-05/01:11:43      48.4400      29.8600      13.7900      103.000      9.73667     0.224951     0.165581
1998-09-05/01:12:04      48.5200      31.0400      13.7900      96.0000      5.33106     0.104529    0.0925348
1998-09-05/01:12:24      48.5300      32.0900      13.6200      100.000      2.86438     0.173648    0.0492334
1998-09-05/01:13:04      48.8000      34.2800      13.7100      111.000      2.66344     0.358368    0.0433982
1998-09-05/01:13:23      48.8800      35.2900      13.6800      113.000      17.3017     0.390731     0.277966
1998-09-05/01:13:43      49.0300      36.4000      13.5800      114.000      8.52896     0.406737     0.135989
1998-09-05/01:14:03      49.3000      37.5600      13.5800      112.000      7.71689     0.374607     0.124878
1998-09-05/01:14:23      49.5200      38.6600      13.5400      105.000      20.0866     0.258819     0.338632
1998-09-05/01:14:44      49.6900      39.7600      13.5900      108.000      8.74498     0.309017     0.145159
1998-09-05/01:15:04      50.0600      40.8200      13.7600      113.000      17.3017     0.390731     0.277966
1998-09-05/01:15:24      50.5000      41.9300      13.7300      115.000      22.3924     0.422618     0.354204
1998-09-05/01:15:44      51.0600      43.1000      13.6600      110.000      11.6098     0.342020     0.190409
1998-09-05/01:16:03      51.6000      44.3200      13.5900      109.000      2.75142     0.325568    0.0454051
1998-09-05/01:16:23      52.2400      45.5500      13.5100      116.000      4.03187     0.438371    0.0632476
1998-09-05/01:16:43      52.6600      46.7700      13.4300      109.000      2.46527     0.325568    0.0406829
1998-09-05/01:17:03      52.9900      47.9800      13.3900      103.000      2.17751     0.224951    0.0370307
1998-09-05/01:17:24      53.6300      49.3000      15.1200      117.000      2.70413     0.453991    0.0420519
1998-09-05/01:17:44      54.1100      50.5800      15.3200      111.000      1.97620     0.358368    0.0322003
1998-09-05/01:18:04      54.5700      51.9100      14.0000      111.000      2.04548     0.358368    0.0333292
1998-09-05/01:18:24      54.7700      53.1300      14.7200      109.000      2.83748     0.325568    0.0468253
1998-09-05/01:18:43      55.0600      54.2500      15.0600      110.000      2.55790     0.342020    0.0419514
1998-09-05/01:19:03      55.5600      55.4900      15.4800      109.000      2.57545     0.325568    0.0425011
1998-09-05/01:19:23      56.2700      56.7600      14.5600      110.000      2.83141     0.342020    0.0464372
1998-09-05/01:19:43      56.6300      57.9900      13.1100      110.000      3.03986     0.342020    0.0498559
1998-09-05/01:20:04      56.9800      59.3100      15.7900      112.000      1.56737     0.374607    0.0253638
1998-09-05/01:20:24      57.8000      60.5300      14.0400      111.000      1.80723     0.358368    0.0294471
1998-09-05/01:43:25      252.310      62.2500      13.2800      73.0000      2.18013     0.292372    0.0363878
1998-09-05/01:43:45      247.560      60.7200      14.9900      70.0000      2.41105     0.342020    0.0395430
1998-09-05/01:44:04      243.850      59.2700      13.8400      77.0000      1.55031     0.224951    0.0263645
1998-09-05/01:44:24      241.860      57.9900      15.1200      75.0000      1.64793     0.258819    0.0277818
1998-09-05/01:44:44      240.400      56.7300      15.8900      76.0000      1.65840     0.241922    0.0280848
1998-09-05/01:45:04      239.060      55.4700      14.7500      77.0000      1.26700     0.224951    0.0215466
1998-09-05/01:45:25      237.820      54.1500      14.5400      73.0000      1.55643     0.292372    0.0259779
1998-09-05/01:45:45      236.830      52.9700      14.1600      66.0000      1.53310     0.406737    0.0244443
1998-09-05/01:46:05      236.090      51.7800      15.2000      72.0000      2.72835     0.309017    0.0452881
1998-09-05/01:46:25      235.430      50.4800      14.2900      77.0000      1.60103     0.224951    0.0272271
1998-09-05/01:46:44      234.500      49.2200      14.5300      81.0000      2.98906     0.156434    0.0515267
1998-09-05/01:47:04      233.850      48.0300      14.5800      71.0000      2.94697     0.325568    0.0486321
1998-09-05/01:47:24      233.180      46.8000      13.8000      76.0000      1.65840     0.241922    0.0280848
1998-09-05/01:47:44      232.480      45.6900      13.9400      73.0000      3.37382     0.292372    0.0563113
1998-09-05/01:48:05      232.250      44.6500      14.8800      77.0000      1.60103     0.224951    0.0272271
1998-09-05/01:48:25      232.020      43.5000      15.4300      76.0000      1.98394     0.241922    0.0335977
1998-09-05/01:48:45      231.850      42.3800      15.4000      67.0000      1.90709     0.390731    0.0306390
1998-09-05/01:49:05      231.640      41.2200      10.5500      72.0000      2.44629     0.309017    0.0406061
1998-09-05/01:49:24      231.320      40.0600      8.52000      70.0000      3.28169     0.342020    0.0538221
1998-09-05/01:49:44      230.840      38.8900      11.9500      67.0000      2.74726     0.390731    0.0441370
1998-09-05/01:50:04      230.790      37.8300      12.2700      68.0000      1.97620     0.374607    0.0319797
1998-09-05/01:50:24      230.670      36.7300      15.1800      70.0000      2.65359     0.342020    0.0435208
1998-09-05/01:50:45      230.550      35.5800      13.7500      72.0000      2.31438     0.309017    0.0384165
1998-09-05/01:51:05      230.430      34.4700      19.5800      71.0000      2.72086     0.325568    0.0449008
1998-09-05/01:51:25      230.360      33.3400      21.2200      69.0000      2.32336     0.358368    0.0378569
1998-09-05/01:51:45      230.130      32.1700      17.8800      72.0000      2.08872     0.309017    0.0346708
1998-09-05/01:52:04      229.910      31.0400      17.3700      73.0000      2.45874     0.292372    0.0410380
1998-09-05/01:52:24      229.720      29.9500      14.2100      69.0000      2.35372     0.358368    0.0383516
1998-09-05/01:52:44      229.590      28.8000      15.2800      73.0000      2.68499     0.292372    0.0448143
1998-09-05/01:53:04      229.440      27.6200      15.2700      58.0000      2.56239     0.529919    0.0379265
1998-09-05/01:53:25      229.160      26.4300      14.2800      59.0000      3.34165     0.515038    0.0499924
1998-09-05/01:53:45      228.930      25.3300      15.8000      69.0000      2.65743     0.358368    0.0433003
1998-09-05/01:54:05      228.740      24.1400      14.0000      72.0000      3.22839     0.309017    0.0535883
1998-09-05/01:54:25      228.430      23.0500      14.2700      73.0000      3.50255     0.292372    0.0584599
1998-09-05/01:54:44      228.130      22.0400      15.7600      86.0000      2.71011    0.0697565    0.0471851
1998-09-05/01:55:04      227.930      21.0000      16.3000      70.0000      3.28169     0.342020    0.0538221
1998-09-05/01:55:24      227.750      19.9800      16.3200      71.0000      2.72086     0.325568    0.0449008
1998-09-05/01:55:44      227.560      18.9600      16.3500      77.0000      1.73073     0.224951    0.0294327
1998-09-05/01:56:05      227.410      17.9100      14.9200      61.0000      2.91367     0.484810    0.0444772
1998-09-05/01:56:25      227.310      16.8300      13.7500      68.0000      2.01220     0.374607    0.0325623
1998-09-05/01:56:45      227.080      15.7600      13.9600      66.0000      1.74178     0.406737    0.0277716
1998-09-05/01:57:05      226.830      14.6700      14.1300      73.0000      2.94420     0.292372    0.0491407
1998-09-05/01:57:24      226.600      13.5300      14.3400      68.0000      2.59786     0.374607    0.0420396
1998-09-05/01:57:44      226.270      12.2900      14.5000      80.0000      3.36124     0.173648    0.0577735
1998-09-05/01:58:04      226.130      11.1300      14.3800      115.000      8.38167     0.422618     0.132582
1998-09-05/01:58:24      226.060      9.93000      14.1900      55.0000      2.56447     0.573576    0.0366640
1998-09-05/01:58:45      226.010      8.85000      14.2600      69.0000      3.59163     0.358368    0.0585222
1998-09-05/01:59:05      226.070      7.92000      14.3600      65.0000      3.09401     0.422618    0.0489412
1998-09-05/01:59:25      226.190      7.06000      14.3500      68.0000      3.27161     0.374607    0.0529425
1998-09-05/01:59:45      226.350      6.16000      14.1300      69.0000      2.73958     0.358368    0.0446389
1998-09-05/02:00:04      226.500      5.25000      14.4200      71.0000      2.34566     0.325568    0.0387090
1998-09-05/02:00:24      226.660      4.29000      14.4600      70.0000      2.34075     0.342020    0.0383900
1998-09-05/02:00:44      226.760      3.31000      14.4800      71.0000      2.34566     0.325568    0.0387090
1998-09-05/02:01:04      226.830      2.28000      14.3600      74.0000      1.91034     0.275637    0.0320501
1998-09-05/02:01:25      226.830      1.18000      14.5300      75.0000      1.72400     0.258819    0.0290642
1998-09-05/02:01:45      226.790     0.130000      14.6200      78.0000      1.17978     0.207912    0.0201411
1998-09-05/02:02:05      226.810    -0.940000      14.6100      77.0000      1.65815     0.224951    0.0281984
1998-09-05/02:02:25      226.750     -1.97000      14.4900      74.0000      3.09738     0.275637    0.0519653
1998-09-05/02:02:44      226.710     -3.03000      14.2700      68.0000      1.80723     0.374607    0.0292453
1998-09-05/02:03:04      226.600     -4.14000      14.2400      78.0000      1.78652     0.207912    0.0304993
1998-09-05/02:03:24      226.550     -5.25000      14.3300      76.0000      2.08650     0.241922    0.0353346
1998-09-05/02:03:44      226.540     -6.32000      14.4200      72.0000      2.72835     0.309017    0.0452881
1998-09-05/02:04:05      226.600     -7.40000      14.4300      88.0000      1.56751    0.0348994    0.0273415
1998-09-05/02:04:25      226.690     -8.48000      14.4100      85.0000      3.35741    0.0871558    0.0583749
1998-09-05/02:04:45      226.760     -9.52000      13.9100      59.0000      2.61527     0.515038    0.0391255
1998-09-05/02:05:05      226.900     -10.6100      14.1000      65.0000      1.85548     0.422618    0.0293501
1998-09-05/02:05:24      227.030     -11.7000      14.2800      69.0000      2.35372     0.358368    0.0383516
1998-09-05/02:05:44      227.050     -12.8300      14.3600      85.0000      3.00569    0.0871558    0.0522596
1998-09-05/02:06:04      227.050     -13.9700      14.4100      74.0000      2.58033     0.275637    0.0432907
1998-09-05/02:06:24      227.090     -15.0900      14.3600      75.0000      2.10729     0.258819    0.0355259
1998-09-05/02:06:45      227.160     -16.2000      14.2300      69.0000      2.45938     0.358368    0.0400733
1998-09-05/02:07:05      227.210     -17.2300      14.2200      49.0000      2.80401     0.656059    0.0369349
1998-09-05/02:07:25      227.220     -18.2900      14.2800      67.0000      2.09250     0.390731    0.0336178
1998-09-05/02:07:45      227.230     -19.3500      14.3200      63.0000      5.66333     0.453990    0.0880704
1998-09-05/02:08:04      227.320     -20.3400      14.4400      68.0000      2.04548     0.374607    0.0331008
1998-09-05/02:08:24      227.370     -21.3900      14.3500      75.0000      2.26526     0.258819    0.0381891
1998-09-05/02:08:44      227.380     -22.4400      14.3700      75.0000      2.01372     0.258819    0.0339485
1998-09-05/02:09:04      227.410     -23.5300      14.4400      68.0000      2.09106     0.374607    0.0338384
1998-09-05/02:09:25      227.470     -24.6200      14.5600      79.0000      2.06637     0.190809    0.0354023
1998-09-05/02:09:45      227.570     -25.7200      14.4500      88.0000      1.17281    0.0348994    0.0204569
1998-09-05/02:10:05      227.660     -26.8900      14.3600      67.0000      1.47353     0.390731    0.0236735
1998-09-05/02:10:25      227.780     -28.0300      14.2800      68.0000      1.86614     0.374607    0.0301986
1998-09-05/02:10:44      227.840     -29.1500      14.0900      76.0000      1.83560     0.241922    0.0310856
1998-09-05/02:11:04      227.840     -30.3300      14.1100      71.0000      3.27522     0.325568    0.0540490
1998-09-05/02:11:24      227.970     -31.5000      14.2000      67.0000      1.68015     0.390731    0.0269930
1998-09-05/02:11:44      228.130     -32.7000      14.3000      67.0000      1.56737     0.390731    0.0251811
1998-09-05/02:12:05      228.180     -33.9600      14.1200      57.0000      2.93854     0.544639    0.0430131
1998-09-05/02:12:25      228.110     -35.0800      14.0400      71.0000      2.61726     0.325568    0.0431911
1998-09-05/02:12:45      228.020     -36.1400      14.1900      77.0000      1.49575     0.224951    0.0254367
1998-09-05/02:13:05      227.960     -37.2100      14.3800      73.0000      2.04680     0.292372    0.0341625
1998-09-05/02:13:24      228.030     -38.3700      14.0500      66.0000      1.82806     0.406737    0.0291473
1998-09-05/02:13:44      228.090     -39.6400      14.1400      55.0000      1.50721     0.573576    0.0215484
1998-09-05/02:14:04      228.050     -40.7400      14.1100      86.0000      2.83998    0.0697565    0.0494463
1998-09-05/02:14:24      228.060     -41.7800      13.9300      82.0000      3.78949     0.139173    0.0654954
1998-09-05/02:14:45      228.110     -42.8400      13.9300      70.0000      2.75142     0.342020    0.0451253
1998-09-05/02:15:05      228.250     -43.9800      13.8100      74.0000      2.96037     0.275637    0.0496667
1998-09-05/02:15:25      228.620     -45.1500      13.8500      67.0000      1.81141     0.390731    0.0291018
1998-09-05/02:39:43      72.3700     -69.1200      13.6600      101.000      2.68482     0.190809    0.0459980
1998-09-05/02:40:04      68.3200     -67.7900      13.8600      112.000      4.05729     0.374607    0.0656567
1998-09-05/02:40:24      64.3600     -66.3800      13.9400      95.0000      2.86062    0.0871559    0.0497372
1998-09-05/02:40:44      61.8400     -65.1100      13.9900      93.0000      2.34355    0.0523359    0.0408466
1998-09-05/02:41:04      60.0300     -63.8800      14.1700      94.0000      3.20026    0.0697566    0.0557190
1998-09-05/02:41:23      58.6100     -62.7200      14.1800      98.0000      2.47734     0.139173    0.0428170
1998-09-05/02:41:43      57.9400     -61.6600      13.9000      111.000      1.92688     0.358368    0.0313967
1998-09-05/02:42:03      57.5300     -60.6100      13.8700      103.000      1.83560     0.224951    0.0312162
1998-09-05/02:42:23      57.3100     -59.6000      14.3900      101.000      2.61109     0.190809    0.0447348
1998-09-05/02:42:44      57.1000     -58.5400      13.2100      102.000      1.65815     0.207912    0.0283078
1998-09-05/02:43:04      55.7200     -57.1800      15.0500      105.000      9.78949     0.258819     0.165037
1998-09-05/02:43:24      54.6200     -55.7900      15.0400      97.0000      18.5254     0.121869     0.320920
1998-09-05/02:43:44      53.7000     -54.3600      14.0200      108.000      4.90683     0.309017    0.0814488
1998-09-05/02:44:43      51.8700     -50.6400      14.0400      95.0000      3.29517    0.0871559    0.0572927
1998-09-05/02:45:03      51.3900     -49.5300      13.9300      98.0000      2.95756     0.139173    0.0511168
1998-09-05/02:45:24      50.9600     -48.2900      12.0900      113.000      1.82806     0.390731    0.0293693
1998-09-05/02:45:44      50.5500     -47.0500      14.5000      115.000      2.46981     0.422618    0.0390676
1998-09-05/02:46:04      50.1700     -45.7800      15.6000      127.000      2.92358     0.601815    0.0407513
1998-09-05/02:46:24      49.8300     -44.5200      13.2900      129.000      5.15548     0.629321    0.0699277
1998-09-05/02:46:43      49.4600     -43.4000      12.6800      111.000      2.01220     0.358368    0.0327869
1998-09-05/02:47:03      49.1500     -42.2300      14.3200      111.000      2.37731     0.358368    0.0387360
1998-09-05/02:47:23      49.0300     -41.2000      14.9000      115.000      2.62014     0.422618    0.0414455
1998-09-05/02:47:43      48.9300     -40.1500      13.5000      124.000      3.42183     0.559193    0.0495119
1998-09-05/02:48:04      48.7600     -38.9800      12.0000      123.000      1.76984     0.544639    0.0259061
1998-09-05/02:48:24      48.5300     -37.8400      14.9800      113.000      1.39088     0.390731    0.0223457
1998-09-05/02:48:44      48.3300     -36.7400      15.9400      112.000      1.94513     0.374607    0.0314769
1998-09-05/02:49:04      48.2100     -35.6500      15.5300      123.000      1.64087     0.544639    0.0240183
1998-09-05/02:49:23      48.0800     -34.6200      10.8900      114.000      1.76200     0.406737    0.0280940
1998-09-05/02:49:43      47.9500     -33.4800      15.3300      113.000      1.46827     0.390731    0.0235890
1998-09-05/02:50:03      47.6500     -32.3700      15.6700      110.000      2.27385     0.342020    0.0372928
1998-09-05/02:50:23      47.5400     -31.3700      14.2500      109.000      3.18880     0.325568    0.0526229
1998-09-05/02:50:44      47.2700     -30.2200      15.5400      107.000      3.22839     0.292372    0.0538840
1998-09-05/02:51:04      47.1900     -29.2500      23.6700      112.000      1.90709     0.374607    0.0308613
1998-09-05/02:51:24      47.1400     -28.2100      15.8100      107.000      2.65356     0.292372    0.0442897
1998-09-05/02:51:44      47.1200     -27.1600      14.3200      93.0000      2.34355    0.0523359    0.0408466
1998-09-05/02:52:03      47.0300     -26.1000      13.5600      100.000      2.22837     0.173648    0.0383015
1998-09-05/02:52:23      46.9800     -25.0200      13.5200      107.000      3.13206     0.292372    0.0522762
1998-09-05/02:52:43      46.9200     -23.9500      14.0300      110.000      2.78623     0.342020    0.0456962
1998-09-05/02:53:03      46.8800     -22.8500      12.1000      120.000      2.92475     0.500000    0.0442076
1998-09-05/02:53:24      46.8700     -21.6800      13.6000      124.000      1.61080     0.559193    0.0233074
1998-09-05/02:53:44      46.7900     -20.6500      18.1200      116.000      3.12038     0.438371    0.0489491
1998-09-05/02:54:04      46.7700     -19.6000      18.0700      108.000      2.51776     0.309017    0.0417925
1998-09-05/02:54:24      46.6900     -18.5500      18.7200      105.000      3.40585     0.258819    0.0574178
1998-09-05/02:54:43      46.6500     -17.5500      17.1400      111.000      2.32941     0.358368    0.0379555
1998-09-05/02:55:03      46.6700     -16.5000      14.6700      111.000      1.97620     0.358368    0.0322003
1998-09-05/02:55:23      46.5900     -15.4200      16.5200      104.000      3.29861     0.241922    0.0558615
1998-09-05/02:55:43      46.5800     -14.3800      17.3200      116.000      5.10837     0.438371    0.0801346
1998-09-05/02:56:04      46.4900     -13.2600      15.0900      114.000      3.21946     0.406737    0.0513323
1998-09-05/02:56:24      46.4400     -12.2500      14.2300      109.000      3.23959     0.325568    0.0534610
1998-09-05/02:56:44      46.3300     -11.2400      14.8000      115.000      4.53078     0.422618    0.0716681
1998-09-05/02:57:04      46.2600     -10.2600      14.8400      130.000      3.76166     0.642788    0.0502934
1998-09-05/02:57:25      46.1400     -9.25000      14.9400      156.000      2.85103     0.913545    0.0202392
1998-09-05/02:57:45      45.9900     -8.23000      14.3800      120.000      4.12284     0.500000    0.0623167
1998-09-05/02:58:05      45.9200     -7.23000      14.9900      153.000      8.22966     0.891007    0.0652088
1998-09-05/02:58:25      45.8800     -6.20000      14.3800      141.000      6.17150     0.777146    0.0677860
1998-09-05/02:58:44      45.9000     -5.16000      14.8900      118.000      21.8068     0.469472     0.336050
1998-09-05/02:59:04      45.9400     -4.06000      14.7700      116.000      4.46577     0.438371    0.0700542
1998-09-05/02:59:24      46.0300     -2.91000      14.6200      100.000      2.37992     0.173648    0.0409064
1998-09-05/02:59:44      46.1100     -1.71000      14.2600      97.0000      6.04684     0.121869     0.104751
1998-09-05/03:01:05      46.6100      2.56000      14.2800      115.000      8.38167     0.422618     0.132582
1998-09-05/03:01:24      46.6900      3.62000      14.3400      110.000      11.6098     0.342020     0.190409
1998-09-05/03:02:24      46.8300      6.93000      14.5400      125.000      3.38424     0.573576    0.0483841
1998-09-05/03:02:45      46.9100      8.09000      14.5600      96.0000      5.56962     0.104529    0.0966757
1998-09-05/03:03:05      46.9400      9.21000      14.3400      96.0000      2.89748     0.104529    0.0502935
1998-09-05/03:03:25      46.9600      10.3600      14.1600      101.000      2.52565     0.190809    0.0432710
1998-09-05/03:03:45      46.9600      11.4900      14.1100      101.000      1.63026     0.190809    0.0279306
1998-09-05/03:04:04      46.9500      12.5800      14.4100      105.000      3.09738     0.258819    0.0522174
1998-09-05/03:04:24      46.9100      13.7000      14.5500      93.0000      2.26419    0.0523359    0.0394634
1998-09-05/03:04:44      46.8600      14.9000      14.2700      91.0000      2.12954    0.0174525    0.0371618
1998-09-05/03:05:04      46.9200      16.0800      14.2500      117.000      2.93155     0.453991    0.0455885
1998-09-05/03:05:25      46.9800      17.2700      14.2400      125.000      2.96422     0.573576    0.0423792
1998-09-05/03:06:05      47.0600      19.4800      14.1700      116.000      4.18389     0.438371    0.0656323
1998-09-05/03:06:25      47.1300      20.6200      13.4700      107.000      2.31438     0.292372    0.0386285
1998-09-05/03:06:44      47.2000      21.7700      13.7600      98.0000      3.37386     0.139173    0.0583119
1998-09-05/03:07:04      47.2200      22.9300      14.1700      112.000      1.94513     0.374607    0.0314769
1998-09-05/03:07:24      47.3100      24.0800      14.2600      130.000      2.71760     0.642788    0.0363343
1998-09-05/03:07:44      47.3600      25.1700      14.5100      124.000      1.43726     0.559193    0.0207963
1998-09-05/03:08:05      47.5100      26.3800      14.5900      128.000      3.90398     0.615661    0.0536929
1998-09-05/03:08:25      47.5900      27.5300      14.6100      123.000      1.61630     0.544639    0.0236587
1998-09-05/03:53:45      230.260      22.4800      14.5100      146.000      9.92416     0.829038    0.0968574
1998-09-05/03:54:05      229.430      20.7500      14.2900      141.000      8.80604     0.777146    0.0967230
1998-09-05/03:54:25      229.020      19.2700      14.3600      130.000      7.72989     0.642788     0.103349
1998-09-05/03:54:44      228.710      17.9300      14.4700      127.000      5.38581     0.601815    0.0750718
1998-09-05/03:55:04      228.500      16.5900      14.4400      128.000      6.40122     0.615661    0.0880384
1998-09-05/03:55:24      228.550      15.4500      14.4300      128.000      6.86438     0.615661    0.0944084
1998-09-05/03:55:44      228.330      14.3300      14.4200      128.000      7.34587     0.615661     0.101031
1998-09-05/03:56:05      228.120      13.1000      14.3900      122.000      3.03619     0.529919    0.0449393
1998-09-05/03:56:25      227.730      11.6800      14.5200      120.000      5.29080     0.500000    0.0799704
1998-09-05/03:56:45      227.450      10.6200      14.5700      125.000      4.47399     0.573576    0.0639642
1998-09-05/03:57:05      227.260      9.50000      14.6800      127.000      7.93940     0.601815     0.110666
1998-09-05/03:57:24      227.000      8.27000      14.5800      120.000      4.21716     0.500000    0.0637424
1998-09-05/03:57:44      226.750      7.07000      14.5700      122.000      3.33634     0.529919    0.0493819
1998-09-05/03:58:04      226.580      5.85000      14.5900      121.000      5.01394     0.515038    0.0750105
1998-09-05/03:58:24      226.410      4.57000      14.6700      114.000      3.09401     0.406737    0.0493321
1998-09-05/03:58:45      226.040      3.38000      14.7600      114.000      3.09401     0.406737    0.0493321
1998-09-05/03:59:05      225.900      2.39000      14.7100      118.000      4.34637     0.469472    0.0669791
1998-09-05/03:59:25      225.880      1.38000      14.4800      121.000      3.31091     0.515038    0.0495325
1998-09-05/03:59:45      225.850     0.390000      14.5000      122.000      4.21993     0.529919    0.0624602
1998-09-05/04:00:04      225.840    -0.590000      14.4900      130.000      6.73825     0.642788    0.0900904
1998-09-05/04:00:24      225.930     -1.57000      14.9600      130.000      5.57643     0.642788    0.0745569
1998-09-05/04:00:44      226.140     -2.53000      14.6600      125.000      4.97892     0.573576    0.0711831
1998-09-05/04:01:04      226.310     -3.56000      14.2800      117.000      6.88610     0.453991     0.107086
1998-09-05/04:01:25      226.470     -4.64000      14.4800      133.000      4.47367     0.681998    0.0571043
1998-09-05/04:01:45      226.520     -5.79000      14.4100      130.000      4.84274     0.642788    0.0647474
1998-09-05/04:02:05      226.590     -6.96000      14.2500      131.000      4.20512     0.656059    0.0553905
1998-09-05/04:02:25      226.540     -8.13000      14.2500      134.000      8.49070     0.694658     0.106599
1998-09-05/04:02:44      226.390     -9.33000      14.2100      112.000      2.74726     0.374607    0.0444573
1998-09-05/04:03:04      226.350     -10.3900      14.0600      118.000      4.21409     0.469472    0.0649406
1998-09-05/04:03:24      226.420     -11.4400      14.1900      119.000      4.66063     0.484810    0.0711445
1998-09-05/04:03:44      226.520     -12.4900      14.2600      144.000      3.41073     0.809017    0.0349899
1998-09-05/04:04:05      226.440     -13.5800      14.1400      113.000      2.79642     0.390731    0.0449268
1998-09-05/04:04:25      226.290     -14.7300      14.1800      120.000      3.44536     0.500000    0.0520766
1998-09-05/04:04:45      226.530     -15.8800      14.4500      127.000      3.57709     0.601815    0.0498604
1998-09-05/04:05:05      226.590     -17.0300      14.3100      122.000      2.93854     0.529919    0.0434940
1998-09-05/04:05:24      227.070     -18.0400      14.2200      110.000      4.20403     0.342020    0.0689492
1998-09-05/04:05:44      227.110     -19.1100      14.2000      148.000      4.89593     0.848048    0.0452816
1998-09-05/04:06:04      227.010     -20.2700      14.1600      124.000      3.61780     0.559193    0.0523475
1998-09-05/04:06:24      227.090     -21.5300      14.1100      126.000      3.29175     0.587785    0.0464795
1998-09-05/04:06:45      227.060     -22.8700      14.1400      121.000      2.63036     0.515038    0.0393512
1998-09-05/04:07:05      227.340     -23.8300      14.0100      114.000      2.09785     0.406737    0.0334489
1998-09-05/04:07:25      227.220     -24.9000      14.0700      121.000      3.90478     0.515038    0.0584170
1998-09-05/04:07:45      226.930     -26.0100      14.2400      120.000      2.87450     0.500000    0.0434480
1998-09-05/04:08:04      226.760     -27.2200      10.0700      120.000      2.87450     0.500000    0.0434480
1998-09-05/04:08:24      226.940     -28.2800      9.83000      112.000      2.29214     0.374607    0.0370924
1998-09-05/04:08:44      227.160     -29.4100      9.67000      118.000      2.52996     0.469472    0.0389875
1998-09-05/04:09:04      227.190     -30.4300      9.75000      134.000      2.70510     0.694658    0.0339621
1998-09-05/04:09:25      227.040     -31.3600      9.51000      133.000      3.16770     0.681998    0.0404342
1998-09-05/04:09:45      226.760     -32.2400      9.69000      114.000      3.09401     0.406737    0.0493321
1998-09-05/04:10:05      227.210     -33.2100      9.80000      120.000      3.34165     0.500000    0.0505090
1998-09-05/04:10:25      227.660     -34.2300      9.74000      130.000      4.24681     0.642788    0.0567798
1998-09-05/04:10:44      228.130     -35.3400      9.79000      123.000      2.22103     0.544639    0.0325105
1998-09-05/04:11:04      228.490     -36.6000      9.85000      123.000      2.22103     0.544639    0.0325105
1998-09-05/04:11:24      228.130     -37.6800      9.81000      134.000      3.27043     0.694658    0.0410597
1998-09-05/04:11:44      227.750     -38.7300      9.48000      122.000      2.93854     0.529919    0.0434940
1998-09-05/04:12:05      228.300     -39.8000      9.32000      130.000      3.52345     0.642788    0.0471085
1998-09-05/04:12:25      228.580     -41.1200      9.37000      117.000      2.18261     0.453991    0.0339418
1998-09-05/04:12:45      228.720     -42.3800      9.26000      115.000      2.15278     0.422618    0.0340528
1998-09-05/04:13:05      228.860     -43.4500      9.17000      124.000      2.07314     0.559193    0.0299972
1998-09-05/04:13:24      229.110     -44.5400      9.12000      113.000      1.46827     0.390731    0.0235890
1998-09-05/04:13:44      229.440     -45.7300      9.28000      115.000      2.62014     0.422618    0.0414455
1998-09-05/04:14:04      230.140     -46.9300      9.50000      113.000      1.92248     0.390731    0.0308863
1998-09-05/04:14:24      230.880     -48.0600      9.32000      120.000      3.34165     0.500000    0.0505090
1998-09-05/04:14:45      231.540     -49.1000      7.65000      112.000      1.74712     0.374607    0.0282726
1998-09-05/04:15:05      230.910     -50.1300      6.94000      115.000      2.26287     0.422618    0.0357942
1998-09-05/04:15:25      231.450     -51.3200      7.10000      123.000      1.83647     0.544639    0.0268814
1998-09-05/04:15:45      231.410     -52.4700      7.06000      116.000      2.47717     0.438371    0.0388592
1998-09-05/04:16:04      231.490     -53.4100      8.85000      117.000      2.45583     0.453991    0.0381906
1998-09-05/04:16:24      231.630     -54.3400      9.55000      121.000      2.75133     0.515038    0.0411610
1998-09-05/04:16:44      232.420     -55.4800      9.35000      118.000      2.62505     0.469472    0.0404529
1998-09-05/04:17:04      232.480     -56.3900      9.16000      119.000      2.72378     0.484810    0.0415785
1998-09-05/04:17:25      232.960     -57.6800      9.28000      116.000      2.47717     0.438371    0.0388592
1998-09-05/04:17:45      235.240     -59.3700      9.34000      110.000      2.05488     0.342020    0.0337015
1998-09-05/04:18:05      235.230     -60.5700      9.22000      114.000      2.37061     0.406737    0.0377979
1998-09-05/04:18:25      236.730     -61.3000      9.81000      119.000      2.80616     0.484810    0.0428360
1998-09-05/04:18:44      238.830     -62.4300      9.93000      121.000      3.04718     0.515038    0.0455870
1998-09-05/04:19:04      243.870     -63.1700      9.70000      118.000      2.81502     0.469472    0.0433804
1998-09-05/04:19:24      241.110     -63.8100      9.68000      123.000      2.22103     0.544639    0.0325105
1998-09-05/04:19:44      239.460     -64.9400      9.29000      117.000      8.62020     0.453991     0.134053
1998-09-05/04:20:05      243.920     -66.4400      9.30000      115.000      3.24076     0.422618    0.0512625
1998-09-05/04:20:25      249.230     -67.4500      9.31000      115.000      3.75347     0.422618    0.0593726
1998-09-05/04:20:45      253.020     -68.3700      9.04000      111.000      2.76042     0.358368    0.0449784
1998-09-05/04:21:05      251.330     -69.7100      9.56000      110.000      3.82218     0.342020    0.0626865
1998-09-05/04:21:24      246.820     -70.6100      9.54000      110.000      3.82218     0.342020    0.0626865
1998-09-05/04:21:44      247.390     -71.7400      9.70000      113.000      3.49606     0.390731    0.0561671
1998-09-05/04:22:04      247.850     -72.8700      9.81000      121.000      5.24339     0.515038    0.0784432
1998-09-05/04:22:24      249.640     -73.7500      9.93000      131.000      4.89541     0.656059    0.0644832
1998-09-05/04:22:45      247.910     -74.6000      9.71000      111.000      3.42468     0.358368    0.0558019
1998-09-05/04:23:05      247.400     -75.5100      9.61000      103.000      7.58919     0.224951     0.129062
1998-09-05/04:23:25      250.270     -76.3300      9.75000      123.000      2.17132     0.544639    0.0317828
1998-09-05/04:23:45      263.730     -76.6900      10.0200      118.000      2.62505     0.469472    0.0404529
1998-09-05/04:53:05      53.6800     -16.5000      9.95000      72.0000      3.59803     0.309017    0.0597240
1998-09-05/04:53:24      52.1200     -15.0200      9.79000      71.0000      2.85097     0.325568    0.0470479
1998-09-05/04:53:44      52.2900     -14.1700      10.0200      76.0000      2.17751     0.241922    0.0368758
1998-09-05/04:54:04      52.0400     -13.1400      10.1700      71.0000      2.34566     0.325568    0.0387090
1998-09-05/04:54:24      51.9000     -11.8300      9.79000      61.0000      5.71027     0.484810    0.0871672
1998-09-05/05:07:44      49.0400      31.7200      9.29000      69.0000      2.05488     0.358368    0.0334823
1998-09-05/05:08:05      50.1800      33.2100      9.53000      71.0000      2.79788     0.325568    0.0461718
1998-09-05/05:08:25      50.7000      34.3200      9.66000      66.0000      1.78538     0.406737    0.0284668
1998-09-05/05:08:45      51.0800      35.8500      9.72000      72.0000      2.72835     0.309017    0.0452881
1998-09-05/05:09:05      49.3200      36.1000      9.69000      77.0000      1.31060     0.224951    0.0222880
1998-09-05/05:09:24      50.4000      36.8600      9.64000      62.0000      6.40714     0.469472    0.0987362
1998-09-05/05:09:45      50.9600      37.3400      10.1600      32.0000      2.72951     0.848048    0.0252448
1998-09-05/05:10:05      49.8000      38.3500      10.0300      64.0000      1.86319     0.438371    0.0292277
1998-09-05/05:10:25      49.6300      39.7600      10.3400      48.0000      3.97424     0.669131    0.0515472
1998-09-05/05:10:45      49.0300      40.9600      9.39000      78.0000      1.71735     0.207912    0.0293184
1998-09-05/05:11:05      48.8400      42.1400      9.60000      84.0000      2.47527     0.104528    0.0429650
1998-09-05/05:11:25      48.8100      43.0900      9.68000      87.0000      1.80828    0.0523359    0.0315172
1998-09-05/05:11:45      49.0000      44.0100      9.41000      72.0000      3.13206     0.309017    0.0519893
1998-09-05/05:12:04      48.8500      44.8300      8.90000      99.0000      2.70037     0.156434    0.0465501
1998-09-05/05:12:24      48.9500      45.7400      9.46000      79.0000      2.78705     0.190809    0.0477495
1998-09-05/05:12:44      49.3800      46.4500      9.34000      85.0000      11.0239    0.0871558     0.191671
1998-09-05/05:13:04      48.7800      47.6200      9.60000      74.0000      4.30197     0.275637    0.0721749
1998-09-05/05:13:25      48.3500      48.5100      9.60000      51.0000      5.03044     0.629320    0.0682317
1998-09-05/05:13:45      48.2200      49.5000      9.59000      83.0000      5.56962     0.121869    0.0964836
1998-09-05/05:14:05      48.4100      50.6900      9.67000      73.0000      4.73724     0.292372    0.0790677
1998-09-05/05:14:25      48.5900      51.7200      9.58000      62.0000      4.00009     0.469472    0.0616428
1998-09-05/05:14:46      48.8300      52.7100      9.54000      79.0000      3.50410     0.190809    0.0600344
1998-09-05/05:15:06      49.2900      54.1200      9.36000      62.0000      4.45875     0.469472    0.0687109
1998-09-05/05:15:26      49.8600      55.3200      9.67000      68.0000      2.41315     0.374607    0.0390506
1998-09-05/05:15:46      49.7700      56.6600      9.88000      75.0000      8.54881     0.258819     0.144121
1998-09-05/05:16:05      50.5600      57.8700      9.45000      78.0000      2.09172     0.207912    0.0357096
1998-09-05/05:16:25      50.9900      59.1400      9.51000      72.0000      3.13206     0.309017    0.0519893
1998-09-05/05:16:45      51.1800      60.3800      9.42000      73.0000      2.84991     0.292372    0.0475669
1998-09-05/05:17:05      51.9000      61.3700      8.26000      71.0000      3.59103     0.325568    0.0592607
1998-09-05/05:17:26      52.9000      62.3500      8.92000      73.0000      3.60398     0.292372    0.0601528
1998-09-05/05:17:46      55.1500      63.4900      8.87000      80.0000      2.86740     0.173648    0.0492853
1998-09-05/05:18:06      52.9900      64.1600      8.16000      74.0000      4.72693     0.275637    0.0793046
1998-09-05/05:18:26      53.3100      65.8900      9.81000      73.0000      3.76704     0.292372    0.0628744
1998-09-05/05:18:45      57.6100      67.7600      9.30000      78.0000      1.63026     0.207912    0.0278316
1998-09-05/05:19:05      62.5900      68.5500      8.96000      84.0000      2.40810     0.104528    0.0417990
1998-09-05/05:19:25      61.5100      69.3300      9.16000      73.0000      3.07495     0.292372    0.0513230
1998-09-05/05:19:45      65.6600      70.1900      9.44000      69.0000      2.73958     0.358368    0.0446389
1998-09-05/05:20:06      69.8100      70.6700      8.78000      68.0000      2.32941     0.374607    0.0376955
1998-09-05/05:41:26      240.040      56.2300      9.30000      118.000      3.01293     0.469472    0.0464303
1998-09-05/05:41:46      238.910      54.7100      9.27000      116.000      2.93375     0.438371    0.0460215
1998-09-05/05:42:06      236.250      52.7300      9.77000      116.000      2.35343     0.438371    0.0369181
1998-09-05/05:42:26      237.060      51.9400      9.08000      115.000      2.46981     0.422618    0.0390676
1998-09-05/05:42:45      235.290      50.5400      8.98000      115.000      2.46981     0.422618    0.0390676
1998-09-05/05:43:05      234.470      49.2800      9.16000      118.000      2.42354     0.469472    0.0373476
1998-09-05/05:43:25      232.370      47.3300      8.66000      115.000      2.62014     0.422618    0.0414455
1998-09-05/05:43:45      232.000      45.9200      8.36000      111.000      2.32941     0.358368    0.0379555
1998-09-05/05:44:06      231.970      44.7200      8.72000      110.000      2.39465     0.342020    0.0392740
1998-09-05/05:44:26      231.580      43.6300      7.74000      110.000      2.35372     0.342020    0.0386027
1998-09-05/05:44:46      231.230      42.4300      6.90000      118.000      3.30730     0.469472    0.0509666
1998-09-05/05:45:06      231.380      41.3700      7.62000      123.000      1.64087     0.544639    0.0240183
1998-09-05/05:45:25      231.790      40.8000      8.38000      129.000      4.10091     0.629321    0.0556237
1998-09-05/05:45:45      230.850      39.4000      8.88000      142.000      2.87535     0.788011    0.0308966
1998-09-05/05:46:05      230.440      38.5300      8.24000      127.000      3.96993     0.601815    0.0553361
1998-09-05/05:46:25      230.170      37.8600      7.64000      120.000      3.05288     0.500000    0.0461443
1998-09-05/05:46:46      229.730      36.6900      7.93000      122.000      2.74913     0.529919    0.0406905
1998-09-05/05:47:06      229.540      35.7700      8.34000      129.000      4.25829     0.629321    0.0577584
1998-09-05/05:47:26      228.470      34.1700      8.55000      122.000      2.93854     0.529919    0.0434940
1998-09-05/05:47:46      228.960      33.3700      8.44000      125.000      3.85072     0.573576    0.0550534
1998-09-05/05:48:05      228.710      32.3100      8.39000      129.000      3.81963     0.629321    0.0518085
1998-09-05/05:48:25      228.240      31.1700      8.56000      135.000      1.91243     0.707107    0.0236020
1998-09-05/05:48:45      227.000      29.4000      8.54000      126.000      3.91933     0.587785    0.0553410
1998-09-05/05:49:05      227.130      27.7900      8.39000      117.000      3.04900     0.453991    0.0474150
1998-09-05/05:49:26      227.360      26.4700      8.30000      122.000      3.39229     0.529919    0.0502101
1998-09-05/05:49:46      227.830      25.5800      8.35000      120.000      2.75537     0.500000    0.0416474
1998-09-05/05:50:06      228.130      24.7700      8.21000      121.000      2.94793     0.515038    0.0441022
1998-09-05/05:50:26      227.990      24.1700      8.14000      126.000      4.83331     0.587785    0.0682464
1998-09-05/05:50:45      227.460      23.1300      8.23000      131.000      4.60264     0.656059    0.0606267
1998-09-05/05:51:05      226.580      21.7400      8.18000      126.000      6.22073     0.587785    0.0878368
1998-09-05/05:51:25      226.430      20.4100      8.44000      127.000      4.13394     0.601815    0.0576222
1998-09-05/05:51:45      225.910      19.0200      8.43000      122.000      2.48027     0.529919    0.0367110
1998-09-05/05:52:06      225.880      17.4400      8.41000      114.000      2.26885     0.406737    0.0361754
1998-09-05/05:52:26      225.750      15.9300      8.43000      106.000      2.45874     0.275637    0.0412507
1998-09-05/05:52:46      225.520      14.5200      8.33000      105.000      2.14212     0.258819    0.0361131
1998-09-05/05:53:06      225.460      13.2300      8.30000      107.000      1.99452     0.292372    0.0332899
1998-09-05/05:53:26      225.420      12.0200      8.25000      111.000      1.97620     0.358368    0.0322003
1998-09-05/05:53:46      225.360      10.7200      8.19000      108.000      2.51776     0.309017    0.0417925
1998-09-05/05:54:06      225.300      9.61000      8.18000      108.000      2.61726     0.309017    0.0434441
1998-09-05/05:54:26      225.280      8.57000      8.18000      108.000      2.85097     0.309017    0.0473234
1998-09-05/05:54:46      225.170      7.45000      8.28000      102.000      1.73073     0.207912    0.0295468
1998-09-05/05:55:06      224.950      6.43000      6.23000      101.000      1.63026     0.190809    0.0279306
1998-09-05/05:55:26      224.770      5.47000      6.66000      96.0000      2.27516     0.104529    0.0394915
1998-09-05/05:55:46      224.660      4.48000      7.02000      100.000      1.74092     0.173648    0.0299232
1998-09-05/05:56:06      224.660      3.54000      7.51000      103.000      1.65840     0.224951    0.0282027
1998-09-05/05:56:26      224.580      2.58000      8.32000      106.000      2.94420     0.275637    0.0493954
1998-09-05/05:56:46      224.790      1.59000      8.48000      112.000      1.74712     0.374607    0.0282726
1998-09-05/05:57:06      225.040     0.950000      8.38000      117.000      2.93155     0.453991    0.0455885
1998-09-05/05:57:26      224.640     0.130000      8.53000      118.000      3.42319     0.469472    0.0527525
1998-09-05/05:57:46      224.290     -1.13000      8.38000      111.000      2.59786     0.358368    0.0423297
1998-09-05/05:58:06      224.080     -2.45000      8.48000      113.000      1.87336     0.390731    0.0300971
1998-09-05/06:36:25      64.1200     -66.0700      8.78000      109.000      4.71565     0.325568    0.0778196
1998-09-05/06:36:45      59.0500     -64.4800      9.23000      114.000      2.85912     0.406737    0.0455869
1998-09-05/06:37:05      55.4600     -62.9700      9.70000      111.000      2.89320     0.358368    0.0471420
1998-09-05/06:37:24      52.8400     -61.2500      9.43000      117.000      6.12295     0.453991    0.0952180
1998-09-05/06:37:44      52.1000     -59.7800      8.57000      148.000      8.11211     0.848048    0.0750276
1998-09-05/06:38:04      54.3200     -59.6000      8.65000      114.000      3.21946     0.406737    0.0513323
1998-09-05/06:38:25      53.1500     -58.4100      8.69000      120.000      2.97762     0.500000    0.0450067
1998-09-05/06:38:45      51.3200     -56.5800      8.34000      117.000      3.38384     0.453991    0.0526221
1998-09-05/06:39:05      50.2500     -54.9600      8.23000      107.000      3.22839     0.292372    0.0538840
1998-09-05/06:39:25      50.1300     -53.9500      8.14000      117.000      5.09721     0.453991    0.0792667
1998-09-05/06:39:45      50.1600     -53.0300      8.35000      116.000      3.56278     0.438371    0.0558890
1998-09-05/06:40:04      49.8100     -51.9200      8.42000      113.000      1.39088     0.390731    0.0223457
1998-09-05/06:40:24      49.7800     -51.0900      8.16000      97.0000      3.54206     0.121869    0.0613598
1998-09-05/06:40:45      49.5200     -50.0900      7.98000      110.000      3.03986     0.342020    0.0498559
1998-09-05/06:41:05      49.0500     -48.8200      8.06000      109.000      3.18880     0.325568    0.0526229
1998-09-05/06:41:25      48.3100     -47.2300      7.91000      107.000      2.80513     0.292372    0.0468195
1998-09-05/06:41:45      47.5900     -45.8200      7.88000      103.000      2.08650     0.224951    0.0354829
1998-09-05/09:04:46      44.1200      36.5500      7.97000      116.000      2.75008     0.438371    0.0431403
1998-09-05/09:05:06      46.7000      37.8100      8.01000      112.000      1.68015     0.374607    0.0271889
1998-09-05/09:05:26      46.3800      38.3300      8.10000      111.000      2.37731     0.358368    0.0387360
1998-09-05/09:05:46      45.6100      40.7000      8.12000      108.000      2.51776     0.309017    0.0417925
1998-09-05/09:06:06      44.7600      41.3500      7.83000      109.000      2.57545     0.325568    0.0425011
1998-09-05/09:06:26      44.0600      42.6200      7.76000      122.000      2.19844     0.529919    0.0325396
1998-09-05/09:06:46      43.7700      44.0200      7.79000      115.000      2.26287     0.422618    0.0357942
1998-09-05/09:07:06      44.4100      45.1100      7.66000      114.000      1.94222     0.406737    0.0309675
1998-09-05/09:07:26      44.6600      46.2800      7.61000      110.000      2.65743     0.342020    0.0435838
1998-09-05/09:07:46      47.6000      48.1700      7.96000      110.000      2.32336     0.342020    0.0381048
1998-09-05/09:08:06      48.8500      49.3500      8.05000      105.000      2.46569     0.258819    0.0415680
1998-09-05/09:35:06      247.400      62.8200      8.09000      60.0000      2.72378     0.500000    0.0411699
1998-09-05/09:35:26      242.960      60.9600      7.82000      62.0000      2.70413     0.469472    0.0416716
1998-09-05/09:35:46      236.540      58.0100      16.6500      67.0000      1.47353     0.390731    0.0236735
1998-09-05/09:36:06      236.900      57.4100      13.3700      67.0000      1.42458     0.390731    0.0228871
1998-09-05/09:36:26      232.660      54.9600      9.78000      68.0000      1.86614     0.374607    0.0301986
1998-09-05/09:36:46      231.530      53.3700      7.85000      68.0000      1.76109     0.374607    0.0284987
1998-09-05/09:37:06      230.800      52.1000      5.73000      68.0000      1.76109     0.374607    0.0284987
1998-09-05/09:37:26      230.120      50.9800      7.74000      69.0000      2.20291     0.358368    0.0358943
1998-09-05/09:37:46      229.820      49.7700      7.99000      71.0000      1.95945     0.325568    0.0323357
1998-09-05/09:38:06      228.810      48.2500      7.73000      68.0000      1.86614     0.374607    0.0301986
1998-09-05/09:38:26      228.090      46.9100      7.99000      66.0000      1.20991     0.406737    0.0192913
1998-09-05/09:38:46      227.760      45.8100      8.02000      60.0000      2.80616     0.500000    0.0424151
1998-09-05/09:39:06      227.180      44.7300      7.88000      50.0000      2.78939     0.642788    0.0372941
1998-09-05/09:39:26      226.480      43.5600      7.63000      66.0000      1.78538     0.406737    0.0284668
1998-09-05/09:39:46      226.030      42.6600      7.89000      71.0000      2.25162     0.325568    0.0371572
1998-09-05/09:40:06      226.050      41.8100      7.79000      70.0000      2.51082     0.342020    0.0411793
1998-09-05/09:40:26      225.990      40.7800      7.56000      75.0000      2.65779     0.258819    0.0448066
1998-09-05/09:40:46      225.850      39.7100      7.58000      75.0000      2.35032     0.258819    0.0396231
1998-09-05/09:41:06      225.430      38.5100      7.50000      69.0000      2.27385     0.358368    0.0370502
1998-09-05/09:41:26      225.140      37.4300      8.13000      55.0000      1.99801     0.573576    0.0285654
1998-09-05/09:41:46      225.020      36.4100      7.95000      53.0000      2.90571     0.601815    0.0405022
1998-09-05/09:42:06      224.760      35.2500      7.68000      67.0000      1.68015     0.390731    0.0269930
1998-09-05/09:42:26      224.710      34.1400      7.94000      69.0000      2.83141     0.358368    0.0461351
1998-09-05/09:42:46      224.510      33.0000      8.26000      66.0000      1.53310     0.406737    0.0244443
1998-09-05/09:43:06      224.280      31.8300      8.58000      65.0000      2.74282     0.422618    0.0433861
1998-09-05/09:43:26      224.090      30.6400      8.75000      71.0000      2.34566     0.325568    0.0387090
1998-09-05/09:43:46      223.880      29.4900      8.23000      69.0000      2.55790     0.358368    0.0416786
1998-09-05/09:44:06      223.680      28.3300      8.46000      64.0000      2.69276     0.438371    0.0422411
1998-09-05/09:44:26      223.560      27.1700      8.89000      69.0000      2.73958     0.358368    0.0446389
1998-09-05/09:44:46      223.500      26.0900      8.54000      69.0000      2.39465     0.358368    0.0390186
1998-09-05/09:45:06      223.460      25.0400      7.91000      70.0000      3.11900     0.342020    0.0511539
1998-09-05/09:45:26      223.350      23.9300      8.19000      46.0000      2.70353     0.694658    0.0339424
1998-09-05/09:45:46      223.200      22.8500      8.33000      69.0000      2.55790     0.358368    0.0416786
1998-09-05/09:46:06      223.120      21.7900      7.79000      62.0000      3.04900     0.469472    0.0469861
1998-09-05/09:46:26      223.040      20.7800      7.70000      68.0000      2.37731     0.374607    0.0384706
1998-09-05/09:46:46      222.850      19.6700      7.53000      72.0000      2.72835     0.309017    0.0452881
1998-09-05/09:47:06      222.760      18.4900      7.43000      81.0000      3.85170     0.156434    0.0663972
1998-09-05/09:47:26      222.710      17.3000      7.68000      72.0000      3.43378     0.309017    0.0569975
1998-09-05/09:47:46      222.640      16.1200      7.30000      74.0000      4.88719     0.275637    0.0819933
1998-09-05/09:48:06      222.560      14.9800      7.38000      81.0000      5.29420     0.156434    0.0912636
1998-09-05/09:48:26      222.450      13.8400      7.87000      98.0000      3.27851     0.139173    0.0566639
1998-09-05/09:48:46      222.380      12.7300      6.86000      88.0000      1.72870    0.0348994    0.0301531
1998-09-05/09:49:06      222.260      11.6600      6.90000      72.0000      3.29316     0.309017    0.0546634
1998-09-05/09:49:26      222.160      10.5900      7.05000      78.0000      3.38606     0.207912    0.0578065
1998-09-05/09:49:46      222.160      9.56000      7.04000      97.0000      3.05153     0.121869    0.0528623
1998-09-05/09:50:06      222.190      8.51000      6.46000      84.0000      3.72461     0.104528    0.0646506
1998-09-05/09:50:26      222.230      7.43000      6.91000      84.0000      3.56113     0.104528    0.0618130
1998-09-05/09:50:46      222.260      6.37000      5.94000      72.0000      4.67314     0.309017    0.0775698
1998-09-05/09:51:06      222.280      5.27000      5.88000      87.0000      1.97205    0.0523359    0.0343716
1998-09-05/09:51:26      222.290      4.18000      5.65000      107.000      2.56265     0.292372    0.0427723
1998-09-05/09:51:46      222.280      3.08000      5.79000      87.0000      2.18475    0.0523359    0.0380788
1998-09-05/09:52:06      222.280      1.95000      8.66000      91.0000      1.61460    0.0174525    0.0281758
1998-09-05/09:52:26      222.240     0.830000      8.66000      100.000      2.17704     0.173648    0.0374193
1998-09-05/09:52:46      222.210    -0.290000      8.70000      81.0000      3.37386     0.156434    0.0581600
1998-09-05/09:53:06      222.190     -1.41000      8.88000      88.0000      1.56751    0.0348994    0.0273415
1998-09-05/09:53:26      222.150     -2.45000      8.42000      91.0000      1.41036    0.0174525    0.0246117
1998-09-05/09:53:46      222.130     -3.56000      8.70000      79.0000      1.74092     0.190809    0.0298265
1998-09-05/09:54:06      222.160     -4.64000      8.64000      66.0000      1.92248     0.406737    0.0306527
1998-09-05/09:54:26      222.180     -5.72000      8.78000      49.0000      3.97021     0.656059    0.0522963
1998-09-05/09:54:46      222.210     -6.82000      8.69000      64.0000      3.09391     0.438371    0.0485339
1998-09-05/09:55:06      222.230     -7.90000      8.49000      57.0000      3.12708     0.544639    0.0457728
1998-09-05/09:55:26      222.260     -8.96000      8.56000      56.0000      1.61630     0.559193    0.0233869
1998-09-05/09:55:46      222.270     -10.0100      8.44000      70.0000      3.04196     0.342020    0.0498904
1998-09-05/09:56:06      222.290     -11.0700      8.40000      91.0000      1.61460    0.0174525    0.0281758
1998-09-05/09:56:26      222.320     -12.1500      8.66000      69.0000      2.78623     0.358368    0.0453990
1998-09-05/09:56:46      222.340     -13.2400      7.97000      71.0000      3.27522     0.325568    0.0540490
1998-09-05/09:57:06      222.340     -14.3400      8.44000      68.0000      1.97620     0.374607    0.0319797
1998-09-05/09:57:26      222.320     -15.4500      9.73000      66.0000      1.87336     0.406737    0.0298696
1998-09-05/09:57:46      222.310     -16.5400      8.49000      53.0000      4.02896     0.601815    0.0561590
1998-09-05/09:58:06      222.300     -17.6200      7.88000      60.0000      2.55857     0.500000    0.0386728
1998-09-05/09:58:26      222.280     -18.7100      8.20000      68.0000      2.25057     0.374607    0.0364197
1998-09-05/09:58:46      222.250     -19.7700      7.79000      69.0000      3.10278     0.358368    0.0505569
1998-09-05/09:59:06      222.200     -20.8300      8.20000      58.0000      3.13232     0.529919    0.0463622
1998-09-05/09:59:26      222.150     -21.8600      7.68000      70.0000      3.04196     0.342020    0.0498904
1998-09-05/09:59:46      222.160     -22.9100      8.47000      63.0000      2.75008     0.453990    0.0427665
1998-09-05/10:00:06      222.200     -24.0000      8.76000      65.0000      4.12941     0.422618    0.0653192
1998-09-05/10:00:26      222.250     -25.0900      8.39000      70.0000      2.83748     0.342020    0.0465367
1998-09-05/10:00:46      222.310     -26.2100      8.67000      68.0000      2.25057     0.374607    0.0364197
1998-09-05/10:01:06      222.330     -27.3200      9.05000      72.0000      2.72835     0.309017    0.0452881
1998-09-05/10:01:26      222.360     -28.3900      9.19000      70.0000      2.25531     0.342020    0.0369887
1998-09-05/10:01:46      222.370     -29.4700      8.75000      83.0000      2.51410     0.121869    0.0435523
1998-09-05/10:02:06      222.450     -30.5700      8.68000      80.0000      3.10816     0.173648    0.0534235
1998-09-05/10:02:26      222.560     -31.7000      8.68000      54.0000      2.12168     0.587785    0.0299581
1998-09-05/10:02:46      222.690     -32.9000      11.0600      63.0000      2.04763     0.453990    0.0318427
1998-09-05/10:03:06      222.780     -34.0700      10.1300      69.0000      2.32336     0.358368    0.0378569
1998-09-05/10:03:26      222.820     -35.2000      9.32000      63.0000      2.61791     0.453990    0.0407111
1998-09-05/10:03:46      222.840     -36.2900      9.04000      75.0000      2.18875     0.258819    0.0368992
1998-09-05/10:04:06      222.880     -37.3600      9.62000      45.0000      1.80289     0.707107    0.0222501
1998-09-05/10:04:26      222.960     -38.4700      8.95000      51.0000      3.07219     0.629320    0.0416704
1998-09-05/10:04:46      223.020     -39.5700      7.69000      66.0000      1.31741     0.406737    0.0210053
1998-09-05/10:05:06      223.050     -40.6500      7.03000      74.0000      2.34766     0.275637    0.0393871
1998-09-05/10:05:26      223.040     -41.7300      7.78000      69.0000      2.35372     0.358368    0.0383516
1998-09-05/10:05:46      223.120     -42.7600      8.87000      53.0000      2.78934     0.601815    0.0388801
1998-09-05/10:06:06      223.240     -43.8400      8.28000      64.0000      2.36999     0.438371    0.0371778
1998-09-05/10:06:26      223.380     -44.9200      7.92000      54.0000      2.29797     0.587785    0.0324474
1998-09-05/10:06:46      223.510     -45.9700      7.80000      57.0000      2.40317     0.544639    0.0351766
1998-09-05/10:07:06      223.690     -47.0200      7.70000      64.0000      2.78826     0.438371    0.0437392
1998-09-05/10:07:26      223.890     -48.1200      7.30000      69.0000      2.39465     0.358368    0.0390186
1998-09-05/10:07:46      224.120     -49.2400      7.56000      62.0000      4.00009     0.469472    0.0616428
1998-09-05/10:08:06      224.460     -50.4000      6.81000      66.0000      1.69368     0.406737    0.0270047
1998-09-05/10:08:26      224.690     -51.5600      7.36000      69.0000      6.49552     0.358368     0.105838
1998-09-05/10:08:46      224.940     -52.6800      8.57000      53.0000      3.29175     0.601815    0.0458831
1998-09-05/10:09:06      225.150     -53.8200      8.60000      65.0000      2.26885     0.422618    0.0358888
1998-09-05/10:09:26      225.420     -54.9200      7.67000      68.0000      3.93253     0.374607    0.0636378
1998-09-05/10:09:46      225.950     -56.1300      7.57000      69.0000      4.37406     0.358368    0.0712712
1998-09-05/10:10:06      226.500     -57.3300      8.02000      72.0000      3.59803     0.309017    0.0597240
1998-09-05/10:10:26      226.840     -58.4000      5.94000      70.0000      3.63450     0.342020    0.0596085
1998-09-05/10:10:46      227.280     -59.5600      4.91000      59.0000      6.65376     0.515038    0.0995428
1998-09-05/10:11:06      227.160     -60.5900      5.55000      35.0000      3.07767     0.819152    0.0308099
1998-09-05/10:11:26      228.040     -61.7600      6.55000      49.0000      3.08779     0.656059    0.0406729
1998-09-05/10:11:46      228.740     -63.6900      7.18000      63.0000      5.66333     0.453990    0.0880704
1998-09-05/10:12:06      231.390     -65.3000      6.76000      68.0000      3.06196     0.374607    0.0495499
1998-09-05/10:34:46      61.5800     -59.0600      7.05000      92.0000      2.07784    0.0348995    0.0362431
1998-09-05/10:35:06      56.0200     -56.6400      7.19000      112.000      2.54874     0.374607    0.0412448
1998-09-05/10:35:26      52.9400     -54.4700      6.98000      113.000      1.97323     0.390731    0.0317016
1998-09-05/10:35:46      51.2700     -52.8500      6.96000      106.000      3.76704     0.275637    0.0632003
1998-09-05/10:36:26      49.7500     -50.1200      6.89000      110.000      4.47342     0.342020    0.0733674
1998-09-05/10:55:46      41.7900      15.5200      7.22000      107.000      7.75774     0.292372     0.129482
1998-09-05/10:56:06      41.8700      16.6200      7.22000      108.000      5.83238     0.309017    0.0968121
1998-09-05/10:56:26      41.9300      17.7000      7.21000      109.000      2.97829     0.325568    0.0491490
1998-09-05/10:56:46      42.0100      18.8200      7.39000      101.000      1.78652     0.190809    0.0306078
1998-09-05/10:57:06      42.0200      19.8400      7.54000      95.0000      3.64144    0.0871559    0.0633133
1998-09-05/10:57:26      41.9900      20.8500      7.86000      99.0000      2.78112     0.156434    0.0479421
1998-09-05/10:57:46      41.9700      21.8700      7.76000      109.000      5.50232     0.325568    0.0908016
1998-09-05/11:00:06      42.7500      29.5100      7.76000      117.000      22.6838     0.453991     0.352756
1998-09-05/11:02:06      43.2900      36.1100      7.58000      102.000      2.45751     0.207912    0.0419544
1998-09-05/11:02:26      43.4000      37.2600      7.26000      116.000      4.18389     0.438371    0.0656323
1998-09-05/11:02:46      43.4000      38.3200      6.94000      127.000      3.32400     0.601815    0.0463326
1998-09-05/11:03:06      43.4900      39.3800      6.61000      94.0000      3.87326    0.0697566    0.0674365
1998-09-05/11:03:46      43.8300      41.5000      4.52000      107.000      2.89541     0.292372    0.0483263
1998-09-05/11:04:06      44.0500      42.6500      3.66000      104.000      4.98392     0.241922    0.0844020
1998-09-05/11:04:26      44.2200      43.8100      4.13000      101.000      6.25533     0.190809     0.107170
1998-09-05/11:04:46      44.3700      45.0000      4.89000      101.000      2.52565     0.190809    0.0432710
1998-09-05/11:05:06      44.5000      46.1500      4.61000      98.0000      3.85170     0.139173    0.0665706
1998-09-05/11:05:27      44.6700      47.4200      5.07000      101.000      2.28375     0.190809    0.0391266
1998-09-05/11:05:47      44.7100      48.5600      5.21000      102.000      1.92393     0.207912    0.0328451
1998-09-05/11:06:07      44.7500      49.7100      5.04000      99.0000      9.68878     0.156434     0.167019
1998-09-05/11:06:27      44.7400      50.8500      6.49000      91.0000      1.82906    0.0174525    0.0319183
1998-09-05/11:06:46      44.8800      52.0300      6.43000      104.000      3.29861     0.241922    0.0558615
1998-09-05/11:07:06      45.0200      53.1700      5.64000      108.000      2.94697     0.309017    0.0489170
1998-09-05/11:07:26      45.2500      54.3500      7.79000      106.000      2.76827     0.275637    0.0464438
1998-09-05/11:07:46      45.5400      55.4900      6.98000      105.000      3.26672     0.258819    0.0550723
1998-09-05/11:08:07      45.9100      56.7300      6.87000      99.0000      3.45414     0.156434    0.0595439
1998-09-05/11:08:27      46.2700      57.8900      6.92000      98.0000      7.14654     0.139173     0.123517
1998-09-05/11:08:47      46.6900      59.0900      7.06000      102.000      19.1297     0.207912     0.326580
1998-09-05/11:09:07      47.2200      60.2800      7.36000      106.000      26.2936     0.275637     0.441133
1998-09-05/11:09:26      47.7600      61.4300      7.45000      105.000      20.0866     0.258819     0.338632
1998-09-05/11:30:07      253.010      71.0000      7.64000      67.0000      4.59444     0.390731    0.0738135
1998-09-05/11:30:27      244.920      69.1200      7.10000      68.0000      3.19789     0.374607    0.0517496
1998-09-05/11:30:47      240.290      67.5800      7.25000      31.0000      4.89593     0.857167    0.0440101
1998-09-05/11:31:07      237.190      66.2000      7.30000      67.0000      1.74712     0.390731    0.0280690
1998-09-05/11:31:27      235.190      64.6000      7.30000      53.0000      3.07954     0.601815    0.0429252
1998-09-05/11:31:47      232.770      63.0900      7.11000      65.0000      4.12941     0.422618    0.0653192
1998-09-05/11:32:07      231.510      61.7700      6.18000      50.0000      3.29006     0.642788    0.0439881
1998-09-05/11:32:27      230.370      60.3200      9.01000      67.0000      1.98706     0.390731    0.0319238
1998-09-05/11:32:47      229.260      58.9500      9.66000      65.0000      2.00852     0.422618    0.0317709
1998-09-05/11:33:07      228.250      57.5900      10.2500      69.0000      2.20291     0.358368    0.0358943
1998-09-05/11:33:27      227.430      56.3300      11.5600      68.0000      2.09106     0.374607    0.0338384
1998-09-05/11:33:47      226.720      55.0500      10.3300      68.0000      3.06196     0.374607    0.0495499
1998-09-05/11:34:07      226.110      53.7600      8.44000      68.0000      1.66429     0.374607    0.0269322
1998-09-05/11:34:27      225.660      52.5400      10.4500      65.0000      2.00852     0.422618    0.0317709
1998-09-05/11:34:47      225.200      51.2800      10.7200      69.0000      2.83141     0.358368    0.0461351
1998-09-05/11:35:07      224.810      50.0800      9.97000      77.0000      1.80454     0.224951    0.0306879
1998-09-05/11:35:27      224.510      48.8900      10.9300      79.0000      2.47242     0.190809    0.0423590
1998-09-05/11:35:47      224.190      47.7200      10.4300      71.0000      2.51776     0.325568    0.0415491
1998-09-05/11:36:07      223.910      46.6000      9.61000      79.0000      1.86391     0.190809    0.0319337
1998-09-05/11:36:27      223.620      45.4000      9.05000      75.0000      2.26526     0.258819    0.0381891
1998-09-05/11:36:47      223.350      44.2300      9.28000      70.0000      2.46527     0.342020    0.0404322
1998-09-05/11:37:07      223.160      43.0700      9.49000      71.0000      2.88853     0.325568    0.0476677
1998-09-05/11:37:28      222.930      41.9100      9.79000      79.0000      2.01648     0.190809    0.0345476
1998-09-05/11:37:48      222.710      40.7900      9.93000      77.0000      1.22979     0.224951    0.0209138
1998-09-05/11:38:08      222.560      39.6700      9.80000      78.0000      1.30014     0.207912    0.0221959
1998-09-05/11:38:28      222.400      38.5800      11.0900      79.0000      1.79598     0.190809    0.0307699
1998-09-05/11:38:47      222.250      37.5100      11.4100      75.0000      2.10729     0.258819    0.0355259
1998-09-05/11:39:07      222.090      36.4100      10.7100      79.0000      1.66439     0.190809    0.0285154
1998-09-05/11:39:27      221.900      35.2900      10.2500      72.0000      2.08872     0.309017    0.0346708
1998-09-05/11:39:47      221.770      34.1900      10.1200      66.0000      1.46827     0.406737    0.0234106
1998-09-05/11:40:08      221.640      33.0000      9.54000      74.0000      2.34766     0.275637    0.0393871
1998-09-05/11:40:28      221.500      31.9100      9.38000      72.0000      3.59803     0.309017    0.0597240
1998-09-05/11:40:48      221.450      30.7900      9.49000      69.0000      3.07254     0.358368    0.0500641
1998-09-05/11:41:08      221.360      29.6700      9.64000      65.0000      2.05132     0.422618    0.0324479
1998-09-05/11:41:27      221.290      28.6000      9.63000      77.0000      1.60103     0.224951    0.0272271
1998-09-05/11:41:47      221.260      27.5200      9.49000      81.0000      2.91341     0.156434    0.0502226
1998-09-05/11:42:07      221.280      26.3700      9.14000      84.0000      2.40810     0.104528    0.0417990
1998-09-05/11:42:27      221.270      25.2600      9.09000      65.0000      2.46245     0.422618    0.0389512
1998-09-05/11:42:48      221.280      24.0800      9.47000      83.0000      2.27516     0.121869    0.0394130
1998-09-05/11:43:08      221.340      22.9300      10.3800      70.0000      3.04196     0.342020    0.0498904
1998-09-05/11:43:28      221.390      21.8000      10.9500      76.0000      2.53537     0.241922    0.0429361
1998-09-05/11:43:48      221.430      20.7000      10.3000      79.0000      2.10644     0.190809    0.0360889
1998-09-05/11:44:07      221.440      19.6600      9.02000      67.0000      1.86436     0.390731    0.0299525
1998-09-05/11:44:27      221.450      18.6100      8.74000      80.0000      2.13412     0.173648    0.0366815
1998-09-05/11:44:47      221.460      17.5500      9.51000      73.0000      2.76827     0.292372    0.0462043
1998-09-05/11:45:07      221.440      16.4800      9.89000      70.0000      2.65359     0.342020    0.0435208
1998-09-05/11:45:28      221.410      15.4000      9.74000      73.0000      2.68499     0.292372    0.0448143
1998-09-05/11:45:48      221.340      14.3700      9.84000      86.0000      2.55494    0.0697565    0.0444835
1998-09-05/11:46:08      221.240      13.3300      10.0000      93.0000      4.11658    0.0523359    0.0717494
1998-09-05/11:46:28      221.120      12.2600      9.69000      66.0000      3.00172     0.406737    0.0478606
1998-09-05/11:46:47      221.030      11.2500      9.51000      63.0000      3.45764     0.453990    0.0537698
1998-09-05/11:47:07      220.940      10.2100      9.52000      46.0000      2.81077     0.694658    0.0352888
1998-09-05/11:47:27      220.880      9.19000      9.58000      79.0000      3.53087     0.190809    0.0604931
1998-09-05/11:48:08      220.780      6.99000      9.78000      94.0000      2.88913    0.0697566    0.0503020
1998-09-05/11:48:48      220.710      4.72000      9.22000      68.0000      3.19789     0.374607    0.0517496
1998-09-05/11:49:08      220.690      3.58000      9.18000      71.0000      2.88853     0.325568    0.0476677
1998-09-05/11:49:27      220.700      2.50000      10.0200      75.0000      3.92555     0.258819    0.0661792
1998-09-05/11:49:47      220.680      1.40000      9.89000      66.0000      1.64092     0.406737    0.0261634
1998-09-05/11:50:07      220.680     0.290000      9.62000      72.0000      2.44629     0.309017    0.0406061
1998-09-05/11:50:27      220.660    -0.810000      9.47000      75.0000      2.56031     0.258819    0.0431632
1998-09-05/11:50:48      220.670     -1.94000      9.48000      77.0000      1.80454     0.224951    0.0306879
1998-09-05/11:51:08      220.680     -3.02000      8.91000      67.0000      2.54874     0.390731    0.0409477
1998-09-05/11:51:28      220.710     -4.09000      9.04000      75.0000      2.35032     0.258819    0.0396231
1998-09-05/11:51:48      220.730     -5.16000      9.48000      76.0000      2.99630     0.241922    0.0507419
1998-09-05/11:52:08      220.750     -6.24000      10.1200      79.0000      2.68670     0.190809    0.0460302
1998-09-05/11:52:28      220.750     -7.29000      10.5900      65.0000      2.97444     0.422618    0.0470499
1998-09-05/11:52:48      220.730     -8.35000      10.2600      66.0000      2.19499     0.406737    0.0349977
1998-09-05/11:53:08      220.660     -9.39000      9.18000      76.0000      1.89749     0.241922    0.0321337
1998-09-05/11:53:28      220.600     -10.4300      9.63000      84.0000      3.40869     0.104528    0.0591670
1998-09-05/11:53:48      220.570     -11.5300      10.7800      64.0000      2.78826     0.438371    0.0437392
1998-09-05/11:54:08      220.530     -12.6400      9.72000      60.0000      3.00080     0.500000    0.0453571
1998-09-05/11:54:28      220.520     -13.7600      10.0900      61.0000      2.52996     0.484810    0.0386198
1998-09-05/11:54:48      220.520     -14.8800      9.90000      69.0000      2.73958     0.358368    0.0446389
1998-09-05/11:55:08      220.500     -15.9800      9.92000      73.0000      2.45874     0.292372    0.0410380
1998-09-05/11:55:28      220.500     -17.0700      9.86000      78.0000      1.48621     0.207912    0.0253724
1998-09-05/11:55:48      220.490     -18.1600      10.0900      70.0000      3.44885     0.342020    0.0565637
1998-09-05/11:56:08      220.490     -19.2100      10.0600      58.0000      3.13232     0.529919    0.0463622
1998-09-05/11:56:28      220.450     -20.3100      10.1800      55.0000      1.77427     0.573576    0.0253666
1998-09-05/11:56:48      220.400     -21.3800      10.3700      73.0000      4.31371     0.292372    0.0719987
1998-09-05/11:57:08      220.360     -22.4000      10.5400      66.0000      4.44103     0.406737    0.0708095
1998-09-05/11:57:28      220.370     -23.4500      10.0400      43.0000      2.31905     0.731354    0.0276039
1998-09-05/11:57:48      220.430     -24.4900      10.1200      81.0000      3.43655     0.156434    0.0592407
1998-09-05/11:58:08      220.510     -25.5700      10.2200      61.0000      3.20731     0.484810    0.0489596
1998-09-05/11:58:28      220.600     -26.6700      10.2600      57.0000      2.19844     0.544639    0.0321798
1998-09-05/11:58:48      220.680     -27.7500      10.3100      58.0000      2.80403     0.529919    0.0415031
1998-09-05/11:59:08      220.740     -28.8000      10.0300      70.0000      2.93767     0.342020    0.0481799
1998-09-05/11:59:28      220.810     -29.8200      10.4100      85.0000      3.73305    0.0871558    0.0649061
1998-09-05/11:59:48      220.930     -30.8500      10.0900      47.0000      4.47968     0.681998    0.0571810
1998-09-05/12:00:08      221.080     -31.9800      10.2700      63.0000      3.66487     0.453990    0.0569924
1998-09-05/12:00:28      221.240     -33.1400      10.1400      49.0000      2.34656     0.656059    0.0309093
1998-09-05/12:00:48      221.240     -34.3000      10.6800      28.0000      4.08095     0.882948    0.0334386
1998-09-05/12:01:08      221.250     -35.4100      9.71000      68.0000      1.92688     0.374607    0.0311816
1998-09-05/12:02:28      221.200     -39.8200      9.60000      46.0000      3.28870     0.694658    0.0412891
1998-09-05/12:02:48      221.190     -41.0500      9.62000      74.0000      2.68027     0.275637    0.0449674
1998-09-05/12:03:08      221.280     -42.2300      9.87000      68.0000      1.92688     0.374607    0.0311816
1998-09-05/12:03:28      221.360     -43.2700      8.46000      61.0000      2.71868     0.484810    0.0415006
1998-09-05/12:03:48      221.480     -44.3500      8.34000      74.0000      2.46569     0.275637    0.0413673
1998-09-05/12:04:08      221.690     -45.4400      8.63000      70.0000      2.46527     0.342020    0.0404322
1998-09-05/12:04:28      221.910     -46.5500      8.76000      78.0000      2.28375     0.207912    0.0389879
1998-09-05/12:04:48      222.230     -47.6900      9.42000      60.0000      3.07917     0.500000    0.0465416
1998-09-05/12:05:08      222.540     -48.8600      9.02000      64.0000      2.78826     0.438371    0.0437392
1998-09-05/12:05:28      222.990     -50.1200      9.18000      55.0000      1.77427     0.573576    0.0253666
1998-09-05/12:05:48      223.470     -51.3400      8.87000      56.0000      1.83647     0.559193    0.0265727
1998-09-05/12:06:08      223.910     -52.5000      8.33000      65.0000      2.46245     0.422618    0.0389512
1998-09-05/12:06:28      224.170     -53.5400      5.35000      64.0000      2.04489     0.438371    0.0320780
1998-09-05/12:06:48      224.360     -54.6100      5.21000      65.0000      1.85548     0.422618    0.0293501
1998-09-05/12:07:08      224.750     -55.8000      6.68000      67.0000      1.86436     0.390731    0.0299525
1998-09-05/12:07:28      225.650     -57.1800      7.21000      69.0000      2.20291     0.358368    0.0358943
1998-09-05/12:07:48      226.410     -58.5200      7.56000      61.0000      3.56851     0.484810    0.0544733
1998-09-05/12:08:08      226.860     -59.7200      6.92000      57.0000      2.74913     0.544639    0.0402406
1998-09-05/12:08:28      226.990     -60.8100      8.09000      51.0000      4.76905     0.629320    0.0646862
1998-09-05/12:08:48      227.130     -61.8500      7.22000      48.0000      4.49430     0.669131    0.0582925
1998-09-05/12:09:08      227.330     -62.9400      6.56000      60.0000      8.41045     0.500000     0.127124
1998-09-05/12:09:28      227.720     -64.0900      7.97000      76.0000      2.73067     0.241922    0.0462435
1998-09-05/12:09:48      228.410     -65.3000      9.52000      60.0000      3.17715     0.500000    0.0480226
1998-09-05/12:33:46      42.7200     -48.4800      9.96000      102.000      1.86721     0.207912    0.0318768
1998-09-05/12:34:06      42.5400     -47.4500      9.08000      110.000      2.55790     0.342020    0.0419514
1998-09-05/12:34:26      42.4300     -46.4200      7.79000      124.000      1.99801     0.559193    0.0289101
1998-09-05/12:34:46      42.1900     -45.1700      7.88000      120.000      4.01660     0.500000    0.0607109
1998-09-05/12:35:06      41.8500     -43.9500      8.22000      101.000      1.71735     0.190809    0.0294227
1998-09-05/12:35:26      41.6300     -42.8900      5.90000      132.000      2.54235     0.669131    0.0329751
1998-09-05/12:35:46      41.4800     -41.8500      6.48000      119.000      2.87886     0.484810    0.0439458
1998-09-05/12:36:26      41.2800     -39.7000      6.76000      93.0000      2.21888    0.0523359    0.0386737
1998-09-05/12:36:46      41.2500     -38.6200      7.18000      91.0000      1.41036    0.0174525    0.0246117
1998-09-05/12:38:46      40.7400     -32.0300      8.54000      100.000      2.47242     0.173648    0.0424963
1998-09-05/12:39:06      40.6900     -31.0100      9.49000      98.0000      3.37386     0.139173    0.0583119
1998-09-05/12:39:46      40.6300     -28.8500      8.53000      108.000      3.35424     0.309017    0.0556773
1998-09-05/12:40:06      40.6000     -27.7000      8.98000      92.0000      2.07784    0.0348995    0.0362431
1998-09-05/12:40:26      40.5600     -26.5900      9.34000      91.0000      1.70496    0.0174525    0.0297526
1998-09-05/12:40:46      40.5000     -25.5200      8.98000      91.0000      1.77038    0.0174525    0.0308943
1998-09-05/12:41:06      40.5000     -24.4600      8.69000      91.0000      1.72870    0.0174525    0.0301669
1998-09-05/12:41:27      40.5100     -23.3200      8.54000      99.0000      2.70037     0.156434    0.0465501
1998-09-05/12:41:47      40.4400     -22.1900      8.05000      111.000      2.47319     0.358368    0.0402983
1998-09-05/12:42:07      40.4400     -21.0500      8.74000      95.0000      3.29517    0.0871559    0.0572927
1998-09-05/12:42:27      40.3800     -19.9000      9.30000      97.0000      3.62364     0.121869    0.0627730
1998-09-05/12:42:46      40.3100     -18.8300      8.87000      108.000      4.07119     0.309017    0.0675780
1998-09-05/12:43:06      40.2600     -17.7300      9.75000      92.0000      1.92237    0.0348995    0.0335312
1998-09-05/12:43:46      40.2200     -15.5000      9.56000      92.0000      2.51267    0.0348995    0.0438276
1998-09-05/12:45:46      39.5000     -8.87000      9.07000      138.000      5.25326     0.743145    0.0613504
1998-09-05/12:46:06      39.4400     -7.78000      8.68000      110.000      3.17304     0.342020    0.0520402
1998-09-05/12:46:26      39.3900     -6.70000      8.85000      109.000      3.23959     0.325568    0.0534610
1998-09-05/12:46:47      39.3100     -5.59000      9.74000      104.000      9.29244     0.241922     0.157366
1998-09-05/12:47:07      39.2700     -4.56000      9.42000      146.000      6.40488     0.829038    0.0625101
1998-09-05/12:47:47      39.0600     -2.50000      9.12000      95.0000      2.71820    0.0871559    0.0472610
1998-09-05/12:48:06      39.1500     -1.42000      9.18000      113.000      2.10025     0.390731    0.0337423
1998-09-05/12:48:26      39.1300    -0.370000      8.50000      110.000      2.88719     0.342020    0.0473520
1998-09-05/12:48:47      39.1700     0.730000      9.23000      117.000      4.82079     0.453991    0.0749681
1998-09-05/12:49:27      39.1700      2.89000      9.90000      102.000      2.16385     0.207912    0.0369410
1998-09-05/12:49:47      39.1600      4.07000      10.2400      109.000      2.51082     0.325568    0.0414346
1998-09-05/12:50:07      39.1800      5.06000      10.1800      115.000      8.75206     0.422618     0.138441
1998-09-05/12:50:27      39.2200      6.08000      9.93000      128.000      3.45891     0.615661    0.0475717
1998-09-05/12:50:47      39.2000      7.09000      9.44000      105.000      2.96037     0.258819    0.0499077
1998-09-05/12:51:07      39.2700      8.16000      9.02000      110.000      3.00121     0.342020    0.0492220
1998-09-05/12:51:27      39.2800      9.23000      10.2400      108.000      4.32231     0.309017    0.0717463
1998-09-05/12:51:47      39.3300      10.4200      8.83000      127.000      3.18256     0.601815    0.0443611
1998-09-05/12:52:07      39.4300      11.5100      8.53000      133.000      3.01339     0.681998    0.0384645
1998-09-05/12:52:27      39.4700      12.5600      9.01000      109.000      2.93767     0.325568    0.0484786
1998-09-05/12:52:47      39.5500      13.6600      8.93000      117.000      4.82079     0.453991    0.0749681
1998-09-05/12:53:07      39.6700      14.6500      8.83000      129.000      3.48074     0.629321    0.0472119
1998-09-05/12:53:27      39.7900      15.6600      8.74000      106.000      3.45951     0.275637    0.0580408
1998-09-05/12:53:47      39.8800      16.7300      8.92000      96.0000      2.15140     0.104529    0.0373433
1998-09-05/12:54:07      39.9600      17.8100      9.54000      95.0000      2.47527    0.0871559    0.0430372
1998-09-05/12:54:27      39.9700      18.9100      9.10000      111.000      2.59786     0.358368    0.0423297
1998-09-05/12:54:47      39.9600      20.1000      9.49000      116.000      6.70074     0.438371     0.105114
1998-09-05/12:55:07      40.0000      21.2100      8.82000      124.000      6.29588     0.559193    0.0910978
1998-09-05/12:55:27      40.0500      22.2000      8.85000      127.000      7.75740     0.601815     0.108129
1998-09-05/12:55:47      40.0900      23.2400      9.21000      106.000      4.39636     0.275637    0.0737585
1998-09-05/12:56:07      40.0800      24.2300      9.52000      94.0000      2.07602    0.0697566    0.0361451
1998-09-05/12:56:27      40.0300      25.2700      9.93000      104.000      3.37305     0.241922    0.0571221
1998-09-05/12:56:47      40.0600      26.3700      9.17000      105.000      3.52055     0.258819    0.0593515
1998-09-05/12:57:07      40.1100      27.5000      9.09000      109.000      5.93844     0.325568    0.0979986
1998-09-05/12:57:27      40.1200      28.5900      8.94000      110.000      11.6098     0.342020     0.190409
1998-09-05/12:57:47      40.1900      29.6800      9.05000      107.000      6.45796     0.292372     0.107788
1998-09-05/12:58:07      40.2100      30.7400      9.39000      109.000      4.47027     0.325568    0.0737702
1998-09-05/12:58:27      40.2800      31.7700      9.96000      121.000      3.43143     0.515038    0.0513355
1998-09-05/12:58:47      40.3200      32.8400      9.41000      107.000      4.92515     0.292372    0.0822040
1998-09-05/12:59:07      40.3400      33.9000      9.46000      102.000      2.23194     0.207912    0.0381034
1998-09-05/12:59:27      40.3900      34.9100      8.76000      104.000      4.29017     0.241922    0.0726534
1998-09-05/12:59:47      40.5400      36.0100      9.21000      100.000      2.86438     0.173648    0.0492334
1998-09-05/13:00:07      40.5800      37.1600      9.38000      98.0000      4.26953     0.139173    0.0737922
1998-09-05/13:00:27      40.6600      38.1800      8.66000      103.000      3.18314     0.224951    0.0541324
1998-09-05/13:00:47      40.7200      39.0700      8.82000      103.000      1.98394     0.224951    0.0337388
1998-09-05/13:01:07      40.9200      40.1800      8.96000      108.000      2.51776     0.309017    0.0417925
1998-09-05/13:01:27      41.0800      41.1900      9.01000      99.0000      2.49419     0.156434    0.0429959
1998-09-05/13:01:47      41.2800      42.1700      9.21000      99.0000      2.59746     0.156434    0.0447761
1998-09-05/13:02:07      41.7000      43.3100      8.90000      105.000      3.09738     0.258819    0.0522174
1998-09-05/13:02:27      42.0100      44.4100      8.91000      106.000      2.84991     0.275637    0.0478135
1998-09-05/13:02:47      42.5100      45.8300      8.93000      104.000      4.43739     0.241922    0.0751466
1998-09-05/13:03:07      42.9400      47.0700      8.74000      96.0000      3.54596     0.104529    0.0615496
1998-09-05/13:03:47      43.2400      49.4700      8.66000      91.0000      1.17281    0.0174525    0.0204663
1998-09-05/13:04:27      43.2000      51.7000      9.04000      101.000      1.89705     0.190809    0.0325014
1998-09-05/13:04:47      43.3600      52.9700      9.26000      110.000      2.32336     0.342020    0.0381048
1998-09-05/13:05:07      43.2400      54.2400      8.77000      104.000      1.81482     0.241922    0.0307337
1998-09-05/13:05:27      43.3100      55.3900      9.14000      107.000      2.65356     0.292372    0.0442897
1998-09-05/13:05:47      43.4300      56.6400      8.98000      106.000      1.68002     0.275637    0.0281860
1998-09-05/13:06:08      43.8000      57.9500      9.28000      110.000      2.32336     0.342020    0.0381048
1998-09-05/13:06:28      44.1000      59.3100      8.78000      106.000      1.68002     0.275637    0.0281860
1998-09-05/13:06:47      44.1100      60.3600      8.71000      102.000      1.19059     0.207912    0.0203256
1998-09-05/13:07:07      44.5500      61.5800      8.87000      100.000      2.01648     0.173648    0.0346595
1998-09-05/13:07:27      45.0400      62.8700      9.02000      102.000      1.36590     0.207912    0.0233185
1998-09-05/13:07:47      45.3900      64.0600      8.88000      104.000      1.81482     0.241922    0.0307337
1998-09-05/13:08:08      46.8600      65.6300      8.64000      104.000      1.72400     0.241922    0.0291957
1998-09-05/13:08:28      48.3500      67.1100      8.18000      101.000      1.56173     0.190809    0.0267565
1998-09-05/13:08:48      48.4700      68.0000      5.81000      103.000      1.98394     0.224951    0.0337388
1998-09-05/13:28:28      232.960      64.9900      10.5900      60.0000      2.72378     0.500000    0.0411699
1998-09-05/13:28:48      231.400      63.5900      9.77000      64.0000      2.90088     0.438371    0.0455059
1998-09-05/13:29:08      230.350      62.3300      9.09000      58.0000      2.24472     0.529919    0.0332246
1998-09-05/13:29:28      229.560      61.1000      8.66000      67.0000      1.74712     0.390731    0.0280690
1998-09-05/13:29:48      228.390      59.6500      8.44000      69.0000      2.83141     0.358368    0.0461351
1998-09-05/13:30:08      227.560      58.4300      8.39000      61.0000      2.81502     0.484810    0.0429713
1998-09-05/13:30:28      227.120      57.2200      8.37000      56.0000      1.90567     0.559193    0.0275740
1998-09-05/13:30:48      226.620      56.0100      8.59000      55.0000      1.99801     0.573576    0.0285654
1998-09-05/13:31:08      225.950      54.8000      9.00000      60.0000      3.17715     0.500000    0.0480226
1998-09-05/13:31:28      225.140      53.6000      8.88000      62.0000      3.60112     0.469472    0.0554945
1998-09-05/13:31:48      224.870      52.6200      9.43000      65.0000      2.46245     0.422618    0.0389512
1998-09-05/13:32:08      224.490      51.5500      8.30000      59.0000      2.53734     0.515038    0.0379596
1998-09-05/13:32:28      224.170      50.4200      5.35000      60.0000      2.45967     0.500000    0.0371779
1998-09-05/13:32:48      223.840      49.3200      7.85000      67.0000      1.68015     0.390731    0.0269930
1998-09-05/13:33:08      223.580      48.2900      8.88000      71.0000      2.79788     0.325568    0.0461718
1998-09-05/13:33:28      223.220      47.1900      8.93000      61.0000      2.42354     0.484810    0.0369953
1998-09-05/13:33:48      222.930      46.0300      8.31000      58.0000      2.56239     0.529919    0.0379265
1998-09-05/13:34:08      222.580      44.9000      9.58000      64.0000      3.09391     0.438371    0.0485339
1998-09-05/13:34:28      222.310      43.8100      9.46000      63.0000      2.75008     0.453990    0.0427665
1998-09-05/13:34:48      222.070      42.6900      8.30000      68.0000      2.09106     0.374607    0.0338384
1998-09-05/13:35:08      221.920      41.5800      8.83000      70.0000      2.46527     0.342020    0.0404322
1998-09-05/13:35:28      221.750      40.4500      8.59000      67.0000      1.74712     0.390731    0.0280690
1998-09-05/13:35:48      221.520      39.3100      8.08000      67.0000      1.47353     0.390731    0.0236735
1998-09-05/13:36:08      221.340      38.1400      8.34000      65.0000      1.85548     0.422618    0.0293501
1998-09-05/13:36:28      221.150      36.9800      8.74000      67.0000      1.47353     0.390731    0.0236735
1998-09-05/13:36:48      221.050      35.8600      8.98000      67.0000      1.68015     0.390731    0.0269930
1998-09-05/13:37:08      220.940      34.7200      8.84000      67.0000      1.74712     0.390731    0.0280690
1998-09-05/13:37:28      220.850      33.6200      8.35000      67.0000      1.86436     0.390731    0.0299525
1998-09-05/13:37:48      220.780      32.5100      8.17000      66.0000      1.82806     0.406737    0.0291473
1998-09-05/13:38:08      220.720      31.4200      8.42000      71.0000      2.94697     0.325568    0.0486321
1998-09-05/13:38:28      220.630      30.3200      8.87000      61.0000      3.42319     0.484810    0.0522550
1998-09-05/13:38:48      220.550      29.1700      9.42000      56.0000      1.97618     0.559193    0.0285942
1998-09-05/13:39:08      220.510      28.0900      10.0500      67.0000      1.90709     0.390731    0.0306390
1998-09-05/13:39:28      220.400      27.0100      8.61000      48.0000      3.73483     0.669131    0.0484420
1998-09-05/13:39:48      220.400      25.8900      7.85000      62.0000      2.93155     0.469472    0.0451762
1998-09-05/13:40:08      220.380      24.8000      7.92000      71.0000      2.61726     0.325568    0.0431911
1998-09-05/13:40:28      220.330      23.7100      7.16000      81.0000      3.57425     0.156434    0.0616144
1998-09-05/13:40:48      220.290      22.6500      7.55000      51.0000      3.30492     0.629320    0.0448271
1998-09-05/13:41:08      220.220      21.5900      8.01000      66.0000      1.78538     0.406737    0.0284668
1998-09-05/13:41:28      220.150      20.5100      8.09000      54.0000      2.35709     0.587785    0.0332821
1998-09-05/13:41:48      220.060      19.4200      8.34000      59.0000      2.75537     0.515038    0.0412214
1998-09-05/13:42:08      220.010      18.3600      8.56000      78.0000      1.78652     0.207912    0.0304993
1998-09-05/13:42:28      219.990      17.2800      8.45000      82.0000      3.78387     0.139173    0.0653983
1998-09-05/13:42:48      219.950      16.2000      8.26000      78.0000      1.74878     0.207912    0.0298550
1998-09-05/13:43:08      219.880      15.1100      8.22000      85.0000      2.79926    0.0871558    0.0486704
1998-09-05/13:43:28      219.810      14.0300      8.48000      98.0000      3.15804     0.139173    0.0545818
1998-09-05/13:43:48      219.730      12.9600      8.57000      97.0000      2.93299     0.121869    0.0508088
1998-09-05/13:44:08      219.650      11.9000      8.20000      89.0000      1.27453    0.0174524    0.0222414
1998-09-05/13:44:28      219.580      10.8500      8.43000      68.0000      2.16209     0.374607    0.0349878
1998-09-05/13:44:48      219.530      9.83000      7.88000      54.0000      1.71507     0.587785    0.0242168
1998-09-05/13:45:08      219.480      8.84000      7.64000      68.0000      3.35176     0.374607    0.0542396
1998-09-05/13:45:28      219.430      7.84000      7.83000      85.0000      2.38972    0.0871558    0.0415498
1998-09-05/13:45:48      219.410      6.75000      8.09000      84.0000      3.04153     0.104528    0.0527939
1998-09-05/13:46:08      219.420      5.62000      8.30000      49.0000      2.71760     0.656059    0.0357967
1998-09-05/13:46:28      219.430      4.51000      8.05000      54.0000      1.78161     0.587785    0.0251564
1998-09-05/13:46:48      219.440      3.37000      8.08000      58.0000      3.13232     0.529919    0.0463622
1998-09-05/13:47:08      219.430      2.27000      8.32000      61.0000      4.98984     0.484810    0.0761699
1998-09-05/13:47:28      219.440      1.18000      8.33000      130.000      25.7972     0.642788     0.344909
1998-09-05/13:47:48      219.470    0.0800000      8.29000      74.0000      2.96037     0.275637    0.0496667
1998-09-05/13:48:08      219.490    -0.990000      8.20000      71.0000      2.61726     0.325568    0.0431911
1998-09-05/13:48:28      219.530     -2.04000      8.08000      61.0000      3.73865     0.484810    0.0570705
1998-09-05/13:48:48      219.550     -3.09000      7.78000      67.0000      2.03620     0.390731    0.0327133
1998-09-05/13:49:08      219.610     -4.17000      7.78000      70.0000      2.57545     0.342020    0.0422393
1998-09-05/13:49:28      219.720     -5.26000      7.80000      62.0000      2.31939     0.469472    0.0357426
1998-09-05/13:49:48      219.750     -6.32000      7.76000      55.0000      4.16840     0.573576    0.0595952
1998-09-05/13:50:08      219.770     -7.41000      7.77000      57.0000      1.99687     0.544639    0.0292293
1998-09-05/13:50:28      219.820     -8.47000      7.78000      43.0000      3.05713     0.731354    0.0363894
1998-09-05/13:50:48      219.810     -9.49000      7.74000      66.0000      1.78538     0.406737    0.0284668
1998-09-05/13:51:08      219.810     -10.5700      7.58000      78.0000      1.95756     0.207912    0.0334193
1998-09-05/13:51:28      219.880     -11.6900      7.47000      59.0000      3.44536     0.515038    0.0515439
1998-09-05/13:51:48      219.860     -12.8700      7.55000      96.0000      3.41592     0.104529    0.0592925
1998-09-05/13:52:08      219.850     -14.0500      7.62000      55.0000      1.61080     0.573576    0.0230294
1998-09-05/13:52:28      219.680     -15.0400      8.16000      67.0000      1.42458     0.390731    0.0228871
1998-09-05/13:52:48      219.750     -16.1700      7.36000      66.0000      1.53310     0.406737    0.0244443
1998-09-05/13:53:08      219.800     -17.2400      6.94000      70.0000      2.34075     0.342020    0.0383900
1998-09-05/13:53:28      219.690     -18.2800      7.23000      73.0000      2.45874     0.292372    0.0410380
1998-09-05/13:53:48      219.720     -19.3300      8.19000      65.0000      1.44377     0.422618    0.0228376
1998-09-05/13:54:08      219.760     -20.2600      9.27000      59.0000      2.53734     0.515038    0.0379596
1998-09-05/13:54:28      219.760     -21.2700      11.5800      61.0000      3.91119     0.484810    0.0597043
1998-09-05/13:54:48      219.770     -22.2500      20.1800      79.0000      2.06637     0.190809    0.0354023
1998-09-05/13:55:08      219.820     -23.2200      13.0400      49.0000      2.95564     0.656059    0.0389322
1998-09-05/13:55:28      219.900     -24.2200      9.10000      74.0000      2.68027     0.275637    0.0449674
1998-09-05/13:55:48      219.800     -25.2700      8.99000      65.0000      2.17026     0.422618    0.0343293
1998-09-05/13:56:08      219.910     -26.3700      7.67000      65.0000      1.85548     0.422618    0.0293501
1998-09-05/13:56:28      219.820     -27.5100      7.33000      70.0000      2.51082     0.342020    0.0411793
1998-09-05/13:56:48      219.840     -28.5600      7.47000      66.0000      1.58863     0.406737    0.0253297
1998-09-05/13:57:08      219.840     -29.7100      7.49000      78.0000      1.32042     0.207912    0.0225421
1998-09-05/13:57:28      219.790     -30.8500      7.54000      84.0000      2.16665     0.104528    0.0376080
1998-09-05/13:57:48      219.830     -32.0600      7.81000      66.0000      1.74178     0.406737    0.0277716
1998-09-05/13:58:08      220.060     -33.4000      7.92000      53.0000      3.78039     0.601815    0.0526942
1998-09-05/13:58:28      220.210     -34.7800      8.12000      60.0000      2.94180     0.500000    0.0444653
1998-09-05/13:58:48      220.030     -35.8700      8.53000      67.0000      1.52115     0.390731    0.0244386
1998-09-05/13:59:08      219.870     -36.8300      8.28000      72.0000      2.19297     0.309017    0.0364013
1998-09-05/13:59:28      219.910     -37.8500      8.32000      68.0000      2.32941     0.374607    0.0376955
1998-09-05/13:59:48      219.870     -39.0700      8.42000      36.0000      3.29818     0.809017    0.0338353
1998-09-05/14:00:08      219.970     -40.1200      8.39000      58.0000      2.75133     0.529919    0.0407231
1998-09-05/14:00:28      220.000     -41.2700      8.24000      74.0000      2.14212     0.275637    0.0359387
1998-09-05/14:00:48      220.100     -42.4800      8.49000      62.0000      3.48879     0.469472    0.0537635
1998-09-05/14:01:08      220.080     -43.4200      8.41000      60.0000      2.87886     0.500000    0.0435140
1998-09-05/14:01:28      220.320     -44.4300      8.32000      65.0000      1.51041     0.422618    0.0238917
1998-09-05/14:01:48      220.610     -45.6700      8.16000      68.0000      1.92688     0.374607    0.0311816
1998-09-05/14:02:08      220.910     -46.9700      7.89000      66.0000      1.39088     0.406737    0.0221767
1998-09-05/14:02:28      221.330     -48.3600      8.47000      68.0000      1.97620     0.374607    0.0319797
1998-09-05/14:02:48      221.550     -49.5500      8.76000      62.0000      3.16633     0.469472    0.0487942
1998-09-05/14:03:08      221.550     -50.7400      8.44000      57.0000      2.56560     0.544639    0.0375541
1998-09-05/14:03:28      221.420     -51.7100      8.02000      66.0000      1.78538     0.406737    0.0284668
1998-09-05/14:03:48      221.650     -52.9300      7.86000      75.0000      3.45956     0.258819    0.0583233
1998-09-05/14:04:08      221.930     -54.1300      6.54000      28.0000      3.89128     0.882948    0.0318845
1998-09-05/14:04:28      222.320     -55.3000      6.73000      30.0000      5.21590     0.866025    0.0455173
1998-09-05/14:04:48      222.890     -56.7900      6.24000      65.0000      2.09785     0.422618    0.0331839
1998-09-05/14:05:08      223.090     -57.9800      6.25000      65.0000      1.94222     0.422618    0.0307221
1998-09-05/14:05:28      223.600     -59.0400      6.44000      63.0000      2.61791     0.453990    0.0407111
1998-09-05/14:05:48      223.720     -60.3200      6.08000      69.0000      3.00121     0.358368    0.0489019
1998-09-05/14:06:08      223.740     -61.5100      5.58000      86.0000      2.21888    0.0697565    0.0386324
1998-09-05/14:06:28      223.320     -62.2500      4.87000      71.0000      2.79788     0.325568    0.0461718
1998-09-05/14:06:48      222.640     -62.9200      5.94000      67.0000      1.90709     0.390731    0.0306390
1998-09-05/14:07:08      222.850     -64.0800      11.2800      69.0000      2.55790     0.358368    0.0416786
1998-09-05/14:07:28      223.020     -65.5300      7.52000      72.0000      1.43419     0.309017    0.0238062
1998-09-05/14:07:48      223.120     -66.9800      7.31000      73.0000      1.68002     0.292372    0.0280407
1998-09-05/14:26:07      57.5000     -68.2000      7.33000      113.000      1.92248     0.390731    0.0308863
1998-09-05/14:26:27      54.6600     -66.6100      7.00000      118.000      2.71868     0.469472    0.0418958
1998-09-05/14:26:47      52.4100     -65.3700      6.69000      121.000      3.43143     0.515038    0.0513355
1998-09-05/14:27:27      49.3800     -62.5700      6.70000      146.000      9.77931     0.829038    0.0954437
1998-09-05/14:27:47      48.6100     -61.5400      6.80000      111.000      4.67092     0.358368    0.0761082
1998-09-05/14:28:07      47.7100     -60.0600      6.78000      102.000      4.15178     0.207912    0.0708788
1998-09-05/14:28:47      46.5900     -57.5600      7.02000      112.000      8.70486     0.374607     0.140866
1998-09-05/14:31:07      41.7900     -48.1700      6.81000      117.000      8.62020     0.453991     0.134053
1998-09-05/14:31:27      41.4800     -46.9300      7.01000      111.000      6.70059     0.358368     0.109180
1998-09-05/14:31:47      41.5400     -45.9100      5.30000      112.000      17.4097     0.374607     0.281731
1998-09-05/14:32:07      41.4100     -44.8800      5.71000      117.000      9.28522     0.453991     0.144394
1998-09-05/14:32:27      41.2900     -43.8600      5.84000      113.000      7.48251     0.390731     0.120213
1998-09-05/14:32:47      41.2100     -42.8800      5.91000      142.000      6.81144     0.788011    0.0731911
1998-09-05/14:33:07      41.2100     -41.8300      5.38000      125.000      2.01076     0.573576    0.0287476
1998-09-05/14:33:27      41.1100     -40.7700      4.44000      117.000      2.05042     0.453991    0.0318861
1998-09-05/14:33:47      41.0800     -39.8000      6.44000      115.000      2.90088     0.422618    0.0458863
1998-09-05/14:34:07      40.6000     -38.6200      6.56000      116.000      2.35343     0.438371    0.0369181
1998-09-05/14:34:27      40.9800     -37.7400      6.92000      113.000      1.74178     0.390731    0.0279832
1998-09-05/14:34:47      40.5600     -36.6600      7.21000      116.000      3.01723     0.438371    0.0473310
1998-09-05/14:35:07      40.3100     -35.5600      7.14000      106.000      2.94420     0.275637    0.0493954
1998-09-05/14:35:27      40.3300     -34.6200      7.14000      107.000      3.81446     0.292372    0.0636659
1998-09-05/14:35:47      40.4200     -33.6800      7.30000      104.000      2.56031     0.241922    0.0433585
1998-09-05/14:36:07      39.9400     -32.4900      7.22000      122.000      2.56560     0.529919    0.0379740
1998-09-05/14:36:27      40.1400     -31.4100      8.59000      117.000      4.65407     0.453991    0.0723754
1998-09-05/14:36:47      40.1700     -30.3600      7.63000      112.000      5.11072     0.374607    0.0827038
1998-09-05/14:37:07      39.9000     -29.2300      8.10000      106.000      6.94302     0.275637     0.116484
1998-09-05/14:37:27      39.7800     -28.1500      8.41000      120.000      7.65753     0.500000     0.115744
1998-09-05/14:37:47      39.8100     -27.0000      8.46000      115.000      3.88985     0.422618    0.0615299
1998-09-05/14:38:07      39.9300     -26.1600      8.39000      109.000      2.65359     0.325568    0.0437906
1998-09-05/14:38:27      39.5300     -25.1100      7.60000      104.000      2.65779     0.241922    0.0450093
1998-09-05/14:38:47      39.4300     -23.9300      8.51000      103.000      1.89749     0.224951    0.0322687
1998-09-05/14:39:07      39.2600     -22.8100      9.68000      112.000      1.52115     0.374607    0.0246159
1998-09-05/14:39:27      39.3000     -21.7200      10.4800      110.000      2.78623     0.342020    0.0456962
1998-09-05/14:39:47      39.2000     -20.6100      10.3800      114.000      2.54404     0.406737    0.0405631
1998-09-05/14:40:07      39.0500     -19.5100      10.3100      115.000      2.15278     0.422618    0.0340528
1998-09-05/14:40:27      38.9700     -18.4300      10.9600      115.000      2.55251     0.422618    0.0403757
1998-09-05/14:40:47      39.0500     -17.2600      10.2500      119.000      3.85064     0.484810    0.0587800
1998-09-05/14:41:07      39.0600     -16.1200      9.17000      122.000      3.51694     0.529919    0.0520550
1998-09-05/14:41:27      39.0100     -14.9600      9.36000      112.000      2.09250     0.374607    0.0338617
1998-09-05/14:41:48      38.9600     -13.8100      7.99000      124.000      3.18371     0.559193    0.0460665
1998-09-05/14:42:08      39.0200     -12.7400      8.58000      125.000      4.97892     0.573576    0.0711831
1998-09-05/14:42:28      39.0000     -11.6700      8.73000      115.000      4.53078     0.422618    0.0716681
1998-09-05/14:42:47      38.9800     -10.5700      8.92000      118.000      4.45736     0.469472    0.0686894
1998-09-05/14:43:07      39.0100     -9.42000      8.42000      135.000      4.65228     0.707107    0.0574154
1998-09-05/14:43:27      38.9200     -8.37000      8.63000      131.000      25.9298     0.656059     0.341552
1998-09-05/14:43:47      38.7800     -7.31000      8.79000      124.000      7.45410     0.559193     0.107857
1998-09-05/14:44:08      38.7000     -6.19000      8.73000      129.000      4.96968     0.629321    0.0674075
1998-09-05/14:44:28      38.7300     -5.12000      8.07000      132.000      6.32968     0.669131    0.0820980
1998-09-05/14:44:48      38.7200     -4.05000      7.14000      126.000      7.12940     0.587785     0.100667
1998-09-05/14:45:08      38.6900     -3.03000      7.31000      120.000      3.73037     0.500000    0.0563845
1998-09-05/14:45:27      38.6600     -1.96000      7.15000      107.000      6.22387     0.292372     0.103881
1998-09-05/14:45:47      38.6900    -0.850000      6.72000      126.000      25.0610     0.587785     0.353862
1998-09-05/14:46:07      38.7900     0.260000      8.17000      131.000      25.9298     0.656059     0.341552
1998-09-05/14:46:27      38.8800      1.39000      8.45000      123.000      4.32308     0.544639    0.0632794
1998-09-05/14:46:48      39.0200      2.58000      8.42000      102.000      6.19681     0.207912     0.105791
1998-09-05/14:47:08      39.1600      3.68000      8.41000      122.000      7.52825     0.529919     0.111427
1998-09-05/14:47:28      39.2400      4.78000      7.85000      136.000      1.99193     0.719340    0.0241503
1998-09-05/14:47:48      39.3100      5.84000      7.67000      131.000      2.86963     0.656059    0.0377993
1998-09-05/14:48:07      39.3900      6.86000      7.66000      123.000      2.04324     0.544639    0.0299081
1998-09-05/14:48:27      39.4800      7.89000      7.55000      108.000      3.86319     0.309017    0.0641254
1998-09-05/14:48:47      39.6400      9.01000      7.34000      121.000      2.69424     0.515038    0.0403069
1998-09-05/14:49:07      39.8400      10.2000      7.06000      140.000      4.13557     0.766045    0.0463960
1998-09-05/14:49:28      40.0700      11.5000      7.82000      130.000      3.08779     0.642788    0.0412837
1998-09-05/14:49:48      40.2100      12.7500      8.63000      123.000      3.19075     0.544639    0.0467048
1998-09-05/14:50:08      40.4700      14.0600      7.87000      142.000      3.59207     0.788011    0.0385979
1998-09-05/14:50:28      40.7000      15.3600      6.38000      135.000      2.24506     0.707107    0.0277071
1998-09-05/14:50:47      40.6700      16.8300      6.46000      140.000      28.7126     0.766045     0.322120
1998-09-05/14:51:07      40.3200      17.9900      6.41000      142.000      12.3156     0.788011     0.132335
1998-09-05/14:51:27      40.1000      19.0800      5.95000      140.000      7.58084     0.766045    0.0850476
1998-09-05/14:51:47      40.2100      20.0400      5.30000      141.000      30.1216     0.777146     0.330847
1998-09-05/14:52:08      40.3800      21.1800      5.64000      124.000      17.6815     0.559193     0.255841
1998-09-05/14:52:28      40.4600      22.4500      5.49000      138.000      8.57142     0.743145     0.100102
1998-09-05/14:52:48      39.8700      22.6800      5.57000      130.000      3.62131     0.642788    0.0484169
1998-09-05/14:53:08      39.8500      23.9300      4.74000      131.000      4.38158     0.656059    0.0577149
1998-09-05/14:53:27      39.7800      24.6800      6.24000      124.000      2.73707     0.559193    0.0396039
1998-09-05/14:53:47      39.8100      25.8700      6.54000      128.000      6.07521     0.615661    0.0835547
1998-09-05/14:54:07      39.7400      26.8600      6.47000      134.000      8.49070     0.694658     0.106599
1998-09-05/14:54:27      39.7400      28.0300      6.45000      141.000      7.95020     0.777146    0.0873227
1998-09-05/14:54:48      39.5800      29.0700      6.47000      133.000      2.81077     0.681998    0.0358782
1998-09-05/14:55:08      39.4700      30.1900      6.22000      130.000      4.98111     0.642788    0.0665974
1998-09-05/14:55:28      39.4300      31.3500      6.17000      128.000      4.88513     0.615661    0.0671871
1998-09-05/14:55:48      39.5700      32.4700      6.05000      130.000      3.40025     0.642788    0.0454613
1998-09-05/14:56:07      39.5600      33.7700      6.01000      128.000      4.88513     0.615661    0.0671871
1998-09-05/14:56:27      39.4900      34.8000      6.10000      126.000      3.62091     0.587785    0.0511273
1998-09-05/14:56:47      39.2500      35.6900      6.03000      133.000      2.70353     0.681998    0.0345093
1998-09-05/14:57:07      39.2400      36.8400      5.99000      128.000      3.76307     0.615661    0.0517549
1998-09-05/14:57:28      39.2200      38.0400      6.05000      136.000      4.01277     0.719340    0.0486511
1998-09-05/14:57:48      39.1100      39.0300      6.29000      125.000      2.41496     0.573576    0.0345264
1998-09-05/14:58:08      39.0200      40.1000      6.53000      119.000      3.57206     0.484810    0.0545275
1998-09-05/14:58:28      39.1600      41.2400      6.45000      119.000      3.57206     0.484810    0.0545275
1998-09-05/14:58:48      38.9700      42.3600      6.35000      113.000      2.10025     0.390731    0.0337423
1998-09-05/14:59:08      38.7000      43.6500      5.68000      117.000      3.48879     0.453991    0.0542542
1998-09-05/14:59:28      38.7300      44.6200      6.03000      118.000      3.10994     0.469472    0.0479252
1998-09-05/14:59:48      38.6200      45.9900      6.10000      116.000      3.23533     0.438371    0.0507524
1998-09-05/15:00:08      38.6900      47.2100      6.24000      117.000      2.31939     0.453991    0.0360688
1998-09-05/15:00:28      38.5000      48.6600      6.11000      123.000      1.64087     0.544639    0.0240183
1998-09-05/15:00:48      38.2400      49.7300      6.20000      127.000      4.57501     0.601815    0.0637702
1998-09-05/15:01:08      38.0900      50.7200      6.49000      126.000      3.29175     0.587785    0.0464795
1998-09-05/15:01:28      37.9300      52.2400      6.51000      117.000      5.81150     0.453991    0.0903746
1998-09-05/15:01:48      37.6300      53.6100      6.49000      114.000      2.85912     0.406737    0.0455869
1998-09-05/15:02:08      37.2600      55.3200      6.58000      117.000      4.45875     0.453991    0.0693380
1998-09-05/15:02:28      35.9200      57.9500      6.65000      127.000      4.74053     0.601815    0.0660774
1998-09-05/15:02:48      35.0900      59.3500      6.86000      117.000      7.07804     0.453991     0.110071
1998-09-05/15:03:08      33.9800      61.0500      6.95000      128.000      5.62066     0.615661    0.0773031
1998-09-05/15:03:28      31.6400      64.3200      6.82000      128.000      5.76257     0.615661    0.0792548
1998-09-05/15:03:48      30.5500      65.6200      8.79000      126.000      4.02896     0.587785    0.0568890
1998-09-05/15:04:08      29.6200      67.8800      6.91000      127.000      4.95410     0.601815    0.0690543
1998-09-05/15:04:28      29.8000      68.0900      7.36000      119.000      3.85064     0.484810    0.0587800
1998-09-05/15:04:48      29.5900      68.5000      8.58000      122.000      3.12708     0.529919    0.0462846
1998-09-05/15:05:08      28.0900      70.7200      7.79000      118.000      3.20731     0.469472    0.0494257
1998-09-05/15:05:28      29.2800      71.3800      7.54000      119.000      2.87886     0.484810    0.0439458
1998-09-05/15:05:48      31.8200      71.3000      7.74000      118.000      3.30730     0.469472    0.0509666
1998-09-05/16:26:28      39.8400     -56.2500      7.83000      128.000      4.76905     0.615661    0.0655906
1998-09-05/16:26:48      39.3800     -55.1100      7.94000      136.000      4.32886     0.719340    0.0524834
1998-09-05/16:27:08      39.0000     -54.1000      7.90000      119.000      5.88945     0.484810    0.0899024
1998-09-05/16:27:28      38.8400     -53.1400      8.03000      117.000      4.15842     0.453991    0.0646676
1998-09-05/16:27:48      38.7700     -51.8600      7.97000      121.000      3.67335     0.515038    0.0549548
1998-09-05/16:28:08      38.7100     -50.8500      8.19000      119.000      4.47089     0.484810    0.0682481
1998-09-05/16:28:28      38.6700     -49.4800      8.31000      111.000      7.16061     0.358368     0.116675
1998-09-05/16:28:48      38.5100     -48.4400      8.44000      113.000      5.21823     0.390731    0.0838352
1998-09-05/16:29:08      38.3400     -47.2100      8.43000      114.000      5.84843     0.406737    0.0932496
1998-09-05/16:29:28      38.2200     -46.2100      8.31000      112.000      5.33701     0.374607    0.0863657
1998-09-05/16:29:48      38.3600     -45.2800      8.19000      110.000      4.47342     0.342020    0.0733674
1998-09-05/16:30:08      38.3500     -44.2300      8.17000      106.000      4.39636     0.275637    0.0737585
1998-09-05/16:30:28      38.2900     -43.0900      8.18000      110.000      3.29185     0.342020    0.0539887
1998-09-05/16:30:48      38.1000     -42.0600      8.24000      110.000      4.37406     0.342020    0.0717378
1998-09-05/16:31:08      37.9500     -40.9700      8.24000      114.000      3.37699     0.406737    0.0538440
1998-09-05/16:31:28      37.6300     -39.9400      8.31000      117.000      4.56993     0.453991    0.0710670
1998-09-05/16:31:48      37.5500     -38.8500      8.38000      131.000      3.31843     0.656059    0.0437109
1998-09-05/16:32:08      37.0600     -37.6900      8.04000      130.000      3.08779     0.642788    0.0412837
1998-09-05/16:32:28      36.8900     -36.6100      8.14000      130.000      3.76166     0.642788    0.0502934
1998-09-05/16:32:48      36.8500     -35.7700      8.28000      114.000      2.97444     0.406737    0.0474256
1998-09-05/16:33:08      36.8900     -34.4700      7.96000      133.000      3.09065     0.681998    0.0394507
1998-09-05/16:33:28      37.6200     -33.7400      8.03000      110.000      2.94955     0.342020    0.0483748
1998-09-05/16:33:48      37.9600     -32.5700      8.02000      119.000      4.13137     0.484810    0.0630653
1998-09-05/16:34:08      39.4800     -30.8200      8.09000      117.000      4.82079     0.453991    0.0749681
1998-09-05/16:34:28      39.6100     -30.2300      8.26000      116.000      4.18389     0.438371    0.0656323
1998-09-05/16:34:48      39.8000     -29.5800      8.05000      102.000      1.26700     0.207912    0.0216301
1998-09-05/16:35:08      39.8700     -28.6700      7.44000      109.000      2.93767     0.325568    0.0484786
1998-09-05/16:35:28      39.9700     -27.7300      7.75000      104.000      2.10729     0.241922    0.0356867
1998-09-05/16:35:48      40.0300     -26.8000      7.82000      101.000      1.35630     0.190809    0.0232370
1998-09-05/16:36:08      40.1300     -25.7800      7.78000      104.000      2.74456     0.241922    0.0464787
1998-09-05/16:36:28      40.1000     -24.6200      8.02000      102.000      1.55031     0.207912    0.0264667
1998-09-05/16:36:48      39.7600     -23.4900      7.88000      105.000      2.14212     0.258819    0.0361131
1998-09-05/16:37:08      39.4400     -22.5100      7.91000      104.000      2.65779     0.241922    0.0450093
1998-09-05/16:37:28      39.5500     -21.5000      8.01000      104.000      2.56031     0.241922    0.0433585
1998-09-05/16:37:48      39.4100     -20.3800      8.16000      106.000      3.07495     0.275637    0.0515890
1998-09-05/16:38:08      39.1900     -19.2400      8.96000      103.000      1.83560     0.224951    0.0312162
1998-09-05/16:38:28      39.0800     -18.1500      9.74000      106.000      2.18013     0.275637    0.0365764
1998-09-05/16:38:48      38.9900     -17.2000      9.48000      112.000      2.03620     0.374607    0.0329506
1998-09-05/16:39:08      38.9100     -16.1100      10.1700      122.000      3.96800     0.529919    0.0587313
1998-09-05/16:39:28      38.9300     -14.9800      9.11000      97.0000      3.54206     0.121869    0.0613598
1998-09-05/16:40:08      38.9700     -12.8100      8.70000      92.0000      5.09008    0.0348995    0.0887845
1998-09-05/16:41:08      39.0600     -9.55000      8.71000      119.000      8.41045     0.484810     0.128385
1998-09-05/16:41:28      39.0800     -8.50000      8.78000      120.000      21.9826     0.500000     0.332267
1998-09-05/16:41:48      39.1600     -7.41000      8.75000      105.000      5.12132     0.258819    0.0863382
1998-09-05/16:42:08      39.1000     -6.32000      8.48000      115.000      22.3924     0.422618     0.354204
1998-09-05/16:42:28      39.0500     -5.20000      8.40000      124.000      8.84075     0.559193     0.127921
1998-09-05/16:42:48      38.9900     -4.06000      8.39000      115.000      22.3924     0.422618     0.354204
1998-09-05/16:43:08      38.8500     -3.03000      8.45000      106.000      5.16517     0.275637    0.0866570
1998-09-05/16:43:28      38.7800     -2.01000      8.75000      102.000      2.36358     0.207912    0.0403508
1998-09-05/16:43:48      38.7300    -0.970000      8.75000      114.000      8.15788     0.406737     0.130072
1998-09-05/16:44:08      38.7200     0.120000      8.74000      118.000      8.40150     0.469472     0.129470
1998-09-05/16:44:28      38.7100      1.23000      8.75000      123.000      9.48804     0.544639     0.138882
1998-09-05/16:44:48      38.7000      2.31000      8.88000      111.000      22.2732     0.358368     0.362921
1998-09-05/16:45:08      38.6700      3.43000      9.11000      109.000      25.5614     0.325568     0.421825
1998-09-05/16:45:28      38.6100      4.57000      8.77000      117.000      8.84479     0.453991     0.137545
1998-09-05/16:45:48      38.5800      5.69000      8.64000      115.000      22.3924     0.422618     0.354204
1998-09-05/16:46:08      38.6500      6.76000      9.12000      113.000      3.00172     0.390731    0.0482252
1998-09-05/16:46:28      38.6400      7.83000      8.82000      120.000      4.33929     0.500000    0.0655884
1998-09-05/16:46:48      38.7800      8.86000      8.79000      112.000      5.11072     0.374607    0.0827038
1998-09-05/16:47:08      38.8600      9.97000      8.94000      111.000      2.47319     0.358368    0.0402983
1998-09-05/16:47:28      38.8800      11.0500      8.89000      122.000      4.21993     0.529919    0.0624602
1998-09-05/16:47:48      39.0900      12.2300      8.68000      114.000      5.18252     0.406737    0.0826320
1998-09-05/16:48:08      39.1300      13.4500      8.63000      112.000      6.79187     0.374607     0.109909
1998-09-05/16:48:28      39.3200      14.6900      8.92000      111.000      3.35176     0.358368    0.0546138
1998-09-05/16:48:48      39.2600      15.8300      8.85000      106.000      4.58811     0.275637    0.0769756
1998-09-05/16:49:08      39.1900      16.9300      9.09000      111.000      4.98908     0.358368    0.0812923
1998-09-05/16:49:28      39.1100      18.0600      8.67000      113.000      5.74550     0.390731    0.0923063
1998-09-05/16:49:48      39.0800      19.1500      9.05000      121.000      5.24339     0.515038    0.0784432
1998-09-05/17:00:28      41.8400      54.0800      8.79000      91.0000      20.6698    0.0174525     0.360701
1998-09-05/17:00:48      42.0800      55.1400      8.75000      100.000      10.1256     0.173648     0.174040
1998-09-05/17:01:08      42.4500      56.3200      8.78000      99.0000      24.3528     0.156434     0.419804
1998-09-05/17:01:29      42.7800      57.4900      8.89000      99.0000      2.55400     0.156434    0.0440269
1998-09-05/17:01:49      43.1400      58.6600      9.03000      99.0000      4.06312     0.156434    0.0700417
1998-09-05/17:02:09      43.3500      59.8500      8.79000      97.0000      6.34273     0.121869     0.109876
1998-09-05/17:02:29      43.6700      61.0500      8.58000      91.0000      7.21268    0.0174525     0.125866
1998-09-05/17:02:48      44.3700      62.3600      9.11000      96.0000      2.99009     0.104529    0.0519010
1998-09-05/17:03:08      44.9200      63.5500      8.79000      100.000      2.22837     0.173648    0.0383015
1998-09-05/17:03:28      45.4600      64.6600      8.80000      99.0000      2.27326     0.156434    0.0391874
1998-09-05/17:03:48      46.1900      65.7400      9.06000      99.0000      2.49419     0.156434    0.0429959
1998-09-05/17:04:09      46.9900      66.8200      8.89000      99.0000      2.34396     0.156434    0.0404062
1998-09-05/17:04:29      48.0900      67.9100      8.57000      99.0000      2.72954     0.156434    0.0470529
1998-09-05/17:04:49      49.4800      69.0400      8.57000      101.000      2.02113     0.190809    0.0346273
1998-09-05/17:05:09      50.9800      70.1800      8.64000      101.000      2.17303     0.190809    0.0372297
1998-09-05/17:05:28      52.8300      71.3800      8.48000      104.000      2.65779     0.241922    0.0450093
1998-09-05/17:05:48      55.0700      72.6600      8.47000      103.000      2.08650     0.224951    0.0354829
1998-09-05/17:06:08      59.4700      74.1000      8.28000      110.000      2.73958     0.342020    0.0449311
1998-09-05/17:25:29      242.120      62.7900      8.42000      68.0000      2.76042     0.374607    0.0446703
1998-09-05/17:25:49      236.360      60.7900      8.20000      66.0000      1.87336     0.406737    0.0298696
1998-09-05/17:26:09      232.900      59.1200      8.28000      69.0000      3.00121     0.358368    0.0489019
1998-09-05/17:26:29      231.840      57.8100      8.24000      65.0000      2.09785     0.422618    0.0331839
1998-09-05/17:26:50      229.780      56.2000      8.33000      70.0000      2.75142     0.342020    0.0451253
1998-09-05/17:27:10      228.120      54.8000      8.35000      66.0000      1.53310     0.406737    0.0244443
1998-09-05/17:27:30      227.110      53.5300      8.22000      65.0000      1.94222     0.422618    0.0307221
1998-09-05/17:27:50      226.240      52.2800      8.06000      67.0000      1.61897     0.390731    0.0260101
1998-09-05/17:28:09      225.600      51.2000      7.93000      67.0000      1.74712     0.390731    0.0280690
1998-09-05/17:28:29      225.010      50.0500      7.01000      73.0000      2.04680     0.292372    0.0341625
1998-09-05/17:28:49      224.440      48.9200      7.19000      71.0000      2.88853     0.325568    0.0476677
1998-09-05/17:29:09      223.880      47.7400      7.03000      68.0000      1.80723     0.374607    0.0292453
1998-09-05/17:29:30      223.240      46.4900      8.86000      65.0000      2.17026     0.422618    0.0343293
1998-09-05/17:29:50      222.710      45.2700      8.81000      74.0000      2.46569     0.275637    0.0413673
1998-09-05/17:30:10      222.350      44.1400      8.13000      76.0000      2.80807     0.241922    0.0475543
1998-09-05/17:30:30      221.960      43.0100      8.25000      69.0000      2.94955     0.358368    0.0480601
1998-09-05/17:30:49      221.610      41.9300      8.12000      71.0000      3.12735     0.325568    0.0516088
1998-09-05/17:31:09      221.370      40.7900      8.24000      71.0000      2.85097     0.325568    0.0470479
1998-09-05/17:31:29      221.110      39.6500      8.03000      72.0000      2.56265     0.309017    0.0425376
1998-09-05/17:31:49      220.860      38.5100      8.01000      63.0000      3.34944     0.453990    0.0520871
1998-09-05/17:32:10      220.590      37.3100      7.70000      66.0000      1.78538     0.406737    0.0284668
1998-09-05/17:32:30      220.370      36.1500      7.69000      69.0000      2.94955     0.358368    0.0480601
1998-09-05/17:32:50      220.170      34.9900      10.0000      71.0000      2.85097     0.325568    0.0470479
1998-09-05/17:33:10      219.970      33.8300      12.8800      68.0000      1.92688     0.374607    0.0311816
1998-09-05/17:33:29      219.820      32.7200      11.4000      66.0000      1.92248     0.406737    0.0306527
1998-09-05/17:33:49      219.640      31.5800      8.30000      77.0000      1.80454     0.224951    0.0306879
1998-09-05/17:34:09      219.500      30.4500      7.92000      78.0000      1.63026     0.207912    0.0278316
1998-09-05/17:34:30      219.350      29.3100      7.82000      64.0000      3.24076     0.438371    0.0508375
1998-09-05/17:34:50      219.240      28.1500      8.56000      43.0000      1.99193     0.731354    0.0237102
1998-09-05/17:35:10      219.130      27.0300      9.14000      64.0000      2.90088     0.438371    0.0455059
1998-09-05/17:35:30      219.060      25.9100      9.40000      55.0000      2.39890     0.573576    0.0342968
1998-09-05/17:35:50      218.920      24.7700      8.94000      76.0000      2.80807     0.241922    0.0475543
1998-09-05/17:36:11      218.790      23.6000      8.47000      65.0000      3.75034     0.422618    0.0593231
1998-09-05/17:36:31      218.680      22.4800      9.58000      77.0000      1.99423     0.224951    0.0339138
1998-09-05/17:36:51      218.560      21.3600      9.31000      82.0000      3.10004     0.139173    0.0535793
1998-09-05/17:37:11      218.460      20.2500      9.00000      96.0000      7.41021     0.104529     0.128624
1998-09-05/17:37:30      218.330      19.1700      8.81000      78.0000      3.50109     0.207912    0.0597702
1998-09-05/17:37:50      218.220      18.0500      8.72000      76.0000      2.99630     0.241922    0.0507419
1998-09-05/17:38:10      218.120      16.9400      8.83000      80.0000      3.05685     0.173648    0.0525416
1998-09-05/17:38:30      218.020      15.8200      8.61000      73.0000      5.88729     0.292372    0.0982628
1998-09-05/17:38:51      217.940      14.6900      8.44000      58.0000      3.31091     0.529919    0.0490055
1998-09-05/17:39:11      217.860      13.5900      8.18000      36.0000      4.16649     0.809017    0.0427431
1998-09-05/17:39:31      217.800      12.5200      8.02000      80.0000      5.16476     0.173648    0.0887726
1998-09-05/17:39:51      217.760      11.4500      8.60000      77.0000      4.94791     0.224951    0.0841440
1998-09-05/17:40:11      217.720      10.4000      8.68000      58.0000      5.01394     0.529919    0.0742125
1998-09-05/17:40:31      217.680      9.34000      8.60000      62.0000      7.25609     0.469472     0.111819
1998-09-05/17:40:51      217.640      8.29000      8.39000      48.0000      5.06210     0.669131    0.0656571
1998-09-05/17:41:11      217.620      7.20000      8.09000      76.0000      2.08650     0.241922    0.0353346
1998-09-05/17:41:31      217.580      6.07000      7.99000      77.0000      2.08461     0.224951    0.0354508
1998-09-05/17:41:51      217.560      4.96000      8.20000      101.000      4.33435     0.190809    0.0742588
1998-09-05/17:42:11      217.540      3.86000      8.32000      47.0000      3.42443     0.681998    0.0437112
1998-09-05/17:42:31      217.520      2.75000      8.09000      91.0000      1.70496    0.0174525    0.0297526
1998-09-05/17:42:51      217.480      1.67000      7.88000      97.0000      2.72844     0.121869    0.0472653
1998-09-05/17:43:11      217.440     0.570000      7.66000      102.000      6.19681     0.207912     0.105791
1998-09-05/17:43:31      217.400    -0.530000      7.40000      58.0000      4.08844     0.529919    0.0605139
1998-09-05/17:43:51      217.350     -1.60000      7.04000      97.0000      6.04684     0.121869     0.104751
1998-09-05/17:44:11      217.340     -2.68000      7.34000      89.0000      1.26635    0.0174524    0.0220986
1998-09-05/17:44:31      217.330     -3.74000      7.73000      49.0000      3.40025     0.656059    0.0447887
1998-09-05/17:44:51      217.350     -4.84000      7.85000      59.0000      3.14954     0.515038    0.0471184
1998-09-05/17:45:11      217.310     -5.95000      7.68000      79.0000      2.37992     0.190809    0.0407743
1998-09-05/17:45:31      217.280     -7.00000      7.65000      79.0000      2.68670     0.190809    0.0460302
1998-09-05/17:45:51      217.240     -8.05000      7.69000      79.0000      3.10054     0.190809    0.0531204
1998-09-05/17:46:11      217.220     -9.09000      7.59000      57.0000      7.52825     0.544639     0.110195
1998-09-05/17:46:31      217.240     -10.1300      7.80000      98.0000      7.08932     0.139173     0.122528
1998-09-05/17:46:51      217.270     -11.2400      7.73000      81.0000      3.43655     0.156434    0.0592407
1998-09-05/17:47:11      217.300     -12.3400      7.54000      69.0000      5.10242     0.358368    0.0831391
1998-09-05/17:47:31      217.300     -13.4400      7.30000      96.0000      3.54596     0.104529    0.0615496
1998-09-05/17:47:51      217.290     -14.5200      7.51000      67.0000      2.09250     0.390731    0.0336178
1998-09-05/17:48:11      217.310     -15.5800      8.13000      91.0000      1.65454    0.0174525    0.0288728
1998-09-05/17:48:31      217.310     -16.6900      8.15000      51.0000      3.90398     0.629320    0.0529526
1998-09-05/17:48:51      217.310     -17.7900      8.25000      96.0000      3.16120     0.104529    0.0548711
1998-09-05/17:49:11      217.330     -18.8800      8.24000      82.0000      5.90919     0.139173     0.102131
1998-09-05/17:49:31      217.350     -20.0000      8.29000      61.0000      4.06758     0.484810    0.0620916
1998-09-05/17:49:51      217.370     -21.0600      8.22000      68.0000      22.2732     0.374607     0.360434
1998-09-05/17:50:12      217.400     -22.1100      8.11000      52.0000      3.57709     0.615661    0.0491971
1998-09-05/17:50:32      217.420     -23.1700      8.41000      63.0000      4.18389     0.453990    0.0650637
1998-09-05/17:50:52      217.500     -24.2700      8.52000      75.0000      2.74456     0.258819    0.0462694
1998-09-05/17:51:12      217.590     -25.3800      8.34000      68.0000      4.42117     0.374607    0.0715452
1998-09-05/17:51:32      217.640     -26.5200      8.19000      58.0000      2.42035     0.529919    0.0358242
1998-09-05/17:51:52      217.660     -27.6600      8.25000      66.0000      2.42089     0.406737    0.0385996
1998-09-05/17:52:12      217.670     -28.7200      8.37000      65.0000      2.37061     0.422618    0.0374984
1998-09-05/17:52:32      217.710     -29.7900      8.51000      71.0000      3.46035     0.325568    0.0571041
1998-09-05/17:52:52      217.800     -30.8800      8.50000      70.0000      3.63450     0.342020    0.0596085
1998-09-05/17:53:12      217.930     -32.0100      8.33000      58.0000      2.80403     0.529919    0.0415031
1998-09-05/17:53:32      218.090     -33.2300      8.03000      68.0000      2.16209     0.374607    0.0349878
1998-09-05/17:53:52      218.170     -34.4100      7.74000      68.0000      2.04548     0.374607    0.0331008
1998-09-05/17:54:12      218.150     -35.5400      7.27000      60.0000      2.34718     0.500000    0.0354776
1998-09-05/17:54:33      218.110     -36.6300      6.66000      75.0000      2.26526     0.258819    0.0381891
1998-09-05/17:54:52      218.060     -37.6400      7.90000      79.0000      2.25861     0.190809    0.0386959
1998-09-05/17:55:12      218.000     -38.7200      7.99000      64.0000      2.55251     0.438371    0.0400410
1998-09-05/17:55:32      218.050     -39.8100      8.62000      37.0000      3.79876     0.798635    0.0399009
1998-09-05/17:55:52      218.050     -40.9200      8.21000      59.0000      6.07296     0.515038    0.0908539
1998-09-05/17:56:13      218.010     -42.0300      7.72000      71.0000      2.94697     0.325568    0.0486321
1998-09-05/17:56:33      217.990     -43.1100      7.63000      67.0000      1.94513     0.390731    0.0312501
1998-09-05/17:56:53      217.980     -44.1800      7.69000      41.0000      4.37375     0.754710    0.0500811
1998-09-05/17:57:13      218.030     -45.2800      7.86000      78.0000      1.78652     0.207912    0.0304993
1998-09-05/17:57:32      218.100     -46.3400      7.89000      71.0000      3.20879     0.325568    0.0529528
1998-09-05/17:57:52      218.170     -47.4800      7.83000      62.0000      2.45583     0.469472    0.0378452
1998-09-05/17:58:12      218.300     -48.5800      7.86000      61.0000      2.71868     0.484810    0.0415006
1998-09-05/17:58:32      218.440     -49.7500      7.82000      65.0000      2.85912     0.422618    0.0452257
1998-09-05/17:58:53      218.620     -50.9400      7.81000      52.0000      4.27100     0.615661    0.0587407
1998-09-05/17:59:13      218.830     -52.1200      7.77000      61.0000      4.45736     0.484810    0.0680416
1998-09-05/17:59:33      219.020     -53.2700      7.72000      62.0000      3.85261     0.469472    0.0593700
1998-09-05/17:59:53      219.200     -54.4300      7.74000      49.0000      4.84274     0.656059    0.0637894
1998-09-05/18:00:12      219.540     -55.5800      7.17000      65.0000      1.76200     0.422618    0.0278714
1998-09-05/18:00:32      220.030     -56.8000      6.95000      65.0000      1.94222     0.422618    0.0307221
1998-09-05/18:00:52      220.540     -58.0800      6.91000      59.0000      2.92475     0.515038    0.0437554
1998-09-05/18:01:12      220.970     -59.3200      6.69000      60.0000      2.64246     0.500000    0.0399408
1998-09-05/18:01:33      221.320     -60.5000      6.26000      74.0000      2.68027     0.275637    0.0449674
1998-09-05/18:01:53      221.410     -61.4500      7.13000      79.0000      2.37992     0.190809    0.0407743
1998-09-05/18:02:13      221.230     -62.4600      7.48000      55.0000      2.26797     0.573576    0.0324249
1998-09-05/18:02:33      221.270     -63.4900      7.25000      55.0000      1.43726     0.573576    0.0205484
1998-09-05/18:02:53      221.450     -64.6000      7.40000      70.0000      3.44885     0.342020    0.0565637
1998-09-05/18:03:13      221.700     -65.6100      7.60000      73.0000      2.84991     0.292372    0.0475669
1998-09-05/18:03:33      222.040     -66.7000      7.67000      71.0000      2.06552     0.325568    0.0340861
1998-09-05/18:03:53      222.440     -67.7600      7.46000      66.0000      2.02531     0.406737    0.0322923
1998-09-05/18:04:13      222.650     -68.7100      7.36000      67.0000      1.61897     0.390731    0.0260101
1998-09-05/18:04:33      223.310     -69.8800      7.41000      70.0000      2.65359     0.342020    0.0435208
1998-09-05/18:04:53      224.380     -71.1700      7.57000      71.0000      3.12735     0.325568    0.0516088
1998-09-05/18:05:13      226.090     -72.5500      7.75000      59.0000      3.14954     0.515038    0.0471184
1998-09-05/18:05:33      228.390     -74.0200      7.80000      62.0000      3.60112     0.469472    0.0554945
1998-09-05/18:05:54      231.320     -75.5100      7.57000      67.0000      2.03620     0.390731    0.0327133
1998-09-05/18:06:14      234.940     -77.1600      7.71000      64.0000      2.26287     0.438371    0.0354975
1998-09-05/18:06:34      239.730     -78.6200      8.13000      69.0000      6.05545     0.358368    0.0986678
1998-09-05/18:38:53      37.9100     -9.64000      7.94000      109.000      2.83748     0.325568    0.0468253
1998-09-05/18:39:13      37.8700     -8.78000      7.88000      95.0000      3.12222    0.0871559    0.0542857
1998-09-05/18:39:33      37.9900     -7.62000      8.14000      108.000      3.12735     0.309017    0.0519111
1998-09-05/18:39:53      38.2100     -6.29000      8.08000      116.000      3.23533     0.438371    0.0507524
1998-09-05/18:40:14      38.0300     -5.07000      8.01000      114.000      1.94222     0.406737    0.0309675
1998-09-05/18:40:34      37.9100     -4.12000      8.02000      154.000      4.88278     0.898794    0.0373582
1998-09-05/18:40:54      37.8000     -2.99000      7.94000      156.000      3.23963     0.913545    0.0229978
1998-09-05/18:41:14      37.9800     -2.10000      7.95000      107.000      2.80513     0.292372    0.0468195
1998-09-05/18:41:33      37.9600    -0.910000      8.16000      113.000      1.78538     0.390731    0.0286836
1998-09-05/18:41:53      37.7700     0.200000      7.87000      100.000      2.22837     0.173648    0.0383015
1998-09-05/18:42:54      37.4700      3.49000      8.00000      146.000      28.3908     0.829038     0.277087
1998-09-05/18:43:14      37.5200      4.50000      7.96000      140.000      9.17525     0.766045     0.102935
1998-09-05/18:43:34      37.5900      5.53000      7.93000      150.000      7.97400     0.866026    0.0695863
1998-09-05/18:43:54      37.6800      6.66000      7.86000      114.000      3.55449     0.406737    0.0566741
1998-09-05/18:44:13      37.8400      7.61000      7.81000      127.000      3.04156     0.601815    0.0423958
1998-09-05/18:44:33      37.4500      8.75000      7.62000      134.000      2.05788     0.694658    0.0258364
1998-09-05/18:44:53      37.3000      9.86000      7.42000      110.000      3.03986     0.342020    0.0498559
1998-09-05/18:45:13      37.4700      10.9100      7.63000      110.000      3.82218     0.342020    0.0626865
1998-09-05/18:45:34      37.7400      11.9900      7.67000      122.000      2.11743     0.529919    0.0313406
1998-09-05/18:45:54      37.9300      13.0500      7.75000      118.000      2.91367     0.469472    0.0449007
1998-09-05/18:46:14      37.6700      14.0700      7.84000      139.000      3.61108     0.754710    0.0413483
1998-09-05/18:46:34      37.7600      15.1800      7.86000      121.000      3.04718     0.515038    0.0455870
1998-09-05/18:46:53      37.6200      15.9400      8.17000      119.000      4.47089     0.484810    0.0682481
1998-09-05/18:47:13      37.1900      16.9000      7.41000      125.000      2.63929     0.573576    0.0377337
1998-09-05/18:47:33      37.1000      17.8300      7.63000      119.000      3.57206     0.484810    0.0545275
1998-09-05/18:47:53      37.0500      18.5900      7.94000      96.0000      3.64446     0.104529    0.0632594
1998-09-05/18:48:14      37.4000      19.3900      8.22000      96.0000      5.33106     0.104529    0.0925348
1998-09-05/18:49:14      38.5800      22.6400      8.26000      129.000      4.60242     0.629321    0.0624261
1998-09-05/18:49:33      38.5900      24.0200      9.77000      121.000      3.90478     0.515038    0.0584170
1998-09-05/18:49:53      37.9900      25.2200      9.41000      110.000      3.59163     0.342020    0.0589054
1998-09-05/18:50:13      38.1400      26.4500      6.32000      109.000      3.04196     0.325568    0.0501997
1998-09-05/18:50:33      38.2800      27.6000      8.63000      114.000      2.37061     0.406737    0.0377979
1998-09-05/18:50:54      37.9100      28.6800      9.29000      112.000      2.03620     0.374607    0.0329506
1998-09-05/18:51:14      37.8000      29.8900      9.52000      123.000      2.68240     0.544639    0.0392638
1998-09-05/18:51:34      37.9400      30.9400      9.37000      93.0000      3.35027    0.0523359    0.0583931
1998-09-05/18:51:54      37.8100      32.0000      8.62000      95.0000      4.53974    0.0871559    0.0789319
1998-09-05/18:52:13      37.5700      33.0700      8.29000      123.000      2.68240     0.544639    0.0392638
1998-09-05/18:52:33      37.7700      34.1600      8.11000      126.000      3.91933     0.587785    0.0553410
1998-09-05/18:52:53      37.6000      35.1400      8.14000      124.000      2.94981     0.559193    0.0426821
1998-09-05/18:53:13      37.5300      36.3300      8.85000      126.000      4.35442     0.587785    0.0614845
1998-09-05/18:53:34      37.1800      37.1400      8.92000      124.000      2.39890     0.559193    0.0347107
1998-09-05/18:53:54      37.1400      38.2700      8.59000      130.000      3.97021     0.642788    0.0530817
1998-09-05/18:54:14      37.4800      39.5700      8.74000      130.000      4.98111     0.642788    0.0665974
1998-09-05/18:54:53      37.6200      41.9400      8.91000      92.0000      2.34627    0.0348995    0.0409252
1998-09-05/18:55:33      37.6600      43.9900      8.65000      94.0000      3.44888    0.0697566    0.0600477
1998-09-05/18:55:53      37.6400      45.0100      8.45000      102.000      2.85176     0.207912    0.0486850
1998-09-05/18:56:14      37.7200      46.1400      15.2200      113.000      2.64073     0.390731    0.0424255
1998-09-05/18:56:34      37.4600      46.9300      15.3300      129.000      4.25829     0.629321    0.0577584
1998-09-05/18:56:54      36.9500      48.0100      15.2000      135.000      4.25827     0.707107    0.0525528
1998-09-05/18:57:14      38.0700      49.2200      15.3500      134.000      3.04750     0.694658    0.0382609
1998-09-05/18:57:53      36.7200      50.6100      14.2800      97.0000      5.96992     0.121869     0.103418
1998-09-05/18:58:33      37.3800      52.4700      14.7200      145.000      13.5476     0.819152     0.135622
1998-09-05/18:58:54      36.8300      53.2000      15.1700      157.000      37.7804     0.920505     0.257645
1998-09-05/18:59:14      36.2500      54.4500      16.2400      149.000      31.4226     0.857167     0.282461
1998-09-05/18:59:54      37.7800      56.5900      16.6100      153.000      32.8278     0.891007     0.260115
1998-09-05/19:00:13      37.9200      57.4100      16.4900      147.000      30.4102     0.838671     0.289071
1998-09-05/19:02:14      41.3400      65.9200      16.5200      105.000      3.75271     0.258819    0.0632654
1998-09-05/19:02:34      42.7400      68.0300      16.4900      118.000      3.30730     0.469472    0.0509666
1998-09-05/19:02:53      44.2500      69.3500      16.1600      104.000      2.65779     0.241922    0.0450093
1998-09-05/19:03:14      45.8900      71.3300      16.1100      110.000      2.45938     0.342020    0.0403356
1998-09-05/19:03:34      45.6500      71.3700      16.2200      115.000      3.09391     0.422618    0.0489396
1998-09-05/19:03:54      46.1700      72.4000      15.7000      115.000      3.00722     0.422618    0.0475684
1998-09-05/19:04:14      47.8900      73.9200      15.1400      120.000      2.92475     0.500000    0.0442076
1998-09-05/19:04:34      49.1300      74.9100      14.9800      121.000      2.94793     0.515038    0.0441022
1998-09-05/19:04:54      54.3900      76.7900      15.9100      115.000      2.90088     0.422618    0.0458863
1998-09-05/19:05:14      58.7300      78.0000      15.3400      111.000      2.25057     0.358368    0.0366709
1998-09-05/19:24:35      237.000      54.9400      13.2300      68.0000      1.76109     0.374607    0.0284987
1998-09-05/19:24:55      234.750      54.5000      12.6600      66.0000      1.11861     0.406737    0.0178355
1998-09-05/19:25:15      233.780      52.9300      11.6200      67.0000      1.29069     0.390731    0.0207360
1998-09-05/19:25:34      232.040      50.8800      11.5700      66.0000      1.20991     0.406737    0.0192913
1998-09-05/19:25:54      226.880      48.7600      11.7300      69.0000      2.65743     0.358368    0.0433003
1998-09-05/19:26:14      225.180      47.3700      11.4000      68.0000      2.04548     0.374607    0.0331008
1998-09-05/19:26:34      224.180      46.7800      13.4000      74.0000      2.68027     0.275637    0.0449674
1998-09-05/19:26:55      222.700      45.9400      14.1200      68.0000      2.04548     0.374607    0.0331008
1998-09-05/19:27:15      222.330      44.9000      15.3500      79.0000      2.01648     0.190809    0.0345476
1998-09-05/19:27:35      222.190      43.4700      15.5400      76.0000      1.73153     0.241922    0.0293232
1998-09-05/19:27:55      221.820      42.7200      16.6500      71.0000      2.06552     0.325568    0.0340861
1998-09-05/19:28:14      220.330      41.4300      15.6600      70.0000      2.51082     0.342020    0.0411793
1998-09-05/19:28:35      220.010      40.2500      14.5600      71.0000      2.88853     0.325568    0.0476677
1998-09-05/19:28:55      219.640      39.2100      14.0900      72.0000      2.56265     0.309017    0.0425376
1998-09-05/19:29:15      219.110      38.3200      24.5500      67.0000      1.68015     0.390731    0.0269930
1998-09-05/19:29:35      218.630      37.4600      18.4600      75.0000      1.72400     0.258819    0.0290642
1998-09-05/19:29:55      218.290      36.6800      10.8700      70.0000      2.04840     0.342020    0.0335953
1998-09-05/19:30:15      218.350      35.8000      10.0200      71.0000      2.06552     0.325568    0.0340861
1998-09-05/19:30:35      218.470      34.7000      10.9500      73.0000      2.68499     0.292372    0.0448143
1998-09-05/19:30:56      218.260      33.4600      12.0500      75.0000      2.01372     0.258819    0.0339485
1998-09-05/19:31:16      218.190      32.3400      13.3300      73.0000      2.18013     0.292372    0.0363878
1998-09-05/19:31:36      218.080      31.2300      14.4500      69.0000      2.12442     0.358368    0.0346154
1998-09-05/19:31:56      218.060      30.2200      14.5300      66.0000      1.46827     0.406737    0.0234106
1998-09-05/19:32:15      218.060      29.2000      14.4200      72.0000      2.80513     0.309017    0.0465625
1998-09-05/19:32:35      217.940      27.9600      14.7200      75.0000      2.26526     0.258819    0.0381891
1998-09-05/19:32:55      217.850      26.8100      14.5200      69.0000      2.05488     0.358368    0.0334823
1998-09-05/19:33:15      217.760      25.6700      13.8400      76.0000      1.98394     0.241922    0.0335977
1998-09-05/19:33:36      217.680      24.4500      13.4000      70.0000      2.57545     0.342020    0.0422393
1998-09-05/19:33:56      217.570      23.2700      13.5700      77.0000      1.60103     0.224951    0.0272271
1998-09-05/19:34:16      217.450      22.1000      13.7200      67.0000      1.81141     0.390731    0.0291018
1998-09-05/19:34:36      217.330      21.0400      13.8500      69.0000      2.55790     0.358368    0.0416786
1998-09-05/19:34:55      217.230      19.9800      13.8500      64.0000      3.88985     0.438371    0.0610197
1998-09-05/19:35:16      217.180      18.8800      13.9100      34.0000      2.28567     0.829038    0.0223076
1998-09-05/19:35:36      217.080      17.7100      13.8700      29.0000      5.95333     0.874620    0.0503742
1998-09-05/19:35:56      216.900      16.4900      13.9900      62.0000      2.93155     0.469472    0.0451762
1998-09-05/19:36:16      216.870      15.3900      13.9300      79.0000      2.37992     0.190809    0.0407743
1998-09-05/19:36:36      217.030      14.3400      13.9000      48.0000      2.35911     0.669131    0.0305984
1998-09-05/19:36:56      217.220      13.3700      14.3900      51.0000      4.25030     0.629320    0.0576500
1998-09-05/19:37:16      217.220      12.4600      15.1900      44.0000      2.66943     0.719340    0.0323644
1998-09-05/19:37:36      217.050      11.4800      15.2600      64.0000      2.78826     0.438371    0.0437392
1998-09-05/19:37:56      216.770      10.6500      15.4500      45.0000      4.21481     0.707107    0.0520164
1998-09-05/19:38:16      216.480      9.38000      15.5600      38.0000      4.45813     0.788011    0.0479040
1998-09-05/19:38:36      216.400      8.07000      15.7300      37.0000      8.24852     0.798635    0.0866396
1998-09-05/19:38:56      216.380      6.80000      15.7400      55.0000      1.84570     0.573576    0.0263878
1998-09-05/19:39:16      216.330      5.62000      15.9600      69.0000      4.20403     0.358368    0.0685007
1998-09-05/19:39:36      216.290      4.53000      15.8300      56.0000      2.11018     0.559193    0.0305331
1998-09-05/19:39:56      216.350      3.52000      15.9700      76.0000      2.80807     0.241922    0.0475543
1998-09-05/19:40:16      216.400      2.53000      16.6700      68.0000      2.37731     0.374607    0.0384706
1998-09-05/19:40:36      216.370      1.41000      16.9600      60.0000      4.89643     0.500000    0.0740095
1998-09-05/19:40:56      216.320     0.340000      16.4600      66.0000      2.30954     0.406737    0.0368242
1998-09-05/19:41:16      216.270    -0.770000      17.1400      58.0000      3.56322     0.529919    0.0527400
1998-09-05/19:55:57      218.400     -49.0300      16.7100      62.0000      2.93155     0.469472    0.0451762
1998-09-05/19:56:18      218.490     -50.2900      16.9300      66.0000      1.20991     0.406737    0.0192913
1998-09-05/19:56:38      218.170     -51.3700      16.6000      65.0000      3.21946     0.422618    0.0509256
1998-09-05/19:56:58      218.530     -52.7300      17.3300      79.0000      2.22837     0.190809    0.0381778
1998-09-05/19:57:18      218.010     -53.1900      16.8000      75.0000      5.96616     0.258819     0.100581
1998-09-05/19:57:37      217.990     -54.2400      17.2000      58.0000      2.42035     0.529919    0.0358242
1998-09-05/19:57:57      218.760     -55.0900      16.1800      57.0000      2.26089     0.544639    0.0330939
1998-09-05/19:58:17      218.630     -56.2500      18.1500      66.0000      1.31741     0.406737    0.0210053
1998-09-05/19:58:37      218.920     -57.9900      16.4800      64.0000      2.55251     0.438371    0.0400410
1998-09-05/19:58:58      219.100     -59.2000      16.6900      58.0000      3.23298     0.529919    0.0478521
1998-09-05/19:59:18      219.880     -60.5100      15.9200      45.0000      6.71490     0.707107    0.0828709
1998-09-05/19:59:38      220.380     -61.6200      15.4700      75.0000      2.74456     0.258819    0.0462694
1998-09-05/19:59:58      220.210     -63.0000      15.6200      59.0000      2.61527     0.515038    0.0391255
1998-09-05/20:20:53      53.8600     -65.3300      15.5400      149.000      7.02966     0.857167    0.0631904
1998-09-05/20:21:13      47.7900     -62.5100      15.6600      121.000      5.39685     0.515038    0.0807390
1998-09-05/20:21:34      46.3500     -60.6400      16.1300      109.000      3.23959     0.325568    0.0534610
1998-09-05/20:21:54      45.9900     -59.3800      14.0900      109.000      2.46527     0.325568    0.0406829
1998-09-05/20:22:14      46.1900     -58.2300      15.2700      108.000      2.61726     0.309017    0.0434441
1998-09-05/20:22:34      45.3600     -56.9900      15.0600      132.000      4.84587     0.669131    0.0628525
1998-09-05/20:24:14      41.5500     -49.8400      13.2300      98.0000      4.02632     0.139173    0.0695887
1998-09-05/20:24:54      41.0300     -48.0600      10.4500      96.0000      2.99009     0.104529    0.0519010
1998-09-05/20:26:33      38.4300     -41.5700      14.2600      91.0000      1.77038    0.0174525    0.0308943
1998-09-05/20:26:54      38.2000     -40.5300      14.5100      107.000      3.59803     0.292372    0.0600535
1998-09-05/20:27:14      37.7600     -39.2500      13.2900      113.000      2.42089     0.390731    0.0388936
1998-09-05/20:27:54      37.0400     -36.2100      12.4700      109.000      5.05363     0.325568    0.0833971
1998-09-05/20:28:13      36.9200     -34.5700      13.2900      138.000      8.92662     0.743145     0.104250
1998-09-05/20:28:33      37.2300     -33.1500      15.1800      136.000      7.43412     0.719340    0.0901318
1998-09-05/20:28:53      37.0700     -32.2600      13.5000      144.000      10.8224     0.809017     0.111025
1998-09-05/20:29:13      36.6600     -31.4100      14.3600      127.000      6.92645     0.601815    0.0965465
1998-09-05/20:29:34      36.3100     -30.5800      13.4000      126.000      6.55871     0.587785    0.0926090
1998-09-05/20:29:54      35.8400     -29.6800      10.1600      113.000      3.71143     0.390731    0.0596272
1998-09-05/20:30:14      35.8300     -28.7600      11.6400      106.000      4.73724     0.275637    0.0794775
1998-09-05/20:30:34      35.7800     -27.7000      12.2200      104.000      4.75772     0.241922    0.0805713
1998-09-05/20:30:53      35.6900     -26.6800      13.1300      106.000      3.76704     0.275637    0.0632003
1998-09-05/20:31:13      35.7600     -25.5900      12.7400      106.000      3.98240     0.275637    0.0668134
1998-09-05/20:31:33      35.7700     -24.5500      13.2900      105.000      4.42859     0.258819    0.0746598
1998-09-05/20:31:53      35.7500     -23.4900      13.9300      107.000      3.59803     0.292372    0.0600535
1998-09-05/20:32:14      35.6800     -22.4700      14.2500      112.000      1.47353     0.374607    0.0238453
1998-09-05/20:32:34      35.5800     -21.3900      14.6200      101.000      1.82292     0.190809    0.0312314
1998-09-05/20:32:54      35.4700     -20.3400      14.5100      99.0000      2.70037     0.156434    0.0465501
1998-09-05/20:33:14      35.3500     -19.2700      13.5800      102.000      1.60103     0.207912    0.0273326
1998-09-05/20:33:33      35.2900     -18.2200      14.4200      101.000      1.78652     0.190809    0.0306078
1998-09-05/20:33:53      35.2200     -17.1400      13.9400      109.000      3.56289     0.325568    0.0587963
1998-09-05/20:34:13      35.1600     -16.0600      15.7500      111.000      2.32941     0.358368    0.0379555
1998-09-05/20:34:33      35.1500     -15.0300      14.9400      138.000      2.49980     0.743145    0.0291940
1998-09-05/20:34:54      35.0900     -14.0000      14.3800      125.000      1.91644     0.573576    0.0273992
1998-09-05/20:35:14      35.1200     -12.8800      14.5400      129.000      3.48074     0.629321    0.0472119
1998-09-05/20:35:34      35.2600     -11.6800      14.6600      106.000      1.92121     0.275637    0.0322325
1998-09-05/20:35:54      35.2300     -10.4200      14.6200      110.000      2.73958     0.342020    0.0449311
1998-09-05/20:36:13      35.2300     -9.30000      14.0600      113.000      2.10025     0.390731    0.0337423
1998-09-05/20:36:33      35.1200     -8.16000      14.4100      117.000      3.60112     0.453991    0.0560010
1998-09-05/20:36:53      34.9700     -7.21000      14.4300      109.000      2.90309     0.325568    0.0479080
1998-09-05/20:37:14      34.9800     -6.22000      15.3100      104.000      2.98416     0.241922    0.0505363
1998-09-05/20:37:34      35.0200     -5.06000      14.5400      113.000      4.44103     0.390731    0.0713489
1998-09-05/20:37:54      34.8600     -3.97000      15.2900      110.000      5.24256     0.342020    0.0859818
1998-09-05/20:38:14      34.6500     -2.91000      14.8100      121.000      3.75244     0.515038    0.0561380
1998-09-05/20:38:34      34.2600     -1.78000      13.7400      126.000      5.29392     0.587785    0.0747502
1998-09-05/20:38:54      34.4200     -1.10000      13.4400      142.000      3.39940     0.788011    0.0365276
1998-09-05/20:40:54      34.2200      5.24000      13.3300      114.000      3.09401     0.406737    0.0493321
1998-09-05/20:41:14      34.1300      6.18000      12.3900      138.000      4.02178     0.743145    0.0469685
1998-09-05/20:42:15      34.1900      9.17000      14.0100      93.0000      2.97130    0.0523359    0.0517879
1998-09-05/20:42:35      34.2100      10.0800      14.5600      101.000      2.02113     0.190809    0.0346273
1998-09-05/20:42:54      34.4400      11.0400      14.6200      110.000      3.07254     0.342020    0.0503919
1998-09-05/20:43:14      34.5600      12.0300      14.0600      137.000      2.77105     0.731354    0.0329841
1998-09-05/20:43:34      34.6600      13.0300      14.6500      103.000      3.09582     0.224951    0.0526474
1998-09-05/20:50:15      34.7600      35.0000      13.6900      102.000      1.80454     0.207912    0.0308069
1998-09-05/20:50:35      34.6800      36.2300      15.8900      110.000      2.65743     0.342020    0.0435838
1998-09-05/20:50:54      34.6000      37.4000      13.4200      115.000      2.15278     0.422618    0.0340528
1998-09-05/20:51:14      34.5600      38.4300      9.85000      106.000      2.31977     0.275637    0.0389192
1998-09-05/20:51:34      34.4100      39.4900      12.5200      106.000      2.45874     0.275637    0.0412507
1998-09-05/20:51:54      34.3400      40.5500      13.7500      109.000      2.57545     0.325568    0.0425011
1998-09-05/20:52:15      34.1300      41.9100      14.5000      103.000      3.09582     0.224951    0.0526474
1998-09-05/20:52:35      34.2700      42.7900      15.4500      108.000      3.12735     0.309017    0.0519111
1998-09-05/20:52:55      33.8500      43.9000      14.3000      120.000      2.87450     0.500000    0.0434480
1998-09-05/20:53:15      34.0400      45.0300      14.8400      119.000      2.34718     0.484810    0.0358297
1998-09-05/20:53:34      33.9600      46.0700      14.5900      124.000      1.55036     0.559193    0.0224328
1998-09-05/20:53:54      33.8500      47.4100      12.4900      118.000      3.56851     0.469472    0.0549920
1998-09-05/20:54:14      33.8000      48.8400      13.8100      118.000      2.71868     0.469472    0.0418958
1998-09-05/20:54:34      33.6000      49.9400      13.4400      116.000      2.15172     0.438371    0.0337538
1998-09-05/20:54:55      33.4600      51.0000      14.5500      116.000      2.47717     0.438371    0.0388592
1998-09-05/20:55:15      33.2000      52.0400      12.1600      116.000      2.61791     0.438371    0.0410669
1998-09-05/20:55:35      33.2200      52.9700      13.3100      109.000      2.57545     0.325568    0.0425011
1998-09-05/20:55:55      33.1000      54.2400      15.6000      100.000      2.01648     0.173648    0.0346595
1998-09-05/20:56:14      33.1200      55.3900      15.9300      115.000      2.46981     0.422618    0.0390676
1998-09-05/20:56:34      33.1200      56.6700      17.7100      107.000      2.08872     0.292372    0.0348621
1998-09-05/20:56:54      33.0500      57.8800      17.4000      99.0000      2.49419     0.156434    0.0429959
1998-09-05/20:57:14      32.4200      59.3300      15.4600      106.000      3.07495     0.275637    0.0515890
1998-09-05/20:57:35      32.1000      60.6700      14.9700      118.000      2.30775     0.469472    0.0355632
1998-09-05/20:57:55      32.2600      61.8400      10.7600      114.000      1.58638     0.406737    0.0252938
1998-09-05/20:58:15      32.0300      63.1100      10.0300      109.000      2.41105     0.325568    0.0397881
1998-09-05/20:58:35      31.7600      64.7100      8.20000      110.000      2.27385     0.342020    0.0372928
1998-09-05/20:58:54      31.4500      66.1100      10.1600      109.000      2.46527     0.325568    0.0406829
1998-09-05/20:59:14      31.1200      67.3100      14.2400      109.000      2.83748     0.325568    0.0468253
1998-09-05/20:59:34      31.1200      68.4600      14.4800      110.000      2.45938     0.342020    0.0403356
1998-09-05/20:59:54      30.2500      70.4000      14.4500      109.000      2.34075     0.325568    0.0386280
1998-09-05/21:00:15      29.4800      71.6300      15.2700      108.000      2.06552     0.309017    0.0342857
1998-09-05/21:00:35      28.5200      74.0700      15.4400      107.000      1.99452     0.292372    0.0332899
1998-09-05/21:00:55      26.9800      75.1300      14.3500      104.000      1.64793     0.241922    0.0279075
1998-09-05/23:18:16      235.900      66.2900      14.4200      119.000      3.98186     0.484810    0.0607831
1998-09-05/23:18:36      230.590      63.8500      14.4100      115.000      2.55251     0.422618    0.0403757
1998-09-05/23:18:55      227.810      61.9300      14.2800      119.000      4.13137     0.484810    0.0630653
1998-09-05/23:19:15      224.730      60.3200      15.4300      116.000      3.89243     0.438371    0.0610602
1998-09-05/23:19:35      223.010      58.6800      15.2000      112.000      2.22430     0.374607    0.0359945
1998-09-05/23:19:55      222.190      57.3600      15.2400      120.000      3.05288     0.500000    0.0461443
1998-09-05/23:20:16      221.620      56.0000      15.6000      120.000      2.92475     0.500000    0.0442076
1998-09-05/23:20:36      220.800      54.4100      15.6500      113.000      1.53310     0.390731    0.0246305
1998-09-05/23:20:56      219.560      52.7600      15.8400      113.000      1.39088     0.390731    0.0223457
1998-09-05/23:21:16      219.260      51.9000      15.5400      124.000      1.68852     0.559193    0.0244319
1998-09-05/23:21:35      219.150      51.0100      15.8800      125.000      1.84329     0.573576    0.0263533
1998-09-05/23:21:55      218.590      49.3300      15.2900      127.000      4.57501     0.601815    0.0637702
1998-09-05/23:22:15      218.340      48.1300      15.6700      122.000      3.33634     0.529919    0.0493819
1998-09-05/23:22:35      219.140      47.3900      15.9100      127.000      3.45851     0.601815    0.0482075
1998-09-05/23:22:56      219.390      46.0500      15.6600      114.000      2.74282     0.406737    0.0437326
1998-09-05/23:23:16      219.290      44.9200      15.6600      114.000      2.97444     0.406737    0.0474256
1998-09-05/23:23:36      219.040      43.6100      15.4900      124.000      2.56447     0.559193    0.0371064
1998-09-05/23:23:56      218.640      42.3800      15.6600      121.000      2.75133     0.515038    0.0411610
1998-09-05/23:24:15      218.250      41.2400      15.7400      116.000      3.01723     0.438371    0.0473310
1998-09-05/23:24:35      217.870      39.9400      16.0300      128.000      7.77639     0.615661     0.106952
1998-09-05/23:24:55      217.150      38.6400      16.4900      114.000      2.09785     0.406737    0.0334489
1998-09-05/23:25:15      216.740      37.5700      15.8900      122.000      2.33138     0.529919    0.0345073
1998-09-05/23:25:36      216.500      36.6200      15.4800      118.000      4.45736     0.469472    0.0686894
1998-09-05/23:25:56      216.260      35.2000      16.3400      108.000      4.90683     0.309017    0.0814488
1998-09-05/23:26:16      215.360      33.4700      17.1000      110.000      2.88719     0.342020    0.0473520
1998-09-05/23:26:36      215.380      30.9900      17.0400      93.0000      3.31445    0.0523359    0.0577688
1998-09-05/23:27:15      214.700      27.1300      16.9900      116.000      21.9194     0.438371     0.343848
1998-09-05/23:28:16      215.720      20.4300      17.1000      114.000      9.16334     0.406737     0.146104
1998-09-05/23:32:15      216.140      15.2100      16.9800      135.000      8.57594     0.707107     0.105839
1998-09-05/23:32:35      216.270      13.1200      16.9200      124.000      1.47084     0.559193    0.0212822
1998-09-05/23:33:15      214.380      10.5400      16.9100      111.000      4.86263     0.358368    0.0792319
1998-09-05/23:33:36      214.620      9.74000      17.1800      116.000      4.03187     0.438371    0.0632476
1998-09-05/23:33:56      214.860      8.55000      17.4400      136.000      2.72704     0.719340    0.0330628
1998-09-05/23:34:36      214.760      5.60000      17.7600      100.000      2.93754     0.173648    0.0504908
1998-09-05/23:35:15      215.370     -1.33000      17.6700      98.0000      5.49410     0.139173    0.0949569
1998-09-05/23:35:55      216.760     -1.99000      17.4500      112.000      2.29214     0.374607    0.0370924
1998-09-05/23:36:16      218.230     -8.83000      17.5400      133.000      3.66805     0.681998    0.0468209
1998-09-05/23:37:16      214.000     -5.19000      17.6500      100.000      21.1866     0.173648     0.364158
1998-09-05/23:37:35      214.880     -10.3000      17.4700      122.000      8.08792     0.529919     0.119711
1998-09-05/23:38:56      211.360     -11.7400      17.6500      149.000      31.4226     0.857167     0.282461
1998-09-05/23:39:16      213.950     -8.35000      18.0400      98.0000      26.9132     0.139173     0.465153
1998-09-05/23:39:36      214.690     -9.61000      18.3800      109.000      5.93844     0.325568    0.0979986
1998-09-05/23:40:15      214.910     -12.4300      18.6300      109.000      3.28169     0.325568    0.0541558
1998-09-05/23:40:35      214.750     -13.3900      18.6300      134.000      9.17734     0.694658     0.115220
1998-09-05/23:40:55      214.860     -14.4600      18.8600      132.000      5.60423     0.669131    0.0726887
1998-09-05/23:41:15      214.640     -15.5600      19.2500      126.000      2.37413     0.587785    0.0335227
1998-09-05/23:41:36      214.750     -16.5200      19.1100      126.000      2.78934     0.587785    0.0393855
1998-09-05/23:41:56      214.790     -17.6300      18.8000      146.000      8.76124     0.829038    0.0855076
1998-09-05/23:42:16      214.660     -18.7400      18.9600      126.000      4.16535     0.587785    0.0588148
1998-09-05/23:42:36      214.600     -20.0500      18.9100      119.000      4.66063     0.484810    0.0711445
1998-09-05/23:43:15      214.460     -22.3800      18.1400      107.000      6.71536     0.292372     0.112084
1998-09-05/23:43:55      214.550     -24.3700      17.5300      108.000      3.20879     0.309017    0.0532629
1998-09-05/23:44:16      214.790     -25.5300      17.2600      100.000      3.53087     0.173648    0.0606891
1998-09-05/23:44:36      214.660     -26.6600      18.3000      135.000      3.84070     0.707107    0.0473994
1998-09-05/23:45:35      214.530     -29.5000      18.0900      111.000      2.89320     0.358368    0.0471420
1998-09-05/23:46:15      214.250     -31.6300      18.0200      141.000      30.1216     0.777146     0.330847
1998-09-05/23:46:35      214.130     -32.6300      17.9300      130.000      2.86654     0.642788    0.0383256
1998-09-05/23:46:55      213.850     -33.6400      17.7000      137.000      12.0387     0.731354     0.143298
1998-09-05/23:47:15      214.090     -34.6100      17.9200      100.000      9.65396     0.173648     0.165934
1998-09-05/23:47:35      214.240     -35.7300      18.0600      113.000      3.00172     0.390731    0.0482252
1998-09-05/23:47:55      214.500     -36.8500      18.2600      115.000      4.90301     0.422618    0.0775561
1998-09-05/23:48:15      214.560     -38.0100      18.3600      122.000      6.63312     0.529919    0.0981783
1998-09-05/23:48:35      214.860     -39.0300      18.4000      111.000      2.66344     0.358368    0.0433982
1998-09-05/23:48:55      214.950     -40.2000      18.7600      109.000      3.18880     0.325568    0.0526229
1998-09-05/23:49:15      215.050     -41.0300      18.8800      105.000      3.92395     0.258819    0.0661523
1998-09-05/23:49:55      215.450     -43.6400      19.2000      131.000      3.31843     0.656059    0.0437109
1998-09-05/23:50:15      215.580     -44.7900      18.7600      119.000      5.18222     0.484810    0.0791065
1998-09-05/23:50:35      215.560     -45.9100      18.6000      113.000      2.19499     0.390731    0.0352644
1998-09-05/23:50:55      215.210     -46.9600      18.8700      119.000      4.89643     0.484810    0.0747440
1998-09-05/23:51:15      214.810     -47.9600      18.7000      143.000      6.77975     0.798636    0.0712121
1998-09-05/23:51:35      214.850     -49.0400      18.3100      107.000      5.86741     0.292372    0.0979310
1998-09-05/23:51:55      214.970     -49.9800      18.8100      111.000      2.47319     0.358368    0.0402983
1998-09-05/23:52:15      214.930     -51.2700      18.8600      124.000      1.61080     0.559193    0.0233074
1998-09-05/23:52:35      215.230     -51.9500      18.5800      125.000      2.77985     0.573576    0.0397432
1998-09-05/23:52:55      216.480     -53.7100      18.5600      122.000      3.12708     0.529919    0.0462846
1998-09-05/23:53:15      216.060     -54.7000      17.8200      120.000      3.14954     0.500000    0.0476053
1998-09-05/23:53:35      216.020     -56.7500      17.2900      106.000      2.68499     0.275637    0.0450466
1998-09-05/23:53:55      215.000     -57.1600      17.5200      107.000      3.33396     0.292372    0.0556460
1998-09-05/23:54:15      216.140     -58.1900      17.2800      127.000      3.96993     0.601815    0.0553361
1998-09-05/23:54:35      215.590     -59.5300      17.4000      122.000      4.21993     0.529919    0.0624602
1998-09-05/23:54:55      215.880     -60.1900      17.2800      131.000      3.73483     0.656059    0.0491958
1998-09-05/23:55:15      216.660     -61.1400      17.1100      126.000      3.00177     0.587785    0.0423850
1998-09-06/01:22:16      218.710      39.9800      16.9300      121.000      3.90478     0.515038    0.0584170
1998-09-06/01:22:36      218.520      39.1100      17.0200      123.000      3.19075     0.544639    0.0467048
1998-09-06/01:22:56      217.870      37.5400      17.1300      108.000      3.03428     0.309017    0.0503662
1998-09-06/01:23:16      217.330      35.4700      17.1900      111.000      2.37731     0.358368    0.0387360
1998-09-06/01:23:36      217.170      34.2900      17.2600      107.000      2.44629     0.292372    0.0408302
1998-09-06/01:23:56      218.620      32.2700      17.3500      105.000      3.40585     0.258819    0.0574178
1998-09-06/01:24:16      221.570      32.6400      17.2300      116.000      3.56278     0.438371    0.0558890
1998-09-06/01:24:36      218.540      31.2500      17.4300      109.000      2.93767     0.325568    0.0484786
1998-09-06/01:24:56      217.890      29.8800      17.3600      112.000      1.86436     0.374607    0.0301698
1998-09-06/01:25:16      218.030      28.2700      17.0600      117.000      2.93155     0.453991    0.0455885
1998-09-06/01:25:36      217.920      27.1400      16.7500      106.000      2.58370     0.275637    0.0433472
1998-09-06/01:25:56      220.950      25.1600      16.1400      113.000      1.74178     0.390731    0.0279832
1998-09-06/01:26:16      221.520      23.9900      17.0100      112.000      1.61897     0.374607    0.0261988
1998-09-06/01:26:56      224.010      25.7500      17.7800      127.000      3.82036     0.601815    0.0532513
1998-09-06/01:27:16      223.420      24.4900      17.6700      126.000      2.65970     0.587785    0.0375550
1998-09-06/01:27:36      224.470      24.3000      17.4400      139.000      8.21298     0.754710    0.0940418
1998-09-06/01:27:56      223.580      20.0600      17.5100      122.000      2.40317     0.529919    0.0355699
1998-09-06/01:28:36      219.060      15.7900      17.7800      110.000      2.94955     0.342020    0.0483748
1998-09-06/01:28:56      221.630      18.7200      17.5800      125.000      2.47499     0.573576    0.0353847
1998-09-06/01:33:16      218.890      6.14000      16.6600      121.000      19.9174     0.515038     0.297973
1998-09-06/01:33:36      219.470      3.08000      17.0700      120.000      6.21023     0.500000    0.0938676
1998-09-06/01:33:56      219.050      3.16000      17.9700      127.000      3.82036     0.601815    0.0532513
1998-09-06/01:34:16      218.610    -0.390000      17.4800      115.000      2.62014     0.422618    0.0414455
1998-09-06/01:34:36      216.820    -0.880000      17.3500      117.000      4.00009     0.453991    0.0622054
1998-09-06/01:34:56      217.540     -3.19000      17.2600      118.000      3.91119     0.469472    0.0602728
1998-09-06/01:35:16      215.430     -3.81000      16.8800      138.000      12.2961     0.743145     0.143600
1998-09-06/01:35:36      215.680     -3.68000      17.1300      142.000      4.73577     0.788011    0.0508874
1998-09-06/01:35:56      217.280     -4.62000      17.1000      132.000      4.03781     0.669131    0.0523717
1998-09-06/01:36:16      216.230     -5.94000      17.4000      130.000      4.84274     0.642788    0.0647474
1998-09-06/01:36:36      215.720     -6.96000      17.2700      129.000      3.95825     0.629321    0.0536887
1998-09-06/01:36:56      216.230     -8.77000      17.4400      129.000      3.29006     0.629321    0.0446256
1998-09-06/01:37:16      216.090     -11.2100      17.4400      123.000      2.22103     0.544639    0.0325105
1998-09-06/01:37:36      221.930     -10.3300      17.5800      133.000      3.45868     0.681998    0.0441484
1998-09-06/01:42:55      217.550     -26.6800      17.0500      143.000      5.63087     0.798636    0.0591447
1998-09-06/01:43:15      217.270     -26.9800      17.0300      139.000      6.78485     0.754710    0.0776892
1998-09-06/01:43:35      218.620     -29.5300      17.2400      122.000      3.39229     0.529919    0.0502101
1998-09-06/01:43:55      214.970     -31.1600      17.4000      133.000      5.17562     0.681998    0.0660644
1998-09-06/01:44:16      215.080     -31.7500      17.2100      137.000      5.17898     0.731354    0.0616460
1998-09-06/01:44:36      215.280     -32.1000      17.0900      128.000      24.7730     0.615661     0.340713
1998-09-06/01:44:56      216.010     -33.0700      16.4300      139.000      8.36634     0.754710    0.0957978
1998-09-06/01:45:16      216.230     -33.5100      16.4600      135.000      20.6726     0.707107     0.255128
1998-09-06/01:45:35      216.670     -35.2800      16.0300      139.000      7.14880     0.754710    0.0818565
1998-09-06/01:45:55      218.420     -36.5500      16.0400      136.000      3.25040     0.719340    0.0394081
1998-09-06/01:46:15      218.640     -36.8500      15.7500      127.000      4.95410     0.601815    0.0690543
1998-09-06/01:46:35      222.230     -36.9900      17.0200      145.000      6.03286     0.819152    0.0603937
1998-09-06/01:46:56      221.020     -39.1100      16.7500      133.000      3.01339     0.681998    0.0384645
1998-09-06/01:47:16      220.500     -40.9600      15.9500      130.000      2.95564     0.642788    0.0395169
1998-09-06/01:47:36      219.860     -43.0300      16.4200      128.000      3.30492     0.615661    0.0454538
1998-09-06/01:47:56      225.480     -43.8100      15.9900      125.000      2.01076     0.573576    0.0287476
1998-09-06/01:48:15      221.890     -46.2100      16.2800      123.000      1.71277     0.544639    0.0250708
1998-09-06/01:48:35      217.570     -47.2800      16.2900      127.000      3.45851     0.601815    0.0482075
1998-09-06/01:48:55      218.990     -46.4600      8.22000      135.000      2.52047     0.707107    0.0311060
1998-09-06/01:49:15      220.140     -47.6300      8.48000      129.000      4.25829     0.629321    0.0577584
1998-09-06/01:51:55      229.420     -56.8700      7.29000      111.000      2.47319     0.358368    0.0402983
1998-09-06/03:44:36      213.130     -42.8900      8.37000      112.000      1.86436     0.374607    0.0301698
1998-09-06/03:44:56      213.300     -43.8500      10.5500      113.000      4.23993     0.390731    0.0681180
1998-09-06/03:45:16      213.400     -44.7800      11.5300      123.000      1.83647     0.544639    0.0268814
1998-09-06/03:45:36      213.450     -45.8300      11.9900      110.000      4.77781     0.342020    0.0783596
1998-09-06/03:45:56      213.310     -47.0200      12.1500      115.000      2.26287     0.422618    0.0357942
1998-09-06/03:46:16      213.360     -48.1300      12.0200      122.000      2.26089     0.529919    0.0334640
1998-09-06/03:46:36      213.460     -49.4300      11.3200      106.000      2.31977     0.275637    0.0389192
1998-09-06/03:46:56      213.640     -50.6700      11.0000      125.000      2.12168     0.573576    0.0303334
1998-09-06/03:47:16      213.870     -51.6600      11.5300      112.000      1.56737     0.374607    0.0253638
1998-09-06/03:47:36      214.020     -52.6700      11.3700      129.000      7.47609     0.629321     0.101404
1998-09-06/03:47:56      214.160     -53.6200      11.8600      136.000      2.72704     0.719340    0.0330628
1998-09-06/03:48:16      214.420     -54.6700      11.6100      115.000      3.16159     0.422618    0.0500102
1998-09-06/03:48:36      214.610     -55.7900      12.2800      114.000      2.74282     0.406737    0.0437326
1998-09-06/03:48:56      214.760     -56.9000      11.7100      103.000      2.53537     0.224951    0.0431164
1998-09-06/03:49:16      214.900     -57.9900      10.6900      105.000      4.30197     0.258819    0.0725251
1998-09-06/03:49:36      215.050     -59.0700      9.93000      125.000      4.47399     0.573576    0.0639642
1998-09-06/03:49:56      215.240     -60.1100      10.6000      125.000      2.01076     0.573576    0.0287476
1998-09-06/03:50:16      215.700     -61.2400      11.6200      121.000      3.04718     0.515038    0.0455870
1998-09-06/03:50:36      216.520     -62.4700      16.3800      115.000      2.36999     0.422618    0.0374886
1998-09-06/03:50:56      217.640     -63.6800      25.1500      114.000      2.26885     0.406737    0.0361754
1998-09-06/03:51:16      218.330     -64.8300      16.4000      120.000      2.68786     0.500000    0.0406270
1998-09-06/03:51:36      219.100     -65.9900      18.1000      126.000      7.12940     0.587785     0.100667
1998-09-06/03:51:56      220.170     -67.2700      26.8900      126.000      2.37413     0.587785    0.0335227
1998-09-06/03:52:16      221.920     -68.7900      12.5100      116.000      2.25007     0.438371    0.0352967
1998-09-06/03:52:36      224.950     -70.4600      10.5500      111.000      2.09106     0.358368    0.0340718
1998-09-06/03:52:56      227.750     -71.9000      10.1800      114.000      2.00852     0.406737    0.0320246
1998-09-06/03:53:16      229.740     -73.0200      11.2100      113.000      2.53069     0.390731    0.0406577
1998-09-06/03:53:36      231.080     -74.0200      11.3200      113.000      1.20991     0.390731    0.0194382
1998-09-06/03:53:56      233.590     -75.4200      12.2700      112.000      1.61897     0.374607    0.0261988
1998-09-06/05:11:58      232.820      62.9900      12.8400      112.000      1.42458     0.374607    0.0230531
1998-09-06/05:12:17      228.160      60.8600      10.9800      115.000      2.55251     0.422618    0.0403757
1998-09-06/05:12:37      226.320      59.3500      10.4300      118.000      3.30730     0.469472    0.0509666
1998-09-06/05:12:57      223.950      57.6300      9.32000      122.000      2.40317     0.529919    0.0355699
1998-09-06/05:13:17      222.080      55.9200      8.64000      132.000      5.05634     0.669131    0.0655824
1998-09-06/05:13:38      220.690      54.2800      10.1100      127.000      3.69186     0.601815    0.0514602
1998-09-06/05:13:58      219.690      52.8300      10.4900      117.000      3.16633     0.453991    0.0492396
1998-09-06/05:14:18      218.840      51.4700      10.4400      121.000      2.49214     0.515038    0.0372834
1998-09-06/05:14:38      218.210      50.1500      10.5100      118.000      3.20731     0.469472    0.0494257
1998-09-06/05:14:57      217.830      49.0000      10.8000      120.000      2.75537     0.500000    0.0416474
1998-09-06/05:15:17      217.390      47.7600      10.1400      112.000      1.52115     0.374607    0.0246159
1998-09-06/05:15:37      216.960      46.5100      11.0300      115.000      2.69276     0.422618    0.0425942
1998-09-06/05:15:57      216.550      45.3000      11.2100      112.000      1.42458     0.374607    0.0230531
1998-09-06/05:16:18      216.210      44.1000      11.1900      118.000      2.42354     0.469472    0.0373476
1998-09-06/05:16:38      215.880      42.8700      10.3700      123.000      1.56129     0.544639    0.0228535
1998-09-06/05:16:58      215.670      41.7100      10.4200      121.000      2.35910     0.515038    0.0352931
1998-09-06/05:17:18      215.410      40.5000      10.6500      112.000      1.56737     0.374607    0.0253638
1998-09-06/05:17:37      215.210      39.3700      10.9000      108.000      2.88853     0.309017    0.0479469
1998-09-06/05:17:57      214.790      38.2000      11.1000      119.000      2.55857     0.484810    0.0390565
1998-09-06/05:18:17      214.520      37.0000      10.9900      116.000      2.47717     0.438371    0.0388592
1998-09-06/05:18:37      214.310      35.8800      11.1800      119.000      3.00080     0.484810    0.0458072
1998-09-06/05:18:58      214.070      34.6600      11.9500      118.000      2.71868     0.469472    0.0418958
1998-09-06/05:19:18      213.810      33.4500      12.5900      124.000      1.94146     0.559193    0.0280918
1998-09-06/05:19:38      213.590      32.3000      13.0300      115.000      2.46981     0.422618    0.0390676
1998-09-06/05:19:58      213.380      31.1700      12.6000      114.000      1.94222     0.406737    0.0309675
1998-09-06/05:20:17      213.220      30.0600      12.3200      120.000      2.68786     0.500000    0.0406270
1998-09-06/05:20:37      213.060      28.9300      13.5700      116.000      2.75008     0.438371    0.0431403
1998-09-06/05:20:57      212.920      27.7600      13.2100      103.000      1.98394     0.224951    0.0337388
1998-09-06/05:21:17      212.740      26.5700      12.9400      110.000      2.65743     0.342020    0.0435838
1998-09-06/05:21:38      212.590      25.4200      12.3000      111.000      2.43529     0.358368    0.0396807
1998-09-06/05:21:58      212.470      24.3000      13.1900      133.000      3.88307     0.681998    0.0495656
1998-09-06/05:22:18      212.320      23.2000      13.5500      104.000      2.74456     0.241922    0.0464787
1998-09-06/05:22:38      212.190      22.0300      13.5100      124.000      1.77427     0.559193    0.0256727
1998-09-06/05:22:57      212.040      20.8700      13.8700      135.000      2.66943     0.707107    0.0329443
1998-09-06/05:23:17      211.950      19.7100      13.9300      98.0000      4.60170     0.139173    0.0795332
1998-09-06/05:23:37      211.840      18.5600      14.0100      97.0000      6.02447     0.121869     0.104363
1998-09-06/05:23:57      211.880      17.4600      13.7800      116.000      4.03187     0.438371    0.0632476
1998-09-06/05:24:18      211.810      16.2700      13.9400      115.000      3.16159     0.422618    0.0500102
1998-09-06/05:24:38      211.750      15.1600      13.6600      122.000      3.51694     0.529919    0.0520550
1998-09-06/05:24:58      211.690      14.1100      13.5400      143.000      5.30347     0.798636    0.0557058
1998-09-06/05:25:18      211.710      13.0900      14.1100      126.000      6.22073     0.587785    0.0878368
1998-09-06/05:25:37      211.670      12.0100      14.3700      110.000      4.30470     0.342020    0.0706002
1998-09-06/05:25:57      211.630      10.9800      14.3400      134.000      6.71490     0.694658    0.0843045
1998-09-06/05:26:17      211.630      10.0400      14.3800      148.000      9.02431     0.848048    0.0834643
1998-09-06/05:26:37      211.660      8.99000      14.2900      104.000      3.29861     0.241922    0.0558615
1998-09-06/05:26:58      211.620      7.90000      14.3500      135.000      3.84070     0.707107    0.0473994
1998-09-06/05:27:18      211.570      6.82000      14.2600      114.000      2.54404     0.406737    0.0405631
1998-09-06/05:27:38      211.500      5.73000      15.9100      98.0000      3.27851     0.139173    0.0566639
1998-09-06/05:27:58      211.390      4.62000      15.0000      142.000      3.45949     0.788011    0.0371733
1998-09-06/05:28:17      211.320      3.62000      15.2200      123.000      1.90567     0.544639    0.0278944
1998-09-06/05:28:37      211.280      2.65000      14.9700      110.000      2.35372     0.342020    0.0386027
1998-09-06/05:28:57      211.230      1.63000      15.1300      121.000      2.49214     0.515038    0.0372834
1998-09-06/05:29:17      211.200     0.530000      16.4700      131.000      3.42408     0.656059    0.0451026
1998-09-06/05:29:38      211.250    -0.650000      16.1800      144.000      10.4268     0.809017     0.106966
1998-09-06/05:29:58      211.240     -1.95000      16.0600      113.000      5.21823     0.390731    0.0838352
1998-09-06/05:30:18      211.220     -3.07000      18.2800      131.000      3.31843     0.656059    0.0437109
1998-09-06/05:30:38      211.200     -4.12000      18.1200      126.000      2.65970     0.587785    0.0375550
1998-09-06/05:30:57      211.210     -5.08000      18.7200      113.000      1.78538     0.390731    0.0286836
1998-09-06/05:31:17      211.230     -6.16000      18.9100      122.000      2.56560     0.529919    0.0379740
1998-09-06/05:31:37      211.180     -7.21000      19.6800      140.000      5.62951     0.766045    0.0631561
1998-09-06/05:32:18      211.070     -9.42000      19.9600      123.000      3.32815     0.544639    0.0487160
1998-09-06/05:32:38      211.060     -10.5800      19.8200      121.000      6.18368     0.515038    0.0925103
1998-09-06/05:32:58      210.990     -11.6100      19.6300      126.000      4.83331     0.587785    0.0682464
1998-09-06/05:33:18      210.900     -12.6200      18.8900      114.000      2.74282     0.406737    0.0437326
1998-09-06/05:33:37      210.830     -13.4900      18.1600      107.000      3.59803     0.292372    0.0600535
1998-09-06/05:33:57      210.930     -14.4500      23.6300      126.000      2.90571     0.587785    0.0410286
1998-09-06/05:34:17      211.030     -15.4800      21.9500      117.000      3.27689     0.453991    0.0509589
1998-09-06/05:34:37      211.190     -16.6000      21.6400      116.000      3.89243     0.438371    0.0610602
1998-09-06/05:34:58      211.170     -17.7500      22.2300      115.000      10.2864     0.422618     0.162711
1998-09-06/05:35:18      211.260     -18.9200      22.3800      123.000      7.31069     0.544639     0.107011
1998-09-06/05:35:38      211.130     -20.1300      22.5500      122.000      3.33634     0.529919    0.0493819
1998-09-06/05:35:58      211.220     -21.2300      22.1300      105.000      3.52055     0.258819    0.0593515
1998-09-06/05:36:17      211.100     -22.4200      21.9900      145.000      2.69243     0.819152    0.0269534
1998-09-06/05:36:37      211.010     -23.5400      20.7100      110.000      26.6230     0.342020     0.436637
1998-09-06/05:36:57      210.810     -24.5600      17.0400      123.000      1.97618     0.544639    0.0289265
1998-09-06/05:37:17      210.920     -25.4900      17.2300      137.000      3.73557     0.731354    0.0444649
1998-09-06/05:37:37      211.240     -26.6800      19.4400      141.000      3.93486     0.777146    0.0432194
1998-09-06/05:37:57      211.360     -27.8400      19.7000      111.000      2.04548     0.358368    0.0333292
1998-09-06/05:38:17      211.230     -28.9500      19.9900      109.000      2.90309     0.325568    0.0479080
1998-09-06/05:38:37      210.960     -30.0500      20.5200      122.000      2.14938     0.529919    0.0318135
1998-09-06/05:38:57      210.800     -30.9000      19.9600      142.000      3.45949     0.788011    0.0371733
1998-09-06/05:39:17      210.660     -31.7200      19.3100      151.000      7.81462     0.874620    0.0661236
1998-09-06/05:39:37      210.450     -32.7100      20.2800      137.000      9.66042     0.731354     0.114989
1998-09-06/05:39:57      210.560     -33.5200      19.7700      116.000      5.66333     0.438371    0.0888402
1998-09-06/05:40:17      210.580     -34.6700      18.8300      134.000      3.50852     0.694658    0.0440489
1998-09-06/05:40:37      210.820     -35.5800      19.6000      152.000      7.67620     0.882948    0.0628974
1998-09-06/05:40:57      211.090     -36.8100      20.9500      138.000      4.13341     0.743145    0.0482722
1998-09-06/05:41:17      211.470     -37.8900      20.1000      148.000      3.88640     0.848048    0.0359447
1998-09-06/05:41:37      211.740     -39.0200      19.1400      131.000      25.9298     0.656059     0.341552
1998-09-06/05:42:17      211.910     -41.3700      19.7000      140.000      7.58084     0.766045    0.0850476
1998-09-06/05:42:37      211.960     -42.6900      19.0400      135.000      20.6726     0.707107     0.255128
1998-09-06/05:43:17      211.780     -44.9300      18.9800      110.000      2.88719     0.342020    0.0473520
1998-09-06/05:43:37      211.930     -45.9800      19.0500      123.000      1.61630     0.544639    0.0236587
1998-09-06/05:43:57      212.000     -47.1900      19.4300      117.000      3.38384     0.453991    0.0526221
1998-09-06/05:44:17      212.210     -48.4200      19.4400      132.000      6.73908     0.669131    0.0874081
1998-09-06/05:44:37      212.460     -49.7400      18.9000      113.000      5.50504     0.390731    0.0884431
1998-09-06/05:44:57      212.660     -50.6500      18.6900      132.000      4.03781     0.669131    0.0523717
1998-09-06/05:45:17      212.310     -51.3100      19.0300      125.000      5.82625     0.573576    0.0832973
1998-09-06/05:45:37      211.930     -52.7600      19.6000      122.000      2.48027     0.529919    0.0367110
1998-09-06/05:45:57      212.060     -53.6600      20.1400      123.000      3.32815     0.544639    0.0487160
1998-09-06/05:46:37      211.650     -55.9800      20.4100      133.000      26.9050     0.681998     0.343430
1998-09-06/05:46:57      211.680     -56.7800      19.6500      137.000      6.65724     0.731354    0.0792419
1998-09-06/05:47:17      211.860     -58.2000      19.3600      114.000      5.84843     0.406737    0.0932496
1998-09-06/05:47:37      211.750     -59.6900      18.7200      133.000      8.70322     0.681998     0.111093
1998-09-06/05:48:17      210.610     -62.8000      18.8500      112.000      5.11072     0.374607    0.0827038
1998-09-06/05:48:37      213.200     -64.4800      18.6800      115.000      3.47634     0.422618    0.0549889
1998-09-06/05:49:37      213.700     -66.9700      18.6700      133.000      3.01339     0.681998    0.0384645
1998-09-06/05:49:57      213.000     -67.2100      19.1700      132.000      3.42443     0.669131    0.0444160
1998-09-06/05:50:17      214.950     -69.4200      19.2900      118.000      2.42354     0.469472    0.0373476
1998-09-06/05:50:37      216.360     -69.2400      19.0300      120.000      3.44536     0.500000    0.0520766
1998-09-06/05:50:57      219.090     -70.6800      19.0300      117.000      3.60112     0.453991    0.0560010
1998-09-06/05:51:17      222.460     -71.5300      18.9500      126.000      4.83331     0.587785    0.0682464
1998-09-06/05:51:37      226.000     -73.6500      19.3400      136.000      4.91887     0.719340    0.0596367
1998-09-06/05:51:57      228.430     -75.6900      19.7000      113.000      2.64073     0.390731    0.0424255
1998-09-06/05:52:17      221.820     -76.4600      19.3200      110.000      3.59163     0.342020    0.0589054
1998-09-06/05:52:37      221.570     -76.2500      19.2400      111.000      4.42117     0.358368    0.0720388
1998-09-06/05:52:57      227.000     -76.7400      19.3300      112.000      4.05729     0.374607    0.0656567
1998-09-06/07:10:58      230.970      58.7400      18.9800      125.000      2.21851     0.573576    0.0317178
1998-09-06/07:11:58      227.590      54.6300      18.7300      122.000      2.66196     0.529919    0.0394003
1998-09-06/07:12:19      226.450      53.4900      18.6400      120.000      3.34165     0.500000    0.0505090
1998-09-06/07:12:39      221.890      51.3000      18.5600      125.000      2.12168     0.573576    0.0303334
1998-09-06/07:12:59      221.230      50.6200      17.8500      124.000      2.39890     0.559193    0.0347107
1998-09-06/07:13:19      220.090      48.9200      17.0700      124.000      2.26797     0.559193    0.0328162
1998-09-06/07:13:38      218.460      47.9000      17.2500      124.000      3.61780     0.559193    0.0523475
1998-09-06/07:13:58      217.250      46.9900      17.4100      134.000      4.71938     0.694658    0.0592511
1998-09-06/07:14:18      215.590      45.2600      16.9100      129.000      5.52914     0.629321    0.0749959
1998-09-06/07:14:38      214.630      43.7300      16.1200      127.000      4.95410     0.601815    0.0690543
1998-09-06/07:14:59      214.940      42.5200      15.5300      133.000      4.47367     0.681998    0.0571043
1998-09-06/07:15:19      214.890      40.8900      15.6500      126.000      4.35442     0.587785    0.0614845
1998-09-06/07:15:39      214.700      39.5900      16.4500      132.000      4.32215     0.669131    0.0560597
1998-09-06/07:15:59      214.290      38.3100      16.4600      122.000      2.48027     0.529919    0.0367110
1998-09-06/07:16:18      214.000      37.0100      16.3900      124.000      1.99801     0.559193    0.0289101
1998-09-06/07:16:38      213.770      35.6800      16.7100      119.000      2.94180     0.484810    0.0449066
1998-09-06/07:16:58      213.540      34.4100      16.8400      123.000      2.11018     0.544639    0.0308879
1998-09-06/07:17:18      213.240      33.2200      16.9100      122.000      2.86821     0.529919    0.0424530
1998-09-06/07:17:39      212.960      31.8700      16.9700      123.000      1.64087     0.544639    0.0240183
1998-09-06/07:17:59      212.600      30.7000      17.1200      120.000      3.24624     0.500000    0.0490669
1998-09-06/07:18:19      212.440      29.5100      17.0700      129.000      3.95825     0.629321    0.0536887
1998-09-06/07:18:39      212.300      28.2800      17.0400      117.000      2.58715     0.453991    0.0402328
1998-09-06/07:18:58      212.140      27.1100      17.0700      116.000      2.47717     0.438371    0.0388592
1998-09-06/07:19:18      212.020      26.0000      16.9600      124.000      1.94146     0.559193    0.0280918
1998-09-06/07:19:38      211.900      24.8600      16.8200      114.000      2.09785     0.406737    0.0334489
1998-09-06/07:19:58      211.860      23.7700      16.8600      119.000      2.72378     0.484810    0.0415785
1998-09-06/07:20:19      211.810      22.6800      16.9100      120.000      2.97762     0.500000    0.0450067
1998-09-06/07:20:39      211.740      21.5800      16.6200      142.000      5.45848     0.788011    0.0586531
1998-09-06/07:20:59      211.610      20.4700      16.4800      127.000      4.38046     0.601815    0.0610584
1998-09-06/07:21:19      211.470      19.3900      16.3600      116.000      3.89243     0.438371    0.0610602
1998-09-06/07:21:38      211.350      18.3200      16.3700      125.000      2.01076     0.573576    0.0287476
1998-09-06/07:21:58      211.250      17.1700      16.2900      132.000      2.82961     0.669131    0.0367010
1998-09-06/07:22:18      211.180      16.0400      16.2200      138.000      5.73175     0.743145    0.0669384
1998-09-06/07:22:38      211.070      14.9100      16.4300      135.000      2.82523     0.707107    0.0348671
1998-09-06/07:22:59      211.060      13.7100      16.5000      130.000      3.62131     0.642788    0.0484169
1998-09-06/07:23:19      211.060      12.6400      16.7000      114.000      3.55449     0.406737    0.0566741
1998-09-06/07:23:39      211.040      11.6200      16.5300      132.000      3.63051     0.669131    0.0470889
1998-09-06/07:23:59      210.970      10.5600      21.4800      126.000      2.90571     0.587785    0.0410286
1998-09-06/07:24:18      210.940      9.53000      25.7000      143.000      5.91483     0.798636    0.0621273
1998-09-06/07:24:38      210.830      8.47000      24.9400      131.000      4.38158     0.656059    0.0577149
1998-09-06/07:24:58      210.720      7.33000      16.8400      125.000      6.42706     0.573576    0.0918870
1998-09-06/07:25:18      210.660      6.28000      17.9800      132.000      3.07640     0.669131    0.0399019
1998-09-06/07:25:39      210.590      5.21000      15.3000      106.000      10.9168     0.275637     0.183153
1998-09-06/07:25:59      210.580      4.23000      14.4200      122.000      3.39229     0.529919    0.0502101
1998-09-06/07:26:19      210.580      3.27000      15.7400      122.000      2.11743     0.529919    0.0313406
1998-09-06/07:26:39      210.600      2.31000      16.6700      127.000      7.31930     0.601815     0.102022
1998-09-06/07:26:58      210.620      1.35000      15.7800      131.000      3.55430     0.656059    0.0468178
1998-09-06/07:27:18      210.630     0.300000      15.9600      135.000      4.93263     0.707107    0.0608753
1998-09-06/07:27:38      210.610    -0.820000      15.7200      133.000      2.62354     0.681998    0.0334883
1998-09-06/07:27:58      210.590     -1.90000      16.1900      116.000      4.46577     0.438371    0.0700542
1998-09-06/07:28:19      210.500     -3.04000      16.2300      94.0000      26.9820    0.0697566     0.469778
1998-09-06/07:28:39      210.460     -4.13000      16.1500      116.000      10.9597     0.438371     0.171924
1998-09-06/07:28:59      210.280     -5.29000      16.2000      122.000      21.3608     0.529919     0.316166
1998-09-06/07:29:19      210.170     -6.40000      16.1600      144.000      11.2859     0.809017     0.115780
1998-09-06/07:29:38      210.060     -7.44000      16.1500      144.000      11.2859     0.809017     0.115780
1998-09-06/07:29:58      210.050     -8.53000      16.1600      110.000      26.6230     0.342020     0.436637
1998-09-06/07:30:18      210.020     -9.71000      16.2200      128.000      24.7730     0.615661     0.340713
1998-09-06/07:30:38      209.930     -10.8600      16.2200      144.000      2.66846     0.809017    0.0273752
1998-09-06/07:30:59      209.800     -11.9500      16.2700      132.000      2.82961     0.669131    0.0367010
1998-09-06/07:31:19      209.700     -12.9200      16.3200      143.000      11.7554     0.798636     0.123475
1998-09-06/07:31:39      209.780     -13.8500      16.3600      132.000      6.32968     0.669131    0.0820980
1998-09-06/07:31:59      210.040     -14.8700      16.3800      131.000      12.2177     0.656059     0.160934
1998-09-06/07:32:18      210.240     -15.9600      16.4500      133.000      7.12413     0.681998    0.0909362
1998-09-06/07:32:38      210.350     -17.1200      16.5300      145.000      6.82253     0.819152    0.0682990
1998-09-06/07:32:58      210.360     -18.2700      16.5800      143.000      12.6349     0.798636     0.132713
1998-09-06/07:33:18      210.280     -19.4300      16.7800      101.000      25.3882     0.190809     0.434967
1998-09-06/07:33:39      210.160     -20.6100      16.6500      161.000      20.6786     0.945519     0.117501
1998-09-06/07:33:59      210.080     -21.7900      16.6200      139.000      5.53958     0.754710    0.0634303
1998-09-06/07:34:19      210.010     -22.9500      16.9300      136.000      24.0070     0.719340     0.291063
1998-09-06/07:34:39      210.000     -24.0700      16.8800      123.000      3.32815     0.544639    0.0487160
1998-09-06/07:34:58      210.030     -25.0800      16.7500      119.000      4.66063     0.484810    0.0711445
1998-09-06/07:35:18      210.140     -26.1300      16.8100      146.000      8.26028     0.829038    0.0806183
1998-09-06/07:35:38      210.250     -27.2300      16.5400      123.000      2.22103     0.544639    0.0325105
1998-09-06/07:35:58      210.310     -28.4000      16.5100      124.000      2.56447     0.559193    0.0371064
1998-09-06/07:36:19      210.210     -29.5100      16.4500      124.000      1.84570     0.559193    0.0267062
1998-09-06/07:36:39      210.040     -30.5200      16.8000      138.000      3.58444     0.743145    0.0418610
1998-09-06/07:36:59      209.950     -31.4700      17.0100      136.000      3.05713     0.719340    0.0370649
1998-09-06/07:37:19      209.920     -32.4000      16.6600      137.000      4.15427     0.731354    0.0494488
1998-09-06/07:38:38      210.340     -36.5500      16.5800      122.000      2.74913     0.529919    0.0406905
1998-09-06/07:38:59      210.550     -37.7300      16.8000      136.000      4.32886     0.719340    0.0524834
1998-09-06/07:39:19      210.740     -38.8900      17.1300      116.000      5.41446     0.438371    0.0849362
1998-09-06/07:39:39      210.900     -40.0800      16.5800      145.000      5.63405     0.819152    0.0564013
1998-09-06/07:39:59      211.040     -41.2600      17.0900      155.000      15.1607     0.906308     0.111827
1998-09-06/07:40:18      211.230     -42.4100      16.8300      127.000      5.17975     0.601815    0.0721996
1998-09-06/07:40:38      211.360     -43.5900      16.6400      114.000      1.94222     0.406737    0.0309675
1998-09-06/07:40:58      211.470     -44.6700      16.5000      117.000      3.71922     0.453991    0.0578376
1998-09-06/07:41:18      211.660     -45.7100      15.6100      120.000      2.87450     0.500000    0.0434480
1998-09-06/07:41:39      211.720     -46.7900      16.3600      120.000      3.34165     0.500000    0.0505090
1998-09-06/07:41:59      211.870     -47.8900      16.5100      136.000      3.05713     0.719340    0.0370649
1998-09-06/07:42:19      211.890     -49.0200      16.3300      136.000      1.99193     0.719340    0.0241503
1998-09-06/07:42:39      211.900     -50.1300      16.7500      125.000      2.29797     0.573576    0.0328538
1998-09-06/07:42:58      211.760     -51.1400      16.2400      129.000      4.96968     0.629321    0.0674075
1998-09-06/07:43:18      211.640     -52.2100      16.9900      125.000      2.29797     0.573576    0.0328538
1998-09-06/07:43:38      211.630     -53.2600      16.7100      135.000      3.17160     0.707107    0.0391418
1998-09-06/07:43:58      211.760     -54.3200      15.5000      116.000      6.26546     0.438371    0.0982857
1998-09-06/07:44:19      211.970     -55.3700      15.9300      145.000      30.0488     0.819152     0.300812
1998-09-06/07:44:39      212.130     -56.3600      16.1000      114.000      4.72533     0.406737    0.0753424
1998-09-06/07:51:58      242.170     -81.5100      16.0400      141.000      6.78775     0.777146    0.0745547
1998-09-06/07:52:17      250.070     -82.3200      15.9600      121.000      5.63168     0.515038    0.0842521
1998-09-06/07:52:37      261.980     -83.0400      16.0200      119.000      3.29344     0.484810    0.0502743
1998-09-06/07:52:57      278.840     -83.3300      16.2000      119.000      3.07917     0.484810    0.0470035
1998-09-06/07:53:17      302.900     -82.2500      16.0600      121.000      3.43143     0.515038    0.0513355
1998-09-06/07:53:38      321.240     -80.1200      16.1500      103.000      3.43504     0.224951    0.0584162
1998-09-06/07:53:58      327.750     -79.4700      15.9400      128.000      5.03044     0.615661    0.0691856
1998-09-06/11:21:19      207.540      3.43000      15.7900      142.000      3.59207     0.788011    0.0385979
1998-09-06/11:21:38      207.550      2.37000      16.2800      107.000      4.19933     0.292372    0.0700896
1998-09-06/11:21:58      207.490      1.27000      16.3700      115.000      2.36999     0.422618    0.0374886
1998-09-06/11:22:18      207.710     0.240000      16.3700      136.000      2.50700     0.719340    0.0303951
1998-09-06/11:22:38      207.840    -0.750000      16.3900      118.000      2.52996     0.469472    0.0389875
1998-09-06/11:22:59      207.990     -1.95000      16.5300      120.000      2.68786     0.500000    0.0406270
1998-09-06/11:23:19      207.930     -3.04000      16.6900      127.000      3.32400     0.601815    0.0463326
1998-09-06/11:23:39      207.720     -4.13000      16.2900      120.000      2.46330     0.500000    0.0372328
1998-09-06/11:23:59      207.560     -5.19000      16.2100      126.000      2.54888     0.587785    0.0359902
1998-09-06/11:24:18      207.560     -6.24000      15.4000      114.000      4.32846     0.406737    0.0690146
1998-09-06/11:24:38      207.630     -7.33000      16.9800      143.000      2.77869     0.798636    0.0291864
1998-09-06/11:24:58      207.730     -8.35000      17.1800      128.000      2.96915     0.615661    0.0408359
1998-09-06/11:25:18      207.770     -9.43000      17.1100      119.000      3.57206     0.484810    0.0545275
1998-09-06/11:29:58      207.610     -24.5400      16.9300      147.000      2.41432     0.838671    0.0229499
1998-09-06/11:30:18      207.630     -25.5700      16.9500      130.000      4.70593     0.642788    0.0629183
1998-09-06/11:30:38      207.660     -26.6200      17.2600      120.000      4.21716     0.500000    0.0637424
1998-09-06/11:30:59      207.820     -27.8500      17.3300      128.000      2.96915     0.615661    0.0408359
1998-09-06/11:31:19      207.950     -28.9700      17.2500      149.000      3.79393     0.857167    0.0341041
1998-09-06/11:31:39      207.990     -29.9600      17.3600      137.000      2.86910     0.731354    0.0341512
1998-09-06/11:31:59      207.940     -30.9100      17.2700      136.000      1.99193     0.719340    0.0241503
1998-09-06/11:32:18      207.960     -31.8400      17.7600      134.000      2.05788     0.694658    0.0258364
1998-09-06/11:32:38      208.090     -32.8400      17.7300      140.000      3.90846     0.766045    0.0438481
1998-09-06/11:32:58      208.220     -33.8900      17.6100      143.000      3.29818     0.798636    0.0346429
1998-09-06/11:33:18      208.220     -34.9300      17.7500      143.000      6.17974     0.798636    0.0649098
1998-09-06/11:33:39      208.440     -36.0300      17.6900      115.000      3.16159     0.422618    0.0500102
1998-09-06/11:33:59      208.850     -37.0800      17.5500      149.000      3.93693     0.857167    0.0353895
1998-09-06/11:34:19      208.990     -38.1500      17.3900      151.000      5.15647     0.874620    0.0436316
1998-09-06/11:34:39      209.100     -39.3600      17.6300      126.000      2.54888     0.587785    0.0359902
1998-09-06/11:34:58      209.130     -40.5600      17.6500      119.000      2.45967     0.484810    0.0375468
1998-09-06/11:35:18      209.300     -41.8600      17.5400      130.000      2.23617     0.642788    0.0298976
1998-09-06/11:35:38      209.200     -43.0700      17.3400      139.000      3.03712     0.754710    0.0347762
1998-09-06/11:35:58      209.080     -44.0900      17.4300      135.000      1.54913     0.707107    0.0191183
1998-09-06/11:36:19      209.520     -45.0900      17.6700      126.000      2.78934     0.587785    0.0393855
1998-09-06/11:36:39      209.410     -46.2500      17.6000      122.000      2.11743     0.529919    0.0313406
1998-09-06/11:36:59      209.060     -47.4000      17.3200      122.000      2.26089     0.529919    0.0334640
1998-09-06/11:37:19      208.670     -48.4600      18.1200      129.000      3.12558     0.629321    0.0423946
1998-09-06/11:37:38      208.620     -49.4700      17.5600      136.000      1.99193     0.719340    0.0241503
1998-09-06/11:37:58      208.460     -50.5400      17.2700      113.000      2.02531     0.390731    0.0325383
1998-09-06/11:38:18      208.150     -51.5700      17.2700      126.000      2.78934     0.587785    0.0393855
1998-09-06/11:38:38      208.060     -52.5300      16.9700      129.000      2.90193     0.629321    0.0393611
1998-09-06/11:38:59      207.770     -53.6300      17.1200      132.000      2.82961     0.669131    0.0367010
1998-09-06/11:39:19      207.850     -54.8200      17.2800      128.000      3.45891     0.615661    0.0475717
1998-09-06/11:39:39      207.980     -56.0400      16.9300      140.000      4.58750     0.766045    0.0514661
1998-09-06/11:39:59      208.330     -57.3900      16.0400      129.000      3.12558     0.629321    0.0423946
1998-09-06/11:40:18      208.770     -58.6100      19.6900      119.000      2.72378     0.484810    0.0415785
1998-09-06/11:40:38      208.930     -59.8800      17.7200      119.000      3.29344     0.484810    0.0502743
1998-09-06/11:40:58      209.380     -60.9700      17.0500      136.000      1.87199     0.719340    0.0226961
1998-09-06/11:41:18      209.960     -62.1500      17.3300      126.000      2.27823     0.587785    0.0321686
1998-09-06/11:41:39      210.430     -63.3100      17.0200      120.000      2.61527     0.500000    0.0395298
1998-09-06/11:41:59      210.460     -64.5900      17.4300      122.000      2.04105     0.529919    0.0302101
1998-09-06/11:42:19      210.800     -65.9700      17.0900      132.000      2.47687     0.669131    0.0321258
1998-09-06/11:42:39      211.560     -67.3500      17.6400      125.000      1.78161     0.573576    0.0254715
1998-09-06/11:42:58      212.380     -68.5600      16.4500      124.000      1.37144     0.559193    0.0198440
1998-09-06/11:43:18      212.960     -69.7500      12.9800      120.000      2.53734     0.500000    0.0383519
1998-09-06/11:43:38      213.510     -70.8400      16.4200      123.000      1.66979     0.544639    0.0244417
1998-09-06/11:43:58      214.640     -72.0100      17.1100      121.000      2.42035     0.515038    0.0362094
1998-09-06/11:44:19      214.830     -73.0900      15.8600      118.000      2.62505     0.469472    0.0404529
1998-09-06/11:58:19      50.4300     -78.7800      16.1900      64.0000      2.69276     0.438371    0.0422411
1998-09-06/11:59:58      31.2600     -67.1500      17.2400      43.0000      2.11341     0.731354    0.0251562
1998-09-06/12:00:39      19.7000     -70.2600      17.5400      69.0000      2.55790     0.358368    0.0416786
1998-09-06/12:00:59      24.6100     -67.8100      15.4900      63.0000      3.01723     0.453990    0.0469209
1998-09-06/12:01:19      33.0300     -67.5500      16.7600      56.0000      1.97618     0.559193    0.0285942
1998-09-06/12:01:38      31.8900     -63.7100      18.1200      56.0000      1.61630     0.559193    0.0233869
1998-09-06/12:01:58      32.7900     -62.9700      17.6900      57.0000      2.04105     0.544639    0.0298760
1998-09-06/12:02:18      32.0700     -61.9200      16.6100      52.0000      2.74226     0.615661    0.0377153
1998-09-06/12:02:38      29.9200     -60.0900      17.0300      52.0000      3.04156     0.615661    0.0418317
1998-09-06/12:02:59      29.7800     -58.4300      16.9100      52.0000      3.32400     0.615661    0.0457162
1998-09-06/12:03:19      30.8700     -57.4000      16.2900      48.0000      3.31843     0.669131    0.0430411
1998-09-06/12:03:39      31.0300     -56.8200      16.4800      53.0000      3.07954     0.601815    0.0429252
1998-09-06/12:03:59      30.6800     -55.7800      16.9600      54.0000      2.77985     0.587785    0.0392515
1998-09-06/12:24:59      28.8400      13.6600      16.8000      121.000      2.49214     0.515038    0.0372834
1998-09-06/12:25:19      29.5800      14.3900      16.1900      124.000      1.50721     0.559193    0.0218085
1998-09-06/12:25:38      29.0200      15.3300      16.5100      124.000      1.84570     0.559193    0.0267062
1998-09-06/12:25:58      28.2400      16.1500      17.0600      122.000      2.40317     0.529919    0.0355699
1998-09-06/12:26:18      28.1100      17.6300      17.1500      118.000      2.81502     0.469472    0.0433804
1998-09-06/12:26:38      28.7900      19.4000      17.7800      127.000      4.95410     0.601815    0.0690543
1998-09-06/12:26:59      28.4600      19.4000      18.2300      121.000      3.67335     0.515038    0.0549548
1998-09-06/12:27:19      27.6200      20.0000      17.5900      101.000      2.74699     0.190809    0.0470632
1998-09-06/12:27:39      27.4400      21.3700      17.5900      100.000      2.93754     0.173648    0.0504908
1998-09-06/12:27:59      26.9200      22.2800      17.1800      93.0000      3.13732    0.0523359    0.0546815
1998-09-06/12:28:18      28.0500      23.1500      16.7500      122.000      3.12708     0.529919    0.0462846
1998-09-06/12:28:38      28.1900      24.5900      16.2400      129.000      4.10091     0.629321    0.0556237
1998-09-06/12:28:58      27.9700      25.1300      16.1100      120.000      3.88265     0.500000    0.0586862
1998-09-06/12:29:18      27.3500      27.5700      16.4700      121.000      2.42035     0.515038    0.0362094
1998-09-06/12:29:39      26.6300      28.0800      16.7500      97.0000      3.50062     0.121869    0.0606419
1998-09-06/12:29:59      27.0400      29.2200      17.2000      107.000      3.29316     0.292372    0.0549650
1998-09-06/12:30:19      27.0500      30.5500      17.2000      133.000      4.74620     0.681998    0.0605830
1998-09-06/12:30:39      25.7900      31.9000      16.2500      117.000      3.16633     0.453991    0.0492396
1998-09-06/12:30:58      26.1900      32.6600      15.7100      111.000      2.76042     0.358368    0.0449784
1998-09-06/12:31:18      27.0400      34.4900      16.1500      122.000      2.74913     0.529919    0.0406905
1998-09-06/12:31:38      27.1000      34.9300      16.3200      111.000      2.66344     0.358368    0.0433982
1998-09-06/12:31:58      27.1100      35.8000      16.7800      117.000      3.48879     0.453991    0.0542542
1998-09-06/12:32:19      26.6500      36.4900      16.8000      110.000      3.59163     0.342020    0.0589054
1998-09-06/12:32:39      27.0900      37.6100      16.4900      119.000      4.29604     0.484810    0.0655790
1998-09-06/12:32:59      26.9700      39.2100      16.5200      114.000      2.26885     0.406737    0.0361754
1998-09-06/12:33:19      28.2000      41.5700      16.4400      115.000      3.34448     0.422618    0.0529032
1998-09-06/12:33:38      29.0100      43.1000      16.3200      116.000      4.46577     0.438371    0.0700542
1998-09-06/12:33:58      27.4700      43.8700      16.1500      125.000      3.61859     0.573576    0.0517346
1998-09-06/12:34:18      27.4500      44.4200      16.1200      122.000      2.81476     0.529919    0.0416619
1998-09-06/12:34:38      27.1800      45.2700      15.8300      124.000      1.84570     0.559193    0.0267062
1998-09-06/12:34:59      27.6700      46.6700      16.0700      124.000      1.55036     0.559193    0.0224328
1998-09-06/12:35:19      27.1200      46.9500      16.8200      125.000      2.54251     0.573576    0.0363500
1998-09-06/12:35:39      27.9400      48.0700      16.8500      131.000      3.42408     0.656059    0.0451026
1998-09-06/12:35:59      27.2600      48.5900      16.9300      122.000      3.12708     0.529919    0.0462846
1998-09-06/12:36:18      29.3400      51.0800      16.8400      124.000      2.39890     0.559193    0.0347107
1998-09-06/13:32:19      206.370     -40.8700      16.6900      57.0000      2.19844     0.544639    0.0321798
1998-09-06/13:32:39      206.490     -41.9100      16.5400      66.0000      1.58863     0.406737    0.0253297
1998-09-06/13:32:59      206.640     -42.9000      16.6200      58.0000      2.86288     0.529919    0.0423742
1998-09-06/13:33:19      206.890     -43.9800      16.6100      66.0000      1.58863     0.406737    0.0253297
1998-09-06/13:33:39      207.140     -45.1100      16.8200      66.0000      1.53310     0.406737    0.0244443
1998-09-06/13:33:59      207.260     -46.1900      16.6800      67.0000      1.37735     0.390731    0.0221283
1998-09-06/13:34:19      207.440     -47.4000      16.8200      76.0000      1.73153     0.241922    0.0293232
1998-09-06/13:34:39      207.530     -48.6500      16.7000      80.0000      2.20252     0.173648    0.0378572
1998-09-06/13:34:59      207.710     -49.9000      16.4700      56.0000      1.83647     0.559193    0.0265727
1998-09-06/13:35:19      207.820     -50.9900      16.4500      27.0000      7.29646     0.891007    0.0578144
1998-09-06/13:35:39      208.080     -52.1000      16.5300      64.0000      2.78826     0.438371    0.0437392
1998-09-06/13:35:59      208.170     -53.1500      16.5400      68.0000      1.71930     0.374607    0.0278224
1998-09-06/13:36:19      208.460     -54.4200      16.5000      59.0000      2.92475     0.515038    0.0437554
1998-09-06/13:36:39      208.480     -55.7000      16.4900      75.0000      2.26526     0.258819    0.0381891
1998-09-06/13:36:59      208.090     -56.7500      16.4200      56.0000      2.43576     0.559193    0.0352441
1998-09-06/13:37:19      208.130     -57.8500      16.4100      59.0000      2.81804     0.515038    0.0421590
1998-09-06/13:37:39      208.070     -58.7700      17.4900      59.0000      2.31453     0.515038    0.0346263
1998-09-06/13:37:59      208.360     -59.8400      17.6200      54.0000      2.01076     0.587785    0.0283920
1998-09-06/13:38:19      208.860     -61.1500      17.6500      34.0000      4.84072     0.829038    0.0472443
1998-09-06/13:38:39      209.540     -62.6300      17.7300      68.0000      1.76109     0.374607    0.0284987
1998-09-06/13:38:59      210.320     -64.2200      17.6000      53.0000      2.01124     0.601815    0.0280343
1998-09-06/13:39:19      210.630     -65.2100      17.6000      55.0000      1.43726     0.573576    0.0205484
1998-09-06/13:39:39      210.010     -65.9200      17.5700      70.0000      2.34075     0.342020    0.0383900
1998-09-06/13:39:59      210.120     -66.7600      17.4100      74.0000      1.91034     0.275637    0.0320501
1998-09-06/13:40:20      210.450     -67.6700      17.2800      74.0000      2.24074     0.275637    0.0375933
1998-09-06/13:40:40      211.240     -68.9500      17.5500      69.0000      2.27385     0.358368    0.0370502
1998-09-06/13:41:00      212.890     -70.5000      17.4600      66.0000      1.31741     0.406737    0.0210053
1998-09-06/13:41:20      214.740     -72.1200      17.2500      68.0000      1.80723     0.374607    0.0292453
1998-09-06/13:41:39      215.970     -73.0900      17.2800      65.0000      1.44377     0.422618    0.0228376
1998-09-06/13:41:59      216.560     -74.0800      17.1700      58.0000      2.07089     0.529919    0.0306517
1998-09-06/13:42:19      222.390     -76.4300      17.1600      65.0000      1.44377     0.422618    0.0228376
1998-09-06/13:42:39      222.610     -77.2000      17.1600      63.0000      2.25007     0.453990    0.0349908
1998-09-06/13:42:55      226.970     -78.9200      17.1500      64.0000      2.26287     0.438371    0.0354975
1998-09-06/13:43:12      232.360     -80.8300      17.3500      63.0000      2.25007     0.453990    0.0349908
1998-09-06/15:00:40      219.290      61.0900      17.1700      63.0000      5.41446     0.453990    0.0842003
1998-09-06/15:01:20      214.830      58.9800      17.6100      53.0000      5.55124     0.601815    0.0773777
1998-09-06/15:01:39      217.700      56.4700      17.1600      58.0000      3.18689     0.529919    0.0471699
1998-09-06/15:01:59      212.780      54.6700      18.6700      63.0000      3.66487     0.453990    0.0569924
1998-09-06/15:02:19      210.910      53.8800      19.2900      48.0000      5.06210     0.669131    0.0656571
1998-09-06/15:02:39      211.130      52.3300      18.9600      56.0000      2.34112     0.559193    0.0338747
1998-09-06/15:03:00      210.380      50.9500      22.4500      64.0000      3.75347     0.438371    0.0588804
1998-09-06/15:03:20      208.990      49.3600      26.0900      48.0000      3.97424     0.669131    0.0515472
1998-09-06/15:03:40      208.910      48.0600      23.8800      61.0000      3.30730     0.484810    0.0504859
1998-09-06/15:04:00      209.330      47.0400      20.1100      64.0000      4.13745     0.438371    0.0649038
1998-09-06/15:04:19      208.910      45.7700      17.5700      55.0000      2.56447     0.573576    0.0366640
1998-09-06/15:04:39      208.100      44.1800      16.9900      53.0000      3.44405     0.601815    0.0480060
1998-09-06/15:04:59      208.430      43.2500      17.7500      50.0000      4.25829     0.642788    0.0569333
1998-09-06/15:05:19      207.420      41.9000      18.1200      53.0000      3.62091     0.601815    0.0504712
1998-09-06/15:05:40      207.060      40.2600      17.5700      62.0000      4.31892     0.469472    0.0665560
1998-09-06/15:06:00      207.770      39.4800      17.5200      59.0000      3.88265     0.515038    0.0580860
1998-09-06/15:06:20      207.750      38.1700      17.7200      63.0000      2.93375     0.453990    0.0456227
1998-09-06/15:06:40      207.370      36.9300      17.7400      66.0000      1.92248     0.406737    0.0306527
1998-09-06/15:06:59      207.650      35.5000      18.4700      63.0000      3.34944     0.453990    0.0520871
1998-09-06/15:07:19      207.900      34.7300      17.5200      53.0000      3.44405     0.601815    0.0480060
1998-09-06/15:07:39      207.190      33.4100      17.3400      52.0000      3.96993     0.615661    0.0546000
1998-09-06/15:07:59      207.060      32.1500      17.6200      68.0000      3.72656     0.374607    0.0603047
1998-09-06/15:08:20      206.600      30.8700      17.4900      70.0000      3.32780     0.342020    0.0545784
1998-09-06/15:08:40      206.400      29.5800      17.5200      70.0000      2.93767     0.342020    0.0481799
1998-09-06/15:12:19      206.020      17.9200      17.5100      31.0000      11.0676     0.857167    0.0994879
1998-09-06/15:12:39      206.040      16.6300      17.4900      37.0000      10.4151     0.798635     0.109397
1998-09-06/15:12:59      206.360      15.7200      17.5100      67.0000      2.74726     0.390731    0.0441370
1998-09-06/15:13:19      206.320      14.4000      17.5600      64.0000      3.47634     0.438371    0.0545331
1998-09-06/15:13:40      206.470      13.5800      17.5300      48.0000      4.89541     0.669131    0.0634951
1998-09-06/15:14:00      205.910      12.2900      17.5800      65.0000      3.21946     0.422618    0.0509256
1998-09-06/15:14:20      206.150      11.0800      17.6700      52.0000      4.38046     0.615661    0.0602461
1998-09-06/15:14:40      205.780      10.0100      17.6200      73.0000      4.88163     0.292372    0.0814777
1998-09-06/15:14:59      205.830      8.65000      17.4900      59.0000      4.01660     0.515038    0.0600899
1998-09-06/15:15:19      205.760      7.71000      17.4600      69.0000      2.94955     0.358368    0.0480601
1998-09-06/15:16:40      206.000      3.08000      17.5000      37.0000      7.58741     0.798635    0.0796955
1998-09-06/15:17:00      205.680      1.65000      17.5100      47.0000      4.18323     0.681998    0.0533970
1998-09-06/15:17:20      206.000      1.13000      17.6100      44.0000      2.37842     0.719340    0.0288361
1998-09-06/15:17:39      205.630    -0.210000      17.5600      57.0000      2.48027     0.544639    0.0363051
1998-09-06/15:17:59      205.440     -1.08000      17.4700      66.0000      2.30954     0.406737    0.0368242
1998-09-06/15:18:19      205.440     -1.95000      17.6700      60.0000      3.29344     0.500000    0.0497803
1998-09-06/15:34:20      207.000     -55.0400      17.8200      70.0000      2.46527     0.342020    0.0404322
1998-09-06/15:34:40      207.190     -56.2600      17.8700      81.0000      4.26953     0.156434    0.0735999
1998-09-06/15:35:00      207.110     -57.2600      17.9700      50.0000      3.29006     0.642788    0.0439881
1998-09-06/15:35:20      207.110     -58.3400      17.9200      56.0000      1.76984     0.559193    0.0256086
1998-09-06/15:35:40      207.220     -59.3800      17.9500      57.0000      2.48027     0.544639    0.0363051
1998-09-06/15:36:00      207.980     -60.4700      18.0300      58.0000      5.24339     0.529919    0.0776086
1998-09-06/15:36:20      209.710     -61.7500      18.1500      64.0000      3.61512     0.438371    0.0567101
1998-09-06/15:36:40      211.590     -63.8100      18.3300      64.0000      3.34448     0.438371    0.0524646
1998-09-06/16:53:20      244.870      77.7900      18.7200      58.0000      3.67335     0.529919    0.0543701
1998-09-06/16:53:40      234.000      75.7900      18.8300      72.0000      8.16995     0.309017     0.135614
1998-09-06/16:54:00      225.440      73.8400      19.4700      69.0000      2.78623     0.358368    0.0453990
1998-09-06/16:54:20      219.580      71.3500      19.6200      62.0000      3.71922     0.469472    0.0573145
1998-09-06/16:54:40      217.010      69.5800      19.5700      65.0000      2.97444     0.422618    0.0470499
1998-09-06/16:55:00      214.750      68.5400      19.7200      77.0000      2.28924     0.224951    0.0389307
1998-09-06/16:55:20      213.400      67.7000      19.9900      71.0000      3.03428     0.325568    0.0500729
1998-09-06/16:55:40      213.280      66.3700      19.3900      67.0000      1.56737     0.390731    0.0251811
1998-09-06/16:56:00      212.210      64.9300      19.8700      69.0000      2.35372     0.358368    0.0383516
1998-09-06/16:56:20      211.540      63.6300      20.1500      72.0000      2.65356     0.309017    0.0440466
1998-09-06/16:56:40      211.110      62.2500      20.1500      66.0000      1.64092     0.406737    0.0261634
1998-09-06/16:57:00      210.640      60.7900      20.8900      66.0000      1.82806     0.406737    0.0291473
1998-09-06/16:57:20      209.650      59.4600      21.0300      68.0000      2.32941     0.374607    0.0376955
1998-09-06/16:57:40      208.920      58.1800      20.7000      68.0000      2.53204     0.374607    0.0409745
1998-09-06/16:58:00      208.550      57.1200      20.7000      66.0000      2.10025     0.406737    0.0334872
1998-09-06/16:58:20      208.240      56.0200      21.1700      130.000      8.71274     0.642788     0.116489
1998-09-06/16:58:40      208.010      54.7600      21.1200      32.0000      5.90090     0.848048    0.0545765
1998-09-06/16:59:00      207.830      53.6900      23.0200      64.0000      6.18140     0.438371    0.0969671
1998-09-06/16:59:20      207.610      52.4700      20.3000      67.0000      2.15767     0.390731    0.0346648
1998-09-06/16:59:40      207.400      51.2500      21.2700      71.0000      3.27522     0.325568    0.0540490
1998-09-06/16:59:59      207.370      50.1000      21.6400      66.0000      2.64073     0.406737    0.0421048
1998-09-06/17:00:20      207.080      48.8800      21.3400      65.0000      2.05132     0.422618    0.0324479
1998-09-06/17:00:40      206.690      47.7000      21.2100      68.0000      2.59786     0.374607    0.0420396
1998-09-06/17:01:00      206.340      46.5400      21.2900      79.0000      2.22837     0.190809    0.0381778
1998-09-06/17:01:20      206.060      45.4200      21.2900      68.0000      2.76042     0.374607    0.0446703
1998-09-06/17:01:39      205.810      44.3900      21.1200      67.0000      1.74712     0.390731    0.0280690
1998-09-06/17:01:59      205.710      43.3900      20.9900      65.0000      2.63779     0.422618    0.0417247
1998-09-06/17:02:19      205.650      42.3000      20.5300      66.0000      1.92248     0.406737    0.0306527
1998-09-06/17:02:39      205.630      41.1600      20.6100      68.0000      2.89320     0.374607    0.0468189
1998-09-06/17:03:00      205.670      39.9300      21.0800      72.0000      4.48756     0.309017    0.0744893
1998-09-06/17:03:20      205.610      38.6600      21.1400      74.0000      3.92395     0.275637    0.0658328
1998-09-06/17:03:40      205.530      37.3600      21.1800      83.0000      3.16120     0.121869    0.0547621
1998-09-06/17:04:00      205.390      36.2400      21.1900      68.0000      3.27161     0.374607    0.0529425
1998-09-06/17:04:19      205.230      35.1900      21.5100      85.0000      3.60684    0.0871558    0.0627117
1998-09-06/17:04:39      205.080      34.0500      21.8800      94.0000      26.9820    0.0697566     0.469778
1998-09-06/17:04:59      204.980      33.0000      21.3700      75.0000      4.10868     0.258819    0.0692665
1998-09-06/17:05:19      204.950      31.9700      21.3200      94.0000      4.83681    0.0697566    0.0842126
1998-09-06/17:05:40      204.860      30.8200      21.0300      59.0000      3.44536     0.515038    0.0515439
1998-09-06/17:06:00      204.810      29.7300      21.7200      60.0000      7.65778     0.500000     0.115747
1998-09-06/17:06:20      204.840      28.6900      21.6600      97.0000      5.76105     0.121869    0.0997998
1998-09-06/17:06:40      204.890      27.5600      22.2300      69.0000      5.10242     0.358368    0.0831391
1998-09-06/17:09:00      204.120      19.6200      21.2800      56.0000      6.93669     0.559193     0.100370
1998-09-06/17:09:20      203.990      18.5200      21.0900      60.0000      5.52790     0.500000    0.0835542
1998-09-06/17:09:39      203.840      17.4600      21.4100      53.0000      4.83331     0.601815    0.0673706
1998-09-06/17:09:59      203.740      16.3600      21.3200      82.0000      5.76105     0.139173    0.0995708
1998-09-06/17:10:19      203.710      15.2900      21.8800      83.0000      3.24676     0.121869    0.0562443
1998-09-06/17:10:39      203.830      14.2200      22.4100      85.0000      2.94591    0.0871558    0.0512202
1998-09-06/17:11:00      204.010      13.2400      20.8400      88.0000      1.72870    0.0348994    0.0301531
1998-09-06/17:11:20      203.990      12.3000      21.8600      92.0000      5.09008    0.0348995    0.0887845
1998-09-06/17:11:40      203.770      11.1400      21.4800      70.0000      4.13709     0.342020    0.0678513
1998-09-06/17:12:00      203.640      9.95000      21.1800      61.0000      4.45736     0.484810    0.0680416
1998-09-06/17:12:19      203.510      8.85000      21.3500      80.0000      2.63679     0.173648    0.0453215
1998-09-06/17:12:39      203.550      7.75000      21.6200      108.000      3.86319     0.309017    0.0641254
1998-09-06/17:12:59      203.720      6.80000      21.3800      43.0000      4.32886     0.731354    0.0515269
1998-09-06/17:13:19      203.730      5.85000      21.3500      99.0000      2.78112     0.156434    0.0479421
1998-09-06/17:13:40      203.680      4.77000      21.4000      99.0000      4.47393     0.156434    0.0771235
1998-09-06/17:14:00      203.700      3.75000      21.1400      96.0000      5.33106     0.104529    0.0925348
1998-09-06/17:14:20      203.680      2.70000      21.7000      94.0000      4.83681    0.0697566    0.0842126
1998-09-06/17:14:40      203.680      1.64000      21.5600      101.000      2.40509     0.190809    0.0412055
1998-09-06/17:14:59      203.640     0.610000      21.4300      65.0000      2.37061     0.422618    0.0374984
1998-09-06/17:15:19      203.570    -0.460000      21.6100      51.0000      3.90398     0.629320    0.0529526
1998-09-06/17:15:39      203.540     -1.46000      21.6700      56.0000      3.47125     0.559193    0.0502270
1998-09-06/17:15:59      203.660     -2.46000      21.3200      81.0000      3.71770     0.156434    0.0640873
1998-09-06/17:16:20      203.730     -3.50000      21.5800      70.0000      5.30545     0.342020    0.0870133
1998-09-06/17:16:40      203.700     -4.62000      21.7100      32.0000      11.3868     0.848048     0.105315
1998-09-06/17:26:19      203.340     -36.6900      21.7000      72.0000      4.34779     0.309017    0.0721693
1998-09-06/17:26:39      203.450     -37.9300      21.6100      21.0000      3.32962     0.933580    0.0208258
1998-09-06/17:27:00      203.520     -39.1100      21.5600      45.0000      2.58820     0.707107    0.0319419
1998-09-06/17:27:20      203.490     -40.0900      21.5300      48.0000      4.38158     0.669131    0.0568305
1998-09-06/17:27:40      203.440     -41.1700      22.2000      88.0000      2.05850    0.0348994    0.0359057
1998-09-06/17:28:00      203.470     -42.2000      22.1200      81.0000      2.91341     0.156434    0.0502226
1998-09-06/17:28:19      203.180     -42.9500      21.9000      88.0000      1.96914    0.0348994    0.0343470
1998-09-06/17:28:39      203.470     -43.8000      21.8100      70.0000      3.32780     0.342020    0.0545784
1998-09-06/17:28:59      203.710     -45.0900      22.9700      58.0000      2.63036     0.529919    0.0389326
1998-09-06/17:29:19      203.740     -46.3100      22.1300      73.0000      3.76704     0.292372    0.0628744
1998-09-06/17:29:39      203.840     -47.4100      22.0900      61.0000      4.06758     0.484810    0.0620916
1998-09-06/17:29:59      203.930     -48.5500      22.2500      71.0000      2.88853     0.325568    0.0476677
1998-09-06/17:30:19      203.940     -49.7800      22.8500      78.0000      2.61109     0.207912    0.0445763
1998-09-06/17:30:39      203.880     -50.7800      22.2900      57.0000      3.96800     0.544639    0.0580819
1998-09-06/17:30:59      203.900     -51.8300      21.3500      59.0000      3.44536     0.515038    0.0515439
1998-09-06/17:31:19      204.040     -52.8300      19.8600      54.0000      4.26413     0.587785    0.0602096
1998-09-06/17:31:39      204.170     -53.8100      20.5600      46.0000      2.56416     0.694658    0.0321926
1998-09-06/17:31:59      203.900     -54.7300      21.4300      54.0000      2.29797     0.587785    0.0324474
1998-09-06/17:32:19      203.830     -55.7100      21.5300      48.0000      3.05442     0.669131    0.0396168
1998-09-06/17:32:39      203.920     -56.9200      21.4200      71.0000      3.72693     0.325568    0.0615033
1998-09-06/17:34:19      209.460     -65.1500      21.3200      70.0000      3.28169     0.342020    0.0538221
1998-09-06/17:34:39      208.660     -67.5800      21.3000      86.0000      2.97130    0.0697565    0.0517326
1998-09-06/17:34:59      209.220     -68.8000      21.1100      84.0000      2.86062     0.104528    0.0496537
1998-09-06/17:35:19      207.790     -68.8400      21.2500      75.0000      2.65779     0.258819    0.0448066
1998-09-06/17:35:39      208.450     -69.6400      21.1000      80.0000      3.05685     0.173648    0.0525416
1998-09-06/17:35:59      209.410     -71.5800      20.6400      65.0000      3.75034     0.422618    0.0593231
1998-09-06/17:36:19      208.990     -72.5300      20.3700      101.000      3.93997     0.190809    0.0675020
1998-09-06/17:36:39      209.580     -73.1500      21.0200      41.0000      9.76858     0.754710     0.111854
1998-09-06/17:36:59      209.840     -73.8700      20.9900      57.0000      8.52208     0.544639     0.124743
1998-09-06/22:08:41      27.0600     -3.55000      21.0100      85.0000      3.60684    0.0871558    0.0627117
1998-09-06/22:09:01      29.6300     -2.63000      20.9200      57.0000      2.40317     0.544639    0.0351766
1998-09-06/22:09:21      33.2600     -1.83000      20.8900      74.0000      3.40585     0.275637    0.0571406
1998-09-06/22:10:41      28.0900      3.58000      20.7700      59.0000      2.61527     0.515038    0.0391255
1998-09-06/22:11:01      28.6100      6.65000      20.7100      62.0000      2.70413     0.469472    0.0416716
1998-09-06/22:11:21      25.2400      8.20000      20.7600      53.0000      2.37413     0.601815    0.0330926
1998-09-06/22:11:41      26.2900      9.84000      20.8500      43.0000      2.72704     0.731354    0.0324603
1998-09-06/22:12:01      27.8900      10.0600      20.8100      57.0000      2.40317     0.544639    0.0351766
1998-09-06/22:12:21      24.9800      11.7200      20.9400      52.0000      3.57709     0.615661    0.0491971
1998-09-06/22:12:41      25.5600      12.6800      20.7900      63.0000      4.57356     0.453990    0.0711234
1998-09-06/22:13:01      24.4900      14.4300      20.8500      55.0000      2.94981     0.573576    0.0421731
1998-09-06/22:13:21      23.7300      14.6800      20.8800      50.0000      2.78939     0.642788    0.0372941
1998-09-06/22:13:41      23.6700      15.4000      20.6600      59.0000      2.39210     0.515038    0.0357868
1998-09-06/22:14:01      23.7600      16.0600      20.6200      60.0000      3.57206     0.500000    0.0539917
1998-09-06/22:14:21      24.7500      17.0400      20.8200      42.0000      4.15427     0.743145    0.0485158
1998-09-06/22:14:41      25.1700      18.1600      20.8500      61.0000      2.30775     0.484810    0.0352278
1998-09-06/22:15:01      24.6900      18.6800      20.9200      63.0000      2.15172     0.453990    0.0334614
1998-09-06/22:15:21      23.2400      19.6800      20.4800      52.0000      2.82921     0.615661    0.0389112
1998-09-06/22:15:41      22.5300      20.9700      20.8700      55.0000      3.79061     0.573576    0.0541940
1998-09-06/22:16:01      24.5500      21.6300      21.3300      65.0000      2.74282     0.422618    0.0433861
1998-09-06/22:16:21      25.4100      22.6700      20.9400      69.0000      2.83141     0.358368    0.0461351
1998-09-06/22:16:41      25.9300      24.2100      20.7400      68.0000      2.16209     0.374607    0.0349878
1998-09-06/22:17:01      26.4800      26.4800      21.1500      68.0000      2.16209     0.374607    0.0349878
1998-09-06/22:17:21      26.7900      26.9700      21.2500      71.0000      2.25162     0.325568    0.0371572
1998-09-06/22:17:41      27.0400      27.9800      21.4100      72.0000      2.44629     0.309017    0.0406061
1998-09-06/22:21:01      29.5500      39.2100      21.4600      68.0000      2.41315     0.374607    0.0390506
1998-09-06/22:21:21      29.3000      40.8200      21.5800      61.0000      2.91367     0.484810    0.0444772
1998-09-06/22:21:41      29.3800      41.6700      21.6600      55.0000      1.99801     0.573576    0.0285654
1998-09-06/22:22:01      26.6300      42.2500      21.5400      59.0000      2.46330     0.515038    0.0368519
1998-09-06/22:22:21      28.0900      43.0900      21.6000      66.0000      1.16474     0.406737    0.0185711
1998-09-06/22:22:41      29.2600      44.1300      21.4100      58.0000      2.30422     0.529919    0.0341053
1998-09-06/22:23:01      29.5300      45.7700      21.1600      64.0000      2.78826     0.438371    0.0437392
1998-09-06/22:23:21      27.3800      47.2800      21.1500      68.0000      2.04548     0.374607    0.0331008
1998-09-06/22:23:41      24.4700      47.8300      21.3400      71.0000      2.88853     0.325568    0.0476677
1998-09-06/22:24:01      25.5600      47.7400      21.3700      73.0000      2.45874     0.292372    0.0410380
1998-09-06/22:24:21      28.7800      49.3000      21.2000      67.0000      1.68015     0.390731    0.0269930
1998-09-06/22:24:41      32.1400      50.5800      21.0900      70.0000      2.34075     0.342020    0.0383900
1998-09-06/22:50:22      220.070      66.5900      23.8400      58.0000      2.86288     0.529919    0.0423742
1998-09-06/22:50:42      215.080      63.7900      23.4200      57.0000      2.56560     0.544639    0.0375541
1998-09-06/22:51:02      211.340      61.0600      26.0700      57.0000      2.09344     0.544639    0.0306429
1998-09-06/22:51:22      213.550      61.6100      26.6400      57.0000      2.48027     0.544639    0.0363051
1998-09-06/22:51:42      211.750      59.8300      22.2400      57.0000      2.81476     0.544639    0.0412012
1998-09-06/22:52:02      210.900      58.4500      19.8300      52.0000      3.82036     0.615661    0.0525429
1998-09-06/22:52:22      209.930      56.8100      22.3500      54.0000      9.47304     0.587785     0.133759
1998-09-06/22:52:42      209.200      55.3300      21.9300      56.0000      2.04324     0.559193    0.0295645
1998-09-06/22:53:02      207.890      53.4600      23.1300      56.0000      2.22103     0.559193    0.0321371
1998-09-06/22:53:22      206.790      51.9200      22.4800      57.0000      2.26089     0.544639    0.0330939
1998-09-06/22:53:42      206.060      50.6100      20.7900      52.0000      4.38046     0.615661    0.0602461
1998-09-06/22:54:02      205.740      49.0400      20.7600      53.0000      3.17024     0.601815    0.0441894
1998-09-06/22:54:22      205.550      47.8100      21.5200      51.0000      4.25030     0.629320    0.0576500
1998-09-06/22:54:42      204.950      46.5100      22.0400      53.0000      3.44405     0.601815    0.0480060
1998-09-06/22:55:02      204.690      45.0600      22.2000      55.0000      2.39890     0.573576    0.0342968
1998-09-06/22:55:22      204.480      43.4700      21.3700      55.0000      1.90183     0.573576    0.0271903
1998-09-06/22:55:42      203.920      42.1100      21.5300      63.0000      3.56278     0.453990    0.0554048
1998-09-06/22:56:02      203.770      41.1000      21.3000      50.0000      3.12558     0.642788    0.0417890
1998-09-06/22:56:22      203.510      40.0200      21.4900      64.0000      2.78826     0.438371    0.0437392
1998-09-06/22:56:42      203.550      39.0700      21.4200      65.0000      2.17026     0.422618    0.0343293
1998-09-06/22:57:02      203.240      37.8200      21.5500      46.0000      3.09065     0.694658    0.0388026
1998-09-06/22:57:22      202.530      36.4800      21.5300      59.0000      4.01660     0.515038    0.0600899
1998-09-06/22:57:42      202.860      35.2400      21.4100      42.0000      3.08131     0.743145    0.0359852
1998-09-06/22:58:02      202.890      34.2200      21.2900      50.0000      2.51781     0.642788    0.0336631
1998-09-06/22:58:22      202.710      33.1400      21.2100      64.0000      2.55251     0.438371    0.0400410
1998-09-06/22:58:42      202.580      31.9100      21.3800      62.0000      3.85261     0.469472    0.0593700
1998-09-06/22:59:02      202.380      30.7700      21.5300      63.0000      2.47717     0.453990    0.0385225
1998-09-06/22:59:22      202.420      29.6100      21.6000      57.0000      2.66196     0.544639    0.0389646
1998-09-06/22:59:42      202.360      28.3300      21.4300      63.0000      3.12038     0.453990    0.0485250
1998-09-06/23:00:02      201.930      27.4800      21.2600      58.0000      3.90478     0.529919    0.0577956
1998-09-06/23:00:22      202.120      26.1200      21.1800      38.0000      4.76738     0.788011    0.0512270
1998-09-06/23:00:42      201.800      24.9400      21.3000      56.0000      3.03702     0.559193    0.0439440
1998-09-06/23:01:02      201.760      23.6700      21.2500      82.0000      3.70421     0.139173    0.0640215
1998-09-06/23:01:22      201.700      22.3600      21.2600      64.0000      2.90088     0.438371    0.0455059
1998-09-06/23:01:42      201.670      21.3600      21.4200      61.0000      3.42319     0.484810    0.0522550
1998-09-06/23:02:02      201.750      20.2800      21.2600      48.0000      2.94219     0.669131    0.0381612
1998-09-06/23:02:22      201.570      19.2200      21.1300      64.0000      2.90088     0.438371    0.0455059
1998-09-06/23:02:42      201.450      18.2000      21.0500      73.0000      4.31371     0.292372    0.0719987
1998-09-06/23:03:02      201.280      16.9700      21.2600      81.0000      2.91341     0.156434    0.0502226
1998-09-06/23:03:22      201.260      15.7800      21.3600      56.0000      2.68240     0.559193    0.0388128
1998-09-06/23:03:42      201.230      14.5300      21.4200      78.0000      2.74699     0.207912    0.0468963
1998-09-06/23:04:02      201.190      13.4200      21.3800      72.0000      2.80513     0.309017    0.0465625
1998-09-06/23:04:22      201.290      12.3800      21.3400      37.0000      5.10555     0.798635    0.0536269
1998-09-06/23:04:42      201.170      11.4700      21.2100      58.0000      2.63036     0.529919    0.0389326
1998-09-06/23:05:02      201.030      10.4000      22.0600      53.0000      3.62091     0.601815    0.0504712
1998-09-06/23:05:22      200.970      9.21000      21.9400      72.0000      3.81446     0.309017    0.0633165
1998-09-06/23:05:42      200.930      7.97000      21.8400      70.0000      2.51082     0.342020    0.0411793
1998-09-06/23:06:02      200.930      6.91000      21.6800      91.0000      2.01692    0.0174525    0.0351965
1998-09-06/23:06:22      200.870      5.75000      21.8600      69.0000      3.17304     0.358368    0.0517017
1998-09-06/23:06:42      200.860      4.76000      21.6700      74.0000      3.40585     0.275637    0.0571406
1998-09-06/23:07:02      200.860      3.71000      21.7200      70.0000      3.44885     0.342020    0.0565637
1998-09-06/23:07:22      200.840      2.60000      21.7700      39.0000      6.92331     0.777146    0.0760437
1998-09-06/23:07:42      200.770      1.49000      21.7800      91.0000      1.65454    0.0174525    0.0288728
1998-09-06/23:08:02      200.770     0.370000      22.0800      63.0000      3.12038     0.453990    0.0485250
1998-09-06/23:08:22      200.860    -0.680000      22.4200      66.0000      4.44103     0.406737    0.0708095
1998-09-06/23:08:42      200.870     -1.75000      22.4000      97.0000      3.62364     0.121869    0.0627730
1998-09-06/23:09:02      200.910     -2.76000      21.9900      73.0000      3.60398     0.292372    0.0601528
1998-09-06/23:09:22      200.920     -3.76000      21.8900      59.0000      4.56678     0.515038    0.0683208
1998-09-06/23:09:42      200.830     -4.80000      22.8900      104.000      9.29244     0.241922     0.157366
1998-09-06/23:10:02      200.730     -5.95000      23.2500      72.0000      5.86741     0.309017    0.0973935
1998-09-06/23:10:22      200.670     -7.11000      22.2300      47.0000      5.05634     0.681998    0.0645418
1998-09-06/23:10:42      200.670     -8.30000      21.5700      68.0000      2.53204     0.374607    0.0409745
1998-09-06/23:11:02      200.630     -9.45000      22.4900      68.0000      2.53204     0.374607    0.0409745
1998-09-06/23:11:22      200.630     -10.4700      22.5000      57.0000      3.12708     0.544639    0.0457728
1998-09-06/23:11:42      200.600     -11.4600      22.2300      67.0000      1.90709     0.390731    0.0306390
1998-09-06/23:12:02      200.580     -12.5900      22.2100      72.0000      4.67314     0.309017    0.0775698
1998-09-06/23:12:22      200.590     -13.6000      22.3600      60.0000      5.52790     0.500000    0.0835542
1998-09-06/23:12:42      200.500     -14.6800      22.3600      13.0000      6.81405     0.974370    0.0267529
1998-09-06/23:17:02      200.910     -29.0100      22.3100      21.0000      13.1608     0.933580    0.0823169
1998-09-06/23:17:22      200.840     -30.0700      22.3700      25.0000      4.03740     0.906308    0.0297802
1998-09-06/23:17:42      200.770     -31.2200      22.1100      28.0000      13.0184     0.882948     0.106670
1998-09-06/23:18:02      200.790     -32.5100      22.2200      41.0000      8.57142     0.754710    0.0981461
1998-09-06/23:18:22      200.620     -33.6100      22.4000      77.0000      19.1297     0.224951     0.325319
1998-09-06/23:18:42      200.450     -34.6200      22.3800      57.0000      3.39229     0.544639    0.0496549
1998-09-06/23:19:02      200.430     -35.5200      22.2100      32.0000      7.53722     0.848048    0.0697105
1998-09-06/23:19:22      200.510     -36.6100      22.0300      67.0000      2.74726     0.390731    0.0441370
1998-09-06/23:19:42      200.590     -37.7300      22.5000      37.0000      4.39176     0.798635    0.0461295
1998-09-06/23:20:02      200.690     -38.8200      22.6300      70.0000      2.41105     0.342020    0.0395430
1998-09-06/23:20:22      200.650     -40.0900      22.2800      64.0000      2.55251     0.438371    0.0400410
1998-09-06/23:20:42      200.720     -41.1800      22.4200      62.0000      4.15842     0.469472    0.0640827
1998-09-06/23:21:02      200.760     -42.2000      22.9100      67.0000      1.74712     0.390731    0.0280690
1998-09-06/23:21:22      200.820     -43.2900      22.3000      61.0000      2.81502     0.484810    0.0429713
1998-09-06/23:21:42      201.000     -44.5300      23.3300      68.0000      2.25057     0.374607    0.0364197
1998-09-06/23:22:02      200.580     -45.4600      21.6000      68.0000      2.47319     0.374607    0.0400222
1998-09-06/23:22:22      200.670     -46.2800      21.9300      44.0000      1.70461     0.719340    0.0206668
1998-09-06/23:22:42      200.920     -47.5600      22.1500      68.0000      2.16209     0.374607    0.0349878
1998-09-06/23:23:02      200.720     -48.6600      13.3500      40.0000      3.43040     0.766044    0.0384848
1998-09-06/23:23:22      200.790     -49.5400      13.5200      72.0000      2.72835     0.309017    0.0452881
1998-09-06/23:23:42      201.130     -50.6000      13.4000      63.0000      3.77145     0.453990    0.0586498
1998-09-06/23:24:02      201.230     -52.1600      13.2900      57.0000      3.51694     0.544639    0.0514794
1998-09-06/23:24:22      201.570     -53.8800      13.2500      54.0000      1.64420     0.587785    0.0232161
1998-09-06/23:24:42      202.110     -55.7600      13.3900      21.0000      3.96777     0.933580    0.0248172
1998-09-06/23:25:02      202.050     -56.5500      13.5300      72.0000      3.13206     0.309017    0.0519893
1998-09-06/23:25:22      201.990     -57.4000      13.5800      69.0000      2.73958     0.358368    0.0446389
1998-09-06/23:25:42      202.290     -58.6400      13.6300      56.0000      1.61630     0.559193    0.0233869
1998-09-06/23:26:02      202.180     -59.8200      13.6700      62.0000      2.45583     0.469472    0.0378452
1998-09-06/23:26:22      202.210     -60.7100      13.6400      62.0000      2.45583     0.469472    0.0378452
1998-09-06/23:26:42      203.580     -62.4700      13.5900      55.0000      1.55036     0.573576    0.0221653
1998-09-06/23:27:02      203.920     -63.9200      13.5500      65.0000      2.17026     0.422618    0.0343293
1998-09-06/23:27:22      204.290     -65.1800      13.3600      62.0000      4.65407     0.469472    0.0717208
1998-09-06/23:27:42      205.230     -66.4100      13.3100      67.0000      1.61897     0.390731    0.0260101
1998-09-06/23:28:02      205.680     -67.5200      13.3000      76.0000      1.49576     0.241922    0.0253305
1998-09-06/23:28:22      206.150     -68.5500      13.3100      73.0000      2.04680     0.292372    0.0341625
1998-09-06/23:28:42      206.100     -69.2700      13.3900      79.0000      1.74092     0.190809    0.0298265
1998-09-06/23:29:02      208.380     -71.2000      13.2300      73.0000      2.58370     0.292372    0.0431237
1998-09-06/23:29:22      208.980     -72.6900      12.9600      66.0000      1.20991     0.406737    0.0192913
1998-09-06/23:29:42      209.890     -73.7300      12.8400      66.0000      1.16474     0.406737    0.0185711
1998-09-07/01:47:02      22.8600     -57.6000      12.7400      108.000      3.03428     0.309017    0.0503662
1998-09-07/01:47:22      23.0800     -56.3600      12.6100      95.0000      2.03249    0.0871559    0.0353387
1998-09-07/01:47:42      23.8700     -55.0800      12.5300      112.000      1.61897     0.374607    0.0261988
1998-09-07/01:48:02      23.6400     -53.9300      12.4700      152.000      4.49814     0.882948    0.0368570
1998-09-07/01:48:22      22.9200     -52.2900      12.4200      143.000      4.16649     0.798636    0.0437634
1998-09-07/01:48:42      22.4300     -51.3700      12.0400      127.000      4.27100     0.601815    0.0595327
1998-09-07/01:49:22      24.0600     -48.6500      12.8200      123.000      2.34112     0.544639    0.0342683
1998-09-07/01:49:42      24.7900     -48.0800      12.5400      123.000      2.17132     0.544639    0.0317828
1998-09-07/01:50:02      25.9500     -47.3800      12.2900      144.000      3.41073     0.809017    0.0349899
1998-09-07/01:50:22      28.5000     -48.3200      12.2300      141.000      8.47007     0.777146    0.0930328
1998-09-07/01:50:42      24.0100     -48.4600      12.3800      120.000      4.56678     0.500000    0.0690269
1998-09-07/01:51:22      23.5300     -43.8100      12.5300      95.0000      2.71820    0.0871559    0.0472610
1998-09-07/01:51:42      23.0500     -42.6800      12.4700      108.000      2.85097     0.309017    0.0473234
1998-09-07/01:52:02      22.5400     -41.2900      12.4000      111.000      2.32941     0.358368    0.0379555
1998-09-07/01:52:22      22.2500     -39.0500      12.3600      114.000      2.09785     0.406737    0.0334489
1998-09-07/01:52:42      22.0600     -37.2100      12.4900      120.000      3.14954     0.500000    0.0476053
1998-09-07/01:53:02      21.7400     -35.9100      7.56000      118.000      3.73865     0.469472    0.0576139
1998-09-07/01:53:22      21.5600     -34.9400      8.65000      121.000      2.42035     0.515038    0.0362094
1998-09-07/01:53:42      20.6300     -33.6100      9.93000      137.000      2.52636     0.731354    0.0300716
1998-09-07/01:54:02      19.8200     -33.0100      10.6300      137.000      3.85431     0.731354    0.0458783
1998-09-07/01:54:42      19.3200     -31.2600      11.1800      144.000      4.34195     0.809017    0.0445431
1998-09-07/01:55:02      19.1500     -30.3700      11.4500      117.000      4.45875     0.453991    0.0693380
1998-09-07/01:55:22      19.1600     -29.8300      11.5100      129.000      4.96968     0.629321    0.0674075
1998-09-07/01:55:42      19.3300     -29.5200      11.5900      126.000      6.22073     0.587785    0.0878368
1998-09-07/01:56:02      19.3200     -28.1700      11.5100      131.000      4.49430     0.656059    0.0591997
1998-09-07/01:56:22      18.6500     -26.4800      11.5100      123.000      2.53819     0.544639    0.0371529
1998-09-07/01:56:42      18.0300     -23.8700      11.3700      120.000      4.89963     0.500000    0.0740579
1998-09-07/01:57:02      18.3100     -22.9700      11.2800      122.000      2.26089     0.529919    0.0334640
1998-09-07/01:57:22      18.3800     -24.5200      11.2500      102.000      3.13465     0.207912    0.0535144
1998-09-07/01:57:42      17.1700     -19.9400      11.3300      143.000      34.4662     0.798636     0.362021
1998-09-07/01:58:02      16.6900     -19.9600      11.4000      115.000      5.53081     0.422618    0.0874866
1998-09-07/01:58:22      18.9600     -19.8300      11.4200      114.000      2.85912     0.406737    0.0455869
1998-09-07/01:58:42      19.5600     -18.6000      11.3300      104.000      2.35032     0.241922    0.0398023
1998-09-07/01:59:02      19.8500     -17.1600      11.3700      110.000      2.55790     0.342020    0.0419514
1998-09-07/01:59:22      19.5300     -16.4600      11.3600      111.000      2.04548     0.358368    0.0333292
1998-09-07/01:59:42      19.5700     -15.8800      11.4800      112.000      2.03620     0.374607    0.0329506
1998-09-07/02:00:02      19.4600     -15.2200      11.6500      94.0000      3.20026    0.0697566    0.0557190
1998-09-07/02:00:22      19.9100     -13.8500      14.9900      101.000      2.40509     0.190809    0.0412055
1998-09-07/02:00:42      19.9900     -13.0500      14.9800      97.0000      3.41076     0.121869    0.0590853
1998-09-07/02:01:02      20.0900     -11.6300      14.5200      93.0000      3.27567    0.0523359    0.0570929
1998-09-07/02:01:22      19.9700     -10.1200      14.2300      113.000      2.64073     0.390731    0.0424255
1998-09-07/02:01:42      19.8900     -9.08000      12.9400      125.000      3.16559     0.573576    0.0452581
1998-09-07/02:02:02      20.0200     -8.20000      13.2900      142.000      7.58741     0.788011    0.0815291
1998-09-07/02:02:22      20.2000     -7.06000      13.3200      124.000      1.77427     0.559193    0.0256727
1998-09-07/02:02:42      20.0900     -5.68000      12.4500      143.000      2.94156     0.798636    0.0308971
1998-09-07/02:03:02      19.8500     -4.86000      10.8100      127.000      22.1762     0.601815     0.309110
1998-09-07/02:04:02      19.5300     -2.20000      8.73000      110.000      4.30470     0.342020    0.0706002
1998-09-07/02:04:22      20.4700     -1.02000      8.96000      99.0000      4.24290     0.156434    0.0731409
1998-09-07/02:04:42      20.5500    -0.100000      9.12000      112.000      3.38726     0.374607    0.0548140
1998-09-07/02:05:02      20.5300      1.33000      13.1800      116.000      4.41855     0.438371    0.0693134
1998-09-07/02:05:22      20.1000      2.80000      13.1200      94.0000      3.35741    0.0697566    0.0584551
1998-09-07/02:06:22      19.2200      6.88000      12.9900      144.000      9.52545     0.809017    0.0977196
1998-09-07/02:06:42      19.3400      8.34000      12.9100      118.000      7.84933     0.469472     0.120961
1998-09-07/02:07:02      19.1600      9.23000      12.8000      111.000      5.27078     0.358368    0.0858824
1998-09-07/02:07:22      19.3400      10.2700      12.5200      122.000      7.34258     0.529919     0.108679
1998-09-07/02:08:02      19.6700      12.5600      12.3100      114.000      8.86670     0.406737     0.141374
1998-09-07/02:08:22      19.8500      13.4500      12.1200      106.000      6.94302     0.275637     0.116484
1998-09-07/02:08:42      19.2200      14.4800      11.7400      120.000      4.01660     0.500000    0.0607109
1998-09-07/02:09:02      18.9800      15.4000      11.2000      105.000      4.56806     0.258819    0.0770110
1998-09-07/02:09:22      19.2600      16.0400      10.5800      101.000      2.09172     0.190809    0.0358367
1998-09-07/02:09:42      19.1100      17.3000      10.1000      132.000      7.11006     0.669131    0.0922198
1998-09-07/02:10:22      19.2900      19.8000      9.31000      113.000      2.64073     0.390731    0.0424255
1998-09-07/02:10:42      19.2300      21.2600      10.1400      129.000      3.81963     0.629321    0.0518085
1998-09-07/02:11:02      19.2000      21.6000      9.24000      124.000      2.73707     0.559193    0.0396039
1998-09-07/02:11:22      19.4600      22.4300      9.24000      120.000      7.36306     0.500000     0.111293
1998-09-07/02:11:42      20.0900      24.0500      9.33000      106.000      4.17674     0.275637    0.0700739
1998-09-07/02:12:02      20.6800      25.7500      9.36000      119.000      2.87886     0.484810    0.0439458
1998-09-07/02:12:22      19.6600      27.3700      9.18000      126.000      3.44405     0.587785    0.0486300
1998-09-07/02:12:42      20.1100      27.5700      8.95000      111.000      2.32941     0.358368    0.0379555
1998-09-07/02:13:23      19.7300      30.3300      9.60000      132.000      3.42443     0.669131    0.0444160
1998-09-07/02:13:42      19.8000      31.8200      9.89000      139.000      4.79435     0.754710    0.0548972
1998-09-07/02:14:02      19.3200      33.1200      9.99000      134.000      2.85975     0.694658    0.0359037
1998-09-07/02:14:22      19.5300      33.6600      9.73000      122.000      4.94186     0.529919    0.0731456
1998-09-07/02:14:42      22.4800      31.9600      9.78000      122.000      3.51694     0.529919    0.0520550
1998-09-07/02:15:03      24.7400      30.6900      10.1200      133.000      8.41973     0.681998     0.107474
1998-09-07/02:15:43      14.5700      36.2700      9.80000      129.000      4.25829     0.629321    0.0577584
1998-09-07/02:47:43      206.400      54.9100      9.53000      122.000      2.09344     0.529919    0.0309855
1998-09-07/02:48:03      206.110      53.2600      9.63000      121.000      2.56239     0.515038    0.0383344
1998-09-07/02:48:22      207.190      53.2500      9.52000      123.000      1.76984     0.544639    0.0259061
1998-09-07/02:48:42      206.950      51.9500      9.52000      127.000      2.82921     0.601815    0.0394358
1998-09-07/02:49:02      205.720      49.8500      9.38000      122.000      2.14938     0.529919    0.0318135
1998-09-07/02:49:22      205.880      49.0300      20.7800      123.000      1.56129     0.544639    0.0228535
1998-09-07/02:49:43      206.650      48.7100      21.4200      128.000      3.17442     0.615661    0.0436590
1998-09-07/02:50:03      208.730      48.8600      21.0800      131.000      2.94219     0.656059    0.0387550
1998-09-07/02:50:23      209.250      47.9800      20.8800      132.000      2.66416     0.669131    0.0345550
1998-09-07/02:50:43      209.810      47.7800      21.2400      136.000      2.91780     0.719340    0.0353756
1998-09-07/02:51:02      209.410      46.0700      21.5100      132.000      2.98051     0.669131    0.0386582
1998-09-07/02:51:22      205.780      42.1000      21.3300      120.000      2.68786     0.500000    0.0406270
1998-09-07/02:51:42      203.770      38.0800      21.5500      110.000      2.83141     0.342020    0.0464372
1998-09-07/02:52:02      203.860      36.5700      21.7300      101.000      1.89705     0.190809    0.0325014
1998-09-07/02:52:23      204.560      34.9800      21.6100      113.000      3.00172     0.390731    0.0482252
1998-09-07/02:52:43      204.100      34.5300      22.2000      110.000      2.78623     0.342020    0.0456962
1998-09-07/02:53:03      203.360      34.0800      21.9500      108.000      2.72086     0.309017    0.0451637
1998-09-07/02:53:23      203.260      33.8300      22.2000      113.000      1.46827     0.390731    0.0235890
1998-09-07/02:53:42      203.260      32.8300      22.3700      119.000      2.22720     0.484810    0.0339982
1998-09-07/02:54:02      203.360      31.6600      22.1100      121.000      2.42035     0.515038    0.0362094
1998-09-07/02:54:22      202.690      30.3000      22.6400      115.000      2.15278     0.422618    0.0340528
1998-09-07/02:54:42      202.340      28.7800      22.6800      114.000      1.76200     0.406737    0.0280940
1998-09-07/02:55:03      201.780      27.6700      22.7700      118.000      3.42319     0.469472    0.0527525
1998-09-07/02:55:23      201.580      26.9000      22.7300      116.000      3.89243     0.438371    0.0610602
1998-09-07/02:55:43      201.320      26.0400      22.4700      116.000      3.23533     0.438371    0.0507524
1998-09-07/02:56:03      201.560      25.0600      22.7200      128.000      3.76307     0.615661    0.0517549
1998-09-07/02:56:22      201.830      23.7700      22.4400      133.000      2.38774     0.681998    0.0304784
1998-09-07/02:56:42      201.930      22.5600      22.6500      128.000      3.17442     0.615661    0.0436590
1998-09-07/02:57:02      201.040      21.2300      23.3900      104.000      2.56031     0.241922    0.0433585
1998-09-07/02:57:22      200.380      20.2000      23.0400      113.000      2.19499     0.390731    0.0352644
1998-09-07/02:57:43      199.900      19.0000      23.2200      115.000      4.53078     0.422618    0.0716681
1998-09-07/02:58:03      199.920      17.6900      22.9400      117.000      2.45583     0.453991    0.0381906
1998-09-07/02:58:23      200.000      16.4400      22.7600      119.000      2.94180     0.484810    0.0449066
1998-09-07/02:58:43      199.420      15.5500      22.1700      113.000      1.53310     0.390731    0.0246305
1998-09-07/02:59:02      199.200      14.6900      21.5700      126.000      3.29175     0.587785    0.0464795
1998-09-07/02:59:22      199.310      13.5800      21.3800      118.000      4.71316     0.469472    0.0726314
1998-09-07/02:59:42      199.340      12.3200      22.2400      117.000      2.93155     0.453991    0.0455885
1998-09-07/03:00:02      199.400      11.2900      23.9000      121.000      2.75133     0.515038    0.0411610
1998-09-07/03:00:23      199.830      10.7000      23.4900      122.000      2.09344     0.529919    0.0309855
1998-09-07/03:00:43      200.170      9.76000      22.5400      128.000      3.07219     0.615661    0.0422530
1998-09-07/03:01:03      199.960      8.68000      22.4300      133.000      2.91887     0.681998    0.0372580
1998-09-07/03:01:23      199.850      7.67000      22.1600      124.000      1.40634     0.559193    0.0203489
1998-09-07/03:01:42      200.000      6.95000      21.6800      135.000      1.83978     0.707107    0.0227054
1998-09-07/03:02:02      200.380      6.30000      25.9700      143.000      3.51992     0.798636    0.0369720
1998-09-07/03:02:22      200.390      4.57000      25.9300      128.000      2.84796     0.615661    0.0391691
1998-09-07/03:02:42      199.680      2.91000      25.9200      128.000      5.42834     0.615661    0.0746580
1998-09-07/03:03:03      199.410     0.320000      25.8600      101.000      2.52565     0.190809    0.0432710
1998-09-07/03:03:23      199.500    -0.470000      25.8000      98.0000      3.71770     0.139173    0.0642546
1998-09-07/03:03:43      199.430     -1.37000      25.7900      114.000      3.37699     0.406737    0.0538440
1998-09-07/03:04:03      199.550     -2.43000      25.8600      123.000      1.97618     0.544639    0.0289265
1998-09-07/03:04:24      199.700     -3.32000      25.8600      117.000      4.45875     0.453991    0.0693380
1998-09-07/03:04:44      199.780     -4.38000      25.4400      143.000      3.29818     0.798636    0.0346429
1998-09-07/03:05:04      199.620     -5.30000      25.4300      134.000      2.41209     0.694658    0.0302834
1998-09-07/03:05:24      199.590     -6.33000      25.5200      126.000      4.35442     0.587785    0.0614845
1998-09-07/03:05:43      199.420     -7.36000      25.5900      133.000      2.70353     0.681998    0.0345093
1998-09-07/03:06:03      199.160     -8.39000      25.3500      91.0000      3.54734    0.0174525    0.0619033
1998-09-07/03:06:23      199.100     -9.54000      25.1900      106.000      2.76827     0.275637    0.0464438
1998-09-07/03:06:43      198.870     -10.7500      25.1200      121.000      3.23298     0.515038    0.0483666
1998-09-07/03:07:04      198.800     -11.8400      25.4800      116.000      3.12038     0.438371    0.0489491
1998-09-07/03:07:24      198.760     -12.8600      25.4500      124.000      2.39890     0.559193    0.0347107
1998-09-07/03:07:44      198.980     -13.7900      25.4400      136.000      3.38449     0.719340    0.0410338
1998-09-07/03:08:04      199.170     -14.8300      25.8100      115.000      2.46981     0.422618    0.0390676
1998-09-07/03:08:23      199.100     -15.9300      26.9800      136.000      3.05713     0.719340    0.0370649
1998-09-07/03:08:43      199.140     -17.2800      27.7800      132.000      4.84587     0.669131    0.0628525
1998-09-07/03:09:03      199.750     -18.7800      27.7800      144.000      8.72747     0.809017    0.0895333
1998-09-07/03:09:23      200.610     -20.3900      30.1400      136.000      4.65822     0.719340    0.0564766
1998-09-07/03:09:44      200.370     -21.6300      28.8300      136.000      24.0070     0.719340     0.291063
1998-09-07/03:10:04      200.180     -23.0700      29.6000      141.000      30.1216     0.777146     0.330847
1998-09-07/03:16:43      198.020     -43.4500      24.6200      68.0000      2.01220     0.374607    0.0325623
1998-09-07/03:17:03      198.120     -44.3400      26.5900      73.0000      2.84991     0.292372    0.0475669
1998-09-07/03:17:23      197.720     -45.7200      27.6100      54.0000      2.12168     0.587785    0.0299581
1998-09-07/03:17:44      197.910     -46.7400      26.9700      56.0000      1.61630     0.559193    0.0233869
1998-09-07/03:18:04      198.110     -48.1400      26.3100      69.0000      2.83141     0.358368    0.0461351
1998-09-07/03:18:24      198.440     -49.0900      24.8100      67.0000      3.80142     0.390731    0.0610730
1998-09-07/03:18:44      198.120     -50.3200      25.1200      76.0000      4.55580     0.241922    0.0771518
1998-09-07/03:19:03      198.260     -51.6100      25.5300      50.0000      3.29006     0.642788    0.0439881
1998-09-07/03:19:23      198.540     -52.7300      25.7000      41.0000      4.89944     0.754710    0.0561005
1998-09-07/03:19:43      198.720     -53.9800      25.6800      57.0000      2.14938     0.544639    0.0314617
1998-09-07/03:20:03      198.950     -55.8700      25.3300      58.0000      2.86288     0.529919    0.0423742
1998-09-07/03:20:24      198.870     -57.3000      25.0700      88.0000      1.65454    0.0348994    0.0288596
1998-09-07/03:20:44      198.960     -58.3200      24.8700      47.0000      2.98051     0.681998    0.0380448
1998-09-07/03:21:04      198.820     -59.0600      24.6300      51.0000      2.96915     0.629320    0.0402728
1998-09-07/03:21:24      198.790     -60.2100      24.8200      57.0000      2.19844     0.544639    0.0321798
1998-09-07/03:21:43      199.380     -61.4500      24.6000      55.0000      1.40634     0.573576    0.0201063
1998-09-07/03:22:03      200.000     -62.8000      24.3600      59.0000      2.81804     0.515038    0.0421590
1998-09-07/03:22:23      200.420     -64.4300      24.1900      60.0000      2.45967     0.500000    0.0371779
1998-09-07/03:22:43      201.170     -65.9800      24.1900      66.0000      1.78538     0.406737    0.0284668
1998-09-07/03:23:04      201.630     -67.5600      24.0700      66.0000      1.74178     0.406737    0.0277716
1998-09-07/03:23:24      202.210     -68.9300      24.0800      67.0000      1.74712     0.390731    0.0280690
1998-09-07/03:23:44      202.500     -70.0700      24.2700      71.0000      2.61726     0.325568    0.0431911
1998-09-07/03:24:04      202.770     -71.3100      24.3500      69.0000      2.12442     0.358368    0.0346154
1998-09-07/03:24:23      203.550     -72.6700      24.1600      67.0000      1.52115     0.390731    0.0244386
1998-09-07/03:24:43      204.460     -74.1400      24.3300      63.0000      2.35343     0.453990    0.0365982
1998-09-07/03:25:03      204.640     -75.3100      24.3600      62.0000      2.18261     0.469472    0.0336348
1998-09-07/03:42:02      40.7200     -75.0600      24.5600      123.000      1.66979     0.544639    0.0244417
1998-09-07/03:42:22      32.6400     -71.1700      24.5200      120.000      2.87450     0.500000    0.0434480
1998-09-07/03:42:42      28.6800     -68.6000      24.2700      122.000      2.86821     0.529919    0.0424530
1998-09-07/03:43:03      26.9700     -66.4100      23.7400      109.000      2.65359     0.325568    0.0437906
1998-09-07/03:43:23      25.8400     -64.8700      24.1200      115.000      2.15278     0.422618    0.0340528
1998-09-07/03:43:43      24.7500     -63.5200      24.2000      115.000      2.62014     0.422618    0.0414455
1998-09-07/03:44:03      23.5300     -62.0000      24.2100      97.0000      2.72844     0.121869    0.0472653
1998-09-07/03:45:02      22.0200     -57.7400      24.1100      108.000      2.88853     0.309017    0.0479469
1998-09-07/03:45:22      21.7800     -56.3100      24.0100      102.000      1.43056     0.207912    0.0244224
1998-09-07/03:45:43      21.4900     -54.9000      24.1700      94.0000      2.38972    0.0697566    0.0416069
1998-09-07/03:46:03      21.1500     -53.5000      24.5300      111.000      2.16209     0.358368    0.0352292
1998-09-07/03:46:23      20.8400     -52.2700      25.3000      103.000      2.53537     0.224951    0.0431164
1998-09-07/03:46:43      20.5800     -51.0600      25.0900      98.0000      2.54772     0.139173    0.0440334
1998-09-07/03:47:02      20.3300     -49.8400      25.0900      102.000      1.60103     0.207912    0.0273326
1998-09-07/03:47:22      19.9900     -48.6100      25.1500      121.000      2.75133     0.515038    0.0411610
1998-09-07/03:47:42      19.8200     -47.4800      24.7500      113.000      2.64073     0.390731    0.0424255
1998-09-07/03:48:02      19.5700     -46.3200      24.6500      113.000      1.97323     0.390731    0.0317016
1998-09-07/03:48:23      19.3100     -45.1500      25.0200      99.0000      2.78112     0.156434    0.0479421
1998-09-07/03:48:43      19.3400     -44.0100      25.0500      111.000      1.92688     0.358368    0.0313967
1998-09-07/03:49:03      19.2900     -42.9300      25.0100      105.000      3.52055     0.258819    0.0593515
1998-09-07/03:49:23      19.4000     -41.8000      24.5200      95.0000      3.44413    0.0871559    0.0598827
1998-09-07/03:49:42      19.4900     -40.6000      24.6100      102.000      2.65735     0.207912    0.0453660
1998-09-07/03:50:02      19.4800     -39.4600      24.0400      115.000      3.24076     0.422618    0.0512625
1998-09-07/03:52:03      19.0500     -32.6800      23.3700      143.000      12.2308     0.798636     0.128468
1998-09-07/03:52:22      18.8500     -31.5200      22.6400      126.000      8.38981     0.587785     0.118464
1998-09-07/03:52:42      18.7900     -30.4400      24.1800      131.000      7.75094     0.656059     0.102097
1998-09-07/03:53:02      18.7400     -29.3100      26.5800      129.000      6.60271     0.629321    0.0895575
1998-09-07/03:53:22      18.7300     -28.1200      21.8600      114.000      4.32846     0.406737    0.0690146
1998-09-07/03:53:43      18.7300     -26.9000      22.8600      121.000      3.18689     0.515038    0.0476771
1998-09-07/04:34:43      295.510      83.2500      23.2400      81.0000      5.00329     0.156434    0.0862488
1998-09-07/04:35:04      290.610      83.3700      23.0500      79.0000      3.33630     0.190809    0.0571596
1998-09-07/04:35:24      273.210      83.2200      22.8700      64.0000      4.36896     0.438371    0.0685355
1998-09-07/04:35:44      260.280      82.0800      23.0200      79.0000      4.63867     0.190809    0.0794726
1998-09-07/04:36:04      266.150      81.5100      23.2200      79.0000      4.17527     0.190809    0.0715333
1998-09-07/04:36:23      278.860      81.1600      22.9700      91.0000      3.29495    0.0174525    0.0574990
1998-09-07/04:36:43      234.530      81.9400      23.0100      61.0000      4.21409     0.484810    0.0643281
1998-09-07/04:37:03      222.560      80.6300      22.9500      75.0000      3.92555     0.258819    0.0661792
1998-09-07/04:37:23      217.280      79.0800      22.5400      78.0000      2.66120     0.207912    0.0454317
1998-09-07/04:37:44      213.940      78.1200      22.9200      85.0000      3.73305    0.0871558    0.0649061
1998-09-07/04:38:04      210.900      76.6300      22.9800      85.0000      3.87326    0.0871558    0.0673439
1998-09-07/04:38:24      209.030      75.3800      23.0500      83.0000      3.49060     0.121869    0.0604684
1998-09-07/04:38:44      209.020      74.6700      23.0000      61.0000      4.21409     0.484810    0.0643281
1998-09-07/04:39:03      208.630      73.5900      23.0600      57.0000      2.26089     0.544639    0.0330939
1998-09-07/04:39:23      205.900      72.3500      23.7200      60.0000      3.17715     0.500000    0.0480226
1998-09-07/04:39:43      204.170      70.3700      23.1700      85.0000      3.60684    0.0871558    0.0627117
1998-09-07/04:40:03      203.430      68.4800      23.4400      100.000      3.33630     0.173648    0.0573448
1998-09-07/04:40:24      202.800      67.2100      23.9700      83.0000      3.54596     0.121869    0.0614274
1998-09-07/04:40:44      201.870      65.9100      24.4900      86.0000      3.46203    0.0697565    0.0602766
1998-09-07/04:41:04      200.960      64.6100      23.6700      48.0000      4.38158     0.669131    0.0568305
1998-09-07/04:41:24      200.320      62.7700      25.0000      34.0000      6.03286     0.829038    0.0588793
1998-09-07/04:45:44      199.380      49.8000      22.3500      76.0000      2.73067     0.241922    0.0462435
1998-09-07/04:46:04      199.510      48.7900      22.4200      67.0000      1.94513     0.390731    0.0312501
1998-09-07/04:46:24      199.400      47.6100      21.9400      69.0000      2.83141     0.358368    0.0461351
1998-09-07/04:46:44      199.310      46.4100      22.0800      63.0000      3.45764     0.453990    0.0537698
1998-09-07/04:47:03      199.080      45.2200      20.5500      66.0000      1.92248     0.406737    0.0306527
1998-09-07/04:47:23      198.940      43.8800      21.8600      58.0000      2.75133     0.529919    0.0407231
1998-09-07/04:47:43      198.910      42.5800      21.7800      54.0000      3.61859     0.587785    0.0510945
1998-09-07/04:48:03      199.220      41.3600      21.4500      100.000      2.68670     0.173648    0.0461794
1998-09-07/04:48:24      199.130      40.3400      21.1800      52.0000      3.96993     0.615661    0.0546000
1998-09-07/04:48:44      198.970      39.2500      21.4100      50.0000      3.81963     0.642788    0.0510684
1998-09-07/04:49:04      199.200      38.1300      21.4900      58.0000      3.90478     0.529919    0.0577956
1998-09-07/04:49:24      199.390      37.0700      21.5600      102.000      3.70093     0.207912    0.0631819
1998-09-07/04:49:43      199.390      36.0300      21.0900      46.0000      4.09574     0.694658    0.0514214
1998-09-07/04:50:03      199.260      34.9100      20.8300      59.0000      4.12284     0.515038    0.0616793
1998-09-07/04:50:23      199.180      33.9000      21.6900      60.0000      4.66063     0.500000    0.0704454
1998-09-07/04:50:43      199.080      32.9900      22.5200      97.0000      4.33456     0.121869    0.0750884
1998-09-07/04:51:04      199.120      32.0400      23.6700      61.0000      4.71316     0.484810    0.0719464
1998-09-07/04:51:24      198.740      30.9300      22.7700      91.0000      2.60639    0.0174525    0.0454832
1998-09-07/04:51:44      198.610      29.7500      23.1700      66.0000      2.79642     0.406737    0.0445872
1998-09-07/04:52:04      198.190      28.3700      21.6600      60.0000      4.66063     0.500000    0.0704454
1998-09-07/04:52:23      198.010      26.9600      22.5800      82.0000      5.90919     0.139173     0.102131
1998-09-07/04:52:43      197.780      25.9300      22.9100      84.0000      4.33158     0.104528    0.0751862
1998-09-07/04:53:03      197.040      24.8200      21.6400      79.0000      3.55340     0.190809    0.0608791
1998-09-07/06:05:03      14.7000      18.8800      21.8800      128.000      10.2366     0.615661     0.140788
1998-09-07/06:05:23      14.3100      20.2600      21.8700      144.000      4.70679     0.809017    0.0482860
1998-09-07/06:05:44      13.3500      21.7300      23.3800      126.000      12.5305     0.587785     0.176931
1998-09-07/06:06:04      12.8800      22.0400      23.1400      101.000      8.50137     0.190809     0.145651
1998-09-07/06:07:03      16.3400      24.6700      22.9100      107.000      5.86741     0.292372    0.0979310
1998-09-07/06:07:23      16.4000      26.5000      22.8300      135.000      6.57219     0.707107    0.0811096
1998-09-07/06:07:43      16.8800      28.4200      22.5500      147.000      11.3868     0.838671     0.108240
1998-09-07/06:08:03      17.7000      30.0900      22.7300      145.000      12.4588     0.819152     0.124723
1998-09-07/06:08:24      18.6300      31.9600      22.5200      126.000      25.0610     0.587785     0.353862
1998-09-07/06:08:44      18.5800      34.2300      22.4300      140.000      28.7126     0.766045     0.322120
1998-09-07/06:09:04      15.6400      34.1100      22.4500      151.000      37.2472     0.874620     0.315168
1998-09-07/06:09:24      14.1100      34.0600      22.1100      137.000      7.15322     0.731354    0.0851456
1998-09-07/06:09:43      13.9200      34.8800      21.1800      132.000      5.30442     0.669131    0.0688000
1998-09-07/06:10:03      13.8000      36.0100      22.3800      134.000      4.55141     0.694658    0.0571423
1998-09-07/06:10:23      13.7900      37.3100      22.8900      137.000      6.89146     0.731354    0.0820298
1998-09-07/06:10:43      13.6500      38.5500      23.5100      129.000      8.42961     0.629321     0.114337
1998-09-07/06:11:04      13.4500      40.3300      23.9200      139.000      9.88249     0.754710     0.113158
1998-09-07/06:11:24      13.0900      41.9100      23.5100      139.000      8.56860     0.754710    0.0981138
1998-09-07/06:11:44      13.0300      43.2900      22.5800      138.000      10.9450     0.743145     0.127822
1998-09-07/06:12:04      12.6000      46.1500      21.6000      144.000      9.52545     0.809017    0.0977196
1998-09-07/06:12:23      10.8700      48.8200      22.1100      138.000      26.7062     0.743145     0.311889
1998-09-07/06:54:45      194.870      12.7600      21.6600      72.0000      4.34779     0.309017    0.0721693
1998-09-07/06:55:05      194.870      11.6300      22.1700      89.0000      1.26954    0.0174524    0.0221543
1998-09-07/06:55:25      194.700      10.4500      22.0200      48.0000      5.55836     0.669131    0.0720937
1998-09-07/06:55:45      194.470      9.38000      21.6500      76.0000      2.32163     0.241922    0.0393165
1998-09-07/06:56:05      194.370      8.41000      21.6500      56.0000      1.97618     0.559193    0.0285942
1998-09-07/06:56:25      194.220      7.36000      21.8100      60.0000      2.64246     0.500000    0.0399408
1998-09-07/06:56:45      194.060      6.21000      21.8800      69.0000      2.45938     0.358368    0.0400733
1998-09-07/06:57:05      193.590      5.29000      21.7900      64.0000      2.26287     0.438371    0.0354975
1998-09-07/06:57:25      193.290      4.61000      22.1600      62.0000      2.58715     0.469472    0.0398689
1998-09-07/06:57:45      193.160      3.72000      22.3300      64.0000      1.86319     0.438371    0.0292277
1998-09-07/06:58:05      193.220      2.68000      22.0300      48.0000      2.64955     0.669131    0.0343655
1998-09-07/06:58:25      193.490      1.45000      22.2800      53.0000      3.00177     0.601815    0.0418411
1998-09-07/06:58:45      193.750     0.230000      22.2600      80.0000      2.72954     0.173648    0.0469157
1998-09-07/06:59:05      193.790     -1.06000      22.6200      58.0000      3.31091     0.529919    0.0490055
1998-09-07/06:59:25      193.720     -2.26000      22.9800      56.0000      1.83647     0.559193    0.0265727
1998-09-07/06:59:45      193.680     -3.50000      24.4500      86.0000      2.65662    0.0697565    0.0462538
1998-09-07/07:00:05      193.680     -4.75000      23.7100      91.0000      2.60639    0.0174525    0.0454832
1998-09-07/07:00:25      193.760     -5.66000      23.8800      93.0000      2.77723    0.0523359    0.0484054
1998-09-07/07:00:45      194.020     -6.69000      23.7000      36.0000      7.48954     0.809017    0.0768336
1998-09-07/07:01:05      193.990     -7.77000      23.6200      76.0000      2.41720     0.241922    0.0409349
1998-09-07/07:01:25      193.990     -8.82000      24.0600      64.0000      2.90088     0.438371    0.0455059
1998-09-07/07:01:45      194.050     -9.99000      24.1300      45.0000      1.87636     0.707107    0.0231568
1998-09-07/07:03:25      194.270     -16.1100      24.2100      78.0000      7.89428     0.207912     0.134770
1998-09-07/07:03:45      194.270     -17.0800      24.3400      8.00000      19.4505     0.990268    0.0472458
1998-09-07/07:04:05      194.350     -18.0400      24.2800      43.0000      5.09926     0.731354    0.0606971
1998-09-07/07:04:25      194.330     -18.7600      24.3300      56.0000      1.56129     0.559193    0.0225910
1998-09-07/07:04:45      194.140     -19.4600      24.2700      53.0000      4.58610     0.601815    0.0639248
1998-09-07/07:08:05      193.190     -31.2400      24.3000      27.0000      6.79318     0.891007    0.0538266
1998-09-07/07:08:25      193.390     -32.2300      24.2200      23.0000      3.90744     0.920505    0.0266470
1998-09-07/07:08:45      193.370     -33.2800      24.1600      62.0000      3.85261     0.469472    0.0593700
1998-09-07/07:09:05      193.370     -34.0700      24.3200      59.0000      3.14954     0.515038    0.0471184
1998-09-07/07:09:25      193.630     -35.0500      24.1700      67.0000      1.81141     0.390731    0.0291018
1998-09-07/07:09:45      193.660     -36.0100      24.0100      29.0000      4.40114     0.874620    0.0372404
1998-09-07/07:10:05      193.640     -36.8200      24.1800      81.0000      5.00329     0.156434    0.0862488
1998-09-07/07:10:25      193.530     -37.8100      24.3300      52.0000      3.82036     0.615661    0.0525429
1998-09-07/07:10:45      193.690     -38.9500      24.2700      58.0000      3.18689     0.529919    0.0471699
1998-09-07/07:11:05      193.320     -40.2400      24.1000      70.0000      2.46527     0.342020    0.0404322
1998-09-07/07:11:25      193.300     -41.4400      23.8400      77.0000      1.26700     0.224951    0.0215466
1998-09-07/07:11:45      193.450     -42.5900      23.9500      34.0000      2.13799     0.829038    0.0208663
1998-09-07/07:12:05      193.660     -43.6400      24.1100      36.0000      3.01788     0.809017    0.0309598
1998-09-07/07:12:25      193.810     -44.7000      24.1100      76.0000      2.64059     0.241922    0.0447180
1998-09-07/07:12:45      193.860     -45.9000      24.2400      84.0000      2.47527     0.104528    0.0429650
1998-09-07/07:13:05      193.820     -46.9600      24.8400      88.0000      1.44156    0.0348994    0.0251446
1998-09-07/07:13:25      193.960     -48.1100      25.4500      34.0000      30.0488     0.829038     0.293269
1998-09-07/07:13:45      194.100     -49.3200      25.9100      29.0000      5.17248     0.874620    0.0437671
1998-09-07/07:14:05      194.360     -50.6200      27.7300      85.0000      2.52613    0.0871558    0.0439215
1998-09-07/07:14:25      194.210     -51.6100      28.0500      80.0000      2.86740     0.173648    0.0492853
1998-09-07/07:14:45      194.080     -52.5200      25.7600      76.0000      3.43504     0.241922    0.0581719
1998-09-07/07:15:05      194.100     -53.8500      25.0100      58.0000      3.04718     0.529919    0.0451020
1998-09-07/07:15:25      194.240     -55.0100      23.0000      53.0000      2.54888     0.601815    0.0355284
1998-09-07/07:15:45      193.840     -56.1100      27.9700      42.0000      2.65205     0.743145    0.0309721
1998-09-07/07:16:05      193.600     -57.1900      26.3900      66.0000      1.82806     0.406737    0.0291473
1998-09-07/07:16:25      192.880     -58.5000      25.6800      81.0000      2.85571     0.156434    0.0492279
1998-09-07/07:16:45      192.380     -59.7900      25.2700      58.0000      2.42035     0.529919    0.0358242
1998-09-07/07:17:05      191.710     -61.1800      24.5900      42.0000      2.77105     0.743145    0.0323618
1998-09-07/07:17:25      191.070     -62.7800      24.0800      55.0000      2.16123     0.573576    0.0308989
1998-09-07/07:17:45      189.870     -64.7900      24.2500      68.0000      2.01220     0.374607    0.0325623
1998-09-07/07:18:05      188.520     -67.5400      23.6700      62.0000      3.16633     0.469472    0.0487942
1998-09-07/07:18:25      188.020     -69.9000      24.3100      71.0000      2.72086     0.325568    0.0449008
1998-09-07/07:18:45      189.280     -70.6700      24.4200      79.0000      1.94149     0.190809    0.0332628
1998-09-07/07:19:05      190.530     -70.4800      24.6500      74.0000      2.34766     0.275637    0.0393871
1998-09-07/07:19:25      189.830     -71.3900      24.7200      69.0000      2.55790     0.358368    0.0416786
1998-09-07/07:19:45      189.250     -72.8500      24.4000      60.0000      3.00080     0.500000    0.0453571
1998-09-07/07:20:05      186.590     -75.2700      24.1200      72.0000      2.89541     0.309017    0.0480611
1998-09-07/07:20:25      180.500     -78.7400      24.1800      79.0000      2.30634     0.190809    0.0395137
1998-09-07/07:20:45      177.000     -80.7800      24.2800      84.0000      2.86062     0.104528    0.0496537
1998-09-07/07:21:05      179.200     -80.2900      24.2100      77.0000      1.86721     0.224951    0.0317537
1998-09-07/07:38:23      19.2000     -62.0400      24.2500      99.0000      8.54921     0.156434     0.147375
1998-09-07/07:39:04      16.6300     -57.8500      24.4400      132.000      24.7334     0.669131     0.320800
1998-09-07/07:39:24      17.8500     -57.3100      24.6100      121.000      9.31718     0.515038     0.139389
1998-09-07/07:39:44      20.4100     -56.3900      24.6500      116.000      8.96136     0.438371     0.140576
1998-09-07/07:40:04      20.9600     -55.8100      24.7500      119.000      6.47383     0.484810    0.0988230
1998-09-07/07:40:23      20.6000     -55.0200      24.8600      117.000      9.28522     0.453991     0.144394
1998-09-07/07:40:43      19.7900     -54.1400      25.1900      121.000      6.79686     0.515038     0.101684
1998-09-07/07:41:03      20.1400     -53.9000      25.4000      121.000      6.79686     0.515038     0.101684
1998-09-07/07:41:23      19.6800     -53.0100      25.7600      115.000      7.36341     0.422618     0.116475
1998-09-07/07:41:44      18.8400     -51.3000      26.2300      113.000      3.25485     0.390731    0.0522919
1998-09-07/07:42:04      19.5800     -49.7100      25.8100      122.000      7.40268     0.529919     0.109569
1998-09-07/07:42:24      18.1600     -47.8500      24.7800      104.000      18.8654     0.241922     0.319483
1998-09-07/07:43:23      22.1400     -44.4400      24.6700      102.000      7.07937     0.207912     0.120858
1998-09-07/07:44:24      17.6100     -42.5400      24.7500      115.000      2.26287     0.422618    0.0357942
1998-09-07/07:44:44      17.8000     -42.1200      24.4200      115.000      2.78826     0.422618    0.0441048
1998-09-07/07:45:04      17.8800     -41.3300      24.1100      123.000      2.04324     0.544639    0.0299081
1998-09-07/07:45:24      17.3100     -40.0800      24.0600      111.000      2.76042     0.358368    0.0449784
1998-09-07/07:45:43      17.6800     -39.2300      23.7500      109.000      3.04196     0.325568    0.0501997
1998-09-07/07:46:03      17.8200     -37.9100      23.8300      104.000      3.45956     0.241922    0.0585871
1998-09-07/07:46:23      17.6700     -37.0200      24.2400      129.000      4.10091     0.629321    0.0556237
1998-09-07/07:46:43      17.2400     -36.2300      24.9400      139.000      7.80653     0.754710    0.0893878
1998-09-07/07:47:04      16.7600     -35.2100      25.3200      101.000      2.89487     0.190809    0.0495967
1998-09-07/07:47:24      16.3800     -33.7400      24.9600      108.000      2.85097     0.309017    0.0473234
1998-09-07/07:48:23      16.2500     -30.5500      24.7100      104.000      3.29861     0.241922    0.0558615
1998-09-07/07:48:43      16.2400     -29.2600      24.5400      102.000      2.97429     0.207912    0.0507768
1998-09-07/07:49:03      16.1600     -28.0200      24.4000      138.000      8.26807     0.743145    0.0965589
1998-09-07/07:49:23      15.9700     -26.7200      24.3800      141.000      9.20524     0.777146     0.101108
1998-09-07/07:49:44      15.8200     -25.4900      24.0400      121.000      4.36846     0.515038    0.0653539
1998-09-07/07:50:04      15.8200     -24.3200      24.2200      124.000      4.82249     0.559193    0.0697787
1998-09-07/07:51:03      15.7300     -20.8600      24.6700      137.000      8.75485     0.731354     0.104210
1998-09-07/07:51:23      15.6500     -19.7200      24.6500      144.000      7.97632     0.809017    0.0818274
1998-09-07/07:51:43      15.6500     -18.5500      23.8900      134.000      4.71938     0.694658    0.0592511
1998-09-07/07:52:44      15.6400     -15.0400      24.1800      119.000      7.65778     0.484810     0.116896
1998-09-07/07:53:24      15.6100     -12.8400      23.9200      145.000      12.8347     0.819152     0.128486
1998-09-07/07:53:43      15.5900     -11.8400      23.9100      143.000      34.4662     0.798636     0.362021
1998-09-07/07:54:03      15.5800     -10.9100      24.6200      56.0000      23.1802     0.559193     0.335404
1998-09-07/07:54:23      15.6700     -9.96000      26.0700      146.000      28.3908     0.829038     0.277087
1998-09-07/07:54:43      15.6800     -9.00000      25.9000      146.000      3.15429     0.829038    0.0307851
1998-09-07/08:00:03      15.4300      8.28000      23.3800      96.0000      3.75175     0.104529    0.0651217
1998-09-07/08:00:24      15.4500      9.34000      23.6000      110.000      2.94955     0.342020    0.0483748
1998-09-07/08:00:44      15.4400      10.3000      23.8700      100.000      3.10054     0.173648    0.0532925
1998-09-07/08:01:04      15.4900      11.2200      23.6500      115.000      3.00722     0.422618    0.0475684
1998-09-07/08:01:24      15.7000      12.5900      23.7300      129.000      6.16208     0.629321    0.0835809
1998-09-07/08:01:43      15.7800      14.0600      23.8800      125.000      3.38424     0.573576    0.0483841
1998-09-07/08:02:03      15.6500      15.8500      24.1300      119.000      4.29604     0.484810    0.0655790
1998-09-07/08:02:23      15.6200      16.3800      24.0600      109.000      3.84268     0.325568    0.0634135
1998-09-07/08:02:44      15.7800      17.4100      23.7100      119.000      5.88945     0.484810    0.0899024
1998-09-07/08:05:44      15.5100      27.4300      24.0000      99.0000      24.3528     0.156434     0.419804
1998-09-07/08:06:04      15.5700      28.5300      23.7900      106.000      10.9168     0.275637     0.183153
1998-09-07/08:06:24      15.6000      29.6300      23.8600      107.000      3.22839     0.292372    0.0538840
1998-09-07/08:06:44      15.6100      30.6000      23.7200      102.000      8.53174     0.207912     0.145653
1998-09-07/08:07:05      15.6300      31.7700      23.5300      110.000      6.05545     0.342020    0.0993138
1998-09-07/08:07:25      15.7100      32.8600      23.5200      167.000      17.8353     0.974370    0.0700238
1998-09-07/08:08:05      15.7200      34.8400      23.3200      158.000      11.6585     0.927184    0.0762246
1998-09-07/08:08:44      15.6600      37.1500      23.7500      170.000      45.0000     0.984808     0.136383
1998-09-07/08:09:04      15.6500      38.3000      23.3500      170.000      45.0000     0.984808     0.136383
1998-09-07/08:09:24      15.6200      39.4000      23.3300      105.000      20.0866     0.258819     0.338632
1998-09-07/08:10:25      15.6100      42.8300      23.1400      111.000      2.66344     0.358368    0.0433982
1998-09-07/08:10:45      15.4800      43.8600      23.3800      99.0000      2.86740     0.156434    0.0494294
1998-09-07/08:11:04      15.4800      44.9500      22.1900      99.0000      2.70037     0.156434    0.0465501
1998-09-07/08:11:24      15.3900      45.9900      23.8300      103.000      1.98394     0.224951    0.0337388
1998-09-07/08:11:44      15.4600      47.1000      25.8300      100.000      2.13861     0.173648    0.0367587
1998-09-07/08:12:04      15.6300      48.2300      23.5300      103.000      2.41720     0.224951    0.0411068
1998-09-07/08:12:25      15.7400      49.3300      21.9400      105.000      2.34766     0.258819    0.0395782
1998-09-07/08:12:45      15.7200      50.4200      21.8900      109.000      2.41105     0.325568    0.0397881
1998-09-07/08:13:05      15.7700      51.6300      22.3400      104.000      2.26526     0.241922    0.0383619
1998-09-07/08:13:25      15.7400      52.6900      22.6600      103.000      2.24958     0.224951    0.0382563
1998-09-07/08:13:44      15.7100      53.8000      22.9100      102.000      1.43056     0.207912    0.0244224
1998-09-07/08:14:04      15.9000      54.9800      22.8800      107.000      3.33396     0.292372    0.0556460
1998-09-07/08:14:24      16.2300      56.1400      22.7300      114.000      2.97444     0.406737    0.0474256
1998-09-07/08:14:44      16.3400      57.4300      22.9900      108.000      4.90683     0.309017    0.0814488
1998-09-07/08:15:05      16.4400      58.6300      23.1000      108.000      3.20879     0.309017    0.0532629
1998-09-07/08:15:25      16.5300      59.7400      23.4000      92.0000      7.01247    0.0348995     0.122316
1998-09-07/08:15:45      16.9100      61.1800      22.4500      98.0000      26.9132     0.139173     0.465153
1998-09-07/08:16:05      16.8900      62.4000      22.1200      96.0000      8.18422     0.104529     0.142059
1998-09-07/08:17:04      18.3100      66.3500      22.0700      98.0000      9.51524     0.139173     0.164456
1998-09-07/08:17:45      19.8200      69.7200      21.9100      102.000      19.1297     0.207912     0.326580
1998-09-07/08:18:05      20.3000      70.8200      22.6100      102.000      19.1297     0.207912     0.326580
1998-09-07/08:18:25      21.3300      72.8400      22.7000      105.000      3.40585     0.258819    0.0574178
1998-09-07/08:34:05      238.020      79.9300      22.8600      63.0000      3.77145     0.453990    0.0586498
1998-09-07/08:34:25      225.550      78.4600      22.7100      66.0000      1.87336     0.406737    0.0298696
1998-09-07/08:34:45      220.120      77.0200      22.8600      68.0000      2.53204     0.374607    0.0409745
1998-09-07/08:35:05      213.880      75.1400      22.7900      64.0000      3.75347     0.438371    0.0588804
1998-09-07/08:35:25      211.690      74.1900      22.7400      61.0000      3.20731     0.484810    0.0489596
1998-09-07/08:35:45      210.990      73.2800      22.7400      67.0000      1.86436     0.390731    0.0299525
1998-09-07/08:36:05      209.450      71.9000      22.9600      68.0000      2.53204     0.374607    0.0409745
1998-09-07/08:36:25      207.350      70.1100      22.7800      64.0000      3.61512     0.438371    0.0567101
1998-09-07/08:36:45      206.860      68.5700      22.8800      66.0000      3.89541     0.406737    0.0621099
1998-09-07/08:37:05      204.730      66.2100      22.8800      68.0000      2.76042     0.374607    0.0446703
1998-09-07/08:37:25      203.370      64.7800      23.0000      69.0000      4.30470     0.358368    0.0701410
1998-09-07/08:37:45      202.220      63.0300      23.0100      67.0000      2.39763     0.390731    0.0385199
1998-09-07/08:38:05      201.370      61.6000      23.3100      72.0000      3.59803     0.309017    0.0597240
1998-09-07/08:38:25      200.730      60.1800      23.5700      71.0000      5.83238     0.325568    0.0962483
1998-09-07/08:38:45      200.230      58.5800      22.9000      70.0000      3.84268     0.342020    0.0630228
1998-09-07/08:39:05      199.680      57.6300      22.4400      67.0000      2.74726     0.390731    0.0441370
1998-09-07/08:39:25      199.240      56.2400      23.2700      65.0000      6.96180     0.422618     0.110122
1998-09-07/08:39:45      199.020      54.8700      23.5000      69.0000      4.37406     0.358368    0.0712712
1998-09-07/08:40:05      198.820      53.8300      23.3000      75.0000      3.12045     0.258819    0.0526064
1998-09-07/08:40:25      198.580      52.6600      24.0500      63.0000      6.06317     0.453990    0.0942883
1998-09-07/08:40:45      198.390      51.6500      24.3700      61.0000      4.34637     0.484810    0.0663473
1998-09-07/08:41:05      198.160      50.4800      23.0800      68.0000      2.76042     0.374607    0.0446703
1998-09-07/08:41:25      197.980      49.3000      23.6600      78.0000      3.12846     0.207912    0.0534087
1998-09-07/08:41:45      197.770      48.1900      22.3100      77.0000      3.13465     0.224951    0.0533077
1998-09-07/08:42:05      197.540      46.9700      23.6100      76.0000      3.80260     0.241922    0.0643965
1998-09-07/09:42:04      14.8700     -40.1100      23.2000      120.000      21.9826     0.500000     0.332267
1998-09-07/09:42:24      14.7700     -38.7600      22.2800      128.000      8.38080     0.615661     0.115264
1998-09-07/09:42:44      15.1900     -37.6300      22.4100      148.000      7.46921     0.848048    0.0690815
1998-09-07/09:43:05      15.2300     -36.5800      23.1000      142.000      29.0452     0.788011     0.312100
1998-09-07/09:43:25      15.0000     -35.8400      22.5800      140.000      9.92016     0.766045     0.111292
1998-09-07/09:43:45      14.6800     -35.0900      22.8700      134.000      11.0138     0.694658     0.138277
1998-09-07/09:44:05      15.4600     -35.2800      22.3800      96.0000      4.25510     0.104529    0.0738587
1998-09-07/09:44:24      14.7600     -34.9900      22.5600      104.000      2.85144     0.241922    0.0482887
1998-09-07/09:44:44      14.9700     -34.0000      23.3500      101.000      1.82292     0.190809    0.0312314
1998-09-07/09:45:04      15.5700     -32.7700      22.9000      91.0000      2.30558    0.0174525    0.0402338
1998-09-07/09:45:24      16.5600     -31.5100      22.9100      91.0000      1.72870    0.0174525    0.0301669
1998-09-07/09:46:05      17.7500     -27.1900      22.8000      146.000      28.3908     0.829038     0.277087
1998-09-07/09:46:25      16.8500     -25.5400      22.8400      148.000      32.7620     0.848048     0.303010
1998-09-07/09:46:45      15.3700     -25.1600      22.7600      128.000      24.7730     0.615661     0.340713
1998-09-07/09:47:04      15.1900     -24.7200      21.9800      113.000      4.93153     0.390731    0.0792292
1998-09-07/09:47:24      14.8700     -23.9900      23.0200      101.000      3.52032     0.190809    0.0603123
1998-09-07/09:47:44      14.6000     -23.0300      23.3900      143.000      10.0955     0.798636     0.106040
1998-09-07/09:48:04      14.2500     -22.1900      23.8700      132.000      8.05910     0.669131     0.104529
1998-09-07/09:48:25      13.9000     -21.4000      24.2000      159.000      9.85912     0.933580    0.0616658
1998-09-07/09:48:45      13.5600     -20.6900      22.6300      144.000      7.01272     0.809017    0.0719420
1998-09-07/09:49:05      13.4100     -19.6400      23.1800      118.000      5.71027     0.469472    0.0879972
1998-09-07/09:49:25      13.4000     -18.2200      22.9900      135.000      4.65228     0.707107    0.0574154
1998-09-07/09:50:04      13.2400     -16.1500      22.3100      109.000      3.11900     0.325568    0.0514710
1998-09-07/09:50:44      12.8500     -12.8700      22.9100      136.000      2.31905     0.719340    0.0281163
1998-09-07/09:51:05      13.3100     -11.6100      23.3700      149.000      4.68168     0.857167    0.0420841
1998-09-07/09:51:25      13.4400     -10.9900      22.8300      134.000      3.50852     0.694658    0.0440489
1998-09-07/09:51:45      13.7500     -10.0700      22.5400      136.000      2.18785     0.719340    0.0265257
1998-09-07/09:52:05      13.7600     -9.11000      23.0300      131.000      2.86963     0.656059    0.0377993
1998-09-07/09:52:24      13.4400     -8.08000      22.8800      119.000      2.45967     0.484810    0.0375468
1998-09-07/09:52:45      13.0900     -6.63000      22.7300      132.000      3.27162     0.669131    0.0424340
1998-09-07/09:53:05      13.4900     -5.68000      22.5100      120.000      3.34165     0.500000    0.0505090
1998-09-07/09:53:25      13.6100     -4.80000      22.8700      146.000      2.47869     0.829038    0.0241914
1998-09-07/09:53:45      13.6400     -3.77000      22.8400      132.000      3.16030     0.669131    0.0409901
1998-09-07/09:54:05      13.4700     -3.18000      22.7400      126.000      4.16535     0.587785    0.0588148
1998-09-07/09:54:25      13.4100     -2.24000      22.9100      127.000      4.38046     0.601815    0.0610584
1998-09-07/09:55:45      13.9700      2.88000      22.4200      137.000      4.15427     0.731354    0.0494488
1998-09-07/09:56:05      13.7200      4.97000      20.6700      149.000      31.4226     0.857167     0.282461
1998-09-07/09:56:25      13.7600      6.13000      19.6400      155.000      8.40761     0.906308    0.0620152
1998-09-07/09:56:45      13.8400      6.63000      18.8600      118.000      4.45736     0.469472    0.0686894
1998-09-07/09:57:05      13.3600      6.94000      20.7900      115.000      3.16159     0.422618    0.0500102
1998-09-07/09:57:25      12.8600      7.94000      21.9200      120.000      5.88799     0.500000    0.0889969
1998-09-07/09:57:45      13.1100      8.90000      21.8500      122.000      3.51694     0.529919    0.0520550
1998-09-07/09:58:05      13.3400      10.0800      21.9400      122.000      7.52825     0.529919     0.111427
1998-09-07/09:58:25      13.3600      11.1200      22.2900      95.0000      3.44413    0.0871559    0.0598827
1998-09-07/09:58:45      13.3400      12.3000      22.2600      111.000      2.89320     0.358368    0.0471420
1998-09-07/09:59:05      13.2800      13.5700      22.0600      115.000      3.00722     0.422618    0.0475684
1998-09-07/09:59:25      13.2600      14.5500      21.7600      107.000      4.13682     0.292372    0.0690463
1998-09-07/10:04:45      13.2000      32.1800      21.3500      120.000      3.88265     0.500000    0.0586862
1998-09-07/10:05:05      13.4900      33.2600      21.0300      103.000      4.36973     0.224951    0.0743115
1998-09-07/10:05:25      13.5900      34.2700      21.2200      96.0000      6.07284     0.104529     0.105410
1998-09-07/10:05:45      13.5900      35.5100      21.7300      102.000      3.72861     0.207912    0.0636544
1998-09-07/10:06:05      13.4500      36.7300      21.1200      108.000      4.07119     0.309017    0.0675780
1998-09-07/10:06:25      13.3800      37.9300      21.8000      102.000      3.60088     0.207912    0.0614738
1998-09-07/10:07:45      12.9600      42.0600      21.7100      102.000      5.50034     0.207912    0.0939012
1998-09-07/10:08:45      13.0700      44.9400      22.0300      100.000      5.51226     0.173648    0.0947455
1998-09-07/10:09:05      12.3100      46.1100      22.1400      110.000      4.01453     0.342020    0.0658412
1998-09-07/10:10:05      13.1800      49.2000      22.4800      98.0000      3.57425     0.139173    0.0617753
1998-09-07/10:10:25      12.5400      50.5100      22.6100      99.0000      4.06312     0.156434    0.0700417
1998-09-07/10:11:45      15.6400      52.5200      22.7300      99.0000      4.47393     0.156434    0.0771235
1998-09-07/10:12:05      15.9200      54.4100      22.7300      125.000      3.16559     0.573576    0.0452581
1998-09-07/10:12:25      10.0600      57.6000      22.1500      124.000      1.90183     0.559193    0.0275184
1998-09-07/10:12:45      4.27000      58.2800      21.7900      128.000      3.45891     0.615661    0.0475717
1998-09-07/10:31:25      202.250      79.2500      22.2200      68.0000      2.41315     0.374607    0.0390506
1998-09-07/10:31:45      200.250      78.4400      22.2600      60.0000      3.85064     0.500000    0.0582024
1998-09-07/10:32:06      199.550      77.2300      22.0900      71.0000      5.21591     0.325568    0.0860751
1998-09-07/10:32:25      198.180      75.6200      22.1000      67.0000      2.29214     0.390731    0.0368252
1998-09-07/10:32:45      196.720      73.9100      22.3400      66.0000      2.42089     0.406737    0.0385996
1998-09-07/10:33:05      197.630      73.5700      22.2300      64.0000      6.18140     0.438371    0.0969671
1998-09-07/10:33:25      199.260      72.3400      22.1000      68.0000      2.32941     0.374607    0.0376955
1998-09-07/10:33:45      198.650      70.8200      21.8300      62.0000      4.82079     0.469472    0.0742900
1998-09-07/10:34:05      198.950      70.0100      21.9800      70.0000      4.13709     0.342020    0.0678513
1998-09-07/10:34:25      197.870      68.7900      22.0200      65.0000      2.74282     0.422618    0.0433861
1998-09-07/10:34:45      198.370      67.8900      21.9800      60.0000      6.47383     0.500000    0.0978519
1998-09-07/10:35:05      197.380      66.3500      21.8400      60.0000      5.52790     0.500000    0.0835542
1998-09-07/10:35:25      198.420      66.6200      22.1400      60.0000      5.18222     0.500000    0.0783292
1998-09-07/10:35:45      198.890      65.5500      22.2500      66.0000      3.89541     0.406737    0.0621099
1998-09-07/10:36:05      202.410      66.0200      21.6400      63.0000      5.10837     0.453990    0.0794403
1998-09-07/10:36:25      202.060      62.3800      21.5300      58.0000      2.94793     0.529919    0.0436330
1998-09-07/10:36:45      202.100      59.7600      21.3900      56.0000      2.43576     0.559193    0.0352441
1998-09-07/10:37:05      201.200      57.6500      21.5900      58.0000      3.23298     0.529919    0.0478521
1998-09-07/10:37:25      199.230      55.4500      21.6900      56.0000      1.76984     0.559193    0.0256086
1998-09-07/10:37:45      198.600      54.3000      21.5900      57.0000      2.11743     0.544639    0.0309940
1998-09-07/10:38:05      197.340      53.0100      21.6200      73.0000      5.39553     0.292372    0.0900550
1998-09-07/10:38:25      196.810      51.4100      21.6100      75.0000      4.75772     0.258819    0.0802084
1998-09-07/10:38:45      196.350      50.0400      21.2900      65.0000      3.55449     0.422618    0.0562251
1998-09-07/10:39:05      195.970      48.6400      21.2800      65.0000      4.32846     0.422618    0.0684678
1998-09-07/10:39:45      195.770      46.4100      21.4000      72.0000      4.34779     0.309017    0.0721693
1998-09-07/10:40:05      195.350      45.2900      21.5900      86.0000      2.83998    0.0697565    0.0494463
1998-09-07/10:40:25      195.070      44.2700      21.5500      93.0000      2.97130    0.0523359    0.0517879
1998-09-07/10:40:45      194.780      43.0900      21.4700      87.0000      2.99747    0.0523359    0.0522440
1998-09-07/10:41:05      194.670      41.9400      20.4100      71.0000      5.69753     0.325568    0.0940230
1998-09-07/10:41:25      194.620      40.9200      20.4500      61.0000      4.54485     0.484810    0.0693771
1998-09-07/10:41:45      194.560      39.8300      20.7000      86.0000      2.97130    0.0697565    0.0517326
1998-09-07/10:42:05      194.520      38.6600      20.4200      87.0000      4.65757    0.0523359    0.0811785
1998-09-07/10:42:25      194.470      37.5200      20.7300      85.0000      3.96444    0.0871558    0.0689292
1998-09-07/10:42:45      194.440      36.4000      21.1900      53.0000      6.84089     0.601815    0.0953539
1998-09-07/10:43:05      194.420      35.3900      20.9200      87.0000      2.62428    0.0523359    0.0457396
1998-09-07/10:43:25      194.370      34.3700      20.8300      79.0000      2.58013     0.190809    0.0442044
1998-09-07/10:43:45      194.300      33.3100      20.8300      94.0000      5.10464    0.0697566    0.0888757
1998-09-07/10:44:05      194.180      32.2500      20.8800      81.0000      5.29420     0.156434    0.0912636
1998-09-07/10:44:25      194.160      30.9700      20.7800      84.0000      3.40869     0.104528    0.0591670
1998-09-07/10:44:45      194.120      29.7400      20.7600      87.0000      4.65757    0.0523359    0.0811785
1998-09-07/10:45:05      194.080      28.6400      20.9800      81.0000      4.02632     0.156434    0.0694074
1998-09-07/10:45:25      194.090      27.5900      20.8900      60.0000      4.66063     0.500000    0.0704454
1998-09-07/10:58:25      193.000     -14.3800      20.9000      89.0000      1.88731    0.0174524    0.0329348
1998-09-07/10:58:45      192.900     -15.4500      20.8800      81.0000      2.91341     0.156434    0.0502226
1998-09-07/10:59:05      193.070     -16.3200      20.6600      34.0000      6.03286     0.829038    0.0588793
1998-09-07/10:59:25      193.090     -17.2300      20.8300      29.0000      3.76079     0.874620    0.0318220
1998-09-07/10:59:45      193.100     -18.1700      21.0300      36.0000      4.16649     0.809017    0.0427431
1998-09-07/11:00:05      193.090     -19.3000      21.0900      61.0000      2.91367     0.484810    0.0444772
1998-09-07/11:00:25      193.000     -20.3800      20.9700      30.0000      7.02966     0.866025    0.0613454
1998-09-07/11:00:45      192.850     -21.4400      20.8200      37.0000      14.3457     0.798635     0.150682
1998-09-07/11:01:05      192.690     -22.5500      20.5900      36.0000      13.2280     0.809017     0.135703
1998-09-07/11:05:05      192.830     -36.3000      20.7700      86.0000      3.05252    0.0697565    0.0531467
1998-09-07/11:05:25      192.780     -37.2900      21.2100      81.0000      3.85170     0.156434    0.0663972
1998-09-07/11:05:45      192.720     -38.3000      21.1600      58.0000      5.01394     0.529919    0.0742125
1998-09-07/11:06:05      192.660     -39.3800      21.4000      61.0000      4.06758     0.484810    0.0620916
1998-09-07/11:06:25      192.570     -40.5700      21.7600      66.0000      1.82806     0.406737    0.0291473
1998-09-07/11:06:45      192.600     -41.7800      22.5200      71.0000      3.91815     0.325568    0.0646589
1998-09-07/11:07:05      192.570     -42.9800      24.3900      52.0000      4.57501     0.615661    0.0629219
1998-09-07/11:07:25      192.560     -44.1600      22.2500      56.0000      3.32815     0.559193    0.0481565
1998-09-07/11:07:45      192.660     -45.2400      20.6200      76.0000      2.73067     0.241922    0.0462435
1998-09-07/11:10:05      192.740     -53.4100      19.3100      63.0000      4.31999     0.453990    0.0671802
1998-09-07/11:10:25      192.740     -54.8500      23.8900      46.0000      4.30268     0.694658    0.0540195
1998-09-07/11:10:45      192.670     -56.3100      22.3900      40.0000      9.19840     0.766044     0.103195
1998-09-07/11:11:05      192.550     -57.6100      22.0900      111.000      4.67092     0.358368    0.0761082
1998-09-07/11:11:25      192.370     -58.4800      20.8400      82.0000      6.05041     0.139173     0.104572
1998-09-07/11:11:45      192.250     -59.4900      20.7600      61.0000      4.06758     0.484810    0.0620916
1998-09-07/11:12:05      192.150     -60.5400      20.9200      55.0000      3.79061     0.573576    0.0541940
1998-09-07/11:12:25      191.930     -61.9100      20.7000      60.0000      3.17715     0.500000    0.0480226
1998-09-07/11:12:45      192.250     -63.5000      19.8400      74.0000      4.56806     0.275637    0.0766392
1998-09-07/11:13:05      192.460     -64.9500      19.8700      67.0000      1.90709     0.390731    0.0306390
1998-09-07/11:13:25      192.630     -66.8400      20.8400      70.0000      3.18880     0.342020    0.0522987
1998-09-07/11:13:45      193.130     -68.4500      21.0800      74.0000      3.09738     0.275637    0.0519653
1998-09-07/11:14:05      192.970     -69.5300      20.8900      74.0000      3.26672     0.275637    0.0548064
1998-09-07/11:14:25      192.750     -70.7200      20.9600      68.0000      2.43529     0.374607    0.0394089
1998-09-07/11:14:45      192.830     -71.9900      20.8200      65.0000      2.63779     0.422618    0.0417247
1998-09-07/11:15:05      193.320     -73.5700      20.9100      116.000      5.66333     0.438371    0.0888402
1998-09-07/11:15:25      194.100     -74.6200      20.8500      71.0000      2.94697     0.325568    0.0486321
1998-09-07/11:15:45      194.700     -75.9200      20.7400      72.0000      3.59803     0.309017    0.0597240
1998-09-07/11:16:05      195.170     -76.5800      20.6600      78.0000      1.78652     0.207912    0.0304993
1998-09-07/11:26:05      49.5500     -88.9000      20.6800      115.000      4.90301     0.422618    0.0775561
1998-09-07/11:26:25      60.9600     -88.8400      20.8000      116.000      5.10837     0.438371    0.0801346
1998-09-07/11:27:25      301.590     -88.7300      20.7600      115.000      2.78826     0.422618    0.0441048
1998-09-07/11:27:45      55.7600     -86.8400      20.7700      111.000      2.25057     0.358368    0.0366709
1998-09-07/11:28:05      9.73000     -83.7000      20.6200      123.000      1.66979     0.544639    0.0244417
1998-09-07/11:28:25      12.3700     -81.7200      20.4900      127.000      3.45851     0.601815    0.0482075
1998-09-07/11:28:45      18.3600     -80.6000      20.4700      126.000      3.44405     0.587785    0.0486300
1998-09-07/11:29:05      16.4900     -80.2700      20.6000      113.000      2.10025     0.390731    0.0337423
1998-09-07/11:29:25      14.8600     -77.9800      20.7900      125.000      2.63929     0.573576    0.0377337
1998-09-07/11:29:45      15.9700     -75.8000      20.2000      124.000      2.73707     0.559193    0.0396039
1998-09-07/11:30:05      16.6700     -74.2600      19.8600      126.000      4.35442     0.587785    0.0614845
1998-09-07/11:30:25      14.6200     -72.8100      19.9800      127.000      10.3087     0.601815     0.143691
1998-09-07/11:30:45      16.9300     -70.8200      20.0700      117.000      22.6838     0.453991     0.352756
1998-09-07/11:31:05      15.4700     -69.6100      19.5600      170.000      45.0000     0.984808     0.136383
1998-09-07/11:31:25      13.9000     -68.4700      19.7900      122.000      21.3608     0.529919     0.316166
1998-09-07/11:31:45      14.1500     -67.5500      19.9600      146.000      5.00862     0.829038    0.0488829
1998-09-07/11:32:05      13.7900     -66.1100      19.8300      130.000      5.12876     0.642788    0.0685715
1998-09-07/11:32:25      12.8900     -65.0400      19.9000      125.000      4.06454     0.573576    0.0581103
1998-09-07/11:32:45      13.2800     -63.8400      20.1300      137.000      7.46158     0.731354    0.0888160
1998-09-07/11:33:05      13.5000     -62.4500      20.5500      132.000      24.7334     0.669131     0.320800
1998-09-07/11:33:25      12.8300     -61.9300      20.5500      116.000      5.86277     0.438371    0.0919688
1998-09-07/11:34:05      13.2700     -59.7000      20.2700      128.000      7.34587     0.615661     0.101031
1998-09-07/11:34:25      13.0100     -58.5400      20.0600      134.000      7.61342     0.694658    0.0955853
1998-09-07/11:34:45      12.9300     -57.3600      19.9000      135.000      2.66943     0.707107    0.0329443
1998-09-07/11:35:05      13.2100     -56.2000      20.0100      121.000      6.51334     0.515038    0.0974421
1998-09-07/11:35:25      13.7300     -54.9500      20.6400      124.000      17.6815     0.559193     0.255841
1998-09-07/11:35:45      13.7400     -53.5000      20.4800      134.000      4.71938     0.694658    0.0592511
1998-09-07/11:36:05      13.5400     -52.6300      20.4200      127.000      5.38581     0.601815    0.0750718
1998-09-07/11:36:25      13.4600     -51.4900      20.6700      121.000      9.31718     0.515038     0.139389
1998-09-07/11:36:45      13.4600     -50.3700      20.7900      117.000      22.6838     0.453991     0.352756
1998-09-07/11:37:05      13.6300     -49.3600      20.5700      114.000      20.2240     0.406737     0.322459
1998-09-07/11:37:25      13.7900     -48.2300      20.5800      167.000      45.0000     0.974370     0.176676
1998-09-07/11:37:45      13.5900     -46.9300      20.8200      130.000      12.3380     0.642788     0.164959
1998-09-07/11:38:05      13.6500     -45.8600      20.8800      132.000      12.6497     0.669131     0.164071
1998-09-07/11:38:25      13.9400     -44.8900      21.3300      134.000      20.5334     0.694658     0.257794
1998-09-07/11:38:45      13.9500     -44.0100      22.1600      133.000      26.9050     0.681998     0.343430
1998-09-07/11:39:05      13.6400     -43.1000      21.5900      137.000      4.56578     0.731354    0.0543470
1998-09-07/11:39:25      13.1700     -42.1200      21.0400      130.000      5.28399     0.642788    0.0706469
1998-09-07/11:39:45      12.8000     -40.9900      20.9000      138.000      7.08260     0.743145    0.0827144
1998-09-07/11:40:05      12.5300     -39.8600      21.3100      117.000      22.6838     0.453991     0.352756
1998-09-07/11:40:25      12.4000     -38.6400      21.3400      126.000      5.86017     0.587785    0.0827456
1998-09-07/11:40:45      12.4000     -37.4600      21.3500      143.000      6.77975     0.798636    0.0712121
1998-09-07/11:41:05      12.5100     -36.3800      21.3100      116.000      21.9194     0.438371     0.343848
1998-09-07/11:41:25      12.5500     -35.2100      21.2000      115.000      22.3924     0.422618     0.354204
1998-09-07/11:41:45      12.2600     -34.1100      21.4300      113.000      17.3017     0.390731     0.277966
1998-09-07/11:42:05      11.9900     -33.2300      21.2900      104.000      18.8654     0.241922     0.319483
1998-09-07/11:42:25      11.6500     -32.2600      21.3200      120.000      7.36306     0.500000     0.111293
1998-09-07/11:42:45      11.4600     -31.0800      21.5400      128.000      24.7730     0.615661     0.340713
1998-09-07/11:43:05      11.1700     -29.9800      21.1400      144.000      7.97632     0.809017    0.0818274
1998-09-07/11:43:25      10.6400     -29.2600      21.2800      135.000      2.99077     0.707107    0.0369101
1998-09-07/11:43:45      10.4600     -28.5400      21.2400      126.000      5.86017     0.587785    0.0827456
1998-09-07/11:44:05      10.5600     -27.3800      21.1800      135.000      3.84070     0.707107    0.0473994
1998-09-07/11:44:25      10.5500     -26.2500      21.2000      152.000      4.19952     0.882948    0.0344101
1998-09-07/11:44:45      10.5700     -25.0400      20.7900      122.000      2.93854     0.529919    0.0434940
1998-09-07/11:45:05      10.6300     -23.8200      22.2300      140.000      4.02727     0.766045    0.0451810
1998-09-07/11:45:25      10.8000     -22.7000      21.6600      113.000      4.93153     0.390731    0.0792292
1998-09-07/11:45:45      11.0100     -21.7000      21.6100      110.000      2.55790     0.342020    0.0419514
1998-09-07/11:46:05      11.3100     -20.7200      20.9800      110.000      3.45863     0.342020    0.0567241
1998-09-07/11:46:25      11.6200     -19.3400      21.2800      148.000      5.78530     0.848048    0.0535073
1998-09-07/11:46:45      11.7700     -18.2800      19.5000      137.000      3.23584     0.731354    0.0385166
1998-09-07/11:47:05      11.7600     -17.4000      21.1700      137.000      3.58474     0.731354    0.0426696
1998-09-07/11:47:25      11.8000     -16.3500      19.6500      119.000      3.71706     0.484810    0.0567409
1998-09-07/12:04:46      15.8300      38.0300      19.5100      76.0000      2.32163     0.241922    0.0393165
1998-09-07/12:05:06      15.7400      39.9300      20.1400      78.0000      1.35630     0.207912    0.0231546
1998-09-07/12:05:26      16.1300      41.2000      20.5200      69.0000      2.05488     0.358368    0.0334823
1998-09-07/12:05:45      16.5100      41.8300      20.6000      73.0000      2.04680     0.292372    0.0341625
1998-09-07/12:06:05      17.4500      42.1900      20.5800      87.0000      2.00491    0.0523359    0.0349443
1998-09-07/12:06:25      17.8300      43.0600      20.5800      85.0000      2.88913    0.0871558    0.0502330
1998-09-07/12:06:45      18.2400      44.3200      20.8800      83.0000      2.51410     0.121869    0.0435523
1998-09-07/12:07:06      18.5400      45.6600      20.7700      74.0000      2.68027     0.275637    0.0449674
1998-09-07/12:07:26      18.1300      46.8800      20.8500      84.0000      3.36092     0.104528    0.0583378
1998-09-07/12:07:46      17.7400      48.4400      21.5000      80.0000      2.72954     0.173648    0.0469157
1998-09-07/12:08:06      17.6900      49.7600      21.6000      79.0000      1.94149     0.190809    0.0332628
1998-09-07/12:08:26      17.1300      50.5500      21.6300      97.0000      3.27901     0.121869    0.0568029
1998-09-07/12:08:46      17.0100      51.5900      21.4600      77.0000      1.55031     0.224951    0.0263645
1998-09-07/12:09:06      16.2100      52.9800      21.9500      75.0000      2.45144     0.258819    0.0413278
1998-09-07/12:09:26      16.0700      54.0400      22.1100      85.0000      2.07602    0.0871558    0.0360955
1998-09-07/12:09:46      16.5600      54.7100      22.0700      97.0000      2.99788     0.121869    0.0519329
1998-09-07/12:10:06      17.5800      55.9000      22.2800      97.0000      3.05153     0.121869    0.0528623
1998-09-07/13:01:46      192.870     -33.2400      21.8700      59.0000      3.05288     0.515038    0.0456723
1998-09-07/13:02:06      192.850     -34.2300      22.1300      55.0000      4.82249     0.573576    0.0689467
1998-09-07/13:02:26      192.810     -35.2500      21.0400      61.0000      4.98984     0.484810    0.0761699
1998-09-07/13:02:46      192.810     -36.3100      21.6900      86.0000      2.26419    0.0697565    0.0394213
1998-09-07/13:03:06      192.800     -37.3700      21.1900      87.0000      2.00491    0.0523359    0.0349443
1998-09-07/13:03:26      192.780     -38.4200      21.1800      57.0000      3.27587     0.544639    0.0479508
1998-09-07/13:03:46      192.870     -39.5400      21.8600      68.0000      1.86614     0.374607    0.0301986
1998-09-07/13:04:06      192.950     -40.7100      21.8700      79.0000      2.06637     0.190809    0.0354023
1998-09-07/13:04:26      192.940     -41.9000      21.5400      85.0000      5.79255    0.0871558     0.100714
1998-09-07/13:04:46      192.960     -42.9800      21.1400      53.0000      5.55124     0.601815    0.0773777
1998-09-07/13:06:26      193.400     -48.7500      21.3800      21.0000      3.60605     0.933580    0.0225548
1998-09-07/13:06:46      193.640     -50.0800      20.2800      73.0000      2.58370     0.292372    0.0431237
1998-09-07/13:07:05      193.660     -51.3400      20.9800      69.0000      3.10278     0.358368    0.0505569
1998-09-07/13:07:25      193.720     -52.4100      21.5000      62.0000      2.81654     0.469472    0.0434038
1998-09-07/13:07:45      193.960     -53.6100      21.4300      59.0000      2.68786     0.515038    0.0402114
1998-09-07/13:08:05      194.140     -55.0500      21.5700      52.0000      4.74053     0.615661    0.0651983
1998-09-07/13:08:26      194.420     -56.8100      21.1900      59.0000      3.44536     0.515038    0.0515439
1998-09-07/13:08:46      194.620     -58.1700      20.8800      68.0000      3.06196     0.374607    0.0495499
1998-09-07/13:09:06      194.610     -59.1400      20.7000      60.0000      3.42648     0.500000    0.0517912
1998-09-07/13:09:26      194.700     -60.1700      21.4900      54.0000      2.21851     0.587785    0.0313254
1998-09-07/13:09:45      194.970     -61.4300      21.4800      55.0000      1.84570     0.573576    0.0263878
1998-09-07/13:10:05      195.220     -62.9100      20.8400      65.0000      1.76200     0.422618    0.0278714
1998-09-07/13:10:25      195.850     -64.6100      20.8500      61.0000      3.01293     0.484810    0.0459924
1998-09-07/13:10:45      196.910     -66.4100      20.9900      59.0000      3.24624     0.515038    0.0485650
1998-09-07/13:11:06      196.910     -67.5700      21.0800      68.0000      2.41315     0.374607    0.0390506
1998-09-07/13:11:26      196.870     -68.9300      21.3000      74.0000      2.76988     0.275637    0.0464708
1998-09-07/13:11:46      196.290     -69.6100      21.7000      72.0000      2.44629     0.309017    0.0406061
1998-09-07/13:12:06      196.200     -71.3400      21.9500      63.0000      4.46577     0.453990    0.0694472
1998-09-07/13:12:25      196.960     -73.0500      21.5600      65.0000      2.05132     0.422618    0.0324479
1998-09-07/13:12:45      198.240     -74.6300      21.3800      65.0000      1.94222     0.422618    0.0307221
1998-09-07/13:13:05      199.270     -76.3300      20.6800      65.0000      1.94222     0.422618    0.0307221
1998-09-07/13:13:25      201.740     -78.1700      20.0100      64.0000      2.90088     0.438371    0.0455059
1998-09-07/13:13:46      207.410     -80.7400      20.9500      64.0000      3.47634     0.438371    0.0545331
1998-09-07/13:14:06      224.790     -83.5500      21.3700      63.0000      4.03187     0.453990    0.0626996
1998-09-07/14:27:47      224.040      71.7600      21.5600      114.000      2.00852     0.406737    0.0320246
1998-09-07/14:28:07      224.950      70.4400      22.0000      119.000      2.22720     0.484810    0.0339982
1998-09-07/14:28:27      209.790      68.8100      22.3000      119.000      3.17715     0.484810    0.0484992
1998-09-07/14:28:47      207.460      66.2200      22.7200      128.000      4.45622     0.615661    0.0612881
1998-09-07/14:29:07      206.510      66.0700      22.6100      127.000      3.69186     0.601815    0.0514602
1998-09-07/14:29:27      205.400      65.4600      22.8500      123.000      2.11018     0.544639    0.0308879
1998-09-07/14:29:47      204.000      64.2300      23.0800      117.000      4.65407     0.453991    0.0723754
1998-09-07/14:30:07      202.920      62.8600      22.9500      116.000      3.89243     0.438371    0.0610602
1998-09-07/14:30:27      204.320      62.5900      22.8500      110.000      2.65743     0.342020    0.0435838
1998-09-07/14:30:47      203.040      61.8000      22.9700      115.000      3.16159     0.422618    0.0500102
1998-09-07/14:31:07      202.770      61.0000      23.1000      112.000      1.47353     0.374607    0.0238453
1998-09-07/14:31:27      202.250      59.8500      22.4600      111.000      1.97620     0.358368    0.0322003
1998-09-07/14:31:47      201.480      58.6900      22.2200      114.000      2.09785     0.406737    0.0334489
1998-09-07/14:32:07      200.570      57.4600      22.0700      115.000      3.61512     0.422618    0.0571842
1998-09-07/14:32:27      199.120      56.1200      22.3500      105.000      2.76988     0.258819    0.0466963
1998-09-07/14:32:47      198.500      54.9600      22.4100      107.000      2.31438     0.292372    0.0386285
1998-09-07/14:33:07      197.970      53.6400      22.1900      105.000      2.24074     0.258819    0.0377757
1998-09-07/14:33:27      197.490      52.3700      21.6700      108.000      2.06552     0.309017    0.0342857
1998-09-07/14:33:47      197.340      51.3100      20.8900      113.000      1.46827     0.390731    0.0235890
1998-09-07/14:34:07      197.090      50.3400      20.5400      104.000      2.01372     0.241922    0.0341021
1998-09-07/14:34:27      196.850      49.2500      21.0500      103.000      2.24958     0.224951    0.0382563
1998-09-07/14:34:47      196.730      48.2200      21.0100      107.000      2.80513     0.292372    0.0468195
1998-09-07/14:35:07      196.380      47.1500      21.0300      110.000      2.45938     0.342020    0.0403356
1998-09-07/14:35:27      195.950      46.0300      21.0100      110.000      2.78623     0.342020    0.0456962
1998-09-07/14:35:47      195.770      45.0000      20.8700      115.000      2.69276     0.422618    0.0425942
1998-09-07/14:36:07      195.480      43.7500      20.7900      117.000      2.45583     0.453991    0.0381906
1998-09-07/14:36:27      195.190      42.5600      20.4900      103.000      2.08650     0.224951    0.0354829
1998-09-07/14:36:47      194.900      41.3600      20.7500      100.000      2.06637     0.173648    0.0355171
1998-09-07/14:38:27      194.470      35.6500      20.7200      110.000      2.83141     0.342020    0.0464372
1998-09-07/14:38:47      194.710      34.7800      20.9400      114.000      4.32846     0.406737    0.0690146
1998-09-07/14:39:07      194.280      33.3900      20.9700      117.000      3.04900     0.453991    0.0474150
1998-09-07/14:39:27      193.790      32.0200      21.7200      98.0000      2.71465     0.139173    0.0469185
1998-09-07/16:29:08      204.920      66.6400      21.8900      121.000      2.80403     0.515038    0.0419494
1998-09-07/16:29:28      198.560      63.6600      21.5700      126.000      3.44405     0.587785    0.0486300
1998-09-07/16:29:47      196.930      62.0300      21.3800      122.000      2.48027     0.529919    0.0367110
1998-09-07/16:30:07      197.830      60.5900      21.5300      124.000      2.39890     0.559193    0.0347107
1998-09-07/16:30:27      199.180      58.4800      21.8300      121.000      3.23298     0.515038    0.0483666
1998-09-07/16:30:47      199.430      56.4200      21.9400      119.000      2.72378     0.484810    0.0415785
1998-09-07/16:31:08      197.130      54.7400      22.1100      116.000      2.85385     0.438371    0.0447681
1998-09-07/16:31:28      195.550      52.9500      22.1700      116.000      2.61791     0.438371    0.0410669
1998-09-07/16:31:48      193.860      51.4900      22.4300      116.000      2.47717     0.438371    0.0388592
1998-09-07/16:32:08      194.350      50.2000      21.5500      115.000      2.62014     0.422618    0.0414455
1998-09-07/16:32:27      194.000      49.8500      20.8200      122.000      2.26089     0.529919    0.0334640
1998-09-07/16:32:47      193.850      47.8600      21.0900      124.000      1.55036     0.559193    0.0224328
1998-09-07/16:33:07      194.050      46.7700      21.7900      118.000      2.91367     0.469472    0.0449007
1998-09-07/16:33:27      193.680      45.6400      21.9600      119.000      2.87886     0.484810    0.0439458
1998-09-07/18:27:28      207.960      63.2400      21.3800      122.000      3.33634     0.529919    0.0493819
1998-09-07/18:27:48      203.900      60.8900      20.8600      124.000      4.60390     0.559193    0.0666158
1998-09-07/18:28:08      201.660      58.9300      21.2300      123.000      4.92552     0.544639    0.0720976
1998-09-07/18:28:28      200.270      57.2700      21.3000      114.000      5.84843     0.406737    0.0932496
1998-09-07/18:28:48      199.350      55.7100      21.2200      107.000      4.13682     0.292372    0.0690463
1998-09-07/18:29:08      198.530      54.2400      21.8500      121.000      4.71276     0.515038    0.0705047
1998-09-07/18:29:28      197.550      52.6900      22.1000      111.000      2.89320     0.358368    0.0471420
1998-09-07/18:29:48      196.600      51.3700      21.6700      113.000      4.44103     0.390731    0.0713489
1998-09-07/18:30:08      195.870      50.1500      21.7400      108.000      3.35424     0.309017    0.0556773
1998-09-07/18:30:28      195.110      48.8300      21.8300      110.000      3.82218     0.342020    0.0626865
1998-09-07/18:30:48      194.730      47.7100      21.8300      124.000      4.38424     0.559193    0.0634375
1998-09-07/18:31:08      194.200      46.4200      21.6800      114.000      3.93486     0.406737    0.0627389
1998-09-07/18:31:28      193.870      45.2700      21.9700      117.000      5.09721     0.453991    0.0792667
1998-09-07/18:31:48      193.550      44.0500      22.0000      115.000      3.88985     0.422618    0.0615299
1998-09-07/18:32:08      193.350      42.9500      21.9000      107.000      10.7488     0.292372     0.179405
1998-09-07/18:32:28      192.890      41.6900      21.9000      115.000      5.27870     0.422618    0.0834988
1998-09-07/18:32:48      192.620      40.5300      21.5000      121.000      5.49953     0.515038    0.0822751
1998-09-07/18:33:08      192.400      39.4500      21.5600      118.000      6.05586     0.469472    0.0933229
1998-09-07/18:33:28      192.190      38.4600      22.1400      116.000      4.57356     0.438371    0.0717451
1998-09-07/18:33:48      192.070      37.1800      22.2100      103.000      4.49561     0.224951    0.0764522
1998-09-07/18:34:08      192.040      35.8900      21.9800      110.000      3.67818     0.342020    0.0603248
1998-09-07/18:34:28      191.970      34.5600      21.9300      104.000      4.29017     0.241922    0.0726534
1998-09-07/18:34:48      191.850      33.4900      21.6100      107.000      5.27146     0.292372    0.0879842
1998-09-07/18:35:08      191.560      32.1900      21.5500      107.000      4.48756     0.292372    0.0749004
1998-09-07/18:35:28      191.490      31.1300      21.6000      111.000      3.19789     0.358368    0.0521066
1998-09-07/18:35:48      191.290      29.9400      22.3800      109.000      3.56289     0.325568    0.0587963
1998-09-07/18:36:08      191.250      28.9200      22.7400      116.000      5.86277     0.438371    0.0919688
1998-09-07/18:36:28      191.080      27.7800      22.7400      111.000      4.86263     0.358368    0.0792319
1998-09-07/18:36:48      190.910      26.5700      22.5600      102.000      3.74086     0.207912    0.0638636
1998-09-07/18:37:08      190.750      25.3900      23.4500      112.000      2.15767     0.374607    0.0349163
1998-09-07/18:37:28      190.610      24.2100      24.6300      102.000      5.50034     0.207912    0.0939012
1998-09-07/18:37:48      190.860      23.2400      23.7000      113.000      2.30954     0.390731    0.0371047
1998-09-07/18:38:08      190.890      22.2100      21.2700      117.000      7.07804     0.453991     0.110071
1998-09-07/18:38:28      190.780      20.8900      22.9700      130.000      25.7972     0.642788     0.344909
1998-09-07/18:38:48      190.700      19.8100      23.6400      125.000      10.3559     0.573576     0.148057
1998-09-07/18:39:08      190.520      18.5300      23.1500      103.000      3.59763     0.224951    0.0611812
1998-09-07/18:39:48      190.240      16.4700      22.1700      105.000      8.75356     0.258819     0.147573
1998-09-07/18:40:08      190.260      15.2500      21.9800      131.000      9.97315     0.656059     0.131368
1998-09-07/18:40:28      190.240      14.4200      22.1100      169.000      27.4317     0.981627    0.0913542
1998-09-07/18:40:48      190.620      13.7300      21.8100      118.000      21.8068     0.469472     0.336050
1998-09-07/18:41:08      190.700      12.5900      21.8700      134.000      4.71938     0.694658    0.0592511
1998-09-07/18:41:48      190.480      9.84000      21.9000      116.000      4.03187     0.438371    0.0632476
1998-09-07/18:42:28      190.480      7.82000      22.1000      128.000      9.41108     0.615661     0.129434
1998-09-07/18:42:48      190.230      7.09000      22.6300      123.000      7.13625     0.544639     0.104457
1998-09-07/21:15:48      51.3400     -81.2400      22.5200      106.000      26.2936     0.275637     0.441133
1998-09-07/21:16:08      56.6800     -78.9800      22.3100      142.000      6.25707     0.788011    0.0672342
1998-09-07/21:17:28      40.8500     -76.3600      22.4000      133.000      3.16770     0.681998    0.0404342
1998-09-07/21:17:48      36.2600     -74.8700      22.7500      134.000      3.50852     0.694658    0.0440489
1998-09-07/21:18:28      29.2600     -75.5300      22.7800      125.000      1.91644     0.573576    0.0273992
1998-09-07/21:18:48      29.0300     -75.0900      22.6700      135.000      2.24506     0.707107    0.0277071
1998-09-07/21:19:08      21.5400     -73.3100      22.6100      132.000      2.77902     0.669131    0.0360448
1998-09-07/21:19:28      22.6400     -72.9500      22.6600      137.000      2.77105     0.731354    0.0329841
1998-09-07/21:19:48      23.2600     -71.9500      22.7900      143.000      2.46057     0.798636    0.0258450
1998-09-07/21:20:08      19.2200     -69.9500      22.7700      139.000      3.26963     0.754710    0.0374385
1998-09-07/21:20:28      19.3600     -68.5200      22.8200      132.000      2.54235     0.669131    0.0329751
1998-09-07/21:20:48      19.3500     -67.4300      22.8000      124.000      1.47084     0.559193    0.0212822
1998-09-07/21:21:08      17.4400     -66.5500      22.6500      126.000      2.27823     0.587785    0.0321686
1998-09-07/21:21:28      16.4700     -65.0900      22.6200      122.000      2.56560     0.529919    0.0379740
1998-09-07/21:21:48      16.1600     -63.8000      22.6700      128.000      3.07219     0.615661    0.0422530
1998-09-07/21:22:08      14.1000     -62.1700      22.8300      129.000      3.29006     0.629321    0.0446256
1998-09-07/21:22:28      13.6200     -60.6500      22.6200      126.000      2.65970     0.587785    0.0375550
1998-09-07/21:22:48      14.2100     -59.2500      22.4500      134.000      2.13954     0.694658    0.0268616
1998-09-07/21:23:08      13.7800     -58.3400      22.4900      129.000      3.12558     0.629321    0.0423946
1998-09-07/21:23:28      13.8000     -57.3600      22.3400      126.000      2.54888     0.587785    0.0359902
1998-09-07/21:23:48      13.2600     -56.2100      22.2400      143.000      3.01788     0.798636    0.0316988
1998-09-07/21:24:08      12.9100     -55.1400      22.0400      147.000      2.20071     0.838671    0.0209194
1998-09-07/21:24:28      12.6000     -54.4400      22.0300      125.000      2.12168     0.573576    0.0303334
1998-09-07/21:24:48      11.9900     -53.3700      22.0300      100.000      2.37992     0.173648    0.0409064
1998-09-07/21:25:08      11.8900     -52.3200      21.9700      100.000      5.85885     0.173648     0.100703
1998-09-07/21:25:28      11.7200     -51.1700      21.9000      115.000      5.82346     0.422618    0.0921158
1998-09-07/21:25:48      11.5500     -50.0800      21.9100      101.000      2.17303     0.190809    0.0372297
1998-09-07/21:26:08      11.3500     -48.9500      22.1000      99.0000      11.6166     0.156434     0.200252
1998-09-07/21:26:28      11.2500     -47.8300      21.7200      107.000      7.75774     0.292372     0.129482
1998-09-07/21:27:08      11.1100     -45.5400      21.4000      126.000      11.1706     0.587785     0.157729
1998-09-07/21:27:28      11.1100     -44.3300      21.1600      132.000      3.27162     0.669131    0.0424340
1998-09-07/21:27:48      11.1300     -43.0700      20.6500      148.000      4.59648     0.848048    0.0425121
1998-09-07/21:28:08      11.0500     -41.7700      20.9300      129.000      6.60271     0.629321    0.0895575
1998-09-07/21:28:29      11.2200     -40.4800      21.8300      129.000      3.12558     0.629321    0.0423946
1998-09-07/21:28:49      11.1300     -39.0900      21.7300      133.000      2.56416     0.681998    0.0327303
1998-09-07/21:29:09      11.2100     -37.8600      21.6900      139.000      6.78485     0.754710    0.0776892
1998-09-07/21:29:29      11.3500     -36.4900      21.8800      143.000      7.48954     0.798636    0.0786675
1998-09-07/21:29:48      11.1300     -35.3800      21.9000      146.000      6.86422     0.829038    0.0669931
1998-09-07/21:30:08      11.1900     -34.2000      21.6300      129.000      4.96968     0.629321    0.0674075
1998-09-07/21:30:28      10.9100     -32.9600      21.8000      135.000      9.48944     0.707107     0.117112
1998-09-07/21:30:48      10.3700     -31.9900      21.8300      133.000      4.30268     0.681998    0.0549217
1998-09-07/21:31:09      9.99000     -30.9500      22.3100      137.000      2.65205     0.731354    0.0315677
1998-09-07/21:31:29      9.74000     -29.9500      23.5900      131.000      2.44896     0.656059    0.0322581
1998-09-07/21:31:49      9.68000     -28.7600      23.6500      132.000      3.42443     0.669131    0.0444160
1998-09-07/21:32:09      9.62000     -27.6100      22.9400      142.000      29.0452     0.788011     0.312100
1998-09-07/21:32:28      9.57000     -26.4900      22.2800      134.000      7.61342     0.694658    0.0955853
1998-09-07/21:32:48      9.51000     -25.4300      22.7900      135.000      20.6726     0.707107     0.255128
1998-09-07/21:33:08      9.28000     -24.3000      23.2100      149.000      31.4226     0.857167     0.282461
1998-09-07/21:33:28      9.06000     -23.2900      23.1200      146.000      28.3908     0.829038     0.277087
1998-09-07/21:33:49      8.75000     -22.1500      23.5800      129.000      25.6400     0.629321     0.347775
1998-09-07/21:34:09      8.47000     -20.8900      23.9000      140.000      6.92331     0.766045    0.0776709
1998-09-07/21:34:29      8.21000     -19.6500      23.8500      135.000      5.34991     0.707107    0.0660251
1998-09-07/21:34:49      7.93000     -18.4800      23.8400      138.000      7.08260     0.743145    0.0827144
1998-09-07/21:35:08      7.74000     -17.4600      23.8600      142.000      6.81144     0.788011    0.0731911
1998-09-07/21:35:28      7.60000     -16.5100      23.7100      143.000      6.77975     0.798636    0.0712121
1998-09-07/21:35:48      7.38000     -15.4600      23.7200      143.000      8.66573     0.798636    0.0910218
1998-09-07/21:36:08      7.22000     -14.5300      23.5600      135.000      3.17160     0.707107    0.0391418
1998-09-07/21:36:29      7.15000     -13.4800      23.4100      133.000      2.81077     0.681998    0.0358782
1998-09-07/21:36:49      7.16000     -12.3500      23.0500      135.000      4.25827     0.707107    0.0525528
1998-09-07/22:17:50      215.210      81.1600      22.7500      62.0000      4.65407     0.469472    0.0717208
1998-09-07/22:18:10      204.340      78.0700      22.5200      73.0000      4.31371     0.292372    0.0719987
1998-09-07/22:18:30      200.060      75.7300      21.9600      67.0000      3.38726     0.390731    0.0544192
1998-09-07/22:18:50      197.570      73.7600      23.0100      65.0000      2.26885     0.422618    0.0358888
1998-09-07/22:19:10      195.730      72.0500      22.3800      64.0000      5.53081     0.438371    0.0867613
1998-09-07/22:19:30      194.410      70.4100      22.3800      64.0000      4.13745     0.438371    0.0649038
1998-09-07/22:19:50      193.490      68.8500      22.1400      65.0000      2.37061     0.422618    0.0374984
1998-09-07/22:20:10      192.930      67.4500      21.9200      69.0000      2.78623     0.358368    0.0453990
1998-09-07/22:20:30      192.350      65.9900      20.2700      72.0000      2.19297     0.309017    0.0364013
1998-09-07/22:20:50      191.860      64.6000      23.9200      72.0000      2.44629     0.309017    0.0406061
1998-09-07/22:21:10      191.440      63.2600      21.5500      71.0000      2.42687     0.325568    0.0400492
1998-09-07/22:21:30      191.060      61.9700      21.2800      71.0000      2.25162     0.325568    0.0371572
1998-09-07/22:21:50      190.690      60.7200      22.0800      70.0000      2.57545     0.342020    0.0422393
1998-09-07/22:22:10      190.360      59.4400      21.9500      67.0000      1.98706     0.390731    0.0319238
1998-09-07/22:22:30      190.060      58.1800      21.7300      69.0000      2.78623     0.358368    0.0453990
1998-09-07/22:22:50      189.840      56.9300      21.0400      65.0000      2.74282     0.422618    0.0433861
1998-09-07/22:23:10      189.690      55.6700      21.7600      55.0000      5.05511     0.573576    0.0722724
1998-09-07/22:23:30      189.580      54.5100      21.4000      53.0000      3.78039     0.601815    0.0526942
1998-09-07/22:23:50      189.350      53.4100      21.2800      64.0000      3.47634     0.438371    0.0545331
1998-09-07/22:24:10      189.120      52.2500      21.0200      55.0000      3.97079     0.573576    0.0567700
1998-09-07/22:24:30      188.930      51.1100      21.1200      78.0000      2.28375     0.207912    0.0389879
1998-09-07/22:24:50      188.780      49.9700      21.0400      76.0000      2.17751     0.241922    0.0368758
1998-09-07/22:25:10      188.670      48.8700      21.1400      68.0000      2.76042     0.374607    0.0446703
1998-09-07/22:25:30      188.570      47.7800      21.3200      64.0000      3.16159     0.438371    0.0495956
1998-09-07/22:25:50      188.490      46.6900      21.1300      72.0000      3.33396     0.309017    0.0553406
1998-09-07/22:26:10      188.390      45.6200      21.3600      78.0000      2.09172     0.207912    0.0357096
1998-09-07/22:26:30      188.280      44.4900      21.2800      72.0000      4.25171     0.309017    0.0705744
1998-09-07/22:26:50      188.240      43.3400      21.0200      76.0000      2.17751     0.241922    0.0368758
1998-09-07/22:27:10      188.260      42.3200      20.9100      70.0000      3.28169     0.342020    0.0538221
1998-09-07/22:27:30      188.200      41.2500      21.3000      59.0000      3.05288     0.515038    0.0456723
1998-09-07/22:27:50      188.160      40.1800      21.1800      75.0000      2.85144     0.258819    0.0480712
1998-09-07/22:28:10      188.150      39.1200      21.0700      74.0000      2.76988     0.275637    0.0464708
1998-09-07/22:28:30      188.210      38.0700      21.1900      70.0000      2.75142     0.342020    0.0451253
1998-09-07/22:28:50      188.210      36.9900      21.6300      72.0000      2.65356     0.309017    0.0440466
1998-09-07/22:29:10      188.140      35.8800      21.9200      75.0000      3.55530     0.258819    0.0599373
1998-09-07/22:29:30      188.070      34.7300      21.6600      77.0000      2.36358     0.224951    0.0401950
1998-09-07/22:29:50      188.010      33.6500      21.4600      70.0000      3.38317     0.342020    0.0554865
1998-09-07/22:30:10      187.880      32.5200      21.5000      69.0000      3.03986     0.358368    0.0495316
1998-09-07/22:30:30      187.690      31.3700      21.2200      68.0000      3.19789     0.374607    0.0517496
1998-09-07/22:30:50      187.580      30.1500      21.3200      79.0000      3.10054     0.190809    0.0531204
1998-09-07/22:31:10      187.580      29.0500      21.7100      66.0000      2.42089     0.406737    0.0385996
1998-09-07/22:31:30      187.480      27.9900      21.5600      73.0000      3.50255     0.292372    0.0584599
1998-09-07/22:31:50      187.430      26.8400      22.4600      63.0000      4.41855     0.453990    0.0687129
1998-09-07/22:32:10      187.300      25.5900      20.9500      72.0000      3.43378     0.309017    0.0569975
1998-09-07/22:32:30      187.420      24.4600      21.3600      69.0000      3.82218     0.358368    0.0622788
1998-09-07/22:32:50      187.580      23.6400      22.3500      60.0000      3.42648     0.500000    0.0517912
1998-09-07/22:33:10      187.500      22.7900      22.3200      66.0000      1.92248     0.406737    0.0306527
1998-09-07/22:33:30      187.320      21.7100      21.1900      54.0000      3.38424     0.587785    0.0477855
1998-09-07/22:33:50      187.290      20.5500      21.6500      64.0000      4.24559     0.438371    0.0666002
1998-09-07/22:34:10      187.300      19.4400      22.3300      79.0000      2.78705     0.190809    0.0477495
1998-09-07/22:34:30      187.210      18.3800      22.4000      103.000      4.36973     0.224951    0.0743115
1998-09-07/22:34:50      187.130      17.2100      22.0300      106.000      6.08789     0.275637     0.102138
1998-09-07/22:35:10      187.160      16.0800      22.1200      102.000      7.02018     0.207912     0.119848
1998-09-07/22:35:30      187.210      14.8400      21.9100      103.000      4.07256     0.224951    0.0692578
1998-09-07/22:35:50      187.260      13.6900      21.9400      31.0000      14.2100     0.857167     0.127735
1998-09-07/22:36:10      187.240      12.6700      21.4300      31.0000      11.6026     0.857167     0.104297
1998-09-07/22:36:30      187.240      11.5900      21.5300      63.0000      10.4853     0.453990     0.163057
1998-09-07/22:36:50      187.230      10.5600      20.7400      41.0000      9.32259     0.754710     0.106747
1998-09-07/22:37:10      187.200      9.50000      20.6500      72.0000      4.92515     0.309017    0.0817529
1998-09-07/22:37:30      187.170      8.34000      21.1700      62.0000      7.07804     0.469472     0.109075
1998-09-07/22:37:50      187.140      7.27000      21.2600      84.0000      7.92562     0.104528     0.137570
1998-09-07/22:58:31      187.530     -61.4500      21.2600      53.0000      6.99875     0.601815    0.0975543
1998-09-07/22:58:51      187.840     -62.3700      21.3300      67.0000      5.97429     0.390731    0.0959820
1998-09-07/22:59:10      187.590     -63.9500      21.9800      72.0000      4.01054     0.309017    0.0665712
1998-09-07/22:59:30      187.360     -65.0200      22.3900      66.0000      2.42089     0.406737    0.0385996
1998-09-07/22:59:50      186.880     -66.1300      22.2700      71.0000      4.61738     0.325568    0.0761979
1998-09-07/23:00:10      187.200     -67.0900      21.9900      76.0000      3.80260     0.241922    0.0643965
1998-09-07/23:00:31      187.550     -68.4700      21.6000      76.0000      3.09582     0.241922    0.0524273
1998-09-07/23:00:51      188.350     -69.8700      21.0800      70.0000      3.23959     0.342020    0.0531316
1998-09-08/00:19:50      194.400      57.7500      22.0200      60.0000      3.00080     0.500000    0.0453571
1998-09-08/00:20:10      192.750      57.2300      20.7700      46.0000      2.22003     0.694658    0.0278721
1998-09-08/00:20:30      191.100      56.1400      21.1000      41.0000      3.47773     0.754710    0.0398214
1998-09-08/00:20:51      191.010      55.0100      21.5000      64.0000      2.55251     0.438371    0.0400410
1998-09-08/00:21:11      191.010      53.8900      20.5200      66.0000      1.87336     0.406737    0.0298696
1998-09-08/00:21:31      190.550      52.8300      20.4200      59.0000      2.97762     0.515038    0.0445464
1998-09-08/00:21:50      190.460      51.3300      20.6000      48.0000      3.97424     0.669131    0.0515472
1998-09-08/00:22:10      190.840      50.1300      20.5400      55.0000      2.07314     0.573576    0.0296395
1998-09-08/00:22:30      191.100      49.1700      20.6400      60.0000      3.07917     0.500000    0.0465416
1998-09-08/00:22:50      190.780      48.2900      20.6200      61.0000      3.73865     0.484810    0.0570705
1998-09-08/00:23:11      191.330      47.2300      20.8800      59.0000      4.01660     0.515038    0.0600899
1998-09-08/00:23:31      191.320      46.0000      20.9800      55.0000      2.07314     0.573576    0.0296395
1998-09-08/00:23:51      191.130      44.7200      20.4000      48.0000      3.97424     0.669131    0.0515472
1998-09-08/01:18:50      19.3500     -65.2500      19.6100      60.0000      3.07917     0.500000    0.0465416
1998-09-08/01:19:10      16.8300     -62.7400      20.1200      58.0000      3.90478     0.529919    0.0577956
1998-09-08/01:19:30      13.5800     -60.7800      20.4400      56.0000      2.11018     0.559193    0.0305331
1998-09-08/01:19:50      13.0100     -59.7900      20.4900      60.0000      3.71706     0.500000    0.0561833
1998-09-08/01:20:10      12.1500     -58.5700      19.4900      50.0000      5.31607     0.642788    0.0710758
1998-09-08/01:20:30      12.2700     -57.4000      19.3600      44.0000      4.65228     0.719340    0.0564046
1998-09-08/01:20:50      11.5800     -55.6700      19.3000      46.0000      7.86042     0.694658    0.0986864
1998-09-08/01:21:10      11.0600     -54.2300      20.1500      46.0000      5.17562     0.694658    0.0649791
1998-09-08/01:21:30      11.1800     -52.7100      19.7300      47.0000      7.76444     0.681998    0.0991094
1998-09-08/01:21:50      10.8300     -51.1900      19.7500      46.0000      7.86042     0.694658    0.0986864
1998-09-08/01:22:10      10.5000     -49.9100      19.7700      44.0000      5.34991     0.719340    0.0648627
1998-09-08/01:22:30      9.97000     -48.4200      19.3400      48.0000      6.56013     0.669131    0.0850870
1998-09-08/01:22:50      9.32000     -46.3300      19.6200      72.0000      4.67314     0.309017    0.0775698
1998-09-08/01:23:10      9.17000     -44.9300      20.2600      75.0000      4.56736     0.258819    0.0769992
1998-09-08/01:23:30      8.92000     -43.7800      20.3600      68.0000      3.93253     0.374607    0.0636378
1998-09-08/01:23:50      8.52000     -42.6200      20.8500      57.0000      8.52208     0.544639     0.124743
1998-09-08/01:24:10      8.21000     -41.3500      20.7400      42.0000      5.52538     0.743145    0.0645283
1998-09-08/01:24:30      8.00000     -40.4100      20.8200      45.0000      3.75230     0.707107    0.0463084
1998-09-08/01:24:50      7.91000     -39.6800      20.4300      47.0000      3.16030     0.681998    0.0403397
1998-09-08/01:25:10      7.80000     -38.5000      20.1600      51.0000      8.10632     0.629320     0.109952
1998-09-08/04:13:52      185.310      55.4700      20.1200      48.0000      4.49430     0.669131    0.0582925
1998-09-08/04:14:12      183.850      54.1500      19.5900      48.0000      4.89541     0.669131    0.0634951
1998-09-08/04:14:32      185.930      52.8700      19.5800      56.0000      3.32815     0.559193    0.0481565
1998-09-08/04:14:52      187.490      53.0800      19.5400      42.0000      7.15322     0.743145    0.0835391
1998-09-08/04:15:11      185.540      52.3200      19.8500      61.0000      3.91119     0.484810    0.0597043
1998-09-08/04:15:31      185.500      50.5700      20.1900      64.0000      3.88985     0.438371    0.0610197
1998-09-08/04:15:51      185.500      49.9100      20.1400      61.0000      3.01293     0.484810    0.0459924
1998-09-08/04:16:11      184.450      48.0500      20.4400      59.0000      3.24624     0.515038    0.0485650
1998-09-08/04:16:32      186.690      46.5800      20.4300      53.0000      4.35442     0.601815    0.0606955
1998-09-08/04:16:52      187.880      46.3300      20.5000      88.0000      2.30558    0.0348994    0.0402154
1998-09-08/04:17:12      187.660      44.5400      20.4500      87.0000      2.74829    0.0523359    0.0479010
1998-09-08/04:17:32      186.980      43.2600      20.2200      88.0000      2.05850    0.0348994    0.0359057
1998-09-08/04:17:51      186.120      43.0500      20.3500      77.0000      3.13465     0.224951    0.0533077
1998-09-08/04:18:11      185.560      41.2000      20.6000      77.0000      2.45751     0.224951    0.0417923
1998-09-08/04:18:31      185.910      39.0200      20.5500      65.0000      2.97444     0.422618    0.0470499
1998-09-08/04:18:51      185.860      37.5800      20.3200      59.0000      4.89963     0.515038    0.0733004
1998-09-08/04:19:12      185.820      36.0000      19.9500      57.0000      3.39229     0.544639    0.0496549
1998-09-08/04:19:32      185.730      35.1800      19.5400      87.0000      4.87933    0.0523359    0.0850437
1998-09-08/04:19:52      185.980      34.8300      19.2400      60.0000      5.52790     0.500000    0.0835542
1998-09-08/04:20:12      184.430      33.8700      20.2000      64.0000      4.24559     0.438371    0.0666002
1998-09-08/04:20:31      185.010      32.0600      20.7200      63.0000      4.03187     0.453990    0.0626996
1998-09-08/04:20:51      185.460      30.4800      21.0100      64.0000      4.36896     0.438371    0.0685355
1998-09-08/04:21:11      185.270      29.7500      20.3400      64.0000      3.88985     0.438371    0.0610197
1998-09-08/04:21:31      184.660      29.4200      19.7400      66.0000      2.10025     0.406737    0.0334872
1998-09-08/04:21:52      184.320      27.4100      19.6300      74.0000      4.88719     0.275637    0.0819933
1998-09-08/04:22:12      185.820      25.6000      19.4200      68.0000      3.19789     0.374607    0.0517496
1998-09-08/04:22:32      185.520      24.7900      19.3900      61.0000      4.71316     0.484810    0.0719464
1998-09-08/04:22:52      185.120      22.9900      19.7400      68.0000      3.06196     0.374607    0.0495499
1998-09-08/04:23:11      186.410      20.0800      19.4400      73.0000      4.73724     0.292372    0.0790677
1998-09-08/04:23:31      185.570      21.1700      19.3500      77.0000      1.86721     0.224951    0.0317537
1998-09-08/04:23:51      185.390      18.6800      25.1300      72.0000      3.13206     0.309017    0.0519893
1998-09-08/04:24:11      185.360      17.7600      24.1100      71.0000      3.12735     0.325568    0.0516088
1998-09-08/04:24:32      185.180      16.0900      23.6000      77.0000      1.65815     0.224951    0.0281984
1998-09-08/04:24:52      185.170      15.1200      23.8300      72.0000      3.00550     0.309017    0.0498885
1998-09-08/04:25:12      184.910      14.6800      24.1800      68.0000      2.25057     0.374607    0.0364197
1998-09-08/04:25:32      184.660      12.9600      23.7500      68.0000      2.09106     0.374607    0.0338384
1998-09-08/06:10:33      209.910      73.1400      23.1900      114.000      2.26885     0.406737    0.0361754
1998-09-08/06:10:53      203.480      70.9000      22.8600      115.000      9.17440     0.422618     0.145121
1998-09-08/06:11:12      201.790      69.7300      22.4800      105.000      4.30197     0.258819    0.0725251
1998-09-08/06:11:32      198.480      67.8800      22.6400      112.000      1.98706     0.374607    0.0321554
1998-09-08/06:11:52      196.270      66.2800      22.9300      112.000      2.03620     0.374607    0.0329506
1998-09-08/06:12:12      194.620      64.7500      23.2800      110.000      5.10242     0.342020    0.0836834
1998-09-08/06:12:33      193.640      63.4100      23.6500      115.000      5.53081     0.422618    0.0874866
1998-09-08/06:12:53      192.500      62.0900      23.6600      112.000      2.09250     0.374607    0.0338617
1998-09-08/06:13:13      191.690      60.8400      23.6200      122.000      3.39229     0.529919    0.0502101
1998-09-08/06:13:33      191.080      59.6600      23.5600      114.000      4.72533     0.406737    0.0753424
1998-09-08/06:13:52      190.170      58.4800      23.9500      115.000      3.34448     0.422618    0.0529032
1998-09-08/06:14:12      189.080      57.2500      24.0300      117.000      4.65407     0.453991    0.0723754
1998-09-08/06:14:32      188.150      56.2400      24.4800      118.000      6.05586     0.469472    0.0933229
1998-09-08/06:14:52      187.300      54.7900      24.8200      110.000      4.47342     0.342020    0.0733674
1998-09-08/06:15:13      186.980      53.4000      24.6100      120.000      4.33929     0.500000    0.0655884
1998-09-08/06:15:33      186.980      52.4500      24.5700      98.0000      3.85170     0.139173    0.0665706
1998-09-08/06:15:53      186.690      51.1400      24.9400      124.000      1.84570     0.559193    0.0267062
1998-09-08/06:16:32      185.740      48.1400      24.9700      104.000      4.29017     0.241922    0.0726534
1998-09-08/06:16:52      185.490      46.8300      24.9100      102.000      3.83874     0.207912    0.0655346
1998-09-08/06:17:12      185.080      45.2800      24.4400      103.000      2.80807     0.224951    0.0477539
1998-09-08/06:17:32      185.160      44.1000      24.1800      105.000      3.52055     0.258819    0.0593515
1998-09-08/06:17:53      185.340      43.1100      24.3500      107.000      4.25171     0.292372    0.0709639
1998-09-08/06:18:13      184.960      42.1900      24.1100      115.000      4.02131     0.422618    0.0636093
1998-09-08/06:18:33      185.110      41.0700      25.0000      114.000      5.84843     0.406737    0.0932496
1998-09-08/06:18:53      184.960      39.5700      24.7600      114.000      2.26885     0.406737    0.0361754
1998-09-08/06:19:12      184.700      38.3700      24.1600      117.000      3.85261     0.453991    0.0599119
1998-09-08/06:19:32      184.520      37.0200      24.1400      109.000      4.92358     0.325568    0.0812510
1998-09-08/06:19:52      184.460      35.6600      24.9100      103.000      3.43504     0.224951    0.0584162
1998-09-08/06:20:12      184.960      34.8200      24.7000      100.000      2.30634     0.173648    0.0396417
1998-09-08/06:20:33      185.360      33.7800      24.5200      91.0000      1.65454    0.0174525    0.0288728
1998-09-08/06:20:53      186.000      32.7800      24.2000      91.0000      2.01692    0.0174525    0.0351965
1998-09-08/06:21:13      187.010      32.3600      23.8900      99.0000      4.06312     0.156434    0.0700417
1998-09-08/06:22:52      184.290      26.0100      23.4800      97.0000      3.50062     0.121869    0.0606419
1998-09-08/06:23:13      184.650      24.5200      23.7400      91.0000      1.68121    0.0174525    0.0293382
