1999-04-01/00:12:03      185.910     -65.9100      13.2800      130.000      6.28058     0.642788    0.0839713
1999-04-01/00:12:23      185.830     -65.3100      13.5500      155.000      7.84072     0.906308    0.0578338
1999-04-01/00:12:42      185.950     -64.5800      12.0600      158.000      2.04745     0.927184    0.0133865
1999-04-01/00:13:02      186.020     -63.1300      11.1300      158.000      7.84631     0.927184    0.0513001
1999-04-01/00:13:22      185.760     -61.5200      10.9100      111.000      3.72656     0.358368    0.0607208
1999-04-01/00:13:42      185.610     -60.3400      12.6700      136.000      24.0070     0.719340     0.291063
1999-04-01/00:14:01      185.580     -59.5000      13.1000      169.000      12.4516     0.981627    0.0414668
1999-04-01/00:14:21      185.440     -58.4900      13.0900      174.000      45.0000     0.994522    0.0820963
1999-04-01/00:14:41      185.160     -57.5200      13.4700      141.000      6.57197     0.777146    0.0721846
1999-04-01/00:15:01      185.130     -56.9300      12.8000      141.000      8.47007     0.777146    0.0930328
1999-04-01/00:15:21      185.340     -55.6200      10.4100      128.000      5.62066     0.615661    0.0773031
1999-04-01/00:15:40      185.240     -53.7100      12.3000      167.000      17.3905     0.974370    0.0682774
1999-04-01/00:16:00      185.170     -52.9900      14.3500      116.000      3.66487     0.438371    0.0574905
1999-04-01/00:16:21      185.110     -52.4200      12.5300      145.000      7.24691     0.819152    0.0725473
1999-04-01/00:16:41      185.090     -50.6500      12.1000      155.000      17.3795     0.906308     0.128193
1999-04-01/00:17:01      185.180     -49.3600      13.7900      108.000      3.86319     0.309017    0.0641254
1999-04-01/00:17:20      185.270     -48.2200      13.6800      141.000      7.10027     0.777146    0.0779873
1999-04-01/00:17:40      185.320     -47.1000      15.1500      143.000      6.77975     0.798636    0.0712121
1999-04-01/00:18:00      185.400     -46.3000      14.8800      144.000      2.83400     0.809017    0.0290734
1999-04-01/00:18:20      185.270     -45.1700      13.1300      147.000      6.35501     0.838671    0.0604091
1999-04-01/00:18:59      185.170     -42.8600      13.9100      121.000      3.13232     0.515038    0.0468607
1999-04-01/00:19:19      185.220     -41.8200      13.6300      119.000      4.47089     0.484810    0.0682481
1999-04-01/00:19:39      185.220     -40.7600      12.5000      156.000      6.81456     0.913545    0.0483758
1999-04-01/00:19:59      185.140     -39.4400      12.3500      128.000      6.40122     0.615661    0.0880384
1999-04-01/00:20:18      185.120     -38.3700      13.1100      129.000      3.29006     0.629321    0.0446256
1999-04-01/00:20:38      185.160     -37.2400      12.8400      121.000      3.04718     0.515038    0.0455870
1999-04-01/00:20:58      185.110     -36.1500      13.7300      151.000      4.96663     0.874620    0.0420253
1999-04-01/00:21:18      185.070     -35.1500      12.7400      146.000      7.83142     0.829038    0.0764327
1999-04-01/00:21:38      185.030     -33.9200      11.9600      138.000      10.3111     0.743145     0.120419
1999-04-01/00:21:58      185.020     -32.7600      12.3300      152.000      4.99614     0.882948    0.0409375
1999-04-01/00:22:18      184.920     -31.7300      13.0100      155.000      13.2620     0.906308    0.0978216
1999-04-01/00:22:38      185.040     -30.6700      12.3700      144.000      2.83400     0.809017    0.0290734
1999-04-01/00:22:58      184.910     -29.3500      12.9000      155.000      7.18210     0.906308    0.0529758
1999-04-01/00:23:17      184.660     -28.3300      15.7300      156.000      2.31594     0.913545    0.0164406
1999-04-01/00:23:37      184.650     -27.2400      15.1900      145.000      14.1386     0.819152     0.141539
1999-04-01/00:23:57      184.490     -26.1700      16.9400      164.000      14.9885     0.961262    0.0721064
1999-04-01/00:24:17      184.260     -25.3400      15.3200      160.000      5.53761     0.939693    0.0330561
1999-04-01/00:24:36      184.240     -24.1000      13.3800      166.000      45.0000     0.970296     0.190005
1999-04-01/00:24:56      184.310     -23.1700      14.1800      168.000      19.1227     0.978148    0.0693913
1999-04-01/00:25:16      184.500     -22.0900      13.0000      139.000      8.85172     0.754710     0.101356
1999-04-01/00:25:36      184.560     -20.9900      13.5400      153.000      3.56105     0.891007    0.0282164
1999-04-01/00:25:56      184.490     -19.9200      13.9200      111.000      2.76042     0.358368    0.0449784
1999-04-01/00:26:15      184.450     -18.8500      13.6900      111.000      3.72656     0.358368    0.0607208
1999-04-01/00:26:35      184.470     -17.7600      13.4300      107.000      4.34779     0.292372    0.0725675
1999-04-01/00:26:56      184.520     -16.6300      13.5600      156.000      2.72316     0.913545    0.0193314
1999-04-01/00:27:16      184.550     -15.6000      12.4100      166.000      13.5746     0.970296    0.0573165
1999-04-01/00:27:36      184.390     -14.4100      11.2500      120.000      7.20927     0.500000     0.108968
1999-04-01/00:27:56      184.330     -13.2400      12.4900      160.000      8.39130     0.939693    0.0500908
1999-04-01/00:28:35      184.390     -11.1100      11.1600      135.000      8.57594     0.707107     0.105839
1999-04-01/00:28:55      184.390     -10.0200      11.9300      129.000      4.10091     0.629321    0.0556237
1999-04-01/00:29:15      184.350     -8.90000      11.6300      122.000      3.21278     0.529919    0.0475531
1999-04-01/00:29:34      184.340     -7.82000      12.4700      110.000      3.59163     0.342020    0.0589054
1999-04-01/00:29:54      184.330     -6.78000      12.5100      137.000      7.15322     0.731354    0.0851456
1999-04-01/00:30:14      184.280     -5.73000      12.2400      125.000      6.81630     0.573576    0.0974520
1999-04-01/00:30:34      184.260     -4.66000      11.8000      129.000      3.00037     0.629321    0.0406963
1999-04-01/00:30:53      184.240     -3.58000      11.6800      131.000      4.73450     0.656059    0.0623636
1999-04-01/00:31:13      184.240     -2.46000      11.9800      156.000      3.50170     0.913545    0.0248582
1999-04-01/00:31:33      184.230     -1.39000      11.6400      132.000      3.16030     0.669131    0.0409901
1999-04-01/00:31:53      184.200    -0.270000      11.4700      136.000      3.25040     0.719340    0.0394081
1999-04-01/00:32:14      184.160     0.780000      11.3900      143.000      3.29818     0.798636    0.0346429
1999-04-01/00:32:33      184.120      1.89000      11.0100      126.000      3.44405     0.587785    0.0486300
1999-04-01/00:32:53      184.090      3.00000      10.9800      137.000      3.23584     0.731354    0.0385166
1999-04-01/00:33:13      184.040      4.10000      10.9100      135.000      2.24506     0.707107    0.0277071
1999-04-01/00:33:33      183.850      5.20000      10.9100      152.000      3.37264     0.882948    0.0276348
1999-04-01/00:33:53      183.460      6.41000      13.2700      149.000      4.91825     0.857167    0.0442107
1999-04-01/00:34:12      183.660      7.37000      14.6600      150.000      3.91108     0.866026    0.0341306
1999-04-01/00:34:32      183.840      8.37000      13.4300      154.000      2.11988     0.898794    0.0162192
1999-04-01/00:34:52      183.890      9.44000      12.0100      146.000      5.00862     0.829038    0.0488829
1999-04-01/00:35:12      183.890      10.5900      11.3400      118.000      2.91367     0.469472    0.0449007
1999-04-01/00:35:31      183.890      11.7200      11.6100      117.000      4.65407     0.453991    0.0723754
1999-04-01/00:35:51      183.890      12.8200      11.6200      121.000      3.31091     0.515038    0.0495325
1999-04-01/00:36:11      183.940      13.8900      12.2900      119.000      2.80616     0.484810    0.0428360
1999-04-01/00:36:31      183.980      14.9300      12.4700      108.000      2.72086     0.309017    0.0451637
1999-04-01/00:36:51      183.980      15.9800      12.2200      93.0000      3.71427    0.0523359    0.0647374
1999-04-01/00:37:10      183.940      17.0500      11.9400      93.0000     0.544964    0.0523359   0.00949838
1999-04-01/00:37:31      183.870      18.2000      11.6600      120.000      4.21716     0.500000    0.0637424
1999-04-01/00:37:51      183.880      19.3200      11.9800      123.000      1.76984     0.544639    0.0259061
1999-04-01/00:38:11      183.880      20.3900      12.0700      122.000      2.11743     0.529919    0.0313406
1999-04-01/00:38:31      183.850      21.4900      11.9900      112.000      1.74712     0.374607    0.0282726
1999-04-01/00:38:50      183.830      22.5600      11.9900      119.000      2.87886     0.484810    0.0439458
1999-04-01/00:39:10      183.810      23.6400      11.9800      130.000      3.08779     0.642788    0.0412837
1999-04-01/00:39:30      183.770      24.7100      11.6200      107.000      4.13682     0.292372    0.0690463
1999-04-01/00:39:50      183.750      25.8700      11.6900      125.000      2.35709     0.573576    0.0336991
1999-04-01/00:40:09      183.750      26.9300      11.9000      122.000      1.99687     0.529919    0.0295561
1999-04-01/00:40:29      183.710      28.0000      11.9400      118.000      3.42319     0.469472    0.0527525
1999-04-01/00:40:49      183.690      29.0800      11.9400      117.000      2.18261     0.453991    0.0339418
1999-04-01/00:41:09      183.690      30.1800      11.7600      115.000      2.90088     0.422618    0.0458863
1999-04-01/00:41:28      183.670      31.2700      11.5800      117.000      2.05042     0.453991    0.0318861
1999-04-01/00:41:48      183.640      32.3700      11.6800      118.000      2.52996     0.469472    0.0389875
1999-04-01/00:42:08      183.600      33.4500      11.7800      115.000      3.24076     0.422618    0.0512625
1999-04-01/00:42:28      183.580      34.5100      11.8300      123.000      1.90567     0.544639    0.0278944
1999-04-01/00:42:49      183.590      35.6500      11.9100      128.000      2.84796     0.615661    0.0391691
1999-04-01/00:43:09      183.580      36.7300      11.7500      103.000      2.24958     0.224951    0.0382563
1999-04-01/00:43:28      183.590      37.8600      11.3900      110.000      2.73958     0.342020    0.0449311
1999-04-01/00:43:48      183.580      39.0000      11.3900      122.000      2.40317     0.529919    0.0355699
1999-04-01/00:44:08      183.560      40.1000      11.5000      108.000      2.51776     0.309017    0.0417925
1999-04-01/00:44:28      183.510      41.2200      11.4600      112.000      1.74712     0.374607    0.0282726
1999-04-01/00:44:48      183.450      42.3100      11.4500      113.000      1.25657     0.390731    0.0201879
1999-04-01/00:45:07      183.420      43.4300      11.4800      120.000      2.53734     0.500000    0.0383519
1999-04-01/00:45:27      183.400      44.5300      11.6700      127.000      3.45851     0.601815    0.0482075
1999-04-01/00:45:47      183.380      45.6100      11.6900      114.000      1.44377     0.406737    0.0230200
1999-04-01/00:46:07      183.380      46.7400      11.5600      115.000      2.26287     0.422618    0.0357942
1999-04-01/00:46:26      183.440      47.8300      11.5200      118.000      2.71868     0.469472    0.0418958
1999-04-01/00:46:46      183.470      48.9100      11.3200      115.000      1.86319     0.422618    0.0294720
1999-04-01/00:47:06      183.450      50.0200      11.1300      121.000      2.86288     0.515038    0.0428298
1999-04-01/00:47:26      183.380      51.1400      11.0800      116.000      3.56278     0.438371    0.0558890
1999-04-01/00:47:46      183.280      52.2100      11.0900      103.000      2.08650     0.224951    0.0354829
1999-04-01/00:48:06      183.210      53.3900      10.8300      121.000      2.63036     0.515038    0.0393512
1999-04-01/00:48:26      183.140      54.5600      10.8300      123.000      1.43834     0.544639    0.0210538
1999-04-01/00:48:46      183.120      55.6700      11.1500      120.000      2.61527     0.500000    0.0395298
1999-04-01/00:49:06      183.090      56.7400      11.2200      114.000      1.76200     0.406737    0.0280940
1999-04-01/00:49:25      183.050      57.8400      11.1300      114.000      1.38339     0.406737    0.0220573
1999-04-01/00:49:45      183.030      58.9500      11.1300      117.000      3.27689     0.453991    0.0509589
1999-04-01/00:50:05      182.970      60.0900      11.1200      121.000      2.42035     0.515038    0.0362094
1999-04-01/00:50:25      182.930      61.1900      11.1400      123.000      1.66979     0.544639    0.0244417
1999-04-01/00:50:44      182.880      62.2900      10.9800      116.000      2.35343     0.438371    0.0369181
1999-04-01/00:51:04      182.820      63.4900      10.8700      122.000      1.93500     0.529919    0.0286404
1999-04-01/00:51:24      182.800      64.6700      10.8400      117.000      2.18261     0.453991    0.0339418
1999-04-01/00:51:44      182.720      65.8700      11.0500      114.000      1.76200     0.406737    0.0280940
1999-04-01/00:52:04      182.680      67.0500      10.9700      115.000      2.46981     0.422618    0.0390676
1999-04-01/00:52:23      182.520      68.3600      11.0500      114.000      1.51041     0.406737    0.0240825
1999-04-01/00:52:43      182.320      69.5100      11.2100      115.000      2.62014     0.422618    0.0414455
1999-04-01/00:53:03      182.300      70.7800      11.3800      109.000      2.65359     0.325568    0.0437906
1999-04-01/00:53:24      182.210      72.1100      11.6300      133.000      3.01339     0.681998    0.0384645
1999-04-01/00:53:44      182.310      73.3200      11.7200      114.000      2.05132     0.406737    0.0327070
1999-04-01/00:54:04      182.460      74.3900      11.9700      109.000      2.51082     0.325568    0.0414346
1999-04-01/00:54:23      182.550      75.3200      11.7100      109.000      2.41105     0.325568    0.0397881
1999-04-01/00:54:43      182.410      76.4200      11.3700      107.000      2.31438     0.292372    0.0386285
1999-04-01/00:55:03      182.140      77.4700      10.8300      104.000      2.01372     0.241922    0.0341021
1999-04-01/00:55:23      181.960      78.8700      10.3900      105.000      2.24074     0.258819    0.0377757
1999-04-01/00:55:42      181.560      80.3800      10.3100      102.000      1.49575     0.207912    0.0255353
1999-04-01/00:56:02      181.080      81.9900      10.3600      104.000      2.01372     0.241922    0.0341021
1999-04-01/00:56:22      180.520      83.6500      10.4400      109.000      2.90309     0.325568    0.0479080
1999-04-01/01:59:11      189.180     -81.1300      16.8000      110.000      2.65743     0.342020    0.0435838
1999-04-01/01:59:32      188.170     -79.7200      17.0700      120.000      2.81804     0.500000    0.0425947
1999-04-01/01:59:52      188.000     -78.8400      17.3100      111.000      2.37731     0.358368    0.0387360
1999-04-01/02:00:12      188.300     -78.2300      16.6000      113.000      1.16474     0.390731    0.0187125
1999-04-01/02:00:32      187.070     -76.1200      16.1200      123.000      1.83647     0.544639    0.0268814
1999-04-01/02:04:09      185.000     -63.3500      14.9700      131.000      4.89541     0.656059    0.0644832
1999-04-01/02:04:29      184.760     -61.8100      14.1900      132.000      5.05634     0.669131    0.0655824
1999-04-01/02:05:09      184.500     -59.6000      16.5800      131.000      3.73483     0.656059    0.0491958
1999-04-01/02:05:29      184.460     -58.5800      16.0500      129.000      4.96968     0.629321    0.0674075
1999-04-01/02:05:49      184.330     -57.4200      16.4300      120.000      4.12284     0.500000    0.0623167
1999-04-01/02:06:09      184.250     -56.6500      16.4300      124.000      7.22314     0.559193     0.104515
1999-04-01/02:06:28      184.300     -55.6600      13.7800      139.000      7.80653     0.754710    0.0893878
1999-04-01/02:07:08      184.160     -52.9400      16.4500      115.000      3.61512     0.422618    0.0571842
1999-04-01/02:07:28      183.980     -52.1400      16.2000      130.000      4.84274     0.642788    0.0647474
1999-04-01/02:07:48      184.050     -50.7800      15.0000      155.000      8.40761     0.906308    0.0620152
1999-04-01/02:08:07      184.150     -49.6600      16.2300      165.000      9.46980     0.965926    0.0427774
1999-04-01/02:08:27      184.210     -48.5900      15.7600      158.000      9.92794     0.927184    0.0649100
1999-04-01/02:08:47      184.230     -47.4900      16.4500      107.000      6.22387     0.292372     0.103881
1999-04-01/02:09:07      184.170     -46.5800      16.3000      149.000      4.91825     0.857167    0.0442107
1999-04-01/02:09:46      183.980     -44.1800      15.6300      125.000      3.85072     0.573576    0.0550534
1999-04-01/02:10:07      183.970     -43.1100      16.2300      146.000      1.89425     0.829038    0.0184874
1999-04-01/02:10:27      183.930     -42.0900      15.1600      135.000      2.37842     0.707107    0.0293529
1999-04-01/02:10:47      183.840     -40.9500      14.5300      133.000      4.30268     0.681998    0.0549217
1999-04-01/02:11:07      183.810     -39.6900      14.5200      119.000      7.69909     0.484810     0.117527
1999-04-01/02:11:26      183.800     -38.6400      15.4800      132.000      5.60423     0.669131    0.0726887
1999-04-01/02:11:46      183.820     -37.6300      14.5700      140.000      6.15250     0.766045    0.0690234
1999-04-01/02:12:06      183.840     -36.4400      14.5000      157.000      6.92310     0.920505    0.0472124
1999-04-01/02:12:26      183.760     -35.3700      13.9700      157.000      6.92310     0.920505    0.0472124
1999-04-01/02:12:45      183.670     -34.2000      14.4500      144.000      6.72165     0.809017    0.0689560
1999-04-01/02:13:05      183.630     -33.0500      13.8200      148.000      32.7620     0.848048     0.303010
1999-04-01/02:13:25      183.580     -31.9200      16.3700      158.000      5.35408     0.927184    0.0350056
1999-04-01/02:13:45      183.650     -31.0100      15.2900      148.000      3.69041     0.848048    0.0341320
1999-04-01/02:14:24      183.670     -28.4900      17.9800      113.000      17.3017     0.390731     0.277966
1999-04-01/02:14:44      183.640     -27.6100      18.3300      150.000      9.77396     0.866026    0.0852939
1999-04-01/02:15:04      183.660     -26.3700      17.6500      145.000      7.68005     0.819152    0.0768834
1999-04-01/02:15:25      183.450     -25.2400      21.7100      167.000      10.2253     0.974370    0.0401459
1999-04-01/02:15:44      183.300     -24.2500      20.8500      170.000      10.5728     0.984808    0.0320434
1999-04-01/02:16:04      183.340     -23.2000      20.2500      147.000      30.4102     0.838671     0.289071
1999-04-01/02:16:24      183.270     -22.2100      18.1100      165.000      13.9573     0.965926    0.0630485
1999-04-01/02:16:44      183.360     -21.1100      16.1800      145.000      1.80969     0.819152    0.0181164
1999-04-01/02:17:03      183.400     -19.9500      16.5800      115.000      4.24559     0.422618    0.0671570
1999-04-01/02:17:23      183.380     -18.8700      17.3100      122.000      2.66196     0.529919    0.0394003
1999-04-01/02:17:43      183.350     -17.8100      17.7100      153.000      4.73466     0.891007    0.0375157
1999-04-01/02:18:03      183.340     -16.7900      17.3300      128.000      3.30492     0.615661    0.0454538
1999-04-01/02:18:23      183.330     -15.7100      15.2900      127.000      6.92645     0.601815    0.0965465
1999-04-01/02:18:42      183.300     -14.4800      15.9400      144.000      3.21083     0.809017    0.0329392
1999-04-01/02:19:02      183.270     -13.4400      17.9000      136.000      3.14865     0.719340    0.0381745
1999-04-01/02:19:23      183.250     -12.3900      16.9500      134.000      3.04750     0.694658    0.0382609
1999-04-01/02:19:43      183.260     -11.2800      15.5000      132.000      3.42443     0.669131    0.0444160
1999-04-01/02:20:03      183.260     -10.1400      15.8300      112.000      3.28072     0.374607    0.0530900
1999-04-01/02:20:23      183.270     -9.04000      16.2900      115.000      3.24076     0.422618    0.0512625
1999-04-01/02:20:42      183.280     -7.98000      16.9200      126.000      6.84089     0.587785    0.0965934
1999-04-01/02:21:02      183.240     -6.91000      16.3500      153.000      8.45802     0.891007    0.0670182
1999-04-01/02:21:22      183.190     -5.80000      16.1600      127.000      9.34365     0.601815     0.130239
1999-04-01/02:21:42      183.140     -4.74000      16.5200      100.000      3.53087     0.173648    0.0606891
1999-04-01/02:22:01      183.140     -3.68000      15.9200      104.000      3.76712     0.241922    0.0637956
1999-04-01/02:22:21      183.120     -2.55000      15.7000      104.000      5.59382     0.241922    0.0947305
1999-04-01/02:22:41      183.070     -1.45000      16.3600      140.000      6.15250     0.766045    0.0690234
1999-04-01/02:23:01      183.060    -0.370000      16.1500      118.000      6.05586     0.469472    0.0933229
1999-04-01/02:23:20      183.060     0.700000      16.6400      130.000      5.12876     0.642788    0.0685715
1999-04-01/02:23:40      183.030      1.80000      16.2300      134.000      2.23258     0.694658    0.0280297
1999-04-01/02:24:00      183.000      2.92000      16.2900      120.000      3.57647     0.500000    0.0540583
1999-04-01/02:24:20      182.950      4.06000      16.2200      131.000      5.06210     0.656059    0.0666788
1999-04-01/02:24:41      182.820      5.36000      17.5700      159.000      4.33624     0.933580    0.0271219
1999-04-01/02:25:00      182.800      6.29000      24.6800      158.000      2.14209     0.927184    0.0140052
1999-04-01/02:25:20      182.900      7.18000      21.8400      131.000      7.75094     0.656059     0.102097
1999-04-01/02:25:40      182.930      8.31000      18.9400      133.000      4.62152     0.681998    0.0589915
1999-04-01/02:26:00      182.920      9.44000      17.7700      133.000      3.45868     0.681998    0.0441484
1999-04-01/02:26:20      182.890      10.5800      17.7500      123.000      1.71277     0.544639    0.0250708
1999-04-01/02:26:39      182.900      11.6900      17.7000      131.000      3.31843     0.656059    0.0437109
1999-04-01/02:26:59      182.900      12.8100      17.5200      133.000      2.38774     0.681998    0.0304784
1999-04-01/02:27:19      182.900      13.9000      17.8700      114.000      4.53015     0.406737    0.0722304
1999-04-01/02:27:39      182.890      14.9600      17.8600      109.000      5.14260     0.325568    0.0848653
1999-04-01/02:27:59      182.890      16.0600      17.3900      123.000      2.11018     0.544639    0.0308879
1999-04-01/02:28:18      182.860      17.1500      17.7800      140.000      3.59436     0.766045    0.0403243
1999-04-01/02:28:38      182.820      18.1900      17.9200      140.000      6.92331     0.766045    0.0776709
1999-04-01/02:28:58      182.810      19.2800      17.0800      124.000      1.99801     0.559193    0.0289101
1999-04-01/02:29:18      182.820      20.4000      17.1300      127.000      3.82036     0.601815    0.0532513
1999-04-01/02:29:37      182.800      21.5000      17.3600      119.000      2.55857     0.484810    0.0390565
1999-04-01/02:29:57      182.790      22.5900      17.3800      114.000      2.09785     0.406737    0.0334489
1999-04-01/02:30:17      182.760      23.6900      17.4800      119.000      3.07917     0.484810    0.0470035
1999-04-01/02:30:37      182.720      24.7800      17.4300      131.000      2.94219     0.656059    0.0387550
1999-04-01/02:30:57      182.700      25.8900      17.3700      112.000      1.33425     0.374607    0.0215914
1999-04-01/02:31:17      182.680      27.0600      17.5600      121.000      3.04718     0.515038    0.0455870
1999-04-01/02:31:37      182.660      28.1500      17.7300      126.000      2.78934     0.587785    0.0393855
1999-04-01/02:31:57      182.640      29.2400      17.7000      112.000      1.68015     0.374607    0.0271889
1999-04-01/02:32:17      182.610      30.3600      17.5000      121.000      2.63036     0.515038    0.0393512
1999-04-01/02:32:36      182.580      31.4600      17.5200      111.000      1.80723     0.358368    0.0294471
1999-04-01/02:32:56      182.540      32.5800      17.8500      129.000      4.25829     0.629321    0.0577584
1999-04-01/02:33:16      182.510      33.6300      18.4100      141.000      3.78011     0.777146    0.0415196
1999-04-01/02:33:36      182.530      34.6900      18.2000      117.000      3.27689     0.453991    0.0509589
1999-04-01/02:33:55      182.540      35.8100      17.9700      116.000      3.66487     0.438371    0.0574905
1999-04-01/02:34:15      182.530      36.9300      17.8700      117.000      2.18261     0.453991    0.0339418
1999-04-01/02:34:35      182.500      38.0800      17.7100      116.000      3.23533     0.438371    0.0507524
1999-04-01/02:34:55      182.470      39.2100      17.7200      116.000      3.45764     0.438371    0.0542397
1999-04-01/02:35:15      182.440      40.3500      17.8900      124.000      1.47084     0.559193    0.0212822
1999-04-01/02:35:34      182.380      41.4700      18.3600      111.000      1.80723     0.358368    0.0294471
1999-04-01/02:35:54      182.320      42.5600      18.7000      113.000      1.46827     0.390731    0.0235890
1999-04-01/02:36:14      182.270      43.6900      18.8000      112.000      1.52115     0.374607    0.0246159
1999-04-01/02:36:35      182.230      44.8700      19.1000      106.000      3.07495     0.275637    0.0515890
1999-04-01/02:36:55      182.190      45.9900      19.1900      103.000      2.89847     0.224951    0.0492913
1999-04-01/02:37:14      182.140      47.1300      19.2200      105.000      2.96037     0.258819    0.0499077
1999-04-01/02:37:34      182.120      48.2800      19.2900      114.000      2.00852     0.406737    0.0320246
1999-04-01/04:15:10      182.110      2.77000      14.9900      150.000      4.58858     0.866026    0.0400429
1999-04-01/04:15:30      182.070      3.92000      15.1700      126.000      3.07954     0.587785    0.0434831
1999-04-01/04:15:49      182.010      5.06000      17.5900      151.000      5.15647     0.874620    0.0436316
1999-04-01/04:16:09      182.120      6.00000      21.4600      156.000      1.63872     0.913545    0.0116331
1999-04-01/04:16:29      182.160      6.94000      19.4400      142.000      5.76805     0.788011    0.0619795
1999-04-01/04:16:49      182.130      8.05000      16.5600      132.000      2.98051     0.669131    0.0386582
1999-04-01/04:17:08      182.070      9.18000      15.7000      132.000      2.60335     0.669131    0.0337663
1999-04-01/04:17:28      182.030      10.3000      15.3600      118.000      3.42319     0.469472    0.0527525
1999-04-01/04:17:48      182.000      11.4000      14.9900      124.000      1.77427     0.559193    0.0256727
1999-04-01/04:18:08      181.970      12.5100      14.6900      121.000      3.67335     0.515038    0.0549548
1999-04-01/04:18:29      181.970      13.6700      14.8100      124.000      2.07314     0.559193    0.0299972
1999-04-01/04:18:48      181.960      14.7500      15.1600      113.000      1.92248     0.390731    0.0308863
1999-04-01/04:19:08      181.950      15.8300      14.8400      122.000      3.03619     0.529919    0.0449393
1999-04-01/04:19:28      181.920      16.9400      15.1700      136.000      2.18785     0.719340    0.0265257
1999-04-01/04:19:48      181.890      17.9900      15.3900      118.000      2.91367     0.469472    0.0449007
1999-04-01/04:20:07      181.840      19.0400      15.2300      121.000      2.80403     0.515038    0.0419494
1999-04-01/04:20:27      181.820      20.1400      14.4800      120.000      4.33929     0.500000    0.0655884
1999-04-01/04:20:47      181.800      21.2600      14.4000      120.000      3.44536     0.500000    0.0520766
1999-04-01/04:21:07      181.770      22.3300      14.5500      110.000      2.65743     0.342020    0.0435838
1999-04-01/04:21:26      181.740      23.4300      14.6000      120.000      3.24624     0.500000    0.0490669
1999-04-01/04:21:46      181.710      24.5200      14.7700      118.000      2.04967     0.469472    0.0315861
1999-04-01/04:22:06      181.680      25.6300      14.8000      126.000      2.78934     0.587785    0.0393855
1999-04-01/04:22:26      181.670      26.7400      14.7400      123.000      1.71277     0.544639    0.0250708
1999-04-01/04:22:46      181.650      27.8600      14.9300      114.000      2.85912     0.406737    0.0455869
1999-04-01/04:23:05      181.610      28.9800      15.0900      109.000      4.47027     0.325568    0.0737702
1999-04-01/04:23:25      181.550      30.0800      15.2900      95.0000      2.51147    0.0871559    0.0436666
1999-04-01/04:23:46      181.510      31.2200      15.3600      122.000      3.27587     0.529919    0.0484869
1999-04-01/04:24:06      181.510      32.3500      15.8900      128.000      2.96915     0.615661    0.0408359
1999-04-01/04:24:26      181.510      33.4400      16.3300      114.000      2.85912     0.406737    0.0455869
1999-04-01/04:24:46      181.500      34.5400      16.0000      101.000      2.40509     0.190809    0.0412055
1999-04-01/04:25:05      181.450      35.6300      15.7400      116.000      3.23533     0.438371    0.0507524
1999-04-01/04:25:25      181.420      36.7200      15.6100      98.0000      2.95756     0.139173    0.0511168
1999-04-01/04:25:45      181.390      37.8200      15.5000      110.000      2.78623     0.342020    0.0456962
1999-04-01/04:26:05      181.370      38.9400      15.4900      114.000      2.00852     0.406737    0.0320246
1999-04-01/04:26:24      181.340      40.0400      15.4000      117.000      3.48879     0.453991    0.0542542
1999-04-01/04:26:44      181.320      41.1300      15.5200      116.000      2.47717     0.438371    0.0388592
1999-04-01/04:27:04      181.290      42.2000      15.5800      114.000      2.09785     0.406737    0.0334489
1999-04-01/04:27:24      181.250      43.3000      15.3800      113.000      1.53310     0.390731    0.0246305
1999-04-01/04:27:43      181.210      44.4300      15.3900      112.000      2.03620     0.374607    0.0329506
1999-04-01/04:28:03      181.160      45.5700      15.5800      106.000      3.07495     0.275637    0.0515890
1999-04-01/04:28:23      181.110      46.6700      15.7200      112.000      2.29214     0.374607    0.0370924
1999-04-01/04:28:43      181.100      47.7900      15.5800      120.000      5.88799     0.500000    0.0889969
1999-04-01/04:29:04      181.130      49.0700      15.5900      110.000      3.07254     0.342020    0.0503919
1999-04-01/04:29:23      181.130      50.2200      15.9300      114.000      2.26885     0.406737    0.0361754
1999-04-01/04:29:43      181.090      51.3200      15.7900      113.000      1.69368     0.390731    0.0272104
1999-04-01/04:30:03      181.050      52.3800      15.8700      110.000      2.83141     0.342020    0.0464372
1999-04-01/04:30:23      180.980      53.4900      15.8600      114.000      2.37061     0.406737    0.0377979
1999-04-01/04:30:43      180.870      54.6200      15.6300      111.000      2.43529     0.358368    0.0396807
1999-04-01/04:31:02      180.860      55.7800      15.5100      112.000      1.86436     0.374607    0.0301698
1999-04-01/04:31:22      180.860      56.9100      15.5200      108.000      2.25162     0.309017    0.0373748
1999-04-01/04:31:42      180.830      57.9700      15.3200      101.000      1.71735     0.190809    0.0294227
1999-04-01/04:32:02      180.770      59.1600      15.3200      100.000      1.69625     0.173648    0.0291554
1999-04-01/04:32:21      180.660      60.3800      15.2300      106.000      2.45874     0.275637    0.0412507
1999-04-01/04:32:41      180.550      61.5600      15.2300      99.0000      2.49419     0.156434    0.0429959
1999-04-01/05:43:25      185.210     -76.0100      13.3400      121.000      3.13232     0.515038    0.0468607
1999-04-01/05:43:45      185.470     -75.4900      13.7100      103.000      3.30191     0.224951    0.0561522
1999-04-01/05:44:05      184.650     -73.9000      13.5700      119.000      2.87886     0.484810    0.0439458
1999-04-01/05:44:25      184.580     -72.6800      13.4200      116.000      2.93375     0.438371    0.0460215
1999-04-01/05:44:45      184.300     -70.8500      13.1400      108.000      3.03428     0.309017    0.0503662
1999-04-01/05:45:04      183.840     -68.8100      12.9800      106.000      2.94420     0.275637    0.0493954
1999-04-01/05:45:24      183.510     -67.2200      13.9900      112.000      2.95217     0.374607    0.0477732
1999-04-01/05:45:45      183.370     -66.4200      14.4700      110.000      3.03986     0.342020    0.0498559
1999-04-01/05:46:05      183.200     -65.6300      14.1900      135.000      7.59233     0.707107    0.0936995
1999-04-01/05:46:25      183.310     -64.8100      12.6500      128.000      3.07219     0.615661    0.0422530
1999-04-01/05:46:44      182.910     -62.5600      11.2700      141.000      30.1216     0.777146     0.330847
1999-04-01/05:47:24      182.340     -59.8400      14.6600      149.000      31.4226     0.857167     0.282461
1999-04-01/05:47:44      182.330     -58.9900      14.1300      142.000      4.73577     0.788011    0.0508874
1999-04-01/05:48:04      182.290     -57.8800      13.6400      121.000      5.63168     0.515038    0.0842521
1999-04-01/05:48:23      182.140     -56.8800      13.7500      133.000      3.66805     0.681998    0.0468209
1999-04-01/05:48:43      181.900     -56.2700      12.4900      145.000      30.0488     0.819152     0.300812
1999-04-01/05:49:23      181.730     -53.0000      14.1400      150.000      5.95333     0.866026    0.0519526
1999-04-01/05:49:42      181.820     -52.2100      14.5800      137.000      5.97986     0.731354    0.0711790
1999-04-01/05:50:02      181.830     -51.2900      13.7200      136.000      5.60432     0.719340    0.0679472
1999-04-01/05:50:22      181.980     -50.1600      12.5600      130.000      5.28399     0.642788    0.0706469
1999-04-01/05:50:42      181.940     -49.0000      12.4700      113.000      3.49606     0.390731    0.0561671
1999-04-01/05:51:03      181.880     -47.8300      11.9900      124.000      1.77427     0.559193    0.0256727
1999-04-01/05:51:22      181.700     -46.5700      12.7900      113.000      4.23993     0.390731    0.0681180
1999-04-01/05:51:42      181.670     -45.6300      13.1000      144.000      7.01272     0.809017    0.0719420
1999-04-01/05:52:02      181.730     -44.5200      12.1600      145.000      2.28567     0.819152    0.0228814
1999-04-01/05:52:22      181.720     -43.4100      12.4200      111.000      2.43529     0.358368    0.0396807
1999-04-01/05:52:41      181.670     -42.3200      12.1300      123.000      1.76984     0.544639    0.0259061
1999-04-01/05:53:01      181.620     -41.1900      12.2900      109.000      2.90309     0.325568    0.0479080
1999-04-01/05:53:21      181.610     -40.1000      11.9800      134.000      2.05788     0.694658    0.0258364
1999-04-01/05:54:01      181.540     -37.9500      12.6900      121.000      3.56322     0.515038    0.0533072
1999-04-01/05:54:20      181.500     -36.9200      11.8700      127.000      2.92358     0.601815    0.0407513
1999-04-01/05:54:40      181.380     -35.6800      11.0100      124.000      1.84570     0.559193    0.0267062
1999-04-01/05:55:00      181.360     -34.5200      13.0500      154.000      4.03740     0.898794    0.0308902
1999-04-01/05:55:20      181.480     -33.5400      12.1600      151.000      4.28226     0.874620    0.0362344
1999-04-01/05:55:39      181.650     -32.2800      13.6400      148.000      3.22192     0.848048    0.0297990
1999-04-01/05:55:59      181.560     -31.4800      13.1800      152.000      8.90213     0.882948    0.0729425
1999-04-01/05:56:20      181.480     -30.6100      9.07000      153.000      32.8278     0.891007     0.260115
1999-04-01/05:57:00      181.580     -27.9500      11.8800      170.000      45.0000     0.984808     0.136383
1999-04-01/05:57:20      181.240     -27.1900      10.4400      167.000      21.3262     0.974370    0.0837295
1999-04-01/05:57:59      181.100     -24.4600      12.1200      172.000      45.0000     0.990268     0.109306
1999-04-01/05:58:19      181.170     -23.6500      18.4300      164.000      45.0000     0.961262     0.216485
1999-04-01/05:58:39      181.490     -22.8600      14.3100      168.000      12.6508     0.978148    0.0459065
1999-04-01/05:58:58      181.720     -21.9300      10.5100      165.000      3.67370     0.965926    0.0165950
1999-04-01/05:59:38      181.350     -19.2500      8.39000      121.000      3.90478     0.515038    0.0584170
1999-04-01/05:59:58      181.390     -18.3600      7.98000      123.000      4.58978     0.544639    0.0671832
1999-04-01/06:00:17      181.330     -17.2600      7.90000      158.000      42.4920     0.927184     0.277818
1999-04-01/06:00:37      181.460     -16.3000      11.6100      165.000      5.41156     0.965926    0.0244453
1999-04-01/06:00:57      181.820     -15.4200      9.74000      141.000      3.78011     0.777146    0.0415196
1999-04-01/06:01:17      181.640     -13.9300      8.74000      165.000      2.55029     0.965926    0.0115203
1999-04-01/06:01:38      181.380     -12.8400      10.6900      168.000      1.05902     0.978148   0.00384291
1999-04-01/06:01:57      181.250     -11.9400      10.8300      166.000      2.83291     0.970296    0.0119615
1999-04-01/06:02:17      181.160     -10.9600      9.40000      172.000      45.0000     0.990268     0.109306
1999-04-01/06:02:37      181.150     -9.82000      10.4300      97.0000      8.02002     0.121869     0.138932
1999-04-01/06:02:57      181.230     -8.79000      11.8900      170.000      14.1216     0.984808    0.0427988
1999-04-01/06:03:16      181.240     -7.70000      11.7400      138.000      8.26807     0.743145    0.0965589
1999-04-01/06:03:36      181.210     -6.61000      11.4800      137.000      3.23584     0.731354    0.0385166
1999-04-01/06:04:16      181.030     -4.40000      11.7200      140.000      9.17525     0.766045     0.102935
1999-04-01/06:05:35      180.790   -0.0900000      12.1100      95.0000      5.29387    0.0871559    0.0920439
1999-04-01/06:05:55      180.930      1.10000      11.9300      133.000      2.81077     0.681998    0.0358782
1999-04-01/06:06:14      180.920      2.32000      11.9200      118.000      4.45736     0.469472    0.0686894
1999-04-01/06:06:34      180.900      3.58000      12.3300      135.000      4.49516     0.707107    0.0554763
1999-04-01/06:06:55      180.930      4.74000      15.0800      131.000      8.82231     0.656059     0.116209
1999-04-01/06:07:15      181.020      5.71000      14.9700      136.000      4.01277     0.719340    0.0486511
1999-04-01/06:07:55      181.000      7.84000      12.4900      126.000      6.55871     0.587785    0.0926090
1999-04-01/06:08:14      180.940      8.97000      12.1800      124.000      5.87619     0.559193    0.0850251
1999-04-01/06:08:34      180.870      10.0800      12.5200      131.000      25.9298     0.656059     0.341552
1999-04-01/06:08:54      180.820      11.1900      12.7800      106.000      3.23908     0.275637    0.0543426
1999-04-01/06:09:14      180.780      12.2600      13.0300      138.000      4.22890     0.743145    0.0493873
1999-04-01/06:09:33      180.760      13.3200      13.0200      124.000      3.18371     0.559193    0.0460665
1999-04-01/06:09:53      180.770      14.4200      12.9300      92.0000      2.25777    0.0348995    0.0393815
1999-04-01/06:10:33      180.730      16.6400      13.1400      114.000      2.97444     0.406737    0.0474256
1999-04-01/06:10:52      180.720      17.7000      13.3700      109.000      3.28169     0.325568    0.0541558
1999-04-01/06:11:12      180.710      18.7800      13.6500      126.000      3.78039     0.587785    0.0533791
1999-04-01/06:11:32      180.670      19.8400      13.5700      113.000      3.00172     0.390731    0.0482252
1999-04-01/06:11:52      180.670      20.9600      13.3700      114.000      2.46245     0.406737    0.0392622
1999-04-01/06:12:13      180.660      22.1100      13.4100      118.000      2.81502     0.469472    0.0433804
1999-04-01/06:12:32      180.640      23.2000      13.5900      123.000      2.04324     0.544639    0.0299081
1999-04-01/06:12:52      180.630      24.2800      13.6000      122.000      2.14938     0.529919    0.0318135
1999-04-01/06:13:12      180.610      25.3700      13.5200      120.000      2.87450     0.500000    0.0434480
1999-04-01/06:13:32      180.580      26.4600      13.3500      112.000      1.52115     0.374607    0.0246159
1999-04-01/06:13:51      180.540      27.5700      13.4500      123.000      2.17132     0.544639    0.0317828
1999-04-01/06:14:11      180.500      28.6300      13.6700      131.000      4.20512     0.656059    0.0553905
1999-04-01/06:14:31      180.470      29.6900      14.0400      142.000      3.79876     0.788011    0.0408189
1999-04-01/06:14:51      180.480      30.6800      13.8000      112.000      1.86436     0.374607    0.0301698
1999-04-01/06:15:11      180.500      31.8100      13.2400      119.000      5.88945     0.484810    0.0899024
1999-04-01/06:15:30      180.490      32.9200      13.3700      111.000      2.01220     0.358368    0.0327869
1999-04-01/06:15:50      180.470      34.0500      13.2900      116.000      2.47717     0.438371    0.0388592
1999-04-01/06:16:10      180.450      35.1400      13.2300      115.000      2.90088     0.422618    0.0458863
1999-04-01/06:16:30      180.410      36.2400      13.2000      117.000      2.31939     0.453991    0.0360688
1999-04-01/06:16:49      180.380      37.3300      13.1600      117.000      2.58715     0.453991    0.0402328
1999-04-01/06:17:09      180.350      38.4200      13.1200      117.000      2.58715     0.453991    0.0402328
1999-04-01/06:17:30      180.310      39.5800      13.1800      114.000      1.58638     0.406737    0.0252938
1999-04-01/06:17:50      180.310      40.6800      13.1400      126.000      2.54888     0.587785    0.0359902
1999-04-01/06:18:10      180.320      41.7600      13.1600      126.000      3.00177     0.587785    0.0423850
1999-04-01/06:18:30      180.280      42.8400      13.0700      121.000      3.18689     0.515038    0.0476771
1999-04-01/06:18:49      180.220      43.9400      13.3400      115.000      3.34448     0.422618    0.0529032
1999-04-01/06:19:09      180.160      45.1500      14.1200      122.000      2.19844     0.529919    0.0325396
1999-04-01/06:19:29      180.130      46.2900      14.3900      119.000      2.80616     0.484810    0.0428360
1999-04-01/06:19:49      180.110      47.4000      13.8100      109.000      3.18880     0.325568    0.0526229
1999-04-01/06:20:08      180.120      48.6100      13.0000      118.000      2.91367     0.469472    0.0449007
1999-04-01/06:20:28      180.090      49.7500      13.0200      116.000      2.85385     0.438371    0.0447681
1999-04-01/06:20:48      180.050      50.7900      12.9400      113.000      1.64092     0.390731    0.0263628
1999-04-01/06:21:08      180.050      51.8400      12.8900      116.000      2.93375     0.438371    0.0460215
1999-04-01/06:21:27      179.990      52.9100      13.1100      114.000      2.05132     0.406737    0.0327070
1999-04-01/06:21:47      179.850      53.9200      13.3600      109.000      2.51082     0.325568    0.0414346
1999-04-01/06:22:07      179.820      55.0400      13.0300      117.000      2.45583     0.453991    0.0381906
1999-04-01/06:22:27      179.820      56.2100      13.0200      114.000      1.94222     0.406737    0.0309675
1999-04-01/06:22:48      179.820      57.4000      13.0200      113.000      1.64092     0.390731    0.0263628
1999-04-01/06:23:07      179.770      58.5400      13.0300      117.000      2.81654     0.453991    0.0438000
1999-04-01/06:23:27      179.690      59.6500      13.0000      120.000      3.05288     0.500000    0.0461443
1999-04-01/06:23:47      179.600      60.7800      13.1900      117.000      2.70413     0.453991    0.0420519
1999-04-01/06:24:07      179.520      61.8500      13.1200      110.000      2.45938     0.342020    0.0403356
1999-04-01/06:24:27      179.510      63.0000      12.8600      111.000      2.01220     0.358368    0.0327869
1999-04-01/06:24:46      179.500      64.2400      12.9000      114.000      2.37061     0.406737    0.0377979
1999-04-01/06:25:06      179.400      65.4200      13.0000      118.000      3.91119     0.469472    0.0602728
1999-04-01/06:25:26      179.380      66.5600      12.9000      123.000      1.97618     0.544639    0.0289265
1999-04-01/06:25:46      179.300      67.8000      13.1100      112.000      1.74712     0.374607    0.0282726
1999-04-01/06:26:05      179.320      68.7900      13.2100      115.000      2.69276     0.422618    0.0425942
1999-04-01/06:26:25      179.340      70.0200      13.1400      116.000      3.01723     0.438371    0.0473310
1999-04-01/06:26:45      179.380      71.3100      13.1800      116.000      3.34944     0.438371    0.0525424
1999-04-01/06:27:05      179.120      72.6000      13.2800      111.000      2.09106     0.358368    0.0340718
1999-04-01/06:27:25      178.810      74.0900      13.2100      107.000      2.72835     0.292372    0.0455380
1999-04-01/06:27:44      178.880      75.4800      13.1500      107.000      2.89541     0.292372    0.0483263
1999-04-01/06:28:05      178.600      76.8200      12.9800      105.000      2.24074     0.258819    0.0377757
1999-04-01/06:28:25      178.230      77.9600      13.1800      104.000      2.74456     0.241922    0.0464787
1999-04-01/06:28:45      177.670      79.2200      13.3100      107.000      2.80513     0.292372    0.0468195
1999-04-01/06:29:05      177.280      80.8200      13.4600      97.0000      2.50016     0.121869    0.0433108
1999-04-01/20:38:14      173.620     -58.0500      9.22000      49.0000      6.73825     0.656059    0.0887574
1999-04-01/20:38:34      173.080     -55.0800      10.5200      36.0000      34.4662     0.809017     0.353581
1999-04-01/20:38:53      172.820     -54.9600      12.3200      46.0000      26.9050     0.694658     0.337788
1999-04-01/20:39:13      172.620     -54.1900      10.5700      16.0000      22.3182     0.961262     0.107368
1999-04-01/20:39:33      173.000     -52.7200      11.2500      82.0000      8.02002     0.139173     0.138614
1999-04-01/20:39:53      173.070     -52.8000      11.2100      33.0000      28.3908     0.838671     0.269876
1999-04-01/20:40:12      173.450     -51.8600      10.2800      20.0000      45.0000     0.939693     0.268622
1999-04-01/20:40:32      173.630     -50.3300      9.78000      34.0000      8.42524     0.829038    0.0822283
1999-04-01/20:40:52      173.300     -48.7500      10.2100      77.0000      2.75810     0.224951    0.0469042
1999-04-01/20:41:12      173.070     -47.5100      9.12000      84.0000      26.2134     0.104528     0.455004
1999-04-01/20:42:11      173.230     -43.8500      13.5300      31.0000      14.5178     0.857167     0.130502
1999-04-01/20:42:31      173.100     -42.6400      9.12000      22.0000      37.7804     0.927184     0.247013
1999-04-01/20:43:11      172.810     -39.9300      12.0200      12.0000      45.0000     0.978148     0.163293
1999-04-01/20:43:31      172.980     -38.6400      10.7900      14.0000      26.3262     0.970296     0.111158
1999-04-01/20:43:51      173.010     -37.3400      13.6000      14.0000      45.0000     0.970296     0.190005
1999-04-01/20:44:50      173.600     -34.8700      13.1200      15.0000      11.3016     0.965926    0.0510521
1999-04-01/20:45:30      173.410     -32.2800      8.17000      9.00000      45.0000     0.987688     0.122863
1999-04-01/20:46:09      173.100     -30.0100      10.7600      30.0000      31.4226     0.866025     0.274214
1999-04-01/20:47:09      172.950     -26.5000      17.8700      13.0000      45.0000     0.974370     0.176676
1999-04-01/20:47:29      171.480     -27.9000      11.3200      79.0000      4.17527     0.190809    0.0715333
1999-04-01/20:47:48      172.910     -24.1000      6.83000      9.00000      20.2623     0.987688    0.0553221
1999-04-01/20:50:28      173.420     -15.7900      11.0100      35.0000      7.97632     0.819152    0.0798493
1999-04-01/20:50:47      173.390     -14.3500      11.5800      43.0000      24.0070     0.731354     0.285758
1999-04-01/20:51:07      173.110     -13.4000      12.6000      22.0000      18.8835     0.927184     0.123463
1999-04-01/20:52:08      172.870     -10.7100      10.2300      31.0000      11.0676     0.857167    0.0994879
1999-04-01/20:52:28      172.890     -9.33000      8.85000      67.0000      5.51131     0.390731    0.0885438
1999-04-01/20:53:47      172.660     -4.85000      10.0700      81.0000      5.49410     0.156434    0.0947096
1999-04-01/20:54:07      172.670     -3.75000      9.95000      68.0000      3.93253     0.374607    0.0636378
1999-04-01/20:54:26      172.680     -2.67000      9.91000      72.0000      8.16995     0.309017     0.135614
1999-04-01/20:54:46      172.660     -1.59000      9.31000      67.0000      2.95217     0.390731    0.0474291
1999-04-01/20:55:06      172.600    -0.460000      8.95000      57.0000      3.33634     0.544639    0.0488359
1999-04-01/20:55:45      172.490      1.81000      10.0100      83.0000      4.25510     0.121869    0.0737119
1999-04-01/20:56:45      172.530      4.98000      9.89000      80.0000      5.39066     0.173648    0.0926554
1999-04-01/20:57:25      172.400      7.35000      9.88000      84.0000      5.29387     0.104528    0.0918893
1999-04-01/20:58:05      172.380      9.33000      10.9500      48.0000      9.41900     0.669131     0.122167
1999-04-01/20:58:25      172.390      10.4200      10.3100      38.0000      7.95020     0.788011    0.0854275
1999-04-01/20:58:44      172.370      11.5200      9.80000      62.0000      5.09721     0.469472    0.0785498
1999-04-01/20:59:04      172.330      12.6400      9.82000      56.0000      4.07612     0.559193    0.0589792
1999-04-01/20:59:24      172.310      13.7400      9.92000      51.0000      8.87976     0.629320     0.120443
1999-04-01/20:59:44      172.300      14.8200      10.0000      78.0000      4.33435     0.207912    0.0739956
1999-04-01/21:00:03      172.300      15.8900      9.86000      74.0000      6.81736     0.275637     0.114376
1999-04-01/21:00:23      172.270      16.9800      9.93000      57.0000      3.27587     0.544639    0.0479508
1999-04-01/21:00:43      172.250      18.0500      9.98000      53.0000      5.55124     0.601815    0.0773777
1999-04-01/21:01:03      172.220      19.1400      9.88000      70.0000      4.13709     0.342020    0.0678513
1999-04-01/21:01:23      172.200      20.2200      10.0300      66.0000      2.79642     0.406737    0.0445872
1999-04-01/21:01:42      172.170      21.3100      10.1800      85.0000      11.2737    0.0871558     0.196014
1999-04-01/21:02:22      172.130      23.4700      10.2300      74.0000      5.02431     0.275637    0.0842938
1999-04-01/21:02:43      172.110      24.6100      10.2200      59.0000      4.56678     0.515038    0.0683208
1999-04-01/21:03:03      172.080      25.6900      10.0400      65.0000      2.54404     0.422618    0.0402418
1999-04-01/21:03:22      172.070      26.8000      10.0100      51.0000      8.87976     0.629320     0.120443
1999-04-01/21:03:42      172.050      27.9000      10.0900      40.0000      8.21298     0.766044    0.0921395
1999-04-01/21:04:02      172.040      28.9800      10.3000      41.0000      7.48664     0.754710    0.0857249
1999-04-01/21:04:22      172.010      30.0600      10.4700      45.0000      7.61342     0.707107    0.0939598
1999-04-01/21:04:42      172.000      31.1500      10.4300      54.0000      3.16559     0.587785    0.0446982
1999-04-01/21:05:21      171.940      33.3900      10.2700      38.0000      30.1216     0.788011     0.323666
1999-04-01/21:05:41      171.900      34.4400      10.6900      53.0000      7.40466     0.601815     0.103212
1999-04-01/21:06:01      171.860      35.5300      10.6100      77.0000      4.15178     0.224951    0.0706050
1999-04-01/21:06:20      171.820      36.6300      10.8100      78.0000      3.63733     0.207912    0.0620961
1999-04-01/21:06:40      171.810      37.6900      10.7800      84.0000      5.25308     0.104528    0.0911813
1999-04-01/21:07:00      171.780      38.8000      10.5800      81.0000      5.00329     0.156434    0.0862488
1999-04-01/21:07:20      171.730      39.9100      10.8400      48.0000      25.9298     0.669131     0.336318
1999-04-01/21:07:40      171.720      40.9600      10.9500      77.0000      6.19681     0.224951     0.105383
1999-04-01/21:08:00      171.680      42.1200      10.8900      56.0000      23.1802     0.559193     0.335404
1999-04-01/21:08:20      171.650      43.2000      11.0600      47.0000      24.7334     0.681998     0.315710
1999-04-01/21:09:00      171.570      45.4300      10.9400      61.0000      7.28891     0.484810     0.111265
1999-04-01/21:09:19      171.540      46.5000      11.1600      55.0000      6.29588     0.573576    0.0900116
1999-04-01/21:09:39      171.510      47.6000      11.1600      50.0000      9.46366     0.642788     0.126529
1999-04-01/21:09:59      171.500      48.7100      11.1800      45.0000      5.43402     0.707107    0.0670631
1999-04-01/21:10:19      171.460      49.8100      11.1900      70.0000      3.56289     0.342020    0.0584340
1999-04-01/21:10:38      171.400      50.9000      11.2200      58.0000      3.90478     0.529919    0.0577956
1999-04-01/21:10:58      171.360      52.0000      11.2700      60.0000      5.18222     0.500000    0.0783292
1999-04-01/21:11:18      171.320      53.0900      11.3000      76.0000      3.43504     0.241922    0.0581719
1999-04-01/21:11:38      171.290      54.1800      11.1800      47.0000      7.76444     0.681998    0.0991094
1999-04-01/21:12:17      171.130      56.4600      10.7300      46.0000      10.8293     0.694658     0.135960
1999-04-01/21:12:37      171.050      57.5600      11.3100      61.0000      10.9034     0.484810     0.166440
1999-04-01/21:13:18      171.020      59.7100      11.3100      85.0000      26.9820    0.0871558     0.469133
1999-04-01/21:13:38      170.970      60.8300      11.2100      81.0000      26.9132     0.156434     0.463941
1999-04-01/21:13:58      170.890      61.9600      11.3300      83.0000      19.9121     0.121869     0.344942
1999-04-01/21:14:17      170.780      63.0600      11.3800      80.0000      24.3528     0.173648     0.418579
1999-04-01/21:14:57      170.550      65.1900      11.6900      15.0000      45.0000     0.965926     0.203276
1999-04-01/21:15:17      170.550      66.2300      11.5900      74.0000      9.12153     0.275637     0.153034
1999-04-01/21:15:37      170.490      67.3800      11.3100      80.0000      5.91275     0.173648     0.101629
1999-04-01/21:15:56      170.460      68.4900      11.4200      83.0000      5.03888     0.121869    0.0872895
1999-04-01/21:16:16      170.420      69.5600      11.4400      70.0000      3.56289     0.342020    0.0584340
1999-04-01/21:16:36      170.280      70.7100      11.2000      65.0000      4.32846     0.422618    0.0684678
1999-04-01/21:16:56      170.080      71.8600      11.1600      59.0000      5.62883     0.515038    0.0842095
1999-04-01/21:17:15      169.860      73.0100      11.1800      57.0000      5.61617     0.544639    0.0822070
1999-04-01/21:17:35      169.680      74.1400      11.2400      54.0000      5.26571     0.587785    0.0743519
1999-04-01/21:17:55      169.510      75.2600      11.2300      60.0000      3.85064     0.500000    0.0582024
1999-04-01/21:18:15      169.310      76.4000      11.2600      66.0000      3.00172     0.406737    0.0478606
1999-04-01/21:18:35      169.030      77.6200      11.2300      65.0000      4.94227     0.422618    0.0781771
1999-04-01/21:18:55      168.710      78.7600      11.2900      68.0000      3.72656     0.374607    0.0603047
1999-04-01/21:19:15      168.510      79.8600      11.3900      56.0000      7.02375     0.559193     0.101630
1999-04-01/21:19:35      168.150      80.9300      11.3400      69.0000      3.03986     0.358368    0.0495316
1999-04-01/21:19:55      167.630      82.0400      11.2500      71.0000      5.83238     0.325568    0.0962483
1999-04-01/21:20:14      166.840      83.1900      11.2500      73.0000      4.47458     0.292372    0.0746837
1999-04-01/21:20:34      165.750      84.3800      11.2300      82.0000      3.76633     0.139173    0.0650951
1999-04-01/21:20:54      163.860      85.5900      11.2600      88.0000      1.96914    0.0348994    0.0343470
1999-04-01/21:21:13      160.780      86.7100      11.3000      87.0000      2.62428    0.0523359    0.0457396
1999-04-01/21:22:12      62.9100      89.2800      11.1400      71.0000      2.85097     0.325568    0.0470479
1999-04-01/21:22:32      10.6100      88.0300      10.8200      68.0000      2.32941     0.374607    0.0376955
1999-04-01/21:22:52      207.170      85.8100      11.3600      75.0000      2.26526     0.258819    0.0381891
1999-04-01/21:23:12     0.600000      85.3100      11.8100      72.0000      3.00550     0.309017    0.0498885
1999-04-02/00:57:51      169.680      66.6200      9.63000      67.0000      1.74712     0.390731    0.0280690
1999-04-02/00:58:12      169.690      67.8800      9.24000      68.0000      2.43529     0.374607    0.0394089
1999-04-02/00:58:32      169.660      68.9800      9.07000      70.0000      2.75142     0.342020    0.0451253
1999-04-02/00:58:52      169.560      70.1100      8.82000      64.0000      2.78826     0.438371    0.0437392
1999-04-02/00:59:12      169.450      71.1900      8.59000      70.0000      2.83748     0.342020    0.0465367
1999-04-02/00:59:31      169.310      72.3000      8.27000      68.0000      1.71930     0.374607    0.0278224
1999-04-02/00:59:51      168.580      73.4200      8.79000      69.0000      2.05488     0.358368    0.0334823
1999-04-02/01:00:11      168.220      74.6000      8.75000      69.0000      2.88719     0.358368    0.0470440
1999-04-02/01:00:31      167.130      75.6100      8.65000      72.0000      1.99452     0.309017    0.0331072
1999-04-02/01:00:50      166.450      76.6500      9.00000      67.0000      1.47353     0.390731    0.0236735
1999-04-02/01:01:10      165.560      77.7200      9.34000      67.0000      1.42458     0.390731    0.0228871
1999-04-02/01:09:45      352.160      73.5800      7.29000      76.0000      1.57584     0.241922    0.0266866
1999-04-02/01:10:04      351.140      71.7300      7.31000      70.0000      2.46527     0.342020    0.0404322
1999-04-02/01:10:24      349.330      69.7100      7.01000      75.0000      2.26526     0.258819    0.0381891
1999-04-02/01:10:44      349.910      69.5500      6.98000      72.0000      2.56265     0.309017    0.0425376
1999-04-02/01:11:04      350.780      69.6900      6.60000      66.0000      1.92248     0.406737    0.0306527
1999-04-02/01:11:23      351.000      69.3500      6.51000      73.0000      2.18013     0.292372    0.0363878
1999-04-02/01:11:43      351.110      68.5800      6.34000      82.0000      3.05153     0.139173    0.0527409
1999-04-02/01:12:03      351.410      67.8000      5.80000      73.0000      4.47458     0.292372    0.0746837
1999-04-02/01:12:23      351.730      66.7600      5.16000      68.0000      2.76042     0.374607    0.0446703
1999-04-02/01:12:43      352.150      65.6400      4.60000      63.0000      4.03187     0.453990    0.0626996
1999-04-02/01:14:02      350.670      60.2800      4.98000      59.0000      2.46330     0.515038    0.0368519
1999-04-02/01:14:22      350.370      58.7800      6.62000      75.0000      2.01372     0.258819    0.0339485
1999-04-02/01:14:42      351.030      58.4800      6.36000      86.0000      2.17456    0.0697565    0.0378608
1999-04-02/01:39:51      349.510     -18.5900      9.65000      105.000      3.48493     0.258819    0.0587510
1999-04-02/01:40:11      349.940     -21.1600      9.22000      99.0000      2.70037     0.156434    0.0465501
1999-04-02/01:40:30      349.570     -23.0500      7.75000      111.000      3.42468     0.358368    0.0558019
1999-04-02/01:40:50      349.420     -24.1100      8.36000      125.000      2.63929     0.573576    0.0377337
1999-04-02/01:41:30      349.640     -26.0200      8.25000      125.000      6.02549     0.573576    0.0861458
1999-04-02/01:41:49      349.780     -27.3400      8.14000      92.0000      4.65757    0.0348995    0.0812404
1999-04-02/01:42:09      349.920     -28.5800      8.42000      117.000      3.38384     0.453991    0.0526221
1999-04-02/01:42:29      349.920     -29.7400      8.07000      135.000      4.07264     0.707107    0.0502618
1999-04-02/01:43:08      349.740     -32.2200      7.66000      95.0000      4.16876    0.0871559    0.0724817
1999-04-02/01:43:28      349.780     -33.3800      7.14000      123.000      2.27303     0.544639    0.0332716
1999-04-02/01:43:48      349.850     -34.4700      8.23000      130.000      6.28058     0.642788    0.0839713
1999-04-02/01:44:08      349.820     -35.4000      8.32000      120.000      3.44536     0.500000    0.0520766
1999-04-02/01:44:29      349.590     -36.5400      7.08000      133.000      4.09574     0.681998    0.0522802
1999-04-02/01:44:49      349.470     -37.5300      5.81000      129.000      9.04690     0.629321     0.122710
1999-04-02/01:45:48      349.600     -41.2700      6.47000      140.000      14.3563     0.766045     0.161060
1999-04-02/01:46:08      349.340     -42.1900      7.72000      128.000      5.42834     0.615661    0.0746580
1999-04-02/01:46:28      349.150     -43.2400      7.90000      119.000      3.17715     0.484810    0.0484992
1999-04-02/01:46:47      349.060     -44.3500      7.70000      132.000      3.84916     0.669131    0.0499249
1999-04-02/01:47:07      348.940     -45.4300      7.32000      133.000      3.28870     0.681998    0.0419787
1999-04-02/01:47:27      348.820     -46.5800      7.46000      140.000      6.92331     0.766045    0.0776709
1999-04-02/01:48:07      348.860     -49.1700      7.73000      126.000      6.99875     0.587785    0.0988224
1999-04-02/01:48:26      348.960     -50.3500      8.94000      110.000      3.07254     0.342020    0.0503919
1999-04-02/01:48:46      349.030     -51.3100      9.41000      100.000      4.17527     0.173648    0.0717651
1999-04-02/01:49:06      348.900     -52.1800      10.1600      154.000      8.22773     0.898794    0.0629505
1999-04-02/01:49:26      348.710     -53.0900      9.50000      99.0000      4.06312     0.156434    0.0700417
1999-04-02/01:50:06      348.570     -55.2400      8.70000      110.000      3.82218     0.342020    0.0626865
1999-04-02/01:50:26      348.590     -56.3500      9.02000      106.000      2.84991     0.275637    0.0478135
1999-04-02/01:50:46      348.450     -57.5100      9.33000      120.000      3.05288     0.500000    0.0461443
1999-04-02/01:51:05      348.400     -58.6700      9.86000      122.000      3.27587     0.529919    0.0484869
1999-04-02/01:51:25      348.400     -59.7600      10.1000      134.000      2.49403     0.694658    0.0313122
1999-04-02/01:51:45      348.440     -60.7800      9.83000      92.0000      2.25777    0.0348995    0.0393815
1999-04-02/01:52:05      348.490     -61.9000      9.05000      105.000      3.75271     0.258819    0.0632654
1999-04-02/01:52:25      348.550     -63.0000      8.67000      100.000      3.77737     0.173648    0.0649260
1999-04-02/01:52:44      348.690     -64.1400      8.77000      121.000      6.79686     0.515038     0.101684
1999-04-02/01:53:04      348.780     -65.2000      9.19000      110.000      3.03986     0.342020    0.0498559
1999-04-02/01:53:24      348.590     -66.3100      9.45000      120.000      21.9826     0.500000     0.332267
1999-04-02/01:53:44      348.290     -67.3700      9.80000      91.0000      2.01692    0.0174525    0.0351965
1999-04-02/01:54:03      348.110     -68.6400      9.65000      106.000      3.37382     0.275637    0.0566032
1999-04-02/01:54:23      348.120     -69.7000      9.60000      104.000      2.98416     0.241922    0.0505363
1999-04-02/01:54:43      348.370     -70.7600      8.83000      93.0000      2.62598    0.0523359    0.0457692
1999-04-02/01:55:04      348.050     -71.8800      9.46000      126.000      4.83331     0.587785    0.0682464
1999-04-02/01:55:24      347.690     -73.0700      9.93000      102.000      2.08461     0.207912    0.0355882
1999-04-02/01:55:44      347.460     -74.2500      9.84000      99.0000      3.16593     0.156434    0.0545756
1999-04-02/01:56:23      347.800     -76.8400      9.70000      116.000      3.77145     0.438371    0.0591624
1999-04-02/01:56:43      347.710     -77.7700      10.0100      100.000      3.10054     0.173648    0.0532925
1999-04-02/01:57:03      347.830     -78.9100      9.40000      128.000      7.77639     0.615661     0.106952
1999-04-02/01:57:23      348.300     -80.1200      9.75000      127.000      3.04156     0.601815    0.0423958
1999-04-02/01:57:42      347.750     -81.2700      10.0600      121.000      2.75133     0.515038    0.0411610
1999-04-02/01:58:02      346.850     -82.0300      10.5300      114.000      2.26885     0.406737    0.0361754
1999-04-02/01:58:22      347.030     -83.0300      9.41000      114.000      2.85912     0.406737    0.0455869
1999-04-02/01:59:21      345.840     -86.7800      9.56000      128.000      6.86438     0.615661    0.0944084
1999-04-02/02:50:18      167.700      70.7900      8.18000      79.0000      1.69625     0.190809    0.0290612
1999-04-02/02:50:38      167.850      71.8700      8.20000      71.0000      1.95945     0.325568    0.0323357
1999-04-02/02:50:58      168.150      72.9300      8.50000      70.0000      2.46527     0.342020    0.0404322
1999-04-02/02:51:17      168.270      74.0200      8.57000      68.0000      1.86614     0.374607    0.0301986
1999-04-02/02:51:37      168.020      75.0900      9.08000      67.0000      1.56737     0.390731    0.0251811
1999-04-02/02:51:58      167.960      76.3600      9.67000      70.0000      2.34075     0.342020    0.0383900
1999-04-02/02:52:18      167.880      77.6000      9.79000      67.0000      1.42458     0.390731    0.0228871
1999-04-02/02:52:38      167.610      78.7800      9.71000      66.0000      1.53310     0.406737    0.0244443
1999-04-02/02:52:58      167.290      79.9000      9.49000      49.0000      3.52345     0.656059    0.0464115
1999-04-02/02:53:17      167.030      80.8400      9.41000      67.0000      1.47353     0.390731    0.0236735
1999-04-02/02:53:37      167.110      81.8600      9.26000      66.0000      1.53310     0.406737    0.0244443
1999-04-02/02:53:57      167.290      82.9000      8.87000      67.0000      1.52115     0.390731    0.0244386
1999-04-02/02:54:17      167.620      84.0000      8.66000      66.0000      1.53310     0.406737    0.0244443
1999-04-02/02:54:35      167.440      85.0200      8.41000      67.0000      1.74712     0.390731    0.0280690
1999-04-02/02:54:55      168.290      86.0300      8.11000      64.0000      2.90088     0.438371    0.0455059
1999-04-02/02:55:15      166.750      87.2700      8.26000      66.0000      1.87336     0.406737    0.0298696
1999-04-02/02:55:35      161.410      88.5100      8.94000      67.0000      1.81141     0.390731    0.0291018
1999-04-02/02:55:55      125.780      89.7600      8.78000      64.0000      2.26287     0.438371    0.0354975
1999-04-02/02:56:14      344.600      88.4400      8.49000      62.0000      2.18261     0.469472    0.0336348
1999-04-02/02:56:34      345.370      87.2700      9.12000      67.0000      1.47353     0.390731    0.0236735
1999-04-02/02:56:54      346.310      86.6500      9.23000      81.0000      2.47734     0.156434    0.0427054
1999-04-02/02:57:14      347.590      85.7400      9.19000      66.0000      1.69368     0.406737    0.0270047
1999-04-02/02:57:33      347.730      84.6100      9.04000      63.0000      2.47717     0.453990    0.0385225
1999-04-02/02:57:53      348.570      83.5200      9.55000      70.0000      2.90309     0.342020    0.0476128
1999-04-02/02:58:13      348.250      82.4000      9.50000      74.0000      2.34766     0.275637    0.0393871
1999-04-02/02:58:33      346.480      81.2100      8.95000      68.0000      1.71930     0.374607    0.0278224
1999-04-02/02:58:52      348.100      80.1900      9.14000      69.0000      2.27385     0.358368    0.0370502
1999-04-02/02:59:12      348.220      79.0100      8.75000      72.0000      1.43419     0.309017    0.0238062
1999-04-02/02:59:32      347.840      77.8700      8.21000      70.0000      2.16155     0.342020    0.0354510
1999-04-02/02:59:53      348.440      76.8900      7.95000      71.0000      1.81096     0.325568    0.0298852
1999-04-02/03:00:13      349.050      76.2100      7.75000      71.0000      1.95945     0.325568    0.0323357
1999-04-02/03:00:33      349.470      75.3900      7.04000      69.0000      2.27385     0.358368    0.0370502
1999-04-02/03:00:52      349.750      74.5900      6.91000      82.0000      3.05153     0.139173    0.0527409
1999-04-02/03:10:07      351.130      52.8300      7.20000      115.000      2.26287     0.422618    0.0357942
1999-04-02/03:10:27      350.310      49.2100      7.05000      107.000      1.99452     0.292372    0.0332899
1999-04-02/03:10:47      350.110      46.7100      7.65000      95.0000      2.51147    0.0871559    0.0436666
1999-04-02/03:11:06      349.990      45.1100      8.27000      97.0000      2.19406     0.121869    0.0380081
1999-04-02/03:11:47      349.770      42.8500      8.66000      98.0000      2.35942     0.139173    0.0407789
1999-04-02/03:12:07      349.560      42.1900      8.86000      103.000      1.73153     0.224951    0.0294463
1999-04-02/03:13:26      349.340      38.3600      9.89000      97.0000      2.93299     0.121869    0.0508088
1999-04-02/03:13:46      349.440      37.3000      9.82000      101.000      1.82292     0.190809    0.0312314
1999-04-02/03:14:06      349.510      36.3300      9.82000      100.000      2.20742     0.173648    0.0379414
1999-04-02/03:14:25      349.640      35.7500      8.81000      114.000      2.05132     0.406737    0.0327070
1999-04-02/03:14:45      349.610      34.5300      8.04000      107.000      2.19297     0.292372    0.0366021
1999-04-02/03:15:05      349.500      33.2200      7.70000      100.000      1.74092     0.173648    0.0299232
1999-04-02/03:15:25      349.520      31.7400      7.29000      102.000      1.55031     0.207912    0.0264667
1999-04-02/03:16:24      349.600      27.8300      8.44000      103.000      1.89749     0.224951    0.0322687
1999-04-02/03:16:44      349.740      26.5200      8.41000      100.000      1.94149     0.173648    0.0333706
1999-04-02/03:17:05      349.840      25.2400      8.63000      102.000      1.49575     0.207912    0.0255353
1999-04-02/03:17:24      349.890      24.0300      8.69000      97.0000      2.86343     0.121869    0.0496038
1999-04-02/03:17:44      349.790      22.8900      8.58000      92.0000      1.62515    0.0348995    0.0283469
1999-04-02/03:18:04      349.750      21.6700      8.40000      101.000      1.41405     0.190809    0.0242264
1999-04-02/03:18:24      349.660      20.5600      8.41000      103.000      1.73153     0.224951    0.0294463
1999-04-02/03:18:44      349.480      19.3900      8.51000      100.000      2.10644     0.173648    0.0362058
1999-04-02/03:21:42      348.670      9.53000      8.39000      98.0000      2.91341     0.139173    0.0503537
1999-04-02/03:22:01      348.640      8.69000      8.61000      109.000      3.44885     0.325568    0.0569143
1999-04-02/03:22:22      348.670      7.90000      8.61000      112.000      2.22430     0.374607    0.0359945
1999-04-02/03:22:42      348.840      7.08000      8.69000      106.000      2.76827     0.275637    0.0464438
1999-04-02/03:23:02      348.880      6.40000      8.76000      103.000      1.98394     0.224951    0.0337388
1999-04-02/03:30:38      349.270     -21.2900      6.78000      77.0000      1.60103     0.224951    0.0272271
1999-04-02/03:30:58      349.000     -22.6400      5.89000      81.0000      2.71465     0.156434    0.0467963
1999-04-02/03:31:17      348.880     -23.7500      5.53000      80.0000      2.70037     0.173648    0.0464143
1999-04-02/03:31:38      349.030     -24.8000      5.45000      51.0000      8.62271     0.629320     0.116956
1999-04-02/03:31:58      349.130     -25.7700      5.42000      44.0000      7.14918     0.719340    0.0866772
1999-04-02/03:32:18      349.500     -26.8900      5.96000      37.0000      6.51377     0.798635    0.0684184
1999-04-02/03:32:38      349.490     -27.9600      6.90000      62.0000      3.04900     0.469472    0.0469861
1999-04-02/03:32:57      349.510     -29.2300      6.77000      63.0000      3.89243     0.453990    0.0605312
1999-04-02/03:33:17      349.230     -30.5400      6.89000      38.0000      5.47793     0.788011    0.0588621
1999-04-02/03:34:16      348.630     -34.2100      6.28000      77.0000      2.28924     0.224951    0.0389307
1999-04-02/03:34:36      348.380     -36.2300      5.90000      64.0000      2.46981     0.438371    0.0387437
1999-04-02/03:34:56      348.130     -37.5900      6.24000      63.0000      2.25007     0.453990    0.0349908
1999-04-02/03:35:16      348.170     -38.1100      6.54000      59.0000      2.39210     0.515038    0.0357868
1999-04-02/03:35:36      348.510     -39.3100      6.41000      60.0000      3.17715     0.500000    0.0480226
1999-04-02/03:35:55      349.370     -40.6100      7.02000      31.0000      2.73084     0.857167    0.0245478
1999-04-02/03:36:15      349.710     -41.2100      6.69000      32.0000      2.08757     0.848048    0.0193076
1999-04-02/03:36:35      349.680     -40.8200      6.38000      46.0000      5.70103     0.694658    0.0715756
1999-04-02/03:38:15      347.370     -44.4200      4.09000      95.0000      3.40869    0.0871559    0.0592665
1999-04-02/03:38:35      347.360     -45.5100      3.54000      104.000      3.55530     0.241922    0.0602085
1999-04-02/03:38:55      347.130     -46.8700      3.48000      123.000      3.32815     0.544639    0.0487160
1999-04-02/03:39:15      346.990     -48.1500      4.51000      144.000      7.32484     0.809017    0.0751440
1999-04-02/03:39:54      346.990     -50.4800      6.37000      95.0000      3.40869    0.0871559    0.0592665
1999-04-02/03:40:14      347.160     -51.5800      6.16000      119.000      3.07917     0.484810    0.0470035
1999-04-02/03:40:34      347.480     -52.5300      6.24000      114.000      2.63779     0.406737    0.0420579
1999-04-02/03:40:53      347.690     -53.4700      6.33000      140.000      6.63463     0.766045    0.0744323
1999-04-02/03:41:13      347.790     -54.4600      6.36000      111.000      5.07297     0.358368    0.0826592
1999-04-02/03:41:53      347.800     -56.7800      6.48000      108.000      2.61726     0.309017    0.0434441
1999-04-02/03:42:13      347.700     -58.2300      6.14000      130.000      2.95564     0.642788    0.0395169
1999-04-02/03:42:33      347.530     -59.4400      7.48000      147.000      2.50985     0.838671    0.0238580
1999-04-02/03:42:53      347.440     -60.5000      7.87000      142.000      3.59207     0.788011    0.0385979
1999-04-02/03:43:13      347.600     -61.6700      7.43000      94.0000      3.53395    0.0697566    0.0615288
1999-04-02/03:43:33      347.790     -62.8300      7.57000      92.0000      2.57276    0.0348995    0.0448758
1999-04-02/03:43:52      347.760     -63.8500      8.05000      140.000      4.13557     0.766045    0.0463960
1999-04-02/03:44:12      347.650     -64.9400      7.94000      135.000      2.52047     0.707107    0.0311060
1999-04-02/03:44:32      347.660     -65.9800      7.61000      145.000      2.50573     0.819152    0.0250844
1999-04-02/03:44:52      347.370     -66.8300      7.53000      130.000      5.86415     0.642788    0.0784037
1999-04-02/03:45:11      347.040     -67.8500      7.33000      101.000      1.89705     0.190809    0.0325014
1999-04-02/03:45:31      346.870     -68.8900      7.33000      130.000      4.84274     0.642788    0.0647474
1999-04-02/03:47:10      347.410     -74.7700      7.76000      111.000      3.58961     0.358368    0.0584893
1999-04-02/03:47:31      347.790     -76.2800      7.68000      114.000      4.53015     0.406737    0.0722304
1999-04-02/03:47:51      348.180     -77.7200      7.94000      100.000      5.51226     0.173648    0.0947455
1999-04-02/03:48:11      347.810     -78.9100      7.60000      125.000      7.21738     0.573576     0.103186
1999-04-02/03:48:31      348.340     -80.5800      7.45000      130.000      7.13225     0.642788    0.0953582
1999-04-02/03:48:50      345.490     -82.0500      7.14000      125.000      2.41496     0.573576    0.0345264
1999-04-02/03:49:10      342.280     -82.0500      6.20000      148.000      5.78530     0.848048    0.0535073
1999-04-02/03:49:50      352.780     -83.5700      4.24000      130.000      5.12876     0.642788    0.0685715
1999-04-02/03:50:09      358.040     -85.9300      4.00000      120.000      2.87450     0.500000    0.0434480
1999-04-02/03:50:29      53.3900     -88.6500      5.92000      145.000      2.45175     0.819152    0.0245440
1999-04-02/03:50:49      182.220     -88.2800      7.17000      144.000      2.60633     0.809017    0.0267378
1999-04-02/03:51:09      321.510     -88.4800      7.94000      94.0000      3.87326    0.0697566    0.0674365
1999-04-02/03:51:48      188.480     -87.5300      6.30000      135.000      6.57219     0.707107    0.0811096
1999-04-02/04:51:19      29.8400      82.3300      10.8400      63.0000      2.47717     0.453990    0.0385225
1999-04-02/04:51:39      21.1700      82.1000      10.9800      60.0000      2.80616     0.500000    0.0424151
1999-04-02/04:51:59      7.66000      80.7800      10.6800      65.0000      2.97444     0.422618    0.0470499
1999-04-02/04:52:19      270.510      78.4600      10.5900      69.0000      4.30470     0.358368    0.0701410
1999-04-02/04:52:39      356.430      76.6000      9.98000      66.0000      1.58863     0.406737    0.0253297
1999-04-02/04:52:58      354.820      75.1100      10.0400      62.0000      2.81654     0.469472    0.0434038
1999-04-02/04:53:18      353.080      74.3000      9.98000      66.0000      1.58863     0.406737    0.0253297
1999-04-02/04:53:39      351.450      72.9900      10.2800      77.0000      1.26700     0.224951    0.0215466
1999-04-02/04:53:59      351.600      71.7900      10.3500      83.0000      2.15140     0.121869    0.0372691
1999-04-02/04:54:19      352.160      70.7400      10.1500      82.0000      1.91323     0.139173    0.0330672
1999-04-02/04:54:39      352.190      69.4700      9.99000      85.0000      2.32592    0.0871558    0.0404405
1999-04-02/04:54:58      351.680      68.1200      9.72000      76.0000      1.78707     0.241922    0.0302638
1999-04-02/04:55:18      352.070      66.8000      9.42000      70.0000      2.25531     0.342020    0.0369887
1999-04-02/04:55:38      352.290      65.6200      9.58000      67.0000      1.33425     0.390731    0.0214358
1999-04-02/04:55:58      352.210      64.2100      9.19000      58.0000      2.80403     0.529919    0.0415031
1999-04-02/04:56:17      351.760      62.8700      9.17000      82.0000      2.79514     0.139173    0.0483096
1999-04-02/04:56:37      351.380      61.3500      9.40000      84.0000      2.40810     0.104528    0.0417990
1999-04-02/04:56:57      351.510      60.2600      10.5300      83.0000      1.90998     0.121869    0.0330870
1999-04-02/04:57:17      350.910      59.2000      9.65000      65.0000      1.67200     0.422618    0.0264478
1999-04-02/04:57:36      351.550      57.8200      10.4000      61.0000      2.30775     0.484810    0.0352278
1999-04-02/04:57:56      351.820      56.9400      9.29000      57.0000      2.04105     0.544639    0.0298760
1999-04-02/04:58:16      350.930      55.1900      8.72000      57.0000      2.11743     0.544639    0.0309940
1999-04-02/04:58:36      351.950      53.0800      8.24000      62.0000      4.15842     0.469472    0.0640827
1999-04-02/05:00:55      355.960      52.7700      7.98000      116.000      2.47717     0.438371    0.0388592
1999-04-02/05:01:15      351.870      47.6400      5.68000      112.000      1.56737     0.374607    0.0253638
1999-04-02/05:01:35      352.840      46.3900      4.50000      123.000      1.66979     0.544639    0.0244417
1999-04-02/05:01:54      353.280      48.7500      6.36000      114.000      1.76200     0.406737    0.0280940
1999-04-02/05:02:34      354.880      47.4800      8.72000      110.000      2.94955     0.342020    0.0483748
1999-04-02/05:02:54      352.280      44.8800      8.09000      113.000      1.78538     0.390731    0.0286836
1999-04-02/05:03:14      351.330      42.3000      7.91000      114.000      1.58638     0.406737    0.0252938
1999-04-02/05:03:33      351.150      39.9800      7.63000      115.000      2.36999     0.422618    0.0374886
1999-04-02/05:03:53      351.010      39.3700      6.65000      105.000      2.68027     0.258819    0.0451856
1999-04-02/05:04:14      350.390      38.7400      5.04000      113.000      1.31741     0.390731    0.0211653
1999-04-02/05:04:34      349.760      37.3900      4.98000      117.000      2.45583     0.453991    0.0381906
1999-04-02/05:04:54      349.260      35.6000      5.69000      111.000      2.04548     0.358368    0.0333292
1999-04-02/05:05:53      348.170      31.7400      4.56000      101.000      1.74878     0.190809    0.0299612
1999-04-02/05:06:52      347.340      28.1400      4.93000      92.0000      1.72780    0.0348995    0.0301374
1999-04-02/05:07:12      346.150      26.6000      4.19000      109.000      2.83748     0.325568    0.0468253
1999-04-02/05:07:52      347.600      24.1400      1.99000      92.0000      5.81292    0.0348995     0.101393
1999-04-02/05:08:11      347.450      24.4000      3.30000      108.000      2.85097     0.309017    0.0473234
1999-04-02/05:08:31      347.460      24.3200      3.74000      109.000      2.65359     0.325568    0.0437906
1999-04-02/05:09:32      347.050      20.2900      3.80000      95.0000      2.16665    0.0871559    0.0376713
1999-04-02/05:09:51      346.910      17.9500      2.86000      108.000      2.94697     0.309017    0.0489170
1999-04-02/05:10:11      347.120      16.8600      3.16000      107.000      2.56265     0.292372    0.0427723
1999-04-02/05:10:31      346.840      15.8800      2.85000      100.000      1.94149     0.173648    0.0333706
1999-04-02/05:24:24      346.460     -29.2000      9.23000      137.000      2.65205     0.731354    0.0315677
1999-04-02/05:24:44      346.480     -30.1700      11.1000      113.000      2.30954     0.390731    0.0371047
1999-04-02/05:25:04      346.440     -31.2100      11.2900      127.000      4.27100     0.601815    0.0595327
1999-04-02/05:25:24      346.470     -32.3100      11.1200      123.000      8.21298     0.544639     0.120218
1999-04-02/05:26:24      346.450     -36.2300      10.3600      114.000      2.09785     0.406737    0.0334489
1999-04-02/05:26:43      346.810     -37.2300      11.0100      104.000      2.26526     0.241922    0.0383619
1999-04-02/05:27:03      346.810     -38.1600      10.8700      123.000      2.11018     0.544639    0.0308879
1999-04-02/05:27:23      346.580     -39.1500      11.2600      117.000      2.31939     0.453991    0.0360688
1999-04-02/05:27:43      346.410     -40.3200      11.4200      117.000      2.81654     0.453991    0.0438000
1999-04-02/05:28:03      346.550     -41.6100      11.6100      125.000      2.54251     0.573576    0.0363500
1999-04-02/05:28:22      346.760     -42.6900      11.9000      112.000      1.90709     0.374607    0.0308613
1999-04-02/05:29:02      346.970     -44.6000      10.9100      120.000      5.29080     0.500000    0.0799704
1999-04-02/05:29:23      346.960     -45.7700      11.0700      116.000      4.57356     0.438371    0.0717451
1999-04-02/05:30:03      346.770     -47.9100      10.0900      128.000      10.5578     0.615661     0.145205
1999-04-02/05:30:42      346.700     -50.3700      10.9500      91.0000      1.82906    0.0174525    0.0319183
1999-04-02/05:31:22      346.750     -52.2200      11.0700      111.000      2.66344     0.358368    0.0433982
1999-04-02/05:31:42      346.840     -53.2200      11.3100      142.000      3.32991     0.788011    0.0357809
1999-04-02/05:32:01      346.880     -54.3700      10.5900      106.000      2.84991     0.275637    0.0478135
1999-04-02/05:32:21      346.870     -55.5100      10.9900      111.000      2.47319     0.358368    0.0402983
1999-04-02/05:32:41      346.770     -56.5600      10.8100      94.0000      2.32592    0.0697566    0.0404961
1999-04-02/05:33:40      346.650     -59.8700      11.3700      155.000      4.39440     0.906308    0.0324135
1999-04-02/05:34:00      346.720     -60.7700      11.7600      144.000      7.64877     0.809017    0.0784671
1999-04-02/05:35:20      346.750     -65.8800      10.2100      141.000      30.1216     0.777146     0.330847
1999-04-02/05:35:40      346.670     -66.9200      10.9500      96.0000      3.64446     0.104529    0.0632594
1999-04-02/05:36:00      346.550     -67.9800      11.2700      115.000      4.36896     0.422618    0.0691084
1999-04-02/05:36:39      346.080     -70.0900      11.0200      115.000      3.88985     0.422618    0.0615299
1999-04-02/05:36:59      346.030     -71.1800      10.8700      104.000      3.12045     0.241922    0.0528444
1999-04-02/05:37:19      345.900     -72.5200      11.0200      112.000      1.81141     0.374607    0.0293130
1999-04-02/05:37:38      345.790     -73.8100      11.0400      106.000      2.31977     0.275637    0.0389192
1999-04-02/05:37:58      345.500     -74.8900      11.2000      95.0000      2.71820    0.0871559    0.0472610
1999-04-02/05:38:38      343.720     -78.1100      11.1500      110.000      2.73958     0.342020    0.0449311
1999-04-28/15:39:21      178.300     -70.2300      9.11000      126.000      2.27823     0.587785    0.0321686
1999-04-28/15:39:41      179.360     -68.9500      8.44000      126.000      2.65970     0.587785    0.0375550
1999-04-28/15:40:02      179.920     -67.1000      10.2300      125.000      2.21851     0.573576    0.0317178
1999-04-28/15:40:22      178.880     -66.5700      11.3200      106.000      2.68499     0.275637    0.0450466
1999-04-28/15:40:42      177.460     -66.6100      11.4400      112.000      2.03620     0.374607    0.0329506
1999-04-28/15:41:21      176.840     -64.5000      8.74000      145.000      6.82253     0.819152    0.0682990
1999-04-28/15:42:01      179.530     -59.9700      12.2000      128.000      4.06287     0.615661    0.0558782
1999-04-28/15:42:21      178.870     -59.3500      11.8300      148.000      7.76741     0.848048    0.0718395
1999-04-28/15:42:42      178.660     -58.3100      11.0000      116.000      5.86277     0.438371    0.0919688
1999-04-28/15:43:02      179.010     -56.9500      11.7700      122.000      6.63312     0.529919    0.0981783
1999-04-28/15:43:22      178.690     -56.1300      11.9800      126.000      8.38981     0.587785     0.118464
1999-04-28/15:43:42      179.060     -54.1800      10.5200      144.000      4.70679     0.809017    0.0482860
1999-04-28/15:44:01      179.830     -52.9000      15.6000      160.000      12.3763     0.939693    0.0738788
1999-04-28/15:44:21      179.580     -52.2500      15.4200      165.000      4.33458     0.965926    0.0195803
1999-04-28/15:44:41      179.450     -51.4000      13.9900      146.000      2.89858     0.829038    0.0282894
1999-04-28/15:45:01      179.370     -50.2900      12.4900      147.000      3.04835     0.838671    0.0289768
1999-04-28/15:45:22      179.420     -49.0500      12.3800      117.000      7.07804     0.453991     0.110071
1999-04-28/15:45:42      179.440     -47.8500      11.7900      125.000      2.77985     0.573576    0.0397432
1999-04-28/15:46:02      179.670     -46.5600      12.8200      115.000      4.36896     0.422618    0.0691084
1999-04-28/15:46:22      179.560     -45.6200      13.0200      146.000      3.15429     0.829038    0.0307851
1999-04-28/15:46:41      179.420     -44.5700      12.3800      118.000      6.97891     0.469472     0.107547
1999-04-28/15:47:01      179.500     -43.4000      11.9500      123.000      3.32815     0.544639    0.0487160
1999-04-28/15:47:21      179.480     -42.2200      12.0700      101.000      2.28375     0.190809    0.0391266
1999-04-28/15:47:41      179.480     -41.1700      11.9900      145.000      1.86839     0.819152    0.0187041
1999-04-28/15:48:02      179.430     -39.9600      11.7100      143.000      7.48954     0.798636    0.0786675
1999-04-28/15:48:22      179.460     -38.8600      12.9100      103.000      23.4252     0.224951     0.398368
1999-04-28/15:48:42      179.600     -37.8800      12.3100      147.000      3.29483     0.838671    0.0313198
1999-04-28/15:49:02      179.580     -36.7100      11.7500      137.000      2.65205     0.731354    0.0315677
1999-04-28/15:49:21      179.660     -35.4600      12.2500      97.0000      3.54206     0.121869    0.0613598
1999-04-28/15:49:41      179.740     -34.4400      14.2800      148.000      3.22192     0.848048    0.0297990
1999-04-28/15:50:01      179.650     -33.7000      12.3900      149.000      3.79393     0.857167    0.0341041
1999-04-28/15:50:42      179.290     -31.1200      11.4400      153.000      13.3885     0.891007     0.106085
1999-04-28/15:51:02      178.640     -30.5300      11.7500      158.000      42.4920     0.927184     0.277818
1999-04-28/15:51:22      178.840     -28.8300      9.30000      167.000      18.1249     0.974370    0.0711608
1999-04-28/15:51:42      179.440     -27.4900      14.0600      169.000      10.4666     0.981627    0.0348563
1999-04-28/15:52:01      179.260     -26.9100      13.0300      164.000      5.44742     0.961262    0.0262063
1999-04-28/15:52:21      179.210     -25.2900      11.4000      145.000      13.1770     0.819152     0.131912
1999-04-28/15:52:41      179.660     -24.3600      16.6500      130.000      5.86415     0.642788    0.0784037
1999-04-28/15:53:01      179.910     -23.7000      15.1800      173.000      27.8524     0.992546    0.0592426
1999-04-28/15:53:22      179.690     -22.5800      10.8300      152.000      38.7864     0.882948     0.317809
1999-04-28/15:53:42      179.450     -21.1800      12.7800      153.000      12.1037     0.891007    0.0959052
1999-04-28/15:54:02      179.370     -20.1900      14.1700      155.000      3.68650     0.906308    0.0271919
1999-04-28/15:54:22      179.340     -19.1300      12.9300      153.000      12.9687     0.891007     0.102759
1999-04-28/15:54:41      179.410     -17.9900      13.5300      158.000      3.16813     0.927184    0.0207136
1999-04-28/15:55:01      179.400     -17.0200      13.4100      147.000      5.90090     0.838671    0.0560924
1999-04-28/15:56:02      179.310     -13.2500      10.9200      149.000      3.51783     0.857167    0.0316222
1999-04-28/15:56:22      179.350     -12.2400      14.1600      144.000      3.41073     0.809017    0.0349899
1999-04-28/15:56:42      179.300     -11.2300      16.9300      150.000      6.61121     0.866026    0.0576937
1999-04-28/15:57:02      179.320     -10.3500      15.2300      153.000      12.9687     0.891007     0.102759
1999-04-28/15:58:01      179.220     -6.85000      12.1100      123.000      2.27303     0.544639    0.0332716
1999-04-28/15:58:21      179.180     -5.81000      12.8200      113.000      4.06747     0.390731    0.0653473
1999-04-28/15:58:42      179.120     -4.70000      12.8600      137.000      2.77105     0.731354    0.0329841
1999-04-28/15:59:02      179.130     -3.60000      13.6500      139.000      3.03712     0.754710    0.0347762
1999-04-28/15:59:22      179.150     -2.47000      13.9500      113.000      1.74178     0.390731    0.0279832
1999-04-28/15:59:42      179.170     -1.38000      14.4400      130.000      4.98111     0.642788    0.0665974
1999-04-28/16:00:01      179.150    -0.360000      14.4900      159.000      4.73594     0.933580    0.0296219
1999-04-28/16:00:21      179.120     0.700000      13.7300      126.000      4.35442     0.587785    0.0614845
1999-04-28/16:00:41      179.100      1.80000      13.2900      105.000      2.46569     0.258819    0.0415680
1999-04-28/16:01:01      179.100      2.92000      12.8300      115.000      2.90088     0.422618    0.0458863
1999-04-28/16:01:22      179.160      4.10000      12.6100      124.000      2.16123     0.559193    0.0312718
1999-04-28/16:01:42      179.240      5.17000      12.0600      137.000      3.99400     0.731354    0.0475410
1999-04-28/16:02:22      179.030      7.34000      11.2300      125.000      3.38424     0.573576    0.0483841
1999-04-28/16:02:41      178.950      8.43000      12.1900      117.000      2.45583     0.453991    0.0381906
1999-04-28/16:03:01      178.900      9.49000      11.7700      117.000      3.71922     0.453991    0.0578376
1999-04-28/16:03:21      178.890      10.6300      12.0600      100.000      1.86391     0.173648    0.0320371
1999-04-28/16:03:41      178.910      11.7000      12.5700      134.000      3.04750     0.694658    0.0382609
1999-04-28/16:04:02      178.860      12.7900      12.7600      114.000      3.93486     0.406737    0.0627389
1999-04-28/16:04:22      178.800      13.9300      12.4500      122.000      2.48027     0.529919    0.0367110
1999-04-28/16:04:42      178.770      15.0700      12.5000      116.000      3.89243     0.438371    0.0610602
1999-04-28/16:05:02      178.760      16.1800      12.4200      117.000      3.48879     0.453991    0.0542542
1999-04-28/16:05:21      178.770      17.2300      12.6700      129.000      3.95825     0.629321    0.0536887
1999-04-28/16:05:41      178.730      18.2800      12.7000      124.000      1.94146     0.559193    0.0280918
1999-04-28/16:06:01      178.720      19.3600      12.6000      108.000      2.88853     0.309017    0.0479469
1999-04-28/16:06:21      178.680      20.4500      12.5100      106.000      4.47458     0.275637    0.0750708
1999-04-28/16:06:42      178.640      21.5800      12.5300      118.000      3.56851     0.469472    0.0549920
1999-04-28/16:07:02      178.600      22.6800      12.6100      117.000      3.85261     0.453991    0.0599119
1999-04-28/16:07:22      178.580      23.7700      12.4400      111.000      2.32941     0.358368    0.0379555
1999-04-28/16:07:42      178.550      24.9100      12.4600      119.000      2.55857     0.484810    0.0390565
1999-04-28/16:08:01      178.490      26.0200      12.6400      121.000      2.56239     0.515038    0.0383344
1999-04-28/16:08:21      178.450      27.1200      13.0700      116.000      6.70074     0.438371     0.105114
1999-04-28/16:08:41      178.480      28.1800      13.1900      103.000      2.32163     0.224951    0.0394816
1999-04-28/16:09:42      178.390      31.5500      12.3400      114.000      2.74282     0.406737    0.0437326
1999-04-28/16:10:02      178.300      32.6800      12.4900      113.000      1.64092     0.390731    0.0263628
1999-04-28/16:10:22      178.230      33.8200      12.5500      113.000      1.46827     0.390731    0.0235890
1999-04-28/16:10:41      178.160      34.9200      12.6400      112.000      1.68015     0.374607    0.0271889
1999-04-28/16:11:01      178.080      36.0500      12.7100      118.000      2.62505     0.469472    0.0404529
1999-04-28/16:11:22      178.010      37.1900      12.7200      117.000      2.31939     0.453991    0.0360688
1999-04-28/16:11:42      177.990      38.3300      12.8700      113.000      1.58863     0.390731    0.0255227
1999-04-28/16:12:02      177.950      39.4700      12.8800      111.000      2.04548     0.358368    0.0333292
1999-04-28/16:12:22      177.840      40.5900      12.6600      116.000      3.56278     0.438371    0.0558890
1999-04-28/16:12:42      177.640      41.8200      12.6600      117.000      3.38384     0.453991    0.0526221
1999-04-28/16:13:02      177.580      42.9400      12.9400      108.000      2.06552     0.309017    0.0342857
1999-04-28/16:13:22      177.510      43.9600      13.0800      114.000      2.05132     0.406737    0.0327070
1999-04-28/16:13:42      177.350      45.0900      13.0000      105.000      2.24074     0.258819    0.0377757
1999-04-28/16:14:02      177.240      46.2100      13.0400      116.000      2.93375     0.438371    0.0460215
1999-04-28/16:14:22      177.140      47.3500      12.7200      116.000      2.15172     0.438371    0.0337538
1999-04-28/16:14:42      176.910      48.6200      12.6500      115.000      2.15278     0.422618    0.0340528
1999-04-28/16:15:02      176.730      49.8600      13.0900      120.000      2.61527     0.500000    0.0395298
1999-04-28/16:15:22      176.770      50.8600      13.2300      105.000      2.85935     0.258819    0.0482046
1999-04-28/16:15:42      176.740      51.9500      13.0600      93.0000      2.17456    0.0523359    0.0379012
1999-04-28/16:16:02      176.610      53.1400      13.1700      106.000      2.45874     0.275637    0.0412507
1999-04-28/16:16:22      176.730      54.1100      13.5600      93.0000      2.21888    0.0523359    0.0386737
1999-04-28/16:16:42      176.560      55.2300      13.1200      110.000      2.88719     0.342020    0.0473520
1999-04-28/16:17:02      176.290      56.5000      13.3300      108.000      2.85097     0.309017    0.0473234
1999-04-28/16:17:22      176.010      57.7100      13.4100      114.000      2.09785     0.406737    0.0334489
1999-04-28/16:17:42      175.740      58.8900      13.5500      111.000      2.16209     0.358368    0.0352292
1999-04-28/16:18:02      175.550      60.0400      13.3300      116.000      2.47717     0.438371    0.0388592
1999-04-28/16:18:22      175.330      61.1700      13.4900      104.000      2.26526     0.241922    0.0383619
1999-04-28/16:18:42      175.250      62.1700      13.4500      116.000      3.89243     0.438371    0.0610602
1999-04-28/16:19:02      174.810      63.3500      13.1000      113.000      2.42089     0.390731    0.0388936
1999-04-28/16:19:22      174.240      64.6900      13.1100      111.000      2.66344     0.358368    0.0433982
1999-04-28/16:19:42      173.900      65.9200      13.1900      99.0000      2.70037     0.156434    0.0465501
1999-04-28/16:20:02      173.370      67.1800      13.1800      95.0000      3.20925    0.0871559    0.0557988
1999-04-28/16:20:42      172.080      69.7300      13.2200      106.000      3.50255     0.275637    0.0587629
1999-04-28/17:33:02      179.230     -60.8000      14.4600      129.000      7.84644     0.629321     0.106427
1999-04-28/17:33:21      179.030     -59.9800      16.8500      111.000      10.3407     0.358368     0.168492
1999-04-28/17:33:41      178.830     -59.1800      16.4500      151.000      37.2472     0.874620     0.315168
1999-04-28/17:34:01      178.760     -58.0200      15.2500      119.000      3.85064     0.484810    0.0587800
1999-04-28/17:34:21      178.680     -56.6200      15.7200      143.000      7.48954     0.798636    0.0786675
1999-04-28/17:34:42      178.320     -55.6600      14.9500      122.000      4.21993     0.529919    0.0624602
1999-04-28/17:35:02      178.900     -53.8700      14.5800      114.000      20.2240     0.406737     0.322459
1999-04-28/17:35:22      179.080     -52.8400      18.4200      146.000      5.71373     0.829038    0.0557646
1999-04-28/17:35:42      178.900     -52.1500      17.7800      147.000      7.53722     0.838671    0.0716469
1999-04-28/17:36:01      178.660     -51.3300      16.1900      159.000      6.40217     0.933580    0.0400437
1999-04-28/17:36:21      178.640     -50.1400      15.3000      143.000      3.15428     0.798636    0.0331315
1999-04-28/17:36:41      178.660     -49.0200      14.7600      121.000      2.94793     0.515038    0.0441022
1999-04-28/17:37:01      178.720     -47.7000      14.3400      119.000      3.07917     0.484810    0.0470035
1999-04-28/17:37:22      178.750     -46.5600      15.0600      150.000      4.06385     0.866026    0.0354638
1999-04-28/17:37:42      178.620     -45.5300      14.9900      115.000      3.75347     0.422618    0.0593726
1999-04-28/17:38:22      178.550     -43.2900      14.0500      133.000      3.45868     0.681998    0.0441484
1999-04-28/17:38:41      178.580     -42.1500      14.6900      112.000      1.90709     0.374607    0.0308613
1999-04-28/17:39:01      178.510     -41.1000      14.0200      136.000      2.50700     0.719340    0.0303951
1999-04-28/17:39:21      178.560     -39.6300      15.2800      164.000      10.6341     0.961262    0.0511583
1999-04-28/17:39:41      178.580     -38.9300      17.4300      169.000      17.1456     0.981627    0.0570990
1999-04-28/17:40:02      178.580     -37.8300      13.3600      169.000      7.03853     0.981627    0.0234400
1999-04-28/17:40:42      178.800     -35.2700      15.1300      133.000      3.66805     0.681998    0.0468209
1999-04-28/17:41:02      178.870     -34.4400      15.5100      158.000      3.96777     0.927184    0.0259417
1999-04-28/17:41:21      178.450     -33.7100      12.7700      168.000      5.16792     0.978148    0.0187530
1999-04-28/17:42:01      178.520     -30.8700      14.1800      145.000      9.13993     0.819152    0.0914980
1999-04-28/17:42:21      178.250     -30.0000      15.2900      150.000      35.6382     0.866026     0.311002
1999-04-28/17:42:42      178.390     -28.8000      9.72000      161.000      45.0000     0.945519     0.255701
1999-04-28/17:43:22      177.850     -26.4600      17.8600      171.000      30.3554     0.987688    0.0828792
1999-04-28/17:43:42      178.350     -25.3100      15.7000      149.000      9.05543     0.857167    0.0814003
1999-04-28/17:44:01      178.490     -24.6100      17.0700      168.000      18.5774     0.978148    0.0674126
1999-04-28/17:44:21      177.980     -24.1300      11.9900      167.000      16.7621     0.974370    0.0658102
1999-04-28/17:45:01      178.540     -20.9100      14.6000      135.000      20.6726     0.707107     0.255128
1999-04-28/17:45:22      178.490     -19.9400      16.0800      173.000      21.3124     0.992546    0.0453319
1999-04-28/17:45:42      178.500     -19.0000      14.4200      144.000      3.21083     0.809017    0.0329392
1999-04-28/17:46:02      178.560     -17.7800      13.6400      121.000      5.39685     0.515038    0.0807390
1999-04-28/17:46:22      178.390     -16.8100      14.1100      168.000      4.55563     0.978148    0.0165312
1999-04-28/17:46:41      178.180     -15.7500      12.4700      149.000      2.83837     0.857167    0.0255144
1999-04-28/17:47:01      178.300     -14.4800      10.8700      156.000      39.3380     0.913545     0.279256
1999-04-28/17:47:41      178.530     -11.9800      14.5200      143.000      3.01788     0.798636    0.0316988
1999-04-28/17:48:02      178.500     -11.0800      15.6100      113.000      7.91410     0.390731     0.127147
1999-04-28/17:48:22      178.310     -10.1100      14.1100      122.000      4.94186     0.529919    0.0731456
1999-04-28/17:48:42      178.140     -9.04000      13.2300      121.000      3.90478     0.515038    0.0584170
1999-04-28/17:49:02      178.050     -7.77000      12.7300      145.000      5.63405     0.819152    0.0564013
1999-04-28/17:49:21      178.200     -6.67000      14.8300      147.000      2.72951     0.838671    0.0259460
1999-04-28/17:49:41      178.240     -5.62000      15.3600      134.000      2.85975     0.694658    0.0359037
1999-04-28/17:50:01      178.260     -4.54000      15.5000      142.000      3.11776     0.788011    0.0335013
1999-04-28/17:50:21      178.270     -3.45000      14.9900      126.000      2.17909     0.587785    0.0307688
1999-04-28/17:50:42      178.270     -2.30000      15.2800      129.000      4.10091     0.629321    0.0556237
1999-04-28/17:51:02      178.280     -1.22000      15.5300      119.000      3.57206     0.484810    0.0545275
1999-04-28/17:51:22      178.260    -0.170000      15.0700      99.0000      2.70037     0.156434    0.0465501
1999-04-28/17:51:42      178.220     0.940000      14.9100      102.000      1.92393     0.207912    0.0328451
1999-04-28/17:52:01      178.210      1.98000      14.9400      130.000      10.4521     0.642788     0.139745
1999-04-28/17:52:21      178.210      3.08000      14.3900      136.000      1.92672     0.719340    0.0233597
1999-04-28/17:52:41      178.210      4.20000      13.6600      136.000      3.14865     0.719340    0.0381745
1999-04-28/17:53:01      178.130      5.32000      13.2600      114.000      2.85912     0.406737    0.0455869
1999-04-28/17:53:22      178.060      6.46000      13.5100      128.000      5.62066     0.615661    0.0773031
1999-04-28/17:53:42      178.030      7.58000      14.1100      122.000      2.19844     0.529919    0.0325396
1999-04-28/17:54:02      178.020      8.64000      14.2300      128.000      3.30492     0.615661    0.0454538
1999-04-28/17:54:22      177.980      9.74000      13.9300      126.000      3.78039     0.587785    0.0533791
1999-04-28/17:54:41      177.950      10.8400      13.9400      124.000      1.77427     0.559193    0.0256727
1999-04-28/17:55:01      177.950      11.9300      14.5700      142.000      3.23603     0.788011    0.0347722
1999-04-28/17:55:21      177.930      12.9900      14.4800      120.000      2.97762     0.500000    0.0450067
1999-04-28/17:55:41      177.910      14.1000      14.3500      116.000      4.57356     0.438371    0.0717451
1999-04-28/17:56:02      177.890      15.2200      14.2700      110.000      2.65743     0.342020    0.0435838
1999-04-28/17:56:22      177.870      16.3300      14.3200      121.000      2.63036     0.515038    0.0393512
1999-04-28/17:56:42      177.850      17.4300      14.5600      132.000      2.60335     0.669131    0.0337663
1999-04-28/17:57:02      177.820      18.5100      14.7200      128.000      5.62066     0.615661    0.0773031
1999-04-28/17:57:21      177.790      19.5700      14.7000      133.000      3.16770     0.681998    0.0404342
1999-04-28/17:57:41      177.780      20.6600      14.5500      120.000      2.92475     0.500000    0.0442076
1999-04-28/17:58:01      177.760      21.7700      14.2900      116.000      3.45764     0.438371    0.0542397
1999-04-28/17:58:21      177.750      22.8800      14.2100      126.000      3.29175     0.587785    0.0464795
1999-04-28/17:58:42      177.710      24.0100      14.1000      124.000      1.50721     0.559193    0.0218085
1999-04-28/17:59:02      177.660      25.1300      14.2900      119.000      2.80616     0.484810    0.0428360
1999-04-28/17:59:22      177.650      26.2300      14.6800      135.000      5.34991     0.707107    0.0660251
1999-04-28/17:59:42      177.670      27.2700      14.6800      115.000      3.88985     0.422618    0.0615299
1999-04-28/18:00:01      177.640      28.3500      13.8400      109.000      3.32780     0.325568    0.0549167
1999-04-28/18:00:21      177.580      29.4900      13.4600      115.000      3.24076     0.422618    0.0512625
1999-04-28/18:00:41      177.540      30.6100      13.4900      116.000      2.93375     0.438371    0.0460215
1999-04-28/18:01:01      177.500      31.7100      13.5700      126.000      3.62091     0.587785    0.0511273
1999-04-28/18:01:22      177.480      32.8500      13.5200      127.000      2.53994     0.601815    0.0354038
1999-04-28/18:01:42      177.440      33.9600      13.5700      117.000      2.81654     0.453991    0.0438000
1999-04-28/18:02:02      177.390      35.0700      13.5300      117.000      2.31939     0.453991    0.0360688
1999-04-28/18:02:22      177.340      36.1800      13.5500      116.000      3.12038     0.438371    0.0489491
1999-04-28/18:02:41      177.310      37.2600      13.4600      109.000      3.11900     0.325568    0.0514710
1999-04-28/18:03:01      177.270      38.3700      13.3700      124.000      1.68852     0.559193    0.0244319
1999-04-28/18:03:21      177.210      39.4700      13.4100      121.000      2.35910     0.515038    0.0352931
1999-04-28/18:03:41      177.130      40.6000      13.3800      121.000      2.69424     0.515038    0.0403069
1999-04-28/18:04:02      177.070      41.7700      13.4900      118.000      2.42354     0.469472    0.0373476
1999-04-28/18:04:22      177.070      42.8700      13.6400      122.000      2.11743     0.529919    0.0313406
1999-04-28/18:04:42      177.000      43.9700      13.6500      121.000      2.63036     0.515038    0.0393512
1999-04-28/18:05:02      176.930      45.0800      13.7000      118.000      2.81502     0.469472    0.0433804
1999-04-28/18:05:21      176.850      46.1900      13.7100      125.000      1.71507     0.573576    0.0245202
1999-04-28/18:05:41      176.760      47.3000      13.8000      124.000      1.32967     0.559193    0.0192396
1999-04-28/18:06:01      176.660      48.4200      13.7800      120.000      2.46330     0.500000    0.0372328
1999-04-28/18:06:21      176.630      49.5400      14.0100      123.000      1.56129     0.544639    0.0228535
1999-04-28/18:06:42      176.610      50.6200      14.0200      113.000      1.92248     0.390731    0.0308863
1999-04-28/18:07:02      176.510      51.7800      13.7600      121.000      6.79686     0.515038     0.101684
1999-04-28/18:07:22      176.440      52.9700      13.7700      130.000      2.86654     0.642788    0.0383256
1999-04-28/18:07:42      176.430      54.0600      13.7400      121.000      2.56239     0.515038    0.0383344
1999-04-28/18:08:01      176.280      55.1600      13.5500      120.000      2.92475     0.500000    0.0442076
1999-04-28/18:08:21      176.150      56.3000      13.6600      117.000      2.70413     0.453991    0.0420519
1999-04-28/18:08:41      175.990      57.4800      13.7100      123.000      1.59085     0.544639    0.0232862
1999-04-28/18:09:01      175.860      58.6200      13.7300      117.000      3.04900     0.453991    0.0474150
1999-04-28/18:09:22      175.710      59.8000      13.7500      122.000      2.09344     0.529919    0.0309855
1999-04-28/18:09:42      175.560      60.9600      13.8700      115.000      2.69276     0.422618    0.0425942
1999-04-28/18:10:02      175.430      61.9800      13.8300      121.000      2.75133     0.515038    0.0411610
1999-04-28/18:10:22      175.110      63.2700      13.6900      116.000      2.47717     0.438371    0.0388592
1999-04-28/18:10:41      174.920      64.4300      13.7600      116.000      3.01723     0.438371    0.0473310
1999-04-28/18:11:01      174.670      65.6600      13.7100      112.000      1.74712     0.374607    0.0282726
1999-04-28/18:11:21      174.450      66.8500      13.7800      113.000      1.74178     0.390731    0.0279832
1999-04-28/18:11:41      174.170      68.1100      13.7300      115.000      2.46981     0.422618    0.0390676
1999-04-28/18:12:02      173.820      69.4000      13.6100      112.000      2.29214     0.374607    0.0370924
1999-04-28/18:12:22      173.220      70.7300      13.5400      117.000      2.93155     0.453991    0.0455885
1999-04-28/18:12:42      172.660      72.0800      13.5700      108.000      2.42687     0.309017    0.0402838
1999-04-28/18:13:02      172.120      73.2400      13.8400      108.000      2.34566     0.309017    0.0389358
1999-04-28/18:13:21      171.040      74.4900      13.8000      110.000      2.20291     0.342020    0.0361293
1999-04-28/18:13:41      169.670      75.9400      13.8600      112.000      1.37735     0.374607    0.0222888
1999-04-28/18:14:01      168.280      77.3000      13.8700      112.000      1.29069     0.374607    0.0208865
1999-04-28/18:14:21      166.510      78.5400      13.8200      108.000      2.25162     0.309017    0.0373748
1999-04-28/18:14:42      163.170      80.0400      13.5100      106.000      2.18013     0.275637    0.0365764
1999-04-28/18:21:00      226.460      87.5100      13.1600      76.0000      1.65840     0.241922    0.0280848
1999-04-28/18:21:21      288.510      88.4100      12.9500      78.0000      1.32042     0.207912    0.0225421
1999-04-28/18:21:41      336.100      87.0100      12.6800      66.0000      2.42089     0.406737    0.0385996
1999-04-28/18:22:01      348.970      85.2600      12.7600      68.0000      2.01220     0.374607    0.0325623
1999-04-28/18:22:21      350.470      84.2400      12.6200      76.0000      1.73153     0.241922    0.0293232
1999-04-28/18:23:20      356.890      79.7500      12.5300      86.0000      2.26419    0.0697565    0.0394213
1999-04-28/18:23:40      356.550      78.6200      12.5800      82.0000      3.56556     0.139173    0.0616251
1999-04-28/18:24:01      357.110      77.0800      12.5700      78.0000      1.89705     0.207912    0.0323862
1999-04-28/18:24:21      357.500      75.9600      12.6300      89.0000      1.15647    0.0174524    0.0201811
1999-04-28/18:24:41      357.500      74.8200      12.3200      75.0000      2.56031     0.258819    0.0431632
1999-04-28/18:25:01      357.530      73.6700      12.3600      86.0000      2.62598    0.0697565    0.0457203
1999-04-28/18:27:21      358.120      65.3900      12.3500      88.0000      1.37634    0.0348994    0.0240070
1999-04-28/18:27:41      358.170      64.2700      12.1900      74.0000      1.91034     0.275637    0.0320501
1999-04-28/18:28:00      358.280      63.2000      12.1700      80.0000      2.49419     0.173648    0.0428705
1999-04-28/18:28:20      358.250      62.1000      12.0500      71.0000      3.35424     0.325568    0.0553531
1999-04-28/18:30:40      358.250      54.1100      12.3800      81.0000      2.63167     0.156434    0.0453658
1999-04-28/18:31:00      358.280      53.0400      12.2700      70.0000      3.23959     0.342020    0.0531316
1999-04-28/18:31:40      358.290      50.8200      12.3000      80.0000      2.78112     0.173648    0.0478023
1999-04-28/18:39:40      358.090      24.2800      12.6500      67.0000      2.22430     0.390731    0.0357352
1999-04-28/18:40:01      358.090      23.2000      12.4900      41.0000      5.43261     0.754710    0.0622055
1999-04-28/18:42:00      358.010      16.5700      12.9100      58.0000      3.81771     0.529919    0.0565068
1999-04-28/18:43:01      357.950      13.2800      12.6300      76.0000      2.99630     0.241922    0.0507419
1999-04-28/18:45:21      357.890      5.63000      13.6500      32.0000      7.03317     0.848048    0.0650486
1999-04-28/18:46:01      357.760      3.48000      12.5800      52.0000      6.09990     0.615661    0.0838943
1999-04-28/18:47:20      357.710    -0.950000      11.4200      43.0000      6.90597     0.731354    0.0822026
1999-04-28/18:48:21      357.660     -4.32000      12.8300      66.0000      3.00172     0.406737    0.0478606
1999-04-28/18:48:41      357.680     -5.40000      13.5200      59.0000      3.34165     0.515038    0.0499924
1999-04-28/18:49:01      357.710     -6.49000      13.5100      67.0000      1.81141     0.390731    0.0291018
1999-04-28/18:49:20      357.730     -7.58000      13.6100      79.0000      2.37992     0.190809    0.0407743
1999-04-28/18:49:40      357.800     -8.57000      13.8500      57.0000      2.56560     0.544639    0.0375541
1999-04-28/18:50:00      357.740     -9.63000      11.8700      33.0000      5.71373     0.838671    0.0543133
1999-04-28/18:51:01      357.660     -13.1700      12.6600      42.0000      3.99400     0.743145    0.0466441
1999-04-28/18:51:21      357.690     -14.2600      13.0700      46.0000      3.16770     0.694658    0.0397700
1999-04-28/18:51:41      357.680     -15.3100      13.1200      58.0000      2.63036     0.529919    0.0389326
1999-04-28/18:52:00      357.580     -16.3200      12.6600      43.0000      2.18785     0.731354    0.0260422
1999-04-28/18:53:00      357.400     -19.6300      12.6400      66.0000      2.30954     0.406737    0.0368242
1999-04-28/18:53:41      357.380     -21.8300      12.2500      54.0000      6.10809     0.587785    0.0862463
1999-04-28/18:54:01      357.310     -22.9500      12.4600      64.0000      3.09391     0.438371    0.0485339
1999-04-28/18:54:21      357.290     -24.0400      12.6500      48.0000      3.18592     0.669131    0.0413224
1999-04-28/18:54:40      357.240     -25.1500      12.3500      47.0000      3.84916     0.681998    0.0491327
1999-04-28/18:55:00      357.210     -26.3400      12.7000      62.0000      4.15842     0.469472    0.0640827
1999-04-28/18:55:20      357.290     -27.4100      13.4100      51.0000      4.06287     0.629320    0.0551078
1999-04-28/18:55:40      357.250     -28.4500      12.9800      78.0000      2.17303     0.207912    0.0370977
1999-04-28/18:56:41      357.220     -31.9700      12.1100      85.0000      2.66392    0.0871558    0.0463173
1999-04-28/18:57:20      357.200     -34.0900      12.3200      86.0000      2.26419    0.0697565    0.0394213
1999-04-28/18:58:41      356.710     -38.4600      11.8600      51.0000      9.41108     0.629320     0.127650
1999-04-28/18:59:01      356.550     -39.6300      11.3700      51.0000      7.77639     0.629320     0.105477
1999-04-28/18:59:21      356.440     -40.8100      11.5400      41.0000      10.9450     0.754710     0.125325
1999-04-28/18:59:41      356.470     -41.9000      11.5400      45.0000      9.29396     0.707107     0.114700
1999-04-28/19:00:00      356.460     -43.0400      11.0200      32.0000      30.4102     0.848048     0.281259
1999-04-28/19:00:20      356.400     -44.3500      12.0200      54.0000      2.54251     0.587785    0.0359003
1999-04-28/19:00:40      356.560     -45.3200      12.9900      64.0000      3.34448     0.438371    0.0524646
1999-04-28/19:01:01      356.560     -46.2300      12.7300      53.0000      3.17024     0.601815    0.0441894
1999-04-28/19:01:21      356.460     -47.4300      12.9600      71.0000      2.94697     0.325568    0.0486321
1999-04-28/19:01:41      356.500     -48.5300      12.6300      85.0000      2.79926    0.0871558    0.0486704
1999-04-28/19:02:41      356.290     -51.9100      12.5200      87.0000      2.25777    0.0523359    0.0393515
1999-04-28/19:03:01      356.210     -53.0300      12.5500      72.0000      3.00550     0.309017    0.0498885
1999-04-28/19:03:21      356.120     -54.1900      12.7200      72.0000      3.22839     0.309017    0.0535883
1999-04-28/19:03:41      356.040     -55.3100      12.8500      82.0000      3.78949     0.139173    0.0654954
1999-04-28/19:04:01      355.930     -56.6200      12.9100      57.0000      2.26089     0.544639    0.0330939
1999-04-28/19:04:21      355.920     -57.4600      13.3400      65.0000      2.26885     0.422618    0.0358888
1999-04-28/19:04:41      355.630     -58.5800      13.0200      67.0000      1.90709     0.390731    0.0306390
1999-04-28/19:05:01      355.330     -59.7900      12.9400      60.0000      4.47089     0.500000    0.0675775
1999-04-28/19:05:20      355.130     -61.0600      12.7000      45.0000      5.00893     0.707107    0.0618169
1999-04-28/19:05:40      355.010     -62.2000      13.1800      58.0000      3.43143     0.529919    0.0507894
1999-04-28/19:06:20      354.710     -64.3300      12.5100      69.0000      3.17304     0.358368    0.0517017
1999-04-28/19:07:01      354.010     -66.8600      12.8700      67.0000      1.94513     0.390731    0.0312501
1999-04-28/19:07:21      353.660     -68.0900      12.8100      77.0000      1.80454     0.224951    0.0306879
1999-04-28/19:18:21      168.720     -83.6900      13.0200      105.000      3.09738     0.258819    0.0522174
1999-04-28/19:18:42      169.910     -82.7900      13.0500      108.000      2.51776     0.309017    0.0417925
1999-04-28/19:19:02      172.800     -81.2300      13.1500      112.000      1.52115     0.374607    0.0246159
1999-04-28/19:19:22      172.070     -80.4300      13.2700      110.000      2.35372     0.342020    0.0386027
1999-04-28/19:20:01      172.420     -78.1100      11.8400      118.000      2.30775     0.469472    0.0355632
1999-04-28/19:20:21      177.010     -74.9300      12.5700      119.000      2.22720     0.484810    0.0339982
1999-04-28/19:20:41      176.930     -73.3300      13.3400      94.0000      2.66392    0.0697566    0.0463809
1999-04-28/19:21:01      176.100     -72.8300      13.4700      105.000      2.76988     0.258819    0.0466963
1999-04-28/19:21:22      175.780     -71.9900      13.1800      116.000      2.85385     0.438371    0.0447681
1999-04-28/19:21:42      176.050     -70.7800      12.9900      121.000      2.24472     0.515038    0.0335819
1999-04-28/19:22:02      176.400     -69.4700      12.5600      119.000      2.55857     0.484810    0.0390565
1999-04-28/19:22:22      177.230     -67.7400      12.2800      123.000      2.11018     0.544639    0.0308879
1999-04-28/19:22:41      177.620     -66.3200      13.2800      116.000      2.47717     0.438371    0.0388592
1999-04-28/19:23:01      177.150     -65.6100      13.9100      103.000      2.08650     0.224951    0.0354829
1999-04-28/19:23:21      176.630     -65.2800      13.4400      139.000      5.16888     0.754710    0.0591857
1999-04-28/19:23:41      175.830     -65.0500      11.8800      150.000      3.46938     0.866026    0.0302760
1999-04-28/19:24:02      177.320     -62.1100      9.57000      141.000      12.7791     0.777146     0.140362
1999-04-28/19:24:42      177.690     -59.3800      14.1800      164.000      7.07424     0.961262    0.0340326
1999-04-28/19:25:02      177.650     -58.5700      13.5600      142.000      5.76805     0.788011    0.0619795
1999-04-28/19:25:21      177.690     -57.1700      11.9300      132.000      2.98051     0.669131    0.0386582
1999-04-28/19:25:41      177.630     -55.8300      13.7400      99.0000      3.45414     0.156434    0.0595439
1999-04-28/19:26:01      177.660     -54.6700      12.9200      138.000      6.51124     0.743145    0.0760417
1999-04-28/19:26:21      177.990     -53.3600      13.7300      154.000      6.65090     0.898794    0.0508862
1999-04-28/19:26:42      178.020     -52.4700      15.7700      157.000      6.92310     0.920505    0.0472124
1999-04-28/19:27:02      177.780     -51.6600      14.7100      157.000      1.60754     0.920505    0.0109627
1999-04-28/19:27:22      177.590     -50.6000      13.8600      132.000      3.27162     0.669131    0.0424340
1999-04-28/19:27:42      177.540     -49.5000      13.3500      120.000      2.92475     0.500000    0.0442076
1999-04-28/19:28:01      177.540     -48.4200      12.5300      135.000      2.66943     0.707107    0.0329443
1999-04-28/19:28:21      177.600     -47.1800      12.6600      117.000      6.12295     0.453991    0.0952180
1999-04-28/19:28:41      177.530     -46.1100      13.3400      126.000      6.84089     0.587785    0.0965934
1999-04-28/19:29:01      177.590     -45.0100      13.5600      116.000      5.66333     0.438371    0.0888402
1999-04-28/19:29:22      177.560     -43.9400      12.9300      137.000      6.08562     0.731354    0.0724378
1999-04-28/19:29:42      177.500     -42.6800      13.1500      145.000      4.44919     0.819152    0.0445399
1999-04-28/19:30:02      177.500     -41.6500      13.5200      127.000      6.09990     0.601815    0.0850254
1999-04-28/19:30:22      177.540     -40.4300      12.4800      132.000      3.16030     0.669131    0.0409901
1999-04-28/19:30:41      177.850     -39.1000      15.1800      156.000      14.7081     0.913545     0.104411
1999-04-28/19:31:01      177.380     -38.6600      14.5700      159.000      2.80537     0.933580    0.0175467
1999-04-28/19:31:21      177.310     -37.2500      12.5600      149.000      5.97464     0.857167    0.0537067
1999-04-28/19:31:41      177.570     -36.0600      13.5400      137.000      2.42132     0.731354    0.0288213
1999-04-28/19:32:02      177.810     -35.2400      13.3600      127.000      6.49897     0.601815    0.0905880
1999-04-28/19:32:42      177.270     -32.6600      12.0500      146.000      28.3908     0.829038     0.277087
1999-04-28/19:33:02      177.370     -31.5200      13.0800      146.000      10.6540     0.829038     0.103980
1999-04-28/19:33:21      177.440     -30.4100      13.1100      173.000      27.8524     0.992546    0.0592426
1999-04-28/19:33:41      177.280     -29.5500      13.6700      102.000      19.1297     0.207912     0.326580
1999-04-28/19:34:21      177.480     -26.6000      21.8100      159.000      2.80537     0.933580    0.0175467
1999-04-28/19:34:42      177.440     -26.0100      23.0900      165.000      3.98887     0.965926    0.0180187
1999-04-28/19:35:02      177.360     -25.0400      17.5500      157.000      3.11443     0.920505    0.0212390
1999-04-28/19:35:22      177.340     -24.0100      17.7600      101.000      2.28375     0.190809    0.0391266
1999-04-28/19:35:42      177.140     -23.0300      15.1100      134.000      8.90229     0.694658     0.111767
1999-04-28/19:36:01      177.250     -21.7500      13.2100      142.000      6.51377     0.788011    0.0699925
1999-04-28/19:36:21      177.390     -20.6300      14.5000      162.000      7.76167     0.951056    0.0418615
1999-04-28/19:36:41      177.480     -19.6200      15.3800      108.000      8.16549     0.309017     0.135540
1999-04-28/19:37:01      177.240     -18.6600      13.5500      154.000      5.41266     0.898794    0.0414124
1999-04-28/19:37:22      177.200     -17.4500      11.7100      152.000      10.0694     0.882948    0.0825069
1999-04-28/19:37:42      177.150     -16.3400      12.7800      126.000      3.91933     0.587785    0.0553410
1999-04-28/19:39:01      177.230     -11.6100      13.4500      151.000      4.50175     0.874620    0.0380917
1999-04-28/19:39:21      177.170     -10.6800      14.9000      154.000      4.88278     0.898794    0.0373582
1999-04-28/19:39:41      177.100     -9.60000      15.0200      160.000      8.39130     0.939693    0.0500908
1999-04-28/19:40:02      177.110     -8.50000      15.5600      146.000      2.27322     0.829038    0.0221861
1999-04-28/19:40:22      177.170     -7.37000      14.7500      114.000      3.09401     0.406737    0.0493321
1999-04-28/19:40:42      177.260     -6.28000      14.7800      157.000      3.30219     0.920505    0.0225194
1999-04-28/19:41:02      177.280     -5.19000      13.7900      148.000      3.69041     0.848048    0.0341320
1999-04-28/19:41:21      177.240     -4.12000      13.3800      120.000      5.62883     0.500000    0.0850797
1999-04-28/19:41:41      177.190     -2.99000      13.4200      133.000      2.51485     0.681998    0.0321009
1999-04-28/19:42:01      177.180     -1.89000      13.4600      131.000      3.05442     0.656059    0.0402333
1999-04-28/19:42:21      177.150    -0.810000      13.6400      112.000      2.03620     0.374607    0.0329506
1999-04-28/19:42:42      177.120     0.300000      13.9900      129.000      3.66249     0.629321    0.0496771
1999-04-28/19:43:02      177.100      1.36000      13.8600      120.000      4.56678     0.500000    0.0690269
1999-04-28/19:43:22      177.060      2.41000      13.0600      147.000      6.63637     0.838671    0.0630836
1999-04-28/19:43:42      176.990      3.54000      11.1600      145.000      8.08267     0.819152    0.0809140
1999-04-28/19:44:01      176.910      4.74000      12.0700      141.000      2.99213     0.777146    0.0328647
1999-04-28/19:44:21      176.940      5.81000      13.4800      127.000      3.04156     0.601815    0.0423958
1999-04-28/19:44:41      176.950      6.88000      13.6400      122.000      1.99687     0.529919    0.0295561
1999-04-28/19:45:01      176.940      7.98000      13.4100      123.000      2.11018     0.544639    0.0308879
1999-04-28/19:45:22      176.900      9.10000      13.6200      128.000      3.30492     0.615661    0.0454538
1999-04-28/19:45:42      176.880      10.2000      13.6300      113.000      1.82806     0.390731    0.0293693
1999-04-28/19:46:02      176.880      11.3200      13.7900      114.000      1.85548     0.406737    0.0295845
1999-04-28/19:46:22      176.880      12.3900      13.9600      121.000      3.23298     0.515038    0.0483666
1999-04-28/19:46:41      176.840      13.4400      13.8400      120.000      2.53734     0.500000    0.0383519
1999-04-28/19:47:01      176.820      14.5400      13.6800      110.000      2.83141     0.342020    0.0464372
1999-04-28/19:47:21      176.790      15.6600      13.6400      114.000      1.38339     0.406737    0.0220573
1999-04-28/19:47:41      176.780      16.7600      13.8700      114.000      2.05132     0.406737    0.0327070
1999-04-28/19:48:02      176.770      17.8800      14.2200      147.000      2.08757     0.838671    0.0198439
1999-04-28/19:48:22      176.770      18.9400      14.2200      135.000      2.24506     0.707107    0.0277071
1999-04-28/19:48:42      176.760      20.0200      13.8900      106.000      3.23908     0.275637    0.0543426
1999-04-28/19:49:02      176.730      21.1200      13.5800      115.000      2.78826     0.422618    0.0441048
1999-04-28/19:49:21      176.690      22.2200      13.3700      118.000      3.30730     0.469472    0.0509666
1999-04-28/19:49:41      176.650      23.3500      13.4100      121.000      2.49214     0.515038    0.0372834
1999-04-28/19:50:01      176.630      24.4500      13.7000      130.000      3.08779     0.642788    0.0412837
1999-04-28/19:50:21      176.640      25.5500      13.9100      108.000      3.72693     0.309017    0.0618636
1999-04-28/19:50:42      176.650      26.6500      13.8100      114.000      2.74282     0.406737    0.0437326
1999-04-28/19:51:02      176.630      27.7400      13.3500      132.000      2.54235     0.669131    0.0329751
1999-04-28/19:51:22      176.560      28.8600      13.3300      123.000      2.04324     0.544639    0.0299081
1999-04-28/19:51:42      176.510      29.9800      13.3900      114.000      2.17026     0.406737    0.0346034
1999-04-28/19:52:01      176.480      31.0600      13.5400      120.000      2.87450     0.500000    0.0434480
1999-04-28/19:52:21      176.440      32.1600      13.5100      117.000      3.04900     0.453991    0.0474150
1999-04-28/19:52:41      176.400      33.2800      13.5300      115.000      2.55251     0.422618    0.0403757
1999-04-28/19:53:01      176.350      34.3900      13.5700      120.000      2.46330     0.500000    0.0372328
1999-04-28/19:53:22      176.300      35.5100      13.6900      114.000      2.00852     0.406737    0.0320246
1999-04-28/19:53:42      176.260      36.6000      13.6300      118.000      2.52996     0.469472    0.0389875
1999-04-28/19:54:02      176.190      37.7200      13.4900      112.000      1.94513     0.374607    0.0314769
1999-04-28/19:54:22      176.160      38.8400      13.6100      116.000      2.15172     0.438371    0.0337538
1999-04-28/19:54:41      176.130      39.9000      13.6800      124.000      1.94146     0.559193    0.0280918
1999-04-28/19:55:01      176.060      41.0100      13.6800      116.000      2.35343     0.438371    0.0369181
1999-04-28/19:55:21      176.020      42.1200      13.7600      122.000      2.48027     0.529919    0.0367110
1999-04-28/19:55:41      175.980      43.2400      13.8900      117.000      2.58715     0.453991    0.0402328
1999-04-28/19:56:02      175.910      44.3600      13.9500      124.000      1.47084     0.559193    0.0212822
1999-04-28/19:56:22      175.840      45.4700      13.9700      123.000      1.76984     0.544639    0.0259061
1999-04-28/19:56:42      175.750      46.5800      14.0600      113.000      1.46827     0.390731    0.0235890
1999-04-28/19:57:02      175.690      47.6900      14.0900      115.000      2.26287     0.422618    0.0357942
1999-04-28/19:57:21      175.630      48.7900      14.1500      112.000      1.42458     0.374607    0.0230531
1999-04-28/19:57:41      175.590      49.9000      14.1100      111.000      2.16209     0.358368    0.0352292
1999-04-28/19:58:01      175.540      51.0000      13.8700      123.000      2.11018     0.544639    0.0308879
1999-04-28/19:58:21      175.390      52.1800      13.6500      117.000      1.91433     0.453991    0.0297697
1999-04-28/19:58:42      175.270      53.3800      13.9600      116.000      2.15172     0.438371    0.0337538
1999-04-28/19:59:02      175.240      54.4500      13.9600      114.000      1.58638     0.406737    0.0252938
1999-04-28/19:59:22      175.130      55.5800      13.8500      117.000      2.70413     0.453991    0.0420519
1999-04-28/19:59:42      174.990      56.7200      13.8500      124.000      1.28191     0.559193    0.0185485
1999-04-28/20:00:01      174.830      57.8400      13.9700      114.000      1.85548     0.406737    0.0295845
1999-04-28/20:00:21      174.680      58.9200      14.0200      119.000      2.34718     0.484810    0.0358297
1999-04-28/20:00:41      174.550      60.0900      13.8800      117.000      3.27689     0.453991    0.0509589
1999-04-28/20:01:01      174.450      61.2200      14.0900      117.000      2.81654     0.453991    0.0438000
1999-04-28/20:01:22      174.280      62.3600      13.7800      119.000      2.55857     0.484810    0.0390565
1999-04-28/20:01:42      173.970      63.5600      13.7900      120.000      2.87450     0.500000    0.0434480
1999-04-28/20:02:02      173.690      64.7900      13.6300      117.000      2.18261     0.453991    0.0339418
1999-04-28/20:02:22      173.450      65.9900      13.7100      117.000      2.81654     0.453991    0.0438000
1999-04-28/20:02:41      173.220      67.1000      13.6900      111.000      1.76109     0.358368    0.0286953
1999-04-28/20:03:01      172.630      68.4800      13.5900      113.000      1.46827     0.390731    0.0235890
1999-04-28/20:03:21      172.210      69.7600      13.5800      115.000      1.86319     0.422618    0.0294720
1999-04-28/20:03:41      171.530      71.0700      13.5400      114.000      1.32543     0.406737    0.0211332
1999-04-28/20:04:02      170.880      72.3800      13.5900      111.000      1.58590     0.358368    0.0258407
1999-04-28/20:04:22      170.280      73.4200      13.7600      111.000      1.86614     0.358368    0.0304070
1999-04-28/20:04:42      169.140      74.6400      13.7300      110.000      2.27385     0.342020    0.0372928
1999-04-28/20:05:02      167.710      76.0100      13.6600      112.000      1.42458     0.374607    0.0230531
1999-04-28/20:05:21      165.880      77.3900      13.6000      112.000      1.52115     0.374607    0.0246159
1999-04-28/20:05:41      164.490      78.5400      13.5100      104.000      1.91551     0.241922    0.0324389
1999-04-28/20:14:21      346.020      83.3300      13.3400      67.0000      1.98706     0.390731    0.0319238
1999-04-28/20:14:40      345.550      82.3300      13.7400      73.0000      2.31977     0.292372    0.0387185
1999-04-28/20:15:00      349.430      80.2100      13.5700      77.0000      1.73073     0.224951    0.0294327
1999-04-28/20:15:20      351.690      78.5000      13.8300      77.0000      1.86721     0.224951    0.0317537
1999-04-28/20:15:40      352.770      77.1300      13.9200      86.0000      2.17456    0.0697565    0.0378608
1999-04-28/20:16:01      353.320      75.7900      13.7800      83.0000      2.64068     0.121869    0.0457450
1999-04-28/20:16:21      354.140      74.4100      13.9000      82.0000      2.93299     0.139173    0.0506922
1999-04-28/20:16:41      354.480      73.2500      13.8000      87.0000      1.72780    0.0523359    0.0301145
1999-04-28/20:17:01      354.840      71.8600      13.7600      78.0000      1.68212     0.207912    0.0287170
1999-04-28/20:17:20      355.310      70.5100      13.7100      85.0000      3.07077    0.0871558    0.0533911
1999-04-28/20:17:40      355.500      69.2000      13.7500      89.0000      1.47703    0.0174524    0.0257751
1999-04-28/20:18:41      356.210      65.5400      14.0400      82.0000      2.58418     0.139173    0.0446635
1999-04-28/20:19:01      356.380      64.4000      14.0400      79.0000      2.08986     0.190809    0.0358048
1999-04-28/20:19:21      356.370      63.3300      13.7000      72.0000      2.72835     0.309017    0.0452881
1999-04-28/20:19:41      356.540      62.1100      13.6000      68.0000      2.41315     0.374607    0.0390506
1999-04-28/21:09:21      136.790     -86.3100      15.0100      97.0000      3.27901     0.121869    0.0568029
1999-04-28/21:10:01      157.420     -83.7600      15.1500      102.000      1.60103     0.207912    0.0273326
1999-04-28/21:10:21      160.760     -82.6100      15.3200      114.000      1.44377     0.406737    0.0230200
1999-04-28/21:11:22      171.200     -77.0900      14.0200      115.000      3.47634     0.422618    0.0549889
1999-04-28/21:13:42      175.800     -67.2600      14.0300      138.000      4.13341     0.743145    0.0482722
1999-04-28/21:14:02      176.090     -65.9800      15.0800      126.000      3.91933     0.587785    0.0553410
1999-04-28/21:14:22      175.680     -65.3500      15.4900      140.000      3.41998     0.766045    0.0383679
1999-04-28/21:14:41      174.810     -64.9300      14.5500      125.000      2.47499     0.573576    0.0353847
1999-04-28/21:15:01      173.900     -64.1700      13.1000      130.000      3.24964     0.642788    0.0434477
1999-04-28/21:15:21      176.020     -61.2400      11.3400      130.000      12.3380     0.642788     0.164959
1999-04-28/21:16:02      176.210     -59.1100      15.8200      110.000      3.67818     0.342020    0.0603248
1999-04-28/21:16:22      175.750     -58.6700      14.0200      157.000      4.71980     0.920505    0.0321869
1999-04-28/21:16:42      176.410     -56.6100      13.2600      135.000      8.96907     0.707107     0.110690
1999-04-28/21:17:02      176.580     -55.5300      15.0300      158.000      4.56529     0.927184    0.0298484
1999-04-28/21:17:21      176.740     -54.3200      13.8400      143.000      10.6223     0.798636     0.111573
1999-04-28/21:17:41      176.870     -53.1200      15.1000      91.0000      2.12954    0.0174525    0.0371618
1999-04-28/21:18:01      176.750     -52.3500      15.9000      154.000      5.41266     0.898794    0.0414124
1999-04-28/21:18:21      176.580     -51.3300      14.7400      148.000      5.78530     0.848048    0.0535073
1999-04-28/21:18:42      176.460     -50.2400      14.5500      137.000      3.23584     0.731354    0.0385166
1999-04-28/21:19:02      176.420     -49.1700      14.1400      118.000      6.39865     0.469472    0.0986054
1999-04-28/21:19:42      176.390     -46.6400      14.1900      148.000      7.20868     0.848048    0.0666719
1999-04-28/21:20:01      176.390     -45.6700      15.2100      141.000      2.99213     0.777146    0.0328647
1999-04-28/21:20:21      176.420     -44.8000      14.2800      156.000      2.16977     0.913545    0.0154030
1999-04-28/21:21:01      176.470     -42.2200      14.5400      135.000      2.11900     0.707107    0.0261513
1999-04-28/21:21:22      176.400     -41.1700      14.5900      126.000      2.54888     0.587785    0.0359902
1999-04-28/21:21:42      176.510     -40.0800      13.7800      126.000      2.90571     0.587785    0.0410286
1999-04-28/21:22:02      176.700     -38.8700      13.9500      151.000      5.30607     0.874620    0.0448974
1999-04-28/21:22:22      176.370     -37.8000      14.8700      143.000      9.09552     0.798636    0.0955362
1999-04-28/21:22:41      176.400     -36.7500      15.4300      149.000      4.28168     0.857167    0.0384885
1999-04-28/21:23:01      176.570     -35.9300      15.4200      141.000      3.60568     0.777146    0.0396037
1999-04-28/21:23:41      176.410     -33.2500      8.56000      146.000      14.1954     0.829038     0.138544
1999-04-28/21:24:02      176.550     -32.1800      12.0000      170.000      18.6737     0.984808    0.0565950
1999-04-28/21:24:22      176.290     -30.9400      12.2300      146.000      6.86422     0.829038    0.0669931
1999-04-28/21:24:42      176.130     -30.0100      15.2200      146.000      7.35282     0.829038    0.0717617
1999-04-28/21:25:02      176.160     -28.9300      13.6000      150.000      17.8191     0.866026     0.155501
1999-04-28/21:25:21      176.570     -27.4900      13.7400      141.000      12.7791     0.777146     0.140362
1999-04-28/21:25:41      176.810     -26.3000      19.6600      164.000      15.4897     0.961262    0.0745175
1999-04-28/21:26:01      176.500     -25.6000      21.2300      149.000      5.57718     0.857167    0.0501339
1999-04-28/21:26:21      176.390     -24.7000      17.8600      148.000      4.59648     0.848048    0.0425121
1999-04-28/21:26:42      176.400     -23.5700      17.4300      158.000      6.02792     0.927184    0.0394112
1999-04-28/21:27:02      176.270     -22.5300      14.1400      151.000      13.4042     0.874620     0.113420
1999-04-28/21:27:22      176.310     -21.2000      15.2900      166.000      14.1331     0.970296    0.0596747
1999-04-28/21:27:42      176.380     -20.3700      15.2800      161.000      12.3217     0.945519    0.0700148
1999-04-28/21:28:41      176.000     -16.7700      14.2900      146.000      8.26028     0.829038    0.0806183
1999-04-28/21:29:01      175.820     -16.0300      15.7800      149.000      5.21590     0.857167    0.0468863
1999-04-28/21:29:22      175.580     -14.8000      14.0000      165.000      10.1430     0.965926    0.0458184
1999-04-28/21:29:42      175.680     -13.5000      14.2600      156.000      3.50170     0.913545    0.0248582
1999-04-28/21:30:02      175.950     -12.3300      15.7500      153.000      4.16386     0.891007    0.0329929
1999-04-28/21:30:22      176.190     -11.2700      16.2900      153.000      4.95870     0.891007    0.0392909
1999-04-28/21:30:41      176.180     -10.2900      16.3200      140.000      4.26135     0.766045    0.0478071
1999-04-28/21:31:01      176.140     -9.21000      16.3800      143.000      6.77975     0.798636    0.0712121
1999-04-28/21:31:21      176.140     -8.24000      14.9200      93.0000     0.544964    0.0523359   0.00949838
1999-04-28/21:32:02      176.130     -5.91000      13.0300      143.000      3.82588     0.798636    0.0401857
1999-04-28/21:32:42      176.030     -3.66000      13.7500      115.000      3.34448     0.422618    0.0529032
1999-04-28/21:33:02      176.030     -2.59000      13.9600      116.000      3.56278     0.438371    0.0558890
1999-04-28/21:34:21      175.970      1.77000      14.1300      132.000      2.82961     0.669131    0.0367010
1999-04-28/21:34:42      175.870      2.87000      14.3400      126.000      2.78934     0.587785    0.0393855
1999-04-28/21:35:02      175.810      4.00000      14.5000      118.000      3.30730     0.469472    0.0509666
1999-04-28/21:35:22      175.870      5.11000      14.3800      101.000      1.71735     0.190809    0.0294227
1999-04-28/21:35:42      175.870      6.21000      14.1900      119.000      3.29344     0.484810    0.0502743
1999-04-28/21:36:01      175.850      7.27000      14.2500      104.000      2.85144     0.241922    0.0482887
1999-04-28/21:36:21      175.820      8.37000      14.3700      144.000      2.66846     0.809017    0.0273752
1999-04-28/21:36:41      175.820      9.46000      14.3500      122.000      2.74913     0.529919    0.0406905
1999-04-28/21:37:01      175.790      10.5900      14.1300      122.000      2.26089     0.529919    0.0334640
1999-04-28/21:37:22      175.790      11.7200      14.4200      125.000      2.29797     0.573576    0.0328538
1999-04-28/21:37:42      175.770      12.8000      14.4600      117.000      2.93155     0.453991    0.0455885
1999-04-28/21:38:02      175.730      13.8900      14.4800      124.000      1.61080     0.559193    0.0233074
1999-04-28/21:38:22      175.690      14.9900      14.3500      119.000      2.45967     0.484810    0.0375468
1999-04-28/21:38:41      175.690      16.0700      14.5300      120.000      2.81804     0.500000    0.0425947
1999-04-28/21:39:01      175.690      17.1600      14.6200      127.000      2.82921     0.601815    0.0394358
1999-04-28/21:39:21      175.690      18.2400      14.6200      114.000      2.74282     0.406737    0.0437326
1999-04-28/21:39:41      175.650      19.3200      14.5000      116.000      3.66487     0.438371    0.0574905
1999-04-28/21:40:02      175.600      20.4400      14.2600      117.000      2.58715     0.453991    0.0402328
1999-04-28/21:40:22      175.560      21.5500      14.2400      123.000      1.64087     0.544639    0.0240183
1999-04-28/21:40:42      175.520      22.6700      14.3400      114.000      1.44377     0.406737    0.0230200
1999-04-28/21:41:02      175.500      23.7700      14.4200      117.000      2.58715     0.453991    0.0402328
1999-04-28/21:41:21      175.490      24.8500      14.4300      121.000      3.04718     0.515038    0.0455870
1999-04-28/21:41:41      175.480      25.9400      14.4000      115.000      3.24076     0.422618    0.0512625
1999-04-28/21:42:01      175.460      27.0300      14.0600      101.000      2.28375     0.190809    0.0391266
1999-04-28/21:42:21      175.410      28.1600      13.8200      91.0000      1.90531    0.0174525    0.0332489
1999-04-28/21:42:42      175.340      29.3000      13.8800      128.000      4.76905     0.615661    0.0655906
1999-04-28/21:43:02      175.280      30.4300      13.9000      125.000      1.91644     0.573576    0.0273992
1999-04-28/21:43:22      175.240      31.5300      14.1000      118.000      2.71868     0.469472    0.0418958
1999-04-28/21:43:42      175.190      32.6300      14.2900      127.000      3.32400     0.601815    0.0463326
1999-04-28/21:44:01      175.150      33.7000      14.3600      126.000      2.27823     0.587785    0.0321686
1999-04-28/21:44:21      175.120      34.8100      14.4100      117.000      2.58715     0.453991    0.0402328
1999-04-28/21:44:41      175.090      35.9000      14.3600      121.000      2.49214     0.515038    0.0372834
1999-04-28/21:45:01      175.030      37.0100      14.2300      124.000      1.50721     0.559193    0.0218085
1999-04-28/21:45:22      174.950      38.1700      14.2200      116.000      2.25007     0.438371    0.0352967
1999-04-28/21:45:42      174.920      39.2800      14.2700      118.000      2.71868     0.469472    0.0418958
1999-04-28/21:46:02      174.890      40.3800      14.3200      120.000      2.31453     0.500000    0.0349841
1999-04-28/21:46:22      174.840      41.4800      14.4500      116.000      2.85385     0.438371    0.0447681
1999-04-28/21:46:41      174.780      42.5600      14.3400      119.000      2.94180     0.484810    0.0449066
1999-04-28/21:47:01      174.730      43.6800      14.3600      123.000      1.64087     0.544639    0.0240183
1999-04-28/21:47:21      174.650      44.7800      14.4300      122.000      1.78902     0.529919    0.0264797
1999-04-28/21:47:41      174.590      45.8600      14.5600      118.000      2.71868     0.469472    0.0418958
1999-04-28/21:48:02      174.520      46.9700      14.4500      116.000      2.47717     0.438371    0.0388592
1999-04-28/21:48:22      174.430      48.1000      14.3600      114.000      1.67200     0.406737    0.0266590
1999-04-28/21:48:42      174.360      49.2100      14.2800      119.000      4.29604     0.484810    0.0655790
1999-04-28/21:49:02      174.280      50.3400      14.0900      123.000      1.66979     0.544639    0.0244417
1999-04-28/21:49:21      174.140      51.4500      14.1100      127.000      2.74226     0.601815    0.0382239
1999-04-28/21:49:41      173.980      52.6000      14.2000      113.000      1.39088     0.390731    0.0223457
1999-04-28/21:50:01      173.960      53.7000      14.3000      115.000      2.04489     0.422618    0.0323462
1999-04-28/21:50:21      173.880      54.8200      14.1300      115.000      2.69276     0.422618    0.0425942
1999-04-28/21:50:42      173.710      56.0300      14.0400      132.000      2.82961     0.669131    0.0367010
1999-04-28/21:51:02      173.480      57.2200      14.1800      123.000      1.71277     0.544639    0.0250708
1999-04-28/21:51:22      173.390      58.2800      14.3800      115.000      3.24076     0.422618    0.0512625
1999-04-28/21:51:42      173.320      59.4000      14.0500      119.000      2.22720     0.484810    0.0339982
1999-04-28/21:52:01      173.120      60.6000      14.1400      116.000      2.15172     0.438371    0.0337538
1999-04-28/21:52:21      173.050      61.6600      14.1100      114.000      1.51041     0.406737    0.0240825
1999-04-28/21:52:41      172.800      62.8200      13.9300      121.000      2.24472     0.515038    0.0335819
1999-04-28/21:53:01      172.530      63.9800      13.9300      117.000      3.38384     0.453991    0.0526221
1999-04-28/21:53:22      172.170      65.2400      13.8100      117.000      2.18261     0.453991    0.0339418
1999-04-28/21:53:42      171.830      66.4500      13.8500      116.000      2.25007     0.438371    0.0352967
1999-04-28/21:54:02      171.350      67.7500      13.6600      120.000      2.53734     0.500000    0.0383519
1999-04-28/21:54:22      170.670      69.1000      13.8600      121.000      2.69424     0.515038    0.0403069
1999-04-28/21:54:41      170.010      70.3300      13.9600      119.000      2.55857     0.484810    0.0390565
1999-04-28/21:55:01      169.000      71.7200      13.9800      112.000      1.37735     0.374607    0.0222888
1999-04-28/21:55:21      167.980      73.0900      14.1700      112.000      1.61897     0.374607    0.0261988
1999-04-28/21:55:41      167.510      74.0100      14.1800      107.000      2.08872     0.292372    0.0348621
1999-04-28/22:05:21      335.570      84.3700      13.9000      50.0000      3.66249     0.642788    0.0489675
1999-04-28/22:05:41      344.380      82.4300      14.1100      71.0000      2.15622     0.325568    0.0355828
1999-04-28/22:06:01      346.830      80.9100      13.8600      72.0000      1.99452     0.309017    0.0331072
1999-04-28/23:07:21      175.230     -59.3400      15.9800      119.000      3.98186     0.484810    0.0607831
1999-04-28/23:07:41      174.770     -58.8900      13.6100      130.000      5.12876     0.642788    0.0685715
1999-04-28/23:08:01      175.760     -56.6600      13.4100      129.000      5.82398     0.629321    0.0789950
1999-04-28/23:08:21      175.770     -55.7600      14.3700      116.000      3.12038     0.438371    0.0489491
1999-04-28/23:08:41      175.970     -54.3700      13.2400      138.000      7.30121     0.743145    0.0852674
1999-04-28/23:09:01      175.950     -53.1100      15.0500      134.000      2.85975     0.694658    0.0359037
1999-04-28/23:09:21      175.770     -52.5300      15.0300      143.000      5.91483     0.798636    0.0621273
1999-04-28/23:09:41      175.590     -51.2500      14.0300      146.000      8.76124     0.829038    0.0855076
1999-04-28/23:10:01      175.380     -50.2600      14.0500      111.000      4.98908     0.358368    0.0812923
1999-04-28/23:10:21      175.200     -49.2600      13.9000      153.000      7.59046     0.891007    0.0601440
1999-04-28/23:10:40      175.200     -47.9400      12.1600      123.000      5.35613     0.544639    0.0784007
1999-04-28/23:11:00      175.490     -46.4000      14.4800      137.000      3.73557     0.731354    0.0444649
1999-04-28/23:11:20      175.480     -45.5900      15.5800      131.000      4.20512     0.656059    0.0553905
1999-04-28/23:11:40      175.330     -44.9000      13.3000      136.000      1.62626     0.719340    0.0197169
1999-04-28/23:12:01      175.490     -43.0600      12.6800      142.000      7.58741     0.788011    0.0815291
1999-04-28/23:12:21      175.470     -42.0100      14.3100      128.000      3.07219     0.615661    0.0422530
1999-04-28/23:12:41      175.470     -40.9900      14.8900      146.000      4.03107     0.829038    0.0393423
1999-04-28/23:13:01      175.400     -40.2600      13.4800      154.000      5.41266     0.898794    0.0414124
1999-04-28/23:13:20      175.520     -38.8200      12.0100      137.000      9.13064     0.731354     0.108683
1999-04-28/23:13:40      175.510     -37.5100      14.9700      95.0000      5.15557    0.0871559    0.0896393
1999-04-28/23:14:00      175.480     -36.7600      15.9500      150.000      12.0472     0.866026     0.105132
1999-04-28/23:14:20      174.830     -37.1800      15.4900      131.000      6.26182     0.656059    0.0824817
1999-04-28/23:15:01      174.960     -33.2800      10.8500      158.000      42.4920     0.927184     0.277818
1999-04-28/23:15:21      174.740     -32.0300      11.0400      117.000      22.6838     0.453991     0.352756
1999-04-28/23:15:41      175.350     -30.6000      15.3100      168.000      3.17651     0.978148    0.0115267
1999-04-28/23:16:02      175.460     -29.7800      15.6400      164.000      14.0112     0.961262    0.0674048
1999-04-28/23:16:22      175.420     -28.7300      14.2500      136.000      24.0070     0.719340     0.291063
1999-04-28/23:17:02      175.770     -25.8600      15.5600      145.000      30.0488     0.819152     0.300812
1999-04-28/23:17:21      175.470     -25.2300      23.5700      170.000      15.0855     0.984808    0.0457201
1999-04-28/23:17:41      175.470     -24.7700      15.8900      165.000      8.17386     0.965926    0.0369233
1999-04-28/23:18:01      175.420     -23.3300      14.3000      138.000      26.7062     0.743145     0.311889
1999-04-28/23:18:21      175.310     -22.2300      13.5600      157.000      18.4084     0.920505     0.125537
1999-04-28/23:18:42      175.300     -21.0400      13.5400      148.000      5.29970     0.848048    0.0490160
1999-04-28/23:19:02      174.960     -20.3600      14.0100      156.000      8.82118     0.913545    0.0626206
1999-04-28/23:19:22      172.460     -20.6700      12.0900      166.000      12.3627     0.970296    0.0521994
1999-04-28/23:19:42      174.580     -17.4300      13.6100      160.000      7.60964     0.939693    0.0454248
1999-04-28/23:20:01      175.270     -16.4800      18.0600      155.000      4.01013     0.906308    0.0295790
1999-04-28/23:20:21      175.100     -15.4700      18.0900      149.000      3.79393     0.857167    0.0341041
1999-04-28/23:20:41      175.040     -14.4300      18.7100      160.000      3.90395     0.939693    0.0233041
1999-04-28/23:21:01      175.270     -13.3200      17.1400      152.000      8.15304     0.882948    0.0668046
1999-04-28/23:21:22      175.350     -12.1900      14.6700      165.000      6.87710     0.965926    0.0310655
1999-04-28/23:22:02      175.200     -9.93000      16.5100      143.000      5.63087     0.798636    0.0591447
1999-04-28/23:22:22      175.180     -8.94000      17.3200      128.000      8.87976     0.615661     0.122127
1999-04-28/23:22:41      175.040     -8.01000      15.1000      147.000      5.60037     0.838671    0.0532357
1999-04-28/23:23:21      175.000     -5.61000      13.6200      126.000      4.83331     0.587785    0.0682464
1999-04-28/23:23:41      175.000     -4.48000      14.2300      121.000      2.63036     0.515038    0.0393512
1999-04-28/23:24:02      175.010     -3.36000      14.8000      137.000      2.42132     0.731354    0.0288213
1999-04-28/23:24:22      174.980     -2.26000      14.5000      131.000      3.31843     0.656059    0.0437109
1999-04-28/23:24:42      174.960     -1.14000      14.8400      132.000      3.84916     0.669131    0.0499249
1999-04-28/23:25:02      174.940   -0.0600000      14.9400      127.000      3.04156     0.601815    0.0423958
1999-04-28/23:25:21      174.910     0.990000      14.3800      125.000      3.16559     0.573576    0.0452581
1999-04-28/23:25:41      174.940      2.14000      14.5100      118.000      3.42319     0.469472    0.0527525
1999-04-28/23:26:01      174.930      3.22000      14.9800      116.000      2.85385     0.438371    0.0447681
1999-04-28/23:26:21      174.900      4.32000      14.6000      104.000      3.12045     0.241922    0.0528444
1999-04-28/23:26:42      174.850      5.47000      14.3800      128.000      2.59154     0.615661    0.0356424
1999-04-28/23:27:02      174.840      6.59000      14.8800      130.000      2.80401     0.642788    0.0374896
1999-04-28/23:27:22      174.850      7.67000      14.7700      112.000      1.74712     0.374607    0.0282726
1999-04-28/23:27:42      174.830      8.76000      14.6200      120.000      2.92475     0.500000    0.0442076
1999-04-28/23:28:01      174.800      9.83000      14.2700      121.000      2.30422     0.515038    0.0344720
1999-04-28/23:28:21      174.790      10.9500      14.2800      115.000      2.78826     0.422618    0.0441048
1999-04-28/23:28:41      174.780      12.0400      14.3500      126.000      4.02896     0.587785    0.0568890
1999-04-28/23:29:01      174.770      13.1300      14.5400      111.000      2.32941     0.358368    0.0379555
1999-04-28/23:29:22      174.770      14.2300      14.5600      119.000      2.87886     0.484810    0.0439458
1999-04-28/23:29:42      174.760      15.3200      14.3400      128.000      4.06287     0.615661    0.0558782
1999-04-28/23:30:02      174.770      16.4200      14.1600      115.000      4.53078     0.422618    0.0716681
1999-04-28/23:30:22      174.760      17.5200      14.1100      125.000      2.63929     0.573576    0.0377337
1999-04-28/23:30:41      174.740      18.6000      14.4000      143.000      2.77869     0.798636    0.0291864
1999-04-28/23:31:01      174.720      19.6600      14.5400      132.000      4.32215     0.669131    0.0560597
1999-04-28/23:31:21      174.680      20.7600      14.2700      118.000      2.42354     0.469472    0.0373476
1999-04-28/23:31:41      174.650      21.8600      14.2500      120.000      2.46330     0.500000    0.0372328
1999-04-28/23:32:02      174.620      22.9800      14.2300      114.000      2.09785     0.406737    0.0334489
1999-04-28/23:32:22      174.600      24.0700      14.1700      121.000      2.63036     0.515038    0.0393512
1999-04-28/23:32:42      174.580      25.1700      14.0000      108.000      3.86319     0.309017    0.0641254
1999-04-28/23:33:21      174.480      27.3600      13.4800      127.000      3.04156     0.601815    0.0423958
1999-04-28/23:33:41      174.410      28.4900      13.7600      128.000      2.84796     0.615661    0.0391691
1999-04-28/23:34:01      174.370      29.5800      14.1800      121.000      2.16399     0.515038    0.0323741
1999-04-28/23:34:21      174.340      30.6800      14.2600      121.000      2.94793     0.515038    0.0441022
1999-04-28/23:34:42      174.310      31.8100      14.5100      120.000      2.68786     0.500000    0.0406270
1999-04-28/23:35:02      174.300      32.9000      14.5900      114.000      1.51041     0.406737    0.0240825
1999-04-28/23:35:22      174.270      34.0000      14.6100      117.000      3.04900     0.453991    0.0474150
1999-04-28/23:35:42      174.230      35.0900      14.5100      124.000      1.84570     0.559193    0.0267062
1999-04-28/23:36:01      174.190      36.1600      14.2900      114.000      2.05132     0.406737    0.0327070
1999-04-28/23:36:21      174.140      37.2800      14.3700      121.000      2.16399     0.515038    0.0323741
1999-04-28/23:36:41      174.090      38.3800      14.4700      121.000      2.63036     0.515038    0.0393512
1999-04-28/23:37:01      174.050      39.5000      14.4300      110.000      2.83141     0.342020    0.0464372
1999-04-28/23:37:22      174.010      40.6500      14.4300      107.000      2.44629     0.292372    0.0408302
1999-04-28/23:37:42      173.980      41.7600      14.4300      124.000      1.50721     0.559193    0.0218085
1999-04-28/23:38:02      173.900      42.8700      14.3900      116.000      2.75008     0.438371    0.0431403
1999-04-28/23:38:22      173.860      43.9800      14.5200      115.000      2.04489     0.422618    0.0323462
1999-04-28/23:38:41      173.820      45.0500      14.5800      119.000      2.10667     0.484810    0.0321583
1999-04-28/23:39:01      173.770      46.1500      14.6700      114.000      1.32543     0.406737    0.0211332
1999-04-28/23:39:21      173.700      47.2600      14.5800      114.000      2.05132     0.406737    0.0327070
1999-04-28/23:39:41      173.620      48.3900      14.5700      122.000      2.11743     0.529919    0.0313406
1999-04-28/23:40:02      173.530      49.5600      14.5900      126.000      2.78934     0.587785    0.0393855
1999-04-28/23:40:22      173.440      50.7000      14.6700      115.000      1.94748     0.422618    0.0308053
1999-04-28/23:40:42      173.360      51.8100      14.7700      125.000      1.84329     0.573576    0.0263533
1999-04-28/23:41:02      173.280      52.9300      14.7000      116.000      2.61791     0.438371    0.0410669
1999-04-28/23:41:21      173.200      54.0500      14.4800      115.000      2.55251     0.422618    0.0403757
1999-04-28/23:41:41      173.060      55.2000      14.5000      129.000      2.51781     0.629321    0.0341510
1999-04-28/23:42:01      172.880      56.3900      14.4900      126.000      2.37413     0.587785    0.0335227
1999-04-28/23:42:21      172.780      57.5000      14.9600      105.000      3.26672     0.258819    0.0550723
1999-04-28/23:42:42      172.720      58.5600      14.6600      114.000      2.37061     0.406737    0.0377979
1999-04-28/23:43:02      172.560      59.8000      14.2800      125.000      1.84329     0.573576    0.0263533
1999-04-28/23:43:22      172.430      60.9400      14.4900      112.000      1.56737     0.374607    0.0253638
1999-04-28/23:43:42      172.300      62.0600      14.4000      122.000      2.14938     0.529919    0.0318135
1999-04-28/23:44:01      172.070      63.2100      14.2500      120.000      2.87450     0.500000    0.0434480
1999-04-28/23:44:21      171.810      64.3800      14.2400      124.000      1.68852     0.559193    0.0244319
1999-04-28/23:44:41      171.520      65.6200      14.2100      123.000      1.61630     0.544639    0.0236587
1999-04-28/23:45:01      171.310      66.8200      14.0700      126.000      2.45908     0.587785    0.0347222
1999-04-28/23:45:22      170.780      68.1900      14.1900      123.000      1.48232     0.544639    0.0216976
1999-04-28/23:45:42      170.390      69.4000      14.2700      119.000      2.80616     0.484810    0.0428360
1999-04-28/23:46:02      169.990      70.5900      14.1400      122.000      2.11743     0.529919    0.0313406
1999-04-28/23:46:22      169.240      71.8600      14.1800      115.000      2.04489     0.422618    0.0323462
1999-04-28/23:46:41      168.830      72.8900      14.4700      110.000      2.35372     0.342020    0.0386027
1999-04-28/23:47:01      168.450      73.8400      14.3200      116.000      2.25007     0.438371    0.0352967
1999-04-28/23:47:21      167.690      75.0500      14.2100      115.000      2.15278     0.422618    0.0340528
1999-04-28/23:47:41      166.050      76.4800      14.1900      116.000      2.61791     0.438371    0.0410669
1999-04-28/23:48:02      165.220      77.7100      14.1700      111.000      1.76109     0.358368    0.0286953
1999-04-28/23:48:22      163.680      79.1500      14.1100      107.000      1.99452     0.292372    0.0332899
1999-04-28/23:48:42      161.310      80.5000      14.1600      106.000      2.18013     0.275637    0.0365764
1999-04-28/23:49:02      157.770      81.9300      14.0300      104.000      1.72400     0.241922    0.0291957
1999-04-28/23:49:21      147.300      83.9600      14.0300      102.000      1.22979     0.207912    0.0209948
1999-04-28/23:49:41      144.570      84.6700      14.2700      104.000      2.35032     0.241922    0.0398023
1999-04-28/23:50:01      110.830      86.2700      14.3800      117.000      4.31892     0.453991    0.0671635
1999-04-29/00:18:39      354.660      6.80000      13.8100      66.0000      1.82806     0.406737    0.0291473
1999-04-29/00:19:19      354.590      4.46000      12.2700      25.0000      14.9352     0.906308     0.110163
1999-04-29/00:20:00      354.630      2.22000      14.8500      47.0000      3.84916     0.681998    0.0491327
1999-04-29/00:20:20      354.660      1.20000      15.5100      34.0000      4.06719     0.829038    0.0396948
1999-04-29/00:21:00      354.530     -1.02000      14.1600      58.0000      3.43143     0.529919    0.0507894
1999-04-29/00:21:21      354.520     -2.15000      14.1300      57.0000      3.51694     0.544639    0.0514794
1999-04-29/00:23:00      354.490     -7.60000      14.0500      59.0000      3.24624     0.515038    0.0485650
1999-04-29/00:24:01      354.390     -10.9900      13.9600      51.0000      6.86438     0.629320    0.0931068
1999-04-29/00:24:21      354.410     -12.0900      14.2200      66.0000      2.42089     0.406737    0.0385996
1999-04-29/00:25:01      354.350     -14.3000      14.1200      53.0000      4.16535     0.601815    0.0580601
1999-04-29/00:25:20      354.370     -15.3900      14.9600      49.0000      3.76166     0.656059    0.0495492
1999-04-29/00:25:40      354.390     -16.4500      15.7900      35.0000      6.14262     0.819152    0.0614925
1999-04-29/00:26:00      354.390     -17.5100      16.1300      36.0000      6.47353     0.809017    0.0664106
1999-04-29/00:26:20      354.410     -18.5600      15.0800      87.0000      2.34627    0.0523359    0.0408940
1999-04-29/00:27:01      354.360     -20.8300      13.9600      36.0000      6.47353     0.809017    0.0664106
1999-04-29/00:28:00      354.240     -24.2300      14.0500      27.0000      5.07251     0.891007    0.0401927
1999-04-29/00:28:20      354.200     -25.2200      16.1800      28.0000      7.23293     0.882948    0.0592654
1999-04-29/00:28:40      354.120     -26.2100      15.2700      55.0000      2.56447     0.573576    0.0366640
1999-04-29/00:29:00      354.030     -27.3400      13.8500      39.0000      6.15250     0.777146    0.0675773
1999-04-29/00:29:41      354.050     -29.6300      14.2400      53.0000      3.91933     0.601815    0.0546308
1999-04-29/00:30:01      354.040     -30.6600      14.4100      40.0000      4.38475     0.766044    0.0491915
1999-04-29/00:30:40      353.920     -32.9800      12.6600      35.0000      13.0306     0.819152     0.130447
1999-04-29/00:31:00      353.880     -34.1400      13.8800      45.0000      2.05788     0.707107    0.0253970
1999-04-29/00:31:20      353.940     -35.1500      14.3800      80.0000      2.67129     0.173648    0.0459145
1999-04-29/00:31:40      353.970     -36.2100      14.7300      65.0000      2.00852     0.422618    0.0317709
1999-04-29/00:32:01      353.940     -37.2700      14.8100      56.0000      1.97618     0.559193    0.0285942
1999-04-29/00:32:21      353.870     -38.3100      14.4800      53.0000      2.78934     0.601815    0.0388801
1999-04-29/00:33:40      353.460     -42.9400      14.6100      34.0000      2.20234     0.829038    0.0214943
1999-04-29/00:34:00      353.410     -43.9000      15.6900      34.0000      2.45175     0.829038    0.0239285
1999-04-29/00:34:20      353.400     -44.9900      14.4600      64.0000      3.47634     0.438371    0.0545331
1999-04-29/00:34:41      353.400     -46.1600      14.1900      56.0000      3.84539     0.559193    0.0556406
1999-04-29/00:35:01      353.330     -47.3000      13.8600      43.0000      6.90597     0.731354    0.0822026
1999-04-29/00:35:41      353.190     -49.5500      13.3400      42.0000      26.5798     0.743145     0.310413
1999-04-29/00:36:00      353.100     -50.7300      13.3000      34.0000      30.0488     0.829038     0.293269
1999-04-29/00:37:41      352.780     -56.5500      13.6700      50.0000      11.5301     0.642788     0.154157
1999-04-29/00:40:21      351.840     -65.5800      13.7800      35.0000      3.66934     0.819152    0.0367330
1999-04-29/00:40:41      351.630     -66.7000      14.1600      38.0000      4.45813     0.788011    0.0479040
1999-04-29/00:41:40      350.500     -70.3100      13.6700      85.0000      3.13460    0.0871558    0.0545009
1999-04-29/00:42:41      348.920     -73.9800      13.9700      72.0000      3.22839     0.309017    0.0535883
1999-04-29/00:43:01      348.030     -75.3200      13.8100      69.0000      6.05545     0.358368    0.0986678
1999-04-29/00:43:21      346.290     -77.0300      13.8000      61.0000      2.42354     0.484810    0.0369953
1999-04-29/00:43:41      344.610     -78.3900      14.0200      55.0000      1.77427     0.573576    0.0253666
1999-04-29/00:44:00      342.190     -79.7100      14.0500      64.0000      2.04489     0.438371    0.0320780
1999-04-29/00:44:20      342.050     -80.5700      14.4700      75.0000      2.18875     0.258819    0.0368992
1999-04-29/00:44:40      343.030     -81.0700      13.9500      67.0000      1.94513     0.390731    0.0312501
1999-04-29/00:55:21      172.760     -71.1300      13.8200      115.000      1.94748     0.422618    0.0308053
1999-04-29/00:55:41      173.200     -69.7000      13.5800      124.000      1.68852     0.559193    0.0244319
1999-04-29/00:56:01      173.510     -68.3000      13.0800      124.000      1.99801     0.559193    0.0289101
1999-04-29/00:56:21      173.980     -66.7700      13.4700      117.000      2.70413     0.453991    0.0420519
1999-04-29/00:56:41      173.810     -65.8900      14.1200      109.000      3.44885     0.325568    0.0569143
1999-04-29/00:57:01      172.980     -65.3900      13.7300      130.000      3.76166     0.642788    0.0502934
1999-04-29/00:57:21      172.780     -63.9400      13.1700      127.000      3.04156     0.601815    0.0423958
1999-04-29/00:57:41      172.880     -62.5500      12.1400      121.000      3.81771     0.515038    0.0571144
1999-04-29/00:58:21      174.430     -59.1800      14.7500      148.000      2.50883     0.848048    0.0232038
1999-04-29/00:58:41      173.940     -58.6000      15.7000      148.000      7.76741     0.848048    0.0718395
1999-04-29/00:59:01      173.830     -57.7600      13.3600      156.000      9.61214     0.913545    0.0682356
1999-04-29/00:59:21      174.420     -56.1100      13.5300      146.000      6.40488     0.829038    0.0625101
1999-04-29/00:59:41      174.500     -55.3300      13.4800      131.000      6.82167     0.656059    0.0898562
1999-04-29/01:00:01      174.710     -53.8200      12.3500      146.000      2.27322     0.829038    0.0221861
1999-04-29/01:00:21      174.680     -52.7700      14.7200      165.000      10.1430     0.965926    0.0458184
1999-04-29/01:00:41      174.200     -52.1100      13.1500      161.000      5.21616     0.945519    0.0296394
1999-04-29/01:01:01      174.130     -50.6900      13.5800      91.0000      12.3407    0.0174525     0.215353
1999-04-29/01:01:21      173.900     -49.6500      13.9000      114.000      20.2240     0.406737     0.322459
1999-04-29/01:01:41      173.630     -48.7800      13.7200      152.000      5.07251     0.882948    0.0415633
1999-04-29/01:02:01      174.040     -47.1000      12.8300      148.000      5.78530     0.848048    0.0535073
1999-04-29/01:02:21      174.310     -46.0400      14.7900      139.000      5.16888     0.754710    0.0591857
1999-04-29/01:02:41      174.170     -45.4300      14.8100      131.000      2.35911     0.656059    0.0310746
1999-04-29/01:03:01      173.730     -44.7400      10.5800      136.000      5.20529     0.719340    0.0631093
1999-04-29/01:03:41      174.240     -41.5700      13.9400      152.000      3.94255     0.882948    0.0323046
1999-04-29/01:04:01      174.230     -40.6000      14.0900      162.000      21.5140     0.951056     0.116033
1999-04-29/01:04:21      173.880     -39.6100      13.0900      146.000      9.34279     0.829038    0.0911834
1999-04-29/01:04:41      174.260     -38.1700      11.6000      97.0000      18.5254     0.121869     0.320920
1999-04-29/01:05:01      174.490     -37.0400      14.9400      155.000      41.2354     0.906308     0.304156
1999-04-29/01:05:21      174.150     -36.4100      13.7300      158.000      42.4920     0.927184     0.277818
1999-04-29/01:05:41      173.120     -35.6700      13.0600      93.0000     0.544964    0.0523359   0.00949838
1999-04-29/01:06:21      173.380     -32.6000      12.4600      157.000      2.75603     0.920505    0.0187949
1999-04-29/01:06:41      174.020     -31.3900      13.4700      151.000      3.89128     0.874620    0.0329262
1999-04-29/01:07:01      174.280     -30.5500      13.4500      148.000      3.50784     0.848048    0.0324434
1999-04-29/01:07:21      174.100     -29.5400      11.8500      130.000      4.84274     0.642788    0.0647474
1999-04-29/01:07:41      173.980     -28.7600      12.7000      167.000      8.35580     0.974370    0.0328060
1999-04-29/01:08:01      173.890     -27.8400      5.78000      148.000      32.7620     0.848048     0.303010
1999-04-29/01:08:21      174.620     -25.3300      15.0100      157.000      8.98524     0.920505    0.0612752
1999-04-29/01:08:41      174.430     -25.0200      22.2800      163.000      5.83847     0.956305    0.0297928
1999-04-29/01:09:01      173.880     -24.7700      13.2500      154.000      14.4854     0.898794     0.110828
1999-04-29/01:09:21      174.270     -22.8200      12.1500      157.000      37.7804     0.920505     0.257645
1999-04-29/01:10:01      173.610     -20.5200      13.1900      138.000      6.83281     0.743145    0.0797972
1999-04-29/01:10:21      173.370     -19.2900      18.4000      166.000      7.56479     0.970296    0.0319411
1999-04-29/01:10:41      173.820     -18.3900      21.7500      162.000      5.24723     0.951056    0.0283002
1999-04-29/01:11:01      174.110     -17.4400      14.7400      166.000      14.1331     0.970296    0.0596747
1999-04-29/01:11:21      174.310     -16.1300      13.5400      154.000      36.0924     0.898794     0.276144
1999-04-29/01:11:41      174.460     -14.9800      16.5000      150.000      4.96490     0.866026    0.0433269
1999-04-29/01:12:01      174.510     -14.1400      15.4400      157.000      10.0815     0.920505    0.0687512
1999-04-29/01:12:21      174.430     -13.0200      10.0300      160.000      5.71963     0.939693    0.0341426
1999-04-29/01:12:41      174.240     -11.5800      10.4800      150.000      8.98520     0.866026    0.0784106
1999-04-29/01:13:01      174.220     -10.4800      13.6200      142.000      3.45949     0.788011    0.0371733
1999-04-29/01:13:21      174.190     -9.54000      13.5700      116.000      4.18389     0.438371    0.0656323
1999-04-29/01:13:41      174.110     -8.52000      13.4300      143.000      6.17974     0.798636    0.0649098
1999-04-29/01:14:01      173.930     -7.48000      13.1600      111.000      3.42468     0.358368    0.0558019
1999-04-29/01:14:21      173.830     -6.41000      12.7000      138.000      6.83281     0.743145    0.0797972
1999-04-29/01:14:41      173.880     -5.20000      12.0800      150.000      6.61121     0.866026    0.0576937
1999-04-29/01:15:01      173.920     -4.09000      12.5400      92.0000      2.00491    0.0348995    0.0349710
1999-04-29/01:15:21      173.930     -3.03000      12.5800      122.000      3.27587     0.529919    0.0484869
1999-04-29/01:15:41      173.910     -1.92000      12.6900      122.000      2.74913     0.529919    0.0406905
1999-04-29/01:16:00      173.920    -0.880000      12.9900      121.000      2.75133     0.515038    0.0411610
1999-04-29/01:16:20      173.910     0.190000      13.2300      120.000      7.36306     0.500000     0.111293
1999-04-29/01:16:40      173.870      1.23000      12.5400      143.000      7.10765     0.798636    0.0746563
1999-04-29/01:17:00      173.890      2.38000      12.0500      124.000      1.94146     0.559193    0.0280918
1999-04-29/01:17:21      173.890      3.54000      12.2900      136.000      1.76691     0.719340    0.0214221
1999-04-29/01:17:41      173.840      4.65000      12.3700      127.000      3.18256     0.601815    0.0443611
1999-04-29/01:18:01      173.830      5.76000      12.5000      126.000      2.27823     0.587785    0.0321686
1999-04-29/01:18:21      173.830      6.84000      12.3200      143.000      3.01788     0.798636    0.0316988
1999-04-29/01:18:40      173.830      7.92000      12.2300      146.000      2.05791     0.829038    0.0200847
1999-04-29/01:19:00      173.820      9.01000      11.9500      125.000      2.29797     0.573576    0.0328538
1999-04-29/01:19:20      173.750      10.1300      11.7600      133.000      2.32818     0.681998    0.0297181
1999-04-29/01:19:40      173.720      11.2600      12.2800      115.000      2.90088     0.422618    0.0458863
1999-04-29/01:20:01      173.700      12.4100      12.2900      115.000      2.69276     0.422618    0.0425942
1999-04-29/01:20:21      173.690      13.5300      12.2900      117.000      3.85261     0.453991    0.0599119
1999-04-29/01:20:41      173.660      14.6300      12.4200      126.000      2.17909     0.587785    0.0307688
1999-04-29/01:21:01      173.620      15.7400      12.2800      120.000      2.46330     0.500000    0.0372328
1999-04-29/01:21:22      173.580      16.8900      12.0300      125.000      1.58056     0.573576    0.0225971
1999-04-29/01:21:42      173.560      18.0200      11.8400      126.000      5.29392     0.587785    0.0747502
1999-04-29/01:22:02      173.570      19.1200      11.9800      121.000      3.13232     0.515038    0.0468607
1999-04-29/01:22:22      173.570      20.2200      11.7600      120.000      2.68786     0.500000    0.0406270
1999-04-29/01:22:41      173.550      21.3100      11.7500      119.000      3.57206     0.484810    0.0545275
1999-04-29/01:23:01      173.520      22.4200      11.8000      118.000      2.81502     0.469472    0.0433804
1999-04-29/01:23:21      173.520      23.5400      11.7600      115.000      2.78826     0.422618    0.0441048
1999-04-29/01:23:41      173.510      24.6600      11.6100      110.000      2.65743     0.342020    0.0435838
1999-04-29/01:24:02      173.420      25.8500      11.7800      125.000      2.41496     0.573576    0.0345264
1999-04-29/01:24:22      173.320      27.0300      12.3900      128.000      3.17442     0.615661    0.0436590
1999-04-29/01:24:42      173.220      28.2100      12.8400      118.000      2.62505     0.469472    0.0404529
1999-04-29/01:25:02      173.250      29.3600      12.6700      130.000      2.71760     0.642788    0.0363343
1999-04-29/01:25:21      173.170      30.4300      12.6900      122.000      2.56560     0.529919    0.0379740
1999-04-29/01:25:41      173.120      31.5900      12.7200      116.000      2.61791     0.438371    0.0410669
1999-04-29/01:26:01      173.160      32.7500      12.6400      115.000      2.55251     0.422618    0.0403757
1999-04-29/01:26:21      173.070      33.8000      12.6100      120.000      2.81804     0.500000    0.0425947
1999-04-29/01:26:42      173.030      34.9500      12.4500      123.000      1.64087     0.544639    0.0240183
1999-04-29/01:27:02      173.050      35.9900      12.3000      120.000      2.75537     0.500000    0.0416474
1999-04-29/01:27:22      172.980      37.1800      12.2900      118.000      2.30775     0.469472    0.0355632
1999-04-29/01:27:42      172.950      38.2300      12.1100      121.000      2.75133     0.515038    0.0411610
1999-04-29/01:28:01      172.770      39.4000      12.5200      126.000      2.45908     0.587785    0.0347222
1999-04-29/01:28:21      172.740      40.5800      12.3300      117.000      2.70413     0.453991    0.0420519
1999-04-29/01:28:41      172.710      41.7000      12.2300      116.000      3.01723     0.438371    0.0473310
1999-04-29/01:29:01      172.560      42.8000      12.6200      114.000      1.85548     0.406737    0.0295845
1999-04-29/01:29:22      172.530      43.8900      12.4600      123.000      1.76984     0.544639    0.0259061
1999-04-29/01:29:42      172.480      45.0400      12.5600      115.000      2.15278     0.422618    0.0340528
1999-04-29/01:30:02      172.410      46.1000      12.7300      116.000      2.61791     0.438371    0.0410669
1999-04-29/01:30:22      172.390      47.1500      12.7600      118.000      2.71868     0.469472    0.0418958
1999-04-29/01:30:41      172.240      48.2300      12.7400      117.000      2.05042     0.453991    0.0318861
1999-04-29/01:31:01      172.170      49.3900      12.6500      115.000      1.86319     0.422618    0.0294720
1999-04-29/01:31:21      172.030      50.4900      12.6500      122.000      2.07130     0.529919    0.0306578
1999-04-29/01:31:41      171.810      51.5500      12.6500      121.000      2.56239     0.515038    0.0383344
1999-04-29/01:32:02      171.630      52.7000      12.7200      123.000      1.52507     0.544639    0.0223233
1999-04-29/01:32:22      171.340      53.9200      12.5100      122.000      2.09344     0.529919    0.0309855
1999-04-29/01:32:42      170.910      55.5100      12.1800      128.000      3.30492     0.615661    0.0454538
1999-04-29/01:33:02      170.890      56.6600      11.9100      121.000      2.94793     0.515038    0.0441022
1999-04-29/01:33:21      170.550      57.7800      12.5200      111.000      2.01220     0.358368    0.0327869
1999-04-29/01:33:41      171.040      58.6300      12.4000      115.000      2.46981     0.422618    0.0390676
1999-04-29/01:34:01      170.890      59.7100      11.6700      120.000      2.92475     0.500000    0.0442076
1999-04-29/01:34:21      170.340      61.1300      11.9500      115.000      2.46981     0.422618    0.0390676
1999-04-29/01:34:42      170.150      62.2500      11.9900      107.000      3.22839     0.292372    0.0538840
1999-04-29/01:35:02      170.160      63.2100      11.9500      113.000      1.64092     0.390731    0.0263628
1999-04-29/01:35:22      170.000      64.3600      12.0100      106.000      2.58370     0.275637    0.0433472
1999-04-29/01:35:42      169.650      65.5600      12.0500      111.000      2.39953     0.358368    0.0390981
1999-04-29/01:36:01      169.190      66.8900      11.9900      113.000      1.82806     0.390731    0.0293693
1999-04-29/01:36:21      168.250      68.4400      11.9100      121.000      3.81771     0.515038    0.0571144
1999-04-29/01:36:41      167.370      69.7800      12.1800      110.000      2.94955     0.342020    0.0483748
1999-04-29/01:37:01      166.130      71.2200      12.0200      107.000      3.59803     0.292372    0.0600535
1999-04-29/01:45:40      233.840      87.3200      12.5000      71.0000      2.51776     0.325568    0.0415491
1999-04-29/01:46:00      275.750      87.9800      12.6000      78.0000      2.02113     0.207912    0.0345045
1999-04-29/01:46:20      295.920      87.7600      12.2800      77.0000      2.08461     0.224951    0.0354508
1999-04-29/01:46:39      333.820      86.1100      12.3200      66.0000      3.00172     0.406737    0.0478606
1999-04-29/01:46:59      340.070      85.0600      12.5600      66.0000      1.82806     0.406737    0.0291473
1999-04-29/01:47:19      339.990      84.3700      12.5000      77.0000      1.99423     0.224951    0.0339138
1999-04-29/01:47:39      345.820      82.5900      12.3000      73.0000      3.45951     0.292372    0.0577415
1999-04-29/01:48:00      348.000      81.3200      12.5200      70.0000      2.93767     0.342020    0.0481799
1999-04-29/01:48:20      347.030      80.6200      12.4200      89.0000      1.59087    0.0174524    0.0277617
1999-04-29/01:48:40      349.370      78.6900      12.4500      71.0000      3.20879     0.325568    0.0529528
1999-04-29/01:49:00      350.230      77.3600      12.6200      76.0000      2.17751     0.241922    0.0368758
1999-04-29/01:49:19      351.120      75.9300      12.4900      71.0000      2.85097     0.325568    0.0470479
1999-04-29/01:49:39      351.900      74.5500      12.3400      76.0000      1.89749     0.241922    0.0321337
1999-04-29/01:49:59      352.460      73.3000      12.3700      84.0000      2.47527     0.104528    0.0429650
1999-04-29/01:50:19      352.680      72.1100      12.3000      83.0000      2.79431     0.121869    0.0484064
1999-04-29/01:51:59      353.200      66.3700      12.6900      80.0000      2.13412     0.173648    0.0366815
1999-04-29/01:52:19      353.360      65.2400      12.7400      72.0000      2.72835     0.309017    0.0452881
1999-04-29/01:52:39      353.420      64.1900      12.5600      66.0000      1.53310     0.406737    0.0244443
1999-04-29/01:52:59      353.450      63.0500      12.1700      68.0000      2.39953     0.374607    0.0388302
1999-04-29/02:09:40      353.570      7.35000      12.7100      89.0000      1.69599    0.0174524    0.0295961
1999-04-29/02:10:00      353.520      6.31000      12.5400      59.0000      3.44536     0.515038    0.0515439
1999-04-29/02:10:20      353.490      5.19000      11.7700      55.0000      4.38424     0.573576    0.0626810
1999-04-29/02:10:39      353.500      4.06000      11.7800      40.0000      27.2650     0.766044     0.305880
1999-04-29/02:10:59      353.560      2.94000      12.5800      54.0000      2.96422     0.587785    0.0418548
1999-04-29/02:11:19      353.590      1.89000      12.8000      56.0000      4.07612     0.559193    0.0589792
1999-04-29/02:12:40      353.470     -2.51000      12.9100      48.0000      6.26182     0.669131    0.0812178
1999-04-29/02:13:00      353.420     -3.58000      12.8900      29.0000      12.5558     0.874620     0.106241
1999-04-29/02:13:19      353.370     -4.67000      12.6800      33.0000      28.3908     0.838671     0.269876
1999-04-29/02:13:59      353.420     -6.86000      12.8000      56.0000      7.31069     0.559193     0.105782
1999-04-29/02:14:40      353.340     -9.09000      12.8600      62.0000      4.31892     0.469472    0.0665560
1999-04-29/02:15:00      353.320     -10.1800      12.8800      66.0000      4.66686     0.406737    0.0744102
1999-04-29/02:16:39      353.290     -15.6800      13.1200      42.0000      5.17898     0.743145    0.0604829
1999-04-29/02:16:59      353.360     -16.7800      13.4900      58.0000      3.90478     0.529919    0.0577956
1999-04-29/02:17:20      353.340     -17.8900      13.5300      55.0000      7.22314     0.573576     0.103269
1999-04-29/02:18:41      353.150     -22.3600      12.3900      31.0000      5.29970     0.857167    0.0476396
1999-04-29/02:19:01      353.040     -23.4600      11.8800      46.0000      4.30268     0.694658    0.0540195
1999-04-29/02:19:41      353.190     -25.6600      14.0200      52.0000      6.92645     0.615661    0.0952621
1999-04-29/02:20:00      353.120     -26.6500      13.9100      65.0000      2.85912     0.422618    0.0452257
1999-04-29/02:20:20      352.990     -27.7300      13.2000      31.0000      4.59648     0.857167    0.0413183
1999-04-29/02:20:40      352.960     -28.9200      13.0700      72.0000      3.43378     0.309017    0.0569975
1999-04-29/02:21:00      353.000     -30.0300      13.3700      32.0000      5.90090     0.848048    0.0545765
1999-04-29/02:21:21      353.040     -31.0700      13.5500      32.0000      3.98005     0.848048    0.0368108
1999-04-29/02:22:01      352.840     -33.6100      13.0600      56.0000      1.83647     0.559193    0.0265727
1999-04-29/02:22:21      352.930     -34.5900      13.9300      75.0000      3.37305     0.258819    0.0568649
1999-04-29/02:22:40      352.900     -35.6600      13.6200      54.0000      2.01076     0.587785    0.0283920
1999-04-29/02:23:00      352.920     -36.7700      13.7100      71.0000      3.59103     0.325568    0.0592607
1999-04-29/02:23:20      352.920     -37.9100      13.8300      47.0000      2.77902     0.681998    0.0354729
1999-04-29/02:23:40      352.870     -38.9000      13.5300      60.0000      3.98186     0.500000    0.0601858
1999-04-29/02:24:01      352.580     -40.1400      12.7400      57.0000      7.40268     0.544639     0.108357
1999-04-29/02:24:21      352.400     -41.3800      13.1600      64.0000      3.88985     0.438371    0.0610197
1999-04-29/02:24:41      352.230     -42.5500      13.7900      39.0000      4.26135     0.777146    0.0468054
1999-04-29/02:25:01      352.430     -43.4200      15.8900      26.0000      2.80695     0.898794    0.0214760
1999-04-29/02:25:20      352.570     -44.1900      14.8800      45.0000      2.41209     0.707107    0.0297684
1999-04-29/02:25:40      352.420     -45.4400      13.4700      56.0000      1.59085     0.559193    0.0230187
1999-04-29/02:26:00      352.380     -46.5600      13.5700      67.0000      2.09250     0.390731    0.0336178
1999-04-29/02:27:01      352.110     -50.1200      12.9300      47.0000      9.93885     0.681998     0.126865
1999-04-29/02:29:00      351.340     -57.2800      13.5800      68.0000      2.41315     0.374607    0.0390506
1999-04-29/02:45:41      171.140     -73.4500      13.0400      115.000      2.26287     0.422618    0.0357942
1999-04-29/02:46:01      171.040     -72.4000      13.5000      114.000      1.67200     0.406737    0.0266590
1999-04-29/02:46:21      171.080     -71.5800      13.6000      112.000      1.42458     0.374607    0.0230531
1999-04-29/02:46:40      171.790     -70.2500      13.0500      120.000      2.92475     0.500000    0.0442076
1999-04-29/02:47:00      172.110     -68.9700      12.9000      143.000      3.82588     0.798636    0.0401857
1999-04-29/02:47:20      172.380     -67.4500      12.5300      115.000      2.69276     0.422618    0.0425942
1999-04-29/02:47:40      172.630     -66.2400      13.2500      111.000      2.39953     0.358368    0.0390981
1999-04-29/02:48:01      172.370     -65.3800      13.6100      113.000      1.92248     0.390731    0.0308863
1999-04-29/02:48:21      172.000     -64.2600      12.7000      124.000      1.77427     0.559193    0.0256727
1999-04-29/02:48:41      172.250     -62.6600      12.8400      117.000      3.85261     0.453991    0.0599119
1999-04-29/02:49:01      172.560     -61.2700      12.1800      123.000      3.32815     0.544639    0.0487160
1999-04-29/02:49:40      173.480     -58.6900      14.7500      148.000      3.69041     0.848048    0.0341320
1999-04-29/02:50:00      172.930     -58.0800      14.9400      127.000      4.74053     0.601815    0.0660774
1999-04-29/02:50:20      172.720     -57.0900      13.2500      133.000      8.41973     0.681998     0.107474
1999-04-29/02:50:41      173.360     -55.9100      13.9900      92.0000      4.65757    0.0348995    0.0812404
1999-04-29/02:51:01      173.290     -55.2100      11.8300      135.000      4.07264     0.707107    0.0502618
1999-04-29/02:51:41      173.360     -52.5300      13.2100      151.000      13.4042     0.874620     0.113420
1999-04-29/02:52:00      173.050     -51.2800      12.3000      157.000      6.92310     0.920505    0.0472124
1999-04-29/02:52:20      173.040     -50.0200      13.5800      146.000      6.03401     0.829038    0.0588905
1999-04-29/02:52:40      172.900     -48.9800      14.1200      137.000      5.17898     0.731354    0.0616460
1999-04-29/02:53:00      172.720     -47.9500      13.6900      147.000      2.41432     0.838671    0.0229499
1999-04-29/02:53:21      173.100     -46.6100      13.8000      102.000      3.74086     0.207912    0.0638636
1999-04-29/02:53:41      173.120     -45.7900      14.5000      126.000      3.78039     0.587785    0.0533791
1999-04-29/02:54:01      172.510     -45.5500      13.1700      144.000      7.64877     0.809017    0.0784671
1999-04-29/02:55:00      173.110     -41.3500      13.4800      166.000      22.6875     0.970296    0.0957942
1999-04-29/02:55:20      173.100     -40.1200      11.8300      150.000      12.6688     0.866026     0.110556
1999-04-29/02:55:40      173.020     -39.0000      13.0900      153.000      10.8178     0.891007    0.0857162
1999-04-29/02:56:41      172.350     -35.7400      12.4200      145.000      30.0488     0.819152     0.300812
1999-04-29/02:57:01      171.980     -34.5700      12.4000      158.000      6.02792     0.927184    0.0394112
1999-04-29/02:57:20      172.450     -32.9200      14.5700      160.000      6.19174     0.939693    0.0369608
1999-04-29/02:57:40      172.830     -32.0500      16.7700      160.000      5.53761     0.939693    0.0330561
1999-04-29/02:58:00      172.910     -31.1500      14.1500      123.000      5.86512     0.544639    0.0858511
1999-04-29/02:58:20      172.780     -30.0800      12.5600      146.000      4.50820     0.829038    0.0439989
1999-04-29/02:58:41      172.860     -28.8100      14.4600      156.000      2.04583     0.913545    0.0145231
1999-04-29/02:59:01      172.410     -28.3000      14.6300      145.000      9.33743     0.819152    0.0934751
1999-04-29/02:59:21      170.390     -27.4200      6.28000      150.000      35.6382     0.866026     0.311002
1999-04-29/02:59:41      173.550     -24.9800      16.3600      145.000      30.0488     0.819152     0.300812
1999-04-29/03:00:00      173.260     -24.7000      19.1600      154.000      4.53906     0.898794    0.0347284
1999-04-29/03:00:20      172.220     -24.1900      12.2700      157.000      10.9940     0.920505    0.0749740
1999-04-29/03:00:40      172.550     -22.1900      12.4300      145.000      8.71918     0.819152    0.0872860
1999-04-29/03:01:00      172.570     -21.0200      15.8400      145.000      3.67505     0.819152    0.0367902
1999-04-29/03:01:21      172.850     -19.8000      21.2900      164.000      14.5056     0.961262    0.0697832
1999-04-29/03:01:41      173.250     -18.9800      23.1600      155.000      2.74154     0.906308    0.0202218
1999-04-29/03:02:01      173.190     -18.4000      16.9300      160.000      12.3763     0.939693    0.0738788
1999-04-29/03:03:40      172.110     -12.7600      8.12000      150.000      16.4739     0.866026     0.143762
1999-04-29/03:04:41      172.840     -9.19000      12.8000      143.000      3.08601     0.798636    0.0324144
1999-04-29/03:05:01      172.820     -8.09000      13.3500      152.000      3.72721     0.882948    0.0305401
1999-04-29/03:05:20      172.830     -7.04000      14.2000      142.000      3.79876     0.788011    0.0408189
1999-04-29/03:05:40      172.800     -6.01000      13.4500      125.000      2.01076     0.573576    0.0287476
1999-04-29/03:06:00      172.790     -4.79000      12.6900      119.000      3.17715     0.484810    0.0484992
1999-04-29/03:06:20      172.790     -3.70000      12.8900      107.000      2.89541     0.292372    0.0483263
1999-04-29/03:06:41      172.740     -2.55000      12.4700      128.000      4.25030     0.615661    0.0584560
1999-04-29/03:07:01      172.740     -1.43000      12.7000      135.000      1.83978     0.707107    0.0227054
1999-04-29/03:07:21      172.750    -0.340000      12.7100      122.000      2.26089     0.529919    0.0334640
1999-04-29/03:07:41      172.770     0.720000      12.6400      127.000      3.18256     0.601815    0.0443611
1999-04-29/03:08:00      172.740      1.78000      11.6700      120.000      4.12284     0.500000    0.0623167
1999-04-29/03:08:40      172.720      4.09000      11.4300      137.000      2.27068     0.731354    0.0270282
1999-04-29/03:09:00      172.720      5.19000      11.4900      121.000      2.94793     0.515038    0.0441022
1999-04-29/03:09:21      172.700      6.32000      11.6500      124.000      3.42183     0.559193    0.0495119
1999-04-29/03:09:41      172.700      7.37000      11.5800      128.000      5.03044     0.615661    0.0691856
1999-04-29/03:10:01      172.720      8.52000      10.7400      128.000      7.34587     0.615661     0.101031
1999-04-29/03:10:21      172.690      9.68000      11.2300      136.000      3.14865     0.719340    0.0381745
1999-04-29/03:10:40      172.660      10.7600      11.7700      121.000      3.31091     0.515038    0.0495325
1999-04-29/03:11:00      172.640      11.8400      12.1900      122.000      2.09344     0.529919    0.0309855
1999-04-29/03:11:20      172.620      12.9300      12.2600      125.000      1.91644     0.573576    0.0273992
1999-04-29/03:11:40      172.630      14.0100      12.2200      124.000      1.50721     0.559193    0.0218085
1999-04-29/03:12:01      172.630      15.0800      11.9100      109.000      3.04196     0.325568    0.0501997
1999-04-29/03:12:21      172.590      16.1800      11.8500      125.000      1.91644     0.573576    0.0273992
1999-04-29/03:12:41      172.560      17.2900      11.8400      120.000      2.87450     0.500000    0.0434480
1999-04-29/03:13:01      172.550      18.4100      11.8700      126.000      3.00177     0.587785    0.0423850
1999-04-29/03:13:20      172.550      19.4700      11.9700      131.000      2.64955     0.656059    0.0349003
1999-04-29/03:13:40      172.490      20.6000      12.0200      130.000      2.59759     0.642788    0.0347298
1999-04-29/03:14:00      172.420      21.8000      12.4500      115.000      1.86319     0.422618    0.0294720
1999-04-29/03:14:20      172.440      22.9500      12.5100      122.000      2.40317     0.529919    0.0355699
1999-04-29/03:14:41      172.470      24.0200      11.9000      121.000      2.75133     0.515038    0.0411610
1999-04-29/03:15:01      172.460      24.9500      11.4200      124.000      1.50721     0.559193    0.0218085
1999-04-29/03:15:21      172.350      25.9800      11.8500      121.000      2.56239     0.515038    0.0383344
1999-04-29/03:15:41      172.330      27.0800      11.8200      106.000      2.68499     0.275637    0.0450466
1999-04-29/03:16:00      172.440      28.1700      11.5700      103.000      2.32163     0.224951    0.0394816
1999-04-29/03:16:20      172.280      29.2100      11.8400      98.0000      2.27456     0.139173    0.0393122
1999-04-29/03:16:40      172.020      30.4000      12.4500      118.000      2.81502     0.469472    0.0433804
1999-04-29/03:17:00      171.750      31.6500      12.8500      113.000      1.82806     0.390731    0.0293693
1999-04-29/03:17:21      171.890      33.0300      12.3900      130.000      5.12876     0.642788    0.0685715
1999-04-29/03:17:41      172.090      33.8800      11.6500      110.000      2.55790     0.342020    0.0419514
1999-04-29/03:18:01      172.000      34.9500      11.5200      112.000      1.47353     0.374607    0.0238453
1999-04-29/03:18:21      172.020      35.9600      11.7600      115.000      1.86319     0.422618    0.0294720
1999-04-29/03:18:40      171.940      37.0200      11.8600      114.000      1.51041     0.406737    0.0240825
1999-04-29/03:19:00      171.800      38.1600      12.1800      127.000      3.18256     0.601815    0.0443611
1999-04-29/03:19:20      171.770      39.2600      12.0600      116.000      2.25007     0.438371    0.0352967
1999-04-29/03:19:40      171.730      40.3700      11.6800      117.000      2.93155     0.453991    0.0455885
1999-04-29/03:20:01      171.690      41.5200      11.7300      118.000      2.62505     0.469472    0.0404529
1999-04-29/03:20:21      171.550      42.5500      11.7800      118.000      2.71868     0.469472    0.0418958
1999-04-29/03:20:41      171.290      43.7300      11.8200      128.000      2.71384     0.615661    0.0373245
1999-04-29/03:21:01      171.090      44.9700      12.0200      121.000      2.69424     0.515038    0.0403069
1999-04-29/03:21:20      170.930      46.1600      12.0100      116.000      2.35343     0.438371    0.0369181
1999-04-29/03:21:40      171.070      47.6000      11.5700      120.000      2.75537     0.500000    0.0416474
1999-04-29/03:22:00      171.250      48.6300      11.5600      125.000      1.52111     0.573576    0.0217472
1999-04-29/03:22:20      171.130      49.6300      11.6700      116.000      2.25007     0.438371    0.0352967
1999-04-29/03:22:41      171.030      50.7100      11.8000      120.000      2.46330     0.500000    0.0372328
1999-04-29/03:23:01      170.630      51.8800      12.0000      115.000      2.46981     0.422618    0.0390676
1999-04-29/03:23:21      170.380      53.2300      12.1200      116.000      2.85385     0.438371    0.0447681
1999-04-29/03:23:41      170.190      54.4900      12.1300      131.000      2.64955     0.656059    0.0349003
1999-04-29/03:24:00      169.830      55.9100      12.1300      116.000      2.25007     0.438371    0.0352967
1999-04-29/03:24:20      169.680      56.8600      12.4600      113.000      1.53310     0.390731    0.0246305
1999-04-29/03:24:40      169.690      57.7800      12.4300      115.000      2.04489     0.422618    0.0323462
1999-04-29/03:33:00      181.600      79.2700      9.19000      69.0000      2.73958     0.358368    0.0446389
1999-04-29/03:33:19      180.580      79.2400      8.75000      70.0000      3.32780     0.342020    0.0545784
1999-04-29/03:34:19      183.610      79.8600      10.4600      72.0000      2.89541     0.309017    0.0480611
1999-04-29/03:34:40      181.860      82.8500      10.7800      81.0000      2.54772     0.156434    0.0439187
1999-04-29/03:35:59      197.150      86.1200      10.0300      66.0000      1.87336     0.406737    0.0298696
1999-04-29/03:36:39      249.420      88.1800      10.4400      69.0000      2.88719     0.358368    0.0470440
1999-04-29/03:36:59      254.730      87.4600      10.8300      75.0000      3.22223     0.258819    0.0543222
1999-04-29/03:37:40      308.040      86.9100      10.5800      64.0000      8.38167     0.438371     0.131483
1999-04-29/03:38:00      321.960      86.3000      10.7900      70.0000      3.44885     0.342020    0.0565637
1999-04-29/03:38:20      311.440      86.2800      10.6400      49.0000      3.97021     0.656059    0.0522963
1999-04-29/03:38:39      328.150      84.6800      10.4800      68.0000      3.19789     0.374607    0.0517496
1999-04-29/03:39:19      344.560      81.1200      10.6400      73.0000      2.94420     0.292372    0.0491407
1999-04-29/03:39:39      346.830      79.6300      10.3400      69.0000      3.10278     0.358368    0.0505569
1999-04-29/03:40:00      349.630      77.7600      10.7900      68.0000      2.39953     0.374607    0.0388302
1999-04-29/03:40:20      350.140      76.5200      10.8800      70.0000      3.11900     0.342020    0.0511539
1999-04-29/03:40:40      350.720      75.1900      10.8900      72.0000      3.00550     0.309017    0.0498885
1999-04-29/04:34:41      162.610     -83.0700      14.7800      107.000      1.99452     0.292372    0.0332899
1999-04-29/04:35:01      164.880     -81.5900      14.7000      115.000      2.26287     0.422618    0.0357942
1999-04-29/04:35:21      164.620     -80.6700      15.0500      118.000      3.01293     0.469472    0.0464303
1999-04-29/04:35:41      162.200     -80.3300      15.0600      113.000      1.39088     0.390731    0.0223457
1999-04-29/04:36:00      161.010     -79.7300      14.6400      114.000      1.58638     0.406737    0.0252938
1999-04-29/04:36:20      168.400     -76.4900      14.3800      125.000      1.58056     0.573576    0.0225971
1999-04-29/04:36:40      170.000     -75.0100      14.2900      130.000      2.80401     0.642788    0.0374896
1999-04-29/04:37:00      170.840     -73.0500      14.5200      125.000      1.91644     0.573576    0.0273992
1999-04-29/04:37:21      170.850     -71.7500      15.4700      125.000      1.91644     0.573576    0.0273992
1999-04-29/04:37:41      170.240     -71.4800      15.2200      116.000      4.41855     0.438371    0.0693134
1999-04-29/04:38:01      171.080     -69.9900      14.6100      145.000      7.68005     0.819152    0.0768834
1999-04-29/04:38:21      171.130     -68.8700      14.0800      148.000      6.26250     0.848048    0.0579208
1999-04-29/04:38:40      171.760     -67.0500      14.2600      138.000      8.26807     0.743145    0.0965589
1999-04-29/04:39:00      171.860     -65.9400      14.8400      110.000      3.00121     0.342020    0.0492220
1999-04-29/04:39:20      171.470     -65.1100      14.6500      126.000      3.78039     0.587785    0.0533791
1999-04-29/04:39:40      171.690     -63.5000      13.8400      134.000      2.32540     0.694658    0.0291950
1999-04-29/04:40:01      171.980     -62.0000      14.1000      117.000      2.31939     0.453991    0.0360688
1999-04-29/04:40:21      172.280     -60.6800      13.8800      139.000      6.46150     0.754710    0.0739867
1999-04-29/04:40:41      172.690     -59.4400      14.6100      137.000      3.85431     0.731354    0.0458783
1999-04-29/04:41:01      172.560     -58.4100      15.3900      129.000      5.52914     0.629321    0.0749959
1999-04-29/04:41:20      172.040     -57.5600      15.7200      118.000      9.49771     0.469472     0.146363
1999-04-29/04:41:40      172.110     -56.5100      15.8700      166.000      9.43646     0.970296    0.0398439
1999-04-29/04:42:00      172.080     -56.5600      14.9000      129.000      4.10091     0.629321    0.0556237
1999-04-29/04:42:20      172.330     -54.6800      12.1100      145.000      4.84072     0.819152    0.0484595
1999-04-29/04:42:41      172.530     -53.0900      13.7200      97.0000      3.62364     0.121869    0.0627730
1999-04-29/04:43:01      172.390     -52.1200      13.2500      159.000      4.48864     0.933580    0.0280751
1999-04-29/04:43:21      172.390     -50.6500      13.5400      151.000      12.6830     0.874620     0.107317
1999-04-29/04:43:41      172.310     -49.4700      15.0600      138.000      4.02178     0.743145    0.0469685
1999-04-29/04:44:00      172.290     -48.4000      15.7100      151.000      5.30607     0.874620    0.0448974
1999-04-29/04:44:20      172.270     -47.3700      15.2500      159.000      3.27643     0.933580    0.0204931
1999-04-29/04:44:40      172.380     -46.2500      15.8200      116.000      4.18389     0.438371    0.0656323
1999-04-29/04:45:00      172.190     -45.6500      15.5300      158.000      6.54353     0.927184    0.0427824
1999-04-29/04:45:21      171.480     -44.7900      12.5100      158.000      6.54353     0.927184    0.0427824
1999-04-29/04:45:41      172.040     -42.8200      12.5900      171.000      11.4516     0.987688    0.0312663
1999-04-29/04:46:01      172.340     -41.8000      15.9900      175.000      45.0000     0.996195    0.0684519
1999-04-29/04:46:21      172.130     -41.3400      14.0900      129.000      25.6400     0.629321     0.347775
1999-04-29/04:47:00      172.260     -38.6700      13.9100      91.0000      20.6698    0.0174525     0.360701
1999-04-29/04:47:20      171.820     -37.8800      11.5300      166.000      26.7370     0.970296     0.112893
1999-04-29/04:47:40      171.890     -36.1300      14.0000      164.000      8.55811     0.961262    0.0411712
1999-04-29/04:48:01      172.000     -35.0300      15.3700      167.000      6.02067     0.974370    0.0236380
1999-04-29/04:48:21      171.950     -33.7300      15.4600      157.000      8.41784     0.920505    0.0574058
1999-04-29/04:48:41      172.280     -32.5600      17.3800      156.000      11.4680     0.913545    0.0814101
1999-04-29/04:49:01      172.120     -31.7100      18.1100      164.000      4.65245     0.961262    0.0223819
1999-04-29/04:49:20      172.040     -30.7700      16.4300      167.000      2.54432     0.974370   0.00998934
1999-04-29/04:49:40      172.130     -29.5400      14.6800      146.000      2.27322     0.829038    0.0221861
1999-04-29/04:50:00      172.190     -28.3900      16.0400      147.000      2.72951     0.838671    0.0259460
1999-04-29/04:50:20      171.840     -27.7100      17.5600      163.000      6.23175     0.956305    0.0317997
1999-04-29/04:51:01      172.490     -24.8500      15.6200      161.000      5.21616     0.945519    0.0296394
1999-04-29/04:51:21      172.230     -24.1700      16.9300      157.000      5.59402     0.920505    0.0381486
1999-04-29/04:51:41      171.720     -23.0200      12.3000      151.000      37.2472     0.874620     0.315168
1999-04-29/04:52:00      171.890     -21.5300      17.6200      159.000      5.78167     0.933580    0.0361626
1999-04-29/04:52:20      172.140     -20.5700      23.5000      166.000      6.00191     0.970296    0.0253421
1999-04-29/04:52:40      172.480     -19.8100      22.2400      147.000      5.18183     0.838671    0.0492571
1999-04-29/04:53:00      172.380     -18.8600      15.9400      160.000      11.2342     0.939693    0.0670612
1999-04-29/04:53:21      171.880     -17.8500      14.7500      155.000      11.6969     0.906308    0.0862773
1999-04-29/04:53:41      171.740     -16.3400      14.0700      154.000      4.38000     0.898794    0.0335115
1999-04-29/04:54:01      171.940     -15.2300      19.1000      158.000      4.56529     0.927184    0.0298484
1999-04-29/04:54:21      171.870     -14.3500      17.6900      166.000      2.51305     0.970296    0.0106109
1999-04-29/04:54:40      171.840     -13.2300      14.8500      151.000      4.50175     0.874620    0.0380917
1999-04-29/04:55:20      171.950     -10.7300      13.8100      147.000      3.98005     0.838671    0.0378333
1999-04-29/04:55:40      172.050     -9.64000      16.6100      160.000      5.71963     0.939693    0.0341426
1999-04-29/04:56:01      172.020     -8.66000      16.8000      151.000      13.0184     0.874620     0.110156
1999-04-29/04:56:21      172.050     -7.56000      15.8900      92.0000      20.8008    0.0348995     0.362821
1999-04-29/04:56:41      172.010     -6.50000      15.7000      148.000      4.89593     0.848048    0.0452816
1999-04-29/04:57:01      171.920     -5.40000      14.9300      98.0000      3.01301     0.139173    0.0520752
1999-04-29/04:57:20      171.900     -4.27000      14.7500      103.000      3.80260     0.224951    0.0646669
1999-04-29/04:57:40      171.860     -3.17000      14.9900      117.000      2.81654     0.453991    0.0438000
1999-04-29/04:58:00      171.830     -2.07000      15.4200      117.000      4.00009     0.453991    0.0622054
1999-04-29/04:58:20      171.850     -1.01000      15.8900      141.000      4.16401     0.777146    0.0457363
1999-04-29/04:58:41      171.880    0.0900000      15.7300      114.000      3.21946     0.406737    0.0513323
1999-04-29/04:59:01      171.890      1.14000      14.7500      114.000      1.94222     0.406737    0.0309675
1999-04-29/04:59:21      171.840      2.29000      14.1100      139.000      3.61108     0.754710    0.0413483
1999-04-29/04:59:41      171.790      3.45000      14.2500      132.000      2.66416     0.669131    0.0345550
1999-04-29/05:00:00      171.770      4.51000      14.8300      145.000      2.02115     0.819152    0.0202333
1999-04-29/05:00:20      171.750      5.61000      15.6000      145.000      1.94633     0.819152    0.0194843
1999-04-29/05:00:40      171.780      6.63000      15.9300      153.000      4.73466     0.891007    0.0375157
1999-04-29/05:01:00      171.760      7.71000      14.0500      119.000      4.29604     0.484810    0.0655790
1999-04-29/05:01:21      171.680      8.96000      13.4000      141.000      6.78775     0.777146    0.0745547
1999-04-29/05:01:41      171.650      10.0900      14.4500      140.000      2.62813     0.766045    0.0294844
1999-04-29/05:02:01      171.640      11.1500      15.1300      116.000      3.12038     0.438371    0.0489491
1999-04-29/05:02:21      171.640      12.2200      15.1500      120.000      2.21718     0.500000    0.0335127
1999-04-29/05:02:40      171.640      13.2800      14.9000      118.000      2.62505     0.469472    0.0404529
1999-04-29/05:03:00      171.620      14.3900      14.7700      127.000      3.96993     0.601815    0.0553361
1999-04-29/05:03:20      171.590      15.5000      14.9700      136.000      2.18785     0.719340    0.0265257
1999-04-29/05:03:40      171.570      16.5800      15.0100      126.000      3.17024     0.587785    0.0447638
1999-04-29/05:04:01      171.550      17.7200      14.9000      115.000      2.46981     0.422618    0.0390676
1999-04-29/05:04:21      171.520      18.8300      15.0000      123.000      1.76984     0.544639    0.0259061
1999-04-29/05:04:41      171.500      19.9200      15.0100      120.000      2.61527     0.500000    0.0395298
1999-04-29/05:05:01      171.470      21.0200      14.9600      120.000      2.97762     0.500000    0.0450067
1999-04-29/05:05:20      171.430      22.1000      14.8800      126.000      3.00177     0.587785    0.0423850
1999-04-29/05:05:40      171.410      23.2200      14.8900      121.000      2.69424     0.515038    0.0403069
1999-04-29/05:06:00      171.380      24.3200      15.0800      122.000      2.09344     0.529919    0.0309855
1999-04-29/05:06:20      171.350      25.4300      15.0900      130.000      3.40025     0.642788    0.0454613
1999-04-29/05:06:41      171.320      26.5600      15.3900      120.000      2.53734     0.500000    0.0383519
1999-04-29/05:07:01      171.280      27.6500      15.3200      135.000      1.68462     0.707107    0.0207905
1999-04-29/05:07:21      171.240      28.7400      15.2500      125.000      1.71507     0.573576    0.0245202
1999-04-29/05:07:41      171.190      29.8400      14.9800      117.000      2.45583     0.453991    0.0381906
1999-04-29/05:08:00      171.170      30.9400      14.9600      127.000      2.82921     0.601815    0.0394358
1999-04-29/05:08:20      171.130      32.0400      15.1500      123.000      2.04324     0.544639    0.0299081
1999-04-29/05:08:40      171.150      33.0900      15.4200      121.000      2.63036     0.515038    0.0393512
1999-04-29/05:09:00      171.080      34.1900      14.7000      123.000      1.71277     0.544639    0.0250708
1999-04-29/05:09:21      171.050      35.3700      14.6700      116.000      2.75008     0.438371    0.0431403
1999-04-29/05:09:41      171.020      36.4800      14.6800      103.000      2.41720     0.224951    0.0411068
1999-04-29/05:10:01      170.980      37.6200      14.6700      119.000      2.87886     0.484810    0.0439458
1999-04-29/05:10:21      170.940      38.7300      15.0100      124.000      1.55036     0.559193    0.0224328
1999-04-29/05:10:40      170.910      39.7800      15.0300      117.000      2.58715     0.453991    0.0402328
1999-04-29/05:11:00      170.840      40.9300      14.8300      124.000      1.61080     0.559193    0.0233074
1999-04-29/05:11:20      170.790      42.0500      15.1400      124.000      1.90183     0.559193    0.0275184
1999-04-29/05:11:40      170.760      43.1600      15.1300      119.000      2.45967     0.484810    0.0375468
1999-04-29/05:12:01      170.690      44.3400      15.2700      115.000      2.55251     0.422618    0.0403757
1999-04-29/05:12:21      170.690      45.4100      15.4500      116.000      2.47717     0.438371    0.0388592
1999-04-29/05:12:41      170.610      46.5200      15.2200      121.000      2.75133     0.515038    0.0411610
1999-04-29/05:13:01      170.540      47.6600      15.2100      124.000      1.37144     0.559193    0.0198440
1999-04-29/05:13:20      170.460      48.7400      15.4300      122.000      2.04105     0.529919    0.0302101
1999-04-29/05:13:40      170.390      49.8500      15.3600      116.000      1.84698     0.438371    0.0289734
1999-04-29/05:14:00      170.340      50.9600      15.3000      116.000      2.25007     0.438371    0.0352967
1999-04-29/05:14:20      170.270      52.0800      15.2300      120.000      2.31453     0.500000    0.0349841
1999-04-29/05:14:41      170.150      53.2400      15.1800      121.000      2.75133     0.515038    0.0411610
1999-04-29/05:15:01      170.020      54.3700      15.3600      124.000      1.50721     0.559193    0.0218085
1999-04-29/05:15:21      169.890      55.4900      15.6900      112.000      1.61897     0.374607    0.0261988
1999-04-29/05:15:41      169.860      56.5100      15.8800      118.000      2.81502     0.469472    0.0433804
1999-04-29/05:16:00      169.770      57.5900      15.5500      120.000      2.53734     0.500000    0.0383519
1999-04-29/05:16:20      169.480      58.8400      15.3800      126.000      3.00177     0.587785    0.0423850
1999-04-29/05:16:40      169.240      60.0600      15.5300      122.000      2.04105     0.529919    0.0302101
1999-04-29/05:17:00      169.100      61.2100      15.6900      120.000      2.92475     0.500000    0.0442076
1999-04-29/05:17:21      168.960      62.3300      15.7000      116.000      3.45764     0.438371    0.0542397
1999-04-29/05:17:41      168.740      63.4500      15.6100      113.000      1.69368     0.390731    0.0272104
1999-04-29/05:18:01      168.560      64.6000      15.3700      117.000      2.45583     0.453991    0.0381906
1999-04-29/05:18:21      168.140      65.9500      15.2300      123.000      1.66979     0.544639    0.0244417
1999-04-29/05:18:40      167.580      67.2400      15.3300      121.000      2.35910     0.515038    0.0352931
1999-04-29/05:19:00      167.260      68.4000      15.6400      123.000      4.07612     0.544639    0.0596645
1999-04-29/05:19:20      166.890      69.5400      15.6200      114.000      1.67200     0.406737    0.0266590
1999-04-29/05:19:40      166.140      70.7900      15.5600      119.000      3.07917     0.484810    0.0470035
1999-04-29/05:20:01      165.640      72.0400      15.7900      113.000      1.31741     0.390731    0.0211653
1999-04-29/05:20:21      165.140      73.2000      15.7900      115.000      2.36999     0.422618    0.0374886
1999-04-29/05:20:41      164.420      74.4400      15.7300      116.000      2.61791     0.438371    0.0410669
1999-04-29/05:21:01      163.300      75.7700      15.6900      112.000      1.86436     0.374607    0.0301698
1999-04-29/05:21:20      162.070      77.0800      15.6100      104.000      1.91551     0.241922    0.0324389
1999-04-29/05:21:40      160.120      78.4400      15.5700      110.000      2.27385     0.342020    0.0372928
1999-04-29/05:22:00      157.250      79.8900      15.5400      105.000      2.14212     0.258819    0.0361131
1999-04-29/05:53:40      351.290      2.05000      13.2800      46.0000      5.17562     0.694658    0.0649791
1999-04-29/05:54:00      351.280     0.940000      13.3700      85.0000      3.60684    0.0871558    0.0627117
1999-04-29/05:54:39      351.290     -1.21000      13.7700      45.0000      4.40170     0.707107    0.0543229
1999-04-29/05:54:59      351.260     -2.30000      13.6400      37.0000      3.79876     0.798635    0.0399009
1999-04-29/05:55:19      351.210     -3.35000      12.5700      36.0000      6.77975     0.809017    0.0695520
1999-04-29/05:55:39      351.250     -4.56000      12.6700      57.0000      3.96800     0.544639    0.0580819
1999-04-29/05:56:00      351.250     -5.66000      13.4300      46.0000      9.01497     0.694658     0.113182
1999-04-29/05:56:40      351.220     -7.92000      13.7300      55.0000      3.61780     0.573576    0.0517233
1999-04-29/05:57:00      351.210     -8.99000      14.3400      48.0000      4.20512     0.669131    0.0545418
1999-04-29/05:58:40      351.110     -14.6300      13.8100      9.00000      45.0000     0.987688     0.122863
1999-04-29/05:59:00      351.020     -15.6800      14.2100      43.0000      24.0070     0.731354     0.285758
1999-04-29/05:59:20      351.000     -16.7300      14.1800      75.0000      3.22223     0.258819    0.0543222
1999-04-29/05:59:40      351.050     -17.8400      13.6200      78.0000      1.85434     0.207912    0.0316571
1999-04-29/05:59:59      351.070     -18.9100      13.1200      55.0000      2.39890     0.573576    0.0342968
1999-04-29/06:00:19      351.040     -20.0200      13.4200      50.0000      3.48074     0.642788    0.0465375
1999-04-29/06:00:59      350.920     -22.2300      12.6000      41.0000      8.92662     0.754710     0.102213
1999-04-29/06:01:20      350.880     -23.4500      13.2100      44.0000      3.84070     0.719340    0.0465649
1999-04-29/06:01:40      350.920     -24.5000      13.6300      49.0000      4.50733     0.656059    0.0593713
1999-04-29/06:03:19      350.890     -30.0100      12.8600      33.0000      13.0978     0.838671     0.124504
1999-04-29/06:03:39      350.810     -31.0200      13.4100      31.0000      5.78530     0.857167    0.0520047
1999-04-29/06:05:00      350.700     -35.6100      13.0700      84.0000      3.72461     0.104528    0.0646506
1999-04-29/06:05:19      350.630     -36.6700      13.0000      45.0000      6.10311     0.707107    0.0753206
1999-04-29/06:05:39      350.480     -37.7800      13.3000      52.0000      4.74053     0.615661    0.0651983
1999-04-29/06:05:59      350.300     -38.8600      13.9100      38.0000      30.1216     0.788011     0.323666
1999-04-29/06:06:19      350.230     -39.8600      13.6400      37.0000      13.0080     0.798635     0.136632
1999-04-29/06:07:20      350.500     -43.5000      12.9200      57.0000      21.3608     0.544639     0.312670
1999-04-29/06:07:59      350.270     -45.7200      12.7700      33.0000      28.3908     0.838671     0.269876
1999-04-29/06:08:19      350.140     -46.7500      12.9900      48.0000      25.9298     0.669131     0.336318
1999-04-29/06:24:01      164.940     -86.9400      10.9900      125.000      3.38424     0.573576    0.0483841
1999-04-29/06:24:21      167.440     -84.8700      10.4200      126.000      2.37413     0.587785    0.0335227
1999-04-29/06:24:41      172.310     -83.2300      10.7100      136.000      2.05540     0.719340    0.0249198
1999-04-29/06:25:01      172.980     -82.3200      11.0800      129.000      2.90193     0.629321    0.0393611
1999-04-29/06:25:20      172.300     -81.4100      11.3700      115.000      2.62014     0.422618    0.0414455
1999-04-29/06:25:40      171.900     -80.3400      11.2200      121.000      2.35910     0.515038    0.0352931
1999-04-29/06:26:00      171.750     -79.2800      11.0700      115.000      2.62014     0.422618    0.0414455
1999-04-29/06:26:20      171.560     -77.9100      11.0400      117.000      2.05042     0.453991    0.0318861
1999-04-29/06:26:41      170.980     -76.8700      11.3200      103.000      1.57584     0.224951    0.0267987
1999-04-29/06:27:01      170.230     -75.8800      11.0800      120.000      2.39210     0.500000    0.0361566
1999-04-29/06:27:21      170.410     -74.6900      10.6400      131.000      2.44896     0.656059    0.0322581
1999-04-29/06:27:41      170.830     -73.7500      10.6300      123.000      1.61630     0.544639    0.0236587
1999-04-29/06:28:00      171.140     -72.5000      10.1600      132.000      2.34358     0.669131    0.0303970
1999-04-29/06:28:40      171.660     -69.8300      11.7500      109.000      5.45873     0.325568    0.0900822
1999-04-29/06:29:00      171.410     -68.8500      10.6500      150.000      7.68487     0.866026    0.0670631
1999-04-29/06:29:21      171.580     -67.6000      9.77000      135.000      9.18601     0.707107     0.113368
1999-04-29/06:29:41      171.290     -66.2700      9.52000      131.000      4.89541     0.656059    0.0644832
1999-04-29/06:30:01      171.280     -65.2000      10.4800      119.000      3.07917     0.484810    0.0470035
1999-04-29/06:30:21      171.230     -64.2800      10.3500      143.000      2.70410     0.798636    0.0284029
1999-04-29/06:30:40      170.920     -63.1400      9.74000      137.000      7.46158     0.731354    0.0888160
1999-04-29/06:31:00      171.160     -61.8300      9.60000      142.000      7.17296     0.788011    0.0770757
1999-04-29/06:31:40      171.650     -59.4700      9.30000      122.000      5.22966     0.529919    0.0774054
1999-04-29/06:32:01      171.870     -58.3600      8.94000      130.000      7.72989     0.642788     0.103349
1999-04-29/06:32:41      171.480     -55.9400      11.3300      170.000      45.0000     0.984808     0.136383
1999-04-29/06:33:01      171.160     -55.3200      10.6500      168.000      27.1710     0.978148    0.0985966
1999-04-29/06:34:00      171.450     -51.9000      7.93000      156.000      39.3380     0.913545     0.279256
1999-04-29/06:35:01      171.560     -48.4300      10.7100      166.000      45.0000     0.970296     0.190005
1999-04-29/06:35:21      171.510     -47.3500      11.2300      148.000      32.7620     0.848048     0.303010
1999-04-29/06:35:41      171.470     -46.3000      10.6400      149.000      31.4226     0.857167     0.282461
1999-04-29/06:36:00      171.330     -45.2700      10.7000      104.000      9.26910     0.241922     0.156971
1999-04-29/06:36:20      170.620     -44.1500      7.89000      153.000      32.8278     0.891007     0.260115
1999-04-29/06:36:40      170.630     -42.4800      9.83000      170.000      45.0000     0.984808     0.136383
1999-04-29/06:37:00      171.070     -41.5000      10.1300      131.000      25.9298     0.656059     0.341552
1999-04-29/06:37:21      171.170     -40.5400      9.24000      158.000      42.4920     0.927184     0.277818
1999-04-29/06:37:41      170.270     -39.4300      6.84000      130.000      25.7972     0.642788     0.344909
1999-04-29/06:38:01      170.480     -38.3400      8.97000      127.000      22.1762     0.601815     0.309110
1999-04-29/06:38:21      170.090     -37.9300      9.76000      160.000      12.0822     0.939693    0.0721232
1999-04-29/06:38:40      170.740     -36.4500      11.5500      153.000      16.0327     0.891007     0.127037
1999-04-29/06:39:00      171.160     -35.6600      11.8600      171.000      22.5551     0.987688    0.0615821
1999-04-29/06:39:20      171.170     -34.2100      11.1900      148.000      6.91827     0.848048    0.0639859
1999-04-29/06:39:40      171.200     -33.1200      12.3000      139.000      27.2650     0.754710     0.312195
1999-04-29/06:40:01      171.160     -31.8300      14.7000      148.000      14.5323     0.848048     0.134407
1999-04-29/06:40:21      171.080     -31.0700      13.9400      164.000      10.0542     0.961262    0.0483685
1999-04-29/06:40:41      170.770     -29.8500      11.6000      147.000      30.4102     0.838671     0.289071
1999-04-29/06:41:01      170.500     -28.6300      12.6900      162.000      8.75620     0.951056    0.0472254
1999-04-29/06:41:20      170.730     -27.4900      13.3700      166.000      15.2224     0.970296    0.0642740
1999-04-29/06:42:41      170.140     -22.7400      15.1100      158.000      42.4920     0.927184     0.277818
1999-04-29/06:43:01      170.370     -21.5900      18.9300      169.000      28.0233     0.981627    0.0933244
1999-04-29/06:43:21      171.120     -20.8800      19.3300      156.000      39.3380     0.913545     0.279256
1999-04-29/06:44:00      170.790     -18.7300      7.11000      166.000      45.0000     0.970296     0.190005
1999-04-29/06:44:20      170.950     -17.5500      9.67000      164.000      18.8728     0.961262    0.0907929
1999-04-29/06:44:40      170.950     -16.5300      10.6100      172.000      29.5230     0.990268    0.0717123
1999-04-29/06:45:00      171.310     -15.5100      10.5200      172.000      31.5841     0.990268    0.0767187
1999-04-29/06:45:21      171.540     -14.4500      8.84000      101.000      8.50137     0.190809     0.145651
1999-04-29/06:46:01      171.300     -12.0400      6.94000      154.000      36.0924     0.898794     0.276144
1999-04-29/06:46:40      171.310     -9.63000      9.05000      128.000      5.62066     0.615661    0.0773031
1999-04-29/06:47:00      171.240     -8.70000      10.6700      113.000      6.31137     0.390731     0.101397
1999-04-29/06:47:20      171.100     -7.73000      10.3100      112.000      3.60949     0.374607    0.0584102
1999-04-29/06:47:40      171.040     -6.50000      9.73000      129.000      4.96968     0.629321    0.0674075
1999-04-29/06:48:01      170.990     -5.35000      10.6000      152.000      38.7864     0.882948     0.317809
1999-04-29/06:48:21      170.900     -4.22000      10.9300      157.000      18.4084     0.920505     0.125537
1999-04-29/06:48:41      170.880     -3.06000      11.4800      162.000      21.3802     0.951056     0.115311
1999-04-29/06:49:01      170.900     -2.35000      10.7000      168.000      45.0000     0.978148     0.163293
1999-04-29/06:49:20      170.920     -1.68000      11.4800      150.000      7.35244     0.866026    0.0641621
1999-04-29/06:49:40      170.790    -0.640000      11.2900      100.000      2.30634     0.173648    0.0396417
1999-04-29/06:50:00      170.720     0.400000      11.3400      134.000      2.05788     0.694658    0.0258364
1999-04-29/06:50:41      170.540      2.85000      10.9700      138.000      3.05575     0.743145    0.0356867
1999-04-29/06:51:01      170.550      3.90000      11.7000      131.000      2.86963     0.656059    0.0377993
1999-04-29/06:51:21      170.550      4.99000      11.5800      123.000      1.61630     0.544639    0.0236587
1999-04-29/06:51:41      170.600      6.00000      11.6900      122.000      2.14938     0.529919    0.0318135
1999-04-29/06:52:00      170.570      6.96000      9.98000      138.000      7.30121     0.743145    0.0852674
1999-04-29/06:52:20      170.360      8.30000      9.88000      124.000      5.55415     0.559193    0.0803654
1999-04-29/06:52:40      170.310      9.45000      11.3300      125.000      1.84329     0.573576    0.0263533
1999-04-29/06:53:00      170.350      10.5300      11.9100      140.000      4.85964     0.766045    0.0545191
1999-04-29/06:53:21      170.360      11.6400      11.6300      123.000      2.17132     0.544639    0.0317828
1999-04-29/06:53:41      170.310      12.7500      11.4500      111.000      2.16209     0.358368    0.0352292
1999-04-29/06:54:01      170.230      13.9400      11.1500      94.0000      2.66392    0.0697566    0.0463809
1999-04-29/06:54:21      170.170      15.2000      11.0200      119.000      3.71706     0.484810    0.0567409
1999-04-29/06:54:40      170.260      16.2300      10.6000      109.000      3.18880     0.325568    0.0526229
1999-04-29/06:55:00      170.220      17.3000      10.3800      115.000      2.55251     0.422618    0.0403757
1999-04-29/06:55:20      170.210      18.3600      10.5000      122.000      2.11743     0.529919    0.0313406
1999-04-29/06:55:40      170.180      19.4000      10.6600      114.000      2.26885     0.406737    0.0361754
1999-04-29/06:56:01      170.150      20.4900      10.6500      112.000      1.81141     0.374607    0.0293130
1999-04-29/06:56:21      170.080      21.5600      10.9200      126.000      2.65970     0.587785    0.0375550
1999-04-29/06:56:41      170.060      22.7000      10.6300      126.000      3.07954     0.587785    0.0434831
1999-04-29/06:57:01      170.060      23.8800      10.4700      121.000      2.63036     0.515038    0.0393512
1999-04-29/06:57:20      170.070      25.0100      10.5300      114.000      1.85548     0.406737    0.0295845
1999-04-29/06:57:40      170.080      26.1500      10.4700      121.000      2.42035     0.515038    0.0362094
1999-04-29/06:58:00      170.220      27.3500      10.3400      117.000      3.85261     0.453991    0.0599119
1999-04-29/06:58:20      170.350      28.4400      10.4100      127.000      2.74226     0.601815    0.0382239
1999-04-29/06:58:41      170.430      29.5000      10.3300      115.000      2.26287     0.422618    0.0357942
1999-04-29/06:59:01      170.490      30.4900      10.0400      116.000      1.94197     0.438371    0.0304635
1999-04-29/06:59:21      170.540      31.4800      9.90000      114.000      1.76200     0.406737    0.0280940
1999-04-29/06:59:41      170.690      32.4200      9.58000      104.000      2.26526     0.241922    0.0383619
1999-04-29/07:00:00      170.860      33.4400      8.88000      110.000      3.29185     0.342020    0.0539887
1999-04-29/07:00:20      170.740      34.6200      8.52000      102.000      3.72861     0.207912    0.0636544
1999-04-29/07:00:40      170.530      35.8400      8.61000      115.000      3.61512     0.422618    0.0571842
1999-04-29/07:01:00      170.310      36.8800      9.12000      106.000      3.45951     0.275637    0.0580408
1999-04-29/07:01:21      170.250      37.9700      9.39000      132.000      3.84916     0.669131    0.0499249
1999-04-29/07:01:41      170.230      39.0800      9.41000      98.0000      2.71465     0.139173    0.0469185
1999-04-29/07:02:01      170.240      40.5000      9.81000      117.000      2.05042     0.453991    0.0318861
1999-04-29/07:02:21      170.250      41.6400      10.4900      112.000      1.94513     0.374607    0.0314769
1999-04-29/07:02:40      170.360      42.7300      10.7300      117.000      4.45875     0.453991    0.0693380
1999-04-29/07:03:00      170.270      44.0200      10.8300      112.000      1.86436     0.374607    0.0301698
1999-04-29/07:03:20      169.860      45.4100      10.6700      131.000      3.31843     0.656059    0.0437109
1999-04-29/07:03:40      169.610      46.5800      10.4200      112.000      1.94513     0.374607    0.0314769
1999-04-29/07:04:01      169.340      47.8700      10.3700      114.000      1.58638     0.406737    0.0252938
1999-04-29/07:04:21      169.310      49.1400      10.6800      108.000      2.25162     0.309017    0.0373748
1999-04-29/07:04:41      169.350      50.2000      10.4900      113.000      1.64092     0.390731    0.0263628
1999-04-29/07:05:01      169.130      51.5500      10.3500      119.000      2.94180     0.484810    0.0449066
1999-04-29/07:05:20      168.330      53.0500      9.90000      119.000      2.34718     0.484810    0.0358297
1999-04-29/07:05:40      167.380      54.4500      9.70000      114.000      1.51041     0.406737    0.0240825
1999-04-29/07:14:20      170.560      72.8300      7.50000      72.0000      2.89541     0.309017    0.0480611
1999-04-29/07:14:39      167.490      74.1800      7.59000      74.0000      2.68027     0.275637    0.0449674
1999-04-29/07:14:59      166.180      74.1800      7.62000      75.0000      2.01372     0.258819    0.0339485
1999-04-29/07:15:19      166.540      75.8300      7.89000      70.0000      2.83748     0.342020    0.0465367
1999-04-29/07:15:39      166.290      77.5100      8.09000      69.0000      2.45938     0.358368    0.0400733
1999-04-29/07:17:00      158.550      81.9900      9.74000      72.0000      2.44629     0.309017    0.0406061
1999-04-29/07:17:59      168.070      85.3500      11.3700      71.0000      2.51776     0.325568    0.0415491
1999-04-29/07:18:19      172.690      87.2500      12.2300      63.0000      2.47717     0.453990    0.0385225
1999-04-29/07:18:40      174.860      87.9000      12.4500      80.0000      2.27326     0.173648    0.0390731
1999-04-29/07:19:00      307.420      89.4600      11.8700      74.0000      1.78862     0.275637    0.0300080
1999-04-29/07:19:20      332.750      88.1100      12.7500      73.0000      1.80236     0.292372    0.0300826
1999-04-29/07:19:40      338.750      87.0300      13.1700      78.0000      1.35630     0.207912    0.0231546
1999-04-29/07:19:59      341.670      86.0200      12.9300      45.0000      5.00893     0.707107    0.0618169
1999-04-29/07:20:19      342.930      84.8500      13.5700      64.0000      3.24076     0.438371    0.0508375
1999-04-29/07:20:39      341.880      84.5600      13.4500      48.0000      2.80781     0.669131    0.0364182
1999-04-29/07:20:59      344.380      83.3300      13.1700      75.0000      2.45144     0.258819    0.0413278
1999-04-29/07:21:20      346.600      81.5500      13.2500      76.0000      1.83560     0.241922    0.0310856
1999-04-29/07:21:40      347.240      80.4100      13.2800      77.0000      1.43056     0.224951    0.0243281
1999-04-29/07:22:00      348.510      78.9600      13.0100      79.0000      2.37992     0.190809    0.0407743
1999-04-29/07:22:39      349.530      76.3800      13.2100      87.0000      1.62515    0.0523359    0.0283253
1999-04-29/07:22:59      349.610      75.2100      13.2200      89.0000      1.15647    0.0174524    0.0201811
1999-04-29/07:23:19      349.410      74.1600      13.1300      87.0000      1.48983    0.0523359    0.0259668
1999-04-29/07:23:39      349.520      72.9500      12.8400      77.0000      1.49575     0.224951    0.0254367
1999-04-29/07:24:00      349.760      71.6200      12.7200      85.0000      2.32592    0.0871558    0.0404405
1999-04-29/07:24:40      350.050      69.1200      12.0700      85.0000      2.66392    0.0871558    0.0463173
1999-04-29/07:25:19      350.380      66.6800      12.1600      89.0000      1.40186    0.0174524    0.0244633
1999-04-29/07:27:00      350.280      61.0900      13.0700      88.0000      1.56751    0.0348994    0.0273415
1999-04-29/07:27:20      350.350      60.1000      13.4600      72.0000      2.56265     0.309017    0.0425376
1999-04-29/07:27:40      350.300      59.0900      13.4100      69.0000      2.88719     0.358368    0.0470440
1999-04-29/07:27:59      350.250      58.0800      13.6900      78.0000      2.40509     0.207912    0.0410594
1999-04-29/07:28:19      350.070      56.9400      13.9800      89.0000      1.59087    0.0174524    0.0277617
1999-04-29/07:28:39      349.820      55.8000      14.2300      89.0000      1.27008    0.0174524    0.0221637
1999-04-29/07:28:59      349.570      54.7700      14.1900      79.0000      2.06637     0.190809    0.0354023
1999-04-29/07:29:20      349.580      53.6300      13.6300      71.0000      2.88853     0.325568    0.0476677
1999-04-29/07:29:40      349.590      52.5400      13.7300      79.0000      2.08986     0.190809    0.0358048
1999-04-29/07:30:00      349.590      51.6100      13.4800      78.0000      1.63026     0.207912    0.0278316
1999-04-29/07:30:20      349.630      50.4800      13.5500      74.0000      2.24074     0.275637    0.0375933
1999-04-29/07:30:39      349.760      49.2200      13.5300      79.0000      1.69625     0.190809    0.0290612
1999-04-29/07:30:59      349.710      47.9500      13.1800      83.0000      1.65132     0.121869    0.0286061
1999-04-29/07:31:19      349.550      46.7200      12.7900      80.0000      1.94289     0.173648    0.0333947
1999-04-29/07:31:39      349.420      45.6000      11.6900      87.0000      1.86320    0.0523359    0.0324744
1999-04-29/07:32:20      349.940      43.5900      9.57000      89.0000      1.40186    0.0174524    0.0244633
1999-04-29/07:33:00      349.660      40.9100      11.0100      83.0000      2.15140     0.121869    0.0372691
1999-04-29/07:33:19      349.610      39.8200      11.0900      87.0000      1.52620    0.0523359    0.0266007
1999-04-29/09:09:19      172.680      84.8500      11.3700      74.0000      2.76988     0.275637    0.0464708
1999-04-29/09:09:39      168.590      87.1300      11.6400      82.0000      2.40785     0.139173    0.0416159
1999-04-29/09:09:59      168.310      88.6400      11.7000      78.0000      1.30014     0.207912    0.0221959
1999-04-29/09:10:19      357.100      89.1300      11.5100      68.0000      2.32941     0.374607    0.0376955
1999-04-29/09:10:40      350.470      87.6600      11.9500      76.0000      2.17751     0.241922    0.0368758
1999-04-29/09:11:00      350.810      86.8000      11.8900      81.0000      2.98906     0.156434    0.0515267
1999-04-29/09:11:20      351.580      85.2500      11.5300      67.0000      1.86436     0.390731    0.0299525
1999-04-29/09:11:40      351.460      84.1400      11.7500      76.0000      1.83560     0.241922    0.0310856
1999-04-29/09:11:59      350.890      83.1500      11.5300      79.0000      1.74092     0.190809    0.0298265
1999-04-29/09:12:19      350.920      81.7400      11.3100      68.0000      2.16209     0.374607    0.0349878
1999-04-29/09:12:39      351.400      80.4300      11.4100      78.0000      1.56173     0.207912    0.0266617
1999-04-29/09:12:59      351.480      79.2700      11.2700      71.0000      2.42687     0.325568    0.0400492
1999-04-29/09:13:20      351.820      77.9000      11.3200      68.0000      2.32941     0.374607    0.0376955
1999-04-29/09:13:40      352.040      76.7800      11.6200      77.0000      1.31060     0.224951    0.0222880
1999-04-29/09:14:00      352.010      75.5800      11.8200      69.0000      2.65743     0.358368    0.0433003
1999-04-29/09:14:20      351.900      74.4200      12.0200      71.0000      2.34566     0.325568    0.0387090
1999-04-29/09:14:39      351.730      73.2500      12.1100      76.0000      1.65840     0.241922    0.0280848
1999-04-29/09:14:59      351.630      72.0000      11.9400      81.0000      2.54772     0.156434    0.0439187
1999-04-29/09:15:19      351.680      70.8000      11.9200      85.0000      1.95361    0.0871558    0.0339672
1999-04-29/10:21:00      169.670     -36.3700      6.33000      149.000      12.0317     0.857167     0.108154
1999-04-29/10:21:19      169.550     -34.8700      6.31000      152.000      14.1286     0.882948     0.115767
1999-04-29/10:21:39      169.600     -33.8100      8.14000      143.000      11.0796     0.798636     0.116376
1999-04-29/10:22:00      169.640     -32.9200      8.02000      143.000      34.4662     0.798636     0.362021
1999-04-29/10:22:20      170.180     -31.6800      8.06000      170.000      45.0000     0.984808     0.136383
1999-04-29/10:22:40      170.220     -30.9700      11.1000      158.000      21.2460     0.927184     0.138909
1999-04-29/10:23:00      170.120     -29.8000      10.5100      143.000      12.6349     0.798636     0.132713
1999-04-29/10:23:20      170.080     -28.5800      11.8300      168.000      45.0000     0.978148     0.163293
1999-04-29/10:23:40      169.870     -27.6100      10.1900      153.000      32.8278     0.891007     0.260115
1999-04-29/10:24:00      170.080     -26.7400      10.5900      147.000      6.11702     0.838671    0.0581468
1999-04-29/10:24:40      172.220     -22.7600      10.3800      145.000      30.0488     0.819152     0.300812
1999-04-29/10:25:00      170.610     -22.7500      20.3200      157.000      37.7804     0.920505     0.257645
1999-04-29/10:25:20      170.450     -22.3800      18.3100      146.000      28.3908     0.829038     0.277087
1999-04-29/10:25:40      171.080     -21.3700      10.3900      140.000      28.7126     0.766045     0.322120
1999-04-29/10:26:00      172.250     -20.6900      8.21000      145.000      6.03286     0.819152    0.0603937
1999-04-29/10:26:41      170.790     -16.4000      7.65000      113.000      17.3017     0.390731     0.277966
1999-04-29/10:27:01      170.080     -16.0800      10.1200      156.000      8.30539     0.913545    0.0589591
1999-04-29/10:27:41      169.660     -13.7900      11.2900      162.000      6.99236     0.951056    0.0377123
1999-04-29/10:28:00      169.590     -12.8400      12.0400      140.000      6.29343     0.766045    0.0706045
1999-04-29/10:28:20      169.520     -11.5100      10.6000      140.000      6.63463     0.766045    0.0744323
1999-04-29/10:28:40      169.540     -10.1400      10.1500      136.000      6.07491     0.719340    0.0736527
1999-04-29/10:29:00      169.620     -8.71000      10.0700      167.000      18.0757     0.974370    0.0709676
1999-04-29/10:29:21      169.690     -7.47000      10.4600      121.000      3.90478     0.515038    0.0584170
1999-04-29/10:29:41      169.630     -6.97000      12.1500      118.000      4.54485     0.469472    0.0700377
1999-04-29/10:30:01      169.880     -5.77000      11.8100      131.000      3.42408     0.656059    0.0451026
1999-04-29/10:30:21      170.510     -4.31000      10.8000      147.000      5.60037     0.838671    0.0532357
1999-04-29/10:30:40      171.160     -3.45000      10.6600      120.000      3.24624     0.500000    0.0490669
1999-04-29/10:31:00      169.890     -2.24000      12.5200      108.000      3.46035     0.309017    0.0574386
1999-04-29/10:31:20      169.460     -1.47000      11.4300      92.0000      2.07784    0.0348995    0.0362431
1999-04-29/10:31:40      169.350    -0.490000      9.35000      164.000      8.55811     0.961262    0.0411712
1999-04-29/10:32:01      169.450     0.380000      9.35000      157.000      2.93646     0.920505    0.0200253
1999-04-29/10:32:21      169.490      1.91000      9.88000      136.000      3.14865     0.719340    0.0381745
1999-04-29/10:33:01      169.270      4.50000      10.2900      153.000      5.70586     0.891007    0.0452111
1999-04-29/10:33:20      169.060      5.28000      9.75000      110.000      3.45863     0.342020    0.0567241
1999-04-29/10:33:40      168.940      6.35000      9.51000      105.000      7.26377     0.258819     0.122457
1999-04-29/10:34:00      168.900      7.15000      8.58000      148.000      32.7620     0.848048     0.303010
1999-04-29/10:34:41      168.460      10.3600      11.4000      132.000      4.66135     0.669131    0.0604592
1999-04-29/10:35:01      168.620      10.5300      10.4300      132.000      5.60423     0.669131    0.0726887
1999-04-29/10:35:21      168.560      11.8100      10.2700      130.000      2.59759     0.642788    0.0347298
1999-04-29/10:35:41      168.520      12.8700      11.1700      134.000      2.85975     0.694658    0.0359037
1999-04-29/10:36:00      168.580      13.5000      11.6600      147.000      6.11702     0.838671    0.0581468
1999-04-29/10:36:20      168.570      14.4400      11.0900      128.000      5.76257     0.615661    0.0792548
1999-04-29/10:36:40      168.450      15.7400      11.0200      130.000      4.84274     0.642788    0.0647474
1999-04-29/10:37:00      168.420      16.8200      11.3100      136.000      4.32886     0.719340    0.0524834
1999-04-29/10:37:21      168.470      17.9600      11.6300      131.000      3.55430     0.656059    0.0468178
1999-04-29/10:37:41      168.460      19.0500      11.5200      126.000      4.16535     0.587785    0.0588148
1999-04-29/10:38:01      168.470      20.0400      11.4100      125.000      2.21851     0.573576    0.0317178
1999-04-29/10:38:21      168.490      21.1500      11.3800      121.000      3.31091     0.515038    0.0495325
1999-04-29/10:38:40      168.550      22.2300      11.5400      129.000      5.31607     0.629321    0.0721059
1999-04-29/10:39:00      168.550      23.3700      11.4600      129.000      4.42622     0.629321    0.0600362
1999-04-29/10:39:20      168.500      24.5900      11.3400      125.000      2.35709     0.573576    0.0336991
1999-04-29/10:39:40      168.410      25.7600      11.7000      127.000      3.69186     0.601815    0.0514602
1999-04-29/10:40:01      168.390      26.9200      11.9000      124.000      2.07314     0.559193    0.0299972
1999-04-29/10:40:21      168.370      28.0200      11.9200      128.000      4.45622     0.615661    0.0612881
1999-04-29/10:40:41      168.310      29.0600      12.1200      119.000      3.85064     0.484810    0.0587800
1999-04-29/10:41:01      168.350      30.1300      12.2600      123.000      2.27303     0.544639    0.0332716
1999-04-29/10:41:20      168.380      31.3200      12.3400      116.000      3.34944     0.438371    0.0525424
1999-04-29/10:41:40      168.370      32.3700      12.4100      125.000      2.21851     0.573576    0.0317178
1999-04-29/10:42:00      168.400      33.4300      12.4800      115.000      3.09391     0.422618    0.0489396
1999-04-29/10:42:20      168.350      34.5400      12.4200      114.000      2.46245     0.406737    0.0392622
1999-04-29/10:42:41      168.260      35.7100      12.4400      122.000      2.86821     0.529919    0.0424530
1999-04-29/10:43:01      168.250      36.9100      12.6400      135.000      2.99077     0.707107    0.0369101
1999-04-29/10:43:21      168.220      37.9600      12.8100      122.000      3.03619     0.529919    0.0449393
1999-04-29/10:43:41      168.200      39.0500      12.6000      130.000      4.50733     0.642788    0.0602630
1999-04-29/10:44:00      168.210      40.2600      12.3800      129.000      4.78361     0.629321    0.0648837
1999-04-29/10:44:20      168.190      41.5000      12.8600      121.000      3.56322     0.515038    0.0533072
1999-04-29/10:44:40      168.150      42.4700      12.8800      124.000      2.07314     0.559193    0.0299972
1999-04-29/10:45:00      168.070      43.6200      12.8600      117.000      3.71922     0.453991    0.0578376
1999-04-29/10:45:21      168.000      44.8000      13.0900      117.000      3.48879     0.453991    0.0542542
1999-04-29/10:45:41      167.980      45.9800      12.9100      120.000      3.05288     0.500000    0.0461443
1999-04-29/10:46:01      167.860      47.3200      12.9200      136.000      3.25040     0.719340    0.0394081
1999-04-29/10:46:21      167.780      48.3600      13.0300      114.000      2.54404     0.406737    0.0405631
1999-04-29/10:46:40      167.740      49.3900      13.3500      121.000      2.86288     0.515038    0.0428298
1999-04-29/10:47:00      167.780      50.4300      12.9500      117.000      2.93155     0.453991    0.0455885
1999-04-29/10:47:20      167.810      51.6800      12.9900      123.000      1.83647     0.544639    0.0268814
1999-04-29/10:47:40      167.890      52.9600      13.2100      125.000      1.78161     0.573576    0.0254715
1999-04-29/10:48:01      167.950      54.2500      13.3000      119.000      2.22720     0.484810    0.0339982
1999-04-29/10:48:21      168.040      55.6400      13.4300      117.000      2.45583     0.453991    0.0381906
1999-04-29/10:48:41      168.140      57.0900      13.5200      111.000      2.01220     0.358368    0.0327869
1999-04-29/10:49:01      168.140      58.4400      13.5800      112.000      1.68015     0.374607    0.0271889
1999-04-29/10:58:59      144.700      81.9700      9.85000      74.0000      2.03478     0.275637    0.0341379
1999-04-29/10:59:19      140.850      83.6800      9.43000      77.0000      1.31060     0.224951    0.0222880
1999-04-29/10:59:39      134.780      84.6000      9.15000      66.0000      1.64092     0.406737    0.0261634
1999-04-29/10:59:59      126.630      85.0700      8.35000      58.0000      3.13232     0.529919    0.0463622
1999-04-29/11:00:18      111.030      86.6000      8.69000      66.0000      1.58863     0.406737    0.0253297
1999-04-29/11:00:38      81.4900      86.8200      9.09000      76.0000      1.78707     0.241922    0.0302638
1999-04-29/11:00:58      61.8600      86.1300      9.15000      68.0000      1.97620     0.374607    0.0319797
1999-04-29/11:01:19      47.3900      85.0200      9.12000      68.0000      2.04548     0.374607    0.0331008
1999-04-29/11:01:39      28.6200      84.7500      8.94000      67.0000      1.52115     0.390731    0.0244386
1999-04-29/11:01:59      19.7800      83.9700      9.04000      68.0000      2.37731     0.374607    0.0384706
1999-04-29/11:02:19      14.4200      82.7800      9.43000      69.0000      2.20291     0.358368    0.0358943
1999-04-29/11:02:38      8.36000      81.8200      9.90000      66.0000      1.31741     0.406737    0.0210053
1999-04-29/11:02:58      4.93000      80.9900      10.4900      63.0000      2.61791     0.453990    0.0407111
1999-04-29/11:03:18      2.81000      80.0900      11.0200      64.0000      2.04489     0.438371    0.0320780
1999-04-29/11:03:38    0.0900000      79.1000      11.5800      67.0000      1.61897     0.390731    0.0260101
1999-04-29/11:03:59      358.790      78.0900      11.9300      63.0000      2.75008     0.453990    0.0427665
1999-04-29/11:04:19      357.720      77.0700      12.2200      67.0000      3.48033     0.390731    0.0559144
1999-04-29/11:04:39      357.000      76.0300      12.7600      62.0000      2.45583     0.469472    0.0378452
1999-04-29/11:04:59      355.970      75.0000      13.2700      64.0000      2.15278     0.438371    0.0337705
1999-04-29/11:05:18      355.480      73.9900      13.2500      59.0000      2.75537     0.515038    0.0412214
1999-04-29/11:05:38      354.600      72.9100      13.0200      66.0000      1.53310     0.406737    0.0244443
1999-04-29/11:05:58      353.840      71.7500      13.2400      69.0000      2.73958     0.358368    0.0446389
1999-04-29/11:06:18      353.080      70.6200      13.4500      77.0000      1.60103     0.224951    0.0272271
1999-04-29/11:06:39      352.610      69.4600      13.1700      74.0000      2.34766     0.275637    0.0393871
1999-04-29/11:06:59      352.320      68.3100      12.7900      88.0000      1.24896    0.0348994    0.0217852
1999-04-29/11:07:19      352.110      67.2000      12.4800      71.0000      2.51776     0.325568    0.0415491
1999-04-29/11:07:39      351.910      66.1400      12.7500      60.0000      2.22720     0.500000    0.0336641
1999-04-29/11:07:58      351.800      65.1400      12.2500      51.0000      4.25030     0.629320    0.0576500
1999-04-29/11:08:18      351.650      64.0400      12.1000      62.0000      3.04900     0.469472    0.0469861
1999-04-29/11:08:38      351.510      62.9600      11.8100      68.0000      2.01220     0.374607    0.0325623
1999-04-29/11:08:58      351.310      61.8900      11.9000      89.0000      1.23199    0.0174524    0.0214990
1999-04-29/11:09:19      351.180      60.7700      12.2100      85.0000      1.95361    0.0871558    0.0339672
1999-04-29/11:09:39      351.200      59.7400      12.4100      79.0000      1.63122     0.190809    0.0279471
1999-04-29/12:05:59      168.050     -58.2800      15.6700      120.000      3.24624     0.500000    0.0490669
1999-04-29/12:06:19      168.430     -56.7400      15.2700      121.000      2.42035     0.515038    0.0362094
1999-04-29/12:06:40      168.380     -55.6200      17.2900      100.000      2.58013     0.173648    0.0443476
1999-04-29/12:07:00      167.630     -54.8300      17.0300      127.000      4.95410     0.601815    0.0690543
1999-04-29/12:07:20      167.390     -53.7300      15.8200      150.000      12.5558     0.866026     0.109570
1999-04-29/12:07:40      167.930     -51.9500      15.3900      152.000      11.3178     0.882948    0.0927361
1999-04-29/12:07:59      168.040     -50.9300      18.2500      146.000      2.57573     0.829038    0.0251385
1999-04-29/12:08:19      167.660     -50.5700      16.5900      137.000      8.15040     0.731354    0.0970152
1999-04-29/12:08:39      167.880     -49.1700      15.8800      153.000      15.4566     0.891007     0.122472
1999-04-29/12:08:59      167.490     -49.1900      16.5100      158.000      2.95464     0.927184    0.0193178
1999-04-29/12:09:20      167.160     -48.3300      9.52000      150.000      15.8869     0.866026     0.138639
1999-04-29/12:10:00      167.880     -44.4100      15.7700      155.000      16.8984     0.906308     0.124644
1999-04-29/12:10:59      168.260     -40.8300      18.6800      165.000      11.9757     0.965926    0.0540971
1999-04-29/12:11:20      168.030     -40.1300      18.7300      168.000      2.78878     0.978148    0.0101198
1999-04-29/12:11:40      168.100     -38.8100      15.8000      121.000      3.67335     0.515038    0.0549548
1999-04-29/12:12:00      168.270     -37.6800      16.8200      148.000      9.02431     0.848048    0.0834643
1999-04-29/12:12:20      167.990     -36.4400      14.1400      154.000      11.4993     0.898794    0.0879814
1999-04-29/12:12:40      168.010     -35.1600      16.0000      149.000      3.36386     0.857167    0.0302381
1999-04-29/12:13:00      168.070     -34.0700      18.8900      166.000      14.1331     0.970296    0.0596747
1999-04-29/12:13:20      168.150     -33.2400      17.7400      135.000      7.59233     0.707107    0.0936995
1999-04-29/12:13:40      168.170     -31.9600      16.1200      137.000      3.73557     0.731354    0.0444649
1999-04-29/12:14:00      168.060     -31.0300      16.5600      146.000      7.83142     0.829038    0.0764327
1999-04-29/12:14:20      168.000     -29.7600      15.4600      144.000      8.33847     0.809017    0.0855426
1999-04-29/12:14:40      167.940     -28.5500      19.9000      164.000      9.05778     0.961262    0.0435750
1999-04-29/12:15:00      167.840     -27.7100      22.9600      168.000      11.5851     0.978148    0.0420393
1999-04-29/12:15:20      167.420     -27.5200      18.6400      102.000      19.1297     0.207912     0.326580
1999-04-29/12:15:40      167.590     -26.2900      13.9200      145.000      30.0488     0.819152     0.300812
1999-04-29/12:16:01      168.230     -25.0600      7.90000      98.0000      26.9132     0.139173     0.465153
1999-04-29/12:16:21      168.300     -23.0600      7.46000      134.000      4.55141     0.694658    0.0571423
1999-04-29/12:17:01      167.740     -21.6200      13.9400      169.000      45.0000     0.981627     0.149861
1999-04-29/12:17:40      167.360     -19.2600      10.7300      160.000      42.0716     0.939693     0.251141
1999-04-29/12:18:00      167.580     -17.7500      10.6300      156.000      39.3380     0.913545     0.279256
1999-04-29/12:18:20      167.840     -16.6600      14.7700      148.000      4.32652     0.848048    0.0400153
1999-04-29/12:18:41      167.820     -15.6600      13.6400      147.000      5.18183     0.838671    0.0492571
1999-04-29/12:19:21      167.890     -13.4000      13.8200      142.000      12.3156     0.788011     0.132335
1999-04-29/12:20:20      167.760     -10.2500      13.8900      117.000      5.81150     0.453991    0.0903746
1999-04-29/12:21:00      168.100     -7.89000      13.3600      158.000      7.84631     0.927184    0.0513001
1999-04-29/12:21:21      168.070     -7.06000      12.5300      144.000      7.97632     0.809017    0.0818274
1999-04-29/12:21:41      167.690     -6.56000      6.67000      111.000      22.2732     0.358368     0.362921
1999-04-29/12:22:01      167.530     -4.01000      7.50000      141.000      6.78775     0.777146    0.0745547
1999-04-29/12:22:21      167.960     -3.33000      13.9400      137.000      3.99400     0.731354    0.0475410
1999-04-29/12:22:40      167.950     -2.32000      15.0400      143.000      3.08601     0.798636    0.0324144
1999-04-29/12:23:00      167.910     -1.32000      15.2000      139.000      2.79568     0.754710    0.0320116
1999-04-29/12:23:20      167.910    -0.350000      13.3800      139.000      4.05259     0.754710    0.0464037
1999-04-29/12:24:21      167.580      3.21000      12.8400      148.000      5.78530     0.848048    0.0535073
1999-04-29/12:24:41      167.480      4.30000      14.8000      137.000      2.95958     0.731354    0.0352282
1999-04-29/12:25:01      167.460      5.31000      15.6800      150.000      4.77883     0.866026    0.0417031
1999-04-29/12:25:20      167.360      6.36000      15.3900      147.000      2.31073     0.838671    0.0219652
1999-04-29/12:25:40      167.310      7.55000      16.3200      136.000      2.05540     0.719340    0.0249198
1999-04-29/12:26:00      167.360      8.61000      16.3200      126.000      3.17024     0.587785    0.0447638
1999-04-29/12:26:20      167.340      9.71000      16.0300      139.000      4.38475     0.754710    0.0502071
1999-04-29/12:26:41      167.330      10.8300      16.4100      148.000      4.89593     0.848048    0.0452816
1999-04-29/12:27:01      167.360      11.9100      16.4900      144.000      2.83400     0.809017    0.0290734
1999-04-29/12:27:21      167.360      12.9700      15.9000      115.000      3.34448     0.422618    0.0529032
1999-04-29/12:27:41      167.320      14.1000      15.9400      144.000      2.74559     0.809017    0.0281664
1999-04-29/12:28:00      167.290      15.1600      16.9100      137.000      3.08131     0.731354    0.0366772
1999-04-29/12:28:20      167.270      16.2200      17.0100      118.000      3.73865     0.469472    0.0576139
1999-04-29/12:28:40      167.240      17.3100      16.5400      124.000      2.73707     0.559193    0.0396039
1999-04-29/12:29:00      167.220      18.4200      16.3100      113.000      1.92248     0.390731    0.0308863
1999-04-29/12:29:21      167.190      19.5600      16.2000      120.000      3.05288     0.500000    0.0461443
1999-04-29/12:29:41      167.150      20.6700      16.2800      114.000      2.74282     0.406737    0.0437326
1999-04-29/12:30:01      167.120      21.7500      16.3500      124.000      2.16123     0.559193    0.0312718
1999-04-29/12:30:21      167.070      22.8600      16.1000      121.000      2.94793     0.515038    0.0441022
1999-04-29/12:30:40      167.020      23.9500      16.1300      131.000      2.73849     0.656059    0.0360719
1999-04-29/12:31:00      166.990      25.0700      16.3700      115.000      4.02131     0.422618    0.0636093
1999-04-29/12:31:21      166.970      26.1600      16.5700      120.000      2.68786     0.500000    0.0406270
1999-04-29/12:31:41      166.950      27.2700      16.5300      128.000      2.71384     0.615661    0.0373245
1999-04-29/12:32:01      166.910      28.4100      16.8000      125.000      1.40698     0.573576    0.0201155
1999-04-29/12:32:21      166.870      29.5000      16.9900      121.000      2.30422     0.515038    0.0344720
1999-04-29/12:32:41      166.840      30.5900      17.1600      119.000      2.55857     0.484810    0.0390565
1999-04-29/12:33:01      166.800      31.6800      17.2000      119.000      1.84393     0.484810    0.0281476
1999-04-29/12:33:21      166.760      32.7600      17.1200      118.000      2.81502     0.469472    0.0433804
1999-04-29/12:33:41      166.710      33.8700      17.1100      119.000      2.80616     0.484810    0.0428360
1999-04-29/12:34:01      166.640      35.0100      17.2700      120.000      1.96149     0.500000    0.0296479
1999-04-29/12:34:21      166.590      36.1100      17.7800      128.000      4.25030     0.615661    0.0584560
1999-04-29/12:34:41      166.560      37.2000      17.8900      121.000      2.49214     0.515038    0.0372834
1999-04-29/12:35:01      166.480      38.3200      17.7400      117.000      2.81654     0.453991    0.0438000
1999-04-29/12:35:21      166.420      39.4400      17.8700      124.000      1.55036     0.559193    0.0224328
1999-04-29/12:35:41      166.430      40.5300      18.2800      122.000      2.40317     0.529919    0.0355699
1999-04-29/12:36:01      166.390      41.5700      18.1000      119.000      2.55857     0.484810    0.0390565
1999-04-29/12:36:21      166.350      42.6600      18.0600      110.000      2.83141     0.342020    0.0464372
1999-04-29/12:36:41      166.310      43.7400      17.8700      119.000      2.80616     0.484810    0.0428360
1999-04-29/12:37:01      166.220      44.8700      17.7500      123.000      1.61630     0.544639    0.0236587
1999-04-29/12:37:21      166.160      45.9700      17.9500      123.000      1.71277     0.544639    0.0250708
1999-04-29/12:37:41      166.140      47.0600      17.9400      127.000      3.32400     0.601815    0.0463326
1999-04-29/12:38:01      166.140      48.1100      17.7900      120.000      2.61527     0.500000    0.0395298
1999-04-29/12:38:21      166.030      49.2400      17.3400      128.000      3.17442     0.615661    0.0436590
1999-04-29/12:38:41      165.960      50.3300      17.3200      122.000      2.66196     0.529919    0.0394003
1999-04-29/12:39:01      165.880      51.4400      17.2000      125.000      2.96422     0.573576    0.0423792
1999-04-29/12:39:21      165.800      52.5700      17.2100      129.000      3.66249     0.629321    0.0496771
1999-04-29/12:39:41      165.720      53.6900      17.0100      118.000      2.71868     0.469472    0.0418958
1999-04-29/12:40:01      165.630      54.8500      16.9700      122.000      3.96800     0.529919    0.0587313
1999-04-29/12:40:21      165.570      55.9500      17.0800      124.000      1.84570     0.559193    0.0267062
1999-04-29/12:40:41      165.420      57.0600      17.0600      116.000      3.34944     0.438371    0.0525424
1999-04-29/12:41:01      165.250      58.2000      17.0700      124.000      1.94146     0.559193    0.0280918
1999-04-29/12:41:21      165.030      59.3400      17.1600      126.000      3.00177     0.587785    0.0423850
1999-04-29/12:41:41      164.870      60.4800      17.2400      122.000      2.19844     0.529919    0.0325396
1999-04-29/12:42:01      164.690      61.5800      17.1200      123.000      1.76984     0.544639    0.0259061
1999-04-29/12:42:21      164.420      62.7500      16.9700      123.000      1.76984     0.544639    0.0259061
1999-04-29/12:42:41      164.150      63.9200      16.8400      118.000      3.20731     0.469472    0.0494257
1999-04-29/12:43:01      163.830      65.1100      16.6600      123.000      1.59085     0.544639    0.0232862
1999-04-29/12:43:21      163.470      66.3600      16.8800      127.000      2.82921     0.601815    0.0394358
1999-04-29/12:43:41      162.950      67.6500      17.6400      121.000      2.42035     0.515038    0.0362094
1999-04-29/12:44:01      162.870      68.5900      17.4700      119.000      2.45967     0.484810    0.0375468
1999-04-29/12:44:21      162.710      69.5800      16.9100      105.000      2.34766     0.258819    0.0395782
1999-04-29/12:44:41      162.270      70.8300      17.2700      118.000      2.42354     0.469472    0.0373476
1999-04-29/12:45:01      161.810      72.0700      16.9400      115.000      1.86319     0.422618    0.0294720
1999-04-29/12:45:21      161.060      73.3300      16.9200      115.000      2.36999     0.422618    0.0374886
1999-04-29/12:45:41      160.500      74.5400      17.1400      111.000      2.16209     0.358368    0.0352292
1999-04-29/12:46:01      159.650      75.7300      17.0700      114.000      1.85548     0.406737    0.0295845
1999-04-29/12:46:21      158.390      76.9700      17.0800      115.000      2.15278     0.422618    0.0340528
1999-04-29/12:46:41      156.830      78.1500      17.0600      113.000      1.31741     0.390731    0.0211653
1999-04-29/12:47:01      155.210      79.3400      17.2000      112.000      1.42458     0.374607    0.0230531
1999-04-29/13:51:20      164.000     -78.5800      13.8500      120.000      2.31453     0.500000    0.0349841
1999-04-29/13:51:40      163.090     -77.7500      14.0800      119.000      2.45967     0.484810    0.0375468
1999-04-29/13:51:59      163.110     -76.4600      13.9600      116.000      3.45764     0.438371    0.0542397
1999-04-29/13:52:19      164.570     -74.9100      14.2800      110.000      2.65743     0.342020    0.0435838
1999-04-29/13:52:39      164.850     -73.8400      14.3400      118.000      2.18262     0.469472    0.0336349
1999-04-29/13:52:59      166.110     -72.2200      13.5100      123.000      2.17132     0.544639    0.0317828
1999-04-29/13:53:20      166.840     -70.7000      14.3500      113.000      2.10025     0.390731    0.0337423
1999-04-29/13:53:40      166.030     -70.2600      15.0500      107.000      2.72835     0.292372    0.0455380
1999-04-29/13:54:00      163.950     -70.0700      13.7000      116.000      3.45764     0.438371    0.0542397
1999-04-29/13:54:20      165.750     -67.7900      13.2300      132.000      4.03781     0.669131    0.0523717
1999-04-29/13:54:39      166.300     -66.5300      13.4500      122.000      2.74913     0.529919    0.0406905
1999-04-29/13:54:59      166.530     -65.4000      14.1100      120.000      2.39210     0.500000    0.0361566
1999-04-29/13:55:19      166.240     -64.4300      13.2300      119.000      3.42648     0.484810    0.0523052
1999-04-29/13:55:39      166.470     -63.1400      13.5800      134.000      2.13954     0.694658    0.0268616
1999-04-29/13:56:00      166.410     -61.8900      13.1900      113.000      1.97323     0.390731    0.0317016
1999-04-29/13:56:20      166.610     -60.5600      13.4500      118.000      4.45736     0.469472    0.0686894
1999-04-29/13:56:40      166.840     -59.4700      14.1000      143.000      3.01788     0.798636    0.0316988
1999-04-29/13:57:00      166.810     -58.4800      13.9200      150.000      4.06385     0.866026    0.0354638
1999-04-29/13:57:19      166.840     -57.4000      13.2900      127.000      3.18256     0.601815    0.0443611
1999-04-29/13:57:39      167.240     -56.1200      13.1100      143.000      3.29818     0.798636    0.0346429
1999-04-29/13:57:59      167.190     -55.0900      13.5200      117.000      6.40714     0.453991    0.0996374
1999-04-29/13:58:19      166.950     -53.7200      14.4600      115.000      5.07437     0.422618    0.0802667
1999-04-29/13:58:40      166.760     -52.7200      13.2800      167.000      4.75933     0.974370    0.0186858
1999-04-29/13:59:00      167.350     -51.1800      13.6900      159.000      4.48864     0.933580    0.0280751
1999-04-29/13:59:20      167.150     -50.1900      16.5100      137.000      4.34261     0.731354    0.0516906
1999-04-29/13:59:40      166.540     -49.4800      14.6200      149.000      4.47552     0.857167    0.0402309
1999-04-29/13:59:59      166.870     -48.3200      15.0800      156.000      9.85369     0.913545    0.0699503
1999-04-29/14:00:19      163.130     -51.3800      12.8400      102.000      19.1297     0.207912     0.326580
1999-04-29/14:00:39      166.140     -45.6100      8.32000      151.000      14.9536     0.874620     0.126530
1999-04-29/14:00:59      167.070     -44.6200      14.4000      159.000      6.40217     0.933580    0.0400437
1999-04-29/14:01:20      166.900     -43.6400      12.6500      115.000      22.3924     0.422618     0.354204
1999-04-29/14:01:40      167.040     -42.6000      13.5600      155.000      9.49474     0.906308    0.0700340
1999-04-29/14:02:00      167.170     -41.3300      13.3800      155.000      16.0765     0.906308     0.118582
1999-04-29/14:02:20      167.330     -40.3500      15.6100      153.000      7.59046     0.891007    0.0601440
1999-04-29/14:02:39      167.270     -39.3900      13.8600      123.000      7.02375     0.544639     0.102811
1999-04-29/14:02:59      167.460     -38.3400      12.4000      164.000      6.55802     0.961262    0.0315492
1999-04-29/14:03:19      167.520     -37.1300      9.85000      154.000      15.5230     0.898794     0.118767
1999-04-29/14:03:39      167.440     -35.5100      11.0900      157.000      7.25328     0.920505    0.0494640
1999-04-29/14:04:00      167.370     -34.4100      16.0800      135.000      20.6726     0.707107     0.255128
1999-04-29/14:04:20      167.340     -33.7200      17.1500      168.000      8.82093     0.978148    0.0320089
1999-04-29/14:04:40      167.450     -32.5900      9.95000      150.000      6.26699     0.866026    0.0546898
1999-04-29/14:05:00      167.300     -31.2000      15.0300      158.000      3.32962     0.927184    0.0217694
1999-04-29/14:05:19      167.200     -30.3200      14.3500      151.000      8.60815     0.874620    0.0728381
1999-04-29/17:33:39      153.400     -81.2800      15.9800      111.000      2.01220     0.358368    0.0327869
1999-04-29/17:33:59      157.310     -79.1000      16.2200      114.000      1.26904     0.406737    0.0202341
1999-04-29/17:34:19      159.380     -77.2600      16.4100      120.000      2.46330     0.500000    0.0372328
1999-04-29/17:34:40      161.740     -75.3300      16.8600      110.000      2.32336     0.342020    0.0381048
1999-04-29/17:35:00      162.360     -74.2700      17.3600      147.000      2.31073     0.838671    0.0219652
1999-04-29/17:35:20      162.690     -73.2500      16.4000      153.000      5.21928     0.891007    0.0413556
1999-04-29/17:35:40      163.970     -71.5400      16.6500      134.000      2.05788     0.694658    0.0258364
1999-04-29/17:35:59      163.260     -70.8600      17.3100      118.000      4.06758     0.469472    0.0626828
1999-04-29/17:36:19      161.960     -70.3000      17.3000      117.000      6.66541     0.453991     0.103654
1999-04-29/17:36:39      163.160     -68.5900      16.5900      153.000      7.59046     0.891007    0.0601440
1999-04-29/17:36:59      163.830     -67.1800      16.3900      141.000      3.30711     0.777146    0.0363243
1999-04-29/17:37:20      164.260     -65.8100      16.8600      128.000      3.30492     0.615661    0.0454538
1999-04-29/17:37:40      163.660     -65.2800      16.1800      124.000      1.55036     0.559193    0.0224328
1999-04-29/17:38:00      164.270     -63.6800      15.5700      127.000      3.57709     0.601815    0.0498604
1999-04-29/17:38:20      164.620     -62.2200      15.4200      133.000      2.81077     0.681998    0.0358782
1999-04-29/17:38:39      164.940     -60.7800      15.3600      129.000      3.81963     0.629321    0.0518085
1999-04-29/17:38:59      164.880     -59.6700      16.9800      109.000      3.50897     0.325568    0.0579065
1999-04-29/17:39:19      164.570     -58.9700      16.8100      127.000      5.57686     0.601815    0.0777348
1999-04-29/17:39:39      164.680     -57.9700      16.1400      140.000      3.76416     0.766045    0.0422292
1999-04-29/17:40:00      164.720     -56.9600      15.4100      140.000      4.02727     0.766045    0.0451810
1999-04-29/17:40:20      164.780     -55.6400      14.3900      134.000      2.13954     0.694658    0.0268616
1999-04-29/17:40:40      165.280     -54.0200      13.8000      129.000      6.60271     0.629321    0.0895575
1999-04-29/17:41:00      165.200     -52.7200      15.4500      128.000      9.41108     0.615661     0.129434
1999-04-29/17:41:19      164.740     -51.9900      15.8000      168.000      6.57019     0.978148    0.0238415
1999-04-29/17:43:00      164.520     -45.8800      15.5700      151.000      6.27775     0.874620    0.0531193
1999-04-29/17:43:20      164.730     -45.0100      16.1100      148.000      2.73084     0.848048    0.0252571
1999-04-29/17:43:40      164.930     -43.8700      17.0500      92.0000      20.8008    0.0348995     0.362821
1999-04-29/17:43:59      165.060     -42.8700      17.0300      115.000      4.13745     0.422618    0.0654464
1999-04-29/17:44:19      165.100     -41.9000      16.2700      121.000      2.63036     0.515038    0.0393512
1999-04-29/17:44:39      165.090     -40.7900      17.0400      105.000      4.30197     0.258819    0.0725251
1999-04-29/17:44:59      165.010     -40.1800      17.1900      146.000      2.47869     0.829038    0.0241914
1999-04-29/17:45:20      164.790     -40.0900      15.3200      149.000      13.2932     0.857167     0.119494
1999-04-29/17:46:20      164.520     -35.5600      12.8400      164.000      45.0000     0.961262     0.216485
1999-04-29/17:46:39      165.250     -34.2800      11.9500      174.000      45.0000     0.994522    0.0820963
1999-04-29/17:47:19      163.780     -32.5500      9.05000      151.000      37.2472     0.874620     0.315168
1999-04-29/17:47:39      164.910     -30.6600      13.3300      166.000      23.6946     0.970296     0.100047
1999-04-29/17:48:20      165.120     -28.3900      17.2800      146.000      9.77931     0.829038    0.0954437
1999-04-29/17:48:40      165.100     -27.4700      16.1800      148.000      6.26250     0.848048    0.0579208
1999-04-29/17:49:00      164.880     -26.6300      16.5200      100.000      21.1866     0.173648     0.364158
1999-04-29/17:49:19      164.560     -25.4400      14.6700      150.000      35.6382     0.866026     0.311002
1999-04-29/17:49:39      164.650     -24.2700      14.0200      153.000      32.8278     0.891007     0.260115
1999-04-29/17:49:59      164.670     -23.1500      13.6200      154.000      36.0924     0.898794     0.276144
1999-04-29/17:50:19      164.490     -21.7800      14.8600      141.000      30.1216     0.777146     0.330847
1999-04-29/17:50:40      164.610     -20.6200      20.9700      145.000      6.42348     0.819152    0.0643042
1999-04-29/17:51:00      164.740     -19.6400      21.6500      151.000      4.96663     0.874620    0.0420253
1999-04-29/17:51:20      164.750     -18.7300      18.9000      166.000      9.43646     0.970296    0.0398439
1999-04-29/17:51:40      164.730     -17.5100      16.6100      91.0000      20.6698    0.0174525     0.360701
1999-04-29/17:51:59      164.680     -16.4200      16.1200      126.000      6.55871     0.587785    0.0926090
1999-04-29/17:52:19      164.810     -15.1700      16.5100      117.000      22.6838     0.453991     0.352756
1999-04-29/17:52:39      164.900     -14.2500      17.2500      93.0000     0.544964    0.0523359   0.00949838
1999-04-29/17:53:20      164.620     -11.9900      14.7900      150.000      4.22324     0.866026    0.0368547
1999-04-29/17:53:40      164.610     -10.8700      15.9600      149.000      3.66091     0.857167    0.0329083
1999-04-29/17:54:00      164.580     -9.89000      16.6500      154.000      4.24863     0.898794    0.0325064
1999-04-29/17:54:20      164.460     -9.01000      12.8700      144.000      7.64877     0.809017    0.0784671
1999-04-29/17:54:59      164.410     -6.42000      15.5300      144.000      2.83400     0.809017    0.0290734
1999-04-29/17:55:19      164.270     -5.57000      16.4000      146.000      3.15429     0.829038    0.0307851
1999-04-29/17:55:39      163.860     -4.44000      15.6500      149.000      8.44106     0.857167    0.0758776
1999-04-29/17:56:00      164.080     -3.14000      16.6100      142.000      3.79876     0.788011    0.0408189
1999-04-29/17:56:20      164.130     -2.12000      15.5100      127.000      3.96993     0.601815    0.0553361
1999-04-29/17:56:40      164.220    -0.900000      15.1100      139.000      5.53958     0.754710    0.0634303
1999-04-29/17:57:00      164.140     0.100000      16.3600      141.000      3.93486     0.777146    0.0432194
1999-04-29/17:57:19      163.920      1.14000      16.7200      156.000      2.31594     0.913545    0.0164406
1999-04-29/17:57:39      164.020      2.39000      16.9100      141.000      6.41107     0.777146    0.0704173
1999-04-29/17:57:59      164.180      3.49000      17.7000      134.000      3.99895     0.694658    0.0502062
1999-04-29/17:58:19      164.230      4.57000      17.5400      115.000      3.61512     0.422618    0.0571842
1999-04-29/17:58:40      164.300      5.67000      16.7100      143.000      5.30347     0.798636    0.0557058
1999-04-29/17:59:00      164.340      6.74000      16.0300      107.000      5.62360     0.292372    0.0938616
1999-04-29/17:59:20      164.330      7.83000      15.9600      97.0000      3.76633     0.121869    0.0652449
1999-04-29/17:59:40      164.310      8.90000      16.2800      126.000      5.55124     0.587785    0.0783836
1999-04-29/17:59:59      164.280      9.92000      15.2700      142.000      6.51377     0.788011    0.0699925
1999-04-29/18:00:19      164.260      11.0600      14.7800      141.000      3.13722     0.777146    0.0344583
1999-04-29/18:00:39      164.210      12.1800      14.6600      117.000      5.46353     0.453991    0.0849633
1999-04-29/18:00:59      164.160      13.2800      14.9600      142.000      4.08183     0.788011    0.0438606
1999-04-29/18:01:20      164.120      14.4000      14.7900      148.000      3.22192     0.848048    0.0297990
1999-04-29/18:01:40      164.120      15.5000      14.6200      120.000      3.05288     0.500000    0.0461443
1999-04-29/18:02:00      164.100      16.6000      14.4200      129.000      4.42622     0.629321    0.0600362
1999-04-29/18:02:20      164.060      17.7200      14.0400      130.000      3.62131     0.642788    0.0484169
1999-04-29/18:02:39      164.020      18.8300      14.7000      130.000      5.86415     0.642788    0.0784037
1999-04-29/18:02:59      164.010      19.8900      15.1500      133.000      2.51485     0.681998    0.0321009
1999-04-29/18:03:19      163.980      20.9700      15.3400      127.000      4.46316     0.601815    0.0622112
1999-04-29/18:03:39      163.920      22.0500      15.3000      120.000      3.73037     0.500000    0.0563845
1999-04-29/18:04:00      163.860      23.2300      15.2100      130.000      4.24681     0.642788    0.0567798
1999-04-29/18:04:20      163.860      24.3700      15.5800      140.000      6.29343     0.766045    0.0706045
1999-04-29/18:04:40      163.850      25.4500      15.4100      121.000      3.18689     0.515038    0.0476771
1999-04-29/18:05:00      163.810      26.5600      15.2700      116.000      2.93375     0.438371    0.0460215
1999-04-29/18:05:19      163.740      27.6200      15.1900      117.000      3.38384     0.453991    0.0526221
1999-04-29/18:05:39      163.700      28.7300      15.2100      117.000      3.48879     0.453991    0.0542542
1999-04-29/18:05:59      163.670      29.8600      15.1200      123.000      2.04324     0.544639    0.0299081
1999-04-29/18:06:19      163.650      31.0200      15.1200      123.000      1.83647     0.544639    0.0268814
1999-04-29/18:06:40      163.630      32.1700      14.9600      128.000      3.17442     0.615661    0.0436590
1999-04-29/18:07:00      163.560      33.2800      14.7600      124.000      2.16123     0.559193    0.0312718
1999-04-29/18:07:20      163.510      34.4000      14.8100      123.000      1.59085     0.544639    0.0232862
1999-04-29/18:07:40      163.460      35.4900      15.0100      123.000      1.56129     0.544639    0.0228535
1999-04-29/18:07:59      163.400      36.5200      15.1300      123.000      1.71277     0.544639    0.0250708
1999-04-29/18:08:19      163.340      37.6000      14.8900      126.000      2.45908     0.587785    0.0347222
1999-04-29/19:24:19      156.490     -80.9900      15.2600      117.000      2.45583     0.453991    0.0381906
1999-04-29/19:24:39      158.360     -79.5600      14.4500      124.000      1.55036     0.559193    0.0224328
1999-04-29/19:24:59      160.690     -77.7200      14.4200      122.000      2.09344     0.529919    0.0309855
1999-04-29/19:25:19      161.360     -76.2500      14.7400      114.000      2.05132     0.406737    0.0327070
1999-04-29/19:25:39      162.220     -74.8400      15.1500      113.000      1.46827     0.390731    0.0235890
1999-04-29/19:25:59      163.020     -73.6000      15.7800      148.000      1.88169     0.848048    0.0174034
1999-04-29/19:26:19      162.920     -72.7900      15.5500      148.000      2.73084     0.848048    0.0252571
1999-04-29/19:26:39      163.320     -71.5400      14.7200      138.000      6.51124     0.743145    0.0760417
1999-04-29/19:26:59      163.470     -70.3200      15.3000      116.000      4.46577     0.438371    0.0700542
1999-04-29/19:27:19      163.100     -69.2200      16.0600      115.000      4.90301     0.422618    0.0775561
1999-04-29/19:27:39      162.900     -68.2000      15.8500      141.000      11.4203     0.777146     0.125437
1999-04-29/19:27:59      163.360     -66.9300      15.3500      142.000      7.58741     0.788011    0.0815291
1999-04-29/19:28:19      163.680     -65.7000      15.2400      125.000      1.64420     0.573576    0.0235070
1999-04-29/19:28:39      163.560     -64.7100      15.7900      123.000      1.66979     0.544639    0.0244417
1999-04-29/19:28:59      163.280     -63.6700      14.9900      115.000      2.69276     0.422618    0.0425942
1999-04-29/19:29:20      163.540     -62.3600      14.8700      154.000      4.24863     0.898794    0.0325064
1999-04-29/19:29:40      163.800     -61.1100      14.6800      136.000      2.18785     0.719340    0.0265257
1999-04-29/19:30:00      164.070     -59.7200      15.1100      123.000      4.92552     0.544639    0.0720976
1999-04-29/19:30:20      163.940     -58.7000      17.4100      126.000      2.65970     0.587785    0.0375550
1999-04-29/19:30:39      163.840     -57.8300      16.7500      148.000      3.88640     0.848048    0.0359447
1999-04-29/19:30:59      163.800     -56.8400      15.6800      127.000      2.92358     0.601815    0.0407513
1999-04-29/19:31:19      163.720     -55.7300      14.8400      123.000      1.97618     0.544639    0.0289265
1999-04-29/19:31:39      163.910     -54.5800      14.6900      118.000      3.42319     0.469472    0.0527525
1999-04-29/19:32:00      164.240     -53.3400      12.4400      133.000      3.01339     0.681998    0.0384645
1999-04-29/19:32:20      164.240     -51.7900      15.2600      131.000      12.4791     0.656059     0.164377
1999-04-29/19:32:40      163.780     -51.0200      17.1800      134.000      20.5334     0.694658     0.257794
1999-04-29/19:33:00      163.850     -49.8800      15.4800      148.000      7.46921     0.848048    0.0690815
1999-04-29/19:33:19      163.630     -48.9800      15.6600      166.000      6.81405     0.970296    0.0287712
1999-04-29/19:33:39      163.690     -47.7300      16.3900      115.000      22.3924     0.422618     0.354204
1999-04-29/19:33:59      163.440     -46.5300      16.4600      154.000      4.24863     0.898794    0.0325064
1999-04-29/19:34:19      163.860     -45.2700      17.7900      165.000      11.9757     0.965926    0.0540971
1999-04-29/19:34:40      163.880     -44.2900      18.0600      165.000      18.8633     0.965926    0.0852101
1999-04-29/19:35:00      164.010     -43.2600      18.1400      140.000      14.1504     0.766045     0.158750
1999-04-29/19:35:20      164.120     -42.3900      16.2000      159.000      6.40217     0.933580    0.0400437
1999-04-29/19:35:40      164.190     -41.1600      14.4900      142.000      3.79876     0.788011    0.0408189
1999-04-29/19:35:59      164.060     -40.1800      16.6500      147.000      9.85431     0.838671    0.0936725
1999-04-29/19:36:19      163.770     -39.8600      14.7800      169.000      11.4279     0.981627    0.0380577
1999-04-29/19:37:20      163.570     -35.2500      20.5300      167.000      14.7473     0.974370    0.0578999
1999-04-29/19:37:40      162.400     -35.8900      14.2100      151.000      37.2472     0.874620     0.315168
1999-04-29/19:38:00      163.140     -33.5400      13.1600      164.000      12.7786     0.961262    0.0614750
1999-04-29/19:38:20      163.230     -32.6400      14.6600      152.000      8.47223     0.882948    0.0694200
1999-04-29/19:38:39      163.830     -31.1100      13.4600      112.000      17.4097     0.374607     0.281731
1999-04-29/19:38:59      163.940     -30.0300      14.2500      137.000      26.5798     0.731354     0.316382
1999-04-29/19:39:19      164.080     -28.9000      14.8800      134.000      20.5334     0.694658     0.257794
1999-04-29/19:39:39      164.050     -27.9600      15.2300      143.000      5.63087     0.798636    0.0591447
1999-04-29/19:40:00      163.760     -26.9000      14.4600      143.000      34.4662     0.798636     0.362021
1999-04-29/19:40:20      163.610     -25.7800      16.4000      123.000      5.35613     0.544639    0.0784007
1999-04-29/19:40:40      163.690     -24.7600      15.4800      163.000      8.62500     0.956305    0.0440121
1999-04-29/19:41:00      163.540     -23.5400      12.8300      148.000      32.7620     0.848048     0.303010
1999-04-29/19:41:19      163.680     -22.2300      14.5300      145.000      12.0559     0.819152     0.120689
1999-04-29/19:41:39      163.880     -21.1100      16.7000      145.000      10.0322     0.819152     0.100430
1999-04-29/19:41:59      163.830     -20.1600      18.2000      147.000      4.72712     0.838671    0.0449348
1999-04-29/19:42:19      163.700     -19.3000      17.4400      157.000      12.6933     0.920505    0.0865625
1999-04-29/19:42:40      163.650     -18.2400      14.3900      156.000      39.3380     0.913545     0.279256
1999-04-29/19:43:20      163.730     -15.8200      13.1200      147.000      30.4102     0.838671     0.289071
1999-04-29/19:43:40      163.770     -14.6300      14.8100      158.000      10.3776     0.927184    0.0678500
1999-04-29/19:43:59      163.550     -13.6900      16.7300      157.000      2.30410     0.920505    0.0157129
1999-04-29/19:44:19      163.320     -12.6100      16.0000      141.000      3.30711     0.777146    0.0363243
1999-04-29/19:44:39      163.270     -11.4800      15.6800      146.000      1.57742     0.829038    0.0153952
1999-04-29/19:44:59      163.290     -10.3700      16.2100      143.000      3.15428     0.798636    0.0331315
1999-04-29/19:45:20      163.100     -9.33000      17.2500      135.000      1.70461     0.707107    0.0210372
1999-04-29/19:45:40      162.550     -8.14000      17.8200      141.000      10.1633     0.777146     0.111631
1999-04-29/19:46:00      163.130     -6.84000      20.4500      159.000      3.27643     0.933580    0.0204931
1999-04-29/19:46:20      163.220     -5.95000      20.1200      157.000      3.11443     0.920505    0.0212390
1999-04-29/19:46:39      163.130     -4.90000      18.6400      158.000      3.32962     0.927184    0.0217694
1999-04-29/19:46:59      163.050     -3.83000      19.2100      161.000      6.22764     0.945519    0.0353869
1999-04-29/19:47:19      162.900     -2.81000      16.8600      166.000      8.79032     0.970296    0.0371157
1999-04-29/19:47:39      162.860     -1.59000      15.6700      136.000      6.90597     0.719340    0.0837285
1999-04-29/19:48:00      163.030    -0.290000      17.0700      156.000      5.35693     0.913545    0.0380283
1999-04-29/19:48:20      163.210     0.670000      19.6000      166.000      5.18500     0.970296    0.0218928
1999-04-29/19:48:40      163.260      1.73000      17.1900      147.000      10.8708     0.838671     0.103335
1999-04-29/19:49:00      163.250      3.00000      16.0800      141.000      3.78011     0.777146    0.0415196
1999-04-29/19:49:19      163.240      4.08000      17.3600      144.000      4.70679     0.809017    0.0482860
1999-04-29/19:49:39      163.200      5.09000      17.6000      127.000      4.27100     0.601815    0.0595327
1999-04-29/19:49:59      163.130      6.16000      16.5300      101.000      2.61109     0.190809    0.0447348
1999-04-29/19:50:19      163.120      7.29000      15.8100      135.000      9.35746     0.707107     0.115484
1999-04-29/19:50:40      163.100      8.47000      16.4500      155.000      5.63737     0.906308    0.0415817
1999-04-29/19:51:00      163.100      9.47000      16.9900      110.000      4.47342     0.342020    0.0733674
1999-04-29/19:51:20      163.050      10.5400      16.0600      111.000      6.70059     0.358368     0.109180
1999-04-29/19:51:40      162.970      11.7000      15.4100      119.000      23.7264     0.484810     0.362183
1999-04-29/19:51:59      162.940      12.7500      16.0900      142.000      3.59207     0.788011    0.0385979
1999-04-29/19:52:19      162.930      13.8000      16.2600      125.000      2.01076     0.573576    0.0287476
1999-04-29/21:16:19      153.680     -79.0100      17.0600      108.000      3.72693     0.309017    0.0618636
1999-04-29/21:16:39      157.700     -76.6800      17.4100      110.000      3.10278     0.342020    0.0508879
1999-04-29/21:16:59      159.750     -75.0600      18.0900      92.0000      1.86320    0.0348995    0.0324992
1999-04-29/21:17:19      160.010     -74.3400      18.4100      143.000      3.15428     0.798636    0.0331315
1999-04-29/21:17:39      158.460     -74.0800      17.5900      162.000      3.68274     0.951056    0.0198624
1999-04-29/21:17:59      160.210     -72.2100      17.1700      115.000      2.90088     0.422618    0.0458863
1999-04-29/21:18:19      160.960     -70.5200      17.9100      110.000      3.45863     0.342020    0.0567241
1999-04-29/21:18:39      161.050     -69.3800      18.6700      109.000      3.50897     0.325568    0.0579065
1999-04-29/21:18:59      160.740     -68.5500      18.0900      117.000      3.60112     0.453991    0.0560010
1999-04-29/21:19:19      160.990     -67.3800      17.4500      142.000      6.25707     0.788011    0.0672342
1999-04-29/21:19:39      161.360     -66.0500      17.3900      137.000      3.58474     0.731354    0.0426696
1999-04-29/21:19:59      160.970     -65.1000      17.8000      112.000      3.28072     0.374607    0.0530900
1999-04-29/21:20:19      161.320     -63.8100      17.5500      158.000      5.35408     0.927184    0.0350056
1999-04-29/21:20:39      161.790     -62.6200      17.0000      159.000      7.53844     0.933580    0.0471507
1999-04-29/21:20:59      162.230     -61.2400      16.0900      158.000      17.7407     0.927184     0.115991
1999-04-29/21:21:19      162.920     -59.5200      17.2900      94.0000      4.08838    0.0697566    0.0711819
1999-04-29/21:21:39      162.800     -58.6700      19.4600      141.000      7.52202     0.777146    0.0826197
1999-04-29/21:21:59      162.490     -57.9300      18.4900      138.000      3.86611     0.743145    0.0451505
1999-04-29/21:22:19      162.290     -57.0200      17.3700      128.000      3.30492     0.615661    0.0454538
1999-04-29/21:22:39      162.470     -55.7700      17.4900      138.000      4.22890     0.743145    0.0493873
1999-04-29/21:22:59      161.630     -55.5600      16.8000      126.000      3.78039     0.587785    0.0533791
1999-04-29/21:23:19      161.150     -54.1800      12.3400      130.000      25.7972     0.642788     0.344909
1999-04-29/21:23:39      162.980     -51.5400      16.8600      97.0000      18.5254     0.121869     0.320920
1999-04-29/21:23:59      162.590     -50.8200      18.5100      151.000      12.6830     0.874620     0.107317
1999-04-29/21:24:19      162.580     -49.5400      19.4100      170.000      11.0099     0.984808    0.0333681
1999-04-29/21:24:39      162.360     -48.8100      19.2900      144.000      12.6199     0.809017     0.129465
1999-04-29/21:24:59      162.450     -47.2900      17.8900      149.000      15.3987     0.857167     0.138421
1999-04-29/21:25:19      162.480     -46.1400      19.3200      146.000      1.97044     0.829038    0.0192310
1999-04-29/21:25:39      162.760     -45.0200      20.8100      134.000      3.50852     0.694658    0.0440489
1999-04-29/21:25:59      162.680     -44.0700      20.2000      146.000      9.96469     0.829038    0.0972530
1999-04-29/21:26:19      162.600     -43.5000      19.8600      173.000      19.1264     0.992546    0.0406822
1999-04-29/21:26:39      161.960     -43.2000      17.4700      131.000      10.9474     0.656059     0.144201
1999-04-29/21:27:19      161.840     -40.6400      19.0800      92.0000      2.74829    0.0348995    0.0479375
1999-04-29/21:27:59      165.520     -35.9700      19.2000      14.0000      45.0000     0.970296     0.190005
1999-04-29/21:28:19      162.060     -35.2800      26.5700      151.000      15.4939     0.874620     0.131102
1999-04-29/21:28:39      162.190     -35.4400      29.1400      161.000      14.5875     0.945519    0.0828896
1999-04-29/21:28:59      159.720     -34.9800      21.2000      149.000      15.0632     0.857167     0.135405
1999-04-29/21:29:19      162.090     -33.2100      23.3500      135.000      20.6726     0.707107     0.255128
1999-04-29/21:29:39      161.570     -33.0300      18.8800      168.000      7.77024     0.978148    0.0281962
1999-04-29/21:29:59      162.270     -31.3200      14.1700      147.000      10.4519     0.838671    0.0993530
1999-04-29/21:30:19      162.590     -30.0800      15.9500      154.000      12.5768     0.898794    0.0962253
1999-04-29/21:30:59      162.520     -27.6700      16.6500      143.000      12.9627     0.798636     0.136156
1999-04-29/21:31:19      162.450     -26.5000      19.2400      171.000      30.1829     0.987688    0.0824083
1999-04-29/21:31:39      162.400     -25.6500      19.4800      133.000      26.9050     0.681998     0.343430
1999-04-29/21:31:59      162.020     -24.7200      16.8100      100.000      21.1866     0.173648     0.364158
1999-04-29/21:32:19      162.080     -23.4300      15.0300      154.000      36.0924     0.898794     0.276144
1999-04-29/21:32:39      162.310     -22.0900      14.4100      148.000      7.46921     0.848048    0.0690815
1999-04-29/21:32:59      162.610     -20.8100      15.5800      145.000      14.1386     0.819152     0.141539
1999-04-29/21:33:19      162.600     -19.8400      18.2100      148.000      32.7620     0.848048     0.303010
1999-04-29/21:33:39      162.300     -19.1300      16.1100      166.000      8.79032     0.970296    0.0371157
1999-04-29/21:33:59      161.970     -17.8600      14.1200      157.000      18.5428     0.920505     0.126453
1999-04-29/21:34:19      162.170     -16.7800      15.3200      160.000      18.5410     0.939693     0.110678
1999-04-29/21:34:39      162.070     -15.8100      11.6600      150.000      35.6382     0.866026     0.311002
1999-04-29/21:34:59      162.450     -14.2200      12.0500      112.000      5.51131     0.374607    0.0891863
1999-04-29/21:35:19      162.530     -13.2100      15.3900      127.000      3.82036     0.601815    0.0532513
1999-04-29/21:35:39      162.500     -12.1000      16.6800      143.000      4.93335     0.798636    0.0518182
1999-04-29/21:35:59      162.420     -11.0400      17.5800      133.000      3.16770     0.681998    0.0404342
1999-04-29/21:36:19      162.390     -9.95000      17.4700      125.000      2.47499     0.573576    0.0353847
1999-04-29/21:36:39      162.390     -8.80000      18.4000      148.000      5.78530     0.848048    0.0535073
1999-04-29/21:36:59      162.390     -7.68000      18.3500      168.000      7.77024     0.978148    0.0281962
1999-04-29/21:37:20      162.480     -6.47000      19.5500      167.000      10.2253     0.974370    0.0401459
1999-04-29/21:37:40      162.410     -5.53000      21.0500      151.000      13.9048     0.874620     0.117656
1999-04-29/21:38:00      162.370     -4.34000      20.7900      168.000      8.33175     0.978148    0.0302338
1999-04-29/21:38:20      162.260     -3.29000      22.9500      127.000      10.3087     0.601815     0.143691
1999-04-29/21:38:39      162.150     -2.37000      23.2000      123.000      23.1802     0.544639     0.339302
1999-04-29/21:38:59      162.080     -1.26000      18.1500      120.000      6.89819     0.500000     0.104266
1999-04-29/21:39:19      162.230   -0.0600000      16.9600      135.000      6.57219     0.707107    0.0811096
1999-04-29/21:39:39      162.120     0.870000      14.7300      159.000      5.17632     0.933580    0.0323763
1999-04-29/21:40:00      161.760      2.25000      13.7900      162.000      16.8048     0.951056    0.0906344
1999-04-29/21:40:20      161.980      3.39000      16.2800      163.000      8.62500     0.956305    0.0440121
1999-04-29/21:40:40      162.150      4.40000      16.0900      144.000      3.21083     0.809017    0.0329392
1999-04-29/21:41:00      162.170      5.45000      16.0200      123.000      1.90567     0.544639    0.0278944
1999-04-29/21:41:19      162.090      6.49000      15.1700      125.000      2.41496     0.573576    0.0345264
1999-04-29/21:41:39      162.000      7.69000      14.7600      136.000      9.09227     0.719340     0.110235
1999-04-29/21:41:59      162.070      8.81000      16.3300      156.000      9.27189     0.913545    0.0658202
1999-04-29/21:42:19      162.030      9.85000      16.1500      149.000      4.09732     0.857167    0.0368313
1999-04-29/21:42:40      161.940      11.0100      16.2000      126.000      3.62091     0.587785    0.0511273
1999-04-29/21:43:00      161.920      12.1400      16.7600      138.000      4.13341     0.743145    0.0482722
1999-04-29/21:43:20      161.960      13.1900      16.5900      125.000      3.38424     0.573576    0.0483841
1999-04-29/21:43:40      161.930      14.2900      16.4200      132.000      7.45392     0.669131    0.0966798
1999-04-29/21:43:59      161.850      15.3500      15.6800      149.000      4.09732     0.857167    0.0368313
1999-04-29/21:44:19      161.800      16.4900      15.4800      142.000      4.73577     0.788011    0.0508874
1999-04-29/21:44:39      161.770      17.6400      15.4200      136.000      4.32886     0.719340    0.0524834
1999-04-29/21:44:59      161.810      18.7100      16.1100      127.000      4.46316     0.601815    0.0622112
1999-04-29/21:45:20      161.810      19.8200      16.2800      125.000      2.77985     0.573576    0.0397432
1999-04-29/21:45:40      161.830      20.9000      16.4000      128.000      3.30492     0.615661    0.0454538
1999-04-29/21:46:00      161.810      21.9800      16.1600      122.000      3.51694     0.529919    0.0520550
1999-04-29/21:46:20      161.760      23.0800      16.2100      144.000      5.07259     0.809017    0.0520386
1999-04-29/21:46:39      161.720      24.1500      16.1600      123.000      2.85153     0.544639    0.0417394
1999-04-29/21:46:59      161.680      25.2700      16.5300      125.000      1.78161     0.573576    0.0254715
1999-04-29/21:47:19      161.670      26.3700      16.9900      123.000      2.22103     0.544639    0.0325105
1999-04-29/21:47:39      161.620      27.4800      16.7100      130.000      3.24964     0.642788    0.0434477
1999-04-29/21:48:00      161.550      28.6300      16.8000      133.000      2.38774     0.681998    0.0304784
1999-04-29/21:48:20      161.500      29.7400      16.7800      125.000      2.29797     0.573576    0.0328538
1999-04-29/21:48:40      161.450      30.8500      16.7500      127.000      2.82921     0.601815    0.0394358
1999-04-29/21:49:00      161.410      31.9600      16.5500      120.000      2.53734     0.500000    0.0383519
1999-04-29/21:49:19      161.360      33.0600      16.4900      129.000      3.00037     0.629321    0.0406963
1999-04-29/21:49:39      161.330      34.1300      16.5900      116.000      2.85385     0.438371    0.0447681
1999-04-29/21:49:59      161.310      35.2400      16.5200      125.000      1.71507     0.573576    0.0245202
1999-04-29/21:50:19      161.310      36.3300      16.7600      122.000      2.86821     0.529919    0.0424530
1999-04-29/21:50:40      161.270      37.4300      16.5500      111.000      2.04548     0.358368    0.0333292
1999-04-29/21:51:00      161.220      38.5500      16.4100      124.000      1.77427     0.559193    0.0256727
1999-04-29/21:51:20      161.150      39.6900      16.1200      122.000      2.11743     0.529919    0.0313406
1999-04-29/21:51:40      161.110      40.8100      16.2300      121.000      2.69424     0.515038    0.0403069
1999-04-29/21:51:59      161.050      41.8800      16.2400      123.000      2.43576     0.544639    0.0356536
1999-04-29/21:52:19      160.980      42.9600      16.2500      119.000      2.94180     0.484810    0.0449066
1999-04-29/21:52:39      160.900      44.0700      16.1600      127.000      2.82921     0.601815    0.0394358
1999-04-29/21:52:59      160.810      45.2000      15.9500      126.000      2.37413     0.587785    0.0335227
1999-04-29/21:53:20      160.780      46.4300      16.0200      126.000      2.37413     0.587785    0.0335227
1999-04-29/21:53:40      160.700      47.5200      16.3300      119.000      2.55857     0.484810    0.0390565
1999-04-29/21:54:00      160.540      48.6200      16.2300      121.000      2.94793     0.515038    0.0441022
1999-04-29/21:54:20      160.430      49.7700      16.3200      122.000      2.14938     0.529919    0.0318135
1999-04-29/21:54:39      160.320      50.8400      16.3500      120.000      2.53734     0.500000    0.0383519
1999-04-29/21:54:59      160.140      51.9800      16.3900      120.000      2.81804     0.500000    0.0425947
1999-04-29/21:55:19      159.970      53.1500      16.8000      121.000      2.86288     0.515038    0.0428298
1999-04-29/21:55:39      159.910      54.1900      16.8800      116.000      2.93375     0.438371    0.0460215
1999-04-29/21:56:00      159.750      55.4000      16.6600      129.000      2.78939     0.629321    0.0378346
1999-04-29/21:56:20      159.610      56.5400      16.6000      133.000      3.01339     0.681998    0.0384645
1999-04-29/21:56:40      159.410      57.6700      16.4500      128.000      2.71384     0.615661    0.0373245
1999-04-29/21:57:00      159.140      58.8700      16.6100      137.000      3.41887     0.731354    0.0406952
1999-04-29/21:57:19      159.080      59.8700      16.6600      124.000      2.26797     0.559193    0.0328162
1999-04-29/21:57:39      158.850      61.0500      16.4600      105.000      3.09738     0.258819    0.0522174
1999-04-29/21:57:59      158.610      62.2400      16.3000      131.000      10.9474     0.656059     0.144201
1999-04-29/21:58:19      158.230      63.4900      16.2700      121.000      3.90478     0.515038    0.0584170
1999-04-29/21:58:40      157.860      64.7500      16.3000      130.000      4.24681     0.642788    0.0567798
1999-04-29/21:59:00      157.470      65.9500      16.5700      125.000      3.16559     0.573576    0.0452581
1999-04-29/21:59:20      157.120      66.9900      16.6500      120.000      2.97762     0.500000    0.0450067
1999-04-29/21:59:40      156.630      68.2100      16.4800      117.000      2.93155     0.453991    0.0455885
1999-04-29/21:59:59      156.250      69.3700      16.3000      117.000      2.58715     0.453991    0.0402328
1999-04-29/22:00:19      155.660      70.5900      16.3100      117.000      2.45583     0.453991    0.0381906
1999-04-29/22:00:39      154.890      71.8500      16.4300      118.000      2.04967     0.469472    0.0315861
1999-04-29/22:00:59      153.840      73.1500      16.4400      113.000      1.31741     0.390731    0.0211653
1999-04-29/22:01:20      152.470      74.6000      16.5300      112.000      1.74712     0.374607    0.0282726
1999-04-29/22:01:40      151.420      75.8200      16.5100      109.000      2.97829     0.325568    0.0491490
1999-04-29/22:02:00      149.580      77.1400      16.5200      104.000      1.72400     0.241922    0.0291957
1999-04-29/22:02:20      145.950      78.7600      16.6400      104.000      1.64793     0.241922    0.0279075
1999-04-29/23:06:39      155.690     -80.4200      18.6400      122.000      2.07130     0.529919    0.0306578
1999-04-29/23:06:59      155.980     -79.5300      17.8900      124.000      1.61080     0.559193    0.0233074
1999-04-29/23:07:19      159.010     -77.7200      17.9200      124.000      1.55036     0.559193    0.0224328
1999-04-29/23:07:39      160.230     -76.1800      18.3100      119.000      2.55857     0.484810    0.0390565
1999-04-29/23:07:59      161.280     -74.7200      19.1200      113.000      1.69368     0.390731    0.0272104
1999-04-29/23:08:19      161.500     -73.7500      19.9000      147.000      4.32540     0.838671    0.0411161
1999-04-29/23:08:39      160.630     -73.1700      19.4700      136.000      2.05540     0.719340    0.0249198
1999-04-29/23:08:59      160.820     -71.9800      18.6400      116.000      3.01723     0.438371    0.0473310
1999-04-29/23:09:19      161.370     -70.3400      18.6300      119.000      3.00080     0.484810    0.0458072
1999-04-29/23:09:39      161.430     -69.0600      19.4900      122.000      2.74913     0.529919    0.0406905
1999-04-29/23:09:59      161.190     -68.0600      20.2700      111.000      2.47319     0.358368    0.0402983
1999-04-29/23:10:19      161.280     -66.9800      19.3600      128.000      5.62066     0.615661    0.0773031
1999-04-29/23:10:39      161.590     -65.7800      18.7800      133.000      2.91887     0.681998    0.0372580
1999-04-29/23:10:59      161.690     -64.6000      19.0500      115.000      3.16159     0.422618    0.0500102
1999-04-29/23:11:19      161.620     -63.4500      19.2400      144.000      5.07259     0.809017    0.0520386
1999-04-29/23:11:39      161.670     -62.3400      19.3100      145.000      30.0488     0.819152     0.300812
1999-04-29/23:11:59      161.740     -61.1800      18.2300      154.000      14.9352     0.898794     0.114270
1999-04-29/23:12:19      162.040     -59.7700      17.4600      140.000      9.92016     0.766045     0.111292
1999-04-29/23:12:39      162.220     -58.5700      20.0300      139.000      4.79435     0.754710    0.0548972
1999-04-29/23:12:59      161.920     -57.6900      20.0600      134.000      2.13954     0.694658    0.0268616
1999-04-29/23:13:20      161.590     -56.6700      19.2200      123.000      1.71277     0.544639    0.0250708
1999-04-29/23:13:40      161.540     -55.5700      18.3500      133.000      2.70353     0.681998    0.0345093
1999-04-29/23:14:00      161.510     -54.5500      17.9200      143.000      6.47353     0.798636    0.0679957
1999-04-29/23:14:20      160.830     -53.5700      16.2600      125.000      4.06454     0.573576    0.0581103
1999-04-29/23:14:39      161.730     -51.8300      15.8900      92.0000      7.57190    0.0348995     0.132074
1999-04-29/23:14:59      162.000     -50.8300      18.6100      161.000      13.1865     0.945519    0.0749288
1999-04-29/23:15:19      161.820     -49.7500      17.8800      166.000      8.18138     0.970296    0.0345445
1999-04-29/23:15:39      161.880     -48.6500      20.8300      144.000      6.45117     0.809017    0.0661812
1999-04-29/23:16:00      161.510     -47.6300      17.4800      143.000      8.36682     0.798636    0.0878822
1999-04-29/23:16:20      161.940     -46.2700      19.9100      144.000      2.09190     0.809017    0.0214604
1999-04-29/23:16:40      161.990     -45.2200      20.9400      144.000      7.01272     0.809017    0.0719420
1999-04-29/23:17:00      161.910     -44.3200      21.0400      152.000      9.46639     0.882948    0.0775659
1999-04-29/23:17:19      161.780     -43.5600      20.5300      129.000      5.31607     0.629321    0.0721059
1999-04-29/23:17:39      161.280     -43.0400      18.2100      157.000      4.02964     0.920505    0.0274803
1999-04-29/23:18:00      160.740     -42.2400      13.4000      144.000      30.4326     0.809017     0.312202
1999-04-29/23:18:20      161.280     -40.2700      14.7600      168.000      10.5439     0.978148    0.0382611
1999-04-29/23:18:40      161.050     -39.2400      19.3900      151.000      4.50175     0.874620    0.0380917
1999-04-29/23:19:20      161.160     -35.6600      25.0100      156.000      4.53131     0.913545    0.0321673
1999-04-29/23:19:40      162.060     -35.2700      30.2900      158.000      4.56529     0.927184    0.0298484
1999-04-29/23:20:00      161.890     -34.4200      27.0000      159.000      3.27643     0.933580    0.0204931
1999-04-29/23:20:20      161.840     -33.2800      24.9900      153.000      3.83834     0.891007    0.0304136
1999-04-29/23:20:40      161.720     -32.4000      25.1500      146.000      2.57573     0.829038    0.0251385
1999-04-29/23:21:00      161.160     -31.5500      20.4200      164.000      4.40998     0.961262    0.0212154
1999-04-29/23:21:20      161.540     -30.1900      18.1900      154.000      9.93717     0.898794    0.0760295
1999-04-29/23:21:40      161.500     -29.0300      17.2600      136.000      4.65822     0.719340    0.0564766
1999-04-29/23:22:00      161.540     -27.8600      19.0800      142.000      10.7696     0.788011     0.115723
1999-04-29/23:22:20      161.680     -26.6700      20.2300      151.000      7.23293     0.874620    0.0612016
1999-04-29/23:22:40      161.740     -25.7600      21.7500      165.000      3.98887     0.965926    0.0180187
1999-04-29/23:23:00      161.520     -24.7200      20.0300      172.000      18.8130     0.990268    0.0456973
1999-04-29/23:23:20      161.460     -23.4900      19.5700      137.000      26.5798     0.731354     0.316382
1999-04-29/23:23:40      161.400     -22.3700      19.7800      148.000      5.78530     0.848048    0.0535073
1999-04-29/23:24:01      161.360     -21.1800      18.1800      151.000      5.50988     0.874620    0.0466220
1999-04-29/23:24:41      161.370     -19.2800      21.3200      166.000      14.1331     0.970296    0.0596747
1999-04-29/23:25:01      161.390     -17.5300      14.8100      173.000      19.8089     0.992546    0.0421339
1999-04-29/23:25:21      162.230     -16.3400      12.7800      145.000      30.0488     0.819152     0.300812
1999-04-29/23:25:41      162.120     -14.5300      13.2200      139.000      27.2650     0.754710     0.312195
1999-04-29/23:26:01      161.380     -13.5600      15.5400      172.000      45.0000     0.990268     0.109306
1999-04-29/23:26:21      161.620     -12.8700      14.5100      172.000      14.8727     0.990268    0.0361262
1999-04-29/23:26:41      161.710     -11.7900      16.4000      145.000      30.0488     0.819152     0.300812
1999-04-29/23:27:01      161.680     -11.1200      16.1600      166.000      6.00191     0.970296    0.0253421
1999-04-29/23:27:21      161.440     -10.3600      19.1800      152.000      13.6098     0.882948     0.111516
1999-04-29/23:27:41      161.400     -9.32000      19.8400      104.000      18.8654     0.241922     0.319483
1999-04-29/23:28:01      161.490     -8.34000      19.7200      167.000      14.7473     0.974370    0.0578999
1999-04-29/23:28:41      161.820     -6.32000      17.5800      165.000      10.1430     0.965926    0.0458184
1999-04-29/23:29:01      161.710     -5.03000      15.7700      171.000      11.4516     0.987688    0.0312663
1999-04-29/23:29:41      161.650     -2.95000      21.9600      168.000      27.3013     0.978148    0.0990694
1999-04-29/23:30:01      161.430     -1.96000      20.4100      152.000      38.7864     0.882948     0.317809
1999-04-29/23:30:21      161.230    -0.800000      19.8000      160.000      12.3763     0.939693    0.0738788
1999-04-29/23:30:41      161.120     0.360000      20.3700      164.000      5.44742     0.961262    0.0262063
1999-04-29/23:31:01      161.050      1.56000      21.7900      171.000      12.7742     0.987688    0.0348774
1999-04-29/23:31:21      161.110      2.65000      21.9700      103.000      6.49921     0.224951     0.110525
1999-04-29/23:31:41      161.190      3.76000      19.7000      123.000      6.75454     0.544639    0.0988700
1999-04-29/23:32:01      161.180      4.83000      18.0600      97.0000      5.96992     0.121869     0.103418
1999-04-29/23:32:21      161.060      5.79000      17.6300      105.000      5.02431     0.258819    0.0847028
1999-04-29/23:32:41      160.950      6.96000      18.0200      154.000      9.46049     0.898794    0.0723824
1999-04-29/23:33:01      160.940      8.13000      18.4800      124.000      17.6815     0.559193     0.255841
1999-04-29/23:33:21      160.960      9.26000      18.6000      135.000      1.73604     0.707107    0.0214251
1999-04-29/23:33:41      160.970      10.3300      17.9600      163.000      16.4023     0.956305    0.0836985
1999-04-29/23:34:01      161.010      11.4700      18.0700      126.000      6.99875     0.587785    0.0988224
1999-04-29/23:34:21      160.980      12.5800      17.9200      134.000      2.49403     0.694658    0.0313122
1999-04-29/23:34:42      160.910      13.7400      18.2600      114.000      4.32846     0.406737    0.0690146
1999-04-29/23:35:02      160.860      14.8100      18.7100      121.000      2.94793     0.515038    0.0441022
1999-04-29/23:35:22      160.790      15.9100      18.8400      122.000      2.56560     0.529919    0.0379740
1999-04-29/23:35:42      160.720      17.0400      18.7000      120.000      2.97762     0.500000    0.0450067
1999-04-29/23:36:02      160.730      18.1500      18.7000      122.000      2.81476     0.529919    0.0416619
1999-04-29/23:36:22      160.710      19.3100      19.2000      125.000      2.41496     0.573576    0.0345264
1999-04-29/23:36:42      160.690      20.7100      20.0800      170.000      2.35280     0.984808   0.00713071
1999-04-29/23:37:02      160.180      21.1200      21.6700      128.000      24.7730     0.615661     0.340713
1999-04-29/23:37:22      160.600      21.9300      17.4100      169.000      8.51857     0.981627    0.0283689
1999-04-29/23:37:42      160.930      23.1300      16.3200      168.000      5.86423     0.978148    0.0212798
1999-04-29/23:38:22      160.790      25.5600      17.2300      134.000      4.71938     0.694658    0.0592511
1999-04-29/23:38:42      160.680      26.6200      17.4600      123.000      2.22103     0.544639    0.0325105
1999-04-29/23:39:02      160.580      27.7800      17.7300      125.000      2.21851     0.573576    0.0317178
1999-04-29/23:39:22      160.540      28.9500      17.8200      126.000      2.65970     0.587785    0.0375550
1999-04-29/23:39:42      160.440      30.1100      18.1800      119.000      3.42648     0.484810    0.0523052
1999-04-29/23:40:02      160.480      31.2700      17.9100      121.000      3.81771     0.515038    0.0571144
1999-04-29/23:40:22      160.410      32.3600      17.3300      123.000      1.83647     0.544639    0.0268814
1999-04-29/23:40:42      160.340      33.4800      17.7900      123.000      1.76984     0.544639    0.0259061
1999-04-29/23:41:02      160.270      34.6200      17.8600      122.000      2.40317     0.529919    0.0355699
1999-04-29/23:41:22      160.220      35.7400      17.9300      138.000      4.13341     0.743145    0.0482722
1999-04-29/23:41:42      160.180      36.8200      17.9900      134.000      1.84602     0.694658    0.0231765
1999-04-29/23:42:02      160.100      37.9700      17.7200      117.000      4.00009     0.453991    0.0622054
1999-04-29/23:42:22      160.040      39.1400      17.7300      114.000      2.74282     0.406737    0.0437326
1999-04-29/23:42:42      159.970      40.3300      17.8200      116.000      3.23533     0.438371    0.0507524
1999-04-29/23:43:02      159.900      41.4400      17.9400      129.000      4.10091     0.629321    0.0556237
1999-04-29/23:43:22      159.820      42.5400      18.0600      120.000      2.61527     0.500000    0.0395298
1999-04-29/23:43:42      159.680      43.6400      17.9100      119.000      2.64246     0.484810    0.0403371
1999-04-29/23:44:02      159.590      44.7100      17.7700      110.000      2.55790     0.342020    0.0419514
1999-04-29/23:44:22      159.470      45.8900      17.4200      127.000      4.74053     0.601815    0.0660774
1999-04-29/23:44:42      159.480      47.1000      17.7400      135.000      1.78255     0.707107    0.0219991
1999-04-29/23:45:02      159.450      48.1200      17.9900      120.000      2.53734     0.500000    0.0383519
1999-04-29/23:45:22      159.340      49.2500      17.8000      124.000      1.84570     0.559193    0.0267062
1999-04-29/23:45:42      159.220      50.3700      17.8700      125.000      1.52111     0.573576    0.0217472
1999-04-29/23:46:02      159.100      51.4600      17.8300      126.000      3.17024     0.587785    0.0447638
1999-04-29/23:46:22      158.940      52.6000      18.1300      148.000      5.78530     0.848048    0.0535073
1999-04-29/23:46:42      158.870      53.6400      18.5600      131.000      5.27110     0.656059    0.0694318
1999-04-29/23:47:02      158.700      54.7400      18.4200      135.000      2.00488     0.707107    0.0247429
1999-04-29/23:47:22      158.510      55.8800      18.4700      118.000      3.42319     0.469472    0.0527525
1999-04-29/23:47:42      158.370      56.9900      18.4400      130.000      3.52345     0.642788    0.0471085
1999-04-29/23:48:03      158.200      58.1700      18.4900      115.000      3.16159     0.422618    0.0500102
1999-04-29/23:48:23      158.060      59.2800      18.6800      137.000      3.23584     0.731354    0.0385166
1999-04-29/23:48:43      157.830      60.4000      18.5500      135.000      2.37842     0.707107    0.0293529
1999-04-29/23:49:03      157.540      61.5700      18.4900      143.000      2.85718     0.798636    0.0300108
1999-04-29/23:49:22      157.180      62.7600      18.3000      148.000      9.02431     0.848048    0.0834643
1999-04-29/23:49:42      156.760      63.9600      18.6000      133.000      5.70103     0.681998    0.0727710
1999-04-29/23:50:02      156.210      65.2600      18.7200      113.000      1.82806     0.390731    0.0293693
1999-04-29/23:50:22      156.080      66.3100      19.2600      119.000      3.42648     0.484810    0.0523052
1999-04-29/23:50:43      155.690      67.4400      19.3300      120.000      2.81804     0.500000    0.0425947
1999-04-29/23:51:03      154.950      68.7200      19.6100      116.000      1.76756     0.438371    0.0277276
1999-04-29/23:51:23      154.420      69.9400      19.7700      114.000      1.94222     0.406737    0.0309675
1999-04-30/01:01:03      160.890     -68.2000      14.0700      133.000      4.62152     0.681998    0.0589915
1999-04-30/01:01:24      160.530     -67.3600      14.0400      118.000      3.73865     0.469472    0.0576139
1999-04-30/01:01:44      160.590     -66.1900      13.4700      128.000      4.76905     0.615661    0.0655906
1999-04-30/01:02:04      160.780     -64.7900      13.6000      118.000      2.71868     0.469472    0.0418958
1999-04-30/01:02:24      160.730     -63.5400      14.2200      161.000      8.06151     0.945519    0.0458074
1999-04-30/01:02:45      160.690     -62.4500      14.7700      171.000      27.8685     0.987688    0.0760893
1999-04-30/01:03:05      160.540     -61.5200      13.4200      157.000      5.59402     0.920505    0.0381486
1999-04-30/01:06:05      161.360     -50.9400      13.1600      144.000      12.5361     0.809017     0.128605
1999-04-30/01:06:25      161.170     -49.8700      14.9800      166.000      10.8732     0.970296    0.0459103
1999-04-30/01:06:44      161.260     -48.7000      16.0000      168.000      24.4358     0.978148    0.0886712
1999-04-30/01:07:04      160.890     -47.9200      16.9500      147.000      6.11702     0.838671    0.0581468
1999-04-30/01:07:24      161.050     -46.6600      13.5200      159.000      12.8722     0.933580    0.0805118
1999-04-30/01:07:44      161.150     -45.6400      14.1500      145.000      12.0559     0.819152     0.120689
1999-04-30/01:08:05      161.050     -44.5000      15.6700      137.000      12.5060     0.731354     0.148860
1999-04-30/01:08:25      160.830     -43.7200      16.5500      166.000      9.43646     0.970296    0.0398439
1999-04-30/01:08:45      160.320     -42.9800      17.2200      121.000      19.9174     0.515038     0.297973
1999-04-30/01:09:24      160.010     -40.4900      12.3500      114.000      8.86670     0.406737     0.141374
1999-04-30/01:09:44      160.530     -39.1800      12.3800      139.000      6.24757     0.754710    0.0715371
1999-04-30/01:10:04      159.860     -38.1100      15.3100      147.000      2.72951     0.838671    0.0259460
1999-04-30/01:10:24      160.440     -36.2000      17.4900      138.000      7.48664     0.743145    0.0874330
1999-04-30/01:10:45      161.350     -35.6300      21.3300      158.000      10.0942     0.927184    0.0659971
1999-04-30/01:11:05      161.240     -34.7100      15.5300      152.000      5.10461     0.882948    0.0418263
1999-04-30/01:11:25      161.080     -33.5900      17.2100      157.000      1.69966     0.920505    0.0115909
1999-04-30/01:11:45      161.030     -32.5300      15.8500      136.000      2.72704     0.719340    0.0330628
1999-04-30/01:12:04      160.850     -31.5700      17.6500      164.000      5.44742     0.961262    0.0262063
1999-04-30/01:12:24      160.730     -30.6300      14.1700      161.000      8.55121     0.945519    0.0485900
1999-04-30/01:12:44      160.660     -29.3500      11.8100      138.000      5.73175     0.743145    0.0669384
1999-04-30/01:13:04      160.810     -28.0700      12.9600      137.000      6.65724     0.731354    0.0792419
1999-04-30/01:13:25      160.840     -27.2500      12.6800      147.000      30.4102     0.838671     0.289071
1999-04-30/01:14:05      160.620     -25.0300      13.7300      148.000      32.7620     0.848048     0.303010
1999-04-30/01:14:25      160.770     -23.8800      11.4400      134.000      20.5334     0.694658     0.257794
1999-04-30/01:14:44      160.740     -22.7200      11.3200      132.000      24.7334     0.669131     0.320800
1999-04-30/01:15:24      160.590     -20.4300      12.6100      144.000      9.99323     0.809017     0.102518
1999-04-30/01:15:44      160.660     -19.2800      15.1700      166.000      6.81405     0.970296    0.0287712
1999-04-30/01:16:05      160.530     -18.3100      15.6400      143.000      5.30347     0.798636    0.0557058
1999-04-30/01:16:25      160.510     -17.2900      15.4800      119.000      23.7264     0.484810     0.362183
1999-04-30/01:16:45      160.310     -16.3000      14.5500      118.000      21.8068     0.469472     0.336050
1999-04-30/01:17:05      160.120     -15.0700      13.4700      122.000      2.56560     0.529919    0.0379740
1999-04-30/01:17:24      160.230     -13.8400      13.5500      108.000      2.94697     0.309017    0.0489170
1999-04-30/01:17:44      160.410     -12.7600      15.1000      149.000      5.21590     0.857167    0.0468863
1999-04-30/01:18:04      160.420     -11.7700      13.5000      139.000      4.16955     0.754710    0.0477430
1999-04-30/01:18:24      160.440     -10.6100      12.8700      119.000      4.13137     0.484810    0.0630653
1999-04-30/01:18:45      160.430     -9.49000      13.0400      136.000      6.07491     0.719340    0.0736527
1999-04-30/01:19:05      160.480     -8.38000      12.9500      138.000      3.35654     0.743145    0.0391995
1999-04-30/01:19:25      160.470     -7.41000      12.3500      146.000      1.57742     0.829038    0.0153952
1999-04-30/01:19:45      160.280     -6.38000      10.8300      160.000      10.2337     0.939693    0.0610888
1999-04-30/01:20:04      160.010     -5.11000      10.4200      153.000      12.1037     0.891007    0.0959052
1999-04-30/01:20:24      160.350     -3.94000      14.1100      142.000      4.73577     0.788011    0.0508874
1999-04-30/01:20:44      160.610     -3.13000      12.8800      170.000      15.0855     0.984808    0.0457201
1999-04-30/01:21:25      160.380    -0.740000      14.6800      136.000      2.91780     0.719340    0.0353756
1999-04-30/01:21:45      160.380     0.260000      14.2400      151.000      5.15647     0.874620    0.0436316
1999-04-30/01:22:05      160.400      1.46000      13.4900      93.0000     0.544964    0.0523359   0.00949838
1999-04-30/01:22:25      160.460      2.49000      14.6600      160.000      6.19174     0.939693    0.0369608
1999-04-30/01:22:44      160.260      3.48000      12.3800      124.000      4.38424     0.559193    0.0634375
1999-04-30/01:23:04      160.090      4.74000      12.1300      130.000      2.80401     0.642788    0.0374896
1999-04-30/01:23:24      160.020      5.84000      12.9700      152.000      5.10461     0.882948    0.0418263
1999-04-30/01:23:44      159.960      6.91000      13.1400      124.000      3.97079     0.559193    0.0574551
1999-04-30/01:24:05      160.010      8.08000      13.6800      147.000      6.11702     0.838671    0.0581468
1999-04-30/01:24:25      160.060      9.09000      14.2300      158.000      3.60605     0.927184    0.0235768
1999-04-30/01:24:45      160.040      10.0900      13.1300      143.000      7.48954     0.798636    0.0786675
1999-04-30/01:25:24      159.940      12.4200      11.8000      137.000      4.15427     0.731354    0.0494488
1999-04-30/01:25:44      159.850      13.5600      12.8300      142.000      3.79876     0.788011    0.0408189
1999-04-30/01:26:04      159.810      14.5900      13.3500      145.000      6.03286     0.819152    0.0603937
1999-04-30/01:26:24      159.790      15.6600      13.3100      111.000      2.47319     0.358368    0.0402983
1999-04-30/01:26:45      159.770      16.7200      13.2000      109.000      2.57545     0.325568    0.0425011
1999-04-30/01:27:05      159.710      17.8100      12.8800      121.000      3.18689     0.515038    0.0476771
1999-04-30/01:27:25      159.710      18.9500      12.7300      111.000      3.27161     0.358368    0.0533078
1999-04-30/01:27:45      159.710      20.0700      12.3400      96.0000      3.95603     0.104529    0.0686675
1999-04-30/01:28:04      159.670      21.1900      12.3100      131.000      4.49430     0.656059    0.0591997
1999-04-30/01:28:24      159.630      22.2700      12.8600      120.000      4.01660     0.500000    0.0607109
1999-04-30/01:28:44      159.560      23.3600      12.8800      120.000      2.68786     0.500000    0.0406270
1999-04-30/01:29:04      159.510      24.4800      12.7900      105.000      2.96037     0.258819    0.0499077
1999-04-30/01:29:25      159.460      25.6100      12.7900      125.000      2.63929     0.573576    0.0377337
1999-04-30/01:29:45      159.420      26.7100      12.8200      122.000      2.66196     0.529919    0.0394003
1999-04-30/01:30:05      159.360      27.8200      12.6700      125.000      2.01076     0.573576    0.0287476
1999-04-30/01:30:25      159.330      28.8900      12.7500      114.000      1.94222     0.406737    0.0309675
1999-04-30/01:30:44      159.280      29.9300      12.7600      111.000      1.97620     0.358368    0.0322003
1999-04-30/01:31:04      159.210      31.0500      12.8700      114.000      2.09785     0.406737    0.0334489
1999-04-30/01:31:24      159.150      32.1600      12.7500      124.000      1.99801     0.559193    0.0289101
1999-04-30/01:31:44      159.110      33.2800      12.8300      116.000      2.61791     0.438371    0.0410669
1999-04-30/01:32:05      159.070      34.3600      12.8600      124.000      1.84570     0.559193    0.0267062
1999-04-30/01:32:25      158.970      35.4800      12.8100      126.000      4.35442     0.587785    0.0614845
1999-04-30/01:32:45      158.970      36.6000      12.9600      115.000      2.55251     0.422618    0.0403757
1999-04-30/01:33:05      158.920      37.6800      12.9500      121.000      2.24472     0.515038    0.0335819
1999-04-30/01:33:24      158.800      38.7500      12.7400      116.000      1.94197     0.438371    0.0304635
1999-04-30/01:33:44      158.640      39.9300      12.7100      125.000      2.01076     0.573576    0.0287476
1999-04-30/01:34:04      158.560      41.0400      13.1300      125.000      2.21851     0.573576    0.0317178
1999-04-30/01:34:24      158.510      42.1100      13.3000      119.000      3.07917     0.484810    0.0470035
1999-04-30/01:34:45      158.400      43.1600      13.2300      131.000      3.31843     0.656059    0.0437109
1999-04-30/01:35:05      158.270      44.2400      13.0300      121.000      3.56322     0.515038    0.0533072
1999-04-30/01:35:25      158.130      45.4200      12.6000      121.000      9.31718     0.515038     0.139389
1999-04-30/01:35:45      157.820      46.8800      12.5900      121.000      3.04718     0.515038    0.0455870
1999-04-30/01:36:04      157.870      47.9000      13.5100      129.000      2.31269     0.629321    0.0313688
1999-04-30/01:36:24      157.720      48.9100      13.5300      119.000      3.71706     0.484810    0.0567409
1999-04-30/01:36:44      157.500      50.0600      13.5600      113.000      1.53310     0.390731    0.0246305
1999-04-30/01:37:04      157.250      51.1700      13.6500      115.000      2.55251     0.422618    0.0403757
1999-04-30/01:37:25      157.030      52.3900      13.9800      130.000      3.76166     0.642788    0.0502934
1999-04-30/01:37:45      157.000      53.4800      14.3100      118.000      3.20731     0.469472    0.0494257
1999-04-30/01:38:05      156.920      54.4600      14.1100      108.000      7.18042     0.309017     0.119188
1999-04-30/01:38:25      156.640      55.6100      14.0800      157.000      3.11443     0.920505    0.0212390
1999-04-30/01:38:44      156.450      56.7000      13.9600      124.000      1.40634     0.559193    0.0203489
1999-04-30/01:39:04      156.110      57.9200      13.6500      117.000      22.6838     0.453991     0.352756
1999-04-30/01:39:24      155.950      59.1300      13.9900      106.000      7.34229     0.275637     0.123183
1999-04-30/01:39:44      155.740      60.2600      13.9900      137.000      3.08131     0.731354    0.0366772
1999-04-30/01:40:05      155.360      61.3900      14.0200      128.000      5.62066     0.615661    0.0773031
1999-04-30/01:40:25      154.590      62.7000      13.8700      118.000      3.30730     0.469472    0.0509666
1999-04-30/01:40:45      153.980      64.0700      14.2100      120.000      3.57647     0.500000    0.0540583
1999-04-30/01:41:05      153.490      65.1300      14.2900      113.000      2.64073     0.390731    0.0424255
1999-04-30/01:41:24      153.140      66.2700      14.7900      115.000      3.47634     0.422618    0.0549889
1999-04-30/01:41:45      153.360      67.1000      14.6100      111.000      2.32941     0.358368    0.0379555
1999-04-30/01:42:05      152.590      68.3000      14.4000      111.000      2.09106     0.358368    0.0340718
1999-04-30/01:42:25      151.580      69.5200      14.2100      113.000      1.82806     0.390731    0.0293693
1999-04-30/01:42:45      150.410      70.8100      14.3100      118.000      3.01293     0.469472    0.0464303
1999-04-30/01:43:05      149.290      71.9700      14.2600      126.000      3.78039     0.587785    0.0533791
1999-04-30/01:43:25      147.710      73.2000      14.1900      124.000      2.94981     0.559193    0.0426821
1999-04-30/01:43:45      145.920      74.4600      14.2400      126.000      6.22073     0.587785    0.0878368
1999-04-30/01:44:05      143.470      75.7500      14.3200      125.000      4.06454     0.573576    0.0581103
1999-04-30/01:44:25      138.470      77.5900      14.6300      112.000      3.38726     0.374607    0.0548140
1999-04-30/04:43:44      157.220     -69.8700      13.8800      102.000      1.86721     0.207912    0.0318768
1999-04-30/04:44:03      157.360     -68.7000      13.2200      117.000      3.85261     0.453991    0.0599119
1999-04-30/04:44:23      158.520     -66.7200      13.0100      125.000      2.63929     0.573576    0.0377337
1999-04-30/04:44:43      159.490     -64.5600      12.9100      122.000      2.56560     0.529919    0.0379740
1999-04-30/04:45:03      159.680     -63.1600      13.8100      121.000      19.9174     0.515038     0.297973
1999-04-30/04:45:24      159.320     -62.5600      14.0700      166.000      45.0000     0.970296     0.190005
1999-04-30/04:46:04      159.020     -60.1800      12.5000      171.000      12.4759     0.987688    0.0340629
1999-04-30/04:46:43      159.130     -57.4900      13.8900      141.000      6.57197     0.777146    0.0721846
1999-04-30/04:47:03      158.990     -56.5200      14.5800      114.000      4.53015     0.406737    0.0722304
1999-04-30/04:47:23      158.760     -55.6900      13.9500      123.000      2.43576     0.544639    0.0356536
1999-04-30/04:47:43      158.960     -54.2100      13.0400      125.000      21.8278     0.573576     0.312070
1999-04-30/04:48:04      159.030     -53.3200      13.3500      125.000      21.8278     0.573576     0.312070
1999-04-30/04:48:24      159.670     -53.0100      12.3200      130.000      7.13225     0.642788    0.0953582
1999-04-30/04:48:44      161.140     -51.9000      12.8900      169.000      45.0000     0.981627     0.149861
1999-04-30/04:49:04      162.390     -50.7900      8.97000      161.000      45.0000     0.945519     0.255701
1999-04-30/04:49:23      160.000     -47.6900      13.1000      161.000      45.0000     0.945519     0.255701
1999-04-30/04:49:43      159.490     -46.7800      16.4900      159.000      12.2051     0.933580    0.0763392
1999-04-30/04:50:03      159.430     -45.7400      16.1500      164.000      7.07424     0.961262    0.0340326
1999-04-30/04:50:23      159.180     -44.6000      18.2700      149.000      31.4226     0.857167     0.282461
1999-04-30/04:50:44      158.930     -43.9100      17.7800      151.000      18.6236     0.874620     0.157584
1999-04-30/04:51:04      158.870     -42.8800      16.3500      142.000      12.7456     0.788011     0.136956
1999-04-30/04:51:24      158.150     -42.2300      16.7300      161.000      8.06151     0.945519    0.0458074
1999-04-30/04:51:44      158.120     -40.5500      13.9900      152.000      12.8006     0.882948     0.104886
1999-04-30/04:52:03      158.130     -39.5500      15.3300      145.000      9.33743     0.819152    0.0934751
1999-04-30/04:52:43      159.010     -36.8400      24.6400      170.000      2.50133     0.984808   0.00758087
1999-04-30/04:53:03      158.900     -36.3500      18.3300      154.000      36.0924     0.898794     0.276144
1999-04-30/04:53:24      159.120     -35.1400      13.7800      147.000      12.5731     0.838671     0.119517
1999-04-30/04:53:44      159.350     -33.7900      13.4800      154.000      3.45931     0.898794    0.0264672
1999-04-30/04:54:04      159.220     -32.7300      15.6400      126.000      25.0610     0.587785     0.353862
1999-04-30/04:54:24      159.200     -31.7400      15.5100      173.000      21.3124     0.992546    0.0453319
1999-04-30/04:54:43      158.990     -31.0200      13.7000      149.000      4.47552     0.857167    0.0402309
1999-04-30/04:55:03      159.050     -29.7800      10.6800      133.000      26.9050     0.681998     0.343430
1999-04-30/04:55:23      159.040     -28.3900      10.0500      173.000      22.8577     0.992546    0.0486188
1999-04-30/04:55:43      158.920     -26.9500      11.6700      172.000      26.6650     0.990268    0.0647701
1999-04-30/04:56:04      158.940     -25.8500      18.0600      174.000      45.0000     0.994522    0.0820963
1999-04-30/04:56:24      158.730     -25.1500      18.1500      146.000      28.3908     0.829038     0.277087
1999-04-30/04:57:04      158.300     -22.6100      14.8000      170.000      27.2095     0.984808    0.0824648
1999-04-30/04:57:23      158.620     -21.6200      17.2600      118.000      21.8068     0.469472     0.336050
1999-04-30/04:57:43      158.660     -20.7600      16.8500      136.000      24.0070     0.719340     0.291063
1999-04-30/04:58:03      158.430     -19.9000      13.2400      166.000      10.1310     0.970296    0.0427765
1999-04-30/04:58:23      158.640     -18.5800      10.3800      147.000      30.4102     0.838671     0.289071
1999-04-30/04:59:04      158.550     -16.3400      13.1700      153.000      9.18646     0.891007    0.0727901
1999-04-30/05:00:03      158.670     -12.9400      15.1300      156.000      14.7081     0.913545     0.104411
1999-04-30/05:00:23      158.540     -11.9800      15.1300      157.000      8.98524     0.920505    0.0612752
1999-04-30/05:00:43      158.420     -10.8700      13.9400      143.000      3.08601     0.798636    0.0324144
1999-04-30/05:01:03      158.340     -9.79000      13.7000      151.000      7.23293     0.874620    0.0612016
1999-04-30/05:01:24      158.320     -8.73000      13.0900      171.000      18.7602     0.987688    0.0512209
1999-04-30/05:01:44      158.350     -7.71000      10.7600      166.000      13.0011     0.970296    0.0548950
1999-04-30/05:02:24      158.310     -5.27000      10.9700      170.000      19.2707     0.984808    0.0584044
1999-04-30/05:02:43      158.260     -4.24000      11.7100      127.000      22.1762     0.601815     0.309110
1999-04-30/05:03:03      158.200     -3.02000      12.6100      138.000      12.2961     0.743145     0.143600
1999-04-30/05:03:23      158.240     -1.73000      13.2400      113.000      2.79642     0.390731    0.0449268
1999-04-30/05:03:43      158.250    -0.520000      13.6600      155.000      3.02480     0.906308    0.0223112
1999-04-30/05:04:04      158.220     0.550000      12.8900      153.000      4.73466     0.891007    0.0375157
1999-04-30/05:04:24      158.240      1.60000      12.0400      154.000      4.88278     0.898794    0.0373582
1999-04-30/05:04:44      158.230      2.57000      12.6600      166.000      16.3382     0.970296    0.0689853
1999-04-30/05:05:04      158.200      3.49000      13.1700      149.000      3.66091     0.857167    0.0329083
1999-04-30/05:05:23      158.160      4.52000      13.3400      127.000      5.38581     0.601815    0.0750718
1999-04-30/05:05:43      158.130      5.67000      14.1300      156.000      9.85369     0.913545    0.0699503
1999-04-30/05:06:03      158.050      6.76000      15.0500      161.000      6.82228     0.945519    0.0387658
1999-04-30/05:06:44      157.980      8.91000      13.8400      156.000      3.50170     0.913545    0.0248582
1999-04-30/05:07:04      157.920      9.96000      13.0500      154.000      4.53906     0.898794    0.0347284
1999-04-30/05:07:24      157.910      11.1900      12.5300      173.000      45.0000     0.992546    0.0957159
1999-04-30/05:07:44      157.910      12.2800      14.2400      132.000      24.7334     0.669131     0.320800
1999-04-30/05:08:03      157.870      13.2500      14.2600      140.000      8.22101     0.766045    0.0922295
1999-04-30/05:08:23      157.850      14.3200      13.6300      140.000      14.3563     0.766045     0.161060
1999-04-30/05:08:43      157.830      15.4200      13.5600      144.000      3.41073     0.809017    0.0349899
1999-04-30/05:09:03      157.830      16.4900      13.6300      154.000      3.74782     0.898794    0.0286746
1999-04-30/05:09:24      157.810      17.5900      12.9900      135.000      3.84070     0.707107    0.0473994
1999-04-30/05:09:44      157.750      18.7300      12.4900      124.000      1.84570     0.559193    0.0267062
1999-04-30/05:10:04      157.700      19.8600      12.7800      114.000      1.94222     0.406737    0.0309675
1999-04-30/05:10:24      157.680      20.9700      12.9800      125.000      6.81630     0.573576    0.0974520
1999-04-30/05:10:43      157.670      22.0100      13.1100      115.000      4.02131     0.422618    0.0636093
1999-04-30/05:11:03      157.670      23.1100      12.9100      114.000      3.21946     0.406737    0.0513323
1999-04-30/05:11:23      157.650      24.2300      12.8700      113.000      2.02531     0.390731    0.0325383
1999-04-30/05:11:43      157.650      25.3500      12.4300      118.000      4.06758     0.469472    0.0626828
1999-04-30/05:12:04      157.600      26.4800      12.4900      127.000      2.92358     0.601815    0.0407513
1999-04-30/05:12:24      157.540      27.5200      12.5000      119.000      3.00080     0.484810    0.0458072
1999-04-30/05:12:44      157.490      28.6000      12.5600      120.000      2.87450     0.500000    0.0434480
1999-04-30/05:13:04      157.440      29.7000      12.6700      115.000      2.90088     0.422618    0.0458863
1999-04-30/05:13:23      157.390      30.7700      12.6200      130.000      2.46697     0.642788    0.0329834
1999-04-30/05:13:43      157.360      31.9200      12.5400      124.000      1.68852     0.559193    0.0244319
1999-04-30/05:14:03      157.330      33.0600      12.5400      122.000      2.11743     0.529919    0.0313406
1999-04-30/05:14:23      157.280      34.1700      12.7900      123.000      1.90567     0.544639    0.0278944
1999-04-30/05:14:44      157.260      35.2900      12.8300      117.000      3.38384     0.453991    0.0526221
1999-04-30/05:15:04      157.220      36.3900      12.5100      123.000      1.71277     0.544639    0.0250708
1999-04-30/05:15:24      157.150      37.5200      12.6600      125.000      2.12168     0.573576    0.0303334
1999-04-30/05:15:44      157.070      38.6000      12.6900      119.000      2.80616     0.484810    0.0428360
1999-04-30/05:16:03      156.970      39.6800      12.6400      134.000      1.92438     0.694658    0.0241603
1999-04-30/05:16:23      156.900      40.8200      12.6000      117.000      3.60112     0.453991    0.0560010
1999-04-30/05:16:43      156.860      41.9400      12.5800      121.000      3.31091     0.515038    0.0495325
1999-04-30/05:17:03      156.820      43.0100      12.5100      121.000      3.43143     0.515038    0.0513355
1999-04-30/05:17:24      156.770      44.0800      12.2300      117.000      4.65407     0.453991    0.0723754
1999-04-30/05:17:44      156.610      45.1500      11.9200      119.000      3.71706     0.484810    0.0567409
1999-04-30/05:18:04      156.220      46.4400      11.7200      125.000      2.41496     0.573576    0.0345264
1999-04-30/05:18:24      156.190      47.6800      12.5100      131.000      4.89541     0.656059    0.0644832
1999-04-30/05:18:43      156.220      48.6700      12.8200      121.000      2.80403     0.515038    0.0419494
1999-04-30/05:19:03      156.150      49.7200      12.6000      142.000      2.75560     0.788011    0.0296098
1999-04-30/05:19:23      156.020      50.8800      12.5000      137.000      3.41887     0.731354    0.0406952
1999-04-30/05:19:43      155.920      52.0700      12.5700      116.000      3.77145     0.438371    0.0591624
1999-04-30/05:20:04      155.990      53.1800      12.4200      127.000      3.57709     0.601815    0.0498604
1999-04-30/05:20:24      155.980      54.1500      12.0700      108.000      3.46035     0.309017    0.0574386
1999-04-30/05:20:44      155.840      55.2200      11.9800      157.000      7.91111     0.920505    0.0539501
1999-04-30/05:21:23      155.390      57.3900      11.6800      144.000      7.64877     0.809017    0.0784671
1999-04-30/05:21:43      155.190      58.7500      11.9200      146.000      2.89858     0.829038    0.0282894
1999-04-30/05:22:03      154.950      59.8800      11.7800      113.000      2.02531     0.390731    0.0325383
1999-04-30/05:22:44      154.620      62.1500      11.6900      95.0000      3.64144    0.0871559    0.0633133
1999-04-30/05:23:04      154.410      63.4100      11.2600      113.000      3.00172     0.390731    0.0482252
1999-04-30/05:23:24      154.290      64.6300      11.4300      102.000      5.50034     0.207912    0.0939012
1999-04-30/05:23:44      154.170      65.5000      11.7400      118.000      4.06758     0.469472    0.0626828
1999-04-30/05:24:03      153.860      66.5900      11.5700      115.000      4.02131     0.422618    0.0636093
1999-04-30/05:24:23      153.320      67.9600      11.5100      112.000      2.09250     0.374607    0.0338617
1999-04-30/05:24:43      153.030      69.1500      11.3800      108.000      2.85097     0.309017    0.0473234
1999-04-30/05:25:03      152.370      70.5100      11.3600      108.000      2.61726     0.309017    0.0434441
1999-04-30/05:25:24      151.790      71.7100      11.3700      110.000      2.35372     0.342020    0.0386027
1999-04-30/05:25:44      150.980      72.8900      11.3500      113.000      1.74178     0.390731    0.0279832
1999-04-30/05:26:04      150.100      74.0100      11.3000      107.000      3.13206     0.292372    0.0522762
1999-04-30/05:26:24      148.760      75.2200      11.2900      105.000      2.03478     0.258819    0.0343035
1999-04-30/05:26:43      146.960      76.5400      11.3700      108.000      2.94697     0.309017    0.0489170
1999-04-30/05:27:03      145.400      77.6300      11.4300      103.000      1.37376     0.224951    0.0233621
1999-04-30/05:27:23      141.800      79.0800      11.5400      100.000      2.06637     0.173648    0.0355171
1999-04-30/06:42:03      157.880     -43.1100      15.9900      120.000      21.9826     0.500000     0.332267
1999-04-30/06:42:23      157.650     -41.9900      14.6700      172.000      7.21451     0.990268    0.0175243
1999-04-30/06:42:44      157.130     -41.0400      15.5900      159.000      10.8801     0.933580    0.0680518
1999-04-30/06:43:04      157.610     -39.5900      15.8300      152.000      38.7864     0.882948     0.317809
1999-04-30/06:43:24      157.540     -38.3700      13.6600      160.000      8.39130     0.939693    0.0500908
1999-04-30/06:43:44      158.350     -37.1600      20.9400      128.000      24.7730     0.615661     0.340713
1999-04-30/06:44:03      158.500     -36.5400      17.3300      148.000      3.10692     0.848048    0.0287354
1999-04-30/06:44:23      158.000     -35.6800      16.3000      132.000      24.7334     0.669131     0.320800
1999-04-30/06:44:43      157.520     -35.1000      7.99000      141.000      30.1216     0.777146     0.330847
1999-04-30/06:45:03      157.760     -33.2700      11.1400      172.000      45.0000     0.990268     0.109306
1999-04-30/06:45:24      157.720     -32.5400      11.3800      120.000      21.9826     0.500000     0.332267
1999-04-30/06:45:44      157.800     -31.2700      11.5900      133.000      3.28870     0.681998    0.0419787
1999-04-30/06:46:04      157.110     -30.7800      10.8300      135.000      4.93263     0.707107    0.0608753
1999-04-30/06:46:24      156.960     -29.7200      8.07000      164.000      16.5790     0.961262    0.0797579
1999-04-30/06:46:43      157.860     -27.6900      6.75000      168.000      21.7905     0.978148    0.0790721
1999-04-30/06:47:03      158.190     -26.4000      10.0300      135.000      20.6726     0.707107     0.255128
1999-04-30/06:47:23      158.190     -25.4100      12.5000      165.000      13.5158     0.965926    0.0610541
1999-04-30/06:47:43      157.820     -24.4500      13.4000      166.000      8.79032     0.970296    0.0371157
1999-04-30/06:48:04      157.540     -23.0600      13.7200      115.000      22.3924     0.422618     0.354204
1999-04-30/06:48:24      157.670     -22.1300      16.7400      139.000      27.2650     0.754710     0.312195
1999-04-30/06:48:44      157.650     -21.1800      13.9800      156.000      17.1663     0.913545     0.121862
1999-04-30/06:49:04      157.490     -20.1200      14.2000      142.000      7.58741     0.788011    0.0815291
1999-04-30/06:49:23      157.190     -19.1600      13.9100      132.000      24.7334     0.669131     0.320800
1999-04-30/06:49:43      157.110     -17.9700      12.2500      166.000      10.8732     0.970296    0.0459103
1999-04-30/06:50:23      157.290     -15.7300      13.0800      152.000      10.6951     0.882948    0.0876338
1999-04-30/06:50:44      157.310     -14.4900      12.2900      132.000      5.30442     0.669131    0.0688000
1999-04-30/06:51:04      157.430     -13.3700      12.4100      135.000      4.25827     0.707107    0.0525528
1999-04-30/06:51:24      157.490     -12.3100      11.9200      115.000      10.2864     0.422618     0.162711
1999-04-30/06:52:03      157.340     -10.1100      13.9300      143.000      5.30347     0.798636    0.0557058
1999-04-30/06:52:23      157.340     -9.09000      14.9700      170.000      10.5728     0.984808    0.0320434
1999-04-30/06:52:43      157.130     -8.19000      13.8300      156.000      9.27189     0.913545    0.0658202
1999-04-30/06:53:03      156.780     -6.95000      12.2800      158.000      3.60605     0.927184    0.0235768
1999-04-30/06:53:24      156.980     -5.72000      12.3900      153.000      16.4139     0.891007     0.130058
1999-04-30/06:53:44      157.080     -4.56000      12.4500      137.000      2.65205     0.731354    0.0315677
1999-04-30/06:54:04      157.140     -3.47000      13.2300      139.000      4.53486     0.754710    0.0519259
1999-04-30/06:54:24      157.160     -2.41000      12.9600      144.000      6.14262     0.809017    0.0630158
1999-04-30/06:54:43      157.150     -1.33000      13.4000      123.000      3.47125     0.544639    0.0508106
1999-04-30/06:55:03      157.160    -0.400000      14.2000      170.000      45.0000     0.984808     0.136383
1999-04-30/06:55:23      156.980     0.510000      10.9700      158.000      7.84631     0.927184    0.0513001
1999-04-30/06:56:24      157.130      4.15000      11.6200      110.000      5.66758     0.342020    0.0929525
1999-04-30/06:56:44      157.100      5.28000      12.4500      148.000      3.88640     0.848048    0.0359447
1999-04-30/06:57:04      157.130      6.38000      13.5200      112.000      2.39763     0.374607    0.0387994
1999-04-30/06:57:23      157.160      7.31000      14.6200      147.000      3.04835     0.838671    0.0289768
1999-04-30/06:57:43      157.060      8.35000      14.2300      100.000      6.64558     0.173648     0.114225
1999-04-30/06:58:03      157.000      9.41000      14.3500      114.000      5.47039     0.406737    0.0872220
1999-04-30/06:58:44      156.900      11.8800      13.2100      132.000      3.42443     0.669131    0.0444160
1999-04-30/06:59:04      156.950      12.8600      14.8700      147.000      2.50985     0.838671    0.0238580
1999-04-30/06:59:24      156.880      13.8700      14.2500      139.000      5.53958     0.754710    0.0634303
1999-04-30/06:59:44      156.810      15.0000      13.6000      110.000      4.30470     0.342020    0.0706002
1999-04-30/07:00:03      156.770      16.0700      13.7200      141.000      9.69305     0.777146     0.106466
1999-04-30/07:00:23      156.710      17.1000      13.2700      115.000      7.36341     0.422618     0.116475
1999-04-30/07:00:43      156.590      18.2400      12.6800      133.000      4.30268     0.681998    0.0549217
1999-04-30/07:01:03      156.530      19.4000      12.6200      130.000      2.59759     0.642788    0.0347298
1999-04-30/07:01:24      156.510      20.5600      13.0400      141.000      3.93486     0.777146    0.0432194
1999-04-30/07:01:44      156.510      21.6200      13.1900      120.000      3.34165     0.500000    0.0505090
1999-04-30/07:02:04      156.500      22.6900      13.0400      130.000      3.76166     0.642788    0.0502934
1999-04-30/07:02:24      156.450      23.7900      12.9200      117.000      3.71922     0.453991    0.0578376
1999-04-30/07:02:43      156.410      24.8500      12.8400      123.000      1.83647     0.544639    0.0268814
1999-04-30/07:03:03      156.360      25.9800      12.9500      132.000      6.32968     0.669131    0.0820980
1999-04-30/07:03:23      156.340      27.0700      13.2200      127.000      3.18256     0.601815    0.0443611
1999-04-30/07:03:43      156.280      28.1500      13.2200      121.000      3.43143     0.515038    0.0513355
1999-04-30/07:04:04      156.230      29.2900      13.2300      124.000      1.77427     0.559193    0.0256727
1999-04-30/07:04:24      156.170      30.3900      13.2000      119.000      2.64246     0.484810    0.0403371
1999-04-30/07:04:44      156.110      31.5100      13.2100      118.000      3.10994     0.469472    0.0479252
1999-04-30/07:05:04      156.040      32.6300      13.1700      130.000      6.28058     0.642788    0.0839713
1999-04-30/07:05:23      156.000      33.7200      13.3300      116.000      3.45764     0.438371    0.0542397
1999-04-30/07:05:43      155.990      34.7900      13.4800      128.000      5.21979     0.615661    0.0717898
1999-04-30/07:06:03      155.940      35.8800      13.1700      108.000      2.79788     0.309017    0.0464422
1999-04-30/07:06:23      155.850      37.0600      13.1100      114.000      2.26885     0.406737    0.0361754
1999-04-30/07:06:44      155.800      38.1900      13.4000      106.000      2.18013     0.275637    0.0365764
1999-04-30/07:07:04      155.720      39.2900      13.3500      113.000      1.69368     0.390731    0.0272104
1999-04-30/07:07:24      155.630      40.4000      13.3300      123.000      2.27303     0.544639    0.0332716
1999-04-30/07:07:44      155.540      41.5400      13.3900      119.000      4.47089     0.484810    0.0682481
1999-04-30/07:08:03      155.490      42.6000      13.4300      112.000      2.15767     0.374607    0.0349163
1999-04-30/07:08:23      155.440      43.6700      13.4300      123.000      3.63904     0.544639    0.0532667
1999-04-30/07:08:43      155.290      44.8100      13.1100      125.000      2.63929     0.573576    0.0377337
1999-04-30/07:09:03      155.100      45.9700      13.3000      117.000      4.00009     0.453991    0.0622054
1999-04-30/07:09:24      154.890      47.2000      13.6100      123.000      3.84539     0.544639    0.0562871
1999-04-30/07:09:44      154.890      48.3100      13.8900      116.000      4.03187     0.438371    0.0632476
1999-04-30/07:10:04      154.900      49.3500      13.8900      125.000      4.26413     0.573576    0.0609638
1999-04-30/07:10:24      154.770      50.4600      13.7100      119.000      4.13137     0.484810    0.0630653
1999-04-30/07:10:43      154.660      51.5500      13.6800      148.000      32.7620     0.848048     0.303010
1999-04-30/07:11:03      154.590      52.6900      13.7700      121.000      3.13232     0.515038    0.0468607
1999-04-30/07:11:23      154.540      53.7900      13.7800      124.000      5.29960     0.559193    0.0766822
1999-04-30/07:11:43      154.410      54.9000      13.7400      108.000      5.65703     0.309017    0.0939014
1999-04-30/07:12:04      154.270      56.0900      13.7300      116.000      5.10837     0.438371    0.0801346
1999-04-30/07:12:24      154.150      57.1300      13.5200      115.000      3.24076     0.422618    0.0512625
1999-04-30/07:12:44      153.560      58.5200      13.4000      104.000      4.10868     0.241922    0.0695799
1999-04-30/07:13:04      153.410      59.6400      13.7200      125.000      7.96749     0.573576     0.113910
1999-04-30/07:13:23      153.060      60.7800      13.5400      109.000      5.20272     0.325568    0.0858574
1999-04-30/07:13:43      152.670      62.1200      13.6700      126.000      10.8082     0.587785     0.152612
1999-04-30/07:14:03      152.620      63.1100      13.5800      125.000      3.16559     0.573576    0.0452581
1999-04-30/07:14:23      151.820      64.7500      13.5200      148.000      8.11211     0.848048    0.0750276
1999-04-30/07:14:44      151.690      65.9500      14.3100      115.000      4.53078     0.422618    0.0716681
1999-04-30/07:15:04      151.540      66.8800      14.3100      112.000      2.39763     0.374607    0.0387994
1999-04-30/07:15:24      150.540      68.2400      14.3100      116.000      2.93375     0.438371    0.0460215
1999-04-30/07:15:44      149.720      69.5500      14.5100      118.000      2.81502     0.469472    0.0433804
1999-04-30/07:16:05      148.580      70.9100      14.6000      109.000      2.97829     0.325568    0.0491490
1999-04-30/07:16:25      147.510      72.2300      14.8300      114.000      2.09785     0.406737    0.0334489
1999-04-30/07:16:45      146.100      73.5400      14.9500      113.000      1.64092     0.390731    0.0263628
1999-04-30/07:17:05      144.050      75.0100      15.0700      110.000      2.32336     0.342020    0.0381048
1999-04-30/07:17:24      141.000      76.5700      15.1500      111.000      2.43529     0.358368    0.0396807
1999-04-30/07:17:44      136.330      78.2500      15.3300      113.000      2.64073     0.390731    0.0424255
1999-04-30/07:18:04      130.970      79.6700      15.5500      107.000      3.22839     0.292372    0.0538840
