1998-06-08/00:27:41      133.120     -23.9700      9.46000      45.0000      4.55141     0.707107    0.0561705
1998-06-08/00:28:01      133.090     -22.9300      10.6800      47.0000      3.84916     0.681998    0.0491327
1998-06-08/00:28:21      133.080     -21.8700      10.1600      49.0000      3.76166     0.656059    0.0495492
1998-06-08/00:28:42      133.120     -20.8100      8.23000      36.0000      3.15428     0.809017    0.0323591
1998-06-08/00:29:02      133.170     -19.7600      8.75000      34.0000      7.24691     0.829038    0.0707281
1998-06-08/00:29:21      133.170     -18.7400      11.5000      34.0000      10.4744     0.829038     0.102228
1998-06-08/00:29:41      133.140     -17.6700      11.9700      42.0000      5.17898     0.743145    0.0604829
1998-06-08/00:30:01      133.120     -16.5600      9.00000      37.0000      3.32991     0.798635    0.0349762
1998-06-08/00:30:21      133.140     -15.4500      6.28000      34.0000      3.28167     0.829038    0.0320283
1998-06-08/00:30:42      133.240     -14.3000      9.87000      50.0000      4.42622     0.642788    0.0591786
1998-06-08/00:31:02      133.290     -13.2000      11.3300      57.0000      21.3608     0.544639     0.312670
1998-06-08/00:31:22      133.330     -12.1100      10.4600      55.0000      5.55415     0.573576    0.0794071
1998-06-08/00:31:42      133.340     -11.0100      9.06000      67.0000      3.28072     0.390731    0.0527075
1998-06-08/00:32:01      133.380     -9.97000      9.15000      49.0000      3.52345     0.656059    0.0464115
1998-06-08/00:32:21      133.370     -8.91000      9.02000      64.0000      3.61512     0.438371    0.0567101
1998-06-08/00:32:42      133.310     -7.87000      9.64000      48.0000      8.82231     0.669131     0.114428
1998-06-08/00:33:02      133.180     -6.78000      8.95000      42.0000      12.0387     0.743145     0.140594
1998-06-08/00:33:22      133.120     -5.65000      9.04000      12.0000      5.38795     0.978148    0.0195515
1998-06-08/00:33:42      133.150     -4.55000      9.87000      55.0000      17.6815     0.573576     0.252791
1998-06-08/00:34:02      133.120     -3.50000      9.69000      48.0000      3.42408     0.669131    0.0444114
1998-06-08/00:34:22      133.050     -2.42000      8.13000      42.0000      3.85431     0.743145    0.0450127
1998-06-08/00:34:43      132.970     -1.27000      9.33000      41.0000      5.43261     0.754710    0.0622055
1998-06-08/00:35:03      132.880    -0.160000      9.30000      42.0000      3.58474     0.743145    0.0418645
1998-06-08/00:35:23      132.760     0.990000      9.70000      52.0000      4.13394     0.615661    0.0568557
1998-06-08/00:35:43      132.710      2.15000      11.6400      47.0000      5.30442     0.681998    0.0677084
1998-06-08/00:36:02      132.730      3.22000      10.1200      46.0000      2.56416     0.694658    0.0321926
1998-06-08/00:36:22      132.760      4.28000      11.6400      41.0000      4.22890     0.754710    0.0484226
1998-06-08/00:36:42      132.740      5.35000      10.7900      43.0000      2.50700     0.731354    0.0298411
1998-06-08/00:37:03      132.710      6.42000      7.69000      39.0000      4.26135     0.777146    0.0468054
1998-06-08/00:37:23      132.630      7.51000      9.45000      42.0000      7.80054     0.743145    0.0910989
1998-06-08/00:37:43      132.520      8.61000      11.2300      64.0000      4.13745     0.438371    0.0649038
1998-06-08/00:38:03      132.380      9.74000      9.41000      68.0000      2.66344     0.374607    0.0431009
1998-06-08/00:38:23      132.200      10.8500      7.50000      51.0000      4.88513     0.629320    0.0662607
1998-06-08/00:38:44      132.040      12.0200      8.16000      45.0000      2.58820     0.707107    0.0319419
1998-06-08/00:39:04      131.780      13.1700      8.48000      57.0000      2.74913     0.544639    0.0402406
1998-06-08/00:39:24      131.640      14.2900      9.31000      55.0000      2.07314     0.573576    0.0296395
1998-06-08/00:39:44      131.410      15.3700      7.90000      52.0000      4.38046     0.615661    0.0602461
1998-06-08/00:40:04      131.140      16.4100      8.97000      44.0000      1.83978     0.719340    0.0223056
1998-06-08/00:40:24      130.960      17.4800      9.20000      52.0000      2.74226     0.615661    0.0377153
1998-06-08/00:40:44      130.630      18.5600      8.84000      38.0000      4.16401     0.788011    0.0447436
1998-06-08/00:41:04      130.370      19.6300      8.82000      61.0000      2.71868     0.484810    0.0415006
1998-06-08/00:41:24      130.110      20.7100      8.86000      47.0000      3.07640     0.681998    0.0392688
1998-06-08/00:41:44      129.890      21.8100      9.98000      42.0000      4.56578     0.743145    0.0533216
1998-06-08/00:42:04      129.650      22.9100      11.1800      71.0000      5.69753     0.325568    0.0940230
1998-06-08/00:42:24      129.390      24.0100      10.6500      60.0000      4.47089     0.500000    0.0675775
1998-06-08/00:42:44      129.260      25.0400      9.93000      41.0000      4.62862     0.754710    0.0529995
1998-06-08/00:43:04      128.860      26.1700      9.39000      47.0000      8.79280     0.681998     0.112236
1998-06-08/00:43:24      128.540      27.3300      8.75000      64.0000      6.18140     0.438371    0.0969671
1998-06-08/00:43:44      128.180      28.4200      9.85000      60.0000      3.29344     0.500000    0.0497803
1998-06-08/00:44:04      127.940      29.5500      8.66000      62.0000      3.71922     0.469472    0.0573145
1998-06-08/00:44:25      127.430      30.7700      7.54000      61.0000      4.06758     0.484810    0.0620916
1998-06-08/00:44:45      127.080      31.9100      8.62000      63.0000      3.01723     0.453990    0.0469209
1998-06-08/00:45:05      126.790      33.0300      9.54000      63.0000      3.34944     0.453990    0.0520871
1998-06-08/00:45:25      126.110      34.2300      8.63000      61.0000      2.81502     0.484810    0.0429713
1998-06-08/00:45:45      125.460      35.4100      8.08000      66.0000      1.82806     0.406737    0.0291473
1998-06-08/00:46:06      124.920      36.5800      6.19000      54.0000      3.16559     0.587785    0.0446982
1998-06-08/00:46:26      124.220      37.7400      6.81000      58.0000      3.43143     0.529919    0.0507894
1998-06-08/00:46:45      123.310      38.9300      15.5000      63.0000      4.03187     0.453990    0.0626996
1998-06-08/00:47:05      122.460      40.1100      18.3000      54.0000      3.38424     0.587785    0.0477855
1998-06-08/00:47:25      121.420      41.4000      11.5700      59.0000      4.33929     0.515038    0.0649175
1998-06-08/00:47:45      120.110      42.7400      9.52000      62.0000      3.27689     0.469472    0.0504980
1998-06-08/00:48:06      118.530      44.2000      9.31000      62.0000      3.48879     0.469472    0.0537635
1998-06-08/00:48:26      114.920      45.9400      9.41000      44.0000      3.60312     0.719340    0.0436845
1998-06-08/03:45:10      303.440     -38.6900      9.33000      97.0000      18.5254     0.121869     0.320920
1998-06-08/03:45:30      302.060     -39.8700      9.35000      112.000      17.4097     0.374607     0.281731
1998-06-08/03:45:50      299.700     -41.1500      8.96000      112.000      7.10157     0.374607     0.114921
1998-06-08/03:46:11      298.660     -42.8100      9.18000      113.000      7.15040     0.390731     0.114877
1998-06-08/03:46:31      299.530     -44.5800      9.22000      114.000      7.74852     0.406737     0.123545
1998-06-08/03:47:30      302.570     -47.3500      9.22000      112.000      17.4097     0.374607     0.281731
1998-06-08/03:47:50      303.080     -48.7000      9.13000      118.000      21.8068     0.469472     0.336050
1998-06-08/03:48:10      301.600     -50.0700      9.13000      114.000      8.52896     0.406737     0.135989
1998-06-08/03:48:30      300.570     -51.2900      9.33000      115.000      4.24559     0.422618    0.0671570
1998-06-08/03:48:51      297.850     -52.6500      9.27000      115.000      4.71998     0.422618    0.0746609
1998-06-08/03:49:11      294.790     -53.6900      9.21000      118.000      6.39865     0.469472    0.0986054
1998-06-08/03:49:31      294.930     -54.7400      9.33000      113.000      4.44103     0.390731    0.0713489
1998-06-08/03:49:51      295.600     -55.7900      9.41000      111.000      2.76042     0.358368    0.0449784
1998-06-08/03:50:12      292.370     -57.2600      9.42000      114.000      3.21946     0.406737    0.0513323
1998-06-08/03:50:32      289.490     -58.7300      9.42000      108.000      3.86319     0.309017    0.0641254
1998-06-08/04:19:18      129.130     -37.9300      9.40000      80.0000      2.67129     0.173648    0.0459145
1998-06-08/04:19:38      129.110     -37.1100      9.39000      55.0000      2.94981     0.573576    0.0421731
1998-06-08/04:19:58      129.320     -36.1800      9.41000      50.0000      4.78361     0.642788    0.0639569
1998-06-08/04:20:18      129.290     -35.1800      9.37000      78.0000      1.78652     0.207912    0.0304993
1998-06-08/04:20:38      129.210     -34.0600      9.26000      73.0000      3.37382     0.292372    0.0563113
1998-06-08/04:20:58      129.320     -32.9500      9.24000      63.0000      3.34944     0.453990    0.0520871
1998-06-08/04:21:18      129.720     -31.8100      9.23000      27.0000      7.67620     0.891007    0.0608234
1998-06-08/04:21:38      129.840     -30.8300      9.24000      65.0000      3.75034     0.422618    0.0593231
1998-06-08/04:21:59      129.810     -29.8500      9.24000      69.0000      10.5804     0.358368     0.172398
1998-06-08/04:22:19      129.700     -28.7600      9.14000      74.0000      2.58033     0.275637    0.0432907
1998-06-08/04:22:39      129.890     -27.5900      9.10000      68.0000      4.42117     0.374607    0.0715452
1998-06-08/04:22:59      130.300     -26.4500      9.08000      71.0000      7.94143     0.325568     0.131053
1998-06-08/04:25:40      129.900     -17.5700      9.29000      68.0000      1.92688     0.374607    0.0311816
1998-06-08/04:26:00      129.990     -16.3500      9.25000      60.0000      2.87886     0.500000    0.0435140
1998-06-08/04:26:20      130.390     -15.1600      9.18000      44.0000      2.00488     0.719340    0.0243073
1998-06-08/04:26:40      130.350     -14.1400      9.24000      31.0000      6.26250     0.857167    0.0562943
1998-06-08/04:27:00      130.300     -13.0600      9.13000      35.0000      6.45117     0.819152    0.0645814
1998-06-08/04:27:20      130.390     -12.0400      9.20000      67.0000      1.90709     0.390731    0.0306390
1998-06-08/04:27:40      130.280     -11.0300      9.32000      51.0000      5.62066     0.629320    0.0762373
1998-06-08/04:28:00      130.080     -9.68000      9.44000      60.0000      2.94180     0.500000    0.0444653
1998-06-08/04:28:20      130.070     -8.49000      9.48000      59.0000      2.87450     0.515038    0.0430036
1998-06-08/04:28:40      130.310     -7.44000      9.37000      37.0000      3.32991     0.798635    0.0349762
1998-06-08/04:29:00      130.450     -6.49000      9.40000      46.0000      3.01339     0.694658    0.0378327
1998-06-08/04:29:21      130.440     -5.48000      9.35000      55.0000      5.55415     0.573576    0.0794071
1998-06-08/04:29:41      130.390     -4.41000      9.32000      32.0000      8.10921     0.848048    0.0750008
1998-06-08/04:30:01      130.280     -3.27000      9.30000      57.0000      2.40317     0.544639    0.0351766
1998-06-08/04:30:20      130.110     -2.25000      9.20000      60.0000      3.85064     0.500000    0.0582024
1998-06-08/04:30:40      129.850     -1.07000      9.23000      65.0000      3.21946     0.422618    0.0509256
1998-06-08/04:31:00      129.590     0.220000      9.27000      63.0000      2.75008     0.453990    0.0427665
1998-06-08/04:31:20      129.380      1.41000      9.33000      56.0000      2.85153     0.559193    0.0412600
1998-06-08/04:31:41      129.340      2.65000      9.51000      65.0000      2.46245     0.422618    0.0389512
1998-06-08/04:32:01      129.520      3.78000      9.52000      65.0000      1.85548     0.422618    0.0293501
1998-06-08/04:32:21      129.800      4.84000      11.4200      49.0000      3.52345     0.656059    0.0464115
1998-06-08/04:32:41      129.920      5.70000      12.3300      51.0000      4.76905     0.629320    0.0646862
1998-06-08/04:33:02      129.730      6.80000      12.0700      34.0000      2.45175     0.829038    0.0239285
1998-06-08/04:33:22      129.610      7.90000      10.0100      51.0000      3.61859     0.629320    0.0490817
1998-06-08/04:33:42      129.550      9.10000      8.97000      53.0000      3.62091     0.601815    0.0504712
1998-06-08/04:34:02      129.500      10.0900      11.1000      50.0000      4.25829     0.642788    0.0569333
1998-06-08/04:34:21      129.380      11.2000      12.4700      51.0000      3.45891     0.629320    0.0469158
1998-06-08/04:34:41      129.210      12.2700      13.6900      13.0000      10.8732     0.974370    0.0426897
1998-06-08/04:35:01      128.870      13.4200      12.8900      56.0000      3.19075     0.559193    0.0461684
1998-06-08/04:35:21      128.350      14.6100      11.2000      64.0000      3.09391     0.438371    0.0485339
1998-06-08/04:35:42      127.930      15.9300      14.0800      49.0000      3.08779     0.656059    0.0406729
1998-06-08/04:36:02      127.790      17.1100      14.4000      45.0000      3.04750     0.707107    0.0376102
1998-06-08/04:36:22      127.610      18.2600      13.2200      43.0000      9.39420     0.731354     0.111820
1998-06-08/04:36:42      127.440      19.4100      12.3100      59.0000      3.05288     0.515038    0.0456723
1998-06-08/04:37:03      127.330      20.4600      12.0400      69.0000      2.55790     0.358368    0.0416786
1998-06-08/04:37:23      127.530      21.4400      11.5800      48.0000      6.26182     0.669131    0.0812178
1998-06-08/04:37:43      127.340      22.4600      11.7500      31.0000      4.89593     0.857167    0.0440101
1998-06-08/04:38:03      127.170      23.5200      10.8200      36.0000      6.77975     0.809017    0.0695520
1998-06-08/04:38:22      127.060      24.6300      11.3700      56.0000      1.64087     0.559193    0.0237425
1998-06-08/04:38:42      127.060      25.6000      11.9200      59.0000      3.73037     0.515038    0.0558078
1998-06-08/04:39:03      127.050      26.5900      11.5100      39.0000      5.62951     0.777146    0.0618329
1998-06-08/04:39:23      126.920      27.6000      9.75000      34.0000      2.56806     0.829038    0.0250636
1998-06-08/04:39:43      126.920      28.6000      8.95000      58.0000      3.75244     0.529919    0.0555407
1998-06-08/04:40:03      126.650      29.5900      10.4000      64.0000      3.34448     0.438371    0.0524646
1998-06-08/04:40:23      126.500      30.6200      8.96000      67.0000      2.22430     0.390731    0.0357352
1998-06-08/04:40:43      126.140      31.6700      9.27000      49.0000      3.08779     0.656059    0.0406729
1998-06-08/04:41:03      125.770      32.7200      10.9500      59.0000      2.87450     0.515038    0.0430036
1998-06-08/04:41:23      125.400      33.8000      10.9800      59.0000      2.68786     0.515038    0.0402114
1998-06-08/04:41:43      125.040      34.9300      9.66000      68.0000      2.09106     0.374607    0.0338384
1998-06-08/04:42:03      124.880      36.0200      8.70000      60.0000      2.72378     0.500000    0.0411699
1998-06-08/04:42:23      124.620      37.1000      8.67000      63.0000      4.41855     0.453990    0.0687129
1998-06-08/04:42:43      123.490      38.2400      10.0100      66.0000      1.64092     0.406737    0.0261634
1998-06-08/04:43:03      122.260      39.6700      10.3000      63.0000      3.01723     0.453990    0.0469209
1998-06-08/04:43:24      121.300      40.9500      10.4600      59.0000      4.33929     0.515038    0.0649175
1998-06-08/04:43:44      120.970      42.1500      10.2400      64.0000      2.78826     0.438371    0.0437392
1998-06-08/04:44:04      120.700      43.2500      9.90000      65.0000      1.76200     0.422618    0.0278714
1998-06-08/06:16:04      129.430     -40.1400      10.4500      48.0000      25.9298     0.669131     0.336318
1998-06-08/06:16:24      129.420     -39.0100      10.6600      66.0000      4.93153     0.406737    0.0786302
1998-06-08/06:16:44      129.610     -37.8700      9.99000      58.0000      3.90478     0.529919    0.0577956
1998-06-08/06:17:04      129.880     -36.8200      9.90000      62.0000      5.81150     0.469472    0.0895572
1998-06-08/06:17:25      130.050     -35.8000      10.5300      55.0000      3.18371     0.573576    0.0455172
1998-06-08/06:17:45      130.050     -34.8000      9.68000      58.0000      2.94793     0.529919    0.0436330
1998-06-08/06:18:05      129.950     -33.7800      10.1600      52.0000      5.38581     0.615661    0.0740731
1998-06-08/06:20:26      129.550     -26.1500      9.15000      53.0000      3.29175     0.601815    0.0458831
1998-06-08/06:20:47      129.600     -24.9700      9.27000      43.0000      12.0035     0.731354     0.142879
1998-06-08/06:21:07      129.740     -23.8500      9.21000      47.0000      3.07640     0.681998    0.0392688
1998-06-08/06:21:26      129.870     -22.8200      8.74000      55.0000      3.97079     0.573576    0.0567700
1998-06-08/06:21:46      129.840     -21.7600      8.78000      47.0000      4.84587     0.681998    0.0618553
1998-06-08/06:22:06      129.780     -20.7100      8.57000      51.0000      3.76307     0.629320    0.0510414
1998-06-08/06:22:26      129.670     -19.6200      8.52000      50.0000      4.60242     0.642788    0.0615343
1998-06-08/06:22:47      129.560     -18.5200      8.13000      60.0000      3.71706     0.500000    0.0561833
1998-06-08/06:23:07      129.470     -17.4300      7.77000      55.0000      2.16123     0.573576    0.0308989
1998-06-08/06:23:27      129.390     -16.3000      8.75000      46.0000      2.91887     0.694658    0.0366460
1998-06-08/06:23:47      129.350     -15.1900      12.2600      39.0000      4.40624     0.777146    0.0483969
1998-06-08/06:24:08      129.310     -14.0700      12.5500      53.0000      25.0610     0.601815     0.349321
1998-06-08/06:24:28      129.300     -12.9400      10.8000      56.0000      3.47125     0.559193    0.0502270
1998-06-08/06:24:48      129.280     -11.8100      10.2700      57.0000      7.52825     0.544639     0.110195
1998-06-08/06:25:08      129.270     -10.6800      10.2900      44.0000      2.52047     0.719340    0.0305584
1998-06-08/06:25:27      129.260     -9.61000      9.54000      46.0000      4.30268     0.694658    0.0540195
1998-06-08/06:25:47      129.260     -8.47000      9.38000      45.0000      4.21481     0.707107    0.0520164
1998-06-08/06:26:07      129.260     -7.33000      9.48000      47.0000      2.47687     0.681998    0.0316161
1998-06-08/06:26:28      129.320     -6.26000      9.72000      14.0000      9.46980     0.970296    0.0399847
1998-06-08/06:26:48      129.280     -5.22000      9.43000      51.0000      5.87966     0.629320    0.0797503
1998-06-08/06:27:08      129.020     -4.05000      9.39000      46.0000      3.66805     0.694658    0.0460518
1998-06-08/06:27:29      128.840     -2.91000      9.50000      27.0000      5.27969     0.891007    0.0418343
1998-06-08/06:27:49      128.660     -1.76000      9.32000      46.0000      2.62354     0.694658    0.0329381
1998-06-08/06:28:09      128.550    -0.660000      9.30000      40.0000      6.11233     0.766044    0.0685728
1998-06-08/06:28:29      128.480     0.380000      9.27000      52.0000      4.57501     0.615661    0.0629219
1998-06-08/06:28:49      128.140      1.51000      9.25000      58.0000      2.75133     0.529919    0.0407231
1998-06-08/06:29:09      127.790      2.65000      9.35000      40.0000      27.2650     0.766044     0.305880
1998-06-08/06:29:30      127.380      3.96000      9.31000      46.0000      3.88307     0.694658    0.0487514
1998-06-08/06:29:50      127.210      5.20000      9.30000      46.0000      3.28870     0.694658    0.0412891
1998-06-08/06:30:10      127.120      6.35000      9.31000      38.0000      6.57197     0.788011    0.0706179
1998-06-08/06:30:30      126.930      7.52000      9.40000      38.0000      6.57197     0.788011    0.0706179
1998-06-08/06:30:49      126.980      8.55000      9.45000      48.0000      8.04393     0.669131     0.104332
1998-06-08/06:31:10      126.940      9.55000      9.52000      26.0000      15.9280     0.898794     0.121865
1998-06-08/06:31:30      126.750      10.6200      9.50000      27.0000      6.79318     0.891007    0.0538266
1998-06-08/06:31:50      126.780      11.7100      9.35000      48.0000      3.31843     0.669131    0.0430411
1998-06-08/06:32:10      126.770      12.6200      9.26000      41.0000      7.30121     0.754710    0.0836017
1998-06-08/06:32:30      126.480      13.7600      9.16000      29.0000      5.40294     0.874620    0.0457171
1998-06-08/06:34:30      124.170      21.3100      9.10000      36.0000      8.36682     0.809017    0.0858334
1998-06-08/06:34:51      123.880      22.4300      9.05000      47.0000      4.66135     0.681998    0.0594999
1998-06-08/06:35:11      123.350      23.6800      9.12000      50.0000      4.10091     0.642788    0.0548292
1998-06-08/06:35:31      122.700      25.0300      9.09000      63.0000      5.66333     0.453990    0.0880704
1998-06-08/06:35:51      121.990      26.2900      9.00000      47.0000      3.07640     0.681998    0.0392688
1998-06-08/06:36:12      120.830      27.7600      9.04000      52.0000      3.69186     0.615661    0.0507756
1998-06-08/06:36:32      119.090      29.5200      9.07000      51.0000      6.40122     0.629320    0.0868246
1998-06-08/06:36:52      117.320      31.1300      9.16000      41.0000      4.62862     0.754710    0.0529995
1998-06-08/08:17:52      128.230     -28.5300      9.25000      68.0000      4.67092     0.374607    0.0755868
1998-06-08/08:18:12      128.110     -27.4600      8.82000      63.0000      5.66333     0.453990    0.0880704
1998-06-08/08:18:32      128.010     -26.3600      9.04000      54.0000      3.38424     0.587785    0.0477855
1998-06-08/08:18:52      128.030     -25.2800      9.01000      63.0000      2.85385     0.453990    0.0443802
1998-06-08/08:19:13      128.060     -24.1700      9.17000      61.0000      3.73865     0.484810    0.0570705
1998-06-08/08:19:33      128.110     -23.1100      9.12000      75.0000      3.55530     0.258819    0.0599373
1998-06-08/08:19:53      128.140     -22.0700      9.26000      76.0000      1.78707     0.241922    0.0302638
1998-06-08/08:20:13      128.150     -21.0200      9.27000      78.0000      1.85434     0.207912    0.0316571
1998-06-08/08:20:33      128.150     -19.9300      9.14000      84.0000      3.12222     0.104528    0.0541945
1998-06-08/08:20:53      128.180     -18.8400      9.13000      79.0000      2.30634     0.190809    0.0395137
1998-06-08/08:21:13      128.220     -17.7500      9.12000      66.0000      3.00172     0.406737    0.0478606
1998-06-08/08:21:34      128.300     -16.6600      9.10000      69.0000      3.59163     0.358368    0.0585222
1998-06-08/08:21:53      128.370     -15.6200      9.06000      60.0000      3.98186     0.500000    0.0601858
1998-06-08/08:22:13      128.410     -14.5300      8.97000      61.0000      3.20731     0.484810    0.0489596
1998-06-08/08:22:33      128.400     -13.4600      9.02000      47.0000      4.03781     0.681998    0.0515408
1998-06-08/08:22:53      128.350     -12.3500      9.11000      46.0000      2.45306     0.694658    0.0307978
1998-06-08/08:23:14      128.380     -11.1900      9.19000      66.0000      1.92248     0.406737    0.0306527
1998-06-08/08:23:34      128.390     -10.0700      9.27000      68.0000      1.97620     0.374607    0.0319797
1998-06-08/08:23:54      128.480     -8.99000      9.30000      61.0000      21.8068     0.484810     0.332881
1998-06-08/08:24:14      128.560     -7.89000      8.98000      47.0000      9.52931     0.681998     0.121637
1998-06-08/08:24:33      128.590     -6.89000      8.87000      57.0000      2.66196     0.544639    0.0389646
1998-06-08/08:24:53      128.500     -5.84000      8.75000      63.0000      4.31999     0.453990    0.0671802
1998-06-08/08:25:14      128.460     -4.76000      8.72000      49.0000      2.59759     0.656059    0.0342159
1998-06-08/08:25:34      128.410     -3.67000      9.40000      56.0000      2.85153     0.559193    0.0412600
1998-06-08/08:25:54      128.400     -2.60000      7.27000      69.0000      6.98811     0.358368     0.113865
1998-06-08/08:26:14      128.420     -1.56000      6.56000      68.0000      2.32941     0.374607    0.0376955
1998-06-08/08:26:34      128.290    -0.550000      7.89000      49.0000      5.86415     0.656059    0.0772436
1998-06-08/08:26:54      128.150     0.480000      9.33000      60.0000      4.47089     0.500000    0.0675775
1998-06-08/08:27:15      128.060      1.62000      8.32000      54.0000      2.01076     0.587785    0.0283920
1998-06-08/08:27:35      128.090      2.62000      7.84000      47.0000      9.93885     0.681998     0.126865
1998-06-08/08:27:55      128.170      3.66000      7.90000      54.0000      2.63929     0.587785    0.0372668
1998-06-08/08:28:15      128.210      4.74000      10.4400      64.0000      3.24076     0.438371    0.0508375
1998-06-08/08:28:34      128.190      5.72000      10.3600      60.0000      3.17715     0.500000    0.0480226
1998-06-08/08:28:54      128.160      6.86000      8.86000      44.0000      3.37755     0.719340    0.0409497
1998-06-08/08:29:15      128.100      7.99000      8.92000      54.0000      4.47399     0.587785    0.0631728
1998-06-08/08:29:35      128.140      9.10000      7.95000      49.0000      7.72989     0.656059     0.101819
1998-06-08/08:29:55      128.110      10.2400      8.25000      67.0000      2.95217     0.390731    0.0474291
1998-06-08/08:30:15      128.080      11.3100      8.68000      61.0000      3.20731     0.484810    0.0489596
1998-06-08/08:30:36      127.960      12.4300      9.31000      54.0000      5.54943     0.587785    0.0783580
1998-06-08/08:30:56      127.750      13.5700      7.68000      38.0000      12.3312     0.788011     0.132503
1998-06-08/08:31:36      127.410      15.9100      7.76000      38.0000      6.57197     0.788011    0.0706179
1998-06-08/08:31:56      127.300      17.0700      9.03000      27.0000      9.46639     0.891007    0.0750082
1998-06-08/08:32:16      127.200      18.2500      8.58000      44.0000      3.84070     0.719340    0.0465649
1998-06-08/08:32:36      127.010      19.4800      9.54000      64.0000      3.61512     0.438371    0.0567101
1998-06-08/08:32:56      126.900      20.6100      8.42000      66.0000      1.78538     0.406737    0.0284668
1998-06-08/08:33:16      126.620      21.6700      7.69000      52.0000      3.69186     0.615661    0.0507756
1998-06-08/10:15:58      128.110     -26.4900      8.78000      55.0000      3.61780     0.573576    0.0517233
1998-06-08/10:16:18      127.950     -25.4200      9.37000      46.0000      2.56416     0.694658    0.0321926
1998-06-08/10:16:39      127.710     -24.2700      9.54000      45.0000      3.27043     0.707107    0.0403615
1998-06-08/10:16:58      127.550     -23.2700      8.30000      42.0000      2.77105     0.743145    0.0323618
1998-06-08/10:17:18      127.520     -22.3100      8.24000      56.0000      2.04324     0.559193    0.0295645
1998-06-08/10:17:38      127.470     -21.3600      8.51000      55.0000      1.77427     0.573576    0.0253666
1998-06-08/10:17:58      127.350     -20.3400      8.81000      62.0000      3.60112     0.469472    0.0554945
1998-06-08/10:18:19      127.100     -19.2400      8.77000      61.0000      3.01293     0.484810    0.0459924
1998-06-08/10:18:39      126.870     -18.0800      8.96000      64.0000      3.75347     0.438371    0.0588804
1998-06-08/10:18:59      126.780     -17.0100      8.59000      41.0000      26.7062     0.754710     0.305796
1998-06-08/10:19:19      126.740     -15.9100      8.56000      59.0000      10.0925     0.515038     0.150988
1998-06-08/10:22:20      126.720     -5.96000      8.39000      12.0000      15.4857     0.978148    0.0561936
1998-06-08/10:22:40      126.450     -4.84000      8.36000      14.0000      10.8014     0.970296    0.0456071
1998-06-08/10:23:00      126.170     -3.60000      8.99000      42.0000      10.1044     0.743145     0.118005
1998-06-08/10:23:20      126.110     -2.46000      8.64000      47.0000      6.32968     0.681998    0.0807954
1998-06-08/10:23:40      126.110     -1.31000      8.85000      66.0000      7.15040     0.406737     0.114009
1998-06-08/10:25:20      124.520      4.55000      8.43000      49.0000      8.19975     0.656059     0.108008
1998-06-08/10:25:40      124.380      5.73000      8.29000      36.0000      9.59244     0.809017    0.0984068
1998-06-08/10:26:00      124.510      6.63000      6.15000      57.0000      3.12708     0.544639    0.0457728
1998-06-08/10:26:21      123.810      7.88000      5.62000      38.0000      3.69811     0.788011    0.0397374
1998-06-08/10:26:41      122.650      9.32000      8.15000      46.0000      8.93288     0.694658     0.112151
1998-06-08/10:27:01      121.640      11.0000      8.40000      49.0000      4.70593     0.656059    0.0619873
1998-06-08/10:27:21      123.290      11.7200      8.16000      47.0000      8.79280     0.681998     0.112236
1998-06-08/10:27:42      123.580      12.4100      8.31000      52.0000      10.7802     0.615661     0.148264
1998-06-08/10:28:02      123.450      13.3100      8.33000      49.0000      2.95564     0.656059    0.0389322
1998-06-08/10:28:22      123.640      14.1400      9.42000      53.0000      5.86017     0.601815    0.0816839
1998-06-08/10:28:42      122.140      15.8600      9.75000      50.0000      3.29006     0.642788    0.0439881
1998-06-08/10:29:01      122.090      16.9400      10.8600      47.0000      2.60335     0.681998    0.0332305
1998-06-08/10:29:21      121.920      18.4700      9.91000      56.0000      2.43576     0.559193    0.0352441
1998-06-08/10:29:41      121.340      19.8300      8.83000      59.0000      3.44536     0.515038    0.0515439
1998-06-08/10:30:01      121.990      20.4900      8.94000      42.0000      26.5798     0.743145     0.310413
1998-06-08/10:30:22      122.170      21.2900      9.32000      45.0000      2.85975     0.707107    0.0352932
1998-06-08/10:30:42      121.330      22.2900      9.32000      37.0000      29.0452     0.798635     0.305081
1998-06-08/10:31:02      119.130      23.8300      9.28000      64.0000      4.36896     0.438371    0.0685355
1998-06-08/10:31:22      116.110      25.7400      9.14000      46.0000      2.70353     0.694658    0.0339424
1998-06-08/10:31:43      116.800      26.5300      8.98000      52.0000      3.18256     0.615661    0.0437710
1998-06-08/16:06:17      122.560     -37.8800      9.01000      57.0000      2.19844     0.544639    0.0321798
1998-06-08/16:06:37      122.620     -36.8500      9.02000      58.0000      3.67335     0.529919    0.0543701
1998-06-08/16:06:57      122.760     -35.7400      8.96000      65.0000      2.00852     0.422618    0.0317709
1998-06-08/16:07:18      122.870     -34.7800      8.99000      64.0000      2.55251     0.438371    0.0400410
1998-06-08/16:07:38      123.100     -33.7400      8.87000      59.0000      2.87450     0.515038    0.0430036
1998-06-08/16:07:58      123.120     -32.8000      8.83000      60.0000      3.07917     0.500000    0.0465416
1998-06-08/16:08:18      123.310     -31.7000      8.84000      43.0000      3.05713     0.731354    0.0363894
1998-06-08/16:08:38      123.250     -30.6500      8.82000      36.0000      3.82588     0.809017    0.0392489
1998-06-08/16:08:58      123.230     -29.6400      8.98000      66.0000      3.89541     0.406737    0.0621099
1998-06-08/16:09:18      123.280     -28.5100      9.02000      69.0000      2.73958     0.358368    0.0446389
1998-06-08/16:09:38      123.480     -27.3400      8.95000      65.0000      2.74282     0.422618    0.0433861
1998-06-08/16:09:58      123.620     -26.2400      8.88000      65.0000      4.12941     0.422618    0.0653192
1998-06-08/16:10:18      123.720     -25.1700      8.72000      53.0000      5.86017     0.601815    0.0816839
1998-06-08/16:10:38      123.700     -24.1000      8.70000      79.0000      2.20742     0.190809    0.0378189
1998-06-08/16:10:58      123.700     -23.0100      8.56000      61.0000      3.20731     0.484810    0.0489596
1998-06-08/16:11:18      123.650     -21.9400      8.43000      61.0000      3.30730     0.484810    0.0504859
1998-06-08/16:11:38      123.670     -20.8900      8.52000      60.0000      3.07917     0.500000    0.0465416
1998-06-08/16:11:58      123.710     -19.8000      8.59000      64.0000      2.55251     0.438371    0.0400410
1998-06-08/16:12:18      123.820     -18.7200      8.45000      60.0000      2.64246     0.500000    0.0399408
1998-06-08/16:12:38      123.890     -17.6700      8.41000      66.0000      1.53310     0.406737    0.0244443
1998-06-08/16:12:58      123.960     -16.5800      8.45000      62.0000      3.27689     0.469472    0.0504980
1998-06-08/16:13:19      124.040     -15.5000      8.59000      65.0000      2.17026     0.422618    0.0343293
1998-06-08/16:13:39      124.040     -14.4300      8.58000      56.0000      2.04324     0.559193    0.0295645
1998-06-08/16:13:59      123.990     -13.3500      8.73000      62.0000      2.93155     0.469472    0.0451762
1998-06-08/16:14:19      123.970     -12.2100      8.52000      67.0000      1.68015     0.390731    0.0269930
1998-06-08/16:14:40      123.970     -11.0900      8.22000      67.0000      1.90709     0.390731    0.0306390
1998-06-08/16:15:00      124.050     -10.0000      8.58000      63.0000      2.61791     0.453990    0.0407111
1998-06-08/16:15:20      124.010     -8.95000      8.69000      41.0000      3.05575     0.754710    0.0349895
1998-06-08/16:15:39      123.980     -7.96000      8.73000      58.0000      3.31091     0.529919    0.0490055
1998-06-08/16:15:59      123.990     -6.91000      8.80000      43.0000      12.0035     0.731354     0.142879
1998-06-08/16:16:19      123.850     -5.78000      8.77000      35.0000      30.4326     0.819152     0.304655
1998-06-08/16:16:39      123.840     -4.66000      8.94000      55.0000      2.94981     0.573576    0.0421731
1998-06-08/16:17:00      123.820     -3.51000      8.82000      60.0000      3.07917     0.500000    0.0465416
1998-06-08/16:17:20      123.730     -2.39000      8.71000      67.0000      2.09250     0.390731    0.0336178
1998-06-08/16:17:40      123.620     -1.23000      8.69000      50.0000      3.95825     0.642788    0.0529218
1998-06-08/16:18:00      123.500    -0.150000      8.71000      51.0000      3.76307     0.629320    0.0510414
1998-06-08/16:18:20      123.310     0.940000      8.62000      51.0000      4.25030     0.629320    0.0576500
1998-06-08/16:18:40      123.100      2.04000      8.52000      60.0000      3.57206     0.500000    0.0539917
1998-06-08/16:19:00      122.970      3.24000      8.62000      63.0000      3.23533     0.453990    0.0503126
1998-06-08/16:19:21      123.070      4.39000      8.71000      36.0000      5.63087     0.809017    0.0577659
1998-06-08/16:21:01      123.400      9.57000      8.82000      66.0000      1.92248     0.406737    0.0306527
1998-06-08/16:21:21      123.390      10.6300      8.93000      50.0000      7.47609     0.642788    0.0999553
1998-06-08/16:21:41      123.350      11.7200      9.03000      49.0000      5.86415     0.656059    0.0772436
1998-06-08/16:22:01      123.250      12.8200      11.8200      54.0000      2.96422     0.587785    0.0418548
1998-06-08/16:22:20      123.120      13.8900      11.2400      45.0000      2.85975     0.707107    0.0352932
1998-06-08/16:22:40      122.930      15.0700      9.53000      60.0000      3.98186     0.500000    0.0601858
1998-06-08/16:23:00      123.040      16.2000      8.89000      63.0000      3.23533     0.453990    0.0503126
1998-06-08/16:23:21      123.170      17.2600      11.0000      49.0000      3.08779     0.656059    0.0406729
1998-06-08/16:23:41      123.060      18.3500      11.3300      56.0000      2.27303     0.559193    0.0328895
1998-06-08/16:24:01      122.930      19.5100      11.7500      35.0000      3.41073     0.819152    0.0341441
1998-06-08/16:24:21      122.810      20.6300      11.6400      37.0000      4.08183     0.798635    0.0428741
1998-06-08/16:24:41      122.570      21.7400      9.70000      67.0000      17.4097     0.390731     0.279702
1998-06-08/16:25:02      122.080      22.9600      8.25000      62.0000      11.3419     0.469472     0.174783
1998-06-08/16:25:22      121.850      24.1500      11.3800      50.0000      6.16208     0.642788    0.0823870
1998-06-08/16:25:42      121.550      25.2900      9.35000      54.0000      2.29797     0.587785    0.0324474
1998-06-08/16:26:02      121.390      26.4700      10.0300      45.0000      2.49403     0.707107    0.0307797
1998-06-08/16:26:21      121.180      27.4900      10.7600      52.0000      7.31930     0.615661     0.100665
1998-06-08/16:26:41      121.060      28.6500      10.8700      52.0000      5.57686     0.615661    0.0767007
1998-06-08/16:27:01      121.090      29.7000      12.6100      62.0000      3.85261     0.469472    0.0593700
1998-06-08/16:27:21      120.970      30.8200      11.5600      64.0000      3.16159     0.438371    0.0495956
1998-06-08/16:27:42      120.800      31.9800      10.3800      65.0000      2.97444     0.422618    0.0470499
1998-06-08/16:28:02      120.460      33.0600      10.9900      71.0000      2.94697     0.325568    0.0486321
1998-06-08/16:28:22      120.030      34.1800      10.9800      66.0000      2.02531     0.406737    0.0322923
1998-06-08/16:28:42      119.710      35.2500      10.5700      66.0000      1.78538     0.406737    0.0284668
1998-06-08/16:29:02      119.170      36.3800      9.43000      65.0000      1.94222     0.422618    0.0307221
1998-06-08/16:29:22      118.190      37.5600      10.2900      67.0000      1.86436     0.390731    0.0299525
1998-06-08/16:29:42      117.430      38.6300      10.3800      69.0000      2.39465     0.358368    0.0390186
1998-06-08/16:30:02      116.250      39.8300      11.0600      62.0000      3.38384     0.469472    0.0521461
1998-06-08/16:30:22      114.880      41.1000      11.3800      53.0000      2.54888     0.601815    0.0355284
1998-06-08/16:30:43      112.780      42.5900      9.70000      62.0000      3.04900     0.469472    0.0469861
1998-06-08/16:31:03      111.260      44.0200      9.88000      62.0000      2.93155     0.469472    0.0451762
1998-06-08/16:31:23      108.330      45.7100      10.4500      74.0000      2.76988     0.275637    0.0464708
1998-06-08/18:03:44      121.200     -38.0900      10.2600      61.0000      6.97891     0.484810     0.106533
1998-06-08/18:04:04      121.530     -37.2000      12.4300      67.0000      2.39763     0.390731    0.0385199
1998-06-08/18:04:24      121.610     -36.0800      12.1000      57.0000      2.74913     0.544639    0.0402406
1998-06-08/18:04:44      121.900     -35.1800      15.0900      64.0000      4.13745     0.438371    0.0649038
1998-06-08/18:05:04      121.690     -34.2300      14.2200      75.0000      9.89686     0.258819     0.166847
1998-06-08/18:05:24      121.460     -33.2400      10.9200      37.0000      11.2209     0.798635     0.117860
1998-06-08/18:05:44      121.340     -32.2000      11.3900      70.0000      3.38317     0.342020    0.0554865
1998-06-08/18:06:04      121.120     -31.1000      10.8300      50.0000      4.42622     0.642788    0.0591786
1998-06-08/18:06:24      121.120     -29.8400      11.6200      74.0000      3.92395     0.275637    0.0658328
1998-06-08/18:06:44      121.120     -28.6200      11.8700      67.0000      3.28072     0.390731    0.0527075
1998-06-08/18:07:04      121.180     -27.4400      11.4100      60.0000      3.17715     0.500000    0.0480226
1998-06-08/18:07:25      121.260     -26.3600      11.3900      63.0000      21.9194     0.453990     0.340869
1998-06-08/18:07:45      121.540     -25.4200      11.5400      74.0000      4.56806     0.275637    0.0766392
1998-06-08/18:08:04      121.860     -24.4900      11.3300      66.0000      2.53069     0.406737    0.0403503
1998-06-08/18:08:24      121.920     -23.4000      10.5100      40.0000      5.53958     0.766044    0.0621472
1998-06-08/18:08:44      121.770     -22.3000      9.53000      49.0000      5.28399     0.656059    0.0696016
1998-06-08/18:09:04      121.840     -21.2100      11.2300      52.0000      4.27100     0.615661    0.0587407
1998-06-08/18:09:25      121.900     -20.1500      9.99000      55.0000      2.07314     0.573576    0.0296395
1998-06-08/18:09:45      121.870     -19.1000      9.56000      53.0000      2.90571     0.601815    0.0405022
1998-06-08/18:10:05      122.070     -17.9800      10.0700      45.0000      2.32540     0.707107    0.0286986
1998-06-08/18:10:25      121.920     -16.9400      10.7500      52.0000      3.96993     0.615661    0.0546000
1998-06-08/18:10:46      121.980     -15.8900      10.2000      48.0000      3.18592     0.669131    0.0413224
1998-06-08/18:11:06      121.940     -14.7300      9.99000      54.0000      2.54251     0.587785    0.0359003
1998-06-08/18:11:26      121.930     -13.5600      9.62000      48.0000      3.05442     0.669131    0.0396168
1998-06-08/18:11:46      121.790     -12.4600      9.76000      46.0000      3.66805     0.694658    0.0460518
1998-06-08/18:12:05      121.880     -11.3900      9.93000      68.0000      2.32941     0.374607    0.0376955
1998-06-08/18:12:25      121.670     -10.2600      9.74000      60.0000      3.85064     0.500000    0.0582024
1998-06-08/18:12:45      121.520     -9.23000      9.56000      64.0000      5.53081     0.438371    0.0867613
1998-06-08/18:13:05      121.490     -8.22000      8.89000      64.0000      3.47634     0.438371    0.0545331
1998-06-08/18:13:26      121.340     -7.14000      9.28000      58.0000      2.80403     0.529919    0.0415031
1998-06-08/18:13:46      121.260     -6.14000      9.28000      53.0000      7.12940     0.601815    0.0993754
1998-06-08/18:14:06      121.130     -4.98000      7.95000      59.0000      7.06002     0.515038     0.105621
1998-06-08/18:14:26      120.980     -3.79000      10.4900      12.0000      6.69541     0.978148    0.0242959
1998-06-08/18:14:47      120.900     -2.61000      11.3700      54.0000      2.54251     0.587785    0.0359003
1998-06-08/18:15:07      120.630     -1.44000      10.2200      53.0000      3.29175     0.601815    0.0458831
1998-06-08/18:15:27      120.510    -0.300000      9.74000      46.0000      3.01339     0.694658    0.0378327
1998-06-08/18:15:47      120.350     0.890000      9.89000      52.0000      5.79770     0.615661    0.0797380
1998-06-08/18:16:06      120.320      1.99000      9.78000      37.0000      4.08183     0.798635    0.0428741
1998-06-08/18:16:26      120.190      3.02000      10.5200      34.0000      9.65466     0.829038    0.0942272
1998-06-08/18:16:47      119.930      4.13000      10.9400      47.0000      24.7334     0.681998     0.315710
1998-06-08/18:17:07      119.630      5.21000      10.6600      57.0000      2.04105     0.544639    0.0298760
1998-06-08/18:17:27      119.830      6.20000      9.86000      54.0000      1.84329     0.587785    0.0260273
1998-06-08/18:17:47      120.030      7.32000      9.43000      56.0000      6.75454     0.559193    0.0977344
1998-06-08/18:18:07      120.290      8.58000      9.84000      51.0000      5.87966     0.629320    0.0797503
1998-06-08/18:18:27      120.310      9.79000      9.99000      56.0000      2.27303     0.559193    0.0328895
1998-06-08/18:18:48      120.390      10.7000      9.86000      56.0000      1.97618     0.559193    0.0285942
1998-06-08/18:19:08      120.240      11.7100      9.82000      49.0000      5.28399     0.656059    0.0696016
1998-06-08/18:19:28      120.100      12.7200      9.83000      41.0000      5.10678     0.754710    0.0584746
1998-06-08/18:19:48      119.870      13.7800      9.62000      37.0000      7.96597     0.798635    0.0836718
1998-06-08/18:20:07      119.300      14.9900      9.54000      46.0000      4.47367     0.694658    0.0561662
1998-06-08/18:20:27      118.480      16.4000      9.74000      48.0000      11.4657     0.669131     0.148714
1998-06-08/18:20:47      117.890      17.8300      9.78000      42.0000      4.34261     0.743145    0.0507153
1998-06-08/18:21:08      117.710      19.1500      9.76000      48.0000      2.73849     0.669131    0.0355191
1998-06-08/18:21:28      117.240      20.5200      9.63000      51.0000      3.76307     0.629320    0.0510414
1998-06-08/18:21:48      116.480      21.8100      9.50000      55.0000      2.07314     0.573576    0.0296395
1998-06-08/18:22:08      115.380      23.2800      9.65000      51.0000      4.76905     0.629320    0.0646862
1998-06-08/18:22:29      114.470      24.6600      9.75000      50.0000      4.78361     0.642788    0.0639569
1998-06-08/18:22:49      114.400      25.6300      9.88000      53.0000      3.00177     0.601815    0.0418411
1998-06-08/18:23:09      114.400      26.5000      10.0300      45.0000      3.99895     0.707107    0.0493524
1998-06-08/18:23:29      113.350      27.6400      9.90000      54.0000      2.63929     0.587785    0.0372668
1998-06-08/18:23:49      109.670      29.6400      9.67000      54.0000      1.78161     0.587785    0.0251564
1998-06-08/18:25:29      113.400      34.3300      9.61000      62.0000      3.27689     0.469472    0.0504980
1998-06-08/20:06:31      119.850     -22.5800      9.69000      48.0000      4.38158     0.669131    0.0568305
1998-06-08/20:06:51      119.620     -21.5300      9.65000      67.0000      1.90709     0.390731    0.0306390
1998-06-08/20:07:11      119.440     -20.4600      9.54000      63.0000      3.77145     0.453990    0.0586498
1998-06-08/20:07:32      119.460     -19.3600      9.63000      58.0000      3.13232     0.529919    0.0463622
1998-06-08/20:07:52      119.490     -18.3000      9.82000      57.0000      3.03619     0.544639    0.0444424
1998-06-08/20:08:12      119.670     -17.2200      9.75000      56.0000      1.83647     0.559193    0.0265727
1998-06-08/20:08:31      119.600     -16.1700      9.58000      49.0000      8.71274     0.656059     0.114766
1998-06-08/20:08:51      119.520     -15.1000      9.64000      55.0000      5.29960     0.573576    0.0757679
1998-06-08/20:09:11      119.490     -14.0200      9.69000      50.0000      5.62312     0.642788    0.0751811
1998-06-08/20:09:31      119.630     -12.9800      9.73000      47.0000      5.60423     0.681998    0.0715354
1998-06-08/20:09:52      119.710     -11.9300      9.91000      43.0000      6.90597     0.731354    0.0822026
1998-06-08/20:10:12      119.820     -10.9000      9.85000      47.0000      4.03781     0.681998    0.0515408
1998-06-08/20:10:32      119.940     -9.95000      9.62000      47.0000      24.7334     0.681998     0.315710
1998-06-08/20:10:52      119.930     -9.01000      9.69000      50.0000      3.81963     0.642788    0.0510684
1998-06-08/20:11:13      119.820     -7.92000      10.1300      74.0000      3.26672     0.275637    0.0548064
1998-06-08/20:11:33      119.680     -6.81000      10.1200      26.0000      16.0297     0.898794     0.122644
1998-06-08/20:11:53      119.350     -5.81000      10.0500      57.0000      3.39229     0.544639    0.0496549
1998-06-08/20:12:13      119.130     -4.83000      10.1000      38.0000      8.80604     0.788011    0.0946237
1998-06-08/20:12:32      118.940     -3.82000      10.1600      45.0000      5.43402     0.707107    0.0670631
1998-06-08/20:12:52      118.630     -2.59000      10.1200      54.0000      2.29797     0.587785    0.0324474
1998-06-08/20:13:12      118.360     -1.27000      9.93000      38.0000      5.84887     0.788011    0.0628480
1998-06-08/20:13:32      118.480   -0.0400000      9.83000      54.0000      21.8278     0.587785     0.308209
1998-06-08/20:15:34      117.730      7.16000      9.81000      56.0000      2.43576     0.559193    0.0352441
1998-06-08/20:15:54      117.610      8.38000      9.80000      51.0000      9.41108     0.629320     0.127650
1998-06-08/20:16:14      117.370      9.80000      9.69000      54.0000      4.47399     0.587785    0.0631728
1998-06-08/20:16:33      117.980      10.7500      9.73000      54.0000      3.38424     0.587785    0.0477855
1998-06-08/20:16:53      118.000      11.9000      9.88000      57.0000      3.21278     0.544639    0.0470273
1998-06-08/20:17:13      117.850      12.8500      9.97000      52.0000      3.32400     0.615661    0.0457162
1998-06-08/20:17:34      117.550      13.9000      9.97000      33.0000      2.47869     0.838671    0.0235618
1998-06-08/20:17:54      116.640      14.9100      10.0000      50.0000      3.95825     0.642788    0.0529218
1998-06-08/20:18:14      115.410      16.0800      10.1200      54.0000      21.8278     0.587785     0.308209
1998-06-08/20:18:34      113.680      17.6000      9.83000      43.0000      1.92672     0.731354    0.0229340
1998-06-08/20:18:54      111.780      19.6500      9.87000      43.0000      2.50700     0.731354    0.0298411
1998-06-08/20:20:34      110.890      26.1800      9.74000      45.0000      2.49403     0.707107    0.0307797
1998-06-08/20:20:54      111.980      26.7200      9.84000      37.0000      3.45949     0.798635    0.0363373
1998-06-08/20:21:14      111.950      27.6900      12.1400      54.0000      1.84329     0.587785    0.0260273
1998-06-08/20:21:35      110.840      28.9100      11.0000      60.0000      2.34718     0.500000    0.0354776
1998-06-08/21:14:26      315.000     -2.44000      9.59000      54.0000      4.71222     0.587785    0.0665366
1998-06-08/21:14:46      313.480     -3.72000      9.14000      68.0000      3.19789     0.374607    0.0517496
1998-06-08/21:15:07      312.290     -4.73000      10.8500      65.0000      3.37699     0.422618    0.0534174
1998-06-08/21:15:27      312.820     -5.82000      11.6200      64.0000      4.13745     0.438371    0.0649038
1998-06-08/21:15:47      312.170     -7.46000      11.3000      69.0000      2.83141     0.358368    0.0461351
1998-06-08/21:16:07      311.670     -7.72000      11.5800      55.0000      2.39890     0.573576    0.0342968
1998-06-08/21:16:27      312.010     -9.18000      11.6100      54.0000      2.41496     0.587785    0.0340993
1998-06-08/22:04:38      116.910     -23.3300      9.18000      66.0000      1.53310     0.406737    0.0244443
1998-06-08/22:04:58      115.470     -22.2200      12.2600      65.0000      2.17026     0.422618    0.0343293
1998-06-08/22:05:18      115.040     -21.1500      11.4500      67.0000      1.74712     0.390731    0.0280690
1998-06-08/22:05:38      113.410     -19.9400      10.3700      68.0000      1.97620     0.374607    0.0319797
1998-06-08/22:05:59      114.540     -19.0400      11.5400      64.0000      2.46981     0.438371    0.0387437
1998-06-08/22:06:18      113.050     -18.4200      11.2500      66.0000      2.02531     0.406737    0.0322923
1998-06-08/22:06:38      111.720     -17.4900      12.0500      55.0000      1.84570     0.573576    0.0263878
1998-06-08/22:06:58      111.290     -16.3000      11.8300      62.0000      22.6838     0.469472     0.349565
1998-06-08/22:07:39      112.510     -13.4500      10.9700      65.0000      2.74282     0.422618    0.0433861
1998-06-08/22:07:59      114.600     -12.2900      11.5600      65.0000      2.63779     0.422618    0.0417247
1998-06-08/22:08:19      114.870     -10.8800      10.7800      65.0000      3.09401     0.422618    0.0489412
1998-06-08/22:08:39      116.070     -9.65000      10.0400      47.0000      5.60423     0.681998    0.0715354
1998-06-08/22:08:59      117.160     -8.49000      10.1200      64.0000      3.16159     0.438371    0.0495956
1998-06-08/22:09:20      116.990     -7.32000      10.8300      72.0000      2.65356     0.309017    0.0440466
1998-06-08/22:09:40      116.310     -6.38000      10.1300      72.0000      2.31438     0.309017    0.0384165
1998-06-08/22:10:00      115.330     -5.23000      10.7500      55.0000      1.77427     0.573576    0.0253666
1998-06-08/22:10:19      115.120     -4.09000      9.96000      66.0000      1.69368     0.406737    0.0270047
1998-06-08/22:10:39      113.090     -2.46000      9.85000      67.0000      1.61897     0.390731    0.0260101
1998-06-08/22:10:59      112.730    -0.680000      11.2200      65.0000      2.26885     0.422618    0.0358888
1998-06-08/22:11:19      114.600     0.620000      9.55000      35.0000      3.21083     0.819152    0.0321430
1998-06-08/22:11:40      115.690      1.46000      10.3600      47.0000      3.42443     0.681998    0.0437112
1998-06-08/22:12:00      116.580      2.01000      14.3200      28.0000      6.79175     0.882948    0.0556504
1998-06-08/22:12:20      117.120      2.75000      13.2800      47.0000      24.7334     0.681998     0.315710
1998-06-08/22:12:40      117.650      3.51000      15.1400      56.0000      2.17132     0.559193    0.0314178
1998-06-08/22:13:00      118.390      4.23000      15.6900      50.0000      4.42622     0.642788    0.0591786
1998-06-08/22:15:41      116.260      10.9500      14.0000      50.0000      7.05361     0.642788    0.0943067
1998-06-08/22:16:01      115.930      12.4900      13.7300      52.0000      5.38581     0.615661    0.0740731
1998-06-08/22:16:21      116.090      13.8500      10.9400      55.0000      4.38424     0.573576    0.0626810
1998-06-08/22:16:41      115.530      15.2800      10.5400      80.0000      4.38296     0.173648    0.0753349
1998-06-08/22:17:01      114.580      16.6200      11.3600      47.0000      3.84916     0.681998    0.0491327
1998-06-08/22:17:21      116.010      17.6700      11.6400      57.0000      2.48027     0.544639    0.0363051
1998-06-08/22:17:41      115.210      18.6800      11.4100      66.0000      2.10025     0.406737    0.0334872
1998-06-08/22:18:01      115.260      19.7600      11.1100      55.0000      4.82249     0.573576    0.0689467
1998-06-08/22:18:21      114.880      20.9400      10.5100      67.0000      4.32754     0.390731    0.0695256
1998-06-08/22:18:41      115.230      22.0400      11.6800      73.0000      13.1468     0.292372     0.219429
1998-06-08/22:19:01      115.570      23.0800      10.4100      36.0000      7.10765     0.809017    0.0729159
1998-06-08/22:19:21      115.100      23.9400      10.0000      64.0000      3.24076     0.438371    0.0508375
1998-06-08/22:19:42      114.520      24.9400      10.4500      68.0000      2.25057     0.374607    0.0364197
1998-06-08/22:20:02      113.980      25.9800      10.8200      62.0000      5.46353     0.469472    0.0841949
1998-06-08/22:20:22      114.110      26.8500      11.5300      94.0000      26.9820    0.0697566     0.469778
1998-06-08/22:20:42      113.910      27.5900      11.1100      66.0000      2.30954     0.406737    0.0368242
1998-06-08/22:21:01      113.220      28.4500      10.9900      66.0000      2.02531     0.406737    0.0322923
1998-06-08/22:21:22      113.240      29.3900      10.5800      61.0000      4.06758     0.484810    0.0620916
1998-06-08/22:21:42      112.930      30.5200      10.4500      52.0000      7.59353     0.615661     0.104437
1998-06-08/22:22:02      113.350      31.6800      10.5400      85.0000      3.80161    0.0871558    0.0660981
1998-06-08/22:22:22      112.640      32.8200      10.7300      58.0000      3.81771     0.529919    0.0565068
1998-06-08/22:22:43      112.150      34.0600      10.7200      60.0000      7.49223     0.500000     0.113245
1998-06-08/22:23:03      111.410      35.2600      10.4100      63.0000      4.03187     0.453990    0.0626996
1998-06-08/22:23:23      110.800      36.4900      10.3700      58.0000      5.01394     0.529919    0.0742125
1998-06-08/22:23:43      109.910      37.6800      10.3800      66.0000      2.79642     0.406737    0.0445872
1998-06-09/01:55:50      116.780     -37.6900      12.3100      49.0000      4.84274     0.656059    0.0637894
1998-06-09/01:56:10      117.180     -36.4900      16.7800      55.0000      4.82249     0.573576    0.0689467
1998-06-09/01:56:30      117.470     -35.3900      14.9100      57.0000      2.66196     0.544639    0.0389646
1998-06-09/01:56:50      117.690     -34.2900      12.5900      48.0000      7.42411     0.669131    0.0962931
1998-06-09/01:57:10      117.860     -33.2300      11.2200      54.0000      2.63929     0.587785    0.0372668
1998-06-09/01:57:30      117.900     -32.2500      11.3300      48.0000      5.06210     0.669131    0.0656571
1998-06-09/01:57:51      117.690     -31.2100      11.3400      65.0000      3.21946     0.422618    0.0509256
1998-06-09/01:58:11      117.550     -30.1100      11.3200      62.0000      5.46353     0.469472    0.0841949
1998-06-09/01:58:31      117.570     -29.0000      11.6000      50.0000      7.84644     0.642788     0.104907
1998-06-09/01:58:51      117.620     -27.9900      11.2200      48.0000      8.36815     0.669131     0.108538
1998-06-09/01:59:11      117.710     -26.8800      10.9100      66.0000      3.00172     0.406737    0.0478606
1998-06-09/01:59:31      117.700     -25.7600      11.0200      53.0000      4.58610     0.601815    0.0639248
1998-06-09/01:59:51      117.770     -24.6100      10.8700      52.0000      5.17975     0.615661    0.0712391
1998-06-09/02:00:11      117.890     -23.5000      10.7000      64.0000      3.16159     0.438371    0.0495956
1998-06-09/02:00:31      118.010     -22.4200      10.5800      62.0000      3.85261     0.469472    0.0593700
1998-06-09/02:00:51      118.110     -21.3100      10.5400      56.0000      2.85153     0.559193    0.0412600
1998-06-09/02:01:11      118.100     -20.2200      10.4600      21.0000      15.4271     0.933580    0.0964919
1998-06-09/02:01:31      118.080     -19.1500      10.4500      14.0000      13.0208     0.970296    0.0549782
1998-06-09/02:01:51      118.090     -18.0700      10.2300      25.0000      6.65090     0.906308    0.0490576
1998-06-09/02:02:12      118.040     -16.9800      10.2800      28.0000      37.2472     0.882948     0.305197
1998-06-09/02:02:32      118.040     -15.8300      10.4400      26.0000      11.4473     0.898794    0.0875835
1998-06-09/02:02:52      118.110     -14.6500      10.5300      60.0000      5.18222     0.500000    0.0783292
1998-06-09/02:03:11      118.270     -13.5300      10.3200      62.0000      2.81654     0.469472    0.0434038
1998-06-09/02:12:14      116.140      15.9600      10.2800      32.0000      12.1960     0.848048     0.112799
1998-06-09/02:12:34      115.920      17.1600      10.4900      45.0000      7.61342     0.707107    0.0939598
1998-06-09/02:12:54      115.950      18.3800      10.8200      58.0000      3.31091     0.529919    0.0490055
1998-06-09/02:13:14      116.080      19.5400      11.3300      70.0000      3.11900     0.342020    0.0511539
1998-06-09/02:13:34      116.240      20.6100      11.1800      47.0000      2.98051     0.681998    0.0380448
1998-06-09/02:13:54      116.340      21.6400      10.9700      54.0000      3.61859     0.587785    0.0510945
1998-06-09/02:14:14      116.300      22.6500      10.4900      43.0000      3.38449     0.731354    0.0402860
1998-06-09/02:14:34      116.090      23.7200      10.6100      65.0000      3.21946     0.422618    0.0509256
1998-06-09/02:14:54      115.820      24.8400      10.9000      59.0000      3.57647     0.515038    0.0535054
1998-06-09/02:15:14      115.470      25.9900      11.1100      56.0000      1.76984     0.559193    0.0256086
1998-06-09/02:15:34      115.280      27.0800      11.1100      55.0000      3.79061     0.573576    0.0541940
1998-06-09/02:15:54      115.040      28.2000      10.8000      61.0000      3.01293     0.484810    0.0459924
1998-06-09/02:16:15      114.880      29.2600      10.7800      68.0000      2.37731     0.374607    0.0384706
1998-06-09/02:16:35      114.870      30.3300      10.7300      73.0000      2.76827     0.292372    0.0462043
1998-06-09/02:16:55      114.620      31.4100      10.5800      77.0000      1.65815     0.224951    0.0281984
1998-06-09/02:17:15      114.340      32.5000      10.5500      70.0000      5.14260     0.342020    0.0843424
1998-06-09/02:17:35      113.920      33.6200      10.6900      87.0000      2.34627    0.0523359    0.0408940
1998-06-09/02:17:55      113.380      34.7600      11.0700      65.0000      2.00852     0.422618    0.0317709
1998-06-09/02:18:15      112.900      35.9500      11.0700      74.0000      2.96037     0.275637    0.0496667
1998-06-09/02:18:35      112.500      37.1000      10.9600      74.0000      3.48493     0.275637    0.0584673
1998-06-09/02:18:55      111.900      38.2400      10.9000      72.0000      3.13206     0.309017    0.0519893
1998-06-09/02:19:16      111.420      39.3800      10.8200      67.0000      1.68015     0.390731    0.0269930
1998-06-09/02:19:36      110.770      40.5100      11.2200      65.0000      2.26885     0.422618    0.0358888
1998-06-09/02:19:56      110.030      41.6800      11.7700      73.0000      8.48343     0.292372     0.141594
1998-06-09/03:53:37      115.390     -36.8800      11.8000      40.0000      4.53486     0.766044    0.0508755
1998-06-09/03:53:57      115.790     -35.7700      11.8500      46.0000      4.30268     0.694658    0.0540195
1998-06-09/03:54:17      116.080     -34.6500      11.9100      48.0000      3.55430     0.669131    0.0461004
1998-06-09/03:54:37      116.360     -33.6100      11.6700      50.0000      5.31607     0.642788    0.0710758
1998-06-09/03:54:57      116.450     -32.5400      11.5800      46.0000      4.09574     0.694658    0.0514214
1998-06-09/03:55:17      116.280     -31.5400      11.8100      43.0000      5.36807     0.731354    0.0638968
1998-06-09/03:55:37      116.180     -30.5000      12.1200      56.0000      8.76421     0.559193     0.126813
1998-06-09/03:55:57      115.910     -29.3700      11.7300      52.0000      3.69186     0.615661    0.0507756
1998-06-09/04:00:58      116.550     -13.2900      11.5200      43.0000      3.14865     0.731354    0.0374788
1998-06-09/04:01:18      116.660     -12.1900      11.8700      49.0000      8.71274     0.656059     0.114766
1998-06-09/04:01:38      116.790     -11.1000      12.0700      38.0000      30.1216     0.788011     0.323666
1998-06-09/04:01:58      116.920     -10.0000      12.1500      42.0000      3.58474     0.743145    0.0418645
1998-06-09/04:02:19      117.020     -8.92000      11.8700      46.0000      3.88307     0.694658    0.0487514
1998-06-09/04:02:39      117.230     -7.84000      11.8400      46.0000      3.28870     0.694658    0.0412891
1998-06-09/04:02:59      117.290     -6.78000      11.9500      52.0000      4.57501     0.615661    0.0629219
1998-06-09/04:03:19      117.330     -5.83000      12.0100      45.0000      6.10311     0.707107    0.0753206
1998-06-09/04:03:40      117.180     -4.77000      11.9900      66.0000      17.3017     0.406737     0.275865
1998-06-09/04:04:00      116.920     -3.68000      11.9000      49.0000      3.62131     0.656059    0.0477005
1998-06-09/04:04:20      116.720     -2.54000      11.8800      63.0000      6.06317     0.453990    0.0942883
1998-06-09/04:04:40      116.480     -1.36000      10.5900      51.0000      4.62609     0.629320    0.0627472
1998-06-09/04:04:59      116.460    -0.330000      10.1900      37.0000      7.17296     0.798635    0.0753423
1998-06-09/04:05:19      116.510     0.740000      10.9200      45.0000      9.29396     0.707107     0.114700
1998-06-09/04:05:39      116.450      1.73000      10.1200      48.0000      25.9298     0.669131     0.336318
1998-06-09/04:05:59      116.290      2.79000      7.51000      62.0000      22.6838     0.469472     0.349565
1998-06-09/04:06:20      116.130      3.92000      9.70000      45.0000      4.21481     0.707107    0.0520164
1998-06-09/04:11:21      113.610      20.6900      11.0300      74.0000      5.93599     0.275637    0.0995892
1998-06-09/04:11:41      113.700      21.7000      10.1900      76.0000      4.07256     0.241922    0.0689682
1998-06-09/04:12:01      113.640      22.7700      10.0600      75.0000      3.55530     0.258819    0.0599373
1998-06-09/04:12:21      113.680      23.7600      9.85000      71.0000      3.20879     0.325568    0.0529528
1998-06-09/04:12:41      113.260      24.9000      9.97000      67.0000      2.09250     0.390731    0.0336178
1998-06-09/04:13:01      112.770      26.1000      9.32000      54.0000      21.8278     0.587785     0.308209
1998-06-09/04:13:21      112.270      27.3000      9.98000      58.0000      19.9174     0.529919     0.294803
1998-06-09/04:13:41      112.030      28.4500      9.74000      62.0000      22.6838     0.469472     0.349565
1998-06-09/04:14:01      111.820      29.5400      9.12000      55.0000      4.82249     0.573576    0.0689467
1998-06-09/04:14:22      111.640      30.6300      8.83000      54.0000      21.8278     0.587785     0.308209
1998-06-09/04:14:42      111.300      31.7200      9.65000      43.0000      5.20529     0.731354    0.0619592
1998-06-09/04:15:02      110.550      32.9300      9.76000      38.0000      8.80604     0.788011    0.0946237
1998-06-09/04:15:22      109.550      34.1900      8.65000      58.0000      3.67335     0.529919    0.0543701
1998-06-09/04:15:42      108.140      35.5400      8.63000      55.0000      1.99801     0.573576    0.0285654
1998-06-09/04:16:02      106.390      37.1300      8.61000      49.0000      4.24681     0.656059    0.0559397
1998-06-09/04:16:22      104.230      38.7000      8.90000      57.0000      2.81476     0.544639    0.0412012
1998-06-09/06:24:51      93.1000      62.9000      10.1200      122.000      7.03694     0.529919     0.104155
1998-06-09/06:25:11      87.3100      62.7400      11.2200      130.000      5.57643     0.642788    0.0745569
1998-06-09/06:25:30      83.3700      62.3000      8.05000      133.000      4.90012     0.681998    0.0625477
1998-06-09/06:30:52      126.730      67.2600      9.10000      137.000      8.15040     0.731354    0.0970152
1998-06-09/06:31:32      132.680      72.3800      12.8000      142.000      8.49064     0.788011    0.0912346
1998-06-09/06:34:53      188.490      83.4600      9.44000      133.000      5.17562     0.681998    0.0660644
1998-06-09/06:35:13      199.060      84.3500      12.4100      98.0000      5.29420     0.139173    0.0915020
1998-06-09/06:35:33      219.160      84.8000      15.9900      101.000      3.93997     0.190809    0.0675020
1998-06-09/06:35:53      234.090      84.6000      13.9800      137.000      6.65724     0.731354    0.0792419
1998-06-09/06:36:33      251.200      83.0300      14.0800      128.000      4.76905     0.615661    0.0655906
1998-06-09/06:36:53      252.620      82.2000      11.9600      131.000      6.56013     0.656059    0.0864111
1998-06-09/06:37:13      262.420      81.2600      10.1400      121.000      3.67335     0.515038    0.0549548
1998-06-09/06:37:33      269.950      79.9500      10.5900      100.000      3.77737     0.173648    0.0649260
1998-06-09/06:38:13      274.070      77.7900      11.0300      101.000      2.89487     0.190809    0.0495967
1998-06-09/06:38:33      277.170      76.6000      11.1400      102.000      4.94791     0.207912    0.0844702
1998-06-09/06:38:53      279.890      75.4900      9.68000      96.0000      4.68463     0.104529    0.0813143
1998-06-09/06:39:13      281.260      74.4600      11.0100      99.0000      4.24290     0.156434    0.0731409
1998-06-09/06:39:33      282.180      73.5400      11.1400      106.000      3.98240     0.275637    0.0668134
1998-06-09/06:39:53      283.920      72.6100      9.74000      120.000      3.88265     0.500000    0.0586862
1998-06-09/06:40:13      285.810      71.7600      9.35000      101.000      2.89487     0.190809    0.0495967
1998-06-09/06:40:33      287.020      70.8200      9.64000      105.000      4.06813     0.258819    0.0685829
1998-06-09/06:40:54      287.830      69.8900      9.67000      107.000      4.25171     0.292372    0.0709639
1998-06-09/06:41:14      288.720      68.8500      9.79000      106.000      3.76704     0.275637    0.0632003
1998-06-09/06:41:34      290.250      67.7500      10.8800      111.000      2.47319     0.358368    0.0402983
1998-06-09/06:41:54      291.200      66.6400      10.3600      106.000      3.37382     0.275637    0.0566032
1998-06-09/06:42:14      291.970      65.4200      9.84000      106.000      3.60398     0.275637    0.0604646
1998-06-09/06:42:35      292.240      64.1400      10.5600      109.000      3.38317     0.325568    0.0558305
1998-06-09/06:42:54      292.120      63.1900      10.6100      106.000      3.07495     0.275637    0.0515890
1998-06-09/06:43:14      292.230      62.2500      10.5500      121.000      2.75133     0.515038    0.0411610
1998-06-09/06:48:36      296.930      43.5500      10.3900      106.000      8.76014     0.275637     0.146970
1998-06-09/06:48:56      297.160      42.5300      10.4300      108.000      6.16223     0.309017     0.102287
1998-06-09/06:49:16      297.350      41.5700      10.5600      98.0000      3.57425     0.139173    0.0617753
1998-06-09/06:49:35      297.500      40.7200      12.1500      97.0000      3.70421     0.121869    0.0641688
1998-06-09/06:49:55      297.580      39.8500      18.4300      102.000      2.85176     0.207912    0.0486850
1998-06-09/06:50:35      297.800      38.0900      16.0900      101.000      2.09172     0.190809    0.0358367
1998-06-09/06:50:56      297.810      37.1600      12.3100      94.0000      2.79926    0.0697566    0.0487373
1998-06-09/06:51:36      297.660      35.4300      11.1400      91.0000      1.44156    0.0174525    0.0251561
1998-06-09/06:51:56      297.710      34.4700      10.8900      97.0000      3.76633     0.121869    0.0652449
1998-06-09/06:52:17      297.620      33.2900      10.4800      108.000      4.32231     0.309017    0.0717463
1998-06-09/06:52:37      297.450      32.1600      10.0800      109.000      3.56289     0.325568    0.0587963
1998-06-09/06:52:57      297.080      31.0000      10.3500      108.000      4.32231     0.309017    0.0717463
1998-06-09/06:53:17      296.380      30.0200      10.4900      128.000      10.8989     0.615661     0.149897
1998-06-09/06:53:36      296.280      28.9100      10.0100      121.000      8.19467     0.515038     0.122595
1998-06-09/06:53:56      296.150      27.8400      10.4400      101.000      2.89487     0.190809    0.0495967
1998-06-09/06:54:16      295.920      26.7400      10.7400      98.0000      5.00329     0.139173    0.0864741
1998-06-09/06:54:36      295.560      25.8700      10.2400      101.000      2.68482     0.190809    0.0459980
1998-06-09/06:54:57      295.300      25.0500      9.79000      114.000      3.09401     0.406737    0.0493321
1998-06-09/06:55:17      295.280      24.1100      9.89000      112.000      2.39763     0.374607    0.0387994
1998-06-09/06:55:37      295.160      23.2300      9.93000      102.000      2.56531     0.207912    0.0437947
1998-06-09/06:55:57      295.290      22.1700      9.99000      105.000      3.92395     0.258819    0.0661523
1998-06-09/06:56:18      295.630      21.0700      9.97000      98.0000      3.65394     0.139173    0.0631526
1998-06-09/06:57:37      295.800      15.9500      9.88000      92.0000      2.04513    0.0348995    0.0356725
1998-06-09/06:57:57      295.710      14.6300      9.85000      93.0000      2.83998    0.0523359    0.0494991
1998-06-09/06:58:18      295.540      13.2000      9.95000      91.0000      1.77038    0.0174525    0.0308943
1998-06-09/06:58:38      295.990      11.7600      9.90000      96.0000      3.41592     0.104529    0.0592925
1998-06-09/06:58:58      296.280      10.7100      9.79000      100.000      2.78705     0.173648    0.0479042
1998-06-09/07:01:58      297.940    -0.270000      9.77000      111.000      22.2732     0.358368     0.362921
1998-06-09/07:02:19      298.770    -0.960000      10.1600      160.000      15.4915     0.939693    0.0924746
1998-06-09/07:02:39      299.020     -1.56000      10.6300      99.0000      4.55162     0.156434    0.0784627
1998-06-09/07:02:59      298.830     -2.47000      10.2100      99.0000      3.10816     0.156434    0.0535798
1998-06-09/07:03:19      298.260     -3.50000      9.79000      138.000      7.63842     0.743145    0.0892055
1998-06-09/07:04:00      296.790     -5.55000      9.62000      101.000      2.66120     0.190809    0.0455933
1998-06-09/07:04:19      296.170     -6.66000      9.40000      98.0000      3.37386     0.139173    0.0583119
1998-06-09/07:05:40      294.900     -11.2000      9.28000      94.0000      3.27280    0.0697566    0.0569820
1998-06-09/07:06:00      294.720     -12.1400      9.24000      100.000      2.78705     0.173648    0.0479042
1998-06-09/07:06:20      294.020     -13.5500      9.52000      121.000      3.43143     0.515038    0.0513355
1998-06-09/07:06:40      293.650     -14.4900      9.63000      121.000      3.90478     0.515038    0.0584170
1998-06-09/07:07:00      294.440     -15.4600      9.45000      98.0000      3.65394     0.139173    0.0631526
1998-06-09/07:07:20      294.760     -16.3000      9.42000      94.0000      3.44888    0.0697566    0.0600477
1998-06-09/07:07:40      294.580     -17.2600      9.42000      93.0000      2.83998    0.0523359    0.0494991
1998-06-09/07:08:00      294.390     -18.2100      9.35000      103.000      2.32163     0.224951    0.0394816
1998-06-09/07:08:20      293.880     -19.1900      9.14000      110.000      3.29185     0.342020    0.0539887
1998-06-09/07:09:00      293.420     -21.7600      9.05000      91.0000      1.82906    0.0174525    0.0319183
1998-06-09/07:09:20      293.360     -22.6400      9.39000      94.0000      3.07077    0.0697566    0.0534645
1998-06-09/07:09:41      292.350     -23.7400      9.67000      95.0000      3.04153    0.0871559    0.0528827
1998-06-09/07:10:01      290.790     -24.7700      9.76000      99.0000      3.10816     0.156434    0.0535798
1998-06-09/07:10:21      287.640     -25.5100      9.66000      116.000      4.78372     0.438371    0.0750418
1998-06-09/07:10:41      286.370     -26.1700      9.61000      114.000      2.26885     0.406737    0.0361754
1998-06-09/07:11:00      282.730     -26.7000      9.87000      114.000      1.44377     0.406737    0.0230200
1998-06-09/07:11:20      284.150     -27.8200      10.0400      112.000      1.90709     0.374607    0.0308613
1998-06-09/07:12:21      283.910     -31.4800      10.0300      118.000      2.62505     0.469472    0.0404529
1998-06-09/07:12:41      283.740     -33.2500      9.92000      110.000      2.20291     0.342020    0.0361293
1998-06-09/07:51:50      112.820     -29.5400      9.84000      50.0000      2.78939     0.642788    0.0372941
1998-06-09/07:52:10      113.280     -28.4700      9.73000      56.0000      1.64087     0.559193    0.0237425
1998-06-09/07:52:31      113.510     -27.3300      9.55000      59.0000      3.34165     0.515038    0.0499924
1998-06-09/07:52:51      113.650     -26.3100      9.56000      53.0000      2.54888     0.601815    0.0355284
1998-06-09/07:53:11      114.050     -25.2800      9.46000      47.0000      3.07640     0.681998    0.0392688
1998-06-09/07:53:31      114.450     -24.1800      9.38000      26.0000      4.95870     0.898794    0.0379391
1998-06-09/07:53:51      114.710     -23.0600      9.28000      59.0000      2.92475     0.515038    0.0437554
1998-06-09/07:54:11      114.840     -21.8800      9.46000      55.0000      2.39890     0.573576    0.0342968
1998-06-09/07:54:31      114.960     -20.8000      9.52000      54.0000      2.77985     0.587785    0.0392515
1998-06-09/07:54:51      115.040     -19.6800      9.48000      37.0000      4.73577     0.798635    0.0497429
1998-06-09/07:55:11      115.080     -18.5800      9.50000      60.0000      3.17715     0.500000    0.0480226
1998-06-09/07:55:31      115.060     -17.5000      9.56000      57.0000      2.86821     0.544639    0.0419836
1998-06-09/07:55:51      115.090     -16.5100      9.66000      24.0000      9.27504     0.913545    0.0658425
1998-06-09/07:56:11      114.920     -15.3700      9.56000      65.0000      1.94222     0.422618    0.0307221
1998-06-09/07:56:32      115.050     -14.1300      5.77000      64.0000      2.55251     0.438371    0.0400410
1998-06-09/07:56:52      115.130     -12.9200      6.58000      55.0000      2.56447     0.573576    0.0366640
1998-06-09/07:57:12      115.170     -11.8700      5.32000      49.0000      7.13225     0.656059    0.0939472
1998-06-09/07:57:32      115.230     -10.8100      9.78000      43.0000      2.18785     0.731354    0.0260422
1998-06-09/07:57:51      115.360     -9.69000      7.85000      35.0000      7.01272     0.819152    0.0702029
1998-06-09/07:58:11      115.390     -8.35000      7.53000      45.0000      2.05788     0.707107    0.0253970
1998-06-09/07:58:31      115.610     -7.28000      7.14000      49.0000      3.24964     0.656059    0.0428048
1998-06-09/07:58:51      115.820     -6.06000      7.89000      50.0000      9.46366     0.642788     0.126529
1998-06-09/07:59:12      116.030     -5.06000      6.79000      62.0000      8.84479     0.469472     0.136301
1998-06-09/07:59:32      116.310     -4.18000      5.66000      66.0000      2.10025     0.406737    0.0334872
1998-06-09/07:59:52      116.340     -3.15000      5.34000      68.0000      2.25057     0.374607    0.0364197
1998-06-09/08:00:12      116.510     -2.10000      6.42000      50.0000      3.00037     0.642788    0.0401149
1998-06-09/08:00:33      116.680     -1.31000      6.87000      49.0000      3.40025     0.656059    0.0447887
1998-06-09/08:00:53      116.540    -0.440000      9.18000      65.0000      2.37061     0.422618    0.0374984
1998-06-09/09:47:17      113.100     -37.4100      6.01000      65.0000      2.97444     0.422618    0.0470499
1998-06-09/09:47:37      113.170     -36.3900      4.28000      54.0000      2.63929     0.587785    0.0372668
1998-06-09/09:47:57      113.230     -35.2100      7.67000      64.0000      3.09391     0.438371    0.0485339
1998-06-09/09:48:17      113.440     -34.1300      6.38000      58.0000      2.86288     0.529919    0.0423742
1998-06-09/09:48:37      113.640     -33.0300      6.24000      39.0000      5.62951     0.777146    0.0618329
1998-06-09/09:48:57      113.760     -32.0700      7.22000      28.0000      7.99658     0.882948    0.0655226
1998-06-09/09:49:17      113.870     -30.8800      9.28000      33.0000      9.34279     0.838671    0.0888102
1998-06-09/09:49:37      114.210     -29.6900      10.2700      33.0000      8.26028     0.838671    0.0785201
1998-06-09/09:49:57      114.170     -28.6600      10.0200      40.0000      4.53486     0.766044    0.0508755
1998-06-09/09:50:17      114.210     -27.5700      7.60000      52.0000      4.27100     0.615661    0.0587407
1998-06-09/09:50:37      114.300     -26.4400      6.11000      62.0000      4.65407     0.469472    0.0717208
1998-06-09/09:50:58      114.360     -25.3600      5.87000      52.0000      3.69186     0.615661    0.0507756
1998-06-09/09:51:18      114.310     -24.2200      5.69000      44.0000      3.37755     0.719340    0.0409497
1998-06-09/09:51:38      114.380     -23.1400      6.29000      55.0000      2.26797     0.573576    0.0324249
1998-06-09/09:51:58      114.340     -22.1500      6.57000      55.0000      1.99801     0.573576    0.0285654
1998-06-09/09:52:18      114.350     -21.1500      8.10000      46.0000      3.88307     0.694658    0.0487514
1998-06-09/09:52:38      114.440     -20.1500      8.35000      66.0000      2.02531     0.406737    0.0322923
1998-06-09/09:52:58      114.520     -19.1000      6.04000      64.0000      3.88985     0.438371    0.0610197
1998-06-09/09:53:18      114.710     -18.0800      7.27000      64.0000      3.47634     0.438371    0.0545331
1998-06-09/09:53:38      114.760     -17.1200      8.71000      73.0000      4.88163     0.292372    0.0814777
1998-06-09/09:53:58      114.790     -16.0100      8.63000      71.0000      18.8223     0.325568     0.310614
1998-06-09/09:54:18      114.790     -14.8500      8.98000      68.0000      3.06196     0.374607    0.0495499
1998-06-09/09:54:38      114.750     -13.7600      9.04000      72.0000      4.01054     0.309017    0.0665712
1998-06-09/09:54:59      114.520     -12.8000      8.32000      78.0000      1.85434     0.207912    0.0316571
1998-06-09/09:55:19      114.460     -11.5400      8.95000      75.0000      4.75772     0.258819    0.0802084
1998-06-09/09:55:38      114.500     -10.1600      8.53000      47.0000      3.42443     0.681998    0.0437112
1998-06-09/09:55:58      114.630     -8.95000      8.49000      53.0000      4.16535     0.601815    0.0580601
1998-06-09/09:56:18      114.660     -7.92000      8.64000      42.0000      3.99400     0.743145    0.0466441
1998-06-09/09:56:38      114.750     -6.84000      9.61000      48.0000      3.55430     0.669131    0.0461004
1998-06-09/09:56:59      114.730     -6.00000      12.1000      64.0000      22.3924     0.438371     0.351268
1998-06-09/09:57:19      114.770     -4.83000      11.7800      56.0000      2.17132     0.559193    0.0314178
1998-06-09/09:57:39      114.730     -3.82000      8.89000      60.0000      3.00080     0.500000    0.0453571
1998-06-09/09:57:59      114.880     -2.77000      9.30000      52.0000      3.57709     0.615661    0.0491971
1998-06-09/09:58:20      114.960     -1.53000      9.60000      66.0000      4.06747     0.406737    0.0648533
1998-06-09/09:58:40      115.080    -0.290000      9.36000      59.0000      21.9826     0.515038     0.328868
1998-06-09/09:59:00      114.950     0.880000      9.24000      68.0000      3.06196     0.374607    0.0495499
1998-06-09/09:59:20      114.760      1.81000      8.70000      68.0000      3.27161     0.374607    0.0529425
1998-06-09/09:59:39      114.730      2.80000      9.42000      45.0000      10.2667     0.707107     0.126705
1998-06-09/10:04:20      113.100      17.6400      9.69000      63.0000      4.57356     0.453990    0.0711234
1998-06-09/10:04:40      112.930      18.7800      9.25000      31.0000      2.98796     0.857167    0.0268591
1998-06-09/10:05:01      112.800      19.9500      8.92000      54.0000      21.8278     0.587785     0.308209
1998-06-09/10:05:21      112.690      21.0500      9.03000      52.0000      4.95410     0.615661    0.0681356
1998-06-09/10:05:41      112.610      22.1900      8.42000      57.0000      21.3608     0.544639     0.312670
1998-06-09/10:06:01      112.520      23.4000      8.01000      77.0000      9.08848     0.224951     0.154558
1998-06-09/10:06:21      112.520      24.4800      9.24000      91.0000      3.10617    0.0174525    0.0542046
1998-06-09/10:06:41      112.390      25.5800      9.53000      68.0000      4.42117     0.374607    0.0715452
1998-06-09/10:07:01      112.340      26.7500      9.25000      63.0000      5.86277     0.453990    0.0911719
1998-06-09/10:07:21      112.150      27.8800      8.82000      39.0000      28.7126     0.777146     0.315371
1998-06-09/10:07:41      111.880      28.9900      9.30000      37.0000      4.39176     0.798635    0.0461295
1998-06-09/10:08:01      111.590      30.1300      9.37000      43.0000      3.38449     0.731354    0.0402860
1998-06-09/10:08:21      111.400      31.2900      9.43000      33.0000      3.42024     0.838671    0.0325119
1998-06-09/10:08:41      111.210      32.4200      9.48000      36.0000      5.63087     0.809017    0.0577659
1998-06-09/10:09:02      111.120      33.4700      9.02000      53.0000      4.02896     0.601815    0.0561590
1998-06-09/10:09:22      111.000      34.4700      8.85000      39.0000      6.15250     0.777146    0.0675773
1998-06-09/10:09:42      110.800      35.5500      9.06000      45.0000      2.41209     0.707107    0.0297684
1998-06-09/10:10:02      110.560      36.5900      9.23000      57.0000      3.03619     0.544639    0.0444424
1998-06-09/10:10:21      110.420      37.6600      9.36000      62.0000      2.81654     0.469472    0.0434038
1998-06-09/10:10:42      110.410      38.7500      9.37000      59.0000      3.88265     0.515038    0.0580860
1998-06-09/10:11:02      110.400      39.8500      9.09000      58.0000      2.86288     0.529919    0.0423742
1998-06-09/10:11:22      110.160      41.0400      9.13000      71.0000      3.59103     0.325568    0.0592607
1998-06-09/11:45:43      112.600     -35.4600      9.32000      57.0000      3.51694     0.544639    0.0514794
1998-06-09/11:46:03      112.660     -34.2400      9.47000      52.0000      6.92645     0.615661    0.0952621
1998-06-09/11:46:23      112.830     -33.0900      9.61000      27.0000      5.10461     0.891007    0.0404470
1998-06-09/11:46:44      112.960     -31.9800      9.81000      59.0000      21.9826     0.515038     0.328868
1998-06-09/11:47:04      113.050     -30.8800      9.65000      46.0000      3.88307     0.694658    0.0487514
1998-06-09/11:47:24      113.230     -29.6700      9.33000      37.0000      5.45848     0.798635    0.0573340
1998-06-09/11:47:44      113.340     -28.6100      10.0800      42.0000      3.23584     0.743145    0.0377899
1998-06-09/11:48:04      113.650     -27.4700      10.1900      43.0000      5.60432     0.731354    0.0667089
1998-06-09/11:48:24      113.800     -26.3600      10.0700      42.0000      2.86910     0.743145    0.0335069
1998-06-09/11:48:44      113.940     -25.3400      9.86000      43.0000      8.82971     0.731354     0.105101
1998-06-09/11:49:04      114.000     -24.1800      9.87000      34.0000      2.93425     0.829038    0.0286376
1998-06-09/11:49:24      114.130     -23.1400      9.84000      48.0000      2.73849     0.669131    0.0355191
1998-06-09/11:49:44      114.230     -22.1400      9.48000      46.0000      2.91887     0.694658    0.0366460
1998-06-09/11:50:04      114.330     -21.1100      10.0400      38.0000      5.10732     0.788011    0.0548798
1998-06-09/11:50:24      114.320     -19.9700      8.68000      58.0000      19.9174     0.529919     0.294803
1998-06-09/11:50:45      114.410     -18.7700      8.97000      58.0000      2.75133     0.529919    0.0407231
1998-06-09/11:51:05      114.580     -17.7700      9.34000      36.0000      3.29818     0.809017    0.0338353
1998-06-09/11:51:25      114.460     -16.8300      10.2600      59.0000      4.12284     0.515038    0.0616793
1998-06-09/11:51:45      114.490     -15.7500      10.0300      51.0000      5.62066     0.629320    0.0762373
1998-06-09/11:52:04      114.340     -14.6400      8.91000      29.0000      4.22324     0.874620    0.0357350
1998-06-09/11:52:24      114.370     -13.6200      7.32000      46.0000      4.09574     0.694658    0.0514214
1998-06-09/11:52:44      114.220     -12.4700      10.1600      62.0000      3.48879     0.469472    0.0537635
1998-06-09/11:53:04      114.170     -11.4100      10.9300      51.0000      4.06287     0.629320    0.0551078
1998-06-09/11:53:25      114.050     -10.4400      9.67000      53.0000      6.84089     0.601815    0.0953539
1998-06-09/11:53:45      113.950     -9.26000      9.58000      62.0000      6.66541     0.469472     0.102716
1998-06-09/11:54:05      113.890     -8.20000      10.0200      53.0000      3.44405     0.601815    0.0480060
1998-06-09/11:54:25      114.110     -6.85000      8.43000      44.0000      3.84070     0.719340    0.0465649
1998-06-09/11:54:46      114.240     -5.73000      11.5600      50.0000      9.93390     0.642788     0.132816
1998-06-09/11:55:06      114.220     -4.73000      12.5800      46.0000      2.62354     0.694658    0.0329381
1998-06-09/11:55:26      114.240     -3.70000      11.1700      55.0000      2.26797     0.573576    0.0324249
1998-06-09/11:55:46      114.320     -2.61000      9.69000      45.0000      1.98574     0.707107    0.0245067
1998-06-09/11:56:05      114.360     -1.55000      10.6000      53.0000      3.62091     0.601815    0.0504712
1998-06-09/11:56:25      114.430    -0.530000      9.65000      73.0000      5.01508     0.292372    0.0837050
1998-06-09/11:56:45      114.470     0.590000      9.17000      66.0000      4.23993     0.406737    0.0676030
1998-06-09/11:57:05      114.430      1.75000      10.6400      54.0000      6.02549     0.587785    0.0850800
1998-06-09/11:57:26      114.300      2.84000      9.94000      35.0000      30.4326     0.819152     0.304655
1998-06-09/12:01:47      112.850      17.0700      7.84000      61.0000      8.40150     0.484810     0.128249
1998-06-09/12:02:07      112.460      18.2800      9.09000      40.0000      5.16888     0.766044    0.0579884
1998-06-09/12:02:27      112.230      19.1500      11.4200      25.0000      12.1514     0.906308    0.0896297
1998-06-09/12:02:47      112.180      20.1900      10.6800      35.0000      9.11228     0.819152    0.0912212
1998-06-09/12:03:07      112.120      21.2100      9.81000      25.0000      10.9134     0.906308    0.0804981
1998-06-09/12:03:27      111.870      22.3300      10.3100      64.0000      22.3924     0.438371     0.351268
1998-06-09/12:03:47      111.890      23.6100      10.1800      70.0000      25.5614     0.342020     0.419226
1998-06-09/12:04:07      111.300      24.8300      9.96000      62.0000      4.56993     0.469472    0.0704242
1998-06-09/12:04:28      110.970      25.8900      11.7600      59.0000      3.14954     0.515038    0.0471184
1998-06-09/12:04:48      110.380      27.3400      11.2600      47.0000      4.66135     0.681998    0.0594999
1998-06-09/12:05:08      110.110      28.2500      9.81000      45.0000      20.5334     0.707107     0.253410
1998-06-09/12:05:28      109.090      29.4000      10.3900      49.0000      3.62131     0.656059    0.0477005
1998-06-09/12:05:48      108.310      30.8400      6.52000      30.0000      7.56164     0.866025    0.0659878
1998-06-09/12:06:09      107.650      31.9100      10.6300      53.0000      5.29392     0.601815    0.0737910
1998-06-09/12:06:29      106.490      33.5200      11.1900      60.0000      4.89643     0.500000    0.0740095
1998-06-09/13:41:29      104.530     -37.1500      17.5300      39.0000      7.90368     0.777146    0.0868118
1998-06-09/13:42:29      102.170     -35.3200      13.6400      47.0000      7.45392     0.681998    0.0951458
1998-06-09/13:45:50      102.870     -26.9400      10.8900      59.0000      3.73037     0.515038    0.0558078
1998-06-09/13:46:10      101.860     -25.2800      10.5900      55.0000      7.07276     0.573576     0.101119
1998-06-09/13:46:30      105.020     -24.3900      11.0800      57.0000      3.96800     0.544639    0.0580819
1998-06-09/13:46:50      107.250     -22.8800      10.0700      60.0000      4.89643     0.500000    0.0740095
1998-06-09/13:47:11      106.660     -21.7200      10.4200      53.0000      4.02896     0.601815    0.0561590
1998-06-09/13:47:31      103.950     -19.7600      10.8700      57.0000      3.71607     0.544639    0.0543942
1998-06-09/13:47:51      108.130     -19.3400      7.45000      53.0000      3.44405     0.601815    0.0480060
1998-06-09/13:48:11      109.730     -18.4100      7.53000      53.0000      4.83331     0.601815    0.0673706
1998-06-09/13:48:31      106.160     -15.6800      10.8200      50.0000      4.60242     0.642788    0.0615343
1998-06-09/13:49:51      109.350     -15.7300      10.7900      64.0000      2.69276     0.438371    0.0422411
1998-06-09/13:50:11      110.520     -13.8900      10.6600      41.0000      7.63842     0.754710    0.0874629
1998-06-09/13:50:31      109.620     -12.5600      11.4300      69.0000      3.29185     0.358368    0.0536376
1998-06-09/13:50:51      110.610     -11.4400      9.94000      72.0000      3.43378     0.309017    0.0569975
1998-06-09/13:51:12      109.610     -10.2000      9.16000      69.0000      3.03986     0.358368    0.0495316
1998-06-09/13:51:32      109.520     -8.85000      10.1600      66.0000      4.93153     0.406737    0.0786302
1998-06-09/13:51:52      109.340     -7.41000      10.6800      61.0000      4.71316     0.484810    0.0719464
1998-06-09/13:52:12      107.460     -6.37000      8.86000      55.0000      2.56447     0.573576    0.0366640
1998-06-09/13:52:31      105.360     -5.86000      9.25000      64.0000      4.53078     0.438371    0.0710740
1998-06-09/13:52:51      107.090     -5.18000      11.3000      59.0000      3.05288     0.515038    0.0456723
1998-06-09/13:53:11      108.920     -4.05000      11.9200      60.0000      2.64246     0.500000    0.0399408
1998-06-09/13:53:31      108.590     -2.65000      11.3300      58.0000      2.80403     0.529919    0.0415031
1998-06-09/13:53:52      109.110     -1.71000      10.9500      63.0000      3.12038     0.453990    0.0485250
1998-06-09/13:54:12      109.550    -0.760000      10.6700      61.0000      2.62505     0.484810    0.0400714
1998-06-09/13:54:32      110.180     0.330000      10.8800      57.0000      2.86821     0.544639    0.0419836
1998-06-09/13:54:52      110.370      1.71000      12.3100      60.0000      7.49223     0.500000     0.113245
1998-06-09/13:55:13      110.390      3.26000      11.4100      55.0000      2.56447     0.573576    0.0366640
1998-06-09/13:55:33      110.090      4.36000      9.72000      51.0000      9.67942     0.629320     0.131289
1998-06-09/17:01:14      281.980     -30.8300      9.55000      68.0000      3.58961     0.374607    0.0580885
1998-06-09/17:01:34      282.410     -32.4000      9.42000      68.0000      2.66344     0.374607    0.0431009
1998-06-09/17:01:54      280.930     -33.9700      10.8600      71.0000      4.32231     0.325568    0.0713285
1998-06-09/17:02:35      279.590     -36.0000      11.3100      63.0000      6.26546     0.453990    0.0974342
1998-06-09/17:02:55      279.260     -36.3900      10.8700      74.0000      9.78949     0.275637     0.164240
1998-06-09/17:05:35      279.820     -43.9500      10.1400      71.0000      6.16223     0.325568     0.101692
1998-06-09/17:05:55      278.320     -45.0400      9.87000      76.0000      8.69886     0.241922     0.147314
1998-06-09/17:06:15      278.080     -45.9400      10.1600      75.0000      9.29244     0.258819     0.156657
1998-06-09/17:06:36      278.370     -46.8000      11.3800      77.0000      6.19681     0.224951     0.105383
1998-06-09/17:06:56      277.970     -47.7500      11.4200      78.0000      6.47212     0.207912     0.110491
1998-06-09/17:07:16      277.210     -48.6500      10.0200      75.0000      7.22898     0.258819     0.121870
1998-06-09/17:07:36      275.020     -49.6300      9.79000      80.0000      9.68878     0.173648     0.166532
1998-06-09/18:40:16      280.290      33.0400      10.1100      129.000      6.60271     0.629321    0.0895575
1998-06-09/18:40:36      281.680      31.9900      10.2200      119.000      4.89643     0.484810    0.0747440
1998-06-09/18:40:56      283.880      30.7100      10.2900      114.000      3.21946     0.406737    0.0513323
1998-06-09/18:41:16      284.770      29.5800      10.4400      123.000      2.11018     0.544639    0.0308879
1998-06-09/18:41:37      284.590      28.5000      10.5000      113.000      3.89541     0.390731    0.0625830
1998-06-09/18:41:57      284.060      27.6200      10.7800      121.000      4.08844     0.515038    0.0611647
1998-06-09/18:42:17      283.700      26.7000      10.9400      127.000      5.17975     0.601815    0.0721996
1998-06-09/18:42:37      283.630      25.7200      10.5500      114.000      6.96180     0.406737     0.111002
1998-06-09/18:42:56      283.430      24.7700      9.91000      125.000      2.21851     0.573576    0.0317178
1998-06-09/18:43:16      283.920      23.4500      9.71000      115.000      3.75347     0.422618    0.0593726
1998-06-09/18:43:36      284.250      22.1300      9.91000      111.000      3.06196     0.358368    0.0498917
1998-06-09/18:43:57      284.650      20.8100      10.3600      115.000      4.24559     0.422618    0.0671570
1998-06-09/18:44:17      284.890      19.4700      10.0600      118.000      4.21409     0.469472    0.0649406
1998-06-09/18:44:37      285.550      17.9500      9.76000      113.000      3.00172     0.390731    0.0482252
1998-06-09/18:44:57      285.780      16.8300      9.75000      115.000      4.13745     0.422618    0.0654464
1998-06-09/18:45:17      285.700      15.6000      10.0500      116.000      4.18389     0.438371    0.0656323
1998-06-09/18:45:38      285.700      14.4300      10.0700      122.000      3.03619     0.529919    0.0449393
1998-06-09/18:45:58      285.560      13.3700      10.3000      113.000      2.02531     0.390731    0.0325383
1998-06-09/18:46:18      285.640      12.1000      10.4400      120.000      3.57647     0.500000    0.0540583
1998-06-09/18:46:38      285.540      11.1300      10.7200      117.000      4.15842     0.453991    0.0646676
1998-06-09/18:46:58      285.780      9.98000      10.4100      110.000      3.45863     0.342020    0.0567241
1998-06-09/18:47:18      285.890      8.64000      10.2800      122.000      2.86821     0.529919    0.0424530
1998-06-09/18:47:38      285.690      7.40000      10.4000      113.000      1.92248     0.390731    0.0308863
1998-06-09/18:47:58      285.660      6.15000      9.99000      111.000      2.76042     0.358368    0.0449784
1998-06-09/18:48:18      285.850      4.93000      10.2700      115.000      3.34448     0.422618    0.0529032
1998-06-09/18:48:38      286.360      3.75000      10.8400      114.000      2.00852     0.406737    0.0320246
1998-06-09/18:48:58      286.640      2.62000      10.4600      116.000      3.56278     0.438371    0.0558890
1998-06-09/18:49:18      287.050      1.62000      10.3100      123.000      2.17132     0.544639    0.0317828
1998-06-09/18:49:38      287.530     0.460000      10.7600      122.000      2.48027     0.529919    0.0367110
1998-06-09/18:49:58      287.360    -0.960000      10.5800      115.000      3.00722     0.422618    0.0475684
1998-06-09/18:50:18      287.200     -2.16000      10.3100      114.000      2.26885     0.406737    0.0361754
1998-06-09/18:50:38      287.180     -3.28000      10.1900      109.000      2.83748     0.325568    0.0468253
1998-06-09/18:50:59      287.130     -4.45000      10.1500      107.000      2.72835     0.292372    0.0455380
1998-06-09/18:51:19      287.000     -5.64000      9.98000      96.0000      2.59171     0.104529    0.0449861
1998-06-09/18:51:39      286.660     -6.43000      9.91000      101.000      1.74878     0.190809    0.0299612
1998-06-09/18:51:59      287.160     -7.38000      10.2300      105.000      2.68027     0.258819    0.0451856
1998-06-09/18:52:19      287.580     -8.67000      11.3100      107.000      2.80513     0.292372    0.0468195
1998-06-09/18:52:40      287.770     -9.92000      11.4300      149.000      7.94116     0.857167    0.0713840
1998-06-09/18:53:00      287.900     -11.0700      8.73000      106.000      3.07495     0.275637    0.0515890
1998-06-09/18:53:20      287.670     -11.8100      12.2000      112.000      1.86436     0.374607    0.0301698
1998-06-09/18:53:39      287.490     -12.9500      11.8300      116.000      3.66487     0.438371    0.0574905
1998-06-09/18:53:59      287.730     -14.1300      10.9800      108.000      2.79788     0.309017    0.0464422
1998-06-09/18:54:19      287.980     -15.5600      11.7600      101.000      1.95756     0.190809    0.0335381
1998-06-09/18:54:39      288.360     -16.8200      12.0100      92.0000      2.18475    0.0348995    0.0381079
1998-06-09/18:55:00      287.120     -17.2100      10.5000      114.000      3.93486     0.406737    0.0627389
1998-06-09/18:55:20      287.010     -19.5100      15.6200      149.000      4.47552     0.857167    0.0402309
1998-06-09/18:58:00      284.700     -29.6800      15.4300      98.0000      3.65394     0.139173    0.0631526
1998-06-09/18:58:20      283.250     -29.8300      13.9800      91.0000      2.01692    0.0174525    0.0351965
1998-06-09/18:58:40      283.150     -33.1600      12.4800      101.000      2.66120     0.190809    0.0455933
1998-06-09/18:59:01      281.560     -35.8200      12.3800      128.000      3.07219     0.615661    0.0422530
1998-06-09/18:59:21      286.220     -33.2800      11.7600      145.000      7.68005     0.819152    0.0768834
1998-06-09/18:59:41      288.260     -33.5100      12.8300      113.000      2.53069     0.390731    0.0406577
1998-06-09/19:00:01      289.470     -34.2200      13.0200      118.000      3.42319     0.469472    0.0527525
1998-06-09/19:00:20      287.060     -35.3800      12.3700      110.000      3.67818     0.342020    0.0603248
1998-06-09/19:00:40      285.940     -36.9100      11.9400      92.0000      3.53082    0.0348995    0.0615869
1998-06-09/19:01:21      284.530     -38.5600      12.0600      99.0000      4.06312     0.156434    0.0700417
1998-06-09/19:01:41      284.660     -39.2700      11.9800      100.000      2.86438     0.173648    0.0492334
1998-06-09/19:02:01      283.380     -40.7900      11.7000      96.0000      3.64446     0.104529    0.0632594
1998-06-09/19:02:21      283.410     -42.4800      12.9200      100.000      2.68670     0.173648    0.0461794
1998-06-09/19:02:41      283.250     -43.5000      12.3000      96.0000      3.54596     0.104529    0.0615496
1998-06-09/19:03:02      283.850     -44.1200      11.7300      96.0000      3.49060     0.104529    0.0605887
1998-06-09/19:03:22      283.360     -45.2400      12.2600      92.0000      1.68126    0.0348995    0.0293256
1998-06-09/19:03:42      281.940     -46.5900      14.2800      107.000      3.33396     0.292372    0.0556460
1998-06-09/19:04:02      282.900     -47.4500      12.3900      103.000      2.73067     0.224951    0.0464377
1998-06-09/19:05:02      277.950     -52.2600      11.4700      97.0000      3.56556     0.121869    0.0617669
1998-06-10/00:29:56      271.620      39.7100      11.7300      97.0000      3.41076     0.121869    0.0590853
1998-06-10/00:30:55      279.520      37.1600      9.25000      102.000      2.85176     0.207912    0.0486850
1998-06-10/00:31:15      279.330      36.1500      14.1000      96.0000      3.59625     0.104529    0.0624226
1998-06-10/00:31:35      279.290      35.0800      13.0300      101.000      2.09172     0.190809    0.0358367
1998-06-10/00:31:55      278.810      33.9500      11.4100      99.0000      3.62819     0.156434    0.0625442
1998-06-10/00:32:16      278.420      32.9100      16.6600      96.0000      3.33394     0.104529    0.0578695
1998-06-10/00:32:36      278.060      32.0100      15.1800      103.000      2.99630     0.224951    0.0509550
1998-06-10/00:32:56      279.310      31.1300      10.7900      123.000      2.17132     0.544639    0.0317828
1998-06-10/00:33:16      279.740      29.6500      12.8000      97.0000      3.41076     0.121869    0.0590853
1998-06-10/00:33:37      278.800      28.8900      14.2000      119.000      3.42648     0.484810    0.0523052
1998-06-10/00:33:57      279.470      28.2100      12.9200      109.000      2.97829     0.325568    0.0491490
1998-06-10/00:34:17      279.010      27.1700      13.5300      106.000      2.94420     0.275637    0.0493954
1998-06-10/00:34:37      277.570      26.4000      13.4200      105.000      2.85935     0.258819    0.0482046
1998-06-10/05:19:41      95.2400     -59.2100      10.9100      74.0000      3.75271     0.275637    0.0629599
1998-06-10/05:20:01      96.4300     -58.4000      14.1500      71.0000      3.20879     0.325568    0.0529528
1998-06-10/05:20:22      96.7800     -57.1400      16.9800      74.0000      5.24147     0.275637    0.0879371
1998-06-10/05:20:42      97.0200     -56.0500      15.2200      77.0000      3.13465     0.224951    0.0533077
1998-06-10/05:21:02      97.0800     -55.1600      12.1100      68.0000      2.47319     0.374607    0.0400222
1998-06-10/05:21:22      97.8800     -54.0300      12.8300      73.0000      2.94420     0.292372    0.0491407
1998-06-10/05:21:42      98.0800     -52.9800      12.8500      57.0000      2.26089     0.544639    0.0330939
1998-06-10/05:24:22      98.8100     -43.5100      13.6500      70.0000      3.32780     0.342020    0.0545784
1998-06-10/05:24:43      98.5100     -42.3100      13.9600      68.0000      2.59786     0.374607    0.0420396
1998-06-10/05:25:03      98.9000     -41.1700      14.4400      65.0000      3.55449     0.422618    0.0562251
1998-06-10/05:25:22      100.030     -40.0200      14.4900      67.0000      2.03620     0.390731    0.0327133
1998-06-10/05:25:42      101.130     -39.0500      13.7200      75.0000      3.45956     0.258819    0.0583233
1998-06-10/05:31:24      103.500     -20.0400      13.2800      63.0000      3.12038     0.453990    0.0485250
1998-06-10/05:31:44      103.510     -18.7900      12.8400      49.0000      3.52345     0.656059    0.0464115
1998-06-10/05:32:05      103.450     -17.6600      12.5900      28.0000      8.15132     0.882948    0.0667905
1998-06-10/05:32:25      103.610     -16.6500      12.0400      70.0000      2.34075     0.342020    0.0383900
1998-06-10/05:32:45      103.640     -15.5500      11.2100      65.0000      1.94222     0.422618    0.0307221
1998-06-10/05:33:05      103.500     -14.4900      12.1800      68.0000      2.04548     0.374607    0.0331008
1998-06-10/05:33:24      103.250     -13.5300      11.7500      61.0000      2.91367     0.484810    0.0444772
1998-06-10/05:33:44      102.980     -12.3600      12.0700      62.0000      4.65407     0.469472    0.0717208
1998-06-10/05:34:04      102.800     -11.2200      12.5700      63.0000      3.66487     0.453990    0.0569924
1998-06-10/05:34:24      102.930     -10.0700      12.7600      61.0000      2.91367     0.484810    0.0444772
1998-06-10/07:24:29      100.240     -35.7600      12.4400      79.0000      3.53087     0.190809    0.0604931
1998-06-10/07:24:50      100.310     -34.5700      12.5000      72.0000      4.01054     0.309017    0.0665712
1998-06-10/07:25:10      100.390     -33.4600      12.4100      67.0000      1.52115     0.390731    0.0244386
1998-06-10/07:25:30      100.530     -32.3500      12.6700      35.0000      5.07259     0.819152    0.0507807
1998-06-10/07:25:50      100.640     -31.1700      12.7000      50.0000      4.60242     0.642788    0.0615343
1998-06-10/07:26:11      100.620     -30.0700      12.6100      58.0000      2.80403     0.529919    0.0415031
1998-06-10/07:26:31      100.510     -28.9500      12.5200      62.0000      3.85261     0.469472    0.0593700
1998-06-10/07:26:51      100.500     -27.8100      12.5300      64.0000      2.78826     0.438371    0.0437392
1998-06-10/07:27:10      100.600     -26.7600      12.6100      69.0000      3.00121     0.358368    0.0489019
1998-06-10/07:27:30      100.800     -25.6900      12.4400      60.0000      3.29344     0.500000    0.0497803
1998-06-10/07:27:50      100.850     -24.6400      12.4600      66.0000      1.97323     0.406737    0.0314619
1998-06-10/07:28:10      100.770     -23.5600      12.6400      58.0000      2.69424     0.529919    0.0398781
1998-06-10/07:28:31      100.790     -22.3600      13.0800      55.0000      1.99801     0.573576    0.0285654
1998-06-10/07:28:51      100.960     -21.1800      13.1900      63.0000      3.56278     0.453990    0.0554048
1998-06-10/07:29:11      101.150     -20.0000      12.3400      59.0000      3.88265     0.515038    0.0580860
1998-06-10/07:29:31      101.450     -18.8900      12.4900      63.0000      2.35343     0.453990    0.0365982
1998-06-10/07:29:51      101.590     -17.7300      12.5500      65.0000      2.17026     0.422618    0.0343293
1998-06-10/07:30:11      101.670     -16.6700      12.6400      60.0000      2.94180     0.500000    0.0444653
1998-06-10/07:30:32      101.710     -15.6700      12.7100      57.0000      3.03619     0.544639    0.0444424
1998-06-10/07:30:52      101.760     -14.6700      12.7200      58.0000      3.18689     0.529919    0.0471699
1998-06-10/07:31:11      101.650     -13.6900      12.8800      62.0000      4.65407     0.469472    0.0717208
1998-06-10/07:31:31      101.570     -12.6500      12.8800      67.0000      2.39763     0.390731    0.0385199
1998-06-10/07:31:51      101.540     -11.5600      12.6600      67.0000      1.47353     0.390731    0.0236735
1998-06-10/07:32:11      101.490     -10.3600      12.6600      67.0000      1.98706     0.390731    0.0319238
1998-06-10/07:32:32      101.570     -9.22000      12.9300      59.0000      2.75537     0.515038    0.0412214
1998-06-10/07:32:52      101.610     -8.13000      13.0800      53.0000      5.06650     0.601815    0.0706210
1998-06-10/07:33:12      101.660     -7.09000      13.0100      53.0000      7.12940     0.601815    0.0993754
1998-06-10/07:33:32      101.610     -5.96000      13.0500      66.0000      6.73520     0.406737     0.107389
1998-06-10/07:33:51      101.650     -4.95000      12.7200      61.0000      4.21409     0.484810    0.0643281
1998-06-10/07:34:11      101.750     -4.03000      12.6500      67.0000      1.81141     0.390731    0.0291018
1998-06-10/07:34:32      101.750     -2.95000      13.0900      63.0000      2.61791     0.453990    0.0407111
1998-06-10/09:26:58      99.0200     -20.1200      13.2200      53.0000      2.65970     0.601815    0.0370731
1998-06-10/09:27:18      99.2300     -18.9500      13.0500      56.0000      1.76984     0.559193    0.0256086
1998-06-10/09:27:37      99.3000     -17.9600      13.1700      57.0000      2.40317     0.544639    0.0351766
1998-06-10/09:27:57      99.4100     -16.8300      13.5600      51.0000      4.88513     0.629320    0.0662607
1998-06-10/09:28:18      99.4600     -15.7400      13.1100      60.0000      3.85064     0.500000    0.0582024
1998-06-10/09:28:38      99.4900     -14.7500      13.3300      59.0000      3.57647     0.515038    0.0535054
1998-06-10/09:28:58      99.2700     -13.7300      13.4000      41.0000      13.2013     0.754710     0.151160
1998-06-10/09:29:18      98.9500     -12.6200      13.5500      47.0000      4.32215     0.681998    0.0551702
1998-06-10/09:29:38      98.8100     -11.5300      13.3300      34.0000      6.82253     0.829038    0.0665862
1998-06-10/09:29:58      98.7400     -10.4000      13.5000      59.0000      4.89963     0.515038    0.0733004
1998-06-10/09:30:19      98.8000     -9.39000      13.4600      64.0000      2.69276     0.438371    0.0422411
1998-06-10/09:30:39      98.9100     -8.34000      13.1000      57.0000      2.81476     0.544639    0.0412012
1998-06-10/09:30:59      99.0300     -7.24000      13.1000      57.0000      2.26089     0.544639    0.0330939
1998-06-10/09:31:19      99.2200     -6.18000      13.2000      52.0000      8.22300     0.615661     0.113094
1998-06-10/09:32:59      99.4600    -0.830000      13.1700      52.0000      4.13394     0.615661    0.0568557
1998-06-10/09:33:19      99.3900     0.210000      13.2300      55.0000      4.16840     0.573576    0.0595952
1998-06-10/09:33:39      99.4700      1.21000      14.4600      55.0000      4.16840     0.573576    0.0595952
1998-06-10/09:33:59      99.4700      2.37000      16.8500      65.0000      20.2240     0.422618     0.319904
1998-06-10/09:34:20      99.4800      3.40000      16.4600      61.0000      2.62505     0.484810    0.0400714
1998-06-10/09:34:40      99.4700      4.53000      15.2400      62.0000      4.56993     0.469472    0.0704242
1998-06-10/09:35:00      99.4400      5.64000      15.7300      65.0000      3.37699     0.422618    0.0534174
1998-06-10/09:35:20      99.2700      6.66000      14.9600      68.0000      2.37731     0.374607    0.0384706
1998-06-10/09:35:39      99.0400      7.61000      14.5700      67.0000      1.68015     0.390731    0.0269930
1998-06-10/09:35:59      98.8800      8.73000      18.4500      46.0000      2.81077     0.694658    0.0352888
1998-06-10/09:36:19      98.7900      9.87000      17.7900      44.0000      9.27146     0.719340     0.112408
1998-06-10/09:36:40      98.7100      10.9700      16.1800      65.0000      3.55449     0.422618    0.0562251
1998-06-10/09:37:00      98.8300      12.0400      15.3100      59.0000      21.9826     0.515038     0.328868
1998-06-10/09:37:20      98.4900      13.1400      14.7500      30.0000      9.63519     0.866025    0.0840829
1998-06-10/09:39:41      96.3400      21.5200      14.3400      67.0000      17.4097     0.390731     0.279702
1998-06-10/09:40:01      96.2900      22.5100      15.0700      29.0000      17.1298     0.874620     0.144944
1998-06-10/09:42:02      94.9600      29.2900      14.9800      61.0000      3.01293     0.484810    0.0459924
1998-06-10/09:42:21      94.6000      30.5100      14.0400      60.0000      3.07917     0.500000    0.0465416
1998-06-10/09:42:41      94.2800      31.6700      14.6900      67.0000      1.90709     0.390731    0.0306390
1998-06-10/09:43:01      93.8500      32.8100      14.0200      76.0000      2.73067     0.241922    0.0462435
1998-06-10/09:43:21      93.5100      33.9300      15.2800      69.0000      3.45863     0.358368    0.0563551
1998-06-10/09:43:42      93.1200      35.0000      17.4200      61.0000      2.91367     0.484810    0.0444772
1998-06-10/09:44:02      92.0200      36.1800      13.3500      65.0000      1.94222     0.422618    0.0307221
1998-06-10/11:20:44      98.4700     -34.0900      15.1300      59.0000      4.89963     0.515038    0.0733004
1998-06-10/11:21:04      98.3300     -33.1100      15.5200      58.0000      4.08844     0.529919    0.0605139
1998-06-10/11:21:23      98.3200     -32.1300      12.7600      71.0000      2.85097     0.325568    0.0470479
1998-06-10/11:21:43      98.3800     -31.1200      14.1600      72.0000      8.50490     0.309017     0.141173
1998-06-10/11:22:03      98.2400     -29.9700      15.3000      69.0000      2.55790     0.358368    0.0416786
1998-06-10/11:22:23      98.3300     -29.0000      9.67000      74.0000      2.85935     0.275637    0.0479718
1998-06-10/11:22:44      98.4800     -28.0100      17.9000      57.0000      5.22966     0.544639    0.0765495
1998-06-10/11:23:04      98.3300     -26.9500      15.6700      65.0000      2.74282     0.422618    0.0433861
1998-06-10/11:23:24      98.4400     -25.8900      17.0700      66.0000      2.10025     0.406737    0.0334872
1998-06-10/11:23:44      98.2600     -25.1500      11.9900      74.0000      3.75271     0.275637    0.0629599
1998-06-10/11:24:04      97.7900     -24.4300      14.6100      56.0000      3.47125     0.559193    0.0502270
1998-06-10/11:24:25      97.4100     -23.0200      16.1000      73.0000      4.88163     0.292372    0.0814777
1998-06-10/11:24:45      96.4100     -22.7000      14.4000      61.0000      3.42319     0.484810    0.0522550
1998-06-10/11:25:05      97.1800     -21.5600      13.6500      85.0000      5.42306    0.0871558    0.0942901
1998-06-10/11:25:24      97.9400     -20.5300      14.1100      65.0000      3.21946     0.422618    0.0509256
1998-06-10/11:25:44      98.7000     -19.3500      12.4600      66.0000      3.89541     0.406737    0.0621099
1998-06-10/11:26:04      98.7800     -18.2700      10.8600      65.0000      2.54404     0.422618    0.0402418
1998-06-10/11:26:24      98.1400     -16.8100      14.5200      61.0000      21.8068     0.484810     0.332881
1998-06-10/11:26:45      98.3500     -15.8300      15.6300      63.0000      4.03187     0.453990    0.0626996
1998-06-10/11:27:05      97.5400     -14.7900      14.1000      56.0000      3.63904     0.559193    0.0526549
1998-06-10/11:27:25      97.5800     -13.5000      13.2400      76.0000      2.53537     0.241922    0.0429361
1998-06-10/11:27:45      98.2800     -12.5900      12.7200      64.0000      2.78826     0.438371    0.0437392
1998-06-10/11:28:04      98.3400     -11.3600      14.8300      65.0000      2.54404     0.422618    0.0402418
1998-06-10/11:28:25      98.0500     -10.4500      15.3600      59.0000      3.34165     0.515038    0.0499924
1998-06-10/11:28:45      98.3600     -9.17000      15.5000      64.0000      2.90088     0.438371    0.0455059
1998-06-10/11:29:05      98.4800     -7.93000      14.9900      65.0000      2.54404     0.422618    0.0402418
1998-06-10/11:29:25      98.6400     -6.58000      15.2800      56.0000      3.03702     0.559193    0.0439440
1998-06-10/11:29:45      98.9100     -5.68000      15.5300      56.0000      3.47125     0.559193    0.0502270
1998-06-10/11:30:05      99.0500     -4.71000      15.0700      37.0000      29.0452     0.798635     0.305081
1998-06-10/11:30:25      99.2800     -3.82000      14.9100      26.0000      6.35087     0.898794    0.0485906
1998-06-10/11:31:26      99.8800    -0.190000      14.9500      56.0000      4.58978     0.559193    0.0664115
1998-06-10/11:31:46      99.8900     0.560000      14.3900      49.0000      3.52345     0.656059    0.0464115
1998-06-10/11:32:05      99.9200      1.66000      13.6700      43.0000      24.0070     0.731354     0.285758
1998-06-10/11:32:26      99.9700      2.80000      13.2500      46.0000      8.10068     0.694658     0.101703
1998-06-10/11:32:46      100.060      4.00000      13.5100      61.0000      4.34637     0.484810    0.0663473
1998-06-10/11:33:06      100.140      5.22000      14.1100      27.0000      5.27969     0.891007    0.0418343
1998-06-10/11:33:26      99.9900      6.56000      14.2300      61.0000      7.99793     0.484810     0.122088
1998-06-10/11:33:46      99.7400      7.47000      13.9300      64.0000      4.53078     0.438371    0.0710740
1998-06-10/11:34:07      99.6700      8.64000      13.9400      54.0000      6.42706     0.587785    0.0907502
1998-06-10/11:34:27      99.6500      9.75000      14.5700      40.0000      6.00063     0.766044    0.0673196
1998-06-10/11:34:47      99.7300      10.8200      14.4800      17.0000      13.1627     0.956305    0.0671673
1998-06-10/11:35:47      99.1600      14.3600      14.3500      14.0000      12.4939     0.970296    0.0527534
1998-06-10/11:36:07      98.8600      15.5200      14.2700      23.0000      9.61214     0.920505    0.0655504
1998-06-10/11:36:27      98.4700      16.9000      14.3200      9.00000      9.93572     0.987688    0.0271275
1998-06-10/11:36:47      98.3600      18.2500      14.5600      27.0000      8.47223     0.891007    0.0671308
1998-06-10/11:37:07      98.6400      19.5000      14.7200      51.0000      8.38080     0.629320     0.113675
1998-06-10/11:38:08      99.0000      22.5900      14.7000      31.0000      32.7620     0.857167     0.294501
1998-06-10/11:38:28      99.0500      23.7300      14.5500      31.0000      6.63263     0.857167    0.0596214
1998-06-10/11:38:47      98.9700      24.8800      14.2900      55.0000      6.29588     0.573576    0.0900116
1998-06-10/11:39:07      98.8200      26.1700      14.2100      57.0000      7.74172     0.544639     0.113320
1998-06-10/11:39:27      98.8000      27.4600      14.1000      62.0000      2.58715     0.469472    0.0398689
1998-06-10/11:39:47      98.2600      28.7100      14.2900      67.0000      1.68015     0.390731    0.0269930
1998-06-10/11:40:08      98.1000      29.7700      14.6900      66.0000      2.10025     0.406737    0.0334872
1998-06-10/11:40:28      97.8000      30.8200      14.6800      52.0000      2.82921     0.615661    0.0389112
1998-06-10/11:40:48      97.3100      32.0300      13.8400      65.0000      2.74282     0.422618    0.0433861
1998-06-10/11:41:08      96.8300      33.0300      13.4600      43.0000      3.38449     0.731354    0.0402860
1998-06-10/11:41:29      96.4100      34.4100      13.4900      38.0000      4.45813     0.788011    0.0479040
1998-06-10/11:41:49      95.8900      35.6300      13.5800      47.0000      3.16030     0.681998    0.0403397
1998-06-10/11:42:09      94.8100      36.9800      13.5300      64.0000      3.88985     0.438371    0.0610197
1998-06-10/11:42:29      94.0600      37.9700      13.5600      70.0000      3.04196     0.342020    0.0498904
1998-06-10/11:42:48      93.2100      39.1500      13.5200      55.0000      2.94981     0.573576    0.0421731
1998-06-10/11:43:08      92.7800      39.9800      13.5600      62.0000      4.15842     0.469472    0.0640827
1998-06-10/11:43:28      92.4500      40.8700      13.4600      65.0000      7.39356     0.422618     0.116952
1998-06-10/13:18:49      97.9500     -33.1800      13.3700      47.0000      4.84587     0.681998    0.0618553
1998-06-10/13:19:10      98.3700     -31.9800      13.4000      66.0000      17.3017     0.406737     0.275865
1998-06-10/13:19:30      98.4600     -31.0000      13.3800      31.0000      4.09112     0.857167    0.0367755
1998-06-10/13:19:50      98.1300     -30.1900      13.4900      58.0000      3.23298     0.529919    0.0478521
1998-06-10/13:20:10      97.8900     -28.8300      13.6400      67.0000      2.15767     0.390731    0.0346648
1998-06-10/13:20:31      97.7800     -27.1600      13.6500      63.0000      3.12038     0.453990    0.0485250
1998-06-10/13:20:51      98.5700     -26.0500      13.7000      47.0000      3.84916     0.681998    0.0491327
1998-06-10/13:21:11      97.8600     -25.6000      13.7100      61.0000      3.42319     0.484810    0.0522550
1998-06-10/13:21:31      97.7200     -23.7800      13.8000      57.0000      2.48027     0.544639    0.0363051
1998-06-10/13:21:50      97.6600     -22.9000      13.7800      59.0000      3.24624     0.515038    0.0485650
1998-06-10/13:22:10      97.0700     -22.1000      14.0100      65.0000      2.63779     0.422618    0.0417247
1998-06-10/13:22:30      96.4300     -21.4800      14.0200      68.0000      2.66344     0.374607    0.0431009
1998-06-10/13:22:50      95.8400     -20.6900      13.7500      70.0000      2.90309     0.342020    0.0476128
1998-06-10/13:23:11      95.4100     -19.3900      13.7600      68.0000      1.97620     0.374607    0.0319797
1998-06-10/13:23:31      95.9300     -18.3100      13.7400      72.0000      3.13206     0.309017    0.0519893
1998-06-10/13:23:51      96.3200     -17.7400      13.5500      64.0000      2.69276     0.438371    0.0422411
1998-06-10/13:24:32      97.4500     -14.5100      13.6500      61.0000      2.81502     0.484810    0.0429713
1998-06-10/13:24:52      97.4000     -14.0600      13.7100      58.0000      2.49214     0.529919    0.0368867
1998-06-10/13:25:12      97.4600     -12.9600      13.7300      52.0000      5.17975     0.615661    0.0712391
1998-06-10/13:25:32      97.3100     -11.8800      13.7500      43.0000      3.54875     0.731354    0.0422412
1998-06-10/13:25:51      97.1400     -10.7800      13.8700      66.0000      1.74178     0.406737    0.0277716
1998-06-10/13:26:12      96.6600     -9.94000      13.8300      61.0000      2.71868     0.484810    0.0415006
1998-06-10/13:26:32      96.1800     -9.18000      13.6900      56.0000      2.43576     0.559193    0.0352441
1998-06-10/13:26:52      96.2500     -8.04000      13.7600      67.0000      6.37525     0.390731     0.102424
1998-06-10/13:27:12      96.6900     -6.58000      13.7100      39.0000      5.62951     0.777146    0.0618329
1998-06-10/13:27:32      97.1600     -5.41000      13.7800      33.0000      8.26028     0.838671    0.0785201
1998-06-10/13:27:52      97.2400     -4.39000      13.7300      67.0000      1.94513     0.390731    0.0312501
1998-06-10/13:28:12      97.0800     -3.37000      13.6100      64.0000      4.36896     0.438371    0.0685355
1998-06-10/13:28:33      97.1800     -2.05000      13.5400      76.0000      2.17751     0.241922    0.0368758
1998-06-10/13:28:53      97.3100    -0.690000      13.5700      78.0000      1.56173     0.207912    0.0266617
1998-06-10/13:29:13      97.1400     0.290000      13.8400      68.0000      22.2732     0.374607     0.360434
1998-06-10/13:29:33      97.1100      1.69000      13.8000      28.0000      37.2472     0.882948     0.305197
1998-06-10/13:29:52      98.0700      2.05000      13.8500      53.0000      3.78039     0.601815    0.0526942
1998-06-10/13:31:34      97.9400      7.92000      13.8700      20.0000      15.5221     0.939693    0.0926573
1998-06-10/13:31:54      98.2900      8.67000      13.0000      28.0000      11.8040     0.882948    0.0967199
1998-06-10/13:32:54      97.7800      11.9600      13.0200      56.0000      11.5901     0.559193     0.167702
1998-06-10/13:33:14      97.8100      12.9000      13.0600      37.0000      5.45848     0.798635    0.0573340
1998-06-10/13:33:34      97.8900      13.9100      13.1800      57.0000      4.21993     0.544639    0.0617695
1998-06-10/13:33:54      97.6600      15.1100      13.2400      41.0000      26.7062     0.754710     0.305796
1998-06-10/13:34:14      96.9500      16.3900      13.0300      23.0000      7.78597     0.920505    0.0530968
1998-06-10/13:34:34      96.3200      18.0900      11.8400      28.0000      7.57699     0.882948    0.0620845
1998-06-10/13:34:54      95.8200      19.7100      12.5900      46.0000      26.9050     0.694658     0.337788
1998-06-10/13:35:14      96.1400      20.9400      13.3300      32.0000      30.4102     0.848048     0.281259
1998-06-10/13:35:35      95.8300      22.1100      13.4700      66.0000      2.10025     0.406737    0.0334872
1998-06-10/13:35:55      95.0700      22.8000      13.1800      15.0000      8.55811     0.965926    0.0386591
1998-06-10/13:36:15      94.5600      23.2900      12.9900      67.0000      17.4097     0.390731     0.279702
1998-06-10/13:36:34      95.3700      23.8900      12.5300      30.0000      6.72635     0.866025    0.0586985
1998-06-10/13:36:54      94.4500      25.0600      12.2700      12.0000      10.2253     0.978148    0.0371050
1998-06-10/13:37:14      95.0100      26.1700      13.2800      54.0000      3.61859     0.587785    0.0510945
1998-06-10/13:37:35      94.7200      27.5000      13.9000      52.0000      4.95410     0.615661    0.0681356
1998-06-10/13:37:55      95.3300      28.9000      13.4300      44.0000      4.39715     0.719340    0.0533114
1998-06-10/13:38:15      93.9000      30.4900      11.8700      63.0000      3.77145     0.453990    0.0586498
1998-06-10/13:38:35      92.8200      32.1100      9.54000      65.0000      2.00852     0.422618    0.0317709
1998-06-10/13:38:55      93.0700      33.0800      14.1700      67.0000      1.68015     0.390731    0.0269930
1998-06-10/13:39:16      93.1400      33.6200      13.5800      69.0000      2.12442     0.358368    0.0346154
1998-06-10/13:39:36      91.6000      35.0900      11.9300      62.0000      2.93155     0.469472    0.0451762
1998-06-10/13:39:56      90.1900      36.1300      13.7400      65.0000      2.17026     0.422618    0.0343293
1998-06-10/13:40:16      90.4000      36.2200      12.9200      72.0000      3.22839     0.309017    0.0535883
1998-06-10/13:40:37      87.9800      37.4300      13.7300      63.0000      4.46577     0.453990    0.0694472
1998-06-10/13:40:57      84.2800      38.7600      15.7800      77.0000      2.36358     0.224951    0.0401950
1998-06-10/16:38:35      275.740     -36.5700      14.7000      40.0000      9.19840     0.766044     0.103195
1998-06-10/16:38:55      276.310     -37.4900      13.8400      38.0000      12.3312     0.788011     0.132503
1998-06-10/16:39:15      277.290     -38.7400      13.3500      38.0000      11.8649     0.788011     0.127492
1998-06-10/16:39:35      277.840     -40.3600      12.5200      43.0000      10.3125     0.731354     0.122751
1998-06-10/17:40:08      84.3800      46.6600      12.6600      128.000      5.42834     0.615661    0.0746580
1998-06-10/17:41:49      83.2500      54.7100      13.3500      120.000      3.34165     0.500000    0.0505090
1998-06-10/17:42:09      85.6400      55.7900      13.5700      118.000      3.42319     0.469472    0.0527525
1998-06-10/17:42:29      82.3500      57.2100      12.9200      118.000      2.71868     0.469472    0.0418958
1998-06-10/17:43:10      72.7500      61.5200      13.1500      133.000      3.09065     0.681998    0.0394507
1998-06-10/17:43:30      83.2700      60.9000      13.5200      118.000      2.71868     0.469472    0.0418958
1998-06-10/17:43:50      80.6100      61.9100      12.4500      120.000      2.46330     0.500000    0.0372328
1998-06-10/17:44:09      85.4100      62.5700      15.2100      108.000      3.12735     0.309017    0.0519111
1998-06-10/17:44:29      81.5500      64.6400      14.5700      120.000      2.87450     0.500000    0.0434480
1998-06-10/17:44:50      80.9100      65.7600      12.5600      119.000      2.64246     0.484810    0.0403371
1998-06-10/17:45:10      84.5100      66.2400      13.5400      118.000      3.01293     0.469472    0.0464303
1998-06-10/17:45:30      85.7100      67.0400      13.3600      105.000      3.60824     0.258819    0.0608298
1998-06-10/17:45:50      88.6100      67.3700      12.0200      130.000      4.50733     0.642788    0.0602630
1998-06-10/20:09:23      274.720      38.8100      13.0800      97.0000      3.92587     0.121869    0.0680086
1998-06-10/20:09:43      272.930      37.9800      13.1000      105.000      3.75271     0.258819    0.0632654
1998-06-10/20:10:02      271.320      37.3200      13.6700      120.000      2.97762     0.500000    0.0450067
1998-06-10/20:10:22      269.430      36.4100      21.8200      106.000      3.07495     0.275637    0.0515890
1998-06-10/20:10:42      268.170      35.6300      23.0900      111.000      2.04548     0.358368    0.0333292
1998-06-10/20:11:03      268.660      34.7900      17.5300      112.000      1.61897     0.374607    0.0261988
1998-06-10/20:11:23      268.720      33.8400      17.7900      111.000      2.01220     0.358368    0.0327869
1998-06-10/20:11:43      270.210      32.7500      15.1000      111.000      2.04548     0.358368    0.0333292
1998-06-10/20:12:03      271.770      31.4000      13.2000      109.000      2.90309     0.325568    0.0479080
1998-06-10/20:12:23      272.200      29.6600      14.4900      117.000      3.71922     0.453991    0.0578376
1998-06-10/20:12:43      271.490      28.1800      15.3800      99.0000      3.25690     0.156434    0.0561438
1998-06-10/20:13:03      271.780      27.0200      13.5500      102.000      2.36358     0.207912    0.0403508
1998-06-10/20:13:23      271.950      25.6800      11.7100      102.000      2.97429     0.207912    0.0507768
1998-06-10/20:14:03      271.910      22.4100      12.8000      99.0000      24.3528     0.156434     0.419804
1998-06-10/20:14:23      270.460      21.2800      13.4500      133.000      4.74620     0.681998    0.0605830
1998-06-10/20:14:43      271.840      21.5400      14.9000      100.000      3.53087     0.173648    0.0606891
1998-06-10/20:15:04      271.080      21.1600      15.0200      116.000      3.12038     0.438371    0.0489491
1998-06-10/20:15:24      268.270      20.6800      15.5600      119.000      2.22720     0.484810    0.0339982
1998-06-10/20:29:27      266.730     -18.5300      14.7500      50.0000      4.96968     0.642788    0.0664446
1998-06-10/20:29:47      270.060     -20.9600      14.7900      54.0000      4.06454     0.587785    0.0573913
1998-06-10/20:30:08      270.810     -23.4000      13.7900      61.0000      6.39865     0.484810    0.0976754
1998-06-10/20:30:28      274.120     -25.9300      13.3800      66.0000      3.00172     0.406737    0.0478606
1998-06-10/20:30:48      271.920     -27.6600      13.4100      74.0000      4.56806     0.275637    0.0766392
1998-06-10/20:31:08      270.430     -28.3900      13.4600      96.0000      5.33106     0.104529    0.0925348
1998-06-10/20:31:27      269.230     -29.0100      13.6400      79.0000      3.55340     0.190809    0.0608791
1998-06-10/20:31:47      267.390     -29.7100      13.9900      71.0000      5.69753     0.325568    0.0940230
1998-06-10/20:32:08      266.760     -30.3900      13.8700      66.0000      1.92248     0.406737    0.0306527
1998-06-10/20:32:28      267.850     -32.2200      13.0600      69.0000      2.39465     0.358368    0.0390186
1998-06-10/20:32:48      268.470     -33.5200      11.1800      73.0000      2.76827     0.292372    0.0462043
1998-06-10/20:33:08      266.070     -33.8200      12.0700      65.0000      2.46245     0.422618    0.0389512
1998-06-10/20:33:28      265.450     -34.1500      13.4800      66.0000      1.74178     0.406737    0.0277716
1998-06-10/20:33:48      265.610     -34.7700      13.6400      66.0000      1.74178     0.406737    0.0277716
1998-06-10/20:34:08      264.050     -35.3500      13.4100      64.0000      2.69276     0.438371    0.0422411
1998-06-10/20:34:28      266.840     -37.0300      13.6200      63.0000      3.56278     0.453990    0.0554048
1998-06-10/20:34:48      267.090     -38.1400      13.6300      64.0000      2.90088     0.438371    0.0455059
1998-06-10/20:35:08      268.160     -39.4200      13.7900      61.0000      2.81502     0.484810    0.0429713
1998-06-10/20:35:28      268.820     -40.5400      13.9600      61.0000      3.10994     0.484810    0.0474732
1998-06-10/20:35:48      268.590     -41.4200      13.8400      60.0000      3.29344     0.500000    0.0497803
1998-06-10/20:36:08      269.080     -42.4600      13.6800      57.0000      2.81476     0.544639    0.0412012
1998-06-10/20:36:29      269.260     -43.4800      13.6400      58.0000      3.67335     0.529919    0.0543701
1998-06-10/20:40:10      261.800     -55.5300      13.8700      59.0000      3.05288     0.515038    0.0456723
1998-06-10/20:40:30      261.000     -56.6500      14.2200      62.0000      3.16633     0.469472    0.0487942
1998-06-10/20:40:50      258.690     -57.7500      14.2200      54.0000      2.41496     0.587785    0.0340993
1998-06-10/20:41:10      256.620     -58.9100      13.8900      56.0000      2.17132     0.559193    0.0314178
1998-06-10/20:41:30      258.690     -60.0800      13.5800      58.0000      2.80403     0.529919    0.0415031
1998-06-10/20:42:30      246.650     -62.8700      13.3700      52.0000      4.46316     0.615661    0.0613835
1998-06-10/20:42:50      249.660     -64.2600      13.4200      50.0000      4.78361     0.642788    0.0639569
1998-06-10/20:43:10      241.910     -64.4400      13.7000      57.0000      3.33634     0.544639    0.0488359
1998-06-10/21:13:58      89.4700     -22.7600      13.9200      117.000      2.81654     0.453991    0.0438000
1998-06-10/21:14:17      92.8900     -21.0100      13.8000      122.000      2.09344     0.529919    0.0309855
1998-06-10/21:14:38      94.6000     -19.0200      13.3500      116.000      2.35343     0.438371    0.0369181
1998-06-10/21:14:58      94.2900     -17.0300      13.3300      124.000      1.94146     0.559193    0.0280918
1998-06-10/21:15:18      93.6500     -15.2700      13.3800      136.000      3.25040     0.719340    0.0394081
1998-06-10/21:15:38      92.4900     -14.0400      13.5400      131.000      3.31843     0.656059    0.0437109
1998-06-10/21:15:58      92.7200     -13.3400      13.5100      130.000      2.86654     0.642788    0.0383256
1998-06-10/21:16:18      92.3200     -13.0200      13.5200      122.000      2.19844     0.529919    0.0325396
1998-06-10/21:16:38      90.3000     -12.5700      13.5800      120.000      2.39210     0.500000    0.0361566
1998-06-10/21:33:42      81.3500      40.5100      13.6900      114.000      2.17026     0.406737    0.0346034
1998-06-10/21:34:02      80.1600      41.8600      13.6300      108.000      2.79788     0.309017    0.0464422
1998-06-10/21:35:01      78.5500      45.8800      13.4900      111.000      2.32941     0.358368    0.0379555
1998-06-10/21:36:42      79.5800      50.6700      13.6100      119.000      2.64246     0.484810    0.0403371
1998-06-10/21:37:03      77.4100      51.9500      13.6900      116.000      2.85385     0.438371    0.0447681
1998-06-10/21:37:23      83.6300      53.1900      13.6800      111.000      2.76042     0.358368    0.0449784
1998-06-10/21:37:43      84.2800      53.7300      13.7700      111.000      2.53204     0.358368    0.0412572
1998-06-10/21:38:03      85.5100      54.7700      13.8900      105.000      4.18673     0.258819    0.0705824
1998-06-10/21:38:22      85.6300      55.8400      13.9500      108.000      3.59103     0.309017    0.0596077
1998-06-10/21:38:42      87.1600      57.1200      13.9800      104.000      3.37305     0.241922    0.0571221
1998-06-10/21:39:02      85.5100      58.4700      14.0600      102.000      2.45751     0.207912    0.0419544
1998-06-10/22:06:29      262.360      45.3500      14.0900      62.0000      4.00009     0.469472    0.0616428
1998-06-10/22:06:49      270.280      42.8700      14.1600      58.0000      2.86288     0.529919    0.0423742
1998-06-10/22:07:29      278.940      41.2200      14.1100      53.0000      3.91933     0.601815    0.0546308
1998-06-10/22:07:49      281.980      41.2500      13.8600      49.0000      3.76166     0.656059    0.0495492
1998-06-10/22:08:09      284.940      39.8600      13.6600      55.0000      1.99801     0.573576    0.0285654
1998-06-10/22:33:35      269.910     -40.8900      13.9700      44.0000      2.52047     0.719340    0.0305584
1998-06-10/22:33:55      270.340     -41.6900      13.9600      39.0000      6.63463     0.777146    0.0728729
1998-06-10/22:34:15      270.190     -43.1100      13.8500      40.0000      6.24757     0.766044    0.0700900
1998-06-10/22:34:36      271.880     -44.9300      13.8400      49.0000      5.12876     0.656059    0.0675569
1998-06-10/22:34:56      270.330     -46.4800      13.9700      52.0000      4.74053     0.615661    0.0651983
1998-06-10/22:35:16      268.390     -47.4600      14.0100      58.0000      3.75244     0.529919    0.0555407
1998-06-10/22:35:36      270.200     -48.5500      13.8800      62.0000      4.45875     0.469472    0.0687109
1998-06-10/22:35:55      267.670     -49.4500      14.0900      60.0000      4.29604     0.500000    0.0649346
1998-06-10/22:36:16      266.620     -50.4200      13.7900      60.0000      3.57206     0.500000    0.0539917
1998-06-10/22:36:36      266.370     -51.4800      13.7900      59.0000      3.24624     0.515038    0.0485650
1998-06-10/22:36:56      266.340     -52.9000      13.6200      66.0000      2.64073     0.406737    0.0421048
1998-06-10/22:37:16      263.150     -54.5400      13.7100      68.0000      2.59786     0.374607    0.0420396
1998-06-10/22:37:37      260.120     -55.7000      13.6800      68.0000      2.76042     0.374607    0.0446703
1998-06-10/22:37:57      257.010     -56.7100      13.5800      56.0000      1.66979     0.559193    0.0241609
1998-06-10/22:38:17      259.300     -57.5300      13.5800      57.0000      2.14938     0.544639    0.0314617
1998-06-10/22:38:37      256.270     -59.2200      13.5400      62.0000      2.81654     0.469472    0.0434038
1998-06-11/08:48:35      81.4100     -60.9100      13.5900      55.0000      9.60787     0.573576     0.137363
1998-06-11/08:48:55      79.8300     -60.5400      13.7600      75.0000      18.8654     0.258819     0.318044
1998-06-11/08:49:16      74.3300     -59.9500      13.7300      69.0000      10.5804     0.358368     0.172398
1998-06-11/08:51:15      80.8100     -55.5300      13.6600      71.0000      5.99225     0.325568    0.0988866
1998-06-11/08:51:36      80.7700     -54.4000      13.5900      67.0000      6.79187     0.390731     0.109117
1998-06-11/08:51:56      79.8500     -52.6800      13.5100      70.0000      9.20382     0.342020     0.150949
1998-06-11/08:52:16      79.9500     -51.4400      13.4300      72.0000      6.45796     0.309017     0.107196
1998-06-11/08:52:36      84.4200     -49.5900      15.0600      67.0000      5.97429     0.390731    0.0959820
1998-06-11/08:52:55      86.7000     -47.4200      15.4800      104.000      18.8654     0.241922     0.319483
1998-06-11/08:53:16      87.0000     -46.2600      14.5600      71.0000      5.69753     0.325568    0.0940230
1998-06-11/08:53:36      87.2800     -45.2000      13.1100      105.000      9.39453     0.258819     0.158378
1998-06-11/08:53:56      87.6200     -43.9600      11.3700      70.0000      25.5614     0.342020     0.419226
1998-06-11/08:57:16      87.1600     -33.3100      15.7900      77.0000      3.74086     0.224951    0.0636169
1998-06-11/08:57:37      86.4600     -32.9400      14.0400      99.0000      9.68878     0.156434     0.167019
1998-06-11/08:57:57      85.4500     -32.2500      13.2800      95.0000      5.29387    0.0871559    0.0920439
1998-06-11/08:58:17      85.0800     -31.3400      14.9900      81.0000      5.00329     0.156434    0.0862488
1998-06-11/08:58:37      85.2100     -30.5000      13.8400      63.0000      4.78372     0.453990    0.0743916
1998-06-11/08:58:58      85.9600     -29.1300      15.1200      33.0000      2.70573     0.838671    0.0257200
1998-06-11/09:00:18      84.2300     -25.1400      15.8900      59.0000      3.34165     0.515038    0.0499924
1998-06-11/09:00:38      84.7700     -23.6500      14.7500      58.0000      3.67335     0.529919    0.0543701
1998-06-11/09:01:38      86.5600     -19.6200      14.5400      10.0000      16.4775     0.984808    0.0499389
1998-06-11/09:01:58      86.3700     -18.6100      14.1600      72.0000      3.13206     0.309017    0.0519893
1998-06-11/09:02:18      86.5300     -17.6500      14.1700      76.0000      4.07256     0.241922    0.0689682
1998-06-11/09:02:38      86.4900     -16.5900      15.2000      45.0000      2.85975     0.707107    0.0352932
1998-06-11/09:02:58      85.6900     -15.4400      14.2900      60.0000      3.71706     0.500000    0.0561833
1998-06-11/09:03:19      84.9200     -14.5100      14.5300      69.0000      2.39465     0.358368    0.0390186
1998-06-11/09:05:19      86.5800     -8.00000      14.5800      49.0000      9.19132     0.656059     0.121070
1998-06-11/09:05:39      85.8800     -6.35000      13.8000      53.0000      2.90571     0.601815    0.0405022
1998-06-11/09:05:59      84.4700     -5.02000      13.9400      53.0000      3.17024     0.601815    0.0441894
1998-06-11/09:06:19      83.2100     -4.07000      14.8800      60.0000      2.87886     0.500000    0.0435140
1998-06-11/09:06:39      83.6600     -2.67000      15.4300      63.0000      3.23533     0.453990    0.0503126
1998-06-11/09:06:59      83.4900     -1.39000      15.4000      56.0000      2.34112     0.559193    0.0338747
1998-06-11/09:07:20      82.5200    -0.110000      8.52000      58.0000      2.69424     0.529919    0.0398781
1998-06-11/09:07:39      81.6500      1.14000      11.9500      52.0000      4.13394     0.615661    0.0568557
1998-06-11/09:07:59      82.9000      2.45000      12.2700      49.0000      4.50733     0.656059    0.0593713
1998-06-11/09:08:19      82.8600      3.97000      15.1800      58.0000      10.1557     0.529919     0.150317
1998-06-11/09:08:39      83.6400      5.56000      13.6000      45.0000      3.04750     0.707107    0.0376102
1998-06-11/09:09:00      81.2000      7.15000      13.7500      48.0000      4.38158     0.669131    0.0568305
1998-06-11/09:09:20      83.3800      7.45000      19.5800      44.0000      2.99077     0.719340    0.0362603
1998-06-11/09:09:40      84.0700      8.18000      21.2200      66.0000      7.15040     0.406737     0.114009
1998-06-11/11:37:33      187.350      77.3100      17.8800      142.000      6.25707     0.788011    0.0672342
1998-06-11/11:37:53      189.840      77.5400      17.3700      140.000      7.25249     0.766045    0.0813639
1998-06-11/11:38:13      192.960      77.0500      14.2100      95.0000      3.64144    0.0871559    0.0633133
1998-06-11/11:38:33      201.300      77.6300      15.2800      133.000      4.30268     0.681998    0.0549217
1998-06-11/11:39:14      212.320      75.9800      15.2700      99.0000      4.67998     0.156434    0.0806754
1998-06-11/11:39:34      207.260      73.3600      14.2800      94.0000      3.87326    0.0697566    0.0674365
1998-06-11/11:39:54      216.210      73.9200      15.8000      105.000      4.72693     0.258819    0.0796894
1998-06-11/11:40:13      225.600      74.3400      14.0000      95.0000      6.60625    0.0871559     0.114862
1998-06-11/11:40:33      230.490      74.0000      14.2700      106.000      3.76704     0.275637    0.0632003
1998-06-11/11:40:53      236.680      73.5500      15.7600      111.000      3.19789     0.358368    0.0521066
1998-06-11/11:56:18      264.630      25.8600      16.3000      108.000      3.81802     0.309017    0.0633756
1998-06-11/11:56:38      264.820      24.8600      16.3200      101.000      2.28375     0.190809    0.0391266
1998-06-11/11:57:57      263.900      21.2600      16.3500      108.000      2.94697     0.309017    0.0489170
1998-06-11/11:58:17      263.950      20.3200      14.9200      109.000      3.38317     0.325568    0.0558305
1998-06-11/11:58:37      264.380      19.1500      13.0200      109.000      2.75142     0.325568    0.0454051
1998-06-11/11:58:58      264.500      18.2500      13.7500      103.000      2.53537     0.224951    0.0431164
1998-06-11/11:59:18      263.870      16.8100      13.9600      102.000      2.23194     0.207912    0.0381034
1998-06-11/11:59:38      263.880      15.4200      14.1300      123.000      2.27303     0.544639    0.0332716
1998-06-11/12:00:18      264.590      13.4600      14.3400      98.0000      3.49675     0.139173    0.0604359
1998-06-11/12:00:39      264.250      12.4700      14.5000      99.0000      4.24290     0.156434    0.0731409
1998-06-11/12:00:59      263.430      11.3300      14.3800      93.0000      3.35027    0.0523359    0.0583931
1998-06-11/12:01:19      263.290      10.2400      14.1900      97.0000      3.41076     0.121869    0.0590853
1998-06-11/12:01:38      262.880      8.90000      14.2600      100.000      2.68670     0.173648    0.0461794
1998-06-11/12:01:58      262.580      7.66000      14.3600      99.0000      3.25690     0.156434    0.0561438
1998-06-11/12:02:18      261.080      6.29000      14.3500      94.0000      3.13460    0.0697566    0.0545758
1998-06-11/12:02:38      261.250      5.11000      14.1300      95.0000      4.16876    0.0871559    0.0724817
1998-06-11/12:02:59      261.440      3.63000      14.4200      101.000      2.66120     0.190809    0.0455933
1998-06-11/12:03:19      261.520      2.51000      14.4600      114.000      4.53015     0.406737    0.0722304
1998-06-11/12:04:39      264.050     -1.03000      14.4800      108.000      4.90683     0.309017    0.0814488
1998-06-11/12:53:51      84.0300     -29.4000      14.3600      44.0000      4.25827     0.719340    0.0516276
1998-06-11/12:54:11      83.2800     -28.3600      14.5300      50.0000      4.25829     0.642788    0.0569333
1998-06-11/12:54:31      83.6200     -27.3100      14.6200      45.0000      2.23258     0.707107    0.0275530
1998-06-11/12:54:51      83.4600     -26.4100      14.6100      53.0000      2.65970     0.601815    0.0370731
1998-06-11/12:55:10      82.2900     -25.4300      14.4900      58.0000      2.69424     0.529919    0.0398781
1998-06-11/12:55:30      82.2700     -24.3300      14.2700      55.0000      1.77427     0.573576    0.0253666
1998-06-11/12:55:51      80.9600     -23.6800      14.2400      62.0000      3.04900     0.469472    0.0469861
1998-06-11/12:56:11      80.7600     -22.2700      14.3300      62.0000      3.38384     0.469472    0.0521461
1998-06-11/12:56:31      79.6600     -21.0200      14.4200      63.0000      3.12038     0.453990    0.0485250
1998-06-11/12:56:51      79.6300     -19.7700      14.4300      60.0000      3.98186     0.500000    0.0601858
1998-06-11/12:57:12      80.4900     -18.6300      14.4100      56.0000      2.68240     0.559193    0.0388128
1998-06-11/12:57:32      81.6900     -17.5100      14.0700      55.0000      2.94981     0.573576    0.0421731
1998-06-11/12:57:52      82.3100     -16.6500      13.8100      64.0000      3.75347     0.438371    0.0588804
1998-06-11/12:58:12      82.4400     -15.8300      13.8700      60.0000      2.80616     0.500000    0.0424151
1998-06-11/12:58:32      81.7300     -14.8400      13.9100      70.0000      4.47027     0.342020    0.0733157
1998-06-11/12:58:52      77.2600     -12.6800      14.1000      63.0000      6.06317     0.453990    0.0942883
1998-06-11/12:59:12      75.8600     -10.4200      14.2800      59.0000      9.04683     0.515038     0.135344
1998-06-11/12:59:32      80.4100     -9.71000      14.3600      44.0000      3.17160     0.719340    0.0384527
1998-06-11/12:59:52      81.6500     -8.97000      14.4100      56.0000      4.92552     0.559193    0.0712695
1998-06-11/13:00:12      81.4900     -8.26000      14.3600      22.0000      10.5250     0.927184    0.0688137
1998-06-11/13:00:32      80.7100     -7.04000      14.2300      35.0000      5.43006     0.819152    0.0543592
1998-06-11/13:03:33      79.6400      4.41000      14.2200      48.0000      11.4657     0.669131     0.148714
1998-06-11/13:03:53      80.6400      5.03000      14.2800      58.0000      19.9174     0.529919     0.294803
1998-06-11/13:04:13      79.8900      6.16000      14.3200      37.0000      3.79876     0.798635    0.0399009
1998-06-11/13:04:34      79.5100      7.46000      14.4400      59.0000      7.06002     0.515038     0.105621
1998-06-11/13:04:54      78.7600      9.06000      14.3500      40.0000      7.50324     0.766044    0.0841771
1998-06-11/13:48:23      254.430      45.3300      14.3700      113.000      7.48251     0.390731     0.120213
1998-06-11/13:48:43      256.810      44.1900      14.4400      107.000      7.31677     0.292372     0.122122
1998-06-11/13:49:03      258.290      42.9400      14.5600      93.0000      8.13879    0.0523359     0.141854
1998-06-11/13:49:23      258.640      41.3900      14.4500      92.0000      2.99747    0.0348995    0.0522838
1998-06-11/13:49:43      256.610      40.6500      14.3600      103.000      4.55580     0.224951    0.0774758
1998-06-11/13:50:03      259.140      39.8100      14.2800      119.000      8.41045     0.484810     0.128385
1998-06-11/13:50:23      259.160      38.3900      14.0900      97.0000      5.96992     0.121869     0.103418
1998-06-11/13:50:43      258.270      37.9000      14.1100      107.000      9.71783     0.292372     0.162197
1998-06-11/13:51:03      260.790      36.7700      14.2000      96.0000      10.4877     0.104529     0.182042
1998-06-11/13:53:04      258.930      29.1700      14.3000      131.000      7.10549     0.656059    0.0935947
1998-06-11/13:53:24      257.450      27.8500      14.1200      125.000      5.54943     0.573576    0.0793396
1998-06-11/14:03:26      254.580     -1.69000      14.0400      116.000      2.85385     0.438371    0.0447681
1998-06-11/14:03:46      255.850     -2.66000      14.1900      114.000      2.17026     0.406737    0.0346034
1998-06-11/14:04:06      256.220     -3.47000      14.3800      108.000      1.81096     0.309017    0.0300602
1998-06-11/14:04:26      257.100     -4.56000      14.0500      114.000      1.58638     0.406737    0.0252938
1998-06-11/14:04:47      258.920     -5.75000      14.1400      109.000      3.56289     0.325568    0.0587963
1998-06-11/14:05:07      259.350     -7.05000      14.1100      110.000      3.59163     0.342020    0.0589054
1998-06-11/14:05:27      258.710     -8.27000      13.9300      102.000      3.13465     0.207912    0.0535144
1998-06-11/14:05:47      259.220     -9.47000      13.9300      113.000      1.82806     0.390731    0.0293693
1998-06-11/14:06:06      259.080     -10.4500      13.8100      114.000      2.05132     0.406737    0.0327070
1998-06-11/14:06:26      258.390     -11.6200      13.8500      110.000      2.55790     0.342020    0.0419514
1998-06-11/14:06:46      258.140     -12.7700      13.6600      110.000      2.45938     0.342020    0.0403356
1998-06-11/14:07:07      257.440     -14.1900      13.8600      111.000      2.04548     0.358368    0.0333292
1998-06-11/14:07:27      257.170     -15.4300      13.9400      109.000      2.83748     0.325568    0.0468253
1998-06-11/14:07:47      256.850     -16.7700      13.9900      101.000      1.95756     0.190809    0.0335381
1998-06-11/14:08:07      257.340     -17.9600      14.1700      100.000      2.47242     0.173648    0.0424963
1998-06-11/14:08:27      253.540     -19.4000      14.1800      94.0000      2.94591    0.0697566    0.0512906
1998-06-11/14:42:35      67.2200     -59.2900      13.9000      71.0000      5.83238     0.325568    0.0962483
1998-06-11/14:42:55      67.0200     -58.3000      13.5800      65.0000      3.21946     0.422618    0.0509256
1998-06-11/14:43:15      68.6300     -57.4100      13.4100      48.0000      6.82167     0.669131    0.0884793
1998-06-11/14:43:36      67.9600     -56.3500      14.3900      65.0000      20.2240     0.422618     0.319904
1998-06-11/14:43:56      68.7500     -55.5400      13.2100      50.0000      25.6400     0.642788     0.342807
1998-06-11/14:44:55      69.2000     -52.3900      15.0500      68.0000      2.59786     0.374607    0.0420396
1998-06-11/14:45:15      70.4900     -51.3700      15.0400      64.0000      5.82346     0.438371    0.0913521
1998-06-11/14:45:36      72.1300     -50.2900      14.0200      65.0000      2.63779     0.422618    0.0417247
1998-06-11/14:45:56      71.0500     -49.0700      14.0400      64.0000      3.75347     0.438371    0.0588804
1998-06-11/14:46:16      71.1000     -47.3600      13.9300      41.0000      6.83281     0.754710    0.0782383
1998-06-11/14:46:36      75.0000     -46.3200      12.0900      22.0000      10.5250     0.927184    0.0688137
1998-06-11/14:46:56      76.7200     -45.4000      14.5000      55.0000      7.45410     0.573576     0.106571
1998-06-11/14:47:16      76.9000     -44.2200      15.6000      63.0000      3.45764     0.453990    0.0537698
1998-06-11/14:47:37      76.4400     -43.0100      13.2900      54.0000      3.16559     0.587785    0.0446982
1998-06-11/14:47:57      77.8400     -41.9300      12.6800      71.0000      4.32231     0.325568    0.0713285
1998-06-11/14:48:17      78.1600     -41.0100      14.3200      66.0000      2.19499     0.406737    0.0349977
1998-06-11/14:48:37      78.1200     -40.2300      14.9000      59.0000      3.24624     0.515038    0.0485650
1998-06-11/14:48:56      77.0200     -39.4500      13.5000      64.0000      3.16159     0.438371    0.0495956
1998-06-11/14:52:18      80.7000     -28.2200      12.0000      63.0000      3.89243     0.453990    0.0605312
1998-06-11/14:52:38      80.2400     -27.2600      14.9800      65.0000      2.26885     0.422618    0.0358888
1998-06-11/14:52:58      79.4800     -26.2700      15.9400      62.0000      3.27689     0.469472    0.0504980
1998-06-11/14:53:18      78.6800     -25.2400      15.5300      68.0000      1.97620     0.374607    0.0319797
1998-06-11/14:53:38      77.1500     -24.1700      10.8900      66.0000      1.64092     0.406737    0.0261634
1998-06-11/14:53:58      78.2000     -23.0300      11.0000      62.0000      2.81654     0.469472    0.0434038
1998-06-11/14:54:18      77.5900     -21.7300      15.3300      64.0000      2.55251     0.438371    0.0400410
1998-06-11/14:54:38      78.2000     -20.6100      15.6700      57.0000      2.56560     0.544639    0.0375541
1998-06-11/14:54:58      79.4000     -19.5800      14.2500      64.0000      2.90088     0.438371    0.0455059
1998-06-11/14:55:18      81.0600     -18.7300      15.5400      60.0000      2.64246     0.500000    0.0399408
1998-06-11/14:55:39      81.4400     -18.0200      23.6700      60.0000      3.85064     0.500000    0.0582024
1998-06-11/14:55:59      81.9000     -17.0300      15.8100      62.0000      3.60112     0.469472    0.0554945
1998-06-11/14:56:19      80.9500     -16.2000      14.3200      63.0000      3.23533     0.453990    0.0503126
1998-06-11/14:56:39      80.1800     -15.0600      13.5600      61.0000      3.73865     0.484810    0.0570705
1998-06-11/14:56:59      80.2000     -14.0300      13.5200      70.0000      2.90309     0.342020    0.0476128
1998-06-11/14:57:19      80.9100     -12.9100      14.0300      68.0000      2.25057     0.374607    0.0364197
1998-06-11/14:57:39      80.4100     -11.8300      12.1000      69.0000      26.6230     0.358368     0.433797
1998-06-11/14:57:59      81.4900     -10.7200      13.6000      50.0000      9.46366     0.642788     0.126529
1998-06-11/14:58:19      81.3200     -9.73000      18.1200      51.0000      5.03044     0.629320    0.0682317
1998-06-11/14:58:39      81.1500     -8.87000      18.0700      54.0000      1.84329     0.587785    0.0260273
1998-06-11/14:58:59      80.1900     -7.65000      18.7200      50.0000      4.60242     0.642788    0.0615343
1998-06-11/14:59:19      77.8300     -6.26000      17.1400      67.0000      2.22430     0.390731    0.0357352
