1998-10-05/00:12:03      182.860     -63.8000      10.6800      67.0000      1.61897     0.390731    0.0260101
1998-10-05/00:12:23      183.480     -65.4400      10.1600      62.0000      2.31939     0.469472    0.0357426
1998-10-05/00:12:43      183.340     -66.4900      9.96000      64.0000      2.46981     0.438371    0.0387437
1998-10-05/00:13:03      182.910     -67.3200      6.28000      67.0000      1.68015     0.390731    0.0269930
1998-10-05/00:13:23      182.310     -68.1900      8.23000      68.0000      1.97620     0.374607    0.0319797
1998-10-05/00:13:43      182.180     -68.9700      8.75000      68.0000      1.92688     0.374607    0.0311816
1998-10-05/00:14:03      181.210     -69.9500      11.5000      67.0000      1.86436     0.390731    0.0299525
1998-10-05/00:14:23      181.880     -70.6600      11.9700      63.0000      3.89243     0.453990    0.0605312
1998-10-05/00:14:43      181.670     -71.7300      9.00000      48.0000      3.05442     0.669131    0.0396168
1998-10-05/00:15:03      181.290     -72.6400      6.28000      48.0000      2.86963     0.669131    0.0372200
1998-10-05/00:15:23      180.880     -73.8200      9.87000      54.0000      2.01076     0.587785    0.0283920
1998-10-05/00:15:43      179.960     -74.9400      11.3300      55.0000      1.84570     0.573576    0.0263878
1998-10-05/00:16:03      178.090     -76.0600      10.4600      58.0000      3.18689     0.529919    0.0471699
1998-10-05/00:16:23      176.000     -77.0700      9.06000      55.0000      2.07314     0.573576    0.0296395
1998-10-05/00:16:43      174.240     -78.0200      9.15000      51.0000      3.07219     0.629320    0.0416704
1998-10-05/00:17:03      173.220     -79.1000      9.02000      53.0000      2.65970     0.601815    0.0370731
1998-10-05/00:17:23      169.790     -80.3300      9.64000      48.0000      2.54792     0.669131    0.0330474
1998-10-05/03:33:25      185.070      46.9800      8.95000      57.0000      2.14938     0.544639    0.0314617
1998-10-05/03:33:45      184.340      46.6500      9.04000      59.0000      2.09699     0.515038    0.0313718
1998-10-05/03:34:04      182.710      46.4300      9.87000      58.0000      2.56239     0.529919    0.0379265
1998-10-05/03:34:24      179.690      47.2500      9.69000      56.0000      1.64087     0.559193    0.0237425
1998-10-05/03:34:44      178.070      47.4900      8.13000      53.0000      2.65970     0.601815    0.0370731
1998-10-05/03:35:04      178.690      46.6800      9.33000      50.0000      3.12558     0.642788    0.0417890
1998-10-05/03:35:25      179.080      44.7300      9.30000      51.0000      2.84796     0.629320    0.0386290
1998-10-05/03:35:45      180.530      42.0000      9.70000      57.0000      2.09344     0.544639    0.0306429
1998-10-05/03:36:05      181.060      39.1900      11.6400      60.0000      1.97883     0.500000    0.0299100
1998-10-05/04:09:06      185.540     -66.9900      10.1200      132.000      2.98051     0.669131    0.0386582
1998-10-05/04:09:26      186.510     -68.1000      7.90000      135.000      4.07264     0.707107    0.0502618
1998-10-05/04:09:46      187.100     -69.1200      11.6400      141.000      6.57197     0.777146    0.0721846
1998-10-05/04:10:05      187.080     -69.9600      10.7900      148.000      7.76741     0.848048    0.0718395
1998-10-05/04:10:25      186.960     -71.0200      7.69000      146.000      5.40736     0.829038    0.0527745
1998-10-05/04:10:45      186.730     -72.2100      5.73000      142.000      8.24852     0.788011    0.0886330
1998-10-05/04:11:05      186.650     -73.3900      9.45000      141.000      9.69305     0.777146     0.106466
1998-10-05/04:11:26      186.950     -74.6600      11.2300      147.000      7.53722     0.838671    0.0716469
1998-10-05/04:11:46      187.390     -75.8600      9.41000      118.000      8.40150     0.469472     0.129470
1998-10-05/04:12:06      188.070     -77.0200      7.62000      145.000      6.03286     0.819152    0.0603937
1998-10-05/04:12:26      188.440     -78.1400      8.16000      146.000      9.77931     0.829038    0.0954437
1998-10-05/04:12:45      188.440     -79.1000      8.48000      127.000      6.92645     0.601815    0.0965465
1998-10-05/04:13:05      188.620     -80.1400      9.31000      135.000      9.18601     0.707107     0.113368
1998-10-05/04:13:25      189.340     -81.1800      8.97000      147.000      13.4526     0.838671     0.127877
1998-10-05/04:13:45      190.180     -82.1200      9.20000      143.000      10.0955     0.798636     0.106040
1998-10-05/04:14:04      191.050     -83.1600      8.84000      145.000      10.4744     0.819152     0.104857
1998-10-05/04:14:24      192.590     -84.2700      8.82000      136.000      24.0070     0.719340     0.291063
1998-10-05/04:14:44      194.990     -85.4500      8.86000      140.000      6.63463     0.766045    0.0744323
1998-10-05/04:15:04      201.690     -86.7500      9.98000      141.000      10.1633     0.777146     0.111631
1998-10-05/04:15:25      216.680     -87.8500      11.1800      136.000      12.0035     0.719340     0.145531
1998-10-05/04:16:05      294.810     -88.2300      10.6500      173.000      45.0000     0.992546    0.0957159
1998-10-05/04:16:25      319.770     -87.1900      9.93000      169.000      45.0000     0.981627     0.149861
1998-10-05/04:16:44      329.990     -85.4800      9.39000      128.000      8.38080     0.615661     0.115264
1998-10-05/04:17:04      333.420     -83.2800      9.85000      142.000      4.08183     0.788011    0.0438606
1998-10-05/04:17:24      335.780     -81.6700      8.66000      142.000      6.51377     0.788011    0.0699925
1998-10-05/04:17:44      338.690     -80.6700      8.62000      135.000      5.96779     0.707107    0.0736505
1998-10-05/04:18:05      340.540     -79.0900      9.54000      136.000      4.91887     0.719340    0.0596367
1998-10-05/04:18:25      343.620     -79.3200      7.10000      140.000      10.2567     0.766045     0.115067
1998-10-05/04:18:45      345.370     -78.7300      6.81000      139.000      8.56860     0.754710    0.0981138
1998-10-05/04:19:05      347.630     -78.5400      15.5000      143.000      11.4444     0.798636     0.120208
1998-10-05/04:19:24      350.660     -78.5500      18.3000      146.000      12.3374     0.829038     0.120410
1998-10-05/04:24:25      1.69000     -71.0800      11.5700      143.000      34.4662     0.798636     0.362021
1998-10-05/04:24:44      1.93000     -70.5000      9.06000      137.000      6.42576     0.731354    0.0764866
1998-10-05/04:25:04      2.64000     -69.7600      9.52000      137.000      6.23492     0.731354    0.0742150
1998-10-05/04:25:24      3.11000     -69.2100      9.31000      129.000      6.16208     0.629321    0.0835809
1998-10-05/04:25:44      3.64000     -68.3100      9.41000      122.000      7.52825     0.529919     0.111427
1998-10-05/04:26:05      4.09000     -67.3500      9.35000      118.000      4.98984     0.469472    0.0768951
1998-10-05/04:26:25      4.64000     -66.3700      8.99000      116.000      5.86277     0.438371    0.0919688
1998-10-05/04:26:45      5.05000     -65.3900      8.96000      116.000      6.46327     0.438371     0.101389
1998-10-05/04:27:05      5.23000     -64.4300      9.18000      113.000      3.49606     0.390731    0.0561671
1998-10-05/04:27:24      5.52000     -63.5200      9.22000      112.000      2.22430     0.374607    0.0359945
1998-10-05/04:27:44      5.75000     -62.3800      9.22000      112.000      1.98706     0.374607    0.0321554
1998-10-05/04:28:04      6.00000     -61.2600      9.13000      111.000      3.27161     0.358368    0.0533078
1998-10-05/04:28:24      6.06000     -60.1400      9.33000      111.000      3.27161     0.358368    0.0533078
1998-10-05/04:28:45      6.02000     -59.1600      9.27000      113.000      3.49606     0.390731    0.0561671
1998-10-05/04:29:05      5.97000     -58.1900      9.21000      123.000      4.32308     0.544639    0.0632794
1998-10-05/04:29:25      5.89000     -57.0600      9.33000      135.000      4.07264     0.707107    0.0502618
1998-10-05/04:29:45      5.90000     -55.7800      9.41000      134.000      2.05788     0.694658    0.0258364
1998-10-05/04:30:04      5.98000     -54.6300      9.42000      120.000      3.14954     0.500000    0.0476053
1998-10-05/04:30:24      5.97000     -53.4700      9.42000      101.000      1.89705     0.190809    0.0325014
1998-10-05/04:30:44      6.09000     -52.4700      9.40000      102.000      1.86721     0.207912    0.0318768
1998-10-05/04:31:04      6.10000     -51.5300      9.39000      116.000      2.61791     0.438371    0.0410669
1998-10-05/04:31:25      6.16000     -50.5500      9.41000      108.000      3.12735     0.309017    0.0519111
1998-10-05/04:31:45      6.16000     -49.7500      9.37000      98.0000      5.65160     0.139173    0.0976791
1998-10-05/04:32:05      6.19000     -48.9400      9.26000      106.000      2.45874     0.275637    0.0412507
1998-10-05/04:32:25      6.21000     -48.1900      9.24000      105.000      1.91034     0.258819    0.0322056
1998-10-05/04:32:44      6.28000     -47.7300      9.23000      111.000      2.16209     0.358368    0.0352292
1998-10-05/04:33:04      6.52000     -46.8700      9.24000      118.000      3.73865     0.469472    0.0576139
1998-10-05/04:33:24      6.68000     -46.1100      9.24000      102.000      2.75810     0.207912    0.0470860
1998-10-05/04:33:44      6.85000     -45.2600      9.14000      103.000      3.30191     0.224951    0.0561522
1998-10-05/04:34:05      6.79000     -44.1300      9.10000      102.000      3.13465     0.207912    0.0535144
1998-10-05/04:34:25      6.72000     -42.6300      9.08000      103.000      4.55580     0.224951    0.0774758
1998-10-05/04:35:05      6.17000     -39.9800      9.29000      96.0000      5.54998     0.104529    0.0963348
1998-10-05/04:36:45      5.15000     -33.3800      9.18000      92.0000      1.76223    0.0348995    0.0307380
1998-10-05/04:38:24      5.03000     -27.5900      9.24000      91.0000      1.30932    0.0174525    0.0228485
1998-10-05/04:38:44      4.93000     -26.4900      9.13000      96.0000      2.64068     0.104529    0.0458361
1998-10-05/04:39:04      4.80000     -25.5500      9.20000      102.000      1.86721     0.207912    0.0318768
1998-10-05/04:39:25      4.59000     -24.5500      9.32000      102.000      2.97429     0.207912    0.0507768
1998-10-05/04:40:44      2.61000     -20.1800      9.44000      137.000      26.5798     0.731354     0.316382
1998-10-05/04:41:04      1.91000     -19.0300      9.48000      136.000      24.0070     0.719340     0.291063
1998-10-05/04:41:24      1.36000     -17.5900      9.37000      137.000      26.5798     0.731354     0.316382
1998-10-05/04:41:44      1.59000     -16.4400      9.40000      145.000      30.0488     0.819152     0.300812
1998-10-05/05:28:27      191.190      55.9300      9.35000      119.000      3.71706     0.484810    0.0567409
1998-10-05/05:28:46      190.990      55.0500      9.32000      121.000      2.86288     0.515038    0.0428298
1998-10-05/05:29:06      192.370      53.9300      9.30000      129.000      3.00037     0.629321    0.0406963
1998-10-05/05:29:26      192.520      52.5900      9.20000      126.000      2.78934     0.587785    0.0393855
1998-10-05/05:29:46      192.470      52.2200      9.23000      123.000      1.59085     0.544639    0.0232862
1998-10-05/05:30:07      192.670      51.6800      9.27000      122.000      1.99687     0.529919    0.0295561
1998-10-05/05:30:27      192.570      50.5900      9.33000      123.000      1.48232     0.544639    0.0216976
1998-10-05/05:30:47      190.850      50.1300      9.51000      123.000      1.52507     0.544639    0.0223233
1998-10-05/05:31:07      190.580      49.6100      11.4200      125.000      1.64420     0.573576    0.0235070
1998-10-05/05:31:26      191.470      48.5500      12.3300      129.000      2.40455     0.629321    0.0326147
1998-10-05/05:31:46      190.680      47.3100      12.0700      123.000      1.71277     0.544639    0.0250708
1998-10-05/05:32:06      190.200      45.8800      10.0100      125.000      1.84329     0.573576    0.0263533
1998-10-05/05:32:26      190.980      44.4100      8.97000      122.000      2.09344     0.529919    0.0309855
1998-10-05/05:32:47      191.000      42.7700      11.1000      116.000      2.61791     0.438371    0.0410669
1998-10-05/05:33:07      190.110      40.9400      12.4700      116.000      2.47717     0.438371    0.0388592
1998-10-05/06:12:06      87.1000     -85.6200      13.6900      52.0000      2.64459     0.615661    0.0363721
1998-10-05/06:12:26      87.0300     -86.4100      12.8900      49.0000      2.34656     0.656059    0.0309093
1998-10-05/06:12:47      69.7500     -85.6200      11.2000      48.0000      2.73849     0.669131    0.0355191
1998-10-05/06:13:07      37.0700     -79.9000      14.0800      63.0000      2.75008     0.453990    0.0427665
1998-10-05/06:13:47      18.6000     -83.5300      14.4000      54.0000      2.01076     0.587785    0.0283920
1998-10-05/06:14:06      16.9000     -82.9400      13.2200      55.0000      3.61780     0.573576    0.0517233
1998-10-05/07:06:47      10.0400      75.7600      12.0400      69.0000      2.35372     0.358368    0.0383516
1998-10-05/07:07:07      11.2800      77.2800      11.5800      75.0000      1.81482     0.258819    0.0305953
1998-10-05/07:07:28      11.5200      78.2100      11.7500      77.0000      1.55031     0.224951    0.0263645
1998-10-05/07:07:48      11.7900      79.1600      10.8200      72.0000      3.00550     0.309017    0.0498885
1998-10-05/07:08:08      11.5300      79.7100      11.3700      71.0000      3.03428     0.325568    0.0500729
1998-10-05/07:08:28      12.0200      81.0000      11.9200      70.0000      3.23959     0.342020    0.0531316
1998-10-05/07:08:47      13.7900      82.3400      11.5100      64.0000      3.34448     0.438371    0.0524646
1998-10-05/07:09:07      15.4100      83.5900      9.75000      61.0000      4.21409     0.484810    0.0643281
1998-10-05/07:09:27      16.8200      84.5600      8.95000      63.0000      3.89243     0.453990    0.0605312
1998-10-05/07:31:08      182.990      45.7600      11.6100      35.0000      5.43006     0.819152    0.0543592
1998-10-05/07:31:28      183.120      43.6500      10.9700      42.0000      6.89146     0.743145    0.0804821
1998-10-05/07:31:48      183.240      42.3400      13.1100      39.0000      8.22101     0.777146    0.0902972
1998-10-05/07:32:08      183.480      40.7900      12.6000      40.0000      8.36634     0.766044    0.0938600
1998-10-05/07:32:28      183.550      38.8700      12.3100      40.0000      6.24757     0.766044    0.0700900
1998-10-05/07:32:48      183.850      37.6900      8.39000      37.0000      6.25707     0.798635    0.0657221
1998-10-05/07:33:08      183.990      36.1800      7.59000      39.0000      5.62951     0.777146    0.0618329
1998-10-05/07:33:28      184.100      34.8600      6.88000      39.0000      6.15250     0.777146    0.0675773
1998-10-05/07:33:48      184.130      33.5200      11.1200      40.0000      5.16888     0.766044    0.0579884
1998-10-05/07:34:08      184.250      32.1200      12.1500      40.0000      3.92732     0.766044    0.0440597
1998-10-05/07:34:28      184.150      30.7100      10.4000      39.0000      4.58750     0.777146    0.0503878
1998-10-05/07:34:48      184.250      29.6400      8.67000      48.0000      4.20512     0.669131    0.0545418
1998-10-05/07:35:08      184.450      28.3000      10.0100      49.0000      4.24681     0.656059    0.0559397
1998-10-05/07:35:28      184.390      26.8300      10.3000      61.0000      4.06758     0.484810    0.0620916
1998-10-05/07:35:48      184.320      25.7800      10.4600      51.0000      4.25030     0.629320    0.0576500
1998-10-05/07:36:08      184.310      24.5800      10.2400      53.0000      2.45908     0.601815    0.0342767
1998-10-05/07:36:28      184.330      23.4100      9.90000      56.0000      2.11018     0.559193    0.0305331
1998-10-05/07:36:48      184.280      22.1400      10.4500      57.0000      2.56560     0.544639    0.0375541
1998-10-05/07:37:08      184.210      20.9900      10.6600      62.0000      4.00009     0.469472    0.0616428
1998-10-05/07:37:28      184.200      19.9000      9.99000      65.0000      1.85548     0.422618    0.0293501
1998-10-05/07:37:48      184.090      18.7200      9.90000      49.0000      4.24681     0.656059    0.0559397
1998-10-05/07:38:08      183.920      17.5400      10.5300      46.0000      4.74620     0.694658    0.0595878
1998-10-05/07:38:28      183.870      16.2800      10.1600      58.0000      4.36846     0.529919    0.0646586
1998-10-05/07:38:48      183.900      14.9600      9.15000      66.0000      2.19499     0.406737    0.0349977
1998-10-05/07:39:08      183.990      13.7500      9.27000      65.0000      2.85912     0.422618    0.0452257
1998-10-05/07:39:28      184.040      12.6600      9.21000      53.0000      2.65970     0.601815    0.0370731
1998-10-05/07:42:48      183.940      1.92000      8.74000      68.0000      2.04548     0.374607    0.0331008
1998-10-05/07:43:08      184.010     0.760000      8.78000      77.0000      2.36358     0.224951    0.0401950
1998-10-05/07:43:29      184.110    -0.400000      8.75000      57.0000      2.81476     0.544639    0.0412012
1998-10-05/07:43:49      184.100     -1.47000      12.2600      70.0000      2.93767     0.342020    0.0481799
1998-10-05/07:44:09      184.050     -2.53000      12.5500      77.0000      1.36590     0.224951    0.0232284
1998-10-05/07:44:29      184.000     -3.61000      10.8000      69.0000      2.78623     0.358368    0.0453990
1998-10-05/07:44:48      183.930     -4.64000      10.2700      73.0000      2.68499     0.292372    0.0448143
1998-10-05/07:45:08      183.890     -5.73000      10.2900      80.0000      2.97469     0.173648    0.0511294
1998-10-05/07:45:28      183.990     -6.82000      9.54000      89.0000      1.26635    0.0174524    0.0220986
1998-10-05/07:45:48      184.070     -7.89000      9.38000      91.0000      2.01692    0.0174525    0.0351965
1998-10-05/07:46:09      184.180     -8.95000      9.48000      66.0000      2.42089     0.406737    0.0385996
1998-10-05/07:46:29      184.230     -9.98000      9.72000      76.0000      1.73153     0.241922    0.0293232
1998-10-05/07:46:49      184.230     -10.9900      9.43000      69.0000      3.59163     0.358368    0.0585222
1998-10-05/07:53:29      183.170     -32.5800      9.39000      33.0000      3.15429     0.838671    0.0299839
1998-10-05/07:53:49      183.080     -33.6000      9.50000      65.0000      3.21946     0.422618    0.0509256
1998-10-05/07:54:09      183.030     -34.6200      9.32000      33.0000      1.81493     0.838671    0.0172523
1998-10-05/07:54:29      183.040     -35.5300      9.30000      57.0000      2.09344     0.544639    0.0306429
1998-10-05/07:54:49      183.060     -36.4400      9.27000      57.0000      2.19844     0.544639    0.0321798
1998-10-05/07:55:09      183.050     -37.3800      9.25000      61.0000      2.71868     0.484810    0.0415006
1998-10-05/07:55:29      182.960     -38.3200      9.35000      63.0000      4.46577     0.453990    0.0694472
1998-10-05/07:55:49      182.910     -39.3800      9.31000      43.0000      1.76691     0.731354    0.0210317
1998-10-05/07:56:09      182.930     -40.4200      9.30000      50.0000      3.12558     0.642788    0.0417890
1998-10-05/07:56:29      182.900     -41.4500      9.31000      42.0000      3.85431     0.743145    0.0450127
1998-10-05/07:56:49      182.850     -42.5400      9.40000      59.0000      3.14954     0.515038    0.0471184
1998-10-05/07:57:09      182.770     -43.6800      9.45000      48.0000      4.20512     0.669131    0.0545418
1998-10-05/07:57:29      182.710     -44.8600      9.52000      54.0000      2.29797     0.587785    0.0324474
1998-10-05/07:57:49      182.660     -45.9800      9.50000      60.0000      3.07917     0.500000    0.0465416
1998-10-05/07:58:09      182.630     -47.0700      9.35000      56.0000      1.59085     0.559193    0.0230187
1998-10-05/07:58:29      182.580     -48.2700      9.26000      56.0000      1.64087     0.559193    0.0237425
1998-10-05/07:58:49      182.640     -49.4700      9.16000      40.0000      3.14388     0.766044    0.0352704
1998-10-05/07:59:09      182.750     -50.6300      9.10000      73.0000      3.37382     0.292372    0.0563113
1998-10-05/07:59:29      182.770     -51.8200      9.05000      80.0000      2.78112     0.173648    0.0478023
1998-10-05/07:59:49      182.710     -52.9800      9.12000      7.00000      20.3318     0.992546    0.0432462
1998-10-05/08:00:09      182.780     -54.2400      9.09000      57.0000      3.03619     0.544639    0.0444424
1998-10-05/08:00:29      182.760     -55.5700      9.00000      69.0000      3.82218     0.358368    0.0622788
1998-10-05/08:00:49      182.650     -56.6800      9.04000      74.0000      3.52055     0.275637    0.0590649
1998-10-05/08:01:09      182.550     -57.7500      9.07000      81.0000      2.85571     0.156434    0.0492279
1998-10-05/08:01:29      182.260     -58.8300      9.16000      47.0000      4.66135     0.681998    0.0594999
1998-10-05/08:01:49      182.070     -60.2500      9.25000      34.0000      2.45175     0.829038    0.0239285
1998-10-05/08:02:09      181.680     -61.7800      8.82000      59.0000      2.53734     0.515038    0.0379596
1998-10-05/08:02:30      181.380     -63.2700      9.04000      65.0000      1.44377     0.422618    0.0228376
1998-10-05/08:02:50      181.120     -64.7000      9.01000      69.0000      1.98295     0.358368    0.0323103
1998-10-05/08:03:10      180.680     -65.9500      9.17000      67.0000      1.52115     0.390731    0.0244386
1998-10-05/08:03:29      180.590     -66.7000      9.12000      66.0000      1.07240     0.406737    0.0170987
1998-10-05/08:03:49      180.150     -67.7200      9.26000      69.0000      2.12442     0.358368    0.0346154
1998-10-05/08:04:09      179.330     -69.1700      9.27000      69.0000      2.35372     0.358368    0.0383516
1998-10-05/08:04:29      178.010     -70.7900      9.14000      63.0000      3.45764     0.453990    0.0537698
1998-10-05/08:04:50      176.620     -72.3900      9.13000      58.0000      2.80403     0.529919    0.0415031
1998-10-05/08:05:10      175.150     -73.6700      9.12000      63.0000      2.47717     0.453990    0.0385225
1998-10-05/08:05:30      173.490     -74.8900      9.10000      67.0000      1.42458     0.390731    0.0228871
1998-10-05/08:05:50      170.680     -76.3200      9.06000      67.0000      1.47353     0.390731    0.0236735
1998-10-05/08:06:09      163.560     -78.2600      8.97000      70.0000      2.25531     0.342020    0.0369887
1998-10-05/08:06:29      139.870     -80.9400      9.02000      73.0000      1.55643     0.292372    0.0259779
1998-10-05/09:20:49      179.570      76.3500      9.11000      65.0000      1.44377     0.422618    0.0228376
1998-10-05/09:21:09      183.110      71.2900      9.19000      64.0000      2.15278     0.438371    0.0337705
1998-10-05/09:21:29      183.400      68.0500      9.27000      67.0000      1.33425     0.390731    0.0214358
1998-10-05/09:21:49      183.140      66.1300      9.30000      69.0000      2.05488     0.358368    0.0334823
1998-10-05/09:22:10      183.250      64.0200      8.98000      67.0000      1.42458     0.390731    0.0228871
1998-10-05/09:22:30      182.400      62.8200      8.87000      70.0000      2.41105     0.342020    0.0395430
1998-10-05/09:22:50      182.060      61.2900      8.75000      77.0000      1.26700     0.224951    0.0215466
1998-10-05/09:23:10      182.000      59.4800      8.72000      77.0000      1.31060     0.224951    0.0222880
1998-10-05/09:23:29      181.320      58.0400      8.10000      79.0000      1.74092     0.190809    0.0298265
1998-10-05/09:23:49      178.550      58.7500      10.4400      72.0000      2.72835     0.309017    0.0452881
1998-10-05/09:24:09      177.740      60.2700      10.3600      61.0000      3.01293     0.484810    0.0459924
1998-10-05/09:24:29      179.990      58.1500      8.86000      66.0000      1.64092     0.406737    0.0261634
1998-10-05/09:24:50      178.570      56.9500      8.92000      65.0000      2.09785     0.422618    0.0331839
1998-10-05/09:25:10      177.680      57.1900      8.56000      56.0000      1.97618     0.559193    0.0285942
1998-10-05/09:25:30      178.640      56.8000      7.95000      49.0000      2.95564     0.656059    0.0389322
1998-10-05/09:25:50      180.710      54.2300      8.25000      54.0000      1.91644     0.587785    0.0270602
1998-10-05/09:26:09      181.880      52.7100      8.68000      54.0000      1.91644     0.587785    0.0270602
1998-10-05/09:26:29      182.930      50.8200      9.31000      58.0000      2.86288     0.529919    0.0423742
1998-10-05/09:26:49      183.140      49.2300      7.76000      60.0000      3.07917     0.500000    0.0465416
1998-10-05/09:27:09      183.350      47.5700      9.03000      61.0000      3.10994     0.484810    0.0474732
1998-10-05/09:27:30      183.280      45.9800      8.58000      66.0000      1.82806     0.406737    0.0291473
1998-10-05/09:27:50      183.590      44.6900      9.64000      67.0000      1.37735     0.390731    0.0221283
1998-10-05/09:28:10      183.970      43.4000      8.97000      61.0000      2.52996     0.484810    0.0386198
1998-10-05/09:28:30      184.480      41.7200      9.83000      67.0000      1.61897     0.390731    0.0260101
1998-10-05/09:28:50      184.340      40.3000      9.54000      74.0000      1.78862     0.275637    0.0300080
1998-10-05/09:29:10      184.170      39.2100      8.42000      70.0000      2.25531     0.342020    0.0369887
1998-10-05/09:29:30      184.030      38.0600      8.78000      66.0000      1.53310     0.406737    0.0244443
1998-10-05/09:29:50      183.920      37.0000      9.37000      75.0000      2.56031     0.258819    0.0431632
1998-10-05/09:30:10      183.850      35.8700      9.54000      78.0000      1.32042     0.207912    0.0225421
1998-10-05/09:30:30      183.710      34.7000      8.30000      77.0000      1.19059     0.224951    0.0202471
1998-10-05/09:30:50      183.560      33.6400      8.24000      71.0000      2.51776     0.325568    0.0415491
1998-10-05/09:31:10      183.490      32.6100      8.51000      73.0000      2.31977     0.292372    0.0387185
1998-10-05/09:31:30      183.410      31.6200      8.81000      65.0000      1.51041     0.422618    0.0238917
1998-10-05/09:31:50      183.420      30.7200      8.77000      63.0000      2.25007     0.453990    0.0349908
1998-10-05/09:32:10      183.420      29.8100      8.96000      60.0000      2.64246     0.500000    0.0399408
1998-10-05/09:32:30      183.380      28.6700      8.59000      65.0000      1.85548     0.422618    0.0293501
1998-10-05/09:32:50      183.330      27.5400      8.56000      66.0000      1.46827     0.406737    0.0234106
1998-10-05/09:33:10      183.330      26.3600      8.39000      60.0000      2.22720     0.500000    0.0336641
1998-10-05/09:33:30      183.330      25.2100      8.36000      58.0000      1.97391     0.529919    0.0292163
1998-10-05/09:33:50      183.540      23.9500      8.99000      73.0000      2.18013     0.292372    0.0363878
1998-10-05/09:34:10      183.820      22.8200      8.64000      73.0000      2.18013     0.292372    0.0363878
1998-10-05/09:34:30      184.000      21.7200      8.85000      69.0000      2.12442     0.358368    0.0346154
1998-10-05/09:35:10      184.280      19.5600      8.29000      67.0000      1.33425     0.390731    0.0214358
1998-10-05/09:35:30      184.440      18.4900      6.15000      60.0000      3.00080     0.500000    0.0453571
1998-10-05/09:35:50      184.590      17.3500      5.62000      61.0000      3.91119     0.484810    0.0597043
1998-10-05/09:36:10      184.700      16.1600      8.15000      99.0000      4.06312     0.156434    0.0700417
1998-10-05/09:36:30      184.740      14.8600      8.16000      72.0000      3.22839     0.309017    0.0535883
1998-10-05/09:36:50      184.830      13.6500      8.33000      63.0000      2.75008     0.453990    0.0427665
1998-10-05/09:37:10      184.900      12.5800      9.42000      45.0000      2.05788     0.707107    0.0253970
1998-10-05/09:37:30      184.950      11.6000      9.75000      59.0000      2.61527     0.515038    0.0391255
1998-10-05/09:37:50      185.010      10.5900      10.8600      56.0000      1.61630     0.559193    0.0233869
1998-10-05/09:54:50      179.240     -41.9100      9.91000      45.0000      6.10311     0.707107    0.0753206
1998-10-05/09:55:10      180.460     -43.6400      8.94000      37.0000      13.0080     0.798635     0.136632
1998-10-05/09:55:30      180.550     -44.7600      9.32000      46.0000      9.19740     0.694658     0.115472
1998-10-05/09:55:50      181.320     -46.0800      9.32000      47.0000      5.94674     0.681998    0.0759073
1998-10-05/09:56:10      182.020     -47.4300      9.28000      46.0000      2.70353     0.694658    0.0339424
1998-10-05/09:56:31      182.160     -48.7000      9.14000      55.0000      4.16840     0.573576    0.0595952
1998-10-05/09:56:50      182.400     -49.9200      8.98000      60.0000      3.85064     0.500000    0.0582024
1998-10-05/09:58:31      183.000     -56.3200      9.01000      65.0000      2.05132     0.422618    0.0324479
1998-10-05/09:58:51      182.960     -57.3600      9.02000      73.0000      3.37382     0.292372    0.0563113
1998-10-05/09:59:11      182.750     -58.4300      8.96000      65.0000      2.37061     0.422618    0.0374984
1998-10-05/09:59:30      182.570     -59.5900      8.99000      33.0000      2.37906     0.838671    0.0226147
1998-10-05/09:59:50      182.400     -61.0100      8.87000      28.0000      7.57699     0.882948    0.0620845
1998-10-05/10:00:10      182.220     -62.4100      8.83000      62.0000      2.45583     0.469472    0.0378452
1998-10-05/10:00:30      182.280     -63.7300      8.84000      66.0000      1.25657     0.406737    0.0200352
1998-10-05/10:00:51      182.040     -64.9000      8.82000      68.0000      2.39953     0.374607    0.0388302
1998-10-05/10:01:11      181.590     -65.9800      8.98000      55.0000      1.43726     0.573576    0.0205484
1998-10-05/10:01:31      181.350     -67.0100      9.02000      62.0000      2.18261     0.469472    0.0336348
1998-10-05/10:01:51      181.090     -68.5200      8.95000      67.0000      1.42458     0.390731    0.0228871
1998-10-05/10:02:10      181.180     -69.7100      8.88000      67.0000      1.74712     0.390731    0.0280690
1998-10-05/10:02:30      180.940     -70.9200      8.72000      50.0000      3.12558     0.642788    0.0417890
1998-10-05/10:02:50      180.710     -72.2600      8.70000      59.0000      2.53734     0.515038    0.0379596
1998-10-05/10:03:10      180.510     -73.4600      8.56000      62.0000      2.05042     0.469472    0.0315977
1998-10-05/10:03:31      180.200     -74.8400      8.43000      65.0000      1.67200     0.422618    0.0264478
1998-10-05/10:03:51      180.040     -76.1500      8.52000      63.0000      2.75008     0.453990    0.0427665
1998-10-05/10:04:11      179.740     -77.7600      8.59000      62.0000      2.18261     0.469472    0.0336348
1998-10-05/10:04:31      179.280     -79.3900      8.45000      60.0000      2.45967     0.500000    0.0371779
1998-10-05/11:21:31      186.420      65.2800      8.41000      130.000      3.76166     0.642788    0.0502934
1998-10-05/11:21:51      185.800      62.9100      8.45000      129.000      4.25829     0.629321    0.0577584
1998-10-05/11:22:10      185.270      59.9300      8.59000      132.000      4.32215     0.669131    0.0560597
1998-10-05/11:22:30      185.110      58.2100      8.58000      121.000      3.04718     0.515038    0.0455870
1998-10-05/11:22:50      185.110      56.0400      8.73000      121.000      3.18689     0.515038    0.0476771
1998-10-05/11:23:10      185.690      54.0600      8.22000      123.000      1.83647     0.544639    0.0268814
1998-10-05/11:23:31      185.700      52.6200      8.58000      124.000      1.55036     0.559193    0.0224328
1998-10-05/11:23:51      185.890      51.1600      8.69000      119.000      2.45967     0.484810    0.0375468
1998-10-05/11:24:11      185.970      49.3700      8.73000      114.000      1.76200     0.406737    0.0280940
1998-10-05/11:24:31      186.410      48.0300      8.80000      118.000      2.71868     0.469472    0.0418958
1998-10-05/11:24:52      186.540      46.4100      8.77000      116.000      2.47717     0.438371    0.0388592
1998-10-05/11:25:12      186.780      44.8800      8.94000      109.000      2.41105     0.325568    0.0397881
1998-10-05/11:25:32      186.750      43.5600      8.82000      111.000      1.97620     0.358368    0.0322003
1998-10-05/11:25:52      186.610      42.4700      8.71000      112.000      1.68015     0.374607    0.0271889
1998-10-05/11:26:11      186.650      41.5300      8.69000      110.000      2.35372     0.342020    0.0386027
1998-10-05/11:26:31      186.810      40.8300      8.71000      116.000      2.61791     0.438371    0.0410669
1998-10-05/11:26:51      187.560      40.7800      8.62000      124.000      1.68852     0.559193    0.0244319
1998-10-05/11:27:11      187.360      39.2700      8.52000      119.000      3.17715     0.484810    0.0484992
1998-10-05/11:27:32      187.500      38.1000      8.62000      117.000      2.81654     0.453991    0.0438000
1998-10-05/11:27:52      188.220      36.7600      8.71000      116.000      2.35343     0.438371    0.0369181
1998-10-05/11:28:12      188.720      35.2700      8.82000      114.000      1.67200     0.406737    0.0266590
1998-10-05/11:49:32      182.770     -34.3000      8.93000      52.0000      3.96993     0.615661    0.0546000
1998-10-05/11:49:52      182.790     -35.3300      10.3900      57.0000      2.56560     0.544639    0.0375541
1998-10-05/11:50:11      182.730     -36.3800      10.0900      56.0000      2.22103     0.559193    0.0321371
1998-10-05/11:50:31      182.760     -37.4500      9.88000      68.0000      2.43529     0.374607    0.0394089
1998-10-05/11:50:51      182.770     -38.5600      9.73000      44.0000      3.37755     0.719340    0.0409497
1998-10-05/11:51:11      182.660     -39.7200      11.8200      63.0000      2.35343     0.453990    0.0365982
1998-10-05/11:51:32      182.590     -40.9300      11.2400      57.0000      2.14938     0.544639    0.0314617
1998-10-05/11:51:52      182.500     -42.0200      9.53000      66.0000      1.39088     0.406737    0.0221767
1998-10-05/11:52:12      182.480     -43.0800      8.89000      47.0000      2.60335     0.681998    0.0332305
1998-10-05/11:52:32      182.360     -44.2000      11.0000      63.0000      4.31999     0.453990    0.0671802
1998-10-05/11:52:51      182.170     -45.2500      11.3300      63.0000      3.34944     0.453990    0.0520871
1998-10-05/11:53:11      182.210     -46.3600      11.7500      57.0000      2.48027     0.544639    0.0363051
1998-10-05/11:53:31      182.100     -47.4700      11.6400      62.0000      3.60112     0.469472    0.0554945
1998-10-05/13:16:13      193.740      74.8400      9.70000      64.0000      3.88985     0.438371    0.0610197
1998-10-05/13:16:33      189.510      70.8400      8.25000      66.0000      2.10025     0.406737    0.0334872
1998-10-05/13:16:52      188.160      68.9000      11.0000      72.0000      3.33396     0.309017    0.0553406
1998-10-05/13:17:12      187.450      67.2300      11.3800      66.0000      1.82806     0.406737    0.0291473
1998-10-05/13:17:32      186.670      65.4300      9.35000      69.0000      3.03986     0.358368    0.0495316
1998-10-05/13:17:52      185.750      63.4400      10.7600      66.0000      2.42089     0.406737    0.0385996
1998-10-05/13:18:13      185.340      61.8800      10.8700      73.0000      2.76827     0.292372    0.0462043
1998-10-05/13:18:33      185.000      60.3800      12.6100      63.0000      3.89243     0.453990    0.0605312
1998-10-05/13:18:53      184.650      58.8300      11.5600      75.0000      3.55530     0.258819    0.0599373
1998-10-05/13:19:13      184.400      57.4400      10.3800      70.0000      2.51082     0.342020    0.0411793
1998-10-05/13:19:32      184.220      56.2100      10.9900      67.0000      1.86436     0.390731    0.0299525
1998-10-05/13:19:52      184.130      55.0300      10.9800      60.0000      3.98186     0.500000    0.0601858
1998-10-05/13:20:12      184.090      53.9000      10.5700      63.0000      3.34944     0.453990    0.0520871
1998-10-05/13:20:32      183.960      52.7300      10.2900      68.0000      2.66344     0.374607    0.0431009
1998-10-05/13:20:53      183.930      51.7100      10.3800      69.0000      2.83141     0.358368    0.0461351
1998-10-05/13:21:13      183.890      50.6200      11.0600      70.0000      3.38317     0.342020    0.0554865
1998-10-05/13:21:33      183.860      49.5800      11.3800      72.0000      2.31438     0.309017    0.0384165
1998-10-05/13:21:53      183.830      48.4800      9.70000      68.0000      2.25057     0.374607    0.0364197
1998-10-05/13:22:12      183.800      47.4600      10.4500      66.0000      1.58863     0.406737    0.0253297
1998-10-05/13:22:32      183.720      46.3000      10.2600      64.0000      3.00722     0.438371    0.0471740
1998-10-05/13:22:52      183.640      45.1000      9.97000      70.0000      2.90309     0.342020    0.0476128
1998-10-05/13:23:12      183.590      43.8600      12.4300      69.0000      2.88719     0.358368    0.0470440
1998-10-05/13:23:33      183.570      42.5900      12.1000      62.0000      3.04900     0.469472    0.0469861
1998-10-05/13:23:53      183.530      41.3500      15.0900      60.0000      2.94180     0.500000    0.0444653
1998-10-05/13:24:13      183.470      40.0400      14.2200      70.0000      3.04196     0.342020    0.0498904
1998-10-05/13:24:33      183.450      38.7600      10.9200      66.0000      2.42089     0.406737    0.0385996
1998-10-05/13:24:52      183.460      37.6900      11.3900      59.0000      3.24624     0.515038    0.0485650
1998-10-05/13:25:12      183.440      36.5700      10.8300      83.0000      3.59625     0.121869    0.0622986
1998-10-05/13:25:32      183.410      35.5100      11.6200      82.0000      2.99788     0.139173    0.0518137
1998-10-05/13:25:52      183.390      34.4500      11.8700      67.0000      2.15767     0.390731    0.0346648
1998-10-05/13:26:13      183.260      33.2900      11.4100      59.0000      4.01660     0.515038    0.0600899
1998-10-05/13:26:33      183.270      32.0900      11.3900      65.0000      2.05132     0.422618    0.0324479
1998-10-05/13:26:53      183.250      30.9000      11.5400      64.0000      2.62014     0.438371    0.0411019
1998-10-05/13:27:13      183.180      29.8100      11.3300      67.0000      1.98706     0.390731    0.0319238
1998-10-05/13:27:32      183.140      28.8200      10.5100      82.0000      2.99788     0.139173    0.0518137
1998-10-05/13:27:52      183.070      27.7400      9.53000      67.0000      2.09250     0.390731    0.0336178
1998-10-05/13:28:12      183.000      26.6600      11.2300      65.0000      2.05132     0.422618    0.0324479
1998-10-05/13:28:32      182.930      25.5700      9.15000      63.0000      4.46577     0.453990    0.0694472
1998-10-05/13:28:53      182.890      24.4800      9.99000      69.0000      2.78623     0.358368    0.0453990
1998-10-05/13:29:13      182.900      23.4200      9.56000      70.0000      3.32780     0.342020    0.0545784
1998-10-05/13:48:13      181.800     -37.9000      10.0700      59.0000      3.34165     0.515038    0.0499924
1998-10-05/13:48:33      181.740     -38.9800      10.7500      60.0000      3.42648     0.500000    0.0517912
1998-10-05/13:48:53      181.710     -40.0600      10.2000      75.0000      3.45956     0.258819    0.0583233
1998-10-05/13:49:13      181.730     -41.1700      9.99000      75.0000      5.25640     0.258819    0.0886155
1998-10-05/13:49:33      181.740     -42.2700      9.76000      67.0000      2.39763     0.390731    0.0385199
1998-10-05/13:49:53      181.720     -43.3500      9.93000      58.0000      4.36846     0.529919    0.0646586
1998-10-05/13:50:13      181.690     -44.4700      9.74000      82.0000      9.38476     0.139173     0.162201
1998-10-05/13:50:33      181.630     -45.5800      9.56000      98.0000      4.02632     0.139173    0.0695887
1998-10-05/13:50:53      181.560     -46.7100      9.28000      66.0000      2.19499     0.406737    0.0349977
1998-10-05/13:51:13      181.500     -47.8400      9.28000      67.0000      2.74726     0.390731    0.0441370
1998-10-05/13:51:33      181.370     -48.9600      7.95000      41.0000      4.22890     0.754710    0.0484226
1998-10-05/13:51:53      181.330     -50.0700      10.4900      83.0000      3.70113     0.121869    0.0641154
1998-10-05/13:54:33      181.370     -59.0200      11.3700      43.0000      2.18785     0.731354    0.0260422
1998-10-05/13:54:53      181.430     -60.3100      10.2200      37.0000      3.39940     0.798635    0.0357061
1998-10-05/13:55:13      181.570     -61.4400      9.74000      45.0000      2.70510     0.707107    0.0333846
1998-10-05/13:55:33      181.600     -62.7700      9.89000      64.0000      2.62014     0.438371    0.0411019
1998-10-05/13:55:53      181.370     -64.0500      9.78000      69.0000      2.94955     0.358368    0.0480601
1998-10-05/13:56:13      181.050     -64.9600      10.5200      63.0000      4.18389     0.453990    0.0650637
1998-10-05/13:56:33      180.960     -65.9300      10.9400      55.0000      3.18371     0.573576    0.0455172
1998-10-05/13:56:53      180.800     -66.9300      10.6600      62.0000      3.71922     0.469472    0.0573145
1998-10-05/13:57:13      180.780     -68.1500      9.86000      66.0000      1.69368     0.406737    0.0270047
1998-10-05/17:10:28      201.700      80.7100      9.43000      61.0000      3.30730     0.484810    0.0504859
1998-10-05/17:10:48      192.050      77.0800      9.84000      62.0000      2.70413     0.469472    0.0416716
1998-10-05/17:11:08      191.130      76.4700      9.99000      61.0000      2.81502     0.484810    0.0429713
1998-10-05/17:11:27      188.810      73.7400      9.86000      68.0000      2.16209     0.374607    0.0349878
1998-10-05/17:11:47      186.410      70.9400      9.82000      62.0000      2.81654     0.469472    0.0434038
1998-10-05/17:12:07      183.920      68.0700      9.83000      65.0000      1.58638     0.422618    0.0250934
1998-10-05/17:12:27      183.340      66.6800      9.62000      65.0000      1.67200     0.422618    0.0264478
1998-10-05/17:12:48      182.550      64.9900      9.54000      68.0000      1.76109     0.374607    0.0284987
1998-10-05/17:13:08      182.130      63.9200      9.74000      68.0000      1.58590     0.374607    0.0256637
1998-10-05/17:13:28      183.490      62.6300      9.78000      65.0000      1.67200     0.422618    0.0264478
1998-10-05/17:13:48      182.840      61.0000      9.76000      65.0000      1.76200     0.422618    0.0278714
1998-10-05/17:14:07      182.510      59.7300      9.63000      71.0000      2.34566     0.325568    0.0387090
1998-10-05/17:14:27      182.770      59.0600      9.50000      71.0000      2.34566     0.325568    0.0387090
1998-10-05/17:14:47      184.570      58.2800      9.65000      59.0000      3.57647     0.515038    0.0535054
1998-10-05/17:15:07      184.190      56.2100      9.75000      51.0000      3.90398     0.629320    0.0529526
1998-10-05/17:15:27      182.880      54.6900      9.88000      62.0000      2.58715     0.469472    0.0398689
1998-10-05/17:15:46      182.710      53.6800      10.0300      55.0000      1.61080     0.573576    0.0230294
1998-10-05/17:16:06      182.830      52.2600      9.90000      55.0000      1.90183     0.573576    0.0271903
1998-10-05/17:16:26      182.650      50.9700      9.67000      57.0000      2.56560     0.544639    0.0375541
1998-10-05/17:16:47      182.280      49.9000      9.61000      62.0000      2.81654     0.469472    0.0434038
1998-10-05/17:17:07      182.500      48.5700      9.69000      57.0000      2.56560     0.544639    0.0375541
1998-10-05/17:17:27      182.140      47.3100      9.65000      60.0000      2.80616     0.500000    0.0424151
1998-10-05/17:17:47      182.010      46.2200      9.54000      63.0000      2.85385     0.453990    0.0443802
1998-10-05/17:18:06      181.990      45.0600      9.63000      66.0000      1.92248     0.406737    0.0306527
1998-10-05/17:18:26      181.780      43.8400      9.82000      72.0000      2.89541     0.309017    0.0480611
1998-10-05/17:18:46      181.790      42.8100      9.75000      71.0000      2.72086     0.325568    0.0449008
1998-10-05/17:19:06      181.710      41.7300      9.58000      72.0000      2.89541     0.309017    0.0480611
1998-10-05/17:19:25      181.670      40.6300      9.64000      72.0000      3.00550     0.309017    0.0498885
1998-10-05/17:19:45      181.620      39.5300      9.69000      66.0000      1.64092     0.406737    0.0261634
1998-10-05/17:20:05      181.480      38.4200      9.73000      63.0000      3.12038     0.453990    0.0485250
1998-10-05/17:20:25      181.440      37.3200      9.91000      66.0000      1.58863     0.406737    0.0253297
1998-10-05/17:20:46      181.310      36.2100      9.85000      68.0000      2.09106     0.374607    0.0338384
1998-10-05/17:21:06      181.250      35.1700      9.62000      69.0000      2.35372     0.358368    0.0383516
1998-10-05/17:21:26      181.330      34.1500      9.69000      61.0000      2.62505     0.484810    0.0400714
1998-10-05/17:21:46      181.410      33.0500      10.1300      69.0000      2.83141     0.358368    0.0461351
1998-10-05/17:22:05      181.380      31.8600      10.1200      78.0000      1.85434     0.207912    0.0316571
1998-10-05/17:22:25      181.330      30.6800      10.0500      69.0000      2.65743     0.358368    0.0433003
1998-10-05/17:22:45      181.270      29.5100      10.1000      72.0000      3.00550     0.309017    0.0498885
1998-10-05/17:23:05      181.200      28.4000      10.1600      67.0000      1.74712     0.390731    0.0280690
1998-10-05/17:23:26      181.160      27.2900      10.1200      60.0000      3.17715     0.500000    0.0480226
1998-10-05/17:23:46      181.100      26.2200      9.93000      70.0000      2.75142     0.342020    0.0451253
1998-10-05/17:24:06      180.990      25.1300      9.83000      76.0000      2.08650     0.241922    0.0353346
1998-10-05/17:24:26      180.960      24.1100      9.81000      80.0000      2.59746     0.173648    0.0446455
1998-10-05/17:24:45      180.880      23.0400      9.80000      74.0000      2.58033     0.275637    0.0432907
1998-10-05/17:25:05      180.860      21.9600      9.69000      63.0000      3.01723     0.453990    0.0469209
1998-10-05/17:25:25      180.640      20.7600      9.73000      66.0000      1.74178     0.406737    0.0277716
1998-10-05/17:25:45      180.480      19.7200      9.88000      67.0000      1.74712     0.390731    0.0280690
1998-10-05/17:26:04      180.530      18.7100      9.97000      68.0000      2.53204     0.374607    0.0409745
1998-10-05/17:26:24      180.520      17.6200      9.97000      56.0000      1.97618     0.559193    0.0285942
1998-10-05/17:26:44      180.440      16.5000      10.0000      70.0000      2.25531     0.342020    0.0369887
1998-10-05/17:27:04      180.340      15.4200      10.1200      65.0000      1.67200     0.422618    0.0264478
1998-10-05/17:27:25      180.160      14.3100      9.83000      72.0000      2.56265     0.309017    0.0425376
1998-10-05/17:27:45      180.080      13.2300      9.87000      74.0000      2.85935     0.275637    0.0479718
1998-10-05/17:28:04      179.950      12.1700      9.74000      78.0000      1.78652     0.207912    0.0304993
1998-10-05/17:28:24      179.890      11.1300      9.84000      68.0000      2.25057     0.374607    0.0364197
1998-10-05/17:28:44      179.830      10.1200      9.91000      39.0000      6.63463     0.777146    0.0728729
1998-10-05/17:29:04      179.860      9.09000      12.1400      58.0000      2.49214     0.529919    0.0368867
1998-10-05/17:29:24      179.850      7.99000      11.0000      57.0000      2.56560     0.544639    0.0375541
1998-10-05/17:29:44      179.810      6.86000      9.59000      47.0000      3.27162     0.681998    0.0417607
1998-10-05/17:30:04      179.790      5.67000      11.6200      60.0000      2.55857     0.500000    0.0386728
1998-10-05/17:30:24      179.780      4.55000      11.3000      54.0000      4.97892     0.587785    0.0703024
1998-10-05/17:30:44      179.720      3.46000      11.5800      74.0000      3.60824     0.275637    0.0605361
1998-10-05/17:31:04      179.670      2.42000      11.6100      80.0000      3.10816     0.173648    0.0534235
1998-10-05/17:31:24      179.730      1.48000      9.18000      75.0000      3.76712     0.258819    0.0635083
1998-10-05/17:31:44      179.860     0.430000      12.2600      92.0000      2.02629    0.0348995    0.0353439
1998-10-05/17:32:04      179.900    -0.690000      11.4500      97.0000      2.19406     0.121869    0.0380081
1998-10-05/17:32:24      179.930     -1.82000      10.3700      98.0000      2.85571     0.139173    0.0493565
1998-10-05/17:32:43      179.930     -2.85000      11.5400      99.0000      9.68878     0.156434     0.167019
1998-10-05/17:33:03      179.950     -3.87000      11.2500      58.0000      3.13232     0.529919    0.0463622
1998-10-05/17:33:23      179.970     -4.96000      11.8300      39.0000      5.62951     0.777146    0.0618329
1998-10-05/17:33:43      179.940     -6.08000      10.9700      82.0000      2.19406     0.139173    0.0379209
1998-10-05/17:34:03      179.800     -7.17000      11.5600      77.0000      1.86721     0.224951    0.0317537
1998-10-05/17:34:23      179.740     -8.21000      10.7800      55.0000      1.43726     0.573576    0.0205484
1998-10-05/17:34:43      179.660     -9.15000      10.0400      62.0000      2.93155     0.469472    0.0451762
1998-10-05/17:35:03      179.490     -10.2300      10.1200      70.0000      3.38317     0.342020    0.0554865
1998-10-05/17:35:23      179.240     -11.4300      10.8300      110.000      4.01453     0.342020    0.0658412
1998-10-05/17:35:43      179.070     -12.6900      10.1300      50.0000      4.42622     0.642788    0.0591786
1998-10-05/17:36:02      179.100     -13.7200      10.7500      37.0000      3.23603     0.798635    0.0339901
1998-10-05/17:36:22      179.080     -14.5800      10.0800      39.0000      3.59436     0.777146    0.0394794
1998-10-05/17:36:43      179.060     -15.5500      9.96000      42.0000      7.15322     0.743145    0.0835391
1998-10-05/17:37:03      179.170     -16.5600      9.85000      55.0000      17.6815     0.573576     0.252791
1998-10-05/17:37:23      179.120     -17.5200      11.2200      46.0000      3.09065     0.694658    0.0388026
1998-10-05/19:07:46      176.580      82.3000      9.55000      75.0000      1.91551     0.258819    0.0322928
1998-10-05/19:08:25      177.310      77.0500      10.3600      68.0000      1.97620     0.374607    0.0319797
1998-10-05/19:08:45      180.190      74.4800      14.3200      67.0000      1.86436     0.390731    0.0299525
1998-10-05/19:09:05      180.200      72.3600      13.2800      64.0000      2.46981     0.438371    0.0387437
1998-10-05/19:09:25      180.060      70.0700      15.1400      63.0000      2.47717     0.453990    0.0385225
1998-10-05/19:09:46      180.570      68.5100      15.6900      63.0000      2.35343     0.453990    0.0365982
1998-10-05/19:10:06      181.170      66.9800      14.0000      62.0000      3.16633     0.469472    0.0487942
1998-10-05/19:10:26      181.050      65.4400      13.7300      67.0000      1.86436     0.390731    0.0299525
1998-10-05/19:10:46      181.150      64.1800      10.9400      70.0000      2.46527     0.342020    0.0404322
1998-10-05/19:11:05      180.720      62.5900      10.5400      65.0000      1.76200     0.422618    0.0278714
1998-10-05/19:11:25      180.530      61.2500      11.3600      68.0000      3.42468     0.374607    0.0554196
1998-10-05/19:11:45      180.440      59.9400      11.6400      67.0000      1.61897     0.390731    0.0260101
1998-10-05/19:12:05      180.310      58.5300      11.4100      67.0000      1.61897     0.390731    0.0260101
1998-10-05/19:12:24      180.270      57.3400      11.1100      66.0000      1.74178     0.406737    0.0277716
1998-10-05/19:12:44      180.340      56.3500      10.5100      70.0000      2.57545     0.342020    0.0422393
1998-10-05/19:13:04      180.530      55.0800      11.6800      75.0000      3.55530     0.258819    0.0599373
1998-10-05/19:13:24      180.710      53.8800      10.4100      66.0000      1.64092     0.406737    0.0261634
1998-10-05/19:13:45      180.830      52.7300      10.0000      67.0000      2.03620     0.390731    0.0327133
1998-10-05/19:14:05      180.980      51.4300      10.4500      72.0000      3.00550     0.309017    0.0498885
1998-10-05/19:14:25      181.090      50.2500      10.8200      72.0000      2.89541     0.309017    0.0480611
1998-10-05/19:14:45      181.020      48.9800      11.5300      70.0000      3.11900     0.342020    0.0511539
1998-10-05/19:15:04      180.890      47.7500      11.1100      51.0000      4.76905     0.629320    0.0646862
1998-10-05/19:15:24      180.770      46.5000      10.9900      65.0000      3.09401     0.422618    0.0489412
1998-10-05/19:15:44      180.470      44.9900      10.5400      74.0000      2.96037     0.275637    0.0496667
1998-10-05/19:16:04      180.170      43.6700      10.7300      62.0000      3.16633     0.469472    0.0487942
1998-10-05/19:16:23      180.050      42.4600      10.7200      63.0000      3.12038     0.453990    0.0485250
1998-10-05/19:16:43      180.030      41.4100      10.4100      78.0000      2.09172     0.207912    0.0357096
1998-10-05/19:17:03      179.850      40.2500      12.3100      71.0000      2.51776     0.325568    0.0415491
1998-10-05/19:17:23      179.700      39.2600      16.7800      75.0000      2.74456     0.258819    0.0462694
1998-10-05/19:17:44      179.680      38.2400      14.9100      70.0000      2.51082     0.342020    0.0411793
1998-10-05/19:18:04      179.630      37.0700      12.5900      64.0000      2.90088     0.438371    0.0455059
1998-10-05/19:18:24      179.610      35.9900      11.2200      62.0000      4.65407     0.469472    0.0717208
1998-10-05/19:18:43      179.520      34.8300      11.3300      70.0000      2.90309     0.342020    0.0476128
1998-10-05/19:19:03      179.540      33.7800      11.3400      69.0000      2.39465     0.358368    0.0390186
1998-10-05/19:19:23      179.450      32.6100      11.3200      60.0000      3.85064     0.500000    0.0582024
1998-10-05/19:19:43      179.350      31.4700      11.6000      61.0000      4.06758     0.484810    0.0620916
1998-10-05/19:20:03      179.300      30.3300      11.2200      62.0000      4.56993     0.469472    0.0704242
1998-10-05/19:20:23      179.280      29.1400      10.9100      89.0000      2.29403    0.0174524    0.0400323
1998-10-05/19:20:43      179.310      28.1100      11.0200      92.0000      1.72780    0.0348995    0.0301374
1998-10-05/19:21:03      179.340      27.1200      10.8700      92.0000      2.51267    0.0348995    0.0438276
1998-10-05/19:21:23      179.270      25.9800      10.7000      69.0000      4.47342     0.358368    0.0728901
1998-10-05/19:21:43      179.240      24.9300      10.5800      61.0000      2.91367     0.484810    0.0444772
1998-10-05/19:22:03      179.230      23.8800      10.5400      65.0000      5.84843     0.422618    0.0925108
1998-10-05/19:22:23      179.110      22.7300      10.4600      92.0000      2.34627    0.0348995    0.0409252
1998-10-05/19:22:43      179.070      21.5900      10.4500      85.0000      3.44888    0.0871558    0.0599653
1998-10-05/19:23:02      179.040      20.5100      10.2300      104.000      7.66710     0.241922     0.129841
1998-10-05/19:23:22      179.090      19.4700      10.2800      67.0000      2.22430     0.390731    0.0357352
1998-10-05/19:23:42      179.090      18.4100      10.4400      70.0000      4.47027     0.342020    0.0733157
1998-10-05/19:24:02      179.160      17.3700      10.5300      82.0000      3.27901     0.139173    0.0566726
1998-10-05/19:24:22      179.190      16.2900      10.3200      68.0000      3.50869     0.374607    0.0567791
1998-10-05/19:24:42      179.200      15.2400      10.2800      58.0000      3.31091     0.529919    0.0490055
1998-10-05/19:25:02      179.220      14.1700      10.4900      53.0000      3.62091     0.601815    0.0504712
1998-10-05/19:25:22      179.240      13.1300      10.8200      25.0000      7.75676     0.906308    0.0572145
1998-10-05/19:25:42      179.240      12.0900      11.3300      91.0000      2.12954    0.0174525    0.0371618
1998-10-05/19:26:02      179.260      11.0400      11.1800      77.0000      2.45751     0.224951    0.0417923
1998-10-05/19:26:21      179.220      9.97000      10.9700      66.0000      3.25485     0.406737    0.0518966
1998-10-05/19:26:41      179.170      8.88000      10.4900      50.0000      5.15548     0.642788    0.0689288
1998-10-05/19:27:01      179.120      7.80000      10.6100      74.0000      4.42859     0.275637    0.0742993
1998-10-05/19:27:21      179.090      6.70000      10.9000      52.0000      4.27100     0.615661    0.0587407
1998-10-05/19:27:41      179.100      5.62000      11.1100      49.0000      3.08779     0.656059    0.0406729
1998-10-05/19:28:01      179.090      4.55000      11.1100      77.0000      1.92393     0.224951    0.0327183
1998-10-05/19:28:21      179.090      3.45000      10.8000      87.0000      3.53082    0.0523359    0.0615400
1998-10-05/19:28:41      179.090      2.39000      10.7800      61.0000      5.71027     0.484810    0.0871672
1998-10-05/19:29:01      179.070      1.31000      10.7300      96.0000      3.75175     0.104529    0.0651217
1998-10-05/19:29:21      179.050     0.220000      10.5800      97.0000      6.05041     0.121869     0.104812
1998-10-05/19:29:41      179.050    -0.850000      10.5500      101.000      1.85434     0.190809    0.0317697
1998-10-05/19:30:01      179.060     -1.94000      10.6900      99.0000      3.36124     0.156434    0.0579425
1998-10-05/19:30:20      179.060     -3.01000      11.0700      49.0000      5.57643     0.656059    0.0734537
1998-10-05/19:30:40      179.080     -4.06000      11.0700      96.0000      3.79632     0.104529    0.0658953
1998-10-05/19:31:01      179.070     -5.14000      10.9600      67.0000      3.48033     0.390731    0.0559144
1998-10-05/22:05:32      352.180     -72.5400      10.9000      117.000      4.15842     0.453991    0.0646676
1998-10-05/22:05:52      354.670     -70.4900      10.8200      112.000      2.29214     0.374607    0.0370924
1998-10-05/22:06:12      355.790     -68.9100      11.0200      109.000      2.83748     0.325568    0.0468253
1998-10-05/22:06:31      356.430     -67.0800      11.2200      107.000      2.80513     0.292372    0.0468195
1998-10-05/22:06:51      356.490     -65.4100      11.7700      103.000      2.17751     0.224951    0.0370307
1998-10-05/22:07:11      356.790     -64.1400      11.8000      94.0000      3.13460    0.0697566    0.0545758
1998-10-05/22:07:31      355.750     -63.2100      11.8500      97.0000      3.05153     0.121869    0.0528623
1998-10-05/22:07:51      356.010     -61.7700      11.9100      93.0000      2.77723    0.0523359    0.0484054
1998-10-05/22:08:31      356.400     -58.8900      11.6700      91.0000      1.70496    0.0174525    0.0297526
1998-10-05/22:08:51      356.710     -57.5000      11.5800      98.0000      3.06517     0.139173    0.0529767
1998-10-05/22:09:11      356.350     -56.4200      11.8100      96.0000      3.16120     0.104529    0.0548711
1998-10-05/22:09:51      356.800     -54.7900      12.1200      99.0000      4.55162     0.156434    0.0784627
1998-10-05/22:10:11      356.790     -53.8400      11.7300      110.000      3.59163     0.342020    0.0589054
1998-10-05/22:10:30      356.980     -52.6500      11.5200      109.000      2.83748     0.325568    0.0468253
1998-10-05/22:10:50      357.010     -51.4700      11.8700      95.0000      3.36092    0.0871559    0.0584359
1998-10-05/22:11:10      357.710     -50.0600      12.0700      99.0000      2.70037     0.156434    0.0465501
1998-10-05/22:11:30      358.200     -48.8400      12.1500      103.000      2.73067     0.224951    0.0464377
1998-10-05/22:11:51      357.830     -46.5800      11.8700      117.000      3.60112     0.453991    0.0560010
1998-10-05/22:12:30      357.610     -43.9000      11.8400      108.000      2.88853     0.309017    0.0479469
1998-10-05/22:12:50      357.990     -42.7900      11.9500      127.000      2.53994     0.601815    0.0354038
1998-10-05/22:13:10      357.550     -41.2100      12.0100      126.000      3.29175     0.587785    0.0464795
1998-10-05/22:13:30      358.790     -39.8300      11.9900      156.000      4.53131     0.913545    0.0321673
1998-10-05/22:13:50      189.670     -35.2100      11.9000      135.000      20.6726     0.707107     0.255128
1998-10-05/22:20:48      359.520     -12.1700      8.90000      135.000      8.96907     0.707107     0.110690
1998-10-05/22:21:09    0.0300000     -12.4900      10.1200      146.000      28.3908     0.829038     0.277087
1998-10-05/22:21:29    0.0500000     -12.0600      11.2200      157.000      37.7804     0.920505     0.257645
1998-10-05/22:21:49      359.910     -11.2800      8.05000      150.000      35.6382     0.866026     0.311002
1998-10-05/22:22:09      359.850     -10.2500      12.8000      144.000      30.4326     0.809017     0.312202
1998-10-05/22:22:28      359.840     -9.28000      9.44000      95.0000      26.2134    0.0871559     0.455769
1998-10-05/22:22:48      359.790     -8.14000      12.4100      172.000      45.0000     0.990268     0.109306
1998-10-05/22:23:08      359.670     -7.20000      15.9900      145.000      30.0488     0.819152     0.300812
1998-10-05/22:23:28      359.740     -5.89000      13.9800      145.000      30.0488     0.819152     0.300812
1998-10-05/22:23:48      359.650     -4.75000      14.0800      133.000      26.9050     0.681998     0.343430
1998-10-05/22:24:07      359.570     -3.65000      11.9600      174.000      45.0000     0.994522    0.0820963
1998-10-05/22:24:27      359.340     -2.65000      10.5900      134.000      6.10311     0.694658    0.0766236
1998-10-05/22:24:47      359.180     -1.54000      11.0300      153.000      10.1708     0.891007    0.0805896
1998-10-05/22:25:08      358.990    -0.450000      11.1400      125.000      8.26770     0.573576     0.118202
1998-10-05/22:25:28      358.730     0.500000      9.68000      139.000      27.2650     0.754710     0.312195
1998-10-05/22:28:28      357.950      9.06000      11.0100      102.000      8.53174     0.207912     0.145653
1998-10-05/22:28:48      357.990      10.0900      11.1400      118.000      4.98984     0.469472    0.0768951
1998-10-05/22:29:07      358.040      11.1900      9.74000      111.000      4.98908     0.358368    0.0812923
1998-10-05/22:29:27      358.050      12.3200      9.64000      108.000      5.83238     0.309017    0.0968121
1998-10-05/22:29:47      358.110      13.5200      9.59000      110.000      5.40118     0.342020    0.0885833
1998-10-05/22:30:07      358.140      14.6800      9.67000      111.000      4.98908     0.358368    0.0812923
1998-10-05/22:30:26      358.180      15.8300      9.79000      114.000      6.39498     0.406737     0.101964
1998-10-05/22:30:46      358.230      17.0200      10.8800      111.000      4.42117     0.358368    0.0720388
1998-10-05/22:31:06      358.230      18.1300      10.3600      114.000      5.18252     0.406737    0.0826320
1998-10-05/22:31:26      358.190      19.2800      9.84000      112.000      4.85743     0.374607    0.0786049
1998-10-05/22:31:47      358.110      20.4400      10.5600      114.000      5.47039     0.406737    0.0872220
1998-10-05/22:32:07      358.030      21.5200      10.6100      113.000      3.49606     0.390731    0.0561671
1998-10-05/22:32:27      357.980      22.4800      10.5500      97.0000      18.5254     0.121869     0.320920
1998-10-05/22:33:06      358.170      24.4600      10.3900      115.000      4.90301     0.422618    0.0775561
1998-10-05/22:33:26      358.210      25.6700      10.4300      121.000      5.24339     0.515038    0.0784432
1998-10-05/22:33:46      358.100      26.8000      10.5600      114.000      7.39356     0.406737     0.117886
1998-10-05/22:34:06      357.990      27.8500      12.1500      115.000      4.90301     0.422618    0.0775561
1998-10-05/22:34:27      357.900      28.9200      18.4300      101.000      4.33435     0.190809    0.0742588
1998-10-05/22:37:26      357.340      38.8800      16.0900      102.000      2.65735     0.207912    0.0453660
1998-10-05/22:38:06      357.590      40.9500      12.3100      100.000      2.47242     0.173648    0.0424963
1998-10-05/22:38:26      357.750      42.1900      11.1400      115.000      3.88985     0.422618    0.0615299
1998-10-05/22:38:46      357.880      43.6200      10.8900      110.000      3.00121     0.342020    0.0492220
1998-10-05/22:39:06      357.910      44.7300      10.4800      118.000      4.45736     0.469472    0.0686894
1998-10-05/22:39:26      357.900      46.0000      10.0800      108.000      3.86319     0.309017    0.0641254
1998-10-05/22:39:45      358.160      47.2700      10.3500      111.000      2.41315     0.358368    0.0393200
1998-10-05/22:40:05      357.960      48.5300      10.4900      113.000      3.25485     0.390731    0.0522919
1998-10-05/22:40:25      357.310      50.5800      10.4400      101.000      1.71735     0.190809    0.0294227
1998-10-05/23:09:20      179.210      52.4800      10.7400      66.0000      1.82806     0.406737    0.0291473
1998-10-05/23:09:40      179.760      52.1700      10.2400      59.0000      3.44536     0.515038    0.0515439
1998-10-05/23:10:00      180.000      50.5100      9.89000      58.0000      2.86288     0.529919    0.0423742
1998-10-05/23:10:20      179.850      48.9700      9.93000      56.0000      2.17132     0.559193    0.0314178
1998-10-05/23:10:40      179.530      47.9900      9.99000      46.0000      2.62354     0.694658    0.0329381
1998-10-05/23:11:00      178.960      46.6200      9.97000      68.0000      2.41315     0.374607    0.0390506
1998-10-05/23:11:20      178.510      45.2900      9.88000      70.0000      3.38317     0.342020    0.0554865
1998-10-05/23:11:40      178.160      44.3700      9.85000      65.0000      2.17026     0.422618    0.0343293
1998-10-05/23:12:00      177.940      43.0000      9.95000      67.0000      1.52115     0.390731    0.0244386
1998-10-05/23:12:20      178.040      41.2900      9.90000      66.0000      1.31741     0.406737    0.0210053
1998-10-05/23:12:40      178.530      40.2900      9.79000      62.0000      3.27689     0.469472    0.0504980
1998-10-05/23:12:59      178.660      39.2200      9.77000      61.0000      4.06758     0.484810    0.0620916
1998-10-05/23:13:19      178.360      38.3700      10.1600      68.0000      2.32941     0.374607    0.0376955
1998-10-05/23:13:39      178.030      37.2900      10.6300      69.0000      2.27385     0.358368    0.0370502
1998-10-05/23:13:59      178.050      36.0400      10.2100      70.0000      2.46527     0.342020    0.0404322
1998-10-05/23:14:20      177.990      34.5600      9.79000      61.0000      2.42354     0.484810    0.0369953
1998-10-05/23:14:39      178.110      33.2100      9.62000      62.0000      3.38384     0.469472    0.0521461
1998-10-05/23:14:59      178.320      32.3800      9.40000      62.0000      3.48879     0.469472    0.0537635
1998-10-05/23:15:19      178.330      31.2900      9.28000      62.0000      3.38384     0.469472    0.0521461
1998-10-05/23:15:39      178.070      30.0900      9.24000      55.0000      1.94146     0.573576    0.0277569
1998-10-05/23:15:59      178.030      28.9600      9.52000      58.0000      2.63036     0.529919    0.0389326
1998-10-05/23:16:19      177.730      27.8400      9.63000      54.0000      1.64420     0.587785    0.0232161
1998-10-05/23:16:38      177.070      26.4800      9.45000      69.0000      3.67818     0.358368    0.0599325
1998-10-05/23:16:58      177.610      25.5100      9.42000      84.0000      2.47527     0.104528    0.0429650
1998-10-05/23:17:18      177.560      24.6200      9.42000      67.0000      1.74712     0.390731    0.0280690
1998-10-05/23:17:38      177.240      23.5600      9.35000      54.0000      2.21851     0.587785    0.0313254
1998-10-05/23:17:58      176.980      22.3900      9.05000      49.0000      2.86654     0.656059    0.0377585
1998-10-05/23:18:18      176.950      21.3200      9.39000      55.0000      1.90183     0.573576    0.0271903
1998-10-05/23:18:38      177.030      20.4000      9.67000      59.0000      2.68786     0.515038    0.0402114
1998-10-05/23:18:58      177.120      19.4900      9.76000      73.0000      3.37382     0.292372    0.0563113
1998-10-05/23:19:18      176.860      18.6600      9.66000      74.0000      2.85935     0.275637    0.0479718
1998-10-05/23:19:38      176.820      17.8000      9.61000      75.0000      2.85144     0.258819    0.0480712
1998-10-05/23:19:58      176.930      16.8400      9.87000      61.0000      2.91367     0.484810    0.0444772
1998-10-05/23:20:18      176.740      15.7100      10.0400      57.0000      2.14938     0.544639    0.0314617
1998-10-05/23:20:38      176.790      14.4400      10.0300      61.0000      2.30775     0.484810    0.0352278
1998-10-05/23:20:58      176.790      13.2500      9.92000      68.0000      1.97620     0.374607    0.0319797
1998-10-05/23:21:18      176.900      12.1700      9.84000      76.0000      1.65840     0.241922    0.0280848
1998-10-05/23:21:38      176.790      11.3600      9.73000      70.0000      2.97829     0.342020    0.0488461
1998-10-05/23:21:58      176.860      10.3600      9.55000      64.0000      2.55251     0.438371    0.0400410
1998-10-05/23:22:17      176.750      9.34000      9.56000      73.0000      2.04680     0.292372    0.0341625
1998-10-05/23:22:37      176.810      8.18000      9.46000      68.0000      2.39953     0.374607    0.0388302
1998-10-05/23:22:57      176.990      7.09000      9.38000      74.0000      2.76988     0.275637    0.0464708
1998-10-06/01:36:52      177.150     -49.5100      9.28000      91.0000      8.59401    0.0174525     0.149971
1998-10-06/01:37:12      177.490     -51.0600      9.46000      78.0000      2.66120     0.207912    0.0454317
1998-10-06/01:37:31      177.270     -53.3200      9.52000      81.0000      3.49675     0.156434    0.0602784
1998-10-06/01:37:52      176.810     -55.6700      9.48000      74.0000      4.06813     0.275637    0.0682518
1998-10-06/01:38:12      176.560     -56.6900      9.50000      76.0000      2.41720     0.241922    0.0409349
1998-10-06/01:38:32      176.710     -58.5600      9.56000      71.0000      3.03428     0.325568    0.0500729
1998-10-06/01:38:52      175.930     -60.7000      9.66000      65.0000      1.94222     0.422618    0.0307221
1998-10-06/01:39:11      175.060     -62.7000      9.60000      67.0000      1.86436     0.390731    0.0299525
1998-10-06/01:39:31      175.300     -65.1900      9.36000      65.0000      2.74282     0.422618    0.0433861
1998-10-06/01:40:31      171.670     -65.8800      8.64000      65.0000      2.05132     0.422618    0.0324479
1998-10-06/01:40:51      174.710     -65.1400      9.42000      62.0000      1.91433     0.469472    0.0295005
1998-10-06/01:41:11      176.930     -65.9700      9.69000      64.0000      2.62014     0.438371    0.0411019
1998-10-06/01:41:31      178.860     -68.5000      9.25000      64.0000      2.90088     0.438371    0.0455059
1998-10-06/01:59:28      2.38000     -78.8400      8.92000      98.0000      2.95756     0.139173    0.0511168
1998-10-06/01:59:48      359.200     -74.9500      9.03000      105.000      2.34766     0.258819    0.0395782
1998-10-06/02:00:08      359.080     -72.7800      8.42000      105.000      2.34766     0.258819    0.0395782
1998-10-06/02:00:27      359.300     -71.3200      8.01000      111.000      1.97620     0.358368    0.0322003
1998-10-06/02:00:47      359.280     -69.6900      9.24000      111.000      1.97620     0.358368    0.0322003
1998-10-06/02:01:07      359.380     -68.2500      9.53000      118.000      3.42319     0.469472    0.0527525
1998-10-06/02:01:27      359.320     -66.9200      9.25000      105.000      4.06813     0.258819    0.0685829
1998-10-06/02:01:47      359.380     -65.6700      8.82000      110.000      3.00121     0.342020    0.0492220
1998-10-06/02:02:07      359.380     -64.4300      9.30000      123.000      2.11018     0.544639    0.0308879
1998-10-06/02:08:06      355.520     -43.0900      9.37000      148.000      3.10692     0.848048    0.0287354
1998-10-06/02:08:26      355.670     -41.9100      9.43000      112.000      2.95217     0.374607    0.0477732
1998-10-06/02:08:46      355.840     -40.7400      9.48000      103.000      2.24958     0.224951    0.0382563
1998-10-06/02:09:06      355.790     -39.5600      9.02000      102.000      1.92393     0.207912    0.0328451
1998-10-06/02:09:26      355.850     -38.3400      8.85000      124.000      3.97079     0.559193    0.0574551
1998-10-06/02:10:05      355.900     -35.8800      9.06000      145.000      8.95361     0.819152    0.0896328
1998-10-06/02:11:06      356.150     -32.4300      9.23000      126.000      3.91933     0.587785    0.0553410
1998-10-06/02:11:26      356.320     -31.2900      9.36000      131.000      4.89541     0.656059    0.0644832
1998-10-06/02:11:46      356.430     -30.0700      9.37000      104.000      4.75772     0.241922    0.0805713
1998-10-06/02:12:06      356.520     -28.9300      9.09000      101.000      4.69498     0.190809    0.0804373
1998-10-06/02:12:25      356.610     -27.8300      9.13000      106.000      4.39636     0.275637    0.0737585
1998-10-06/02:12:45      356.650     -26.7300      9.32000      109.000      4.71565     0.325568    0.0778196
1998-10-06/02:13:05      356.720     -25.6200      9.47000      117.000      7.25609     0.453991     0.112839
1998-10-06/02:13:25      356.760     -24.5100      9.61000      119.000      7.49223     0.484810     0.114369
1998-10-06/02:13:44      356.700     -23.5200      9.81000      116.000      7.66565     0.438371     0.120250
1998-10-06/02:14:04      356.730     -22.4700      9.65000      121.000      5.49953     0.515038    0.0822751
1998-10-06/02:14:24      356.730     -21.3900      9.33000      119.000      7.49223     0.484810     0.114369
1998-10-06/02:14:44      356.720     -20.2600      10.0800      115.000      4.36896     0.422618    0.0691084
1998-10-06/02:15:05      356.700     -19.0500      10.1900      115.000      4.71998     0.422618    0.0746609
1998-10-06/02:15:25      356.740     -17.8900      10.0700      122.000      9.09191     0.529919     0.134571
1998-10-06/02:15:45      356.720     -16.7600      9.86000      124.000      5.29960     0.559193    0.0766822
1998-10-06/02:16:05      356.640     -15.6600      9.87000      114.000      3.21946     0.406737    0.0513323
1998-10-06/02:16:24      356.510     -14.6600      9.84000      112.000      2.95217     0.374607    0.0477732
1998-10-06/02:16:44      356.380     -13.6500      9.48000      117.000      6.88610     0.453991     0.107086
1998-10-06/02:17:04      356.320     -12.6700      9.79000      113.000      17.3017     0.390731     0.277966
1998-10-06/02:17:24      356.250     -11.7100      10.4700      114.000      4.94227     0.406737    0.0788014
1998-10-06/02:17:44      356.150     -10.7700      10.6300      114.000      4.94227     0.406737    0.0788014
1998-10-06/02:18:03      356.100     -9.82000      10.3600      130.000      5.12876     0.642788    0.0685715
1998-10-06/02:18:43      355.970     -7.72000      10.7700      100.000      3.59287     0.173648    0.0617547
1998-10-06/02:20:43      355.790    -0.910000      11.1600      138.000      7.48664     0.743145    0.0874330
1998-10-06/02:21:03      355.780     0.160000      11.1500      145.000      10.0322     0.819152     0.100430
1998-10-06/02:22:44      355.440      5.56000      11.2000      129.000      3.66249     0.629321    0.0496771
1998-10-06/02:23:03      355.400      6.57000      11.2400      109.000      2.97829     0.325568    0.0491490
1998-10-06/02:25:23      354.790      14.1500      11.0400      93.0000      2.65662    0.0523359    0.0463032
1998-10-06/02:26:43      354.640      18.2600      11.1100      101.000      1.95756     0.190809    0.0335381
1998-10-06/02:27:02      354.650      19.3000      11.0000      107.000      3.29316     0.292372    0.0549650
1998-10-06/03:03:36      175.140      66.4900      10.4700      118.000      1.63059     0.469472    0.0251279
1998-10-06/03:03:56      173.660      61.7300      10.3300      122.000      2.07130     0.529919    0.0306578
1998-10-06/03:04:16      173.590      59.4100      10.8300      120.000      2.39210     0.500000    0.0361566
1998-10-06/03:04:36      173.690      56.9100      10.5900      125.000      2.01076     0.573576    0.0287476
1998-10-06/03:04:56      173.920      54.5900      10.3100      120.000      2.81804     0.500000    0.0425947
1998-10-06/03:05:16      174.230      53.0300      10.5600      121.000      2.30422     0.515038    0.0344720
1998-10-06/03:05:36      174.660      51.4200      10.9300      122.000      2.19844     0.529919    0.0325396
1998-10-06/03:05:56      174.960      49.9800      10.2500      117.000      2.45583     0.453991    0.0381906
1998-10-06/03:06:16      175.400      48.2400      10.0400      114.000      1.38339     0.406737    0.0220573
1998-10-06/03:06:35      175.370      46.6900      8.68000      117.000      2.05042     0.453991    0.0318861
1998-10-06/03:06:56      175.090      45.0800      8.97000      120.000      2.46330     0.500000    0.0372328
1998-10-06/03:07:16      175.100      43.8700      10.0300      120.000      2.31453     0.500000    0.0349841
1998-10-06/03:07:36      174.990      42.6200      8.91000      116.000      2.75008     0.438371    0.0431403
1998-10-06/03:07:56      174.990      41.1300      10.1600      116.000      1.94197     0.438371    0.0304635
1998-10-06/03:08:15      175.000      39.8100      10.9300      119.000      2.72378     0.484810    0.0415785
1998-10-06/03:08:35      175.050      38.4200      9.67000      115.000      2.04489     0.422618    0.0323462
1998-10-06/03:08:55      175.180      37.3000      9.58000      115.000      2.36999     0.422618    0.0374886
1998-10-06/03:09:15      175.330      36.3900      10.0200      110.000      2.32336     0.342020    0.0381048
1998-10-06/03:09:35      175.280      35.3800      8.43000      114.000      1.58638     0.406737    0.0252938
1998-10-06/05:01:54      173.760      52.6100      11.5600      114.000      1.94222     0.406737    0.0309675
1998-10-06/05:02:14      173.510      51.7600      12.5800      116.000      2.25007     0.438371    0.0352967
1998-10-06/05:02:34      173.790      50.7600      11.1700      113.000      1.64092     0.390731    0.0263628
1998-10-06/05:02:54      174.070      49.6100      9.69000      113.000      1.64092     0.390731    0.0263628
1998-10-06/05:03:14      174.290      48.4400      10.6000      109.000      2.41105     0.325568    0.0397881
1998-10-06/05:03:33      174.260      47.3400      9.65000      111.000      2.01220     0.358368    0.0327869
1998-10-06/05:03:54      174.130      46.1600      10.6400      114.000      1.67200     0.406737    0.0266590
1998-10-06/05:04:14      174.150      44.9400      9.94000      116.000      2.25007     0.438371    0.0352967
1998-10-06/05:04:34      174.170      43.7800      9.09000      115.000      2.26287     0.422618    0.0357942
1998-10-06/05:04:54      174.260      42.6000      11.4200      114.000      1.58638     0.406737    0.0252938
1998-10-06/05:05:13      174.300      41.4900      10.6800      108.000      2.25162     0.309017    0.0373748
1998-10-06/05:05:33      174.310      40.2000      9.81000      110.000      2.32336     0.342020    0.0381048
1998-10-06/05:05:53      174.420      38.9400      10.3100      110.000      2.32336     0.342020    0.0381048
1998-10-06/05:06:13      174.490      37.7400      10.1800      108.000      2.25162     0.309017    0.0373748
1998-10-06/05:06:33      174.550      36.5300      9.96000      104.000      2.26526     0.241922    0.0383619
1998-10-06/05:06:52      174.640      35.3200      11.7600      101.000      1.68212     0.190809    0.0288191
1998-10-06/05:07:12      174.690      34.1100      11.2600      112.000      1.86436     0.374607    0.0301698
1998-10-06/05:07:32      174.720      32.9700      9.81000      114.000      2.09785     0.406737    0.0334489
1998-10-06/05:07:53      174.640      31.8200      10.3900      119.000      2.94180     0.484810    0.0449066
1998-10-06/05:08:13      174.560      30.7200      6.52000      103.000      2.41720     0.224951    0.0411068
1998-10-06/05:08:33      174.530      29.6400      10.6300      107.000      3.22839     0.292372    0.0538840
1998-10-06/05:08:53      174.460      28.6000      8.18000      112.000      1.81141     0.374607    0.0293130
1998-10-06/05:09:12      174.360      27.6200      11.1900      102.000      1.73073     0.207912    0.0295468
1998-10-06/05:09:32      174.270      26.6300      17.5300      98.0000      2.79037     0.139173    0.0482272
1998-10-06/05:09:52      174.230      25.6000      13.6400      95.0000      1.77089    0.0871559    0.0307902
1998-10-06/05:10:12      174.220      24.5100      10.8900      96.0000      2.03298     0.104529    0.0352878
1998-10-06/05:10:32      174.120      23.3500      10.5900      113.000      1.78538     0.390731    0.0286836
1998-10-06/05:10:52      174.230      22.2100      11.0800      102.000      1.99423     0.207912    0.0340453
1998-10-06/05:11:11      174.240      21.1100      10.0700      113.000      1.69368     0.390731    0.0272104
1998-10-06/05:11:31      174.250      19.9800      10.4200      104.000      2.45144     0.241922    0.0415148
1998-10-06/05:11:52      174.250      18.8000      10.8700      105.000      3.48493     0.258819    0.0587510
1998-10-06/05:12:12      174.340      17.7300      7.53000      96.0000      3.07606     0.104529    0.0533933
1998-10-06/05:12:32      174.330      16.6600      10.8200      113.000      2.02531     0.390731    0.0325383
1998-10-06/05:12:52      174.320      15.5600      10.7900      101.000      1.74878     0.190809    0.0299612
1998-10-06/05:13:11      174.280      14.5500      10.6600      107.000      2.72835     0.292372    0.0455380
1998-10-06/05:13:31      174.240      13.5100      11.4300      108.000      2.72086     0.309017    0.0451637
1998-10-06/05:13:51      174.210      12.4900      9.94000      110.000      2.55790     0.342020    0.0419514
1998-10-06/05:14:11      174.140      11.4400      9.16000      127.000      3.82036     0.601815    0.0532513
1998-10-06/05:14:32      174.120      10.2600      10.1600      94.0000      2.79926    0.0697566    0.0487373
1998-10-06/05:14:52      174.130      9.12000      10.6800      129.000      4.42622     0.629321    0.0600362
1998-10-06/05:15:12      174.030      7.99000      9.25000      153.000      2.80695     0.891007    0.0222412
1998-10-06/05:15:31      173.930      6.92000      11.3000      118.000      2.91367     0.469472    0.0449007
1998-10-06/05:15:51      173.860      5.90000      11.9200      125.000      1.52111     0.573576    0.0217472
1998-10-06/05:16:11      173.820      4.87000      11.3300      128.000      3.17442     0.615661    0.0436590
1998-10-06/05:16:31      173.870      3.81000      10.9500      134.000      1.76747     0.694658    0.0221903
1998-10-06/05:16:51      173.920      2.70000      10.6700      119.000      3.71706     0.484810    0.0567409
1998-10-06/06:56:53      169.560      65.1600      10.8800      42.0000      2.65205     0.743145    0.0309721
1998-10-06/06:57:13      168.990      68.3900      12.3100      49.0000      4.84274     0.656059    0.0637894
1998-10-06/06:57:33      169.370      62.3100      11.4100      55.0000      4.38424     0.573576    0.0626810
1998-10-06/06:57:53      169.360      59.5600      9.55000      47.0000      3.27162     0.681998    0.0417607
1998-10-06/06:58:12      170.690      58.3100      9.55000      48.0000      2.86963     0.669131    0.0372200
1998-10-06/06:58:32      169.800      58.1500      9.42000      46.0000      2.51485     0.694658    0.0315736
1998-10-06/06:58:52      171.990      56.3500      10.8600      63.0000      2.47717     0.453990    0.0385225
1998-10-06/06:59:12      172.270      55.0200      11.3100      63.0000      2.61791     0.453990    0.0407111
1998-10-06/06:59:31      172.000      54.3600      10.8700      61.0000      2.30775     0.484810    0.0352278
1998-10-06/06:59:51      171.480      53.9700      10.1400      58.0000      2.42035     0.529919    0.0358242
1998-10-06/07:00:11      171.700      52.7200      9.87000      59.0000      2.75537     0.515038    0.0412214
1998-10-06/07:00:31      171.460      51.4700      10.1600      57.0000      2.07130     0.544639    0.0303188
1998-10-06/07:00:52      171.050      50.2400      11.3800      55.0000      1.47084     0.573576    0.0210285
1998-10-06/07:01:12      171.160      48.6800      11.4200      49.0000      3.24964     0.656059    0.0428048
1998-10-06/07:01:32      171.690      47.3400      10.0200      55.0000      1.55036     0.573576    0.0221653
1998-10-06/07:01:52      172.040      45.9300      9.79000      58.0000      2.56239     0.529919    0.0379265
1998-10-06/07:04:30      170.740      36.0800      10.1100      33.0000      4.03107     0.838671    0.0383183
1998-10-06/07:04:51      170.950      35.1200      10.2200      34.0000      7.68005     0.829038    0.0749554
1998-10-06/07:05:11      170.900      34.3600      10.2900      36.0000      7.48954     0.809017    0.0768336
1998-10-06/07:05:31      171.450      33.7800      10.4400      48.0000      3.97424     0.669131    0.0515472
1998-10-06/07:05:51      172.010      32.7000      10.5000      61.0000      2.42354     0.484810    0.0369953
1998-10-06/07:06:10      172.280      31.4100      10.7800      58.0000      2.69424     0.529919    0.0398781
1998-10-06/07:06:30      171.740      30.5200      10.9400      54.0000      1.84329     0.587785    0.0260273
1998-10-06/07:06:50      171.900      29.7400      10.5500      54.0000      2.21851     0.587785    0.0313254
1998-10-06/07:09:30      171.620      19.6200      9.91000      56.0000      3.47125     0.559193    0.0502270
1998-10-06/07:09:50      171.670      18.4900      10.3600      47.0000      7.11006     0.681998    0.0907566
1998-10-06/07:10:09      171.850      17.6600      10.0600      53.0000      3.78039     0.601815    0.0526942
1998-10-06/07:10:29      171.990      16.7400      9.76000      63.0000      4.46577     0.453990    0.0694472
1998-10-06/07:10:49      172.100      15.7600      9.75000      59.0000      4.56678     0.515038    0.0683208
1998-10-06/07:11:09      171.890      14.7700      10.0500      48.0000      5.55836     0.669131    0.0720937
1998-10-06/07:11:30      171.690      13.4100      10.0700      48.0000      6.82167     0.669131    0.0884793
1998-10-06/07:11:50      171.840      12.4400      10.4400      63.0000      4.78372     0.453990    0.0743916
1998-10-06/07:12:10      171.980      11.7300      10.7200      67.0000      2.95217     0.390731    0.0474291
1998-10-06/08:49:52      172.280      80.8300      10.4100      61.0000      2.42354     0.484810    0.0369953
1998-10-06/08:50:12      171.300      80.1300      10.2800      62.0000      2.58715     0.469472    0.0398689
1998-10-06/08:50:32      171.740      80.3200      10.4000      63.0000      2.15172     0.453990    0.0334614
1998-10-06/08:50:52      173.250      77.7600      9.99000      64.0000      2.04489     0.438371    0.0320780
1998-10-06/08:51:11      174.470      77.0100      10.2700      64.0000      1.78727     0.438371    0.0280368
1998-10-06/08:51:31      175.130      76.0900      10.8400      63.0000      2.04763     0.453990    0.0318427
1998-10-06/08:51:51      176.630      76.9900      10.4600      65.0000      1.58638     0.422618    0.0250934
1998-10-06/08:52:11      179.620      76.6900      10.3100      65.0000      1.94222     0.422618    0.0307221
1998-10-06/08:52:31      177.390      71.7000      10.7600      66.0000      1.69368     0.406737    0.0270047
1998-10-06/08:52:51      177.320      69.2100      10.3100      60.0000      3.17715     0.500000    0.0480226
1998-10-06/08:53:11      177.620      66.6200      10.1900      56.0000      2.27303     0.559193    0.0328895
1998-10-06/08:53:30      177.350      63.8400      8.38000      91.0000      1.72870    0.0174525    0.0301669
1998-10-06/08:53:51      175.670      62.7200      10.2300      80.0000      3.25690     0.173648    0.0559801
1998-10-06/08:54:11      174.070      62.1100      11.3100      66.0000      1.53310     0.406737    0.0244443
1998-10-06/08:54:31      173.660      61.8200      11.4300      64.0000      1.94748     0.438371    0.0305500
1998-10-06/08:54:51      171.440      60.6700      8.73000      57.0000      2.04105     0.544639    0.0298760
1998-10-06/08:55:10      170.570      57.8400      12.2000      49.0000      3.97021     0.656059    0.0522963
1998-10-06/08:55:30      170.680      56.1400      11.8300      57.0000      2.19844     0.544639    0.0321798
1998-10-06/08:55:50      170.060      55.5100      10.9800      49.0000      3.76166     0.656059    0.0495492
1998-10-06/10:53:28      176.000      64.2100      11.7600      94.0000      3.13460    0.0697566    0.0545758
1998-10-06/10:53:47      175.270      61.1700      12.0100      95.0000      3.44413    0.0871559    0.0598827
1998-10-06/10:54:07      174.880      59.8700      15.6200      111.000      2.47319     0.358368    0.0402983
1998-10-06/10:54:27      174.280      57.7600      15.4300      115.000      3.75347     0.422618    0.0593726
1998-10-06/10:54:48      173.590      55.6900      13.9800      116.000      3.23533     0.438371    0.0507524
1998-10-06/10:55:08      173.510      54.2800      12.4800      97.0000      3.56556     0.121869    0.0617669
1998-10-06/10:56:27      173.580      49.2700      12.3800      94.0000      4.28240    0.0697566    0.0745599
1998-10-06/10:57:28      173.270      45.2900      11.7600      92.0000      2.51267    0.0348995    0.0438276
1998-10-06/10:57:48      173.860      45.0100      12.8300      97.0000      3.50062     0.121869    0.0606419
1998-10-06/10:58:07      173.810      44.1100      13.0200      94.0000      3.67169    0.0697566    0.0639270
1998-10-06/10:58:27      173.480      42.8700      12.3700      93.0000      3.46203    0.0523359    0.0603410
1998-10-06/10:58:47      173.560      41.1600      11.9400      98.0000      5.49410     0.139173    0.0949569
1998-10-06/11:01:27      173.400      32.0200      12.0600      138.000      9.32259     0.743145     0.108874
1998-10-06/11:02:06      172.830      29.9800      11.9800      101.000      3.52032     0.190809    0.0603123
1998-10-06/11:02:26      172.510      28.5100      11.7000      105.000      4.56806     0.258819    0.0770110
1998-10-06/11:02:46      172.130      27.1300      12.9200      100.000      3.59287     0.173648    0.0617547
1998-10-06/11:03:06      172.200      26.1300      12.3000      103.000      4.36973     0.224951    0.0743115
1998-10-06/11:03:26      172.390      25.4100      11.7300      131.000      5.06210     0.656059    0.0666788
1998-10-06/11:03:46      172.000      24.4900      12.2600      122.000      2.74913     0.529919    0.0406905
1998-10-06/11:04:05      171.730      23.2300      14.2800      119.000      3.98186     0.484810    0.0607831
1998-10-06/11:04:25      171.720      21.9600      12.3900      109.000      3.32780     0.325568    0.0549167
1998-10-06/11:04:45      171.710      20.7400      8.35000      101.000      2.52565     0.190809    0.0432710
1998-10-06/15:23:37      167.930     -54.5700      11.4700      92.0000      9.62558    0.0348995     0.167896
1998-10-06/15:23:57      167.910     -55.6700      11.7300      119.000      3.07917     0.484810    0.0470035
1998-10-06/15:24:17      168.120     -57.0900      13.0300      122.000      2.81476     0.529919    0.0416619
1998-10-06/15:24:37      167.820     -58.3400      11.4100      123.000      2.17132     0.544639    0.0317828
1998-10-06/15:24:57      167.560     -59.4400      16.6600      117.000      3.27689     0.453991    0.0509589
1998-10-06/15:25:17      167.580     -60.1700      15.1800      103.000      2.32163     0.224951    0.0394816
1998-10-06/15:25:37      167.690     -61.1400      10.7900      91.0000      1.77038    0.0174525    0.0308943
1998-10-06/15:25:57      167.580     -62.6300      12.8000      93.0000      3.31445    0.0523359    0.0577688
1998-10-06/15:26:17      167.010     -64.1400      14.2000      114.000      2.05132     0.406737    0.0327070
1998-10-06/15:26:37      166.920     -66.1700      12.9200      110.000      2.35372     0.342020    0.0386027
1998-10-06/15:26:56      166.290     -67.1300      13.5300      115.000      3.00722     0.422618    0.0475684
1998-10-06/15:27:17      165.400     -67.9800      13.4200      122.000      2.48027     0.529919    0.0367110
1998-10-06/15:27:37      165.170     -68.6500      9.40000      119.000      3.00080     0.484810    0.0458072
1998-10-06/15:27:57      164.830     -69.8000      8.32000      117.000      3.16633     0.453991    0.0492396
1998-10-06/15:28:17      164.820     -71.0100      10.9100      114.000      3.09401     0.406737    0.0493321
1998-10-06/15:28:36      164.230     -72.2000      14.1500      133.000      2.51485     0.681998    0.0321009
1998-10-06/15:28:56      163.570     -73.4500      16.9800      136.000      4.01277     0.719340    0.0486511
1998-10-06/15:29:16      163.290     -74.5800      15.2200      115.000      4.02131     0.422618    0.0636093
1998-10-06/15:29:36      162.700     -75.5000      12.1100      110.000      2.88719     0.342020    0.0473520
1998-10-06/15:29:56      162.400     -76.4200      12.8300      107.000      2.31438     0.292372    0.0386285
1998-10-06/15:30:15      162.060     -77.5400      12.8500      118.000      3.10994     0.469472    0.0479252
1998-10-06/15:30:35      161.580     -78.6400      13.6500      121.000      2.56239     0.515038    0.0383344
1998-10-06/15:30:55      160.070     -79.6800      13.9600      120.000      2.61527     0.500000    0.0395298
1998-10-06/15:31:16      158.580     -80.6700      14.4400      120.000      3.05288     0.500000    0.0461443
1998-10-06/15:31:36      157.740     -81.7600      14.4900      113.000      1.82806     0.390731    0.0293693
1998-10-06/15:31:56      157.110     -82.2800      13.7200      113.000      1.97323     0.390731    0.0317016
1998-10-06/15:32:16      154.870     -83.4500      13.2800      118.000      5.35676     0.469472    0.0825495
1998-10-06/15:32:35      151.770     -83.9400      12.8400      129.000      5.62312     0.629321    0.0762706
1998-10-06/15:32:55      146.530     -84.5200      12.5900      132.000      4.47968     0.669131    0.0581029
1998-10-06/15:33:15      140.960     -85.2300      11.2100      140.000      7.90368     0.766045    0.0886695
1998-10-06/15:33:35      131.950     -86.1000      12.1800      129.000      6.60271     0.629321    0.0895575
1998-10-06/15:33:54      139.430     -86.7500      11.7500      102.000      4.15178     0.207912    0.0708788
1998-10-06/15:34:14      135.970     -87.8700      12.0700      101.000      2.17303     0.190809    0.0372297
1998-10-06/15:34:34      118.330     -88.6700      12.5700      111.000      3.58961     0.358368    0.0584893
1998-10-06/16:40:24      152.570      84.3100      12.7600      67.0000      1.61897     0.390731    0.0260101
1998-10-06/16:40:44      156.940      82.8100      12.4400      62.0000      2.93155     0.469472    0.0451762
1998-10-06/16:41:04      162.160      80.2000      12.5000      65.0000      2.00852     0.422618    0.0317709
1998-10-06/16:41:24      164.680      77.5600      12.4100      70.0000      2.75142     0.342020    0.0451253
1998-10-06/16:41:43      164.830      75.9200      12.6700      67.0000      1.68015     0.390731    0.0269930
1998-10-06/16:42:03      165.540      73.8200      12.7000      66.0000      1.64092     0.406737    0.0261634
1998-10-06/16:42:23      165.810      72.0700      12.6100      65.0000      1.58638     0.422618    0.0250934
1998-10-06/16:42:43      165.960      70.7400      12.5200      61.0000      2.18262     0.484810    0.0333177
1998-10-06/16:43:02      165.780      70.0600      12.5300      66.0000      1.58863     0.406737    0.0253297
1998-10-06/16:43:22      166.090      68.9400      12.6100      64.0000      2.36999     0.438371    0.0371778
1998-10-06/16:43:42      166.050      67.8500      12.4400      63.0000      3.45764     0.453990    0.0537698
1998-10-06/16:44:02      166.140      66.7200      12.4600      60.0000      3.85064     0.500000    0.0582024
1998-10-06/16:44:23      166.180      65.4600      12.6400      65.0000      4.72533     0.422618    0.0747455
1998-10-06/16:44:43      166.360      64.1800      13.0800      54.0000      5.82625     0.587785    0.0822667
1998-10-06/16:45:03      166.560      62.9200      13.1900      56.0000      1.83647     0.559193    0.0265727
1998-10-06/16:45:23      166.460      61.4400      12.4900      56.0000      1.83647     0.559193    0.0265727
1998-10-06/16:45:42      166.180      60.1900      12.5500      57.0000      2.11743     0.544639    0.0309940
1998-10-06/16:46:02      166.030      59.0600      12.6400      51.0000      2.84796     0.629320    0.0386290
1998-10-06/16:46:22      165.690      58.5800      12.7100      54.0000      1.84329     0.587785    0.0260273
1998-10-06/16:46:42      164.110      58.4900      12.7200      48.0000      3.55430     0.669131    0.0461004
1998-10-06/16:47:01      163.470      57.2200      12.8800      38.0000      5.84887     0.788011    0.0628480
1998-10-06/16:47:21      162.480      56.1500      12.8800      33.0000      6.40488     0.838671    0.0608832
1998-10-06/16:51:41      166.930      36.3900      12.6600      64.0000      3.88985     0.438371    0.0610197
1998-10-06/16:52:01      167.140      35.3600      12.6600      58.0000      4.08844     0.529919    0.0605139
1998-10-06/16:52:21      167.270      34.3500      12.9300      57.0000      2.86821     0.544639    0.0419836
1998-10-06/16:52:41      167.380      33.3500      13.0800      60.0000      2.80616     0.500000    0.0424151
1998-10-06/16:53:01      167.400      32.3500      13.0100      55.0000      1.90183     0.573576    0.0271903
1998-10-06/16:53:20      167.410      31.3400      13.0500      69.0000      2.65743     0.358368    0.0433003
1998-10-06/16:53:40      167.400      30.3600      12.7200      101.000      2.66120     0.190809    0.0455933
1998-10-06/16:54:00      167.420      29.4200      12.6500      66.0000      2.19499     0.406737    0.0349977
1998-10-06/16:54:20      167.350      28.5300      13.0900      59.0000      3.14954     0.515038    0.0471184
1998-10-06/16:54:40      167.240      27.6400      13.2200      53.0000      3.91933     0.601815    0.0546308
1998-10-06/16:55:00      167.120      26.6600      13.1700      50.0000      3.29006     0.642788    0.0439881
1998-10-06/16:55:20      166.910      25.6200      13.5600      48.0000      3.73483     0.669131    0.0484420
1998-10-06/16:55:40      166.570      24.4100      13.4000      57.0000      7.74172     0.544639     0.113320
1998-10-06/16:56:00      166.240      23.3000      13.5500      42.0000      4.15427     0.743145    0.0485158
1998-10-06/16:56:20      166.070      22.3700      13.3300      36.0000      9.09552     0.809017    0.0933090
1998-10-06/16:56:39      166.300      21.4200      13.5000      47.0000      3.63051     0.681998    0.0463418
1998-10-06/16:56:59      166.830      20.3600      13.4600      61.0000      4.71316     0.484810    0.0719464
1998-10-06/17:39:52      169.950     -80.2100      13.1000      126.000      3.17024     0.587785    0.0447638
1998-10-06/17:40:11      350.450     -76.5500      13.2000      116.000      3.45764     0.438371    0.0542397
1998-10-06/17:40:31      352.290     -77.2100      13.3200      119.000      2.34718     0.484810    0.0358297
1998-10-06/17:40:51      349.310     -74.6200      13.2300      117.000      3.48879     0.453991    0.0542542
1998-10-06/17:41:11      348.870     -73.0600      15.9500      115.000      2.46981     0.422618    0.0390676
1998-10-06/17:41:30      349.180     -71.5800      16.1000      112.000      1.29069     0.374607    0.0208865
1998-10-06/17:41:50      349.840     -70.0100      16.4700      113.000      1.39088     0.390731    0.0223457
1998-10-06/17:42:10      350.020     -69.2900      16.4800      117.000      2.31939     0.453991    0.0360688
1998-10-06/17:42:30      349.810     -68.2500      16.9900      126.000      2.78934     0.587785    0.0393855
1998-10-06/17:42:51      349.710     -66.5400      17.3500      113.000      1.69368     0.390731    0.0272104
1998-10-06/17:43:11      350.390     -65.5300      16.1700      113.000      4.06747     0.390731    0.0653473
1998-10-06/17:43:31      350.010     -64.1500      16.5000      116.000      3.56278     0.438371    0.0558890
1998-10-06/17:43:50      349.870     -63.0000      17.5700      112.000      1.98706     0.374607    0.0321554
1998-10-06/17:44:10      349.450     -61.7900      17.7400      113.000      1.82806     0.390731    0.0293693
1998-10-06/17:44:30      348.630     -60.5400      17.7400      112.000      1.74712     0.374607    0.0282726
1998-10-06/17:44:50      347.640     -59.2000      17.4500      126.000      3.78039     0.587785    0.0533791
1998-10-06/17:45:10      347.020     -57.7300      16.7700      120.000      3.34165     0.500000    0.0505090
1998-10-06/17:45:30      346.330     -56.3700      16.1200      124.000      2.73707     0.559193    0.0396039
1998-10-06/17:45:50      345.810     -55.2300      16.7500      127.000      4.46316     0.601815    0.0622112
1998-10-06/17:46:10      345.640     -53.9400      14.9800      101.000      3.63733     0.190809    0.0623170
1998-10-06/18:52:58      165.360      28.5700      15.0200      50.0000      5.62312     0.642788    0.0751811
1998-10-06/18:53:18      165.640      26.9000      14.0400      46.0000      2.62354     0.694658    0.0329381
1998-10-06/18:53:38      165.580      26.2800      14.6900      54.0000      1.84329     0.587785    0.0260273
1998-10-06/18:53:57      165.890      25.1300      14.0200      64.0000      2.90088     0.438371    0.0455059
1998-10-06/18:54:17      165.950      23.7900      15.2800      65.0000      2.85912     0.422618    0.0452257
1998-10-06/18:54:38      165.970      22.6200      17.4200      62.0000      3.85261     0.469472    0.0593700
1998-10-06/18:54:58      165.960      21.4600      13.3500      64.0000      2.90088     0.438371    0.0455059
1998-10-06/18:55:18      165.920      20.2300      15.1300      64.0000      4.71998     0.438371    0.0740419
1998-10-06/18:55:38      165.860      19.0600      15.5200      64.0000      3.24076     0.438371    0.0508375
1998-10-06/18:55:57      165.900      17.9400      12.7600      67.0000      1.86436     0.390731    0.0299525
1998-10-06/18:56:17      166.070      16.8700      15.3000      75.0000      4.75772     0.258819    0.0802084
1998-10-06/18:56:37      166.050      15.7500      12.2400      76.0000      3.80260     0.241922    0.0643965
1998-10-06/20:46:36      163.770      41.3300      17.9000      45.0000      3.27043     0.707107    0.0403615
1998-10-06/20:46:56      163.770      40.1600      17.0700      40.0000      6.78485     0.766044    0.0761176
1998-10-06/20:47:16      163.920      38.9600      11.9900      44.0000      4.39715     0.719340    0.0533114
1998-10-06/20:47:37      163.980      37.7500      14.6100      51.0000      8.87976     0.629320     0.120443
1998-10-06/20:47:57      164.050      36.6100      16.1000      42.0000      4.34261     0.743145    0.0507153
1998-10-06/20:48:17      164.150      35.5500      14.4000      53.0000      4.16535     0.601815    0.0580601
1998-10-06/20:48:37      164.290      34.4400      13.6500      49.0000      7.45448     0.656059    0.0981917
1998-10-06/20:48:56      164.300      33.3700      14.1100      51.0000      7.77639     0.629320     0.105477
1998-10-06/21:15:51      161.870     -54.2300      12.4600      49.0000      3.62131     0.656059    0.0477005
1998-10-06/21:16:11      161.790     -55.4300      14.5200      59.0000      3.24624     0.515038    0.0485650
1998-10-06/21:16:31      161.480     -56.5400      14.1000      66.0000      2.19499     0.406737    0.0349977
1998-10-06/21:16:50      160.890     -57.6600      13.2400      50.0000      3.66249     0.642788    0.0489675
1998-10-06/21:17:10      160.620     -58.9000      12.7200      48.0000      2.86963     0.669131    0.0372200
1998-10-06/21:17:30      160.740     -60.1500      14.8300      65.0000      6.96180     0.422618     0.110122
1998-10-06/21:17:50      160.850     -61.5300      15.3600      51.0000      3.30492     0.629320    0.0448271
1998-10-06/21:18:11      160.760     -62.9700      15.5000      60.0000      2.80616     0.500000    0.0424151
1998-10-06/21:18:31      160.480     -64.3100      14.9900      65.0000      2.09785     0.422618    0.0331839
1998-10-06/21:18:51      160.140     -65.5900      15.2800      64.0000      2.46981     0.438371    0.0387437
1998-10-06/21:19:11      159.960     -66.8500      15.5300      62.0000      2.93155     0.469472    0.0451762
1998-10-06/21:19:30      159.870     -67.9800      15.0700      50.0000      2.90193     0.642788    0.0387988
1998-10-06/21:19:50      159.380     -69.4700      14.9100      62.0000      2.58715     0.469472    0.0398689
1998-10-06/21:20:10      158.110     -71.3200      14.9500      58.0000      2.49214     0.529919    0.0368867
1998-10-06/21:20:30      155.220     -73.2600      14.3900      61.0000      2.42354     0.484810    0.0369953
1998-10-06/21:20:49      150.070     -75.3500      13.6700      53.0000      3.00177     0.601815    0.0418411
1998-10-06/22:33:37      162.370      74.2200      13.5100      52.0000      2.82921     0.615661    0.0389112
1998-10-06/22:33:57      164.290      73.7100      14.1100      59.0000      2.31453     0.515038    0.0346263
1998-10-06/22:34:17      164.680      72.7500      14.2300      60.0000      2.34718     0.500000    0.0354776
1998-10-06/22:34:37      164.880      71.4600      13.9300      64.0000      1.94748     0.438371    0.0305500
1998-10-06/22:34:57      165.320      69.9900      13.9400      63.0000      2.35343     0.453990    0.0365982
1998-10-06/22:35:17      166.070      68.5900      14.5700      71.0000      2.25162     0.325568    0.0371572
1998-10-06/22:35:37      166.690      67.0800      14.4800      64.0000      2.69276     0.438371    0.0422411
1998-10-06/22:35:57      167.200      65.4100      14.3500      61.0000      4.98984     0.484810    0.0761699
1998-10-06/22:36:16      167.540      64.3200      14.2700      41.0000      5.73175     0.754710    0.0656308
1998-10-06/22:36:36      167.620      62.9800      14.3200      76.0000      3.59763     0.241922    0.0609253
1998-10-06/22:36:56      167.490      61.5700      14.5600      81.0000      3.43655     0.156434    0.0592407
1998-10-06/22:37:16      167.260      60.3500      14.7200      61.0000      4.06758     0.484810    0.0620916
1998-10-06/22:37:36      166.670      59.5900      14.7000      70.0000      2.83748     0.342020    0.0465367
1998-10-06/22:37:56      166.780      58.4600      14.5500      67.0000      2.03620     0.390731    0.0327133
1998-10-06/22:38:16      167.010      57.3500      14.2900      76.0000      3.18314     0.241922    0.0539060
1998-10-06/22:38:36      166.930      56.0100      14.2100      76.0000      2.73067     0.241922    0.0462435
1998-10-06/22:38:56      166.860      54.5600      14.1000      74.0000      3.52055     0.275637    0.0590649
1998-10-06/22:39:16      166.600      53.0700      14.2900      77.0000      2.28924     0.224951    0.0389307
1998-10-06/22:39:35      166.290      51.6800      14.6900      71.0000      2.72086     0.325568    0.0449008
1998-10-06/22:39:55      166.270      50.5800      14.6800      71.0000      3.12735     0.325568    0.0516088
1998-10-06/22:40:15      166.280      49.7100      13.4600      72.0000      3.13206     0.309017    0.0519893
1998-10-06/22:40:36      166.250      48.9600      13.4900      85.0000      3.27280    0.0871558    0.0569038
1998-10-06/22:40:56      165.970      48.1200      13.5800      66.0000      1.69368     0.406737    0.0270047
1998-10-06/22:41:16      165.610      47.3000      13.5300      62.0000      3.48879     0.469472    0.0537635
1998-10-06/22:41:36      165.330      46.6400      13.5200      70.0000      2.83748     0.342020    0.0465367
1998-10-06/22:41:55      165.000      46.0200      13.5600      76.0000      1.98394     0.241922    0.0335977
1998-10-06/22:42:15      164.610      45.3500      13.4600      44.0000      1.78255     0.719340    0.0216118
1998-10-06/22:42:35      164.350      44.3300      13.3700      65.0000      2.74282     0.422618    0.0433861
1998-10-06/22:42:55      163.940      43.3900      13.4000      54.0000      2.21851     0.587785    0.0313254
1998-10-06/22:43:15      163.690      42.7700      13.3800      48.0000      2.94219     0.669131    0.0381612
1998-10-06/22:43:35      163.740      41.8900      13.4900      51.0000      3.30492     0.629320    0.0448271
1998-10-06/22:43:54      163.790      40.8000      13.6400      50.0000      3.95825     0.642788    0.0529218
1998-10-06/22:44:14      163.900      39.6600      13.6500      46.0000      2.56416     0.694658    0.0321926
1998-10-06/22:44:35      163.990      38.4400      13.7000      57.0000      2.40317     0.544639    0.0351766
1998-10-06/22:44:55      164.070      37.2200      13.7100      63.0000      3.01723     0.453990    0.0469209
1998-10-06/22:45:15      164.110      36.0700      13.8000      64.0000      2.69276     0.438371    0.0422411
1998-10-06/22:45:35      164.120      34.9700      13.7800      62.0000      3.38384     0.469472    0.0521461
1998-10-06/22:45:54      164.140      33.8900      14.0100      57.0000      2.19844     0.544639    0.0321798
1998-10-06/22:46:14      164.120      32.8300      14.0200      58.0000      2.80403     0.529919    0.0415031
1998-10-06/22:46:34      164.020      31.7600      13.7600      57.0000      2.33138     0.544639    0.0341257
1998-10-06/22:46:54      163.920      30.7000      13.7400      52.0000      3.32400     0.615661    0.0457162
1998-10-06/22:47:15      163.890      29.5400      13.5500      44.0000      1.83978     0.719340    0.0223056
1998-10-06/22:47:35      163.880      28.3500      13.6500      48.0000      2.73849     0.669131    0.0355191
1998-10-06/22:47:55      163.940      27.2600      13.7100      56.0000      1.97618     0.559193    0.0285942
1998-10-06/22:48:14      164.070      26.3000      13.7300      64.0000      2.46981     0.438371    0.0387437
1998-10-06/22:48:34      164.190      25.3800      13.7500      63.0000      4.03187     0.453990    0.0626996
1998-10-06/22:48:54      164.340      24.4600      13.8700      76.0000      2.53537     0.241922    0.0429361
1998-10-06/22:49:14      164.380      23.4600      13.8300      61.0000      2.81502     0.484810    0.0429713
1998-10-06/22:49:34      164.420      22.3900      13.6900      64.0000      2.36999     0.438371    0.0371778
1998-10-06/22:49:53      164.570      21.2900      13.7600      78.0000      1.63026     0.207912    0.0278316
1998-10-06/22:50:13      164.760      20.2300      13.7100      84.0000      2.47527     0.104528    0.0429650
1998-10-06/22:50:33      164.880      19.1600      13.7800      69.0000      2.39465     0.358368    0.0390186
1998-10-06/22:50:53      164.950      18.0900      13.7300      89.0000      9.86969    0.0174524     0.172232
1998-10-06/22:51:14      165.010      16.9100      13.6100      60.0000      3.17715     0.500000    0.0480226
1998-10-06/22:51:34      164.990      15.7400      13.5400      64.0000      3.47634     0.438371    0.0545331
1998-10-06/22:51:54      165.010      14.5900      13.5700      75.0000      2.98416     0.258819    0.0503087
1998-10-06/22:52:14      165.080      13.3900      13.8400      67.0000      1.81141     0.390731    0.0291018
1998-10-06/22:52:33      165.140      12.2700      13.8000      59.0000      3.44536     0.515038    0.0515439
1998-10-06/22:52:53      165.180      11.1000      13.8500      61.0000      4.71316     0.484810    0.0719464
1998-10-06/22:53:13      165.190      9.93000      13.8700      78.0000      2.89487     0.207912    0.0494209
1998-10-06/22:53:33      165.250      8.70000      13.0000      78.0000      2.40509     0.207912    0.0410594
1998-10-07/00:39:33      160.500      51.5800      13.0200      47.0000      2.72335     0.681998    0.0347623
1998-10-07/00:39:53      162.180      49.4900      13.0600      59.0000      2.75537     0.515038    0.0412214
1998-10-07/00:40:13      163.000      47.4000      13.1800      60.0000      2.22720     0.500000    0.0336641
1998-10-07/00:40:33      164.000      46.2300      13.2400      72.0000      3.13206     0.309017    0.0519893
1998-10-07/00:40:53      165.610      44.6300      13.0300      80.0000      3.62819     0.173648    0.0623618
1998-10-07/00:41:12      165.730      43.5000      11.8400      51.0000      5.03044     0.629320    0.0682317
1998-10-07/00:41:33      164.570      43.1700      12.5900      67.0000      1.61897     0.390731    0.0260101
1998-10-07/00:41:53      163.080      42.4100      13.3300      63.0000      2.25007     0.453990    0.0349908
1998-10-07/00:42:13      162.690      41.7600      13.4700      56.0000      1.61630     0.559193    0.0233869
1998-10-07/00:42:33      162.800      41.1100      13.1800      63.0000      2.25007     0.453990    0.0349908
1998-10-07/00:42:52      162.980      40.2800      12.9900      62.0000      2.18261     0.469472    0.0336348
1998-10-07/00:43:12      163.400      38.9200      12.5300      62.0000      2.18261     0.469472    0.0336348
1998-10-07/00:43:32      163.350      37.3000      12.2700      64.0000      2.26287     0.438371    0.0354975
1998-10-07/00:43:52      163.210      35.7500      13.2800      70.0000      2.75142     0.342020    0.0451253
1998-10-07/00:44:13      163.020      34.4100      13.9000      61.0000      2.42354     0.484810    0.0369953
1998-10-07/00:44:33      162.910      33.2200      13.4300      57.0000      2.11743     0.544639    0.0309940
1998-10-07/00:44:53      162.610      32.1900      11.8700      56.0000      1.71277     0.559193    0.0247828
1998-10-07/00:45:13      162.590      31.0900      9.54000      50.0000      3.12558     0.642788    0.0417890
1998-10-07/00:45:32      162.540      30.0900      14.1700      55.0000      1.50721     0.573576    0.0215484
1998-10-07/00:45:52      162.390      28.9100      13.5800      56.0000      1.76984     0.559193    0.0256086
1998-10-07/00:46:12      162.320      27.8100      11.9300      56.0000      2.11018     0.559193    0.0305331
1998-10-07/00:46:32      162.360      26.7000      13.7400      53.0000      2.45908     0.601815    0.0342767
1998-10-07/00:46:51      162.320      25.5500      12.9200      54.0000      2.96422     0.587785    0.0418548
1998-10-07/00:47:11      162.330      24.5600      13.7300      51.0000      3.61859     0.629320    0.0490817
1998-10-07/00:47:31      162.490      23.4700      15.7800      48.0000      2.80781     0.669131    0.0364182
1998-10-07/00:47:51      162.470      22.2900      14.7000      48.0000      3.55430     0.669131    0.0461004
1998-10-07/00:48:12      162.500      21.1300      13.8400      60.0000      2.64246     0.500000    0.0399408
1998-10-07/00:48:32      162.530      19.9000      13.3500      56.0000      2.43576     0.559193    0.0352441
1998-10-07/00:48:52      162.470      18.7100      12.5200      58.0000      3.04718     0.529919    0.0451020
1998-10-07/00:49:12      162.550      17.5800      13.3500      44.0000      2.37842     0.719340    0.0288361
1998-10-07/00:49:31      162.670      16.5300      13.5700      51.0000      3.07219     0.629320    0.0416704
1998-10-07/00:49:51      162.700      15.4900      12.9200      45.0000      2.05788     0.707107    0.0253970
1998-10-07/00:50:11      162.720      14.4100      13.5200      61.0000      3.01293     0.484810    0.0459924
1998-10-07/00:50:31      162.700      13.3500      12.4500      52.0000      4.95410     0.615661    0.0681356
1998-10-07/00:50:50      162.650      12.2700      15.2100      39.0000      4.26135     0.777146    0.0468054
1998-10-07/00:51:10      162.590      11.1700      14.5700      37.0000      3.45949     0.798635    0.0363373
1998-10-07/00:51:30      162.570      10.0800      12.5600      46.0000      2.91887     0.694658    0.0366460
1998-10-07/00:51:50      162.580      8.95000      13.5400      70.0000      3.32780     0.342020    0.0545784
1998-10-07/00:52:11      162.580      7.79000      13.3600      35.0000      4.34195     0.819152    0.0434664
1998-10-07/00:52:31      162.630      6.72000      11.1200      42.0000      2.65205     0.743145    0.0309721
1998-10-07/00:52:51      162.650      5.59000      12.0200      70.0000      3.38317     0.342020    0.0554865
1998-10-07/00:53:10      162.580      4.48000      13.0800      112.000      8.14304     0.374607     0.131774
1998-10-07/00:53:30      162.520      3.34000      13.1000      37.0000      4.08183     0.798635    0.0428741
1998-10-07/00:53:50      162.650      2.18000      13.6700      32.0000      2.41432     0.848048    0.0223296
1998-10-07/00:54:10      162.760     0.970000      10.6700      36.0000      2.46057     0.809017    0.0252425
1998-10-07/00:54:30      162.880    -0.170000      21.8200      57.0000      3.27587     0.544639    0.0479508
1998-10-07/00:54:50      162.930     -1.37000      23.0900      41.0000      7.63842     0.754710    0.0874629
1998-10-07/00:55:10      162.920     -2.63000      17.5300      21.0000      17.0024     0.933580     0.106345
1998-10-07/00:55:30      162.950     -3.90000      17.7900      37.0000      6.81144     0.798635    0.0715450
1998-10-07/00:55:50      162.870     -5.11000      15.1000      104.000      8.06438     0.241922     0.136569
1998-10-07/00:56:10      162.810     -6.35000      14.4900      103.000      2.73067     0.224951    0.0464377
1998-10-07/00:56:30      162.720     -7.54000      15.3800      99.0000      3.05685     0.156434    0.0526952
1998-10-07/00:56:50      162.650     -8.58000      13.5500      83.0000      2.89748     0.121869    0.0501936
1998-10-07/00:57:10      162.250     -9.64000      11.7100      60.0000      2.64246     0.500000    0.0399408
1998-10-07/00:57:29      162.060     -10.4800      12.8000      49.0000      3.40025     0.656059    0.0447887
1998-10-07/00:57:49      161.950     -11.3900      11.5200      50.0000      4.78361     0.642788    0.0639569
1998-10-07/01:04:08      161.360     -31.5100      13.4500      140.000      8.53271     0.766045    0.0957264
1998-10-07/01:04:28      161.030     -32.5800      14.9000      143.000      4.16649     0.798636    0.0437634
1998-10-07/01:04:48      160.780     -33.7700      15.0200      142.000      9.92565     0.788011     0.106654
1998-10-07/01:05:07      160.700     -35.0700      15.5600      130.000      25.7972     0.642788     0.344909
1998-10-07/01:05:28      160.680     -36.1700      14.7500      133.000      26.9050     0.681998     0.343430
1998-10-07/01:05:48      160.850     -37.1000      14.7900      143.000      12.9112     0.798636     0.135615
1998-10-07/01:06:08      160.650     -37.9300      13.7900      138.000      6.83281     0.743145    0.0797972
1998-10-07/01:06:28      160.240     -38.7900      13.4100      133.000      7.59222     0.681998    0.0969111
1998-10-07/01:06:47      159.750     -40.2100      13.4600      136.000      5.60432     0.719340    0.0679472
1998-10-07/01:07:07      159.450     -41.9000      13.6400      142.000      11.2209     0.788011     0.120572
1998-10-07/01:07:27      159.370     -43.3100      13.9900      145.000      2.50573     0.819152    0.0250844
1998-10-07/01:07:47      159.690     -44.4700      13.8700      172.000      25.4967     0.990268    0.0619323
1998-10-07/01:08:08      160.620     -45.5600      13.0600      143.000      4.16649     0.798636    0.0437634
1998-10-07/01:08:28      161.360     -46.5700      12.0700      146.000      1.81493     0.829038    0.0177133
1998-10-07/01:08:48      161.810     -47.2100      13.4800      153.000      2.96344     0.891007    0.0234812
1998-10-07/01:09:08      161.410     -48.2500      13.6400      144.000      6.14262     0.809017    0.0630158
1998-10-07/01:09:27      160.600     -48.8200      13.4100      149.000      11.6486     0.857167     0.104711
1998-10-07/01:09:47      159.770     -49.6500      13.6200      142.000      10.4151     0.788011     0.111914
1998-10-07/01:10:07      158.830     -51.0200      13.6300      119.000      23.7264     0.484810     0.362183
1998-10-07/01:10:27      157.800     -52.8000      13.7900      138.000      7.63842     0.743145    0.0892055
1998-10-07/01:10:46      158.510     -54.0200      13.9600      145.000      2.50573     0.819152    0.0250844
1998-10-07/01:11:06      159.050     -54.9300      13.8400      130.000      4.50733     0.642788    0.0602630
1998-10-07/01:11:26      158.510     -56.4400      13.6800      136.000      2.11341     0.719340    0.0256231
1998-10-07/01:11:46      156.560     -57.9000      13.6400      139.000      4.27770     0.754710    0.0489813
1998-10-07/01:12:07      156.310     -58.9500      13.8700      136.000      3.14865     0.719340    0.0381745
1998-10-07/01:12:27      155.900     -60.1000      14.2200      127.000      4.95410     0.601815    0.0690543
1998-10-07/01:12:47      155.530     -61.1500      14.2200      131.000      7.75094     0.656059     0.102097
1998-10-07/01:13:07      156.060     -62.1600      13.8900      124.000      2.07314     0.559193    0.0299972
1998-10-07/01:13:26      155.910     -63.1600      13.5800      135.000      5.96779     0.707107    0.0736505
1998-10-07/01:13:46      155.440     -64.2600      13.3700      137.000      5.17898     0.731354    0.0616460
1998-10-07/01:14:06      155.120     -65.4300      13.4200      132.000      2.89838     0.669131    0.0375929
1998-10-07/01:14:26      154.280     -66.6900      13.7000      130.000      3.52345     0.642788    0.0471085
1998-10-07/01:14:45      152.260     -68.4800      13.9200      149.000      5.97464     0.857167    0.0537067
1998-10-07/01:15:05      150.950     -69.8700      13.8000      141.000      8.59552     0.777146    0.0944107
1998-10-07/01:15:25      150.690     -71.0100      13.3500      142.000      3.39940     0.788011    0.0365276
1998-10-07/01:15:45      148.490     -72.7200      13.3300      131.000      4.20512     0.656059    0.0553905
1998-10-07/01:16:06      145.010     -74.7000      13.3800      137.000      5.97986     0.731354    0.0711790
1998-10-07/01:16:26      142.780     -75.9800      13.5400      127.000      3.57709     0.601815    0.0498604
1998-10-07/01:16:46      138.360     -77.8000      13.5100      132.000      3.84916     0.669131    0.0499249
1998-10-07/01:17:05      132.740     -79.4800      13.5200      135.000      3.60312     0.707107    0.0444673
1998-10-07/01:17:25      133.150     -79.8600      13.5800      135.000      3.84070     0.707107    0.0473994
1998-10-07/01:17:45      129.930     -80.9400      13.6900      135.000      2.66943     0.707107    0.0329443
1998-10-07/01:18:05      129.380     -81.1600      13.6300      130.000      2.80401     0.642788    0.0374896
1998-10-07/02:43:49      161.190      25.1300      13.4900      103.000      23.4252     0.224951     0.398368
1998-10-07/02:45:10      161.420      23.0300      13.6100      97.0000      9.38476     0.121869     0.162574
1998-10-07/02:46:09      161.380      20.1800      13.6900      91.0000      7.90612    0.0174525     0.137967
1998-10-07/02:46:29      161.350      19.1600      13.6800      94.0000      3.96444    0.0697566    0.0690240
1998-10-07/02:46:49      161.240      18.1100      13.7700      100.000      5.51226     0.173648    0.0947455
1998-10-07/02:47:09      161.260      16.9500      13.8900      101.000      3.38606     0.190809    0.0580121
1998-10-07/02:47:29      161.310      15.8100      13.9500      99.0000      4.67998     0.156434    0.0806754
1998-10-07/02:48:49      161.920      10.6000      13.9800      142.000      6.51377     0.788011    0.0699925
1998-10-07/02:50:28      161.850      5.30000      14.0600      132.000      5.05634     0.669131    0.0655824
1998-10-07/02:50:48      161.800      4.32000      14.0900      149.000      4.09732     0.857167    0.0368313
1998-10-07/02:51:08      161.720      3.30000      14.1600      143.000      13.2280     0.798636     0.138942
1998-10-07/02:51:28      161.710      2.23000      14.1100      150.000      12.8579     0.866026     0.112206
1998-10-07/02:51:48      161.770      1.24000      13.8600      150.000      35.6382     0.866026     0.311002
1998-10-07/02:52:08      161.750     0.400000      13.6600      169.000      10.4666     0.981627    0.0348563
1998-10-07/02:52:28      161.660    -0.550000      13.9700      126.000      4.35442     0.587785    0.0614845
1998-10-07/02:52:48      161.170     -1.84000      13.9600      139.000      8.03995     0.754710    0.0920606
1998-10-07/02:53:08      160.920     -2.98000      13.8500      168.000      24.4358     0.978148    0.0886712
1998-10-07/02:53:28      161.180     -3.94000      13.8400      141.000      11.4203     0.777146     0.125437
1998-10-07/02:53:47      161.290     -4.80000      13.9700      134.000      20.5334     0.694658     0.257794
1998-10-07/02:54:07      161.330     -5.74000      14.0100      101.000      25.3882     0.190809     0.434967
1998-10-07/02:54:28      161.370     -6.82000      13.8800      106.000      9.27993     0.275637     0.155691
1998-10-07/02:54:48      161.340     -7.87000      14.0900      128.000      5.62066     0.615661    0.0773031
1998-10-07/02:55:08      161.280     -8.94000      13.7900      129.000      4.96968     0.629321    0.0674075
1998-10-07/02:55:28      161.230     -10.0500      13.7900      115.000      3.16159     0.422618    0.0500102
1998-10-07/02:55:47      161.140     -11.0700      13.6200      113.000      3.49606     0.390731    0.0561671
1998-10-07/02:56:07      161.060     -12.0800      13.7100      113.000      2.64073     0.390731    0.0424255
1998-10-07/02:56:27      160.990     -13.0900      13.6800      146.000      12.6474     0.829038     0.123436
1998-10-07/02:56:47      160.960     -14.1200      13.5800      106.000      6.08789     0.275637     0.102138
1998-10-07/02:57:07      160.920     -15.1500      13.5800      125.000      4.71222     0.573576    0.0673701
1998-10-07/02:57:27      160.880     -16.2700      13.5400      107.000      22.5796     0.292372     0.376869
1998-10-07/02:57:47      160.830     -17.3400      13.5900      122.000      5.61617     0.529919    0.0831262
1998-10-07/02:58:06      160.790     -18.4100      13.7600      128.000      24.7730     0.615661     0.340713
1998-10-07/02:58:27      160.740     -19.4700      13.7300      161.000      45.0000     0.945519     0.255701
1998-10-07/02:58:47      160.750     -20.4400      13.6600      131.000      5.27110     0.656059    0.0694318
1998-10-07/02:59:07      160.700     -21.4500      13.5900      110.000      26.6230     0.342020     0.436637
1998-10-07/02:59:27      160.640     -22.5400      13.5100      111.000      6.70059     0.358368     0.109180
1998-10-07/02:59:46      160.630     -23.6700      13.4300      100.000      21.1866     0.173648     0.364158
1998-10-07/03:00:06      160.610     -24.8200      13.3900      173.000      45.0000     0.992546    0.0957159
1998-10-07/03:00:26      160.570     -25.9300      15.1200      160.000      42.0716     0.939693     0.251141
1998-10-07/03:00:46      160.550     -26.9100      15.3200      121.000      19.9174     0.515038     0.297973
1998-10-07/03:01:07      160.560     -27.9000      14.0000      172.000      45.0000     0.990268     0.109306
1998-10-07/03:04:25      159.640     -38.3900      14.7200      143.000      14.5486     0.798636     0.152813
1998-10-07/03:04:45      159.680     -39.8100      15.0600      134.000      9.44291     0.694658     0.118554
1998-10-07/03:05:06      159.740     -41.3000      15.4800      112.000      17.4097     0.374607     0.281731
1998-10-07/03:05:26      159.720     -42.4800      14.5600      173.000      32.2268     0.992546    0.0685471
1998-10-07/03:05:46      159.760     -43.3900      13.1100      141.000      10.7936     0.777146     0.118554
1998-10-07/03:06:06      159.830     -44.1600      15.7900      149.000      31.4226     0.857167     0.282461
1998-10-07/03:06:25      159.970     -44.8700      14.0400      138.000      26.7062     0.743145     0.311889
1998-10-07/03:06:45      160.060     -45.6900      13.2800      172.000      21.1630     0.990268    0.0514056
1998-10-07/03:07:05      160.170     -46.5300      14.9900      125.000      4.06454     0.573576    0.0581103
1998-10-07/03:07:25      160.130     -47.4900      13.8400      104.000      18.8654     0.241922     0.319483
1998-10-07/03:07:44      160.010     -48.5300      15.1200      169.000      45.0000     0.981627     0.149861
1998-10-07/03:08:04      159.910     -49.6200      15.8900      139.000      27.2650     0.754710     0.312195
1998-10-07/03:08:24      159.830     -50.7300      14.7500      148.000      13.5546     0.848048     0.125364
1998-10-07/03:08:44      159.760     -51.9200      14.5400      144.000      30.4326     0.809017     0.312202
1998-10-07/03:09:05      159.610     -53.3000      14.1600      139.000      7.14880     0.754710    0.0818565
1998-10-07/03:09:25      159.440     -54.6600      15.2000      147.000      3.04835     0.838671    0.0289768
1998-10-07/03:09:45      159.340     -55.9000      14.2900      135.000      3.37755     0.707107    0.0416835
1998-10-07/03:10:04      159.090     -57.1400      14.5300      124.000      1.90183     0.559193    0.0275184
1998-10-07/03:10:24      159.090     -58.3400      14.5800      116.000      4.46577     0.438371    0.0700542
1998-10-07/03:10:44      159.200     -59.5400      13.8000      113.000      3.25485     0.390731    0.0522919
1998-10-07/03:11:04      159.520     -60.7000      13.9400      156.000      3.50170     0.913545    0.0248582
1998-10-07/03:11:24      159.590     -61.7300      14.8800      164.000      9.54045     0.961262    0.0458970
1998-10-07/03:11:44      159.420     -62.7100      15.4300      173.000      45.0000     0.992546    0.0957159
1998-10-07/03:12:04      159.130     -63.7500      15.4000      123.000      2.43576     0.544639    0.0356536
1998-10-07/03:12:24      158.830     -64.7500      10.5500      124.000      1.32967     0.559193    0.0192396
1998-10-07/03:12:44      158.240     -65.8100      8.52000      125.000      1.64420     0.573576    0.0235070
1998-10-07/03:13:04      157.570     -66.9100      11.9500      123.000      3.47125     0.544639    0.0508106
1998-10-07/03:13:24      156.960     -68.0400      12.2700      118.000      4.21409     0.469472    0.0649406
1998-10-07/03:13:44      156.520     -69.0900      15.1800      120.000      3.57647     0.500000    0.0540583
1998-10-07/03:14:04      156.420     -70.0300      13.7500      139.000      6.11233     0.754710    0.0699886
1998-10-07/03:14:23      156.480     -71.1200      19.5800      133.000      2.91887     0.681998    0.0372580
1998-10-07/03:14:43      156.610     -72.3600      21.2200      116.000      3.01723     0.438371    0.0473310
1998-10-07/03:15:03      156.580     -73.6400      17.8800      115.000      2.15278     0.422618    0.0340528
1998-10-07/03:15:23      156.580     -75.0200      17.3700      110.000      2.39465     0.342020    0.0392740
1998-10-07/03:15:43      156.030     -76.8200      14.2100      117.000      2.31939     0.453991    0.0360688
1998-10-07/03:16:03      154.950     -78.1100      15.2800      117.000      2.18261     0.453991    0.0339418
1998-10-07/03:16:23      154.430     -79.2700      15.2700      116.000      2.61791     0.438371    0.0410669
1998-10-07/03:16:43      151.600     -81.0100      14.2800      112.000      1.52115     0.374607    0.0246159
1998-10-07/03:17:03      149.850     -82.5800      15.8000      119.000      2.87886     0.484810    0.0439458
1998-10-07/03:17:23      143.190     -84.8200      14.0000      121.000      2.56239     0.515038    0.0383344
1998-10-07/03:17:43      109.020     -87.4100      14.2700      110.000      2.83141     0.342020    0.0464372
1998-10-07/03:18:03      53.1300     -87.0800      15.7600      109.000      3.11900     0.325568    0.0514710
1998-10-07/04:30:31      159.990      69.1500      16.3000      106.000      2.31977     0.275637    0.0389192
1998-10-07/04:30:51      159.850      68.0000      16.3200      100.000      2.17704     0.173648    0.0374193
1998-10-07/04:31:11      159.950      66.3800      16.3500      108.000      3.12735     0.309017    0.0519111
1998-10-07/04:31:30      160.140      64.9400      14.9200      115.000      2.26287     0.422618    0.0357942
1998-10-07/04:31:50      160.270      63.6200      13.7500      107.000      3.43378     0.292372    0.0573121
1998-10-07/04:32:10      160.710      62.4500      13.9600      111.000      1.97620     0.358368    0.0322003
1998-10-07/04:32:30      160.990      61.2500      14.1300      110.000      2.39465     0.342020    0.0392740
1998-10-07/04:32:49      161.140      59.8300      14.3400      113.000      1.39088     0.390731    0.0223457
1998-10-07/04:33:09      161.210      58.3900      14.5000      118.000      2.18262     0.469472    0.0336349
1998-10-07/04:33:29      161.480      56.8000      14.3800      120.000      2.39210     0.500000    0.0361566
1998-10-07/04:33:49      161.660      55.4600      14.1900      117.000      2.18261     0.453991    0.0339418
1998-10-07/04:34:10      161.740      53.8000      14.2600      116.000      2.15172     0.438371    0.0337538
1998-10-07/04:34:30      161.910      52.4700      14.3600      115.000      3.16159     0.422618    0.0500102
1998-10-07/04:34:50      161.890      51.1700      14.3500      116.000      2.93375     0.438371    0.0460215
1998-10-07/04:35:10      161.980      49.8300      14.1300      111.000      1.97620     0.358368    0.0322003
1998-10-07/04:35:29      162.060      48.4500      14.4200      116.000      2.93375     0.438371    0.0460215
1998-10-07/04:35:49      162.030      47.2200      14.4600      112.000      1.56737     0.374607    0.0253638
1998-10-07/04:36:09      162.030      46.1700      14.4800      116.000      2.93375     0.438371    0.0460215
1998-10-07/04:36:29      162.030      45.1200      14.3600      123.000      1.76984     0.544639    0.0259061
1998-10-07/04:36:48      161.980      44.0600      14.5300      110.000      2.65743     0.342020    0.0435838
1998-10-07/04:37:08      161.870      43.0200      14.6200      112.000      1.81141     0.374607    0.0293130
1998-10-07/04:37:28      161.840      42.0400      14.6100      113.000      1.74178     0.390731    0.0279832
1998-10-07/04:37:48      161.830      40.9300      14.4900      112.000      1.61897     0.374607    0.0261988
1998-10-07/04:38:09      161.780      39.6500      14.2700      114.000      1.94222     0.406737    0.0309675
1998-10-07/04:38:29      161.710      38.3400      14.2400      113.000      1.58863     0.390731    0.0255227
1998-10-07/04:38:49      161.650      37.0900      14.3300      119.000      2.55857     0.484810    0.0390565
1998-10-07/04:39:08      161.610      35.8400      14.4200      112.000      1.47353     0.374607    0.0238453
1998-10-07/04:39:28      161.540      34.6900      14.4300      113.000      1.31741     0.390731    0.0211653
1998-10-07/04:39:48      161.450      33.6100      14.4100      118.000      2.42354     0.469472    0.0373476
1998-10-07/04:40:08      161.460      32.5000      13.9100      124.000      2.39890     0.559193    0.0347107
1998-10-07/04:40:28      161.440      31.4600      14.1000      117.000      3.04900     0.453991    0.0474150
1998-10-07/04:40:48      161.460      30.4300      14.2800      120.000      2.87450     0.500000    0.0434480
1998-10-07/04:41:08      161.420      29.3800      14.3600      107.000      2.56265     0.292372    0.0427723
1998-10-07/04:41:28      161.400      28.3500      14.4100      116.000      3.12038     0.438371    0.0489491
1998-10-07/04:41:48      161.380      27.3000      14.3600      119.000      2.45967     0.484810    0.0375468
1998-10-07/04:42:08      161.370      26.2300      14.2300      110.000      2.78623     0.342020    0.0456962
1998-10-07/04:42:28      161.360      25.1200      14.2200      109.000      2.90309     0.325568    0.0479080
1998-10-07/04:42:48      161.330      24.0100      14.2800      117.000      3.38384     0.453991    0.0526221
1998-10-07/04:43:08      161.320      22.8900      14.3200      110.000      3.00121     0.342020    0.0492220
1998-10-07/04:43:27      161.280      21.8200      14.4400      119.000      3.00080     0.484810    0.0458072
1998-10-07/04:43:47      161.250      20.7600      14.3500      115.000      2.36999     0.422618    0.0374886
1998-10-07/04:44:07      161.240      19.6900      14.3700      113.000      3.89541     0.390731    0.0625830
1998-10-07/04:44:27      161.200      18.5900      14.4400      120.000      2.87450     0.500000    0.0434480
1998-10-07/04:44:47      161.160      17.4600      14.5600      112.000      1.86436     0.374607    0.0301698
1998-10-07/04:45:07      161.110      16.3700      14.4500      126.000      5.55124     0.587785    0.0783836
1998-10-07/04:45:27      161.040      15.2900      14.3600      120.000      3.05288     0.500000    0.0461443
1998-10-07/04:45:47      160.990      14.2200      14.2800      112.000      2.09250     0.374607    0.0338617
1998-10-07/04:46:07      160.940      13.1500      14.0900      102.000      2.36358     0.207912    0.0403508
1998-10-07/04:46:27      160.900      12.0300      14.1100      123.000      2.53819     0.544639    0.0371529
1998-10-07/04:46:47      160.840      10.9300      14.2000      141.000      4.76738     0.777146    0.0523635
1998-10-07/04:47:07      160.800      9.84000      14.3000      142.000      3.39940     0.788011    0.0365276
1998-10-07/04:47:26      160.760      8.81000      14.1200      141.000      3.47534     0.777146    0.0381721
1998-10-07/04:47:46      160.730      7.72000      14.0400      133.000      3.45868     0.681998    0.0441484
1998-10-07/04:48:06      160.690      6.61000      14.1900      101.000      2.68482     0.190809    0.0459980
1998-10-07/04:48:26      160.640      5.50000      14.3800      120.000      4.01660     0.500000    0.0607109
1998-10-07/04:48:47      160.590      4.40000      14.0500      111.000      2.76042     0.358368    0.0449784
1998-10-07/04:49:06      160.550      3.46000      14.1400      143.000      12.9112     0.798636     0.135615
1998-10-07/04:49:26      160.520      2.61000      14.1100      102.000      19.1297     0.207912     0.326580
1998-10-07/04:49:46      160.520      1.71000      13.9300      109.000      5.05363     0.325568    0.0833971
1998-10-07/04:50:06      160.530     0.730000      13.9300      147.000      3.04835     0.838671    0.0289768
1998-10-07/04:50:26      160.530    -0.460000      13.8100      141.000      3.69811     0.777146    0.0406190
1998-10-07/04:50:46      160.530     -1.71000      13.8500      104.000      7.66710     0.241922     0.129841
1998-10-07/04:51:05      160.510     -2.91000      13.6600      132.000      3.16030     0.669131    0.0409901
1998-10-07/04:51:26      160.470     -4.04000      13.8600      166.000      6.81405     0.970296    0.0287712
1998-10-07/04:51:46      160.420     -5.07000      13.9400      106.000      26.2936     0.275637     0.441133
1998-10-07/04:52:06      160.380     -6.11000      13.9900      147.000      30.4102     0.838671     0.289071
1998-10-07/04:52:26      160.320     -7.14000      14.1700      131.000      4.89541     0.656059    0.0644832
1998-10-07/04:52:45      160.280     -8.18000      14.1800      135.000      2.66943     0.707107    0.0329443
1998-10-07/04:53:05      160.260     -9.25000      13.9000      105.000      20.0866     0.258819     0.338632
1998-10-07/04:53:25      160.250     -10.3000      13.8700      121.000      3.56322     0.515038    0.0533072
1998-10-07/04:53:45      160.240     -11.3600      14.3900      127.000      3.45851     0.601815    0.0482075
1998-10-07/04:54:05      160.220     -12.4100      13.2100      152.000      3.72721     0.882948    0.0305401
1998-10-07/04:54:25      160.200     -13.4900      15.0500      141.000      10.5230     0.777146     0.115582
1998-10-07/04:54:45      160.190     -14.5900      15.0400      122.000      2.33138     0.529919    0.0345073
1998-10-07/04:55:05      160.200     -15.7000      14.0200      123.000      5.35613     0.544639    0.0784007
1998-10-07/04:55:25      160.190     -16.8400      14.0400      147.000      30.4102     0.838671     0.289071
1998-10-07/04:55:45      160.190     -17.9200      13.9300      138.000      26.7062     0.743145     0.311889
1998-10-07/04:56:05      160.160     -18.9800      12.0900      155.000      13.7383     0.906308     0.101335
1998-10-07/04:56:25      160.130     -20.0200      14.5000      107.000      4.34779     0.292372    0.0725675
1998-10-07/04:56:44      160.080     -21.0300      15.6000      128.000      24.7730     0.615661     0.340713
1998-10-07/04:57:04      160.020     -22.0700      13.2900      172.000      45.0000     0.990268     0.109306
1998-10-07/04:57:24      159.970     -23.1500      12.6800      103.000      23.4252     0.224951     0.398368
1998-10-07/04:57:44      159.940     -24.2400      14.3200      140.000      8.22101     0.766045    0.0922295
1998-10-07/04:58:05      159.930     -25.3600      14.9000      133.000      4.62152     0.681998    0.0589915
1998-10-07/04:58:25      159.930     -26.4000      13.5000      145.000      30.0488     0.819152     0.300812
1998-10-07/04:58:45      159.930     -27.4500      12.0000      143.000      11.7554     0.798636     0.123475
1998-10-07/04:59:05      159.950     -28.5500      14.9800      104.000      18.8654     0.241922     0.319483
1998-10-07/04:59:24      159.980     -29.6600      15.9400      109.000      4.92358     0.325568    0.0812510
1998-10-07/04:59:44      159.990     -30.8100      15.5300      132.000      4.66135     0.669131    0.0604592
1998-10-07/05:00:04      159.970     -31.9300      10.8900      138.000      4.22890     0.743145    0.0493873
1998-10-07/05:00:24      159.960     -33.0100      15.3300      167.000      45.0000     0.974370     0.176676
1998-10-07/05:00:43      159.940     -34.0000      15.6700      154.000      7.75676     0.898794    0.0593471
1998-10-07/05:01:03      159.920     -35.0100      14.2500      111.000      22.2732     0.358368     0.362921
1998-10-07/05:01:23      159.860     -36.0400      15.5400      148.000      6.91827     0.848048    0.0639859
1998-10-07/05:01:43      159.750     -37.0800      23.6700      172.000      45.0000     0.990268     0.109306
1998-10-07/05:02:04      159.610     -38.1800      15.8100      136.000      11.4126     0.719340     0.138367
1998-10-07/05:02:24      159.460     -39.3000      14.3200      158.000      19.4910     0.927184     0.127434
1998-10-07/05:02:44      159.340     -40.4700      13.5600      143.000      34.4662     0.798636     0.362021
1998-10-07/05:03:04      159.270     -41.6300      13.5200      143.000      2.63148     0.798636    0.0276401
1998-10-07/05:03:23      159.210     -42.7100      14.0300      145.000      10.9980     0.819152     0.110099
1998-10-07/05:03:43      159.170     -43.7200      12.1000      154.000      6.03886     0.898794    0.0462034
1998-10-07/05:04:03      159.230     -44.6300      13.6000      168.000      7.77024     0.978148    0.0281962
1998-10-07/05:04:23      159.350     -45.5500      18.1200      146.000      28.3908     0.829038     0.277087
1998-10-07/05:04:42      159.440     -46.4500      18.0700      145.000      30.0488     0.819152     0.300812
1998-10-07/05:05:02      159.490     -47.4200      18.7200      146.000      28.3908     0.829038     0.277087
1998-10-07/05:05:22      159.450     -48.4200      17.1400      171.000      21.5726     0.987688    0.0588996
1998-10-07/05:05:42      159.420     -49.5900      14.6700      176.000      45.0000     0.997564    0.0547864
1998-10-07/05:06:03      159.300     -50.7700      16.5200      145.000      9.33743     0.819152    0.0934751
1998-10-07/05:06:23      159.710     -52.1400      17.3200      151.000      8.29685     0.874620    0.0702040
1998-10-07/05:06:43      159.580     -53.7500      15.0900      132.000      5.05634     0.669131    0.0655824
1998-10-07/05:07:03      159.360     -55.1000      14.2300      141.000      3.13722     0.777146    0.0344583
1998-10-07/05:07:22      159.390     -56.3900      14.8000      126.000      2.78934     0.587785    0.0393855
1998-10-07/05:07:42      159.600     -57.6700      14.8400      139.000      3.43040     0.754710    0.0392794
1998-10-07/05:08:02      159.830     -58.7600      14.9400      132.000      4.66135     0.669131    0.0604592
1998-10-07/05:08:22      159.830     -59.7800      14.3800      146.000      2.37906     0.829038    0.0232190
1998-10-07/05:08:42      159.530     -60.9700      14.9900      160.000      12.0822     0.939693    0.0721232
1998-10-07/05:09:02      159.240     -62.0200      14.3800      167.000      45.0000     0.974370     0.176676
1998-10-07/05:09:22      158.560     -63.1400      14.8900      117.000      3.60112     0.453991    0.0560010
1998-10-07/05:09:42      158.020     -64.1400      14.7700      126.000      2.65970     0.587785    0.0375550
1998-10-07/05:10:02      158.560     -65.0200      14.6200      129.000      2.78939     0.629321    0.0378346
1998-10-07/05:10:22      158.690     -66.4600      14.2600      122.000      3.03619     0.529919    0.0449393
1998-10-07/05:10:42      158.190     -67.4900      14.2800      123.000      2.04324     0.544639    0.0299081
1998-10-07/05:11:02      157.930     -68.4000      14.3400      114.000      2.00852     0.406737    0.0320246
1998-10-07/05:11:21      157.940     -69.7200      14.5400      142.000      3.39940     0.788011    0.0365276
1998-10-07/05:11:41      157.940     -71.1400      14.5600      126.000      3.07954     0.587785    0.0434831
1998-10-07/05:12:01      157.870     -72.4700      14.3400      113.000      1.39088     0.390731    0.0223457
1998-10-07/05:12:21      158.480     -73.5100      14.1600      109.000      2.34075     0.325568    0.0386280
1998-10-07/05:12:42      158.270     -74.4300      14.1100      103.000      1.57584     0.224951    0.0267987
1998-10-07/05:13:01      157.840     -75.3000      14.4100      103.000      2.08650     0.224951    0.0354829
1998-10-07/05:13:21      156.370     -76.2400      14.5500      114.000      1.85548     0.406737    0.0295845
1998-10-07/05:13:41      154.500     -77.2300      14.2700      115.000      1.94748     0.422618    0.0308053
1998-10-07/05:14:01      154.760     -77.9300      14.2500      117.000      2.18261     0.453991    0.0339418
1998-10-07/05:14:21      156.410     -78.5700      14.2400      118.000      2.18262     0.469472    0.0336349
1998-10-07/05:14:41      157.990     -79.8300      14.1700      111.000      1.97620     0.358368    0.0322003
1998-10-07/05:15:01      153.550     -81.2800      13.4700      106.000      2.45874     0.275637    0.0412507
1998-10-07/05:15:21      154.350     -81.7700      13.7600      113.000      1.64092     0.390731    0.0263628
1998-10-07/05:15:41      157.520     -84.2000      14.1700      119.000      2.94180     0.484810    0.0449066
1998-10-07/05:16:01      164.900     -85.6500      14.2600      120.000      3.34165     0.500000    0.0505090
1998-10-07/07:08:21      159.100     -66.9100      14.5100      122.000      2.66196     0.529919    0.0394003
1998-10-07/07:08:41      157.860     -68.1500      14.5900      115.000      2.46981     0.422618    0.0390676
1998-10-07/07:09:01      158.500     -69.2700      14.6100      114.000      2.26885     0.406737    0.0361754
1998-10-07/07:09:21      159.360     -69.6000      14.5100      129.000      3.81963     0.629321    0.0518085
1998-10-07/07:09:40      159.270     -70.3000      14.2900      123.000      1.97618     0.544639    0.0289265
1998-10-07/07:10:00      158.290     -71.0500      14.3600      129.000      3.29006     0.629321    0.0446256
1998-10-07/07:10:20      157.300     -72.1400      14.4700      112.000      1.52115     0.374607    0.0246159
1998-10-07/07:10:40      156.830     -72.9400      14.4400      110.000      2.32336     0.342020    0.0381048
1998-10-07/07:11:01      156.280     -74.0900      14.4300      110.000      2.20291     0.342020    0.0361293
1998-10-07/07:11:20      157.420     -75.5900      14.4200      113.000      1.87336     0.390731    0.0300971
1998-10-07/07:11:40      158.240     -76.4200      14.3900      118.000      2.52996     0.469472    0.0389875
1998-10-07/07:12:00      157.740     -77.3000      14.5200      119.000      2.64246     0.484810    0.0403371
1998-10-07/07:12:19      156.520     -78.5400      14.5700      117.000      2.58715     0.453991    0.0402328
1998-10-07/07:12:39      154.100     -80.3100      14.6800      116.000      2.25007     0.438371    0.0352967
1998-10-07/07:12:59      150.620     -81.4300      14.5800      112.000      1.42458     0.374607    0.0230531
1998-10-07/07:13:19      151.580     -81.9800      14.5700      109.000      2.65359     0.325568    0.0437906
1998-10-07/07:13:39      156.800     -83.5200      14.5900      121.000      2.75133     0.515038    0.0411610
1998-10-07/07:13:59      153.910     -84.5800      14.6700      120.000      2.75537     0.500000    0.0416474
1998-10-07/07:14:18      150.200     -85.0600      14.7600      119.000      2.64246     0.484810    0.0403371
1998-10-07/07:14:38      159.890     -85.9600      14.7100      131.000      4.49430     0.656059    0.0591997
1998-10-07/07:14:59      166.240     -87.2700      14.4800      124.000      3.18371     0.559193    0.0460665
1998-10-07/07:15:19      189.210     -89.4200      14.5000      132.000      3.42443     0.669131    0.0444160
1998-10-07/07:15:39      324.100     -88.4900      14.4900      134.000      3.99895     0.694658    0.0502062
1998-10-07/07:15:59      343.760     -86.5700      14.9600      124.000      1.55036     0.559193    0.0224328
