1998-12-01/03:38:50      333.720      25.6400      13.3700      56.0000      23.1802     0.559193     0.335404
1998-12-01/03:38:52      334.020      25.5600      13.5300      49.0000      6.73825     0.656059    0.0887574
1998-12-01/03:38:55      334.470      25.1900      13.6700      56.0000      4.32308     0.559193    0.0625525
1998-12-01/03:38:57      334.850      25.0900      13.7400      53.0000      5.06650     0.601815    0.0706210
1998-12-01/03:39:00      335.190      25.1900      13.7800      62.0000      4.82079     0.469472    0.0742900
1998-12-01/03:39:02      335.220      25.0800      13.7200      66.0000      3.00172     0.406737    0.0478606
1998-12-01/03:39:05      335.020      24.8000      13.6600      71.0000      5.21591     0.325568    0.0860751
1998-12-01/03:39:07      334.630      25.0000      13.5800      64.0000      4.53078     0.438371    0.0710740
1998-12-01/03:39:10      334.100      25.5900      13.4900      67.0000      4.05729     0.390731    0.0651838
1998-12-01/03:39:12      334.260      25.7600      13.3500      68.0000      4.42117     0.374607    0.0715452
1998-12-01/03:39:15      335.000      25.5800      13.2000      70.0000      5.20272     0.342020    0.0853284
1998-12-01/03:39:17      335.400      25.9300      13.0300      71.0000      5.48886     0.325568    0.0905794
1998-12-01/03:39:20      335.520      26.7300      12.8300      82.0000      4.95064     0.139173    0.0855641
1998-12-01/03:39:22      335.540      26.8900      12.6100      87.0000      3.53082    0.0523359    0.0615400
1998-12-01/03:39:25      335.480      26.4600      12.3800      88.0000      3.54734    0.0348994    0.0618751
1998-12-01/03:39:27      335.340      26.5800      12.1600      78.0000      4.69498     0.207912    0.0801522
1998-12-01/03:39:30      335.120      27.2200      11.9500      83.0000      5.82111     0.121869     0.100840
1998-12-01/03:39:32      334.960      27.5700      11.7900      83.0000      5.54998     0.121869    0.0961434
1998-12-01/14:00:34      139.800      55.2700      11.6400      116.000      3.66487     0.438371    0.0574905
1998-12-01/14:00:36      139.880      55.1400      11.5400      115.000      3.16159     0.422618    0.0500102
1998-12-01/14:00:39      139.910      55.0100      11.4300      117.000      5.81150     0.453991    0.0903746
1998-12-01/14:00:41      139.940      54.8800      11.3500      120.000      4.12284     0.500000    0.0623167
1998-12-01/14:00:44      140.040      54.7300      11.2700      125.000      2.96422     0.573576    0.0423792
1998-12-01/14:00:46      140.130      54.5800      11.1800      131.000      3.73483     0.656059    0.0491958
1998-12-01/14:00:49      140.200      54.4500      11.0800      130.000      3.40025     0.642788    0.0454613
1998-12-01/14:00:51      140.270      54.3100      10.9600      127.000      3.32400     0.601815    0.0463326
1998-12-01/14:00:54      140.330      54.1700      10.8300      130.000      5.12876     0.642788    0.0685715
1998-12-01/14:00:56      140.400      54.0300      10.7500      131.000      3.97424     0.656059    0.0523494
1998-12-01/14:00:59      140.470      53.8900      10.6800      124.000      3.18371     0.559193    0.0460665
1998-12-01/14:01:01      140.530      53.7500      10.6600      122.000      3.03619     0.529919    0.0449393
1998-12-01/14:01:04      140.590      53.6000      10.6600      121.000      3.13232     0.515038    0.0468607
1998-12-01/14:01:06      140.640      53.4500      10.8200      123.000      2.11018     0.544639    0.0308879
1998-12-01/14:01:09      140.700      53.3000      11.0000      122.000      2.93854     0.529919    0.0434940
1998-12-01/14:01:11      140.760      53.1500      11.1900      123.000      1.97618     0.544639    0.0289265
1998-12-01/14:01:14      140.840      52.9900      12.6000      128.000      3.90398     0.615661    0.0536929
1998-12-01/14:01:16      140.920      52.8300      12.8000      120.000      2.92475     0.500000    0.0442076
1998-12-01/14:01:19      141.000      52.6700      12.9100      119.000      2.94180     0.484810    0.0449066
1998-12-01/14:01:21      141.080      52.5000      13.0100      118.000      2.71868     0.469472    0.0418958
1998-12-01/14:01:24      141.160      52.3400      13.0500      119.000      2.94180     0.484810    0.0449066
1998-12-01/14:01:26      141.240      52.1800      13.0900      119.000      3.71706     0.484810    0.0567409
1998-12-01/14:01:29      141.290      52.0300      13.1100      116.000      3.56278     0.438371    0.0558890
1998-12-01/14:01:31      141.330      51.8900      13.1200      114.000      2.26885     0.406737    0.0361754
1998-12-01/14:01:34      141.370      51.7400      13.1100      115.000      3.24076     0.422618    0.0512625
1998-12-01/14:01:36      141.420      51.6000      13.0900      113.000      2.10025     0.390731    0.0337423
1998-12-01/14:01:39      141.470      51.4600      13.0700      115.000      2.78826     0.422618    0.0441048
1998-12-01/14:01:41      141.520      51.3100      13.0500      105.000      2.68027     0.258819    0.0451856
1998-12-01/14:01:44      141.600      51.1500      13.0200      115.000      2.62014     0.422618    0.0414455
1998-12-01/14:01:46      141.680      50.9900      12.9900      111.000      2.01220     0.358368    0.0327869
1998-12-01/14:01:48      141.760      50.8600      12.9900      114.000      3.75034     0.406737    0.0597968
1998-12-01/14:01:51      141.870      50.6900      13.0100      114.000      2.63779     0.406737    0.0420579
1998-12-01/14:01:53      141.940      50.5400      13.0500      116.000      4.18389     0.438371    0.0656323
1998-12-01/14:01:56      142.010      50.3800      13.1700      116.000      3.01723     0.438371    0.0473310
1998-12-01/14:01:58      142.080      50.2300      13.2200      115.000      2.62014     0.422618    0.0414455
1998-12-01/14:02:01      142.150      50.0700      13.2600      115.000      2.46981     0.422618    0.0390676
1998-12-01/14:02:03      142.250      49.9200      13.2800      118.000      2.52996     0.469472    0.0389875
1998-12-01/14:02:06      142.350      49.7600      13.3300      122.000      2.14938     0.529919    0.0318135
1998-12-01/14:02:08      142.410      49.6100      13.3800      123.000      2.11018     0.544639    0.0308879
1998-12-01/14:02:10      142.460      49.4600      13.4400      123.000      1.97618     0.544639    0.0289265
1998-12-01/14:02:13      142.510      49.3000      13.5000      122.000      2.48027     0.529919    0.0367110
1998-12-01/14:02:15      142.570      49.1500      13.5100      119.000      3.17715     0.484810    0.0484992
1998-12-01/14:02:18      142.600      49.0100      13.4900      117.000      4.00009     0.453991    0.0622054
1998-12-01/14:02:20      142.630      48.8700      13.4500      115.000      3.00722     0.422618    0.0475684
1998-12-01/14:02:23      142.650      48.7400      13.3900      117.000      3.48879     0.453991    0.0542542
1998-12-01/14:02:25      142.660      48.6100      13.2700      119.000      2.64246     0.484810    0.0403371
1998-12-01/14:02:28      142.700      48.4700      13.0900      119.000      3.00080     0.484810    0.0458072
1998-12-01/14:02:30      142.740      48.3300      12.8900      118.000      2.71868     0.469472    0.0418958
1998-12-01/14:02:33      142.760      48.1900      12.6600      116.000      2.85385     0.438371    0.0447681
1998-12-01/14:02:35      142.770      48.0500      12.4100      110.000      2.55790     0.342020    0.0419514
1998-12-01/14:02:38      142.790      47.9100      12.1200      115.000      2.62014     0.422618    0.0414455
1998-12-01/14:02:40      142.810      47.7700      11.8300      114.000      1.76200     0.406737    0.0280940
1998-12-01/14:02:43      142.810      47.6200      11.4700      113.000      1.78538     0.390731    0.0286836
1998-12-01/14:02:45      142.800      47.4700      11.1300      112.000      1.56737     0.374607    0.0253638
1998-12-01/14:02:48      142.800      47.3000      10.8200      113.000      1.74178     0.390731    0.0279832
1998-12-01/14:02:50      142.800      47.1200      10.5300      113.000      2.19499     0.390731    0.0352644
1998-12-01/14:02:53      142.810      46.9400      10.3000      112.000      2.29214     0.374607    0.0370924
1998-12-01/14:02:55      142.830      46.7500      10.1600      113.000      3.49606     0.390731    0.0561671
1998-12-01/14:02:58      142.890      46.5600      10.2900      114.000      3.75034     0.406737    0.0597968
1998-12-01/14:03:00      142.960      46.3700      10.4700      114.000      4.12941     0.406737    0.0658409
1998-12-01/14:03:22      144.090      44.8900      11.6400      104.000      3.76712     0.241922    0.0637956
1998-12-01/14:03:25      144.200      44.7900      12.0700      98.0000      3.37386     0.139173    0.0583119
1998-12-01/14:03:27      144.290      44.7000      12.5300      104.000      3.29861     0.241922    0.0558615
1998-12-01/14:03:30      144.380      44.6200      12.9600      104.000      2.85144     0.241922    0.0482887
1998-12-01/14:03:32      144.440      44.5400      13.2900      107.000      2.80513     0.292372    0.0468195
1998-12-01/14:03:35      144.490      44.4600      13.6200      105.000      2.34766     0.258819    0.0395782
1998-12-01/14:03:37      144.530      44.3900      13.8800      109.000      2.51082     0.325568    0.0414346
1998-12-01/14:03:40      144.570      44.3100      14.1200      108.000      2.51776     0.309017    0.0417925
1998-12-01/14:03:42      144.600      44.2300      14.2400      109.000      2.51082     0.325568    0.0414346
1998-12-01/14:03:45      144.620      44.1500      14.3500      107.000      2.19297     0.292372    0.0366021
1998-12-01/14:03:47      144.640      44.0800      14.3600      108.000      2.51776     0.309017    0.0417925
1998-12-01/14:03:50      144.660      44.0200      14.3500      108.000      2.15622     0.309017    0.0357912
1998-12-01/14:03:52      144.680      43.9600      14.2000      112.000      1.61897     0.374607    0.0261988
1998-12-01/14:03:55      144.700      43.9000      14.0400      114.000      1.67200     0.406737    0.0266590
1998-12-01/14:03:57      144.750      43.8300      13.7900      116.000      3.01723     0.438371    0.0473310
1998-12-01/14:04:00      144.830      43.7500      13.5300      118.000      2.62505     0.469472    0.0404529
1998-12-01/14:04:02      144.890      43.6700      13.1600      119.000      2.94180     0.484810    0.0449066
1998-12-01/14:04:05      144.940      43.5700      12.7900      120.000      2.61527     0.500000    0.0395298
1998-12-01/14:04:07      144.970      43.4800      12.4800      123.000      1.64087     0.544639    0.0240183
1998-12-01/14:04:10      145.000      43.3800      12.1800      125.000      1.58056     0.573576    0.0225971
1998-12-01/14:04:12      145.010      43.2800      11.9800      125.000      1.78161     0.573576    0.0254715
1998-12-01/14:04:15      145.000      43.1800      11.7900      125.000      1.64420     0.573576    0.0235070
1998-12-01/14:04:17      144.990      43.0900      11.7500      126.000      2.78934     0.587785    0.0393855
1998-12-01/14:04:20      144.980      43.0000      11.7700      126.000      2.65970     0.587785    0.0375550
1998-12-01/14:04:22      144.960      42.9000      11.8700      127.000      3.18256     0.601815    0.0443611
1998-12-01/14:04:25      144.950      42.8000      12.0100      127.000      2.74226     0.601815    0.0382239
1998-12-01/14:04:28      144.940      42.6700      12.8900      130.000      3.52345     0.642788    0.0471085
1998-12-01/14:04:30      144.920      42.5600      13.9000      128.000      3.30492     0.615661    0.0454538
1998-12-01/14:04:33      144.930      42.4400      13.8800      130.000      3.40025     0.642788    0.0454613
1998-12-01/14:04:35      144.940      42.3000      13.8500      132.000      2.66416     0.669131    0.0345550
1998-12-01/14:04:38      144.940      42.1500      13.8000      131.000      2.86963     0.656059    0.0377993
1998-12-01/14:04:40      144.940      42.0000      13.7500      128.000      3.30492     0.615661    0.0454538
1998-12-01/14:04:43      144.930      41.8500      13.7000      127.000      3.69186     0.601815    0.0514602
1998-12-01/14:04:45      144.920      41.7000      13.6600      125.000      2.35709     0.573576    0.0336991
1998-12-01/14:04:48      144.930      41.5400      13.7000      125.000      5.26571     0.573576    0.0752833
1998-12-01/14:04:50      144.960      41.3800      13.7600      122.000      3.39229     0.529919    0.0502101
1998-12-01/14:04:53      144.980      41.2000      13.9000      124.000      2.56447     0.559193    0.0371064
1998-12-01/14:04:55      145.000      41.0200      14.0700      122.000      3.21278     0.529919    0.0475531
1998-12-01/14:04:58      145.010      40.8500      14.3200      121.000      2.80403     0.515038    0.0419494
1998-12-01/14:05:00      145.010      40.6900      14.5800      122.000      2.48027     0.529919    0.0367110
1998-12-01/14:05:03      145.000      40.5400      14.8400      126.000      2.90571     0.587785    0.0410286
1998-12-01/14:05:05      144.980      40.4100      15.0800      125.000      2.21851     0.573576    0.0317178
1998-12-01/14:05:08      144.970      40.2900      15.2600      129.000      4.10091     0.629321    0.0556237
1998-12-01/14:05:10      144.970      40.1600      15.4200      127.000      3.57709     0.601815    0.0498604
1998-12-01/14:05:13      144.990      40.0500      15.4700      130.000      3.08779     0.642788    0.0412837
1998-12-01/14:05:15      145.030      39.9300      15.5100      127.000      3.04156     0.601815    0.0423958
1998-12-01/14:05:17      145.070      39.8100      15.4400      127.000      3.96993     0.601815    0.0553361
1998-12-01/14:05:20      145.120      39.6900      15.3700      130.000      3.24964     0.642788    0.0434477
1998-12-01/14:05:22      145.180      39.5500      15.1900      135.000      8.57594     0.707107     0.105839
1998-12-01/14:05:25      145.270      39.4000      15.0200      131.000      4.38158     0.656059    0.0577149
1998-12-01/14:05:27      145.330      39.2300      14.7500      136.000      5.20529     0.719340    0.0631093
1998-12-01/14:05:30      145.380      39.0600      14.4700      134.000      2.58820     0.694658    0.0324945
1998-12-01/14:05:32      145.410      38.8900      14.1800      141.000      8.28318     0.777146    0.0909801
1998-12-01/14:05:35      145.440      38.7200      13.8800      141.000      4.45813     0.777146    0.0489668
1998-12-01/14:05:37      145.450      38.5600      13.6600      140.000      5.23821     0.766045    0.0587662
1998-12-01/14:05:40      145.440      38.4200      13.4300      142.000      3.79876     0.788011    0.0408189
1998-12-01/14:05:42      145.430      38.2800      13.3000      138.000      5.43261     0.743145    0.0634449
1998-12-01/14:05:45      145.410      38.1600      13.1700      130.000      3.76166     0.642788    0.0502934
1998-12-01/14:05:47      145.400      38.0600      13.0200      127.000      3.82036     0.601815    0.0532513
1998-12-01/14:05:49      145.410      37.9600      13.4400      125.000      2.12168     0.573576    0.0303334
1998-12-01/14:05:52      145.450      37.8500      13.5800      126.000      2.65970     0.587785    0.0375550
1998-12-01/14:05:54      145.540      37.7100      13.6800      122.000      2.33138     0.529919    0.0345073
1998-12-01/14:05:57      145.620      37.5500      13.7700      126.000      2.78934     0.587785    0.0393855
1998-12-01/14:05:59      145.700      37.3800      13.8100      125.000      2.96422     0.573576    0.0423792
1998-12-01/14:06:02      145.750      37.2200      13.8400      127.000      3.96993     0.601815    0.0553361
1998-12-01/14:06:04      145.760      37.0600      13.8700      127.000      3.45851     0.601815    0.0482075
1998-12-01/14:06:07      145.780      36.9300      13.9000      127.000      3.69186     0.601815    0.0514602
1998-12-01/14:06:09      145.800      36.8100      13.9300      126.000      2.37413     0.587785    0.0335227
1998-12-01/14:06:12      145.830      36.6800      13.9500      125.000      1.91644     0.573576    0.0273992
1998-12-01/14:06:14      145.890      36.5100      13.9200      124.000      1.61080     0.559193    0.0233074
1998-12-01/14:06:17      145.940      36.3300      13.8900      122.000      2.40317     0.529919    0.0355699
1998-12-01/14:06:19      145.970      36.1600      13.8400      120.000      2.97762     0.500000    0.0450067
1998-12-01/14:06:22      146.010      35.9900      13.7900      124.000      2.39890     0.559193    0.0347107
1998-12-01/14:06:24      146.070      35.8200      13.7300      124.000      1.90183     0.559193    0.0275184
1998-12-01/14:06:27      146.120      35.6400      13.6600      123.000      2.53819     0.544639    0.0371529
1998-12-01/14:06:29      146.180      35.4400      13.5800      125.000      2.29797     0.573576    0.0328538
1998-12-01/14:06:32      146.220      35.2400      13.4700      122.000      2.74913     0.529919    0.0406905
1998-12-01/14:06:34      146.230      35.0600      13.3700      119.000      3.07917     0.484810    0.0470035
1998-12-01/14:06:37      146.230      34.8800      13.2500      123.000      2.34112     0.544639    0.0342683
1998-12-01/14:06:39      146.240      34.7400      13.1200      123.000      2.34112     0.544639    0.0342683
1998-12-01/14:06:42      146.250      34.5900      12.9800      124.000      2.56447     0.559193    0.0371064
1998-12-01/14:06:44      146.270      34.4300      12.8000      126.000      3.44405     0.587785    0.0486300
1998-12-01/14:06:47      146.290      34.2800      12.6000      126.000      3.44405     0.587785    0.0486300
1998-12-01/14:06:49      146.310      34.1400      12.4200      126.000      2.37413     0.587785    0.0335227
1998-12-01/14:06:52      146.330      34.0000      12.2500      124.000      1.50721     0.559193    0.0218085
1998-12-01/14:06:54      146.360      33.8600      12.1100      123.000      1.64087     0.544639    0.0240183
1998-12-01/14:06:57      146.400      33.7100      12.0100      123.000      1.59085     0.544639    0.0232862
1998-12-01/14:06:59      146.460      33.5400      12.0000      118.000      2.18262     0.469472    0.0336349
1998-12-01/14:07:02      146.520      33.3600      12.6100      117.000      2.58715     0.453991    0.0402328
1998-12-01/14:07:04      146.560      33.1900      12.7600      114.000      1.85548     0.406737    0.0295845
1998-12-01/14:07:06      146.600      33.0400      12.9000      117.000      2.70413     0.453991    0.0420519
1998-12-01/14:07:09      146.610      32.8700      12.9900      116.000      2.47717     0.438371    0.0388592
1998-12-01/14:07:11      146.620      32.7000      13.0600      119.000      2.87886     0.484810    0.0439458
1998-12-01/14:07:14      146.610      32.5500      13.1000      119.000      2.64246     0.484810    0.0403371
1998-12-01/14:07:16      146.600      32.4100      13.1000      121.000      2.80403     0.515038    0.0419494
1998-12-01/14:07:19      146.610      32.2700      13.1000      120.000      2.46330     0.500000    0.0372328
1998-12-01/14:07:21      146.610      32.1300      13.0900      121.000      2.63036     0.515038    0.0393512
1998-12-01/14:07:24      146.660      31.9800      13.0700      119.000      3.07917     0.484810    0.0470035
1998-12-01/14:07:26      146.690      31.8200      13.0200      124.000      2.39890     0.559193    0.0347107
1998-12-01/14:07:29      146.720      31.6600      12.9700      121.000      3.23298     0.515038    0.0483666
1998-12-01/14:07:31      146.750      31.5000      12.9100      118.000      4.45736     0.469472    0.0686894
1998-12-01/14:07:34      146.740      31.3600      12.8600      119.000      3.07917     0.484810    0.0470035
1998-12-01/14:07:36      146.740      31.2200      12.8500      120.000      4.12284     0.500000    0.0623167
1998-12-01/14:07:39      146.750      31.0900      12.8600      120.000      3.14954     0.500000    0.0476053
1998-12-01/14:07:41      146.760      30.9700      12.9300      123.000      1.90567     0.544639    0.0278944
1998-12-01/14:07:44      146.790      30.8300      13.0300      125.000      1.71507     0.573576    0.0245202
1998-12-01/14:07:46      146.830      30.6900      13.1800      128.000      2.84796     0.615661    0.0391691
1998-12-01/14:07:49      146.840      30.5500      13.3300      126.000      2.27823     0.587785    0.0321686
1998-12-01/14:07:51      146.850      30.4200      13.5100      131.000      2.80781     0.656059    0.0369849
1998-12-01/14:07:54      146.850      30.2800      13.6500      128.000      3.07219     0.615661    0.0422530
1998-12-01/14:07:56      146.860      30.1400      13.7000      134.000      2.58820     0.694658    0.0324945
1998-12-01/14:07:59      146.840      29.9900      13.7400      131.000      3.05442     0.656059    0.0402333
1998-12-01/14:08:01      146.830      29.8500      13.6900      137.000      4.56578     0.731354    0.0543470
1998-12-01/14:08:04      146.820      29.7100      13.6300      139.000      4.79435     0.754710    0.0548972
1998-12-01/14:08:06      146.810      29.5800      13.5200      145.000      6.42348     0.819152    0.0643042
1998-12-01/14:08:08      146.830      29.4400      13.3900      138.000      4.89944     0.743145    0.0572183
1998-12-01/14:08:11      146.860      29.3000      13.2100      141.000      12.7791     0.777146     0.140362
1998-12-01/14:08:13      146.880      29.1600      13.0300      115.000      3.47634     0.422618    0.0549889
1998-12-01/14:08:16      146.900      29.0300      12.8300      116.000      4.57356     0.438371    0.0717451
1998-12-01/14:08:18      146.920      28.9000      12.6500      117.000      2.45583     0.453991    0.0381906
1998-12-01/14:08:21      146.930      28.7700      12.4900      122.000      2.56560     0.529919    0.0379740
1998-12-01/14:08:23      146.950      28.6400      12.3500      124.000      1.47084     0.559193    0.0212822
1998-12-01/14:08:27      146.980      28.4800      12.2400      125.000      2.01076     0.573576    0.0287476
1998-12-01/14:08:29      147.000      28.3500      12.1400      126.000      2.90571     0.587785    0.0410286
1998-12-01/14:08:32      147.020      28.2200      12.0700      144.000      5.43006     0.809017    0.0557058
1998-12-01/14:08:34      147.050      28.0800      12.0100      148.000      3.35179     0.848048    0.0310001
1998-12-01/14:08:37      147.070      27.9500      12.1300      153.000      8.45802     0.891007    0.0670182
1998-12-01/14:08:39      147.070      27.8200      12.1800      155.000      3.18245     0.906308    0.0234740
1998-12-01/14:08:42      147.070      27.6900      12.2400      159.000      10.9613     0.933580    0.0685596
1998-12-01/14:08:44      147.050      27.5600      12.3000      151.000      10.0853     0.874620    0.0853370
1998-12-01/14:08:47      147.040      27.4400      12.3700      144.000      30.4326     0.809017     0.312202
1998-12-01/14:08:49      147.040      27.3200      12.4400      132.000      5.60423     0.669131    0.0726887
1998-12-01/14:08:51      147.040      27.1900      12.5400      166.000      16.3382     0.970296    0.0689853
1998-12-01/14:08:54      147.040      27.0500      12.6700      129.000      10.3724     0.629321     0.140689
1998-12-01/14:08:56      147.040      26.9200      12.7900      159.000      6.40217     0.933580    0.0400437
1998-12-01/14:08:59      147.050      26.7800      12.9000      159.000      2.67293     0.933580    0.0167184
1998-12-01/14:09:01      147.060      26.6400      12.9800      159.000      3.59693     0.933580    0.0224977
1998-12-01/14:09:04      147.070      26.5100      13.0000      157.000      1.79066     0.920505    0.0122115
1998-12-01/14:09:06      147.100      26.3600      12.9900      157.000      2.75603     0.920505    0.0187949
1998-12-01/14:09:09      147.120      26.2000      12.9300      156.000      2.46443     0.913545    0.0174947
1998-12-01/14:09:11      147.150      26.0400      12.8700      156.000      6.81456     0.913545    0.0483758
1998-12-01/14:09:14      147.150      25.8700      12.7900      151.000      5.30607     0.874620    0.0448974
1998-12-01/14:09:16      147.160      25.7100      12.7100      146.000      5.40736     0.829038    0.0527745
1998-12-01/14:09:19      147.150      25.5500      12.6200      142.000      4.08183     0.788011    0.0438606
1998-12-01/14:09:21      147.150      25.3900      12.5300      146.000      3.67498     0.829038    0.0358669
1998-12-01/14:09:24      147.140      25.2500      12.4200      141.000      4.16401     0.777146    0.0457363
1998-12-01/14:09:26      147.140      25.1000      12.3100      145.000      5.23356     0.819152    0.0523921
1998-12-01/14:09:29      147.150      24.9500      12.1800      148.000      2.98796     0.848048    0.0276351
1998-12-01/14:09:31      147.150      24.8000      12.0800      149.000      4.91825     0.857167    0.0442107
1998-12-01/14:09:34      147.130      24.6400      12.0700      144.000      3.66934     0.809017    0.0376430
1998-12-01/14:09:36      147.120      24.4900      12.1000      149.000      4.68168     0.857167    0.0420841
1998-12-01/14:09:39      147.120      24.3500      12.2200      152.000      4.80267     0.882948    0.0393522
1998-12-01/14:09:41      147.110      24.2000      12.3900      148.000      3.88640     0.848048    0.0359447
1998-12-01/14:09:44      147.120      24.0600      12.7500      144.000      2.91288     0.809017    0.0298826
1998-12-01/14:09:46      147.120      23.9400      13.1400      145.000      3.28167     0.819152    0.0328521
1998-12-01/14:09:48      147.130      23.7900      13.6100      125.000      6.20593     0.573576    0.0887256
1998-12-01/14:09:51      147.140      23.6500      14.0800      102.000      19.1297     0.207912     0.326580
1998-12-01/14:09:56      147.150      23.3600      14.5100      169.000      7.60987     0.981627    0.0253427
1998-12-01/14:09:58      147.140      23.2300      14.9800      101.000      25.3882     0.190809     0.434967
1998-12-01/14:10:01      147.130      23.0900      15.3000      108.000      9.55748     0.309017     0.158645
1998-12-01/14:10:03      147.130      22.9600      15.6200      108.000      3.35424     0.309017    0.0556773
1998-12-01/14:10:06      147.130      22.8200      15.6900      113.000      4.06747     0.390731    0.0653473
1998-12-01/14:10:08      147.120      22.6900      15.7600      105.000      3.92395     0.258819    0.0661523
1998-12-01/14:10:11      147.120      22.5500      15.6200      107.000      5.27146     0.292372    0.0879842
1998-12-01/14:10:13      147.120      22.4100      15.4800      109.000      3.84268     0.325568    0.0634135
1998-12-01/14:10:16      147.120      22.2800      15.2800      151.000      6.27775     0.874620    0.0531193
1998-12-01/14:10:18      147.130      22.1400      15.0900      149.000      7.56164     0.857167    0.0679724
1998-12-01/14:10:21      147.130      21.9900      15.0400      122.000      5.22966     0.529919    0.0774054
1998-12-01/14:10:23      147.130      21.8600      15.0000      117.000      3.48879     0.453991    0.0542542
1998-12-01/14:10:26      147.120      21.7200      15.1200      124.000      1.68852     0.559193    0.0244319
1998-12-01/14:10:28      147.110      21.5900      15.2500      120.000      2.53734     0.500000    0.0383519
1998-12-01/14:10:31      147.100      21.4700      15.4800      122.000      2.66196     0.529919    0.0394003
1998-12-01/14:10:33      147.120      21.3200      15.7100      119.000      2.72378     0.484810    0.0415785
1998-12-01/14:10:36      147.150      21.1700      15.9400      122.000      2.40317     0.529919    0.0355699
1998-12-01/14:10:38      147.160      21.0100      16.1800      118.000      2.91367     0.469472    0.0449007
1998-12-01/14:10:41      147.160      20.8500      16.4100      126.000      5.29392     0.587785    0.0747502
1998-12-01/14:10:43      147.140      20.7000      16.6500      130.000      4.24681     0.642788    0.0567798
1998-12-01/14:10:46      147.110      20.5400      16.8500      138.000      7.63842     0.743145    0.0892055
1998-12-01/14:10:48      147.100      20.4000      17.0400      136.000      2.05540     0.719340    0.0249198
1998-12-01/14:10:51      147.090      20.2500      17.1400      136.000      3.75188     0.719340    0.0454881
1998-12-01/14:10:53      147.090      20.1100      17.2200      134.000      2.41209     0.694658    0.0302834
1998-12-01/14:10:56      147.080      19.9600      17.1000      130.000      3.76166     0.642788    0.0502934
1998-12-01/14:10:58      147.080      19.8200      16.9600      123.000      1.61630     0.544639    0.0236587
1998-12-01/14:11:01      147.080      19.6900      16.5600      124.000      1.90183     0.559193    0.0275184
1998-12-01/14:11:03      147.080      19.5700      16.1300      121.000      2.35910     0.515038    0.0352931
1998-12-01/14:11:05      147.080      19.4800      15.5300      123.000      1.90567     0.544639    0.0278944
1998-12-01/14:11:07      147.080      19.3600      14.9100      122.000      2.11743     0.529919    0.0313406
1998-12-01/14:11:10      147.070      19.2400      14.3200      125.000      2.41496     0.573576    0.0345264
1998-12-01/14:11:12      147.070      19.1300      13.7300      124.000      1.94146     0.559193    0.0280918
1998-12-01/14:11:15      147.070      19.0100      13.4300      131.000      4.20512     0.656059    0.0553905
1998-12-01/14:11:17      147.060      18.9000      13.0300      125.000      2.54251     0.573576    0.0363500
1998-12-01/14:11:20      147.040      18.7800      13.0500      130.000      4.84274     0.642788    0.0647474
1998-12-01/14:11:22      147.050      18.6600      13.2500      124.000      1.99801     0.559193    0.0289101
1998-12-01/14:11:25      147.060      18.5400      13.5200      126.000      3.29175     0.587785    0.0464795
1998-12-01/14:11:27      147.070      18.4100      13.8400      119.000      2.94180     0.484810    0.0449066
1998-12-01/14:11:30      147.070      18.2900      14.1700      122.000      2.33138     0.529919    0.0345073
1998-12-01/14:11:32      147.060      18.1700      14.4000      116.000      2.93375     0.438371    0.0460215
1998-12-01/14:11:35      147.060      18.0400      14.5800      118.000      3.30730     0.469472    0.0509666
1998-12-01/14:11:37      147.060      17.9200      14.6000      118.000      3.30730     0.469472    0.0509666
1998-12-01/14:11:40      147.070      17.7900      14.3200      126.000      5.06650     0.587785    0.0715390
1998-12-01/14:11:42      147.080      17.6600      14.0300      124.000      3.42183     0.559193    0.0495119
1998-12-01/14:11:45      147.080      17.5200      13.7200      127.000      5.57686     0.601815    0.0777348
1998-12-01/14:11:47      147.080      17.3800      13.4000      124.000      1.50721     0.559193    0.0218085
1998-12-01/14:11:50      147.080      17.2500      13.1700      128.000      3.45891     0.615661    0.0475717
1998-12-01/14:11:52      147.080      17.1100      12.9500      128.000      3.17442     0.615661    0.0436590
1998-12-01/14:11:55      147.070      16.9700      12.9500      134.000      1.98574     0.694658    0.0249307
1998-12-01/14:11:57      147.070      16.8300      12.9700      133.000      2.45306     0.681998    0.0313122
1998-12-01/14:12:00      147.060      16.6900      13.0200      137.000      2.65205     0.731354    0.0315677
1998-12-01/14:12:02      147.060      16.5500      13.0700      135.000      1.83978     0.707107    0.0227054
1998-12-01/14:12:05      147.060      16.4100      13.1100      137.000      3.41887     0.731354    0.0406952
1998-12-01/14:12:07      147.060      16.2700      13.1700      133.000      2.70353     0.681998    0.0345093
1998-12-01/14:12:10      147.050      16.1300      13.2500      136.000      3.75188     0.719340    0.0454881
1998-12-01/14:12:12      147.050      15.9900      13.3300      135.000      2.99077     0.707107    0.0369101
1998-12-01/14:12:15      147.050      15.8500      13.4200      144.000      3.21083     0.809017    0.0329392
1998-12-01/14:12:17      147.050      15.7200      13.5100      142.000      3.59207     0.788011    0.0385979
1998-12-01/14:12:20      147.050      15.5800      13.6000      143.000      2.94156     0.798636    0.0308971
1998-12-01/14:12:22      147.050      15.4400      13.6700      134.000      2.05788     0.694658    0.0258364
1998-12-01/14:12:26      147.050      15.2500      13.7300      138.000      4.13341     0.743145    0.0482722
1998-12-01/14:12:28      147.050      15.1200      13.7800      132.000      2.77902     0.669131    0.0360448
1998-12-01/14:12:30      147.040      14.9800      13.8200      133.000      3.01339     0.681998    0.0384645
1998-12-01/14:12:33      147.050      14.8500      13.8600      128.000      3.17442     0.615661    0.0436590
1998-12-01/14:12:35      147.050      14.7200      13.8900      134.000      2.32540     0.694658    0.0291950
1998-12-01/14:12:38      147.060      14.5900      13.9100      126.000      2.65970     0.587785    0.0375550
1998-12-01/14:12:40      147.070      14.4600      13.9200      133.000      3.45868     0.681998    0.0441484
1998-12-01/14:12:43      147.080      14.3200      13.9300      127.000      3.45851     0.601815    0.0482075
1998-12-01/14:12:45      147.100      14.1900      13.9200      142.000      3.45949     0.788011    0.0371733
1998-12-01/14:12:48      147.110      14.0500      13.8900      134.000      2.32540     0.694658    0.0291950
1998-12-01/14:12:50      147.120      13.9100      13.8500      142.000      3.32991     0.788011    0.0357809
1998-12-01/14:12:53      147.130      13.7700      13.8000      128.000      3.90398     0.615661    0.0536929
1998-12-01/14:12:55      147.150      13.6300      13.7600      131.000      3.42408     0.656059    0.0451026
1998-12-01/14:12:58      147.150      13.4900      13.7100      130.000      2.71760     0.642788    0.0363343
1998-12-01/14:13:00      147.150      13.3500      13.6700      136.000      2.11341     0.719340    0.0256231
1998-12-01/14:13:03      147.160      13.2100      13.6300      137.000      3.08131     0.731354    0.0366772
1998-12-01/14:13:05      147.170      13.0600      13.5900      139.000      4.27770     0.754710    0.0489813
1998-12-01/14:13:08      147.180      12.9100      13.5500      141.000      3.93486     0.777146    0.0432194
1998-12-01/14:13:10      147.190      12.7700      13.5100      145.000      2.50573     0.819152    0.0250844
1998-12-01/14:13:13      147.200      12.6200      13.4700      145.000      2.93425     0.819152    0.0293742
1998-12-01/14:13:15      147.200      12.4800      13.4500      146.000      2.47869     0.829038    0.0241914
1998-12-01/14:13:18      147.200      12.3400      13.4200      143.000      4.16649     0.798636    0.0437634
1998-12-01/14:13:20      147.210      12.2000      13.4300      145.000      6.03286     0.819152    0.0603937
1998-12-01/14:13:23      147.210      12.0600      13.4400      133.000      4.09574     0.681998    0.0522802
1998-12-01/14:13:25      147.210      11.9200      13.4700      131.000      6.82167     0.656059    0.0898562
1998-12-01/14:13:28      147.220      11.7900      13.5000      125.000      2.35709     0.573576    0.0336991
1998-12-01/14:13:30      147.240      11.6500      13.5400      128.000      4.62609     0.615661    0.0636244
1998-12-01/14:13:33      147.250      11.5200      13.5800      126.000      3.00177     0.587785    0.0423850
1998-12-01/14:13:35      147.270      11.3800      13.5800      127.000      6.09990     0.601815    0.0850254
1998-12-01/14:13:38      147.280      11.2500      13.5800      125.000      2.96422     0.573576    0.0423792
1998-12-01/14:13:40      147.290      11.1200      13.5500      128.000      6.40122     0.615661    0.0880384
1998-12-01/14:13:43      147.290      10.9900      13.5100      125.000      4.97892     0.573576    0.0711831
1998-12-01/14:13:45      147.290      10.8900      13.4500      126.000      8.75951     0.587785     0.123684
1998-12-01/14:13:47      147.300      10.7500      13.3400      126.000      4.35442     0.587785    0.0614845
1998-12-01/14:13:50      147.300      10.6200      13.2100      133.000      7.59222     0.681998    0.0969111
1998-12-01/14:13:52      147.310      10.4800      13.0300      133.000      3.09065     0.681998    0.0394507
1998-12-01/14:13:55      147.310      10.3400      12.8000      141.000      7.10027     0.777146    0.0779873
1998-12-01/14:13:57      147.310      10.2100      12.5500      141.000      3.60568     0.777146    0.0396037
1998-12-01/14:14:00      147.310      10.0700      12.2700      152.000      6.19652     0.882948    0.0507732
1998-12-01/14:14:57      147.170      6.91000      12.0300      112.000      1.52115     0.374607    0.0246159
1998-12-01/14:14:59      147.160      6.77000      11.8400      113.000      1.69368     0.390731    0.0272104
1998-12-01/14:15:02      147.150      6.64000      11.6700      116.000      3.01723     0.438371    0.0473310
1998-12-01/14:15:04      147.150      6.53000      11.5600      116.000      3.45764     0.438371    0.0542397
1998-12-01/14:15:06      147.130      6.40000      11.4500      116.000      3.01723     0.438371    0.0473310
1998-12-01/14:15:09      147.120      6.26000      11.3600      120.000      3.14954     0.500000    0.0476053
1998-12-01/14:15:11      147.110      6.13000      11.2800      122.000      2.56560     0.529919    0.0379740
1998-12-01/14:15:14      147.120      5.99000      11.2200      127.000      3.96993     0.601815    0.0553361
1998-12-01/14:15:16      147.130      5.85000      11.1900      127.000      4.13394     0.601815    0.0576222
1998-12-01/14:15:19      147.160      5.71000      11.2200      129.000      4.10091     0.629321    0.0556237
1998-12-01/14:15:21      147.190      5.58000      11.3000      120.000      3.05288     0.500000    0.0461443
1998-12-01/14:15:24      147.260      5.45000      11.7000      119.000      2.94180     0.484810    0.0449066
1998-12-01/14:15:26      147.320      5.33000      12.0200      114.000      1.85548     0.406737    0.0295845
1998-12-01/14:15:29      147.380      5.24000      12.3400      117.000      2.81654     0.453991    0.0438000
1998-12-01/14:15:31      147.430      5.14000      12.6500      117.000      2.81654     0.453991    0.0438000
1998-12-01/14:15:34      147.460      5.06000      12.9000      120.000      2.97762     0.500000    0.0450067
1998-12-01/14:15:36      147.480      4.97000      12.9700      119.000      3.07917     0.484810    0.0470035
1998-12-01/14:15:39      147.470      4.89000      12.9800      143.000      4.53954     0.798636    0.0476817
1998-12-01/14:15:41      147.460      4.80000      12.8100      144.000      3.41073     0.809017    0.0349899
1998-12-01/14:15:44      147.430      4.70000      12.6000      148.000      5.29970     0.848048    0.0490160
1998-12-01/14:15:46      147.400      4.60000      12.2900      150.000      5.17248     0.866026    0.0451384
1998-12-01/14:15:49      147.360      4.48000      11.9800      152.000      9.46639     0.882948    0.0775659
1998-12-01/14:15:51      147.320      4.37000      11.6900      154.000      7.75676     0.898794    0.0593471
1998-12-01/14:15:54      147.290      4.24000      11.2600      156.000      6.15127     0.913545    0.0436672
1998-12-01/14:15:56      147.260      4.12000      11.4400      155.000      2.88837     0.906308    0.0213049
1998-12-01/14:15:59      147.230      3.98000      11.6000      157.000      2.75603     0.920505    0.0187949
1998-12-01/14:16:01      147.210      3.85000      11.7600      152.000      3.37264     0.882948    0.0276348
1998-12-01/14:16:04      147.190      3.72000      11.8300      148.000      4.89593     0.848048    0.0452816
1998-12-01/14:16:06      147.160      3.59000      11.9100      143.000      3.51992     0.798636    0.0369720
1998-12-01/14:16:09      147.150      3.46000      11.9300      144.000      5.43006     0.809017    0.0557058
1998-12-01/14:16:11      147.130      3.33000      11.9400      130.000      4.70593     0.642788    0.0629183
1998-12-01/14:16:14      147.110      3.20000      11.9100      125.000      4.06454     0.573576    0.0581103
1998-12-01/14:16:16      147.080      3.06000      11.8700      123.000      2.04324     0.544639    0.0299081
1998-12-01/14:16:19      147.060      2.93000      11.8300      122.000      2.19844     0.529919    0.0325396
1998-12-01/14:16:21      147.030      2.81000      11.7800      123.000      1.76984     0.544639    0.0259061
1998-12-01/14:16:24      146.980      2.63000      11.7200      122.000      2.66196     0.529919    0.0394003
1998-12-01/14:16:27      146.930      2.50000      11.6700      124.000      2.16123     0.559193    0.0312718
1998-12-01/14:16:29      146.890      2.36000      11.6400      145.000      6.03286     0.819152    0.0603937
1998-12-01/14:16:32      146.840      2.22000      11.8700      146.000      2.70573     0.829038    0.0264073
1998-12-01/14:16:34      146.790      2.09000      12.0000      148.000      7.20868     0.848048    0.0666719
1998-12-01/14:16:37      146.730      1.95000      12.1400      148.000      6.63263     0.848048    0.0613441
1998-12-01/14:16:39      146.670      1.81000      12.2900      158.000      10.0942     0.927184    0.0659971
1998-12-01/14:16:42      146.610      1.67000      12.4400      156.000      3.90744     0.913545    0.0277385
1998-12-01/14:16:44      146.560      1.52000      12.5300      154.000      9.93717     0.898794    0.0760295
1998-12-01/14:16:47      146.510      1.37000      12.6100      130.000      9.83340     0.642788     0.131473
1998-12-01/14:16:49      146.470      1.23000      12.6200      128.000      8.87976     0.615661     0.122127
1998-12-01/14:16:52      146.430      1.09000      12.6200      125.000      2.01076     0.573576    0.0287476
1998-12-01/14:16:54      146.390     0.950000      12.6000      127.000      3.96993     0.601815    0.0553361
1998-12-01/14:16:57      146.350     0.810000      12.5700      136.000      4.91887     0.719340    0.0596367
1998-12-01/14:16:59      146.300     0.680000      12.5400      155.000      4.93631     0.906308    0.0364106
1998-12-01/14:17:02      146.260     0.540000      12.5200      158.000      6.02792     0.927184    0.0394112
1998-12-01/14:17:04      146.230     0.420000      12.5100      159.000      3.27643     0.933580    0.0204931
1998-12-01/14:17:07      146.190     0.300000      12.5100      159.000      2.56298     0.933580    0.0160307
1998-12-01/14:17:09      146.150     0.170000      12.5000      159.000      2.80537     0.933580    0.0175467
1998-12-01/14:17:12      146.120    0.0400000      12.4900      158.000      2.14209     0.927184    0.0140052
1998-12-01/14:17:14      146.100    -0.110000      12.4500      158.000      2.69775     0.927184    0.0176382
1998-12-01/14:17:16      146.080    -0.250000      12.4000      150.000      7.68487     0.866026    0.0670631
1998-12-01/14:17:19      146.060    -0.370000      12.3400      146.000      7.83142     0.829038    0.0764327
1998-12-01/14:17:21      146.050    -0.500000      12.2700      109.000      6.95349     0.325568     0.114749
1998-12-01/14:17:24      146.040    -0.610000      12.1900      110.000      5.18814     0.342020    0.0850893
1998-12-01/14:17:26      146.040    -0.730000      12.0900      107.000      5.97539     0.292372    0.0997332
1998-12-01/14:17:29      146.060    -0.850000      12.0300      165.000      13.5158     0.965926    0.0610541
1998-12-01/14:17:31      146.080    -0.960000      12.0000      109.000      25.5614     0.325568     0.421825
1998-12-01/14:17:34      146.110     -1.07000      11.9500      158.000      42.4920     0.927184     0.277818
1998-12-01/14:17:36      146.130     -1.19000      11.8900      157.000      7.91111     0.920505    0.0539501
1998-12-01/14:17:39      146.160     -1.31000      11.8500      159.000      4.33624     0.933580    0.0271219
1998-12-01/14:17:41      146.190     -1.43000      11.8200      154.000      5.41266     0.898794    0.0414124
1998-12-01/14:17:44      146.210     -1.53000      11.7800      159.000      8.97807     0.933580    0.0561551
1998-12-01/14:17:46      146.240     -1.65000      11.7300      164.000      16.0131     0.961262    0.0770355
1998-12-01/14:17:48      146.280     -1.76000      11.6900      166.000      7.56479     0.970296    0.0319411
1998-12-01/14:17:51      146.310     -1.86000      11.6600      160.000      15.4915     0.939693    0.0924746
1998-12-01/14:17:53      146.330     -1.96000      11.6500      160.000      17.3586     0.939693     0.103620
1998-12-01/14:17:56      146.350     -2.06000      11.6500      158.000      13.9148     0.927184    0.0909766
1998-12-01/14:17:58      146.380     -2.16000      11.6500      157.000      8.41784     0.920505    0.0574058
1998-12-01/14:18:01      146.400     -2.25000      11.6700      153.000      12.1037     0.891007    0.0959052
1998-12-01/14:18:03      146.410     -2.34000      11.7000      136.000      9.09227     0.719340     0.110235
1998-12-01/14:18:06      146.420     -2.43000      11.7500      134.000      3.99895     0.694658    0.0502062
1998-12-01/14:18:08      146.440     -2.53000      11.8000      136.000      7.98734     0.719340    0.0968391
1998-12-01/14:18:11      146.450     -2.62000      11.8500      112.000      5.33701     0.374607    0.0863657
1998-12-01/14:18:13      146.450     -2.72000      11.9100      142.000      7.96597     0.788011    0.0855969
1998-12-01/14:18:16      146.450     -2.81000      11.9400      143.000      6.77975     0.798636    0.0712121
1998-12-01/14:18:18      146.460     -2.89000      11.9700      151.000      7.57699     0.874620    0.0641129
1998-12-01/14:18:21      146.470     -2.96000      11.9800      137.000      4.15427     0.731354    0.0494488
1998-12-01/14:18:23      146.490     -3.03000      11.9800      138.000      4.62862     0.743145    0.0540555
1998-12-01/14:18:26      146.510     -3.10000      11.9700      133.000      3.66805     0.681998    0.0468209
1998-12-01/14:18:28      146.550     -3.17000      11.9400      138.000      5.73175     0.743145    0.0669384
1998-12-01/14:18:31      146.600     -3.24000      11.9000      137.000      5.79798     0.731354    0.0690140
1998-12-01/14:18:33      146.670     -3.34000      11.8500      140.000      28.7126     0.766045     0.322120
1998-12-01/14:18:36      146.740     -3.44000      11.7900      153.000      7.98270     0.891007    0.0632519
1998-12-01/14:18:38      146.800     -3.57000      11.7300      155.000      20.6177     0.906308     0.152078
1998-12-01/14:18:41      146.860     -3.70000      11.6700      145.000      9.13993     0.819152    0.0914980
1998-12-01/14:18:43      146.900     -3.83000      11.6100      143.000      7.10765     0.798636    0.0746563
1998-12-01/14:18:46      146.940     -3.97000      11.5400      123.000      2.43576     0.544639    0.0356536
1998-12-01/14:18:48      146.970     -4.11000      11.4700      133.000      2.81077     0.681998    0.0358782
1998-12-01/14:18:51      147.000     -4.25000      11.4000      125.000      2.63929     0.573576    0.0377337
1998-12-01/14:18:53      147.010     -4.40000      11.3400      135.000      3.17160     0.707107    0.0391418
1998-12-01/14:18:56      147.030     -4.55000      11.3600      136.000      4.01277     0.719340    0.0486511
1998-12-01/14:18:58      147.050     -4.70000      11.3900      157.000      4.71980     0.920505    0.0321869
1998-12-01/14:19:01      147.070     -4.84000      11.4400      158.000      7.29900     0.927184    0.0477217
1998-12-01/14:19:03      147.090     -4.96000      11.5000      157.000      7.91111     0.920505    0.0539501
1998-12-01/14:19:05      147.120     -5.10000      11.5600      95.0000      5.25308    0.0871559    0.0913346
1998-12-01/14:19:08      147.140     -5.24000      11.6100      133.000      5.17562     0.681998    0.0660644
1998-12-01/14:19:10      147.150     -5.39000      11.6500      112.000      2.15767     0.374607    0.0349163
1998-12-01/14:19:13      147.160     -5.54000      11.6700      128.000      4.62609     0.615661    0.0636244
1998-12-01/14:19:15      147.170     -5.69000      11.6300      113.000      2.64073     0.390731    0.0424255
1998-12-01/14:19:18      147.180     -5.85000      11.5800      128.000      5.42834     0.615661    0.0746580
1998-12-01/14:19:20      147.180     -6.00000      11.4800      122.000      3.51694     0.529919    0.0520550
1998-12-01/14:19:23      147.180     -6.15000      11.3800      139.000      4.16955     0.754710    0.0477430
1998-12-01/14:19:25      147.180     -6.29000      11.2600      140.000      6.63463     0.766045    0.0744323
1998-12-01/14:19:28      147.170     -6.41000      11.1600      144.000      5.79441     0.809017    0.0594436
1998-12-01/14:19:30      147.160     -6.53000      11.0800      152.000      7.29646     0.882948    0.0597859
1998-12-01/14:19:32      147.150     -6.65000      11.0400      155.000      6.43176     0.906308    0.0474412
1998-12-01/14:19:35      147.140     -6.77000      11.0200      150.000      7.97400     0.866026    0.0695863
1998-12-01/14:22:49      146.080     -17.8500      11.0100      134.000      2.23258     0.694658    0.0280297
1998-12-01/14:22:52      146.070     -17.9900      11.0100      133.000      2.70353     0.681998    0.0345093
1998-12-01/14:22:54      146.060     -18.1300      11.0100      131.000      3.31843     0.656059    0.0437109
1998-12-01/14:22:57      146.050     -18.2700      11.0200      132.000      3.42443     0.669131    0.0444160
1998-12-01/14:22:59      146.030     -18.4200      11.0100      131.000      3.18592     0.656059    0.0419655
1998-12-01/14:23:02      146.010     -18.5400      11.0000      134.000      2.05788     0.694658    0.0258364
1998-12-01/14:23:04      145.980     -18.6900      10.9900      135.000      1.91243     0.707107    0.0236020
1998-12-01/14:23:06      145.950     -18.8400      10.9900      137.000      2.34111     0.731354    0.0278665
1998-12-01/14:23:09      145.940     -18.9800      10.9800      136.000      1.62626     0.719340    0.0197169
1998-12-01/14:23:11      145.920     -19.1200      10.9800      135.000      1.70461     0.707107    0.0210372
1998-12-01/14:23:14      145.910     -19.2600      10.9800      133.000      2.51485     0.681998    0.0321009
1998-12-01/14:23:16      145.890     -19.4000      10.9700      136.000      2.31905     0.719340    0.0281163
1998-12-01/14:23:19      145.880     -19.5500      10.9600      126.000      3.29175     0.587785    0.0464795
1998-12-01/14:23:21      145.860     -19.7100      10.9600      128.000      4.62609     0.615661    0.0636244
1998-12-01/14:23:24      145.840     -19.8600      10.9500      126.000      4.16535     0.587785    0.0588148
1998-12-01/14:23:26      145.820     -20.0100      10.9400      121.000      4.08844     0.515038    0.0611647
1998-12-01/14:23:29      145.790     -20.1600      10.9100      114.000      3.93486     0.406737    0.0627389
1998-12-01/14:23:31      145.770     -20.3100      10.8700      112.000      6.37525     0.374607     0.103167
1998-12-01/14:23:34      145.730     -20.4700      10.8600      111.000      4.16675     0.358368    0.0678932
1998-12-01/14:23:36      145.700     -20.6200      10.8600      117.000      22.6838     0.453991     0.352756
1998-12-01/14:23:39      145.690     -20.7600      10.8700      123.000      2.43576     0.544639    0.0356536
1998-12-01/14:23:41      145.680     -20.9100      10.8800      126.000      8.98264     0.587785     0.126835
1998-12-01/14:23:44      145.660     -21.0600      10.8900      127.000      4.13394     0.601815    0.0576222
1998-12-01/14:23:46      145.630     -21.2100      10.9000      125.000      4.71222     0.573576    0.0673701
1998-12-01/14:23:49      145.590     -21.3700      10.9300      124.000      2.16123     0.559193    0.0312718
1998-12-01/14:23:51      145.560     -21.5300      11.0000      125.000      4.26413     0.573576    0.0609638
1998-12-01/14:23:54      145.510     -21.6800      11.1200      123.000      1.83647     0.544639    0.0268814
1998-12-01/14:23:56      145.470     -21.8300      11.3300      125.000      2.35709     0.573576    0.0336991
1998-12-01/14:23:59      145.440     -21.9900      11.5900      126.000      2.01124     0.587785    0.0283987
1998-12-01/14:24:01      145.410     -22.1400      12.0200      125.000      2.12168     0.573576    0.0303334
1998-12-01/14:24:04      145.380     -22.2800      12.4600      127.000      3.69186     0.601815    0.0514602
1998-12-01/14:24:06      145.350     -22.4300      13.0000      129.000      3.95825     0.629321    0.0536887
1998-12-01/14:24:09      145.320     -22.5800      13.5300      142.000      3.39940     0.788011    0.0365276
1998-12-01/14:24:11      145.290     -22.7300      13.9400      145.000      2.20234     0.819152    0.0220472
1998-12-01/14:24:14      145.270     -22.8700      14.3300      144.000      2.28256     0.809017    0.0234163
1998-12-01/14:24:16      145.260     -23.0100      14.5400      141.000      4.16401     0.777146    0.0457363
1998-12-01/14:24:19      145.250     -23.1500      14.7400      135.000      1.91243     0.707107    0.0236020
1998-12-01/14:24:22      145.230     -23.3400      14.7600      126.000      3.00177     0.587785    0.0423850
1998-12-01/14:24:24      145.220     -23.4800      14.7800      112.000      2.03620     0.374607    0.0329506
1998-12-01/14:24:27      145.200     -23.6200      14.7000      112.000      1.86436     0.374607    0.0301698
1998-12-01/14:24:29      145.190     -23.7600      14.6200      113.000      1.87336     0.390731    0.0300971
1998-12-01/14:24:32      145.180     -23.9100      14.4900      119.000      3.07917     0.484810    0.0470035
1998-12-01/14:24:34      145.160     -24.0500      14.3700      122.000      2.74913     0.529919    0.0406905
1998-12-01/14:24:37      145.140     -24.1900      14.2100      125.000      2.21851     0.573576    0.0317178
1998-12-01/14:24:39      145.110     -24.3400      14.0500      131.000      4.20512     0.656059    0.0553905
1998-12-01/14:24:42      145.090     -24.4800      13.8800      133.000      2.45306     0.681998    0.0313122
1998-12-01/14:24:44      145.060     -24.6200      13.7100      144.000      2.46889     0.809017    0.0253278
1998-12-01/14:24:47      145.030     -24.7600      13.5200      146.000      2.70573     0.829038    0.0264073
1998-12-01/14:24:49      144.990     -24.9100      13.3300      146.000      2.27322     0.829038    0.0221861
1998-12-01/14:24:52      144.970     -25.0500      13.1600      149.000      7.30056     0.857167    0.0656255
1998-12-01/14:24:54      144.950     -25.1800      12.9900      148.000      5.78530     0.848048    0.0535073
1998-12-01/14:24:57      144.940     -25.3200      12.8200      168.000      13.7043     0.978148    0.0497294
1998-12-01/14:24:59      144.940     -25.4500      12.6400      146.000      8.26028     0.829038    0.0806183
1998-12-01/14:25:02      144.930     -25.5900      12.4400      143.000      34.4662     0.798636     0.362021
1998-12-01/14:25:04      144.940     -25.7300      12.2300      140.000      10.2567     0.766045     0.115067
1998-12-01/14:25:07      144.940     -25.8700      11.9100      138.000      7.79971     0.743145    0.0910892
1998-12-01/14:25:09      144.940     -26.0100      11.7500      132.000      3.84916     0.669131    0.0499249
1998-12-01/14:25:12      144.950     -26.1400      11.5800      131.000      3.55430     0.656059    0.0468178
1998-12-01/14:26:36      144.510     -30.7000      11.5100      139.000      13.7954     0.754710     0.157963
1998-12-01/14:26:38      144.480     -30.8400      11.3400      123.000      23.1802     0.544639     0.339302
1998-12-01/14:26:41      144.450     -30.9800      11.3400      118.000      21.8068     0.469472     0.336050
1998-12-01/14:26:43      144.430     -31.1100      11.3500      126.000      25.0610     0.587785     0.353862
1998-12-01/14:26:46      144.400     -31.2500      11.3800      117.000      9.79152     0.453991     0.152268
1998-12-01/14:26:48      144.380     -31.3900      11.4100      115.000      5.53081     0.422618    0.0874866
1998-12-01/14:26:51      144.360     -31.5200      11.4500      115.000      2.46981     0.422618    0.0390676
1998-12-01/14:26:53      144.350     -31.6600      11.4900      115.000      3.09391     0.422618    0.0489396
1998-12-01/14:26:56      144.330     -31.7900      11.5300      113.000      1.92248     0.390731    0.0308863
1998-12-01/14:26:58      144.310     -31.9300      11.5700      113.000      1.92248     0.390731    0.0308863
1998-12-01/14:27:01      144.290     -32.1100      11.6000      114.000      2.09785     0.406737    0.0334489
1998-12-01/14:27:04      144.280     -32.2600      11.6200      116.000      4.41855     0.438371    0.0693134
1998-12-01/14:27:06      144.270     -32.4000      11.6400      117.000      3.27689     0.453991    0.0509589
1998-12-01/14:27:09      144.240     -32.5300      11.6500      119.000      3.85064     0.484810    0.0587800
1998-12-01/14:27:11      144.220     -32.6600      11.6500      122.000      2.48027     0.529919    0.0367110
1998-12-01/14:27:14      144.210     -32.7900      11.6500      126.000      3.62091     0.587785    0.0511273
1998-12-01/14:27:16      144.190     -32.9200      11.6300      128.000      5.76257     0.615661    0.0792548
1998-12-01/14:27:19      144.160     -33.0600      11.6100      148.000      4.09112     0.848048    0.0378381
1998-12-01/14:27:21      144.130     -33.2100      11.6100      148.000      3.35179     0.848048    0.0310001
1998-12-01/14:27:24      144.120     -33.3500      11.6300      144.000      2.66846     0.809017    0.0273752
1998-12-01/14:27:26      144.110     -33.4900      11.6700      141.000      3.69811     0.777146    0.0406190
1998-12-01/14:27:29      144.120     -33.6200      11.7400      141.000      3.30711     0.777146    0.0363243
1998-12-01/14:27:31      144.120     -33.7600      11.8300      135.000      2.82523     0.707107    0.0348671
1998-12-01/14:27:34      144.130     -33.8800      11.9400      125.000      2.29797     0.573576    0.0328538
1998-12-01/14:27:36      144.140     -34.0100      12.0500      118.000      4.06758     0.469472    0.0626828
1998-12-01/14:27:39      144.140     -34.1300      12.1500      119.000      3.17715     0.484810    0.0484992
1998-12-01/14:27:41      144.140     -34.2600      12.2500      126.000      3.78039     0.587785    0.0533791
1998-12-01/14:27:44      144.140     -34.3900      12.3500      134.000      1.87636     0.694658    0.0235574
1998-12-01/14:27:46      144.130     -34.5100      12.4000      135.000      2.24506     0.707107    0.0277071
1998-12-01/14:27:49      144.110     -34.6400      12.4200      114.000      3.55449     0.406737    0.0566741
1998-12-01/14:27:51      144.090     -34.7600      12.4300      104.000      4.56736     0.241922    0.0773476
1998-12-01/14:27:54      144.070     -34.8800      12.0000      99.0000      3.10816     0.156434    0.0535798
1998-12-01/14:27:56      144.060     -35.0100      12.0000      99.0000      2.49419     0.156434    0.0429959
1998-12-01/14:27:59      144.040     -35.1300      11.9900      98.0000      2.47734     0.139173    0.0428170
1998-12-01/14:28:01      144.020     -35.2500      11.9800      98.0000      2.54772     0.139173    0.0440334
1998-12-01/14:28:04      144.000     -35.3800      11.9700      98.0000      2.85571     0.139173    0.0493565
1998-12-01/14:28:06      143.990     -35.5100      11.9800      96.0000      2.79431     0.104529    0.0485027
1998-12-01/14:28:09      143.980     -35.6400      11.9800      96.0000      3.70113     0.104529    0.0642430
1998-12-01/14:28:11      143.960     -35.7700      12.0000      138.000      4.89944     0.743145    0.0572183
1998-12-01/14:28:14      143.950     -35.8900      12.0100      140.000      4.40624     0.766045    0.0494325
1998-12-01/14:28:16      143.940     -36.0200      12.0100      145.000      2.69243     0.819152    0.0269534
1998-12-01/14:28:19      143.930     -36.1400      12.0100      138.000      4.02178     0.743145    0.0469685
1998-12-01/14:28:21      143.920     -36.2500      12.0100      131.000      4.38158     0.656059    0.0577149
1998-12-01/14:28:23      143.900     -36.3800      12.0100      113.000      1.82806     0.390731    0.0293693
1998-12-01/14:28:26      143.880     -36.5100      12.0000      111.000      2.37731     0.358368    0.0387360
1998-12-01/14:28:28      143.850     -36.6400      11.9900      111.000      1.92688     0.358368    0.0313967
1998-12-01/14:28:31      143.820     -36.7600      11.9700      111.000      2.41315     0.358368    0.0393200
1998-12-01/14:28:33      143.790     -36.9000      11.9500      113.000      2.02531     0.390731    0.0325383
1998-12-01/14:28:36      143.750     -37.0300      11.9000      115.000      5.82346     0.422618    0.0921158
1998-12-01/14:28:38      143.710     -37.1700      11.8500      146.000      4.50820     0.829038    0.0439989
1998-12-01/14:28:41      143.670     -37.3000      11.7900      147.000      9.19074     0.838671    0.0873648
1998-12-01/14:28:43      143.630     -37.4300      11.7200      124.000      3.97079     0.559193    0.0574551
1998-12-01/14:28:46      143.590     -37.5600      11.6800      119.000      4.13137     0.484810    0.0630653
1998-12-01/14:28:48      143.540     -37.6800      11.6400      118.000      2.62505     0.469472    0.0404529
1998-12-01/14:28:51      143.500     -37.8100      11.6100      118.000      2.81502     0.469472    0.0433804
1998-12-01/14:28:53      143.440     -37.9500      11.5700      120.000      2.97762     0.500000    0.0450067
1998-12-01/14:28:56      143.380     -38.0800      11.5500      127.000      4.95410     0.601815    0.0690543
1998-12-01/14:28:58      143.340     -38.2300      11.5300      139.000      3.92732     0.754710    0.0449693
1998-12-01/14:29:01      143.290     -38.3800      11.5600      143.000      2.94156     0.798636    0.0308971
1998-12-01/14:29:03      143.230     -38.5300      11.5800      137.000      3.73557     0.731354    0.0444649
1998-12-01/14:29:06      143.160     -38.6700      11.6200      129.000      4.25829     0.629321    0.0577584
1998-12-01/14:29:08      143.080     -38.8200      11.6700      123.000      1.97618     0.544639    0.0289265
1998-12-01/14:29:11      142.990     -38.9700      11.7200      119.000      2.80616     0.484810    0.0428360
1998-12-01/14:29:13      142.910     -39.1200      11.7700      122.000      2.48027     0.529919    0.0367110
1998-12-01/14:29:16      142.840     -39.2700      11.8200      125.000      2.77985     0.573576    0.0397432
1998-12-01/14:29:18      142.740     -39.4300      11.8700      129.000      4.78361     0.629321    0.0648837
1998-12-01/14:29:20      142.630     -39.5900      11.8900      141.000      7.52202     0.777146    0.0826197
1998-12-01/14:29:23      142.520     -39.7500      11.9000      147.000      6.35501     0.838671    0.0604091
1998-12-01/14:29:25      142.400     -39.9100      11.9000      154.000      7.22688     0.898794    0.0552930
1998-12-01/14:29:28      142.300     -40.0700      11.9000      158.000      3.45136     0.927184    0.0225654
1998-12-01/14:29:30      142.200     -40.2400      11.9000      161.000      10.5154     0.945519    0.0597510
1998-12-01/14:29:33      142.100     -40.4100      11.9000      159.000      5.78167     0.933580    0.0361626
1998-12-01/14:29:35      142.000     -40.5700      11.9100      153.000      12.5492     0.891007    0.0994352
1998-12-01/14:32:04      140.670     -48.9100      11.9100      120.000      3.34165     0.500000    0.0505090
1998-12-01/14:32:06      140.630     -49.0200      11.9100      114.000      2.97444     0.406737    0.0474256
1998-12-01/14:32:09      140.580     -49.1400      11.9100      114.000      3.21946     0.406737    0.0513323
1998-12-01/14:32:11      140.540     -49.2600      11.9200      115.000      3.61512     0.422618    0.0571842
1998-12-01/14:32:14      140.510     -49.3700      11.9300      114.000      4.12941     0.406737    0.0658409
1998-12-01/14:32:16      140.480     -49.4800      11.9400      114.000      2.85912     0.406737    0.0455869
1998-12-01/14:32:19      140.390     -49.6300      11.9600      112.000      1.74712     0.374607    0.0282726
1998-12-01/14:32:22      140.320     -49.7500      11.9700      111.000      2.32941     0.358368    0.0379555
1998-12-01/14:32:24      140.260     -49.8700      11.9700      110.000      2.45938     0.342020    0.0403356
1998-12-01/14:32:27      140.170     -49.9900      11.9700      110.000      2.83141     0.342020    0.0464372
1998-12-01/14:32:29      140.070     -50.1200      11.9700      109.000      3.44885     0.325568    0.0569143
1998-12-01/14:32:32      139.970     -50.2500      11.9600      110.000      3.67818     0.342020    0.0603248
1998-12-01/14:32:34      139.850     -50.3900      11.9500      110.000      26.6230     0.342020     0.436637
1998-12-01/14:32:37      139.740     -50.5300      11.9300      150.000      35.6382     0.866026     0.311002
1998-12-01/14:32:39      139.640     -50.6600      11.9100      154.000      36.0924     0.898794     0.276144
1998-12-01/14:32:42      139.550     -50.8000      11.8800      150.000      35.6382     0.866026     0.311002
1998-12-01/14:32:44      139.470     -50.9400      11.8600      153.000      15.9280     0.891007     0.126208
1998-12-01/14:32:47      139.390     -51.0800      11.8300      149.000      10.6252     0.857167    0.0955111
1998-12-01/14:32:49      139.300     -51.2300      11.8100      128.000      9.14166     0.615661     0.125729
1998-12-01/14:32:52      139.210     -51.3700      11.7900      137.000      6.89146     0.731354    0.0820298
1998-12-01/14:32:54      139.120     -51.5200      11.7700      136.000      3.05713     0.719340    0.0370649
1998-12-01/14:32:57      139.040     -51.6700      11.7500      132.000      3.42443     0.669131    0.0444160
1998-12-01/14:32:59      138.960     -51.8200      11.7200      129.000      5.82398     0.629321    0.0789950
1998-12-01/14:33:02      138.880     -51.9700      11.6900      132.000      4.66135     0.669131    0.0604592
1998-12-01/14:33:04      138.750     -52.1300      11.6500      137.000      5.52538     0.731354    0.0657692
1998-12-01/14:33:07      138.630     -52.2900      11.6200      137.000      4.34261     0.731354    0.0516906
1998-12-01/14:33:09      138.520     -52.4400      11.6000      139.000      4.53486     0.754710    0.0519259
1998-12-01/14:33:12      138.390     -52.5800      11.5900      137.000      2.77105     0.731354    0.0329841
1998-12-01/14:33:14      138.240     -52.7300      11.5800      142.000      3.39940     0.788011    0.0365276
1998-12-01/14:33:17      138.080     -52.8800      11.5700      148.000      3.22192     0.848048    0.0297990
1998-12-01/14:33:19      137.930     -53.0300      11.5700      150.000      4.22324     0.866026    0.0368547
1998-12-01/14:33:22      137.800     -53.1700      11.5700      152.000      7.92654     0.882948    0.0649487
1998-12-01/14:33:24      137.700     -53.3100      11.5700      151.000      8.29685     0.874620    0.0702040
1998-12-01/14:33:27      137.600     -53.4500      11.5900      166.000      16.3382     0.970296    0.0689853
1998-12-01/14:33:29      137.500     -53.6000      11.6100      165.000      4.80747     0.965926    0.0217165
1998-12-01/14:33:32      137.390     -53.7400      11.6400      162.000      8.75620     0.951056    0.0472254
1998-12-01/14:33:34      137.250     -53.9100      11.6700      164.000      8.05171     0.961262    0.0387350
1998-12-01/14:33:37      137.110     -54.0700      11.6900      158.000      4.56529     0.927184    0.0298484
1998-12-01/14:33:39      136.980     -54.2000      11.7000      157.000      3.30219     0.920505    0.0225194
1998-12-01/14:33:41      136.840     -54.3500      11.7200      157.000      4.71980     0.920505    0.0321869
1998-12-01/14:33:44      136.720     -54.5100      11.7400      153.000      4.73466     0.891007    0.0375157
1998-12-01/14:33:46      136.590     -54.6600      11.7500      154.000      13.6772     0.898794     0.104645
1998-12-01/14:33:49      136.440     -54.8200      11.7500      159.000      4.33624     0.933580    0.0271219
1998-12-01/14:33:51      136.300     -54.9800      11.7600      154.000      7.75676     0.898794    0.0593471
1998-12-01/14:33:54      136.110     -55.1400      11.7700      153.000      4.95870     0.891007    0.0392909
1998-12-01/14:33:56      135.930     -55.3000      11.7900      140.000      6.92331     0.766045    0.0776709
1998-12-01/14:33:59      135.750     -55.4500      11.8000      137.000      4.56578     0.731354    0.0543470
1998-12-01/14:34:01      135.570     -55.6000      11.8000      127.000      9.53132     0.601815     0.132855
1998-12-01/14:34:04      135.390     -55.7600      11.8100      129.000      5.52914     0.629321    0.0749959
1998-12-01/14:34:06      135.210     -55.9100      11.8200      129.000      6.60271     0.629321    0.0895575
1998-12-01/14:34:09      135.040     -56.0600      11.8200      141.000      8.80604     0.777146    0.0967230
1998-12-01/14:34:11      134.860     -56.2100      11.8300      146.000      28.3908     0.829038     0.277087
1998-12-01/14:34:14      134.690     -56.3700      11.8300      146.000      28.3908     0.829038     0.277087
1998-12-01/14:34:16      134.520     -56.5200      11.8300      116.000      21.9194     0.438371     0.343848
1998-12-01/14:34:19      134.310     -56.6900      11.8400      114.000      20.2240     0.406737     0.322459
1998-12-01/14:34:21      134.100     -56.8600      11.8600      114.000      6.96180     0.406737     0.111002
1998-12-01/14:34:24      133.900     -57.0200      11.8600      115.000      5.82346     0.422618    0.0921158
1998-12-01/14:34:26      133.700     -57.1800      11.8700      115.000      8.38167     0.422618     0.132582
1998-12-01/14:34:29      133.500     -57.3400      11.8800      114.000      5.18252     0.406737    0.0826320
1998-12-01/14:34:31      133.290     -57.5000      11.8900      115.000      6.70687     0.422618     0.106090
1998-12-01/14:34:34      133.040     -57.6700      11.9000      116.000      8.72278     0.438371     0.136834
1998-12-01/14:34:36      132.800     -57.8400      11.9100      114.000      9.08406     0.406737     0.144840
1998-12-01/14:34:38      132.610     -57.9900      11.9100      113.000      5.74550     0.390731    0.0923063
1998-12-01/14:34:41      132.410     -58.1400      11.9200      114.000      4.72533     0.406737    0.0753424
1998-12-01/14:34:43      132.120     -58.3000      11.9000      115.000      3.61512     0.422618    0.0571842
1998-12-01/14:34:46      131.840     -58.4700      11.8900      117.000      5.09721     0.453991    0.0792667
1998-12-01/14:34:48      131.630     -58.6200      11.8700      118.000      3.42319     0.469472    0.0527525
1998-12-01/14:34:51      131.420     -58.7700      11.8400      123.000      2.04324     0.544639    0.0299081
1998-12-01/14:34:53      131.220     -58.9300      11.7800      123.000      2.11018     0.544639    0.0308879
1998-12-01/14:34:56      131.020     -59.0900      11.7200      124.000      1.55036     0.559193    0.0224328
1998-12-01/14:34:59      130.760     -59.3000      11.6500      128.000      4.62609     0.615661    0.0636244
1998-12-01/14:35:02      130.560     -59.4600      11.5800      123.000      2.22103     0.544639    0.0325105
1998-12-01/14:35:04      130.400     -59.6200      11.5300      117.000      6.40714     0.453991    0.0996374
1998-12-01/14:35:07      130.210     -59.7900      11.4800      121.000      3.43143     0.515038    0.0513355
1998-12-01/14:35:09      129.880     -59.9800      11.4600      112.000      17.4097     0.374607     0.281731
1998-12-01/14:35:12      129.540     -60.1700      11.4300      101.000      25.3882     0.190809     0.434967
1998-12-01/14:35:14      129.110     -60.3800      11.4000      101.000      25.3882     0.190809     0.434967
1998-12-01/14:35:17      128.710     -60.5900      11.3800      104.000      18.8654     0.241922     0.319483
1998-12-01/14:35:22      128.160     -60.9500      11.3700      100.000      5.78148     0.173648    0.0993729
1998-12-01/14:35:24      128.050     -61.1300      11.3600      106.000      5.39553     0.275637    0.0905218
1998-12-01/14:35:26      127.930     -61.3000      11.3600      101.000      9.52020     0.190809     0.163106
1998-12-01/14:35:29      127.770     -61.4700      11.3700      101.000      25.3882     0.190809     0.434967
1998-12-01/14:35:31      127.600     -61.6400      11.3700      98.0000      26.9132     0.139173     0.465153
1998-12-01/14:35:34      127.440     -61.7900      11.3700      127.000      22.1762     0.601815     0.309110
1998-12-01/14:35:36      127.290     -61.9500      11.3800      130.000      6.73825     0.642788    0.0900904
1998-12-01/14:35:39      127.210     -62.1000      11.4100      126.000      7.03291     0.587785    0.0993048
1998-12-01/14:35:41      127.090     -62.2500      11.4400      123.000      1.83647     0.544639    0.0268814
1998-12-01/14:35:44      126.790     -62.4300      11.4600      119.000      2.94180     0.484810    0.0449066
1998-12-01/14:35:46      126.510     -62.6000      11.4800      118.000      2.81502     0.469472    0.0433804
1998-12-01/14:35:49      126.320     -62.7500      11.5000      115.000      3.09391     0.422618    0.0489396
1998-12-01/14:35:51      126.110     -62.9000      11.5000      113.000      1.46827     0.390731    0.0235890
1998-12-01/14:35:54      125.850     -63.0600      11.5100      113.000      1.64092     0.390731    0.0263628
1998-12-01/14:35:56      125.570     -63.2100      11.5000      112.000      1.61897     0.374607    0.0261988
1998-12-01/14:35:59      125.230     -63.3700      11.4900      112.000      2.09250     0.374607    0.0338617
1998-12-01/14:36:01      124.910     -63.5300      11.4600      114.000      2.46245     0.406737    0.0392622
1998-12-01/14:36:04      124.620     -63.6900      11.4300      118.000      4.21409     0.469472    0.0649406
1998-12-01/14:36:06      124.370     -63.8400      11.4300      116.000      3.23533     0.438371    0.0507524
1998-12-01/14:36:09      124.410     -63.9600      11.4300      118.000      3.30730     0.469472    0.0509666
1998-12-01/14:36:11      124.400     -64.0700      11.4400      120.000      2.97762     0.500000    0.0450067
1998-12-01/14:36:14      124.140     -64.2300      11.4500      116.000      3.56278     0.438371    0.0558890
1998-12-01/14:36:16      123.860     -64.3800      11.4600      116.000      3.77145     0.438371    0.0591624
1998-12-01/14:36:16      123.910     -64.3500      11.4700      120.000      3.73037     0.500000    0.0563845
1998-12-01/14:36:18      123.600     -64.5100      11.5000      122.000      3.33634     0.529919    0.0493819
1998-12-01/14:36:21      123.280     -64.6700      11.5200      115.000      4.90301     0.422618    0.0775561
1998-12-01/14:36:23      122.990     -64.8100      11.5300      116.000      4.18389     0.438371    0.0656323
1998-12-01/14:36:26      122.710     -64.9400      11.5400      114.000      20.2240     0.406737     0.322459
1998-12-01/14:36:28      122.510     -65.0800      11.5200      170.000      11.7026     0.984808    0.0354675
1998-12-01/14:36:31      122.310     -65.2200      11.5000      170.000      11.3186     0.984808    0.0343037
1998-12-01/14:36:33      122.030     -65.3500      11.4600      119.000      7.69909     0.484810     0.117527
1998-12-01/14:36:36      121.740     -65.4700      11.4300      116.000      8.72278     0.438371     0.136834
1998-12-01/14:36:38      121.460     -65.5900      11.4500      118.000      3.42319     0.469472    0.0527525
1998-12-01/14:36:41      121.180     -65.7200      11.4700      120.000      2.81804     0.500000    0.0425947
1998-12-01/14:36:43      120.410     -65.9000      11.4500      120.000      2.87450     0.500000    0.0434480
1998-12-01/14:36:46      119.560     -66.0900      11.4400      120.000      3.14954     0.500000    0.0476053
1998-12-01/14:36:48      118.410     -66.2900      11.4500      120.000      3.57647     0.500000    0.0540583
1998-12-01/14:36:51      117.220     -66.5000      11.4600      121.000      3.18689     0.515038    0.0476771
1998-12-01/14:36:53      116.240     -66.6700      11.4700      120.000      2.75537     0.500000    0.0416474
1998-12-01/14:36:56      115.310     -66.8300      11.4800      118.000      3.01293     0.469472    0.0464303
1998-12-01/14:36:58      113.900     -66.9800      11.5000      118.000      2.52996     0.469472    0.0389875
1998-12-01/14:37:01      112.400     -67.1300      11.5200      117.000      3.27689     0.453991    0.0509589
1998-12-02/05:38:13      119.090      69.4900      11.5300      113.000      7.48251     0.390731     0.120213
1998-12-02/05:38:16      119.200      69.3500      11.5400      111.000      5.27078     0.358368    0.0858824
1998-12-02/05:38:18      119.300      69.2200      11.5800      106.000      5.64541     0.275637    0.0947141
1998-12-02/05:38:21      119.400      69.0900      11.6300      109.000      7.47014     0.325568     0.123275
1998-12-02/05:38:23      119.740      68.9400      11.6600      109.000      5.39605     0.325568    0.0890478
1998-12-02/05:38:26      120.150      68.7700      11.6900      108.000      5.69753     0.309017    0.0945737
1998-12-02/05:38:28      120.200      68.6400      11.7100      107.000      4.92515     0.292372    0.0822040
1998-12-02/05:38:31      120.160      68.5100      11.7300      108.000      5.48886     0.309017    0.0911100
1998-12-02/05:38:33      120.170      68.3800      11.7200      102.000      2.85176     0.207912    0.0486850
1998-12-02/05:38:36      120.200      68.2500      11.7200      107.000      4.48756     0.292372    0.0749004
1998-12-02/05:38:38      120.250      68.1100      11.7100      103.000      3.18314     0.224951    0.0541324
1998-12-02/05:38:41      120.300      67.9800      11.6900      106.000      4.47458     0.275637    0.0750708
1998-12-02/05:38:43      120.440      67.8400      11.6900      108.000      3.91815     0.309017    0.0650376
1998-12-02/05:38:46      120.600      67.7100      11.6900      109.000      4.71565     0.325568    0.0778196
1998-12-02/05:38:48      120.690      67.5900      11.6600      109.000      4.13709     0.325568    0.0682720
1998-12-02/05:38:51      120.750      67.4700      11.6300      109.000      5.05363     0.325568    0.0833971
1998-12-02/05:38:53      120.920      67.3300      11.6200      111.000      3.93253     0.358368    0.0640768
1998-12-02/05:38:55      121.140      67.1800      11.6200      111.000      4.67092     0.358368    0.0761082
1998-12-02/05:38:58      121.320      67.0500      11.6000      109.000      5.45873     0.325568    0.0900822
1998-12-02/05:39:00      121.490      66.9100      11.5800      111.000      4.86263     0.358368    0.0792319
1998-12-02/05:39:03      121.640      66.7800      11.5700      109.000      4.92358     0.325568    0.0812510
1998-12-02/05:39:05      121.750      66.6700      11.5600      110.000      4.77781     0.342020    0.0783596
1998-12-02/05:39:07      121.900      66.5400      11.5600      108.000      4.07119     0.309017    0.0675780
1998-12-02/05:39:10      122.040      66.4000      11.5600      107.000      4.01054     0.292372    0.0669386
1998-12-02/05:39:12      122.170      66.2700      11.5700      103.000      2.89847     0.224951    0.0492913
1998-12-02/05:39:15      122.290      66.1300      11.5800      106.000      3.50255     0.275637    0.0587629
1998-12-02/05:39:17      122.450      65.9900      11.5800      107.000      3.29316     0.292372    0.0549650
1998-12-02/05:39:20      122.650      65.8400      11.5800      109.000      3.28169     0.325568    0.0541558
1998-12-02/05:39:22      122.860      65.7100      11.5500      108.000      3.27522     0.309017    0.0543656
1998-12-02/05:39:25      123.070      65.5700      11.5000      108.000      3.91815     0.309017    0.0650376
1998-12-02/05:39:27      123.260      65.4300      11.4500      108.000      5.73336     0.309017    0.0951684
1998-12-02/05:39:30      123.430      65.2900      11.4000      102.000      5.50034     0.207912    0.0939012
1998-12-02/05:39:32      123.640      65.1500      11.3600      102.000      4.15178     0.207912    0.0708788
1998-12-02/05:39:35      123.900      65.0000      11.3400      102.000      7.58750     0.207912     0.129533
1998-12-02/05:39:37      124.150      64.8600      11.3300      102.000      4.15178     0.207912    0.0708788
1998-12-02/05:39:40      124.380      64.7200      11.3300      102.000      3.83874     0.207912    0.0655346
1998-12-02/05:39:42      124.600      64.5900      11.3200      104.000      4.56736     0.241922    0.0773476
1998-12-02/05:39:45      124.790      64.4600      11.3100      109.000      5.14260     0.325568    0.0848653
1998-12-02/05:39:47      124.960      64.3200      11.2800      112.000      5.11072     0.374607    0.0827038
1998-12-02/05:39:50      125.110      64.1900      11.2500      115.000      22.3924     0.422618     0.354204
1998-12-02/05:39:52      125.290      64.0500      11.2200      131.000      25.9298     0.656059     0.341552
1998-12-02/05:39:55      125.510      63.9200      11.2000      172.000      26.0641     0.990268    0.0633105
1998-12-02/05:39:57      125.720      63.7900      11.1800      169.000      27.1604     0.981627    0.0904507
1998-12-02/05:40:00      125.910      63.6500      11.1600      172.000      15.4139     0.990268    0.0374408
1998-12-02/05:40:02      126.090      63.5200      11.1400      169.000      18.4147     0.981627    0.0613254
1998-12-02/05:40:05      126.240      63.3900      11.1200      167.000      17.3905     0.974370    0.0682774
1998-12-02/05:40:07      126.390      63.2500      11.1000      121.000      8.19467     0.515038     0.122595
1998-12-02/05:40:10      126.530      63.1100      11.0800      121.000      6.51334     0.515038    0.0974421
1998-12-02/05:40:12      126.690      62.9700      11.0700      120.000      6.65376     0.500000     0.100572
1998-12-02/05:40:15      126.860      62.8300      11.0500      114.000      3.37699     0.406737    0.0538440
1998-12-02/05:40:17      127.020      62.6900      11.0400      112.000      3.48033     0.374607    0.0563201
1998-12-02/05:40:20      127.160      62.5500      11.0500      112.000      3.48033     0.374607    0.0563201
1998-12-02/05:40:22      127.320      62.4100      11.0600      113.000      2.30954     0.390731    0.0371047
1998-12-02/05:40:24      127.470      62.2800      11.0900      117.000      5.09721     0.453991    0.0792667
1998-12-02/05:40:27      127.640      62.1200      11.1100      119.000      6.91906     0.484810     0.105619
1998-12-02/05:40:29      127.760      61.9700      11.1400      119.000      5.88945     0.484810    0.0899024
1998-12-02/05:40:32      127.890      61.8200      11.1500      117.000      4.65407     0.453991    0.0723754
1998-12-02/05:40:34      128.040      61.6800      11.1500      115.000      3.75347     0.422618    0.0593726
1998-12-02/05:40:37      128.180      61.5400      11.1500      111.000      2.59786     0.358368    0.0423297
1998-12-02/05:40:39      128.310      61.4000      11.1400      110.000      3.17304     0.342020    0.0520402
1998-12-02/05:40:42      128.440      61.2600      11.1200      107.000      3.43378     0.292372    0.0573121
1998-12-02/05:40:44      128.600      61.1200      11.0700      109.000      4.47027     0.325568    0.0737702
1998-12-02/05:40:47      128.770      60.9700      11.0300      109.000      4.71565     0.325568    0.0778196
1998-12-02/05:40:49      128.950      60.8300      11.0100      110.000      4.47342     0.342020    0.0733674
1998-12-02/05:40:52      129.120      60.6800      10.9800      110.000      4.37406     0.342020    0.0717378
1998-12-02/05:40:54      129.250      60.5400      10.9500      111.000      5.07297     0.358368    0.0826592
1998-12-02/05:40:56      129.380      60.4000      10.9200      110.000      4.37406     0.342020    0.0717378
1998-12-02/05:40:59      129.510      60.2500      10.8800      109.000      12.7807     0.325568     0.210912
1998-12-02/05:41:01      129.630      60.1100      10.8500      109.000      9.20382     0.325568     0.151885
1998-12-02/05:41:06      129.850      59.8200      10.8300      109.000      25.5614     0.325568     0.421825
1998-12-02/05:41:11      130.100      59.5400      10.8200      97.0000      18.5254     0.121869     0.320920
1998-12-02/05:41:14      130.210      59.4000      10.8100      93.0000     0.544964    0.0523359   0.00949838
1998-12-02/05:41:16      130.320      59.2600      10.8100      119.000      23.7264     0.484810     0.362183
1998-12-02/05:41:19      130.410      59.1300      10.8300      117.000      22.6838     0.453991     0.352756
1998-12-02/05:41:21      130.490      58.9900      10.8300      120.000      21.9826     0.500000     0.332267
1998-12-02/05:41:24      130.570      58.8600      10.8200      116.000      21.9194     0.438371     0.343848
1998-12-02/05:41:26      130.660      58.7200      10.8300      115.000      9.62023     0.422618     0.152173
1998-12-02/05:41:29      130.800      58.5800      10.8400      110.000      26.6230     0.342020     0.436637
1998-12-02/05:41:31      130.940      58.4300      10.8800      94.0000      26.9820    0.0697566     0.469778
1998-12-02/05:41:34      131.050      58.3000      10.9400      113.000      17.3017     0.390731     0.277966
1998-12-02/05:41:36      131.160      58.1600      11.0000      118.000      9.49771     0.469472     0.146363
1998-12-02/05:41:39      131.230      58.0200      11.0500      116.000      21.9194     0.438371     0.343848
1998-12-02/05:41:41      131.300      57.8800      11.1000      120.000      8.61405     0.500000     0.130201
1998-12-02/05:41:45      131.400      57.7000      11.1300      116.000      8.88126     0.438371     0.139320
1998-12-02/05:41:47      131.480      57.5600      11.1500      119.000      10.7474     0.484810     0.164059
1998-12-02/05:41:49      131.560      57.4200      11.1500      116.000      21.9194     0.438371     0.343848
1998-12-02/05:41:52      131.630      57.2800      11.1600      114.000      20.2240     0.406737     0.322459
1998-12-02/05:41:54      131.690      57.1400      11.1700      111.000      22.2732     0.358368     0.362921
1998-12-02/05:41:57      131.750      57.0000      11.1900      110.000      26.6230     0.342020     0.436637
1998-12-02/05:41:59      131.830      56.8600      11.2100      111.000      22.2732     0.358368     0.362921
1998-12-02/05:42:02      131.910      56.7300      11.2200      109.000      11.1321     0.325568     0.183707
1998-12-02/05:42:04      131.980      56.6000      11.2200      109.000      10.2552     0.325568     0.169236
1998-12-02/05:42:07      132.040      56.4700      11.2200      110.000      6.05545     0.342020    0.0993138
1998-12-02/05:42:09      132.120      56.3300      11.2200      109.000      7.47014     0.325568     0.123275
1998-12-02/05:42:12      132.190      56.1800      11.2200      111.000      5.27078     0.358368    0.0858824
1998-12-02/05:42:14      132.270      56.0400      11.2000      111.000      8.84790     0.358368     0.144168
1998-12-02/05:42:17      132.340      55.9000      11.1800      111.000      5.07297     0.358368    0.0826592
1998-12-02/05:42:19      132.400      55.7600      11.1700      108.000      10.3627     0.309017     0.172011
1998-12-02/05:42:22      132.460      55.6200      11.1500      112.000      4.32754     0.374607    0.0700300
1998-12-02/05:42:24      132.520      55.4800      11.1400      109.000      6.95349     0.325568     0.114749
1998-12-02/05:42:27      132.570      55.3500      11.1300      106.000      7.34229     0.275637     0.123183
1998-12-02/05:42:29      132.630      55.2100      11.1300      111.000      6.14871     0.358368     0.100187
1998-12-02/05:42:32      132.680      55.0800      11.1200      109.000      3.56289     0.325568    0.0587963
1998-12-02/05:42:34      132.710      54.9400      11.1200      108.000      5.99225     0.309017    0.0994658
1998-12-02/05:42:37      132.740      54.8100      11.1200      111.000      3.93253     0.358368    0.0640768
1998-12-02/05:42:39      132.770      54.6700      11.1400      111.000      3.58961     0.358368    0.0584893
1998-12-02/05:42:42      132.800      54.5300      11.1600      110.000      3.45863     0.342020    0.0567241
1998-12-02/05:42:44      132.850      54.4000      11.1400      110.000      4.47342     0.342020    0.0733674
1998-12-02/05:42:47      132.910      54.2600      11.1300      109.000      5.05363     0.325568    0.0833971
1998-12-02/05:42:49      132.960      54.1200      11.1400      110.000      7.62332     0.342020     0.125028
1998-12-02/05:42:52      133.010      53.9900      11.1500      102.000      7.02018     0.207912     0.119848
1998-12-02/05:42:54      133.050      53.8500      11.1400      99.0000      6.33120     0.156434     0.109140
1998-12-02/05:42:57      133.070      53.7100      11.1400      94.0000      5.42306    0.0697566    0.0944197
1998-12-02/05:42:59      133.080      53.5900      11.1300      93.0000      5.39595    0.0523359    0.0940480
1998-12-02/05:43:02      133.100      53.4600      11.1200      101.000      3.93997     0.190809    0.0675020
1998-12-02/05:43:04      133.150      53.3500      11.1100      106.000      6.94302     0.275637     0.116484
1998-12-02/05:43:06      133.200      53.2100      11.1100      93.0000      8.13879    0.0523359     0.141854
1998-12-02/05:43:11      133.380      52.9600      11.1300      124.000      17.6815     0.559193     0.255841
1998-12-02/05:43:16      133.470      52.6900      11.1500      158.000      42.4920     0.927184     0.277818
1998-12-02/05:43:19      133.520      52.5500      11.1600      155.000      41.2354     0.906308     0.304156
1998-12-02/05:43:21      133.570      52.4100      11.1700      175.000      45.0000     0.996195    0.0684519
1998-12-02/05:43:24      133.630      52.2700      11.1700      170.000      17.0160     0.984808    0.0515710
1998-12-02/05:43:26      133.680      52.1300      11.1800      99.0000      11.1986     0.156434     0.193046
1998-12-02/05:43:29      133.740      51.9900      11.1600      117.000      22.6838     0.453991     0.352756
1998-12-02/05:43:31      133.800      51.8500      11.1400      122.000      7.34258     0.529919     0.108679
1998-12-02/05:43:34      133.870      51.7100      11.1300      121.000      4.71276     0.515038    0.0705047
1998-12-02/05:43:36      133.950      51.5600      11.1200      120.000      2.92475     0.500000    0.0442076
1998-12-02/05:43:39      134.010      51.4200      11.1100      121.000      2.63036     0.515038    0.0393512
1998-12-02/05:43:41      134.070      51.2800      11.1100      117.000      3.04900     0.453991    0.0474150
1998-12-02/05:43:44      134.130      51.1400      11.0900      118.000      2.62505     0.469472    0.0404529
1998-12-02/05:43:46      134.180      50.9900      11.0800      116.000      3.12038     0.438371    0.0489491
1998-12-02/05:43:48      134.230      50.8500      11.0400      118.000      3.01293     0.469472    0.0464303
1998-12-02/05:43:51      134.280      50.7200      11.0000      116.000      3.23533     0.438371    0.0507524
1998-12-02/05:43:53      134.330      50.5800      10.9500      117.000      3.38384     0.453991    0.0526221
1998-12-02/05:43:56      134.370      50.4400      10.9100      118.000      3.30730     0.469472    0.0509666
1998-12-02/05:43:58      134.410      50.3000      10.9000      119.000      2.87886     0.484810    0.0439458
1998-12-02/05:44:01      134.450      50.1700      10.9000      115.000      3.00722     0.422618    0.0475684
1998-12-02/05:44:03      134.480      50.0300      10.8700      123.000      1.83647     0.544639    0.0268814
1998-12-02/05:44:06      134.520      49.8900      10.8500      127.000      3.45851     0.601815    0.0482075
1998-12-02/05:44:08      134.550      49.7600      10.8600      129.000      3.95825     0.629321    0.0536887
1998-12-02/05:44:11      134.590      49.6200      10.8700      128.000      5.87966     0.615661    0.0808652
1998-12-02/05:44:13      134.640      49.4800      10.8600      141.000      5.84887     0.777146    0.0642423
1998-12-02/05:44:16      134.690      49.3400      10.8400      144.000      3.41073     0.809017    0.0349899
1998-12-02/05:44:18      134.730      49.2100      10.8400      123.000      5.35613     0.544639    0.0784007
1998-12-02/05:44:21      134.770      49.0700      10.8300      121.000      3.23298     0.515038    0.0483666
1998-12-02/05:44:23      134.810      48.9600      10.8300      123.000      2.85153     0.544639    0.0417394
1998-12-02/05:44:25      134.850      48.8200      10.8300      121.000      3.67335     0.515038    0.0549548
1998-12-02/05:44:28      134.890      48.6800      10.8300      123.000      2.85153     0.544639    0.0417394
1998-12-02/05:44:30      134.930      48.5400      10.8400      122.000      3.33634     0.529919    0.0493819
1998-12-02/05:44:33      134.960      48.4100      10.8500      125.000      3.85072     0.573576    0.0550534
1998-12-02/05:44:35      134.990      48.2700      10.8700      133.000      5.17562     0.681998    0.0660644
1998-12-02/05:44:38      135.030      48.1400      10.9100      136.000      4.91887     0.719340    0.0596367
1998-12-02/05:44:40      135.070      48.0000      10.9600      131.000      5.27110     0.656059    0.0694318
1998-12-02/05:44:43      135.090      47.8600      10.9900      131.000      3.55430     0.656059    0.0468178
1998-12-02/05:44:45      135.090      47.7200      11.0100      127.000      4.38046     0.601815    0.0610584
1998-12-02/05:44:48      135.100      47.5900      11.0300      121.000      2.94793     0.515038    0.0441022
1998-12-02/05:44:50      135.130      47.4500      11.0500      121.000      3.31091     0.515038    0.0495325
1998-12-02/05:44:53      135.160      47.3200      11.0400      121.000      2.94793     0.515038    0.0441022
1998-12-02/05:44:55      135.190      47.1900      11.0300      119.000      3.71706     0.484810    0.0567409
1998-12-02/05:44:58      135.210      47.0500      11.0100      126.000      3.44405     0.587785    0.0486300
1998-12-02/05:45:00      135.240      46.9200      10.9700      126.000      3.91933     0.587785    0.0553410
1998-12-02/05:45:03      135.270      46.7900      10.9400      129.000      4.78361     0.629321    0.0648837
1998-12-02/05:45:05      135.300      46.6600      10.9100      130.000      4.98111     0.642788    0.0665974
1998-12-02/05:45:08      135.320      46.5300      10.9200      129.000      3.95825     0.629321    0.0536887
1998-12-02/05:45:10      135.340      46.4000      10.9600      129.000      4.10091     0.629321    0.0556237
1998-12-02/05:45:13      135.370      46.2700      10.9500      126.000      3.00177     0.587785    0.0423850
1998-12-02/05:45:15      135.400      46.1500      10.9200      126.000      3.44405     0.587785    0.0486300
1998-12-02/05:45:18      135.440      46.0200      10.9000      128.000      4.88513     0.615661    0.0671871
1998-12-02/05:45:20      135.470      45.9000      10.8900      126.000      3.62091     0.587785    0.0511273
1998-12-02/05:45:22      135.510      45.7700      10.9100      122.000      2.66196     0.529919    0.0394003
1998-12-02/05:45:25      135.540      45.6400      10.9500      117.000      4.65407     0.453991    0.0723754
1998-12-02/05:45:27      135.560      45.5200      10.9900      116.000      4.41855     0.438371    0.0693134
1998-12-02/05:45:30      135.580      45.3900      11.0300      110.000      4.20403     0.342020    0.0689492
1998-12-02/05:45:32      135.610      45.2600      11.0700      117.000      4.65407     0.453991    0.0723754
1998-12-02/05:45:35      135.640      45.1400      11.0800      114.000      2.63779     0.406737    0.0420579
1998-12-02/05:45:37      135.680      45.0100      11.1100      116.000      3.23533     0.438371    0.0507524
1998-12-02/05:45:40      135.710      44.8800      11.1400      114.000      2.05132     0.406737    0.0327070
1998-12-02/05:45:43      135.750      44.7100      11.1700      116.000      3.45764     0.438371    0.0542397
1998-12-02/05:45:46      135.790      44.5800      11.1800      114.000      3.21946     0.406737    0.0513323
1998-12-02/05:45:48      135.810      44.4500      11.1900      115.000      5.53081     0.422618    0.0874866
1998-12-02/05:45:51      135.830      44.3100      11.2000      112.000      7.71689     0.374607     0.124878
1998-12-02/05:45:53      135.860      44.1800      11.2100      116.000      10.9597     0.438371     0.171924
1998-12-02/05:45:56      135.880      44.0500      11.2100      115.000      3.75347     0.422618    0.0593726
1998-12-02/05:45:58      135.900      43.9200      11.2200      115.000      2.55251     0.422618    0.0403757
1998-12-02/05:46:01      135.920      43.7800      11.2400      115.000      2.78826     0.422618    0.0441048
1998-12-02/05:46:03      135.960      43.6500      11.2700      116.000      2.85385     0.438371    0.0447681
1998-12-02/05:46:06      136.000      43.5200      11.3200      115.000      3.00722     0.422618    0.0475684
1998-12-02/05:46:08      136.020      43.3900      11.3600      115.000      2.78826     0.422618    0.0441048
1998-12-02/05:46:11      136.030      43.2700      11.3800      113.000      2.19499     0.390731    0.0352644
1998-12-02/05:46:13      136.050      43.1300      11.3900      113.000      2.10025     0.390731    0.0337423
1998-12-02/05:46:16      136.070      43.0000      11.4100      111.000      2.76042     0.358368    0.0449784
1998-12-02/05:46:18      136.100      42.8800      11.4400      112.000      1.90709     0.374607    0.0308613
1998-12-02/05:46:21      136.140      42.7500      11.4800      112.000      2.09250     0.374607    0.0338617
1998-12-02/05:46:23      136.180      42.6300      11.5300      113.000      1.53310     0.390731    0.0246305
1998-12-02/05:46:26      136.220      42.5000      11.5800      112.000      1.68015     0.374607    0.0271889
1998-12-02/05:46:28      136.250      42.3700      11.6300      115.000      2.55251     0.422618    0.0403757
1998-12-02/05:46:31      136.280      42.2400      11.6300      120.000      3.34165     0.500000    0.0505090
1998-12-02/05:46:33      136.310      42.1000      11.6300      123.000      2.43576     0.544639    0.0356536
1998-12-02/05:46:36      136.330      41.9700      11.6100      125.000      2.54251     0.573576    0.0363500
1998-12-02/05:46:38      136.340      41.8400      11.6100      125.000      2.01076     0.573576    0.0287476
1998-12-02/05:46:40      136.350      41.7200      11.6400      124.000      1.94146     0.559193    0.0280918
1998-12-02/05:46:43      136.370      41.5900      11.6600      123.000      2.04324     0.544639    0.0299081
1998-12-02/05:46:45      136.400      41.4600      11.6800      121.000      2.80403     0.515038    0.0419494
1998-12-02/05:46:48      136.420      41.3300      11.7000      123.000      1.90567     0.544639    0.0278944
1998-12-02/05:46:50      136.440      41.2000      11.7100      124.000      1.68852     0.559193    0.0244319
1998-12-02/05:46:53      136.460      41.0700      11.7500      128.000      3.30492     0.615661    0.0454538
1998-12-02/05:46:55      136.480      40.9400      11.8100      126.000      3.29175     0.587785    0.0464795
1998-12-02/05:46:58      136.520      40.8000      11.8600      127.000      3.45851     0.601815    0.0482075
1998-12-02/05:47:00      136.570      40.6600      11.8900      127.000      3.04156     0.601815    0.0423958
1998-12-02/05:47:02      136.590      40.5500      11.9200      123.000      1.90567     0.544639    0.0278944
1998-12-02/05:47:05      136.610      40.4100      11.9400      127.000      3.32400     0.601815    0.0463326
1998-12-02/05:47:07      136.640      40.2700      11.9600      126.000      3.17024     0.587785    0.0447638
1998-12-02/05:47:10      136.660      40.1400      11.9700      126.000      3.44405     0.587785    0.0486300
1998-12-02/05:47:12      136.680      40.0000      11.9800      130.000      4.24681     0.642788    0.0567798
1998-12-02/05:47:15      136.690      39.8700      11.9900      129.000      4.25829     0.629321    0.0577584
1998-12-02/05:47:17      136.700      39.7400      11.9800      124.000      1.90183     0.559193    0.0275184
1998-12-02/05:47:20      136.710      39.6100      11.9600      127.000      3.82036     0.601815    0.0532513
1998-12-02/05:47:22      136.720      39.4800      11.9300      123.000      1.83647     0.544639    0.0268814
1998-12-02/05:47:25      136.730      39.3400      11.8700      122.000      2.26089     0.529919    0.0334640
1998-12-02/05:47:27      136.740      39.2000      11.8100      124.000      1.55036     0.559193    0.0224328
1998-12-02/05:47:30      136.760      39.0600      11.7500      120.000      2.81804     0.500000    0.0425947
1998-12-02/05:47:32      136.770      38.9300      11.6900      119.000      2.55857     0.484810    0.0390565
1998-12-02/05:47:35      136.780      38.8000      11.6500      116.000      2.93375     0.438371    0.0460215
1998-12-02/05:47:37      136.790      38.6700      11.6200      116.000      2.47717     0.438371    0.0388592
1998-12-02/05:47:40      136.810      38.5400      11.6000      117.000      2.45583     0.453991    0.0381906
1998-12-02/05:47:42      136.830      38.4100      11.5800      120.000      2.92475     0.500000    0.0442076
1998-12-02/05:47:45      136.860      38.2800      11.5400      125.000      1.78161     0.573576    0.0254715
1998-12-02/05:47:47      136.890      38.1500      11.4800      129.000      2.51781     0.629321    0.0341510
1998-12-02/05:47:50      136.920      38.0100      11.4000      133.000      2.81077     0.681998    0.0358782
1998-12-02/05:47:52      136.950      37.8700      11.3200      136.000      3.75188     0.719340    0.0454881
1998-12-02/05:47:55      136.970      37.7400      11.2600      138.000      11.8907     0.743145     0.138866
1998-12-02/05:47:57      136.990      37.6000      11.2000      147.000      13.4526     0.838671     0.127877
1998-12-02/05:48:00      137.000      37.4600      11.1500      147.000      13.0352     0.838671     0.123909
1998-12-02/05:48:02      137.020      37.3200      11.0900      116.000      4.78372     0.438371    0.0750418
1998-12-02/05:48:05      137.020      37.1900      11.0200      117.000      3.27689     0.453991    0.0509589
1998-12-02/05:48:07      137.030      37.0600      10.9500      117.000      2.93155     0.453991    0.0455885
1998-12-02/05:48:10      137.030      36.9200      10.8700      117.000      2.93155     0.453991    0.0455885
1998-12-02/05:48:12      137.040      36.7900      10.8000      117.000      3.16633     0.453991    0.0492396
1998-12-02/05:48:14      137.060      36.6600      10.7200      118.000      3.10994     0.469472    0.0479252
1998-12-02/05:48:17      137.070      36.5300      10.6500      117.000      3.60112     0.453991    0.0560010
1998-12-02/05:48:19      137.090      36.3900      10.6000      118.000      3.73865     0.469472    0.0576139
1998-12-02/05:48:22      137.110      36.2700      10.5400      120.000      3.88265     0.500000    0.0586862
1998-12-02/05:48:24      137.130      36.1400      10.5000      120.000      4.01660     0.500000    0.0607109
1998-12-02/05:48:27      137.140      36.0000      10.4600      121.000      3.18689     0.515038    0.0476771
1998-12-02/05:48:29      137.150      35.8700      10.4100      124.000      2.94981     0.559193    0.0426821
1998-12-02/05:48:32      137.150      35.7400      10.3700      125.000      2.77985     0.573576    0.0397432
1998-12-02/05:48:34      137.160      35.6100      10.3200      121.000      2.75133     0.515038    0.0411610
1998-12-02/05:48:37      137.180      35.4800      10.2700      123.000      1.66979     0.544639    0.0244417
1998-12-02/05:48:39      137.210      35.3500      10.3000      121.000      2.94793     0.515038    0.0441022
1998-12-02/05:48:42      137.240      35.2200      10.3200      120.000      2.92475     0.500000    0.0442076
1998-12-02/05:48:44      137.270      35.0900      10.2900      114.000      2.26885     0.406737    0.0361754
1998-12-02/05:48:46      137.300      34.9600      10.2700      115.000      2.62014     0.422618    0.0414455
1998-12-02/05:48:49      137.340      34.8200      10.3000      115.000      2.26287     0.422618    0.0357942
1998-12-02/05:48:51      137.380      34.6800      10.3200      118.000      2.52996     0.469472    0.0389875
1998-12-02/05:48:54      137.450      34.5400      10.2800      122.000      2.66196     0.529919    0.0394003
1998-12-02/05:48:56      137.500      34.3900      10.2400      125.000      1.84329     0.573576    0.0263533
1998-12-02/05:48:59      137.540      34.2300      10.2500      125.000      1.58056     0.573576    0.0225971
1998-12-02/05:49:01      137.560      34.0800      10.2500      123.000      1.71277     0.544639    0.0250708
1998-12-02/05:49:04      137.580      33.9400      10.2900      121.000      2.30422     0.515038    0.0344720
1998-12-02/05:49:06      137.590      33.8000      10.3300      120.000      2.39210     0.500000    0.0361566
1998-12-02/05:49:09      137.610      33.6700      10.3500      115.000      2.04489     0.422618    0.0323462
1998-12-02/05:49:11      137.620      33.5400      10.3600      116.000      2.25007     0.438371    0.0352967
1998-12-02/05:49:14      137.620      33.4300      10.3700      115.000      2.26287     0.422618    0.0357942
1998-12-02/05:49:16      137.630      33.3100      10.3800      116.000      2.35343     0.438371    0.0369181
1998-12-02/05:49:19      137.640      33.1900      10.4000      116.000      2.61791     0.438371    0.0410669
1998-12-02/05:49:21      137.660      33.0700      10.4200      117.000      2.58715     0.453991    0.0402328
1998-12-02/05:49:24      137.670      32.9400      10.4200      118.000      2.71868     0.469472    0.0418958
1998-12-02/05:49:26      137.690      32.8100      10.4300      119.000      2.72378     0.484810    0.0415785
1998-12-02/05:49:29      137.690      32.6900      10.4400      115.000      2.15278     0.422618    0.0340528
1998-12-02/05:49:31      137.690      32.5600      10.4500      114.000      1.76200     0.406737    0.0280940
1998-12-02/05:49:34      137.700      32.4300      10.4800      112.000      1.52115     0.374607    0.0246159
1998-12-02/05:49:36      137.700      32.3000      10.5100      112.000      1.52115     0.374607    0.0246159
1998-12-02/05:49:39      137.710      32.1700      10.5300      112.000      1.68015     0.374607    0.0271889
1998-12-02/05:49:42      137.730      32.0000      16.7500      113.000      1.46827     0.390731    0.0235890
1998-12-02/05:49:44      137.760      31.8700      16.7700      112.000      1.68015     0.374607    0.0271889
1998-12-02/05:49:47      137.770      31.7300      16.7900      121.000      3.18689     0.515038    0.0476771
1998-12-02/05:49:49      137.790      31.5900      16.7900      122.000      2.48027     0.529919    0.0367110
1998-12-02/05:49:52      137.790      31.4600      16.8000      122.000      2.33138     0.529919    0.0345073
1998-12-02/05:49:54      137.790      31.3300      16.8100      122.000      2.40317     0.529919    0.0355699
1998-12-02/05:49:57      137.790      31.2100      16.8200      124.000      1.61080     0.559193    0.0233074
1998-12-02/05:49:59      137.810      31.0800      16.8300      119.000      3.71706     0.484810    0.0567409
1998-12-02/05:50:02      137.820      30.9500      16.8300      127.000      3.69186     0.601815    0.0514602
1998-12-02/05:50:04      137.840      30.8200      16.8100      124.000      1.61080     0.559193    0.0233074
1998-12-02/05:50:07      137.860      30.6800      16.8000      129.000      2.90193     0.629321    0.0393611
1998-12-02/05:50:09      137.870      30.5300      16.8000      128.000      2.96915     0.615661    0.0408359
1998-12-02/05:50:12      137.880      30.3900      16.8000      127.000      3.96993     0.601815    0.0553361
1998-12-02/05:50:14      137.890      30.2400      16.8100      126.000      2.78934     0.587785    0.0393855
1998-12-02/05:50:17      137.900      30.1000      16.8300      124.000      2.07314     0.559193    0.0299972
1998-12-02/05:50:19      137.900      29.9600      16.8700      121.000      2.56239     0.515038    0.0383344
1998-12-02/05:50:22      137.900      29.8200      16.9100      118.000      2.52996     0.469472    0.0389875
1998-12-02/05:50:24      137.890      29.6800      16.9700      116.000      2.25007     0.438371    0.0352967
1998-12-02/05:50:27      137.890      29.5500      17.0200      115.000      2.15278     0.422618    0.0340528
1998-12-02/05:50:29      137.910      29.4200      17.0800      112.000      1.74712     0.374607    0.0282726
1998-12-02/05:50:32      137.930      29.2900      17.1200      110.000      2.27385     0.342020    0.0372928
1998-12-02/05:50:34      137.940      29.1500      17.1600      110.000      2.45938     0.342020    0.0403356
1998-12-02/05:50:37      137.960      29.0100      17.2000      109.000      2.51082     0.325568    0.0414346
1998-12-02/05:50:39      137.980      28.8800      17.2200      108.000      2.72086     0.309017    0.0451637
1998-12-02/05:50:42      137.990      28.7500      17.2500      116.000      2.85385     0.438371    0.0447681
1998-12-02/05:50:44      137.990      28.6200      17.2900      118.000      3.01293     0.469472    0.0464303
1998-12-02/05:50:47      138.000      28.4900      17.3000      122.000      2.11743     0.529919    0.0313406
1998-12-02/05:50:49      138.000      28.3600      17.3200      117.000      3.04900     0.453991    0.0474150
1998-12-02/05:50:52      138.000      28.2200      17.3000      116.000      3.12038     0.438371    0.0489491
1998-12-02/05:50:54      138.010      28.0900      17.2800      114.000      2.37061     0.406737    0.0377979
1998-12-02/05:50:57      138.010      27.9600      17.2200      115.000      2.90088     0.422618    0.0458863
1998-12-02/05:50:59      138.010      27.8200      17.1300      114.000      2.17026     0.406737    0.0346034
1998-12-02/05:51:01      138.000      27.7000      17.0000      117.000      3.16633     0.453991    0.0492396
1998-12-02/05:51:04      138.000      27.5700      16.8400      115.000      3.00722     0.422618    0.0475684
1998-12-02/05:51:06      137.990      27.4300      16.6800      117.000      3.85261     0.453991    0.0599119
1998-12-02/05:51:09      137.990      27.3000      16.5200      115.000      3.24076     0.422618    0.0512625
1998-12-02/05:51:11      137.980      27.1600      16.3900      117.000      4.45875     0.453991    0.0693380
1998-12-02/05:51:14      137.980      27.0300      16.2700      117.000      4.65407     0.453991    0.0723754
1998-12-02/05:51:16      137.970      26.8900      16.2100      120.000      3.88265     0.500000    0.0586862
1998-12-02/05:51:19      137.960      26.7500      16.1900      115.000      3.24076     0.422618    0.0512625
1998-12-02/05:51:21      137.950      26.6200      16.1300      116.000      3.66487     0.438371    0.0574905
1998-12-02/05:51:24      137.950      26.4800      16.0700      113.000      1.78538     0.390731    0.0286836
1998-12-02/05:51:26      137.940      26.3500      16.0900      117.000      3.38384     0.453991    0.0526221
1998-12-02/05:51:29      137.930      26.2100      16.1500      114.000      2.63779     0.406737    0.0420579
1998-12-02/05:51:31      137.920      26.0700      15.6800      130.000      4.24681     0.642788    0.0567798
1998-12-02/05:51:33      137.910      25.9300      15.4800      114.000      2.74282     0.406737    0.0437326
1998-12-02/05:51:36      137.900      25.7900      15.3200      115.000      3.24076     0.422618    0.0512625
1998-12-02/05:51:38      137.890      25.6600      15.1700      111.000      2.53204     0.358368    0.0412572
1998-12-02/05:51:41      137.890      25.5200      15.0300      117.000      2.93155     0.453991    0.0455885
1998-12-02/05:51:43      137.890      25.3800      14.9000      119.000      3.42648     0.484810    0.0523052
1998-12-02/05:51:46      137.890      25.2400      14.7600      129.000      6.60271     0.629321    0.0895575
1998-12-02/05:51:48      137.900      25.1000      14.6300      131.000      4.60264     0.656059    0.0606267
1998-12-02/05:51:51      137.910      24.9700      14.4900      134.000      3.27043     0.694658    0.0410597
1998-12-02/05:51:53      137.900      24.8300      14.3600      135.000      2.66943     0.707107    0.0329443
1998-12-02/05:51:56      137.890      24.6900      14.2600      128.000      4.88513     0.615661    0.0671871
1998-12-02/05:51:58      137.890      24.5600      14.1900      121.000      3.75244     0.515038    0.0561380
1998-12-02/05:52:01      137.900      24.4300      14.1800      119.000      4.66063     0.484810    0.0711445
1998-12-02/05:52:03      137.910      24.3000      14.2000      116.000      4.46577     0.438371    0.0700542
1998-12-02/05:52:06      137.920      24.1600      14.3500      116.000      3.56278     0.438371    0.0558890
1998-12-02/05:52:08      137.930      24.0300      14.5600      112.000      2.03620     0.374607    0.0329506
1998-12-02/05:52:11      137.930      23.8900      14.8000      113.000      2.10025     0.390731    0.0337423
1998-12-02/05:52:13      137.930      23.7600      15.0500      109.000      3.18880     0.325568    0.0526229
1998-12-02/05:52:16      137.930      23.6300      16.1600      109.000      3.32780     0.325568    0.0549167
1998-12-02/05:52:18      137.940      23.5000      16.3200      106.000      4.39636     0.275637    0.0737585
1998-12-02/05:52:20      137.950      23.3900      16.4600      111.000      22.2732     0.358368     0.362921
1998-12-02/05:52:23      137.960      23.2600      16.5400      143.000      34.4662     0.798636     0.362021
1998-12-02/05:52:25      137.970      23.1200      16.5700      161.000      45.0000     0.945519     0.255701
1998-12-02/05:52:35      138.010      22.5800      16.6000      97.0000      5.81941     0.121869     0.100811
1998-12-02/05:52:40      138.020      22.3200      16.5900      103.000      4.55580     0.224951    0.0774758
1998-12-02/05:52:43      138.050      22.1900      16.5700      103.000      3.43504     0.224951    0.0584162
1998-12-02/05:52:45      138.080      22.0600      16.5200      108.000      3.12735     0.309017    0.0519111
1998-12-02/05:52:48      138.100      21.9200      16.4600      107.000      2.89541     0.292372    0.0483263
1998-12-02/05:52:50      138.110      21.7900      16.3900      109.000      2.93767     0.325568    0.0484786
1998-12-02/05:52:53      138.120      21.6500      16.3200      110.000      2.83141     0.342020    0.0464372
1998-12-02/05:52:55      138.120      21.5100      16.2200      117.000      3.71922     0.453991    0.0578376
1998-12-02/05:52:58      138.130      21.3800      16.1200      112.000      2.15767     0.374607    0.0349163
1998-12-02/05:53:00      138.130      21.2500      16.0700      113.000      1.82806     0.390731    0.0293693
1998-12-02/05:53:03      138.130      21.1200      16.0300      110.000      2.83141     0.342020    0.0464372
1998-12-02/05:53:05      138.140      20.9800      16.0300      108.000      2.79788     0.309017    0.0464422
1998-12-02/05:53:07      138.140      20.8500      16.0300      108.000      2.42687     0.309017    0.0402838
1998-12-02/05:53:10      138.140      20.7300      16.0800      108.000      2.42687     0.309017    0.0402838
1998-12-02/05:53:12      138.150      20.6000      16.1400      110.000      2.65743     0.342020    0.0435838
1998-12-02/05:53:15      138.150      20.4700      16.2200      112.000      1.86436     0.374607    0.0301698
1998-12-02/05:53:17      138.160      20.3400      16.3000      118.000      3.30730     0.469472    0.0509666
1998-12-02/05:53:20      138.170      20.2000      16.3900      118.000      2.62505     0.469472    0.0404529
1998-12-02/05:53:22      138.170      20.0700      16.4800      118.000      3.01293     0.469472    0.0464303
1998-12-02/05:53:25      138.170      19.9300      16.5700      119.000      3.07917     0.484810    0.0470035
1998-12-02/05:53:27      138.170      19.8000      16.6700      120.000      3.34165     0.500000    0.0505090
1998-12-02/05:53:30      138.170      19.6700      16.7200      115.000      2.69276     0.422618    0.0425942
1998-12-02/05:53:32      138.160      19.5400      16.7600      114.000      2.05132     0.406737    0.0327070
1998-12-02/05:53:35      138.140      19.4100      16.7400      114.000      1.94222     0.406737    0.0309675
1998-12-02/05:53:37      138.130      19.2800      16.7000      113.000      1.39088     0.390731    0.0223457
1998-12-02/05:53:41      138.120      19.1000      16.5100      114.000      1.58638     0.406737    0.0252938
1998-12-02/05:53:43      138.120      18.9700      16.2900      114.000      1.94222     0.406737    0.0309675
1998-12-02/05:53:46      138.120      18.8500      16.0000      115.000      2.90088     0.422618    0.0458863
1998-12-02/05:53:48      138.110      18.7200      15.7000      117.000      2.81654     0.453991    0.0438000
1998-12-02/05:53:51      138.110      18.6000      15.4300      120.000      3.24624     0.500000    0.0490669
1998-12-02/05:53:53      138.120      18.4700      15.1000      116.000      3.01723     0.438371    0.0473310
1998-12-02/05:53:56      138.140      18.3400      14.7300      115.000      3.61512     0.422618    0.0571842
1998-12-02/05:53:58      138.160      18.2100      14.3300      109.000      2.83748     0.325568    0.0468253
1998-12-02/05:54:01      138.170      18.0700      13.9600      110.000      2.55790     0.342020    0.0419514
1998-12-02/05:54:03      138.180      17.9300      13.6000      108.000      2.79788     0.309017    0.0464422
1998-12-02/05:54:06      138.190      17.7900      13.3200      114.000      2.85912     0.406737    0.0455869
1998-12-02/05:54:08      138.210      17.6500      13.1100      114.000      2.63779     0.406737    0.0420579
1998-12-02/05:54:11      138.220      17.5200      13.0500      118.000      3.73865     0.469472    0.0576139
1998-12-02/05:54:13      138.230      17.3800      13.1000      136.000      2.91780     0.719340    0.0353756
1998-12-02/05:54:16      138.250      17.2500      13.2800      141.000      4.76738     0.777146    0.0523635
1998-12-02/05:54:18      138.260      17.1100      13.5700      141.000      7.52202     0.777146    0.0826197
1998-12-02/05:54:21      138.280      16.9800      13.9100      137.000      4.56578     0.731354    0.0543470
1998-12-02/05:54:23      138.290      16.8400      14.2900      134.000      2.13954     0.694658    0.0268616
1998-12-02/05:54:25      138.300      16.7100      15.7500      132.000      3.42443     0.669131    0.0444160
1998-12-02/05:54:28      138.310      16.5700      16.0200      128.000      3.90398     0.615661    0.0536929
1998-12-02/05:54:30      138.320      16.4400      16.2100      130.000      3.62131     0.642788    0.0484169
1998-12-02/05:54:33      138.330      16.3100      16.3800      119.000      3.85064     0.484810    0.0587800
1998-12-02/05:54:35      138.340      16.1800      16.5200      114.000      2.85912     0.406737    0.0455869
1998-12-02/05:54:38      138.340      16.0500      16.6100      111.000      2.76042     0.358368    0.0449784
1998-12-02/05:54:40      138.350      15.9200      16.6500      118.000      3.42319     0.469472    0.0527525
1998-12-02/05:54:43      138.350      15.7900      16.6600      119.000      3.29344     0.484810    0.0502743
1998-12-02/05:54:45      138.360      15.6600      16.6400      122.000      2.40317     0.529919    0.0355699
1998-12-02/05:54:48      138.360      15.5200      16.5900      130.000      3.40025     0.642788    0.0454613
1998-12-02/05:54:50      138.370      15.3900      16.4700      136.000      2.18785     0.719340    0.0265257
1998-12-02/05:54:53      138.380      15.2600      16.3000      141.000      5.10732     0.777146    0.0560973
1998-12-02/05:54:55      138.380      15.1300      16.0500      142.000      4.08183     0.788011    0.0438606
1998-12-02/05:54:58      138.370      14.9900      15.7900      138.000      4.13341     0.743145    0.0482722
1998-12-02/05:55:00      138.360      14.8900      15.5100      135.000      1.83978     0.707107    0.0227054
1998-12-02/05:55:02      138.340      14.7600      15.2800      125.000      2.35709     0.573576    0.0336991
1998-12-02/05:55:05      138.310      14.6300      15.0500      120.000      3.24624     0.500000    0.0490669
1998-12-02/05:55:07      138.300      14.5100      14.8900      116.000      3.01723     0.438371    0.0473310
1998-12-02/05:55:10      138.310      14.3900      14.8800      113.000      1.74178     0.390731    0.0279832
1998-12-02/05:55:12      138.310      14.2600      14.9100      113.000      1.82806     0.390731    0.0293693
1998-12-02/05:55:15      138.300      14.1300      15.7700      115.000      2.78826     0.422618    0.0441048
1998-12-02/05:55:17      138.300      14.0000      15.9500      115.000      2.90088     0.422618    0.0458863
1998-12-02/05:55:20      138.290      13.8700      16.1100      118.000      4.45736     0.469472    0.0686894
1998-12-02/05:55:22      138.290      13.7400      16.2000      119.000      3.57206     0.484810    0.0545275
1998-12-02/05:55:25      138.280      13.6000      16.2500      122.000      3.12708     0.529919    0.0462846
1998-12-02/05:55:27      138.280      13.4600      16.2100      120.000      2.68786     0.500000    0.0406270
1998-12-02/05:55:30      138.280      13.3300      16.1500      120.000      2.87450     0.500000    0.0434480
1998-12-02/05:55:32      138.270      13.1900      16.0700      117.000      3.27689     0.453991    0.0509589
1998-12-02/05:55:35      138.270      13.0600      15.9900      116.000      3.45764     0.438371    0.0542397
1998-12-02/05:55:37      138.260      12.9200      15.9000      116.000      2.85385     0.438371    0.0447681
1998-12-02/05:55:40      138.260      12.7800      15.8200      115.000      2.69276     0.422618    0.0425942
1998-12-02/05:55:42      138.260      12.6500      15.7900      113.000      1.82806     0.390731    0.0293693
1998-12-02/05:55:45      138.260      12.5100      15.7700      116.000      3.34944     0.438371    0.0525424
1998-12-02/05:55:47      138.260      12.3800      15.7600      123.000      4.58978     0.544639    0.0671832
1998-12-02/05:55:50      138.260      12.2400      15.7600      144.000      3.41073     0.809017    0.0349899
1998-12-02/05:55:52      138.270      12.1000      15.8300      145.000      2.37764     0.819152    0.0238021
1998-12-02/05:55:55      138.270      11.9600      15.9100      146.000      2.47869     0.829038    0.0241914
1998-12-02/05:55:57      138.270      11.8300      16.0300      143.000      3.01788     0.798636    0.0316988
1998-12-02/05:55:59      138.260      11.6900      16.1400      145.000      2.20234     0.819152    0.0220472
1998-12-02/05:56:02      138.260      11.5500      16.2900      140.000      4.26135     0.766045    0.0478071
1998-12-02/05:56:04      138.250      11.4300      16.4300      139.000      5.16888     0.754710    0.0591857
1998-12-02/05:56:07      138.250      11.2900      16.5100      133.000      2.81077     0.681998    0.0358782
1998-12-02/05:56:09      138.250      11.1600      16.5900      129.000      3.00037     0.629321    0.0406963
1998-12-02/05:56:12      138.240      11.0200      16.6600      124.000      1.55036     0.559193    0.0224328
1998-12-02/05:56:14      138.240      10.8800      16.7200      121.000      2.30422     0.515038    0.0344720
1998-12-02/05:56:17      138.230      10.7400      16.7000      121.000      2.16399     0.515038    0.0323741
1998-12-02/05:56:19      138.220      10.6300      16.6600      122.000      1.86398     0.529919    0.0275892
1998-12-02/05:56:22      138.210      10.4900      16.5400      121.000      2.16399     0.515038    0.0323741
1998-12-02/05:56:24      138.200      10.3600      16.4000      120.000      2.21718     0.500000    0.0335127
1998-12-02/05:56:27      138.200      10.2200      16.1900      120.000      2.31453     0.500000    0.0349841
1998-12-02/05:56:29      138.200      10.0900      15.9500      122.000      1.78902     0.529919    0.0264797
1998-12-02/05:56:31      138.210      9.95000      15.7600      120.000      2.31453     0.500000    0.0349841
1998-12-02/05:56:34      138.200      9.81000      15.5800      123.000      1.76984     0.544639    0.0259061
1998-12-02/05:56:36      138.200      9.67000      15.4400      122.000      2.40317     0.529919    0.0355699
1998-12-02/05:56:39      138.200      9.53000      15.3100      123.000      2.22103     0.544639    0.0325105
1998-12-02/05:56:41      138.200      9.39000      15.2500      122.000      2.66196     0.529919    0.0394003
1998-12-02/05:56:44      138.190      9.26000      15.2100      122.000      2.86821     0.529919    0.0424530
1998-12-02/05:56:46      138.170      9.12000      15.1900      121.000      2.69424     0.515038    0.0403069
1998-12-02/05:56:49      138.170      9.00000      15.3500      123.000      1.90567     0.544639    0.0278944
1998-12-02/05:56:51      138.180      8.87000      15.4500      119.000      2.87886     0.484810    0.0439458
1998-12-02/05:56:54      138.200      8.73000      15.5700      120.000      3.24624     0.500000    0.0490669
1998-12-02/05:56:56      138.220      8.59000      15.7000      118.000      3.30730     0.469472    0.0509666
1998-12-02/05:56:59      138.220      8.45000      15.8400      118.000      3.42319     0.469472    0.0527525
1998-12-02/05:57:01      138.230      8.30000      15.9600      116.000      2.93375     0.438371    0.0460215
1998-12-02/05:57:04      138.230      8.15000      16.0800      117.000      3.04900     0.453991    0.0474150
1998-12-02/05:57:06      138.220      8.00000      16.1500      113.000      2.42089     0.390731    0.0388936
1998-12-02/05:57:09      138.210      7.85000      16.2200      112.000      1.94513     0.374607    0.0314769
1998-12-02/05:57:11      138.200      7.71000      16.2500      115.000      2.55251     0.422618    0.0403757
1998-12-02/05:57:14      138.180      7.56000      16.2800      114.000      1.58638     0.406737    0.0252938
1998-12-02/05:57:16      138.170      7.42000      16.2200      116.000      2.35343     0.438371    0.0369181
1998-12-02/05:57:19      138.150      7.28000      16.1300      119.000      2.87886     0.484810    0.0439458
1998-12-02/05:57:21      138.140      7.14000      16.0500      121.000      3.13232     0.515038    0.0468607
1998-12-02/05:57:24      138.130      7.00000      15.9300      124.000      2.73707     0.559193    0.0396039
1998-12-02/05:57:26      138.120      6.87000      15.7400      123.000      1.97618     0.544639    0.0289265
1998-12-02/05:57:29      138.120      6.73000      15.5500      126.000      3.17024     0.587785    0.0447638
1998-12-02/05:57:31      138.110      6.58000      15.3900      122.000      2.33138     0.529919    0.0345073
1998-12-02/05:57:34      138.110      6.44000      15.2200      122.000      2.33138     0.529919    0.0345073
1998-12-02/05:57:36      138.110      6.30000      15.1100      118.000      2.91367     0.469472    0.0449007
1998-12-02/05:57:39      138.090      6.11000      14.9900      120.000      3.34165     0.500000    0.0505090
1998-12-02/05:57:42      138.080      5.97000      14.9500      116.000      3.66487     0.438371    0.0574905
1998-12-02/05:57:44      138.060      5.83000      14.9200      117.000      4.45875     0.453991    0.0693380
1998-12-02/05:57:47      138.040      5.70000      14.5900      117.000      4.56993     0.453991    0.0710670
1998-12-02/05:57:49      138.020      5.56000      14.3200      121.000      3.56322     0.515038    0.0533072
1998-12-02/05:57:52      138.000      5.43000      14.2400      118.000      3.20731     0.469472    0.0494257
1998-12-02/05:57:54      137.980      5.29000      14.1700      121.000      2.86288     0.515038    0.0428298
1998-12-02/05:57:57      137.960      5.16000      14.1700      117.000      3.04900     0.453991    0.0474150
1998-12-02/05:57:59      137.940      5.03000      14.1800      122.000      2.33138     0.529919    0.0345073
1998-12-02/05:58:02      137.920      4.90000      15.1000      117.000      2.70413     0.453991    0.0420519
1998-12-02/05:58:04      137.900      4.77000      15.2400      123.000      2.11018     0.544639    0.0308879
1998-12-02/05:58:07      137.890      4.64000      15.3900      128.000      3.30492     0.615661    0.0454538
1998-12-02/05:58:09      137.890      4.51000      15.4400      132.000      2.77902     0.669131    0.0360448
1998-12-02/05:58:12      137.890      4.39000      15.4700      134.000      1.92438     0.694658    0.0241603
1998-12-02/05:58:14      137.890      4.26000      15.4800      134.000      2.49403     0.694658    0.0313122
1998-12-02/05:58:17      137.890      4.13000      15.4900      133.000      2.62354     0.681998    0.0334883
1998-12-02/05:58:19      137.890      3.99000      15.3800      129.000      3.29006     0.629321    0.0446256
1998-12-02/05:58:22      137.890      3.86000      15.2700      124.000      1.68852     0.559193    0.0244319
1998-12-02/05:58:24      137.890      3.73000      15.1200      124.000      1.77427     0.559193    0.0256727
1998-12-02/05:58:27      137.880      3.59000      14.9800      125.000      1.84329     0.573576    0.0263533
1998-12-02/05:58:29      137.880      3.46000      14.8200      129.000      2.65361     0.629321    0.0359929
1998-12-02/05:58:32      137.880      3.33000      14.6500      129.000      3.66249     0.629321    0.0496771
1998-12-02/05:58:34      137.890      3.20000      14.5000      132.000      2.77902     0.669131    0.0360448
1998-12-02/05:58:37      137.890      3.07000      14.3600      131.000      2.86963     0.656059    0.0377993
1998-12-02/05:58:39      137.890      2.93000      14.2800      130.000      3.40025     0.642788    0.0454613
1998-12-02/05:58:42      137.890      2.80000      14.2300      121.000      3.18689     0.515038    0.0476771
1998-12-02/05:58:44      137.890      2.66000      14.2400      122.000      2.33138     0.529919    0.0345073
1998-12-02/05:58:46      137.890      2.52000      14.3100      123.000      1.71277     0.544639    0.0250708
1998-12-02/05:58:49      137.880      2.38000      14.5300      124.000      1.55036     0.559193    0.0224328
1998-12-02/05:58:51      137.860      2.25000      14.5700      126.000      2.17909     0.587785    0.0307688
1998-12-02/05:58:54      137.850      2.11000      14.5700      126.000      3.44405     0.587785    0.0486300
1998-12-02/05:58:56      137.840      1.97000      14.5200      126.000      2.90571     0.587785    0.0410286
1998-12-02/05:58:59      137.840      1.86000      14.4300      127.000      5.17975     0.601815    0.0721996
1998-12-02/05:59:01      137.830      1.73000      14.3200      127.000      5.38581     0.601815    0.0750718
1998-12-02/05:59:04      137.820      1.60000      14.1900      145.000      8.42524     0.819152    0.0843434
1998-12-02/05:59:06      137.810      1.46000      14.0400      140.000      5.62951     0.766045    0.0631561
1998-12-02/05:59:09      137.810      1.34000      13.9400      133.000      6.45096     0.681998    0.0823435
1998-12-02/05:59:11      137.810      1.21000      13.8800      129.000      4.42622     0.629321    0.0600362
1998-12-02/05:59:14      137.800      1.07000      13.8800      135.000      2.37842     0.707107    0.0293529
1998-12-02/05:59:16      137.790     0.940000      13.9400      132.000      2.82961     0.669131    0.0367010
1998-12-02/05:59:18      137.790     0.810000      14.3200      130.000      3.97021     0.642788    0.0530817
1998-12-02/05:59:21      137.790     0.680000      14.4100      127.000      4.46316     0.601815    0.0622112
1998-12-02/05:59:23      137.780     0.550000      14.4500      124.000      2.56447     0.559193    0.0371064
1998-12-02/05:59:26      137.770     0.420000      14.4000      116.000      4.46577     0.438371    0.0700542
1998-12-02/05:59:28      137.760     0.290000      14.3200      120.000      3.88265     0.500000    0.0586862
1998-12-02/05:59:31      137.750     0.160000      14.2000      126.000      4.58610     0.587785    0.0647558
1998-12-02/05:59:33      137.730    0.0300000      14.0700      119.000      6.22112     0.484810    0.0949654
1998-12-02/05:59:36      137.720    -0.100000      13.9100      143.000      7.10765     0.798636    0.0746563
1998-12-02/05:59:38      137.710    -0.230000      13.8100      153.000      5.21928     0.891007    0.0413556
1998-12-02/05:59:41      137.710    -0.360000      13.8100      153.000      8.22966     0.891007    0.0652088
1998-12-02/05:59:43      137.700    -0.490000      14.6500      157.000      10.2609     0.920505    0.0699746
1998-12-02/05:59:46      137.690    -0.610000      15.0300      156.000      13.4185     0.913545    0.0952565
1998-12-02/05:59:48      137.690    -0.740000      15.4500      161.000      45.0000     0.945519     0.255701
1998-12-02/05:59:51      137.680    -0.870000      15.8600      132.000      7.45392     0.669131    0.0966798
1998-12-02/05:59:53      137.670     -1.00000      16.2000      131.000      7.10549     0.656059    0.0935947
1998-12-02/05:59:56      137.660     -1.14000      16.4900      125.000      2.63929     0.573576    0.0377337
1998-12-02/05:59:58      137.650     -1.27000      16.6000      124.000      1.55036     0.559193    0.0224328
1998-12-02/06:00:01      137.640     -1.39000      16.6600      126.000      2.90571     0.587785    0.0410286
1998-12-02/06:00:03      137.610     -1.53000      16.5200      125.000      2.12168     0.573576    0.0303334
1998-12-02/06:00:06      137.590     -1.66000      16.3600      118.000      2.52996     0.469472    0.0389875
1998-12-02/06:00:08      137.570     -1.79000      16.0600      117.000      2.81654     0.453991    0.0438000
1998-12-02/06:00:11      137.550     -1.92000      15.7700      116.000      2.75008     0.438371    0.0431403
1998-12-02/06:00:13      137.540     -2.05000      15.4500      117.000      3.71922     0.453991    0.0578376
1998-12-02/06:00:16      137.520     -2.18000      15.1300      117.000      2.93155     0.453991    0.0455885
1998-12-02/06:00:18      137.500     -2.29000      14.8000      117.000      3.48879     0.453991    0.0542542
1998-12-02/06:00:20      137.480     -2.42000      14.4800      120.000      3.34165     0.500000    0.0505090
1998-12-02/06:00:23      137.470     -2.55000      14.2400      122.000      2.86821     0.529919    0.0424530
1998-12-02/06:00:25      137.450     -2.69000      14.0200      121.000      3.18689     0.515038    0.0476771
1998-12-02/06:00:28      137.430     -2.82000      13.9100      130.000      3.24964     0.642788    0.0434477
1998-12-02/06:00:30      137.410     -2.96000      13.8200      127.000      3.45851     0.601815    0.0482075
1998-12-02/06:00:33      137.400     -3.09000      14.0700      133.000      2.91887     0.681998    0.0372580
1998-12-02/06:00:35      137.380     -3.23000      14.4200      129.000      3.95825     0.629321    0.0536887
1998-12-02/06:00:38      137.370     -3.36000      14.7700      131.000      3.97424     0.656059    0.0523494
1998-12-02/06:00:40      137.360     -3.49000      15.2200      132.000      3.63051     0.669131    0.0470889
1998-12-02/06:00:43      137.350     -3.63000      15.7500      137.000      5.17898     0.731354    0.0616460
1998-12-02/06:00:45      137.350     -3.76000      16.3900      137.000      5.52538     0.731354    0.0657692
1998-12-02/06:00:48      137.340     -3.90000      17.0400      133.000      3.45868     0.681998    0.0441484
1998-12-02/06:00:50      137.330     -4.03000      17.6700      132.000      3.07640     0.669131    0.0399019
1998-12-02/06:00:52      137.320     -4.17000      18.2900      136.000      3.14865     0.719340    0.0381745
1998-12-02/06:00:55      137.310     -4.30000      18.7200      127.000      4.27100     0.601815    0.0595327
1998-12-02/06:00:57      137.300     -4.44000      19.1300      123.000      3.84539     0.544639    0.0562871
1998-12-02/06:01:00      137.290     -4.57000      19.2500      123.000      3.32815     0.544639    0.0487160
1998-12-02/06:01:02      137.280     -4.70000      19.3200      123.000      3.63904     0.544639    0.0532667
1998-12-02/06:01:05      137.280     -4.83000      19.1300      125.000      3.16559     0.573576    0.0452581
1998-12-02/06:01:07      137.270     -4.96000      18.8900      127.000      4.27100     0.601815    0.0595327
1998-12-02/06:01:10      137.270     -5.09000      18.5200      132.000      2.98051     0.669131    0.0386582
1998-12-02/06:01:12      137.270     -5.21000      18.1300      124.000      3.97079     0.559193    0.0574551
1998-12-02/06:01:15      137.270     -5.34000      17.7800      107.000      6.06730     0.292372     0.101267
1998-12-02/06:01:17      137.280     -5.47000      17.4400      106.000      26.2936     0.275637     0.441133
1998-12-02/06:01:20      137.290     -5.60000      17.2600      104.000      18.8654     0.241922     0.319483
1998-12-02/06:01:22      137.300     -5.73000      17.1300      107.000      22.5796     0.292372     0.376869
1998-12-02/06:01:25      137.300     -5.86000      17.1600      104.000      9.48921     0.241922     0.160698
1998-12-02/06:01:27      137.300     -5.98000      17.2300      105.000      4.56806     0.258819    0.0770110
1998-12-02/06:01:30      137.310     -6.11000      17.4900      120.000      2.92475     0.500000    0.0442076
1998-12-02/06:01:32      137.310     -6.24000      17.8000      122.000      2.48027     0.529919    0.0367110
1998-12-02/06:01:35      137.310     -6.37000      18.2700      122.000      2.93854     0.529919    0.0434940
1998-12-02/06:01:38      137.310     -6.55000      18.7800      125.000      4.26413     0.573576    0.0609638
1998-12-02/06:01:41      137.310     -6.69000      19.3600      130.000      5.28399     0.642788    0.0706469
1998-12-02/06:01:43      137.310     -6.82000      19.9700      149.000      7.56164     0.857167    0.0679724
1998-12-02/06:01:46      137.310     -6.96000      20.5300      145.000      3.67505     0.819152    0.0367902
1998-12-02/06:01:48      137.310     -7.09000      21.0600      151.000      7.23293     0.874620    0.0612016
1998-12-02/06:01:51      137.310     -7.23000      21.4400      151.000      4.74479     0.874620    0.0401482
1998-12-02/06:01:53      137.300     -7.36000      21.7400      150.000      4.96490     0.866026    0.0433269
1998-12-02/06:01:56      137.290     -7.50000      21.8500      147.000      3.29483     0.838671    0.0313198
1998-12-02/06:01:58      137.270     -7.63000      21.8600      150.000      5.40294     0.866026    0.0471495
1998-12-02/06:02:01      137.250     -7.76000      21.7000      135.000      3.17160     0.707107    0.0391418
1998-12-02/06:02:03      137.240     -7.90000      21.5500      117.000      4.65407     0.453991    0.0723754
1998-12-02/06:02:06      137.220     -8.03000      21.3500      114.000      2.97444     0.406737    0.0474256
1998-12-02/06:02:08      137.200     -8.16000      21.1500      114.000      3.37699     0.406737    0.0538440
1998-12-02/06:02:10      137.180     -8.29000      20.9500      113.000      2.64073     0.390731    0.0424255
1998-12-02/06:02:13      137.170     -8.43000      20.7500      116.000      4.31999     0.438371    0.0677673
1998-12-02/06:02:15      137.160     -8.56000      20.5900      114.000      2.74282     0.406737    0.0437326
1998-12-02/06:02:18      137.130     -8.69000      20.4300      116.000      3.56278     0.438371    0.0558890
1998-12-02/06:02:20      137.100     -8.83000      20.3600      117.000      3.27689     0.453991    0.0509589
1998-12-02/06:02:23      137.080     -8.96000      20.2900      120.000      3.73037     0.500000    0.0563845
1998-12-02/06:02:25      137.060     -9.10000      20.2900      123.000      1.76984     0.544639    0.0259061
1998-12-02/06:02:28      137.050     -9.24000      20.2900      130.000      3.52345     0.642788    0.0471085
1998-12-02/06:02:30      137.050     -9.38000      20.2600      132.000      3.42443     0.669131    0.0444160
1998-12-02/06:02:33      137.040     -9.52000      20.2300      134.000      3.75230     0.694658    0.0471096
1998-12-02/06:02:35      137.040     -9.66000      20.0600      137.000      3.08131     0.731354    0.0366772
1998-12-02/06:02:38      137.030     -9.80000      19.8900      137.000      2.86910     0.731354    0.0341512
1998-12-02/06:02:40      137.020     -9.94000      19.5900      135.000      2.24506     0.707107    0.0277071
1998-12-02/06:02:43      137.020     -10.0900      19.3000      135.000      2.24506     0.707107    0.0277071
1998-12-02/06:02:45      137.010     -10.2300      18.9500      119.000      3.17715     0.484810    0.0484992
1998-12-02/06:02:48      136.990     -10.3700      18.6000      120.000      4.01660     0.500000    0.0607109
1998-12-02/06:02:50      136.970     -10.5200      18.2700      122.000      2.48027     0.529919    0.0367110
1998-12-02/06:02:53      136.940     -10.6600      17.9400      124.000      2.26797     0.559193    0.0328162
1998-12-02/06:02:55      136.920     -10.7900      17.6200      124.000      2.26797     0.559193    0.0328162
1998-12-02/06:02:57      136.900     -10.9000      17.0000      130.000      3.62131     0.642788    0.0484169
1998-12-02/06:03:00      136.880     -11.0400      16.7000      128.000      4.45622     0.615661    0.0612881
1998-12-02/06:03:02      136.870     -11.1700      16.4800      130.000      4.24681     0.642788    0.0567798
1998-12-02/06:03:05      136.860     -11.3000      16.2700      130.000      6.28058     0.642788    0.0839713
1998-12-02/06:03:07      136.850     -11.4400      16.2000      132.000      3.42443     0.669131    0.0444160
1998-12-02/06:03:10      136.850     -11.5700      16.1400      128.000      4.45622     0.615661    0.0612881
1998-12-02/06:03:12      136.850     -11.7100      16.1600      126.000      3.17024     0.587785    0.0447638
1998-12-02/06:03:15      136.860     -11.8500      16.2000      123.000      1.97618     0.544639    0.0289265
1998-12-02/06:03:17      136.860     -11.9800      16.2500      118.000      3.10994     0.469472    0.0479252
1998-12-02/06:03:20      136.870     -12.1100      16.3300      120.000      2.81804     0.500000    0.0425947
1998-12-02/06:03:22      136.870     -12.2500      16.4000      123.000      2.04324     0.544639    0.0299081
1998-12-02/06:03:25      136.860     -12.3800      16.4700      122.000      3.21278     0.529919    0.0475531
1998-12-02/06:03:27      136.850     -12.5200      16.5400      124.000      3.18371     0.559193    0.0460665
1998-12-02/06:03:30      136.850     -12.6600      16.6200      125.000      4.26413     0.573576    0.0609638
1998-12-02/06:03:32      136.840     -12.8000      16.7100      125.000      2.63929     0.573576    0.0377337
1998-12-02/06:03:35      136.830     -12.9400      16.8000      125.000      2.41496     0.573576    0.0345264
1998-12-02/06:03:37      136.820     -13.0800      16.9000      125.000      2.47499     0.573576    0.0353847
1998-12-02/06:03:40      136.810     -13.2100      17.0000      120.000      3.24624     0.500000    0.0490669
1998-12-02/06:03:42      136.800     -13.3500      17.0900      123.000      1.90567     0.544639    0.0278944
1998-12-02/06:03:44      136.800     -13.4900      17.1800      123.000      1.71277     0.544639    0.0250708
1998-12-02/06:03:47      136.790     -13.6200      17.2700      128.000      3.90398     0.615661    0.0536929
1998-12-02/06:03:49      136.760     -13.7600      17.3500      129.000      3.29006     0.629321    0.0446256
1998-12-02/06:03:52      136.740     -13.8900      17.4300      132.000      2.60335     0.669131    0.0337663
1998-12-02/06:03:54      136.710     -14.0300      17.5000      133.000      2.56416     0.681998    0.0327303
1998-12-02/06:03:57      136.690     -14.1700      17.5600      132.000      2.60335     0.669131    0.0337663
1998-12-02/06:03:59      136.660     -14.3100      17.6200      132.000      2.98051     0.669131    0.0386582
1998-12-02/06:04:02      136.640     -14.4400      17.6700      132.000      3.27162     0.669131    0.0424340
1998-12-02/06:04:04      136.610     -14.5800      17.7000      132.000      2.89838     0.669131    0.0375929
1998-12-02/06:04:07      136.590     -14.7200      17.7100      135.000      3.17160     0.707107    0.0391418
1998-12-02/06:04:09      136.570     -14.8600      17.7100      132.000      3.42443     0.669131    0.0444160
1998-12-02/06:04:12      136.550     -15.0000      17.7000      134.000      2.85975     0.694658    0.0359037
1998-12-02/06:04:14      136.520     -15.1400      17.6800      129.000      3.29006     0.629321    0.0446256
1998-12-02/06:04:16      136.500     -15.2600      17.6600      128.000      5.03044     0.615661    0.0691856
1998-12-02/06:04:19      136.470     -15.4000      17.6200      125.000      2.47499     0.573576    0.0353847
1998-12-02/06:04:21      136.450     -15.5400      17.5700      127.000      4.74053     0.601815    0.0660774
1998-12-02/06:04:24      136.430     -15.6900      17.5000      125.000      2.54251     0.573576    0.0363500
1998-12-02/06:04:26      136.410     -15.8300      17.3900      134.000      2.32540     0.694658    0.0291950
1998-12-02/06:04:29      136.410     -15.9700      17.2300      128.000      3.45891     0.615661    0.0475717
1998-12-02/06:04:31      136.400     -16.1100      17.0400      130.000      4.98111     0.642788    0.0665974
1998-12-02/06:04:34      136.380     -16.2500      16.8000      126.000      3.91933     0.587785    0.0553410
1998-12-02/06:04:36      136.360     -16.3900      16.5600      126.000      3.29175     0.587785    0.0464795
1998-12-02/06:04:39      136.340     -16.5200      16.2400      120.000      3.44536     0.500000    0.0520766
1998-12-02/06:04:41      136.320     -16.6600      15.9300      127.000      3.96993     0.601815    0.0553361
1998-12-02/06:04:44      136.300     -16.8000      15.6400      140.000      4.40624     0.766045    0.0494325
1998-12-02/06:04:46      136.290     -16.9400      15.7600      139.000      4.16955     0.754710    0.0477430
1998-12-02/06:04:49      136.270     -17.0800      16.1200      141.000      3.93486     0.777146    0.0432194
1998-12-02/06:04:51      136.250     -17.2300      16.4800      139.000      4.38475     0.754710    0.0502071
1998-12-02/06:04:54      136.230     -17.3700      16.8400      135.000      2.11900     0.707107    0.0261513
1998-12-02/06:04:56      136.210     -17.5100      17.1800      135.000      3.17160     0.707107    0.0391418
1998-12-02/06:04:59      136.180     -17.6500      17.4500      131.000      5.27110     0.656059    0.0694318
1998-12-02/06:05:01      136.150     -17.7900      17.7000      137.000      3.58474     0.731354    0.0426696
1998-12-02/06:05:04      136.130     -17.9300      17.8200      134.000      2.49403     0.694658    0.0313122
1998-12-02/06:05:06      136.110     -18.0700      17.9100      135.000      2.37842     0.707107    0.0293529
1998-12-02/06:05:09      136.090     -18.2200      17.8900      132.000      2.89838     0.669131    0.0375929
1998-12-02/06:05:11      136.060     -18.3600      17.8600      129.000      3.66249     0.629321    0.0496771
1998-12-02/06:05:14      136.090     -18.4800      17.7900      127.000      4.27100     0.601815    0.0595327
1998-12-02/06:05:16      136.110     -18.6000      17.7000      130.000      5.12876     0.642788    0.0685715
1998-12-02/06:05:19      136.040     -18.7600      17.5900      127.000      4.95410     0.601815    0.0690543
1998-12-02/06:05:21      135.970     -18.9200      17.4600      137.000      3.85431     0.731354    0.0458783
1998-12-02/06:05:24      136.000     -19.0500      17.3000      138.000      7.08260     0.743145    0.0827144
1998-12-02/06:05:26      136.030     -19.1700      17.1200      139.000      5.82442     0.754710    0.0666919
1998-12-02/06:05:29      135.960     -19.3300      16.9200      136.000      4.01277     0.719340    0.0486511
1998-12-02/06:05:31      135.890     -19.4900      16.7200      137.000      6.89146     0.731354    0.0820298
1998-12-02/06:05:34      135.860     -19.6300      16.5200      149.000      10.1501     0.857167    0.0912404
1998-12-02/06:05:37      135.830     -19.8100      16.2600      148.000      4.59648     0.848048    0.0425121
1998-12-02/06:05:39      135.810     -19.9600      16.0700      150.000      8.38369     0.866026    0.0731615
1998-12-02/06:05:42      135.790     -20.1000      15.8900      140.000      6.15250     0.766045    0.0690234
1998-12-02/06:05:44      135.760     -20.2400      15.7100      143.000      3.08601     0.798636    0.0324144
1998-12-02/06:05:47      135.730     -20.3900      15.5500      135.000      2.99077     0.707107    0.0369101
1998-12-02/06:05:49      135.710     -20.5400      15.5000      125.000      2.47499     0.573576    0.0353847
1998-12-02/06:05:52      135.690     -20.6800      15.6000      125.000      6.42706     0.573576    0.0918870
1998-12-02/06:05:54      135.660     -20.8300      15.7100      120.000      3.05288     0.500000    0.0461443
1998-12-02/06:05:57      135.630     -20.9700      15.8000      121.000      3.43143     0.515038    0.0513355
1998-12-02/06:05:59      135.620     -21.1100      16.1500      126.000      2.78934     0.587785    0.0393855
1998-12-02/06:06:02      135.610     -21.2600      16.2300      130.000      3.52345     0.642788    0.0471085
1998-12-02/06:06:04      135.590     -21.4100      16.3500      130.000      4.24681     0.642788    0.0567798
1998-12-02/06:06:07      135.560     -21.5600      16.4600      141.000      5.47793     0.777146    0.0601680
1998-12-02/06:06:09      135.520     -21.7100      16.5700      148.000      7.46921     0.848048    0.0690815
1998-12-02/06:06:12      135.470     -21.8700      16.6800      152.000      7.29646     0.882948    0.0597859
1998-12-02/06:06:14      135.440     -22.0100      16.7600      104.000      6.77114     0.241922     0.114668
1998-12-02/06:06:17      135.400     -22.1600      16.8400      104.000      9.01434     0.241922     0.152657
1998-12-02/06:06:19      135.360     -22.3000      16.8900      98.0000      5.00329     0.139173    0.0864741
1998-12-02/06:06:22      135.320     -22.4500      16.9200      108.000      10.3627     0.309017     0.172011
1998-12-02/06:06:24      135.280     -22.6000      16.9100      107.000      7.31677     0.292372     0.122122
1998-12-02/06:06:27      135.250     -22.7500      16.8800      112.000      5.11072     0.374607    0.0827038
1998-12-02/06:06:29      135.220     -22.9000      16.8100      109.000      3.50897     0.325568    0.0579065
1998-12-02/06:06:31      135.190     -23.0500      16.7400      116.000      5.41446     0.438371    0.0849362
1998-12-02/06:06:34      135.180     -23.2000      16.6400      110.000      4.37406     0.342020    0.0717378
1998-12-02/06:06:36      135.170     -23.3500      16.5400      114.000      2.97444     0.406737    0.0474256
1998-12-02/06:06:39      135.140     -23.5000      16.4600      111.000      2.76042     0.358368    0.0449784
1998-12-02/06:06:41      135.120     -23.6500      16.3800      114.000      2.54404     0.406737    0.0405631
1998-12-02/06:06:44      135.080     -23.8000      16.3200      112.000      1.98706     0.374607    0.0321554
1998-12-02/06:06:46      135.040     -23.9600      16.2600      114.000      2.00852     0.406737    0.0320246
1998-12-02/06:06:49      135.020     -24.1100      16.1900      111.000      2.41315     0.358368    0.0393200
1998-12-02/06:06:51      134.990     -24.2500      16.1300      116.000      3.56278     0.438371    0.0558890
1998-12-02/06:06:54      134.990     -24.4000      16.1000      133.000      3.66805     0.681998    0.0468209
1998-12-02/06:06:56      134.980     -24.5200      16.0600      143.000      3.29818     0.798636    0.0346429
1998-12-02/06:06:59      134.920     -24.6800      16.0900      139.000      4.27770     0.754710    0.0489813
1998-12-02/06:07:01      134.870     -24.8300      16.1100      145.000      2.28567     0.819152    0.0228814
1998-12-02/06:07:03      134.830     -24.9900      16.2000      135.000      2.82523     0.707107    0.0348671
1998-12-02/06:07:06      134.790     -25.1500      16.2900      136.000      3.05713     0.719340    0.0370649
1998-12-02/06:07:08      134.750     -25.2900      16.4800      132.000      6.32968     0.669131    0.0820980
1998-12-02/06:07:11      134.720     -25.4400      16.5200      134.000      6.71490     0.694658    0.0843045
1998-12-02/06:07:13      134.700     -25.6000      16.5600      114.000      4.32846     0.406737    0.0690146
1998-12-02/06:07:16      134.690     -25.7600      16.5500      135.000      2.66943     0.707107    0.0329443
1998-12-02/06:07:18      134.660     -25.9100      16.5400      136.000      3.54875     0.719340    0.0430253
1998-12-02/06:07:21      134.630     -26.0700      16.4900      133.000      2.70353     0.681998    0.0345093
1998-12-02/06:07:23      134.620     -26.2200      16.3600      132.000      2.89838     0.669131    0.0375929
1998-12-02/06:07:26      134.610     -26.3700      16.2800      134.000      1.87636     0.694658    0.0235574
1998-12-02/06:07:28      134.580     -26.5200      15.9400      130.000      3.62131     0.642788    0.0484169
1998-12-02/06:07:31      134.550     -26.6700      15.8800      130.000      3.62131     0.642788    0.0484169
1998-12-02/06:07:33      134.550     -26.8100      15.8200      125.000      2.47499     0.573576    0.0353847
1998-12-02/06:07:36      134.560     -26.9500      15.7600      127.000      3.69186     0.601815    0.0514602
1998-12-02/06:07:38      134.540     -27.0900      15.7100      126.000      2.54888     0.587785    0.0359902
1998-12-02/06:07:41      134.510     -27.2300      15.7300      127.000      2.82921     0.601815    0.0394358
1998-12-02/06:07:43      134.520     -27.3600      15.7800      123.000      2.68240     0.544639    0.0392638
1998-12-02/06:07:46      134.540     -27.4900      15.8500      130.000      3.52345     0.642788    0.0471085
1998-12-02/06:07:48      134.510     -27.6300      15.9300      137.000      5.52538     0.731354    0.0657692
1998-12-02/06:07:51      134.470     -27.7700      16.0200      141.000      5.10732     0.777146    0.0560973
1998-12-02/06:07:53      134.460     -27.9100      16.1300      140.000      4.85964     0.766045    0.0545191
1998-12-02/06:07:56      134.460     -28.0500      16.2200      141.000      4.16401     0.777146    0.0457363
1998-12-02/06:07:58      134.440     -28.1900      16.3200      139.000      4.05259     0.754710    0.0464037
1998-12-02/06:08:01      134.420     -28.3300      16.3800      139.000      3.61108     0.754710    0.0413483
1998-12-02/06:08:03      134.420     -28.4600      16.4300      135.000      2.24506     0.707107    0.0277071
1998-12-02/06:08:06      134.420     -28.5900      16.4200      135.000      2.99077     0.707107    0.0369101
1998-12-02/06:08:08      134.410     -28.7200      16.3800      132.000      5.94674     0.669131    0.0771312
1998-12-02/06:08:11      134.390     -28.8600      16.3200      135.000      20.6726     0.707107     0.255128
1998-12-02/06:08:13      134.380     -28.9900      16.1800      132.000      6.32968     0.669131    0.0820980
1998-12-02/06:08:15      134.380     -29.1000      16.2400      114.000      20.2240     0.406737     0.322459
1998-12-02/06:08:18      134.370     -29.2300      16.3300      128.000      4.88513     0.615661    0.0671871
1998-12-02/06:08:20      134.350     -29.3600      16.4300      129.000      4.10091     0.629321    0.0556237
1998-12-02/06:08:23      134.320     -29.5000      16.5200      113.000      4.06747     0.390731    0.0653473
1998-12-02/06:08:25      134.280     -29.6500      16.5900      127.000      5.17975     0.601815    0.0721996
1998-12-02/06:08:28      134.240     -29.7900      16.6300      121.000      5.01394     0.515038    0.0750105
1998-12-02/06:08:30      134.210     -29.9200      16.6400      123.000      3.03702     0.544639    0.0444546
1998-12-02/06:08:33      134.170     -30.0600      16.6200      123.000      2.68240     0.544639    0.0392638
1998-12-02/06:08:35      134.130     -30.2000      16.5700      123.000      1.71277     0.544639    0.0250708
1998-12-02/06:08:37      134.090     -30.3400      16.5100      119.000      3.29344     0.484810    0.0502743
1998-12-02/06:08:40      134.050     -30.4800      16.4400      122.000      2.14938     0.529919    0.0318135
1998-12-02/06:08:42      134.010     -30.6100      16.3800      119.000      3.17715     0.484810    0.0484992
1998-12-02/06:08:45      133.960     -30.7500      16.3300      123.000      2.34112     0.544639    0.0342683
1998-12-02/06:08:47      133.910     -30.8900      16.2800      116.000      3.89243     0.438371    0.0610602
1998-12-02/06:08:50      133.860     -31.0300      16.2500      124.000      5.29960     0.559193    0.0766822
1998-12-02/06:08:52      133.820     -31.1700      16.2200      115.000      4.13745     0.422618    0.0654464
1998-12-02/06:08:55      133.780     -31.3100      16.2100      125.000      5.54943     0.573576    0.0793396
1998-12-02/06:13:24      122.780     -47.8300      16.2100      116.000      2.93375     0.438371    0.0460215
1998-12-02/06:13:26      123.010     -47.8800      16.2400      112.000      1.90709     0.374607    0.0308613
1998-12-02/06:13:28      121.580     -48.2700      16.2600      115.000      2.62014     0.422618    0.0414455
1998-12-02/06:13:31      120.040     -48.6900      16.2700      113.000      1.78538     0.390731    0.0286836
1998-12-02/06:13:33      120.380     -48.7200      16.2900      114.000      1.94222     0.406737    0.0309675
1998-12-02/06:13:35      121.010     -48.7100      16.2900      113.000      1.92248     0.390731    0.0308863
1998-12-02/07:02:46      313.250      14.1600      16.2800      93.0000      2.60843    0.0523359    0.0454633
1998-12-02/07:02:49      313.080      14.3000      16.2700      88.0000      1.56751    0.0348994    0.0273415
1998-12-02/07:02:51      313.060      14.3600      16.2600      89.0000      1.40186    0.0174524    0.0244633
1998-12-02/07:02:54      313.040      14.4200      16.2400      82.0000      2.93299     0.139173    0.0506922
1998-12-02/07:02:56      313.040      14.5100      16.2300      83.0000      2.79431     0.121869    0.0484064
1998-12-02/07:02:59      313.040      14.6000      16.2300      78.0000      1.68212     0.207912    0.0287170
1998-12-02/07:03:01      313.010      14.6300      16.2300      78.0000      1.63026     0.207912    0.0278316
1998-12-02/07:03:03      312.980      14.6600      16.2200      77.0000      1.43056     0.224951    0.0243281
1998-12-02/07:03:06      312.950      14.6800      16.2200      75.0000      2.18875     0.258819    0.0368992
1998-12-02/07:03:08      312.900      14.7000      16.4100      75.0000      2.18875     0.258819    0.0368992
1998-12-02/07:03:11      312.690      14.7500      16.6200      73.0000      2.31977     0.292372    0.0387185
1998-12-02/07:03:13      312.480      14.7900      17.1400      72.0000      2.31438     0.309017    0.0384165
1998-12-02/07:03:16      312.300      14.8200      17.7000      70.0000      2.57545     0.342020    0.0422393
1998-12-02/07:03:18      312.160      14.8600      18.5900      71.0000      2.51776     0.325568    0.0415491
1998-12-02/07:03:21      312.310      14.9700      19.5000      71.0000      2.51776     0.325568    0.0415491
1998-12-02/07:03:23      312.490      15.0800      20.9600      70.0000      2.65359     0.342020    0.0435208
1998-12-02/07:03:26      312.880      15.2400      21.9900      72.0000      2.65356     0.309017    0.0440466
1998-12-02/07:03:28      313.250      15.4100      22.9600      72.0000      2.65356     0.309017    0.0440466
1998-12-02/07:03:31      313.380      15.6100      23.7800      77.0000      1.60103     0.224951    0.0272271
1998-12-02/07:03:33      313.480      15.8100      24.3800      76.0000      1.98394     0.241922    0.0335977
1998-12-02/07:03:36      313.150      15.9900      24.7800      81.0000      2.63167     0.156434    0.0453658
1998-12-02/07:03:38      312.800      16.1600      24.8900      79.0000      2.01648     0.190809    0.0345476
1998-12-02/07:03:41      312.100      16.2600      24.8100      80.0000      2.20252     0.173648    0.0378572
1998-12-02/07:03:43      311.420      16.3500      24.4600      78.0000      1.56173     0.207912    0.0266617
1998-12-02/07:03:46      311.280      16.3800      24.0100      78.0000      1.48621     0.207912    0.0253724
1998-12-02/07:03:48      311.150      16.4100      23.4100      77.0000      1.43056     0.224951    0.0243281
1998-12-02/07:03:51      311.440      16.5600      22.7900      78.0000      1.41405     0.207912    0.0241405
1998-12-02/07:03:53      311.730      16.7200      22.1600      78.0000      1.48621     0.207912    0.0253724
1998-12-02/07:03:55      311.580      16.8200      21.5500      80.0000      2.27326     0.173648    0.0390731
1998-12-02/07:03:58      311.410      16.9300      21.0200      80.0000      2.20252     0.173648    0.0378572
1998-12-02/07:04:00      311.320      17.0900      20.5200      81.0000      2.54772     0.156434    0.0439187
1998-12-02/07:04:03      311.240      17.2600      20.1200      81.0000      2.63167     0.156434    0.0453658
1998-12-02/07:04:05      311.230      17.4600      19.7600      79.0000      2.01648     0.190809    0.0345476
1998-12-02/07:04:08      311.220      17.6600      19.4800      79.0000      2.01648     0.190809    0.0345476
1998-12-02/07:04:10      311.060      17.7400      19.2300      78.0000      1.68212     0.207912    0.0287170
1998-12-02/07:04:13      310.870      17.8100      19.0400      78.0000      1.56173     0.207912    0.0266617
1998-12-02/07:04:15      311.000      17.9700      18.8500      78.0000      1.56173     0.207912    0.0266617
1998-12-02/07:04:18      311.180      18.1400      18.6700      79.0000      2.01648     0.190809    0.0345476
1998-12-02/07:04:20      311.220      18.3500      18.4900      81.0000      2.54772     0.156434    0.0439187
1998-12-02/07:04:23      311.250      18.5600      18.3200      81.0000      2.47734     0.156434    0.0427054
1998-12-02/07:04:25      311.430      18.7500      18.1500      83.0000      2.40437     0.121869    0.0416514
1998-12-02/07:04:28      311.640      18.9300      18.0100      82.0000      2.58418     0.139173    0.0446635
1998-12-02/07:04:30      311.450      19.1400      17.8900      82.0000      2.65779     0.139173    0.0459357
1998-12-02/07:04:33      311.160      19.3400      17.8000      83.0000      2.59171     0.121869    0.0448967
1998-12-02/07:04:35      310.900      19.5400      17.7300      81.0000      2.79037     0.156434    0.0481016
1998-12-02/07:04:38      310.640      19.7300      17.7000      84.0000      2.51147     0.104528    0.0435933
1998-12-02/07:04:40      310.360      19.9300      17.6800      82.0000      2.72844     0.139173    0.0471568
1998-12-02/07:04:43      310.070      20.1200      17.6800      84.0000      2.47527     0.104528    0.0429650
1998-12-02/07:04:45      309.670      20.2500      17.6900      80.0000      2.42219     0.173648    0.0416329
1998-12-02/07:04:48      309.240      20.3600      17.7100      80.0000      2.42219     0.173648    0.0416329
1998-12-02/07:04:50      308.910      20.5200      17.7400      78.0000      1.63026     0.207912    0.0278316
1998-12-02/07:04:53      308.620      20.6900      17.7500      78.0000      1.68212     0.207912    0.0287170
1998-12-02/07:04:55      308.350      20.8200      17.7600      77.0000      1.60103     0.224951    0.0272271
1998-12-02/07:04:58      308.090      20.9300      17.7700      76.0000      2.17751     0.241922    0.0368758
1998-12-02/07:05:00      308.280      21.0500      17.7800      75.0000      2.65779     0.258819    0.0448066
1998-12-02/07:05:03      308.630      21.1700      17.7800      76.0000      2.17751     0.241922    0.0368758
1998-12-02/07:05:05      308.800      21.2500      17.7800      75.0000      2.45144     0.258819    0.0413278
1998-12-02/07:05:07      308.900      21.3200      17.7600      75.0000      2.56031     0.258819    0.0431632
1998-12-02/07:05:10      309.060      21.3900      17.7500      78.0000      1.68212     0.207912    0.0287170
1998-12-02/07:05:12      309.230      21.4500      17.7100      78.0000      1.71735     0.207912    0.0293184
1998-12-02/07:05:15      309.200      21.4900      17.6800      80.0000      2.42219     0.173648    0.0416329
1998-12-02/07:05:17      309.060      21.5200      17.6400      80.0000      2.49419     0.173648    0.0428705
1998-12-02/07:05:20      309.170      21.6000      17.6000      79.0000      1.86391     0.190809    0.0319337
1998-12-02/07:05:22      309.460      21.7200      17.5600      80.0000      2.42219     0.173648    0.0416329
1998-12-02/07:05:25      309.570      21.8200      17.5300      81.0000      2.47734     0.156434    0.0427054
1998-12-02/07:05:27      309.540      21.9100      17.5100      80.0000      2.27326     0.173648    0.0390731
1998-12-02/07:05:30      309.730      22.0100      17.5000      81.0000      2.47734     0.156434    0.0427054
1998-12-02/07:05:32      310.090      22.1000      17.5100      80.0000      2.34396     0.173648    0.0402883
1998-12-02/07:05:35      310.490      22.2100      17.5300      81.0000      2.35942     0.156434    0.0406727
1998-12-02/07:05:37      310.920      22.3300      17.5600      83.0000      2.40437     0.121869    0.0416514
1998-12-02/07:09:16      308.170      35.7000      17.6000      88.0000      1.47669    0.0348994    0.0257574
1998-12-02/07:09:18      308.110      35.8800      17.6500      89.0000      1.26954    0.0174524    0.0221543
1998-12-02/07:09:21      306.910      36.2000      17.7000      87.0000      1.86320    0.0523359    0.0324744
1998-12-02/07:09:23      305.710      36.5100      17.7600      88.0000      1.41036    0.0348994    0.0246004
1998-12-02/07:09:26      304.480      36.8200      17.8100      89.0000      1.26954    0.0174524    0.0221543
1998-12-02/07:09:28      303.260      37.1200      17.8600      93.0000      2.17456    0.0523359    0.0379012
1998-12-02/07:09:31      302.260      37.2500      17.9000      92.0000      1.80828    0.0348995    0.0315412
1998-12-02/07:09:33      301.260      37.3700      17.9300      94.0000      2.43530    0.0697566    0.0424005
1998-12-02/07:12:25      300.570      43.1800      17.9500      72.0000      2.31438     0.309017    0.0384165
1998-12-02/07:12:28      301.250      43.3700      17.9600      74.0000      2.03478     0.275637    0.0341379
1998-12-02/07:12:30      301.600      43.4800      17.9600      71.0000      2.34566     0.325568    0.0387090
1998-12-02/07:12:33      301.860      43.5800      17.9400      71.0000      2.25162     0.325568    0.0371572
1998-12-02/07:12:35      301.940      43.6000      17.9200      69.0000      2.35372     0.358368    0.0383516
1998-12-02/07:12:38      301.970      43.6100      17.8800      68.0000      2.04548     0.374607    0.0331008
1998-12-02/11:30:17      110.470      74.4900      17.8300      110.000      4.30470     0.342020    0.0706002
1998-12-02/11:30:19      110.900      74.3700      17.7800      107.000      5.62360     0.292372    0.0938616
1998-12-02/11:30:22      111.250      74.2300      17.7200      118.000      4.34637     0.469472    0.0669791
1998-12-02/11:30:25      111.800      74.0600      17.6400      119.000      5.18222     0.484810    0.0791065
1998-12-02/11:30:27      112.280      73.9200      17.5600      119.000      4.89643     0.484810    0.0747440
1998-12-02/11:30:30      112.790      73.7800      17.4900      119.000      6.22112     0.484810    0.0949654
1998-12-02/11:30:32      113.330      73.6300      17.4300      112.000      3.28072     0.374607    0.0530900
1998-12-02/11:30:37      114.080      73.3200      17.4000      103.000      3.80260     0.224951    0.0646669
1998-12-02/11:30:40      114.330      73.1800      17.3900      112.000      5.51131     0.374607    0.0891863
1998-12-02/11:30:42      114.530      73.0500      17.4200      109.000      3.56289     0.325568    0.0587963
1998-12-02/11:30:45      114.780      72.9200      17.4700      112.000      3.38726     0.374607    0.0548140
1998-12-02/11:30:47      115.070      72.7900      17.5400      114.000      3.21946     0.406737    0.0513323
1998-12-02/11:30:50      115.310      72.6600      17.6200      118.000      4.34637     0.469472    0.0669791
1998-12-02/11:30:52      115.530      72.5300      17.6900      111.000      2.59786     0.358368    0.0423297
1998-12-02/11:30:55      115.730      72.4100      17.7400      111.000      3.19789     0.358368    0.0521066
1998-12-02/11:30:57      115.910      72.2800      17.7700      110.000      3.67818     0.342020    0.0603248
1998-12-02/11:31:00      116.370      72.1300      17.7900      111.000      3.58961     0.358368    0.0584893
1998-12-02/11:31:02      117.040      71.9500      17.8000      110.000      3.29185     0.342020    0.0539887
1998-12-02/11:31:05      117.430      71.7900      17.8100      112.000      3.38726     0.374607    0.0548140
1998-12-02/11:31:07      117.590      71.6300      17.8300      113.000      4.23993     0.390731    0.0681180
1998-12-02/11:31:10      117.630      71.4900      17.8600      112.000      3.13059     0.374607    0.0506605
1998-12-02/11:31:12      117.560      71.3800      17.8900      114.000      4.32846     0.406737    0.0690146
1998-12-02/11:31:15      117.620      71.2700      17.9200      116.000      5.86277     0.438371    0.0919688
1998-12-02/11:31:17      117.800      71.1400      17.9300      117.000      6.12295     0.453991    0.0952180
1998-12-02/11:31:20      118.000      71.0100      17.9100      115.000      4.02131     0.422618    0.0636093
1998-12-02/11:31:22      118.230      70.8600      17.8500      117.000      4.15842     0.453991    0.0646676
1998-12-02/11:31:24      118.400      70.7200      17.7500      114.000      2.74282     0.406737    0.0437326
1998-12-02/11:31:27      118.510      70.6000      17.1200      109.000      3.23959     0.325568    0.0534610
1998-12-02/11:31:29      118.700      70.4700      17.0400      111.000      3.35176     0.358368    0.0546138
1998-12-02/11:31:32      118.990      70.3300      16.9900      104.000      3.37305     0.241922    0.0571221
1998-12-02/11:31:34      119.210      70.1800      16.9700      103.000      2.99630     0.224951    0.0509550
1998-12-02/11:31:37      119.360      70.0400      16.9800      105.000      3.60824     0.258819    0.0608298
1998-12-02/11:31:39      119.520      69.9000      17.0100      107.000      4.19933     0.292372    0.0700896
1998-12-02/11:31:42      119.690      69.7500      17.0400      105.000      4.06813     0.258819    0.0685829
1998-12-02/11:31:44      119.840      69.6100      17.0800      109.000      5.05363     0.325568    0.0833971
1998-12-02/11:31:47      120.020      69.4600      17.1100      108.000      4.90683     0.309017    0.0814488
1998-12-02/11:31:49      120.170      69.3000      17.1500      114.000      7.61136     0.406737     0.121358
1998-12-02/11:31:52      120.240      69.1600      17.1800      114.000      4.94227     0.406737    0.0788014
1998-12-02/11:31:54      120.270      69.0200      17.2000      112.000      4.05729     0.374607    0.0656567
1998-12-02/11:31:56      120.210      68.9100      17.2200      112.000      3.38726     0.374607    0.0548140
1998-12-02/11:31:59      120.220      68.7900      17.2500      111.000      3.93253     0.358368    0.0640768
1998-12-02/11:32:01      120.430      68.6500      17.2800      109.000      3.84268     0.325568    0.0634135
1998-12-02/11:32:04      120.670      68.5200      17.3100      108.000      4.90683     0.309017    0.0814488
1998-12-02/11:32:06      120.990      68.3700      17.3500      104.000      3.65734     0.241922    0.0619365
1998-12-02/11:32:09      121.290      68.2200      17.3700      103.000      2.89847     0.224951    0.0492913
1998-12-02/11:32:11      121.550      68.0700      17.3900      105.000      3.60824     0.258819    0.0608298
1998-12-02/11:32:14      121.830      67.9100      17.4100      107.000      4.25171     0.292372    0.0709639
1998-12-02/11:32:16      122.170      67.7600      17.4200      106.000      3.60398     0.275637    0.0604646
1998-12-02/11:32:19      122.540      67.5900      17.4100      108.000      4.07119     0.309017    0.0675780
1998-12-02/11:32:21      123.030      67.3900      17.4000      107.000      4.01054     0.292372    0.0669386
1998-12-02/11:32:24      123.430      67.2000      17.3900      110.000      3.82218     0.342020    0.0626865
1998-12-02/11:32:26      123.500      67.0400      17.3800      111.000      2.76042     0.358368    0.0449784
1998-12-02/11:32:29      123.570      66.8800      17.3800      112.000      3.48033     0.374607    0.0563201
1998-12-02/11:32:31      123.600      66.7500      17.3900      110.000      3.82218     0.342020    0.0626865
1998-12-02/11:32:34      123.660      66.6200      17.4000      115.000      6.18140     0.422618    0.0977777
1998-12-02/11:32:36      123.800      66.4800      17.4100      113.000      3.89541     0.390731    0.0625830
1998-12-02/11:32:39      123.940      66.3500      17.4200      108.000      4.90683     0.309017    0.0814488
1998-12-02/11:32:41      124.070      66.2000      17.4400      106.000      4.17674     0.275637    0.0700739
1998-12-02/11:32:44      124.210      66.0600      17.4500      108.000      3.91815     0.309017    0.0650376
1998-12-02/11:32:46      124.350      65.9200      17.4700      108.000      3.27522     0.309017    0.0543656
1998-12-02/11:32:49      124.500      65.7800      17.4800      108.000      3.72693     0.309017    0.0618636
1998-12-02/11:32:51      124.660      65.6300      17.5000      109.000      2.90309     0.325568    0.0479080
1998-12-02/11:32:54      124.820      65.4800      17.4900      110.000      2.94955     0.342020    0.0483748
1998-12-02/11:32:56      124.940      65.3500      17.4900      110.000      2.88719     0.342020    0.0473520
1998-12-02/11:32:59      125.060      65.2100      17.4800      110.000      4.47342     0.342020    0.0733674
1998-12-02/11:33:01      125.200      65.0700      17.4600      110.000      5.18814     0.342020    0.0850893
1998-12-02/11:33:03      125.310      64.9500      17.4500      110.000      6.98811     0.342020     0.114610
1998-12-02/11:33:06      125.410      64.8200      17.4300      110.000      5.40118     0.342020    0.0885833
1998-12-02/11:33:08      125.500      64.7000      17.4300      112.000      7.10157     0.374607     0.114921
1998-12-02/11:33:11      125.620      64.5600      17.4300      116.000      6.26546     0.438371    0.0982857
1998-12-02/11:33:13      125.750      64.4300      17.4300      116.000      7.09205     0.438371     0.111252
1998-12-02/11:33:16      125.910      64.2800      17.4300      123.000      4.32308     0.544639    0.0632794
1998-12-02/11:33:18      126.080      64.1300      17.4200      121.000      6.51334     0.515038    0.0974421
1998-12-02/11:33:21      126.170      64.0000      17.4100      124.000      5.87619     0.559193    0.0850251
1998-12-02/11:33:23      126.250      63.8600      17.3900      122.000      7.40268     0.529919     0.109569
1998-12-02/11:33:26      126.310      63.7400      17.3800      118.000      5.71027     0.469472    0.0879972
1998-12-02/11:33:28      126.370      63.6200      17.3700      120.000      6.07296     0.500000    0.0917928
1998-12-02/11:33:30      126.480      63.4700      17.3600      120.000      4.12284     0.500000    0.0623167
1998-12-02/11:33:33      126.590      63.3200      17.3700      117.000      4.15842     0.453991    0.0646676
1998-12-02/11:33:35      126.720      63.1800      17.3800      119.000      3.07917     0.484810    0.0470035
1998-12-02/11:33:38      126.840      63.0300      17.4100      120.000      3.34165     0.500000    0.0505090
1998-12-02/11:33:40      126.950      62.8800      17.4500      118.000      4.21409     0.469472    0.0649406
1998-12-02/11:33:43      127.060      62.7300      17.4900      116.000      9.40509     0.438371     0.147537
1998-12-02/11:33:45      127.170      62.5900      17.5300      114.000      5.18252     0.406737    0.0826320
1998-12-02/11:33:48      127.290      62.4400      17.5600      113.000      5.99490     0.390731    0.0963131
1998-12-02/11:33:50      127.390      62.2900      17.5900      112.000      4.85743     0.374607    0.0786049
1998-12-02/11:33:53      127.490      62.1400      17.6200      113.000      5.21823     0.390731    0.0838352
1998-12-02/11:33:55      127.560      62.0100      17.6500      111.000      2.89320     0.358368    0.0471420
1998-12-02/11:33:58      127.610      61.8800      17.6700      111.000      3.27161     0.358368    0.0533078
1998-12-02/11:34:00      127.690      61.7400      17.6800      113.000      3.89541     0.390731    0.0625830
1998-12-02/11:34:03      127.790      61.5900      17.7000      112.000      4.32754     0.374607    0.0700300
1998-12-02/11:34:05      127.860      61.4500      17.7200      112.000      3.13059     0.374607    0.0506605
1998-12-02/11:34:08      127.920      61.3000      17.7400      115.000      5.82346     0.422618    0.0921158
1998-12-02/11:34:10      127.930      61.1800      17.7600      119.000      5.52790     0.484810    0.0843834
1998-12-02/11:34:13      127.920      61.0600      17.7800      120.000      3.88265     0.500000    0.0586862
1998-12-02/11:34:15      127.950      60.9500      17.7900      119.000      4.13137     0.484810    0.0630653
1998-12-02/11:34:18      127.980      60.8400      17.7800      119.000      3.57206     0.484810    0.0545275
1998-12-02/11:34:20      128.050      60.7300      17.7700      118.000      3.10994     0.469472    0.0479252
1998-12-02/11:34:22      128.110      60.6200      17.7400      114.000      2.85912     0.406737    0.0455869
1998-12-02/11:34:25      128.250      60.4900      17.7200      118.000      3.42319     0.469472    0.0527525
1998-12-02/11:34:27      128.430      60.3500      17.6800      116.000      3.89243     0.438371    0.0610602
1998-12-02/11:34:30      128.590      60.2100      17.6300      115.000      4.71998     0.422618    0.0746609
1998-12-02/11:34:32      128.730      60.0700      17.6000      114.000      6.39498     0.406737     0.101964
1998-12-02/11:34:35      128.900      59.9200      17.5700      113.000      6.73520     0.390731     0.108207
1998-12-02/11:34:37      129.100      59.7700      17.5600      113.000      17.3017     0.390731     0.277966
1998-12-02/11:34:40      129.240      59.6200      17.5400      112.000      17.4097     0.374607     0.281731
1998-12-02/11:34:42      129.340      59.4700      17.5300      115.000      22.3924     0.422618     0.354204
1998-12-02/11:34:45      129.440      59.3100      17.5100      120.000      8.09911     0.500000     0.122418
1998-12-02/11:34:47      129.540      59.1600      17.5000      118.000      9.06853     0.469472     0.139749
1998-12-02/11:34:50      129.640      59.0100      17.4800      119.000      6.91906     0.484810     0.105619
1998-12-02/11:34:52      129.740      58.8500      17.4800      119.000      8.41045     0.484810     0.128385
1998-12-02/11:34:55      129.780      58.7100      17.4900      114.000      3.37699     0.406737    0.0538440
1998-12-02/11:34:57      129.780      58.5800      17.4900      115.000      3.88985     0.422618    0.0615299
1998-12-02/11:35:00      129.790      58.4400      17.4900      115.000      3.75347     0.422618    0.0593726
1998-12-02/11:35:02      129.810      58.3100      17.5000      113.000      2.30954     0.390731    0.0371047
1998-12-02/11:35:05      129.840      58.1700      17.5100      115.000      2.78826     0.422618    0.0441048
1998-12-02/11:35:07      129.880      58.0300      17.5300      120.000      3.44536     0.500000    0.0520766
1998-12-02/11:35:10      129.920      57.8800      17.5400      123.000      2.53819     0.544639    0.0371529
1998-12-02/11:35:12      129.940      57.7400      17.5800      130.000      5.28399     0.642788    0.0706469
1998-12-02/11:35:15      129.970      57.5900      17.6100      130.000      4.98111     0.642788    0.0665974
1998-12-02/11:35:17      130.010      57.4500      17.6600      130.000      6.73825     0.642788    0.0900904
1998-12-02/11:35:20      130.040      57.3200      17.7100      127.000      5.79770     0.601815    0.0808131
1998-12-02/11:35:22      130.070      57.1800      17.7600      124.000      3.61780     0.559193    0.0523475
1998-12-02/11:35:25      130.100      57.0400      17.8200      122.000      3.96800     0.529919    0.0587313
1998-12-02/11:35:27      130.110      56.9000      17.8900      118.000      7.84933     0.469472     0.120961
1998-12-02/11:35:29      130.090      56.7700      17.9700      118.000      8.20682     0.469472     0.126470
1998-12-02/11:35:32      130.020      56.6500      18.0400      113.000      17.3017     0.390731     0.277966
1998-12-02/11:35:34      129.970      56.5500      18.1200      112.000      17.4097     0.374607     0.281731
1998-12-02/11:35:37      129.920      56.4500      18.1900      112.000      17.4097     0.374607     0.281731
1998-12-02/11:35:39      129.890      56.3600      18.2700      112.000      4.59444     0.374607    0.0743491
1998-12-02/11:35:43      129.870      56.2500      18.3300      113.000      4.23993     0.390731    0.0681180
1998-12-02/11:35:45      129.930      56.1700      18.3800      115.000      4.13745     0.422618    0.0654464
1998-12-02/11:35:48      130.010      56.0900      18.4200      112.000      2.74726     0.374607    0.0444573
1998-12-02/11:35:50      130.210      55.9500      18.4400      111.000      2.39953     0.358368    0.0390981
1998-12-02/11:35:53      130.440      55.7900      18.4500      111.000      2.66344     0.358368    0.0433982
1998-12-02/11:35:55      130.610      55.6200      18.4500      112.000      2.22430     0.374607    0.0359945
1998-12-02/11:35:58      130.750      55.4500      18.4200      112.000      2.22430     0.374607    0.0359945
1998-12-02/11:36:00      130.850      55.2800      18.3700      115.000      3.16159     0.422618    0.0500102
1998-12-02/11:36:03      130.950      55.1000      18.3100      116.000      3.77145     0.438371    0.0591624
1998-12-02/11:36:05      131.000      54.9400      18.2400      117.000      4.31892     0.453991    0.0671635
1998-12-02/11:36:08      131.030      54.7800      18.1700      115.000      3.24076     0.422618    0.0512625
1998-12-02/11:36:10      131.060      54.6300      18.1000      114.000      3.21946     0.406737    0.0513323
1998-12-02/11:36:13      131.090      54.4900      18.0500      114.000      9.16334     0.406737     0.146104
1998-12-02/11:36:15      131.120      54.3400      18.0100      111.000      22.2732     0.358368     0.362921
1998-12-02/11:36:17      131.150      54.1900      17.9800      111.000      22.2732     0.358368     0.362921
1998-12-02/11:36:20      131.170      54.0400      17.9700      107.000      10.7488     0.292372     0.179405
1998-12-02/11:36:22      131.190      53.8900      17.9700      110.000      6.98811     0.342020     0.114610
1998-12-02/11:36:25      131.180      53.7600      17.9700      111.000      5.62288     0.358368    0.0916195
1998-12-02/11:36:27      131.150      53.6300      17.9700      116.000      6.06317     0.438371    0.0951124
1998-12-02/11:36:30      131.150      53.5000      17.9800      119.000      3.57206     0.484810    0.0545275
1998-12-02/11:36:32      131.150      53.3600      17.9700      123.000      2.34112     0.544639    0.0342683
1998-12-02/11:36:35      131.160      53.2300      17.9700      124.000      1.77427     0.559193    0.0256727
1998-12-02/11:36:37      131.180      53.1000      17.9500      121.000      2.80403     0.515038    0.0419494
1998-12-02/11:36:40      131.180      52.9800      17.9300      122.000      2.48027     0.529919    0.0367110
1998-12-02/11:36:42      131.190      52.8600      17.9100      120.000      2.81804     0.500000    0.0425947
1998-12-02/11:36:45      131.220      52.7300      17.8800      122.000      2.14938     0.529919    0.0318135
1998-12-02/11:36:47      131.260      52.5900      17.8600      124.000      1.61080     0.559193    0.0233074
1998-12-02/11:36:50      131.310      52.4500      17.8300      126.000      2.37413     0.587785    0.0335227
1998-12-02/11:36:52      131.360      52.3100      17.8000      127.000      3.45851     0.601815    0.0482075
1998-12-02/11:36:55      131.420      52.1700      17.7800      126.000      2.90571     0.587785    0.0410286
1998-12-02/11:36:57      131.490      52.0300      17.7600      125.000      2.77985     0.573576    0.0397432
1998-12-02/11:37:00      131.550      51.8800      17.7400      122.000      2.56560     0.529919    0.0379740
1998-12-02/11:37:02      131.590      51.7500      17.7200      119.000      3.00080     0.484810    0.0458072
1998-12-02/11:37:04      131.640      51.6000      17.7200      122.000      2.81476     0.529919    0.0416619
1998-12-02/11:37:07      131.670      51.4600      17.7100      132.000      3.63051     0.669131    0.0470889
1998-12-02/11:37:09      131.710      51.3200      17.7200      135.000      3.84070     0.707107    0.0473994
1998-12-02/11:37:12      131.740      51.1800      17.7200      139.000      5.82442     0.754710    0.0666919
1998-12-02/11:37:14      131.780      51.0400      17.7200      135.000      2.66943     0.707107    0.0329443
1998-12-02/11:37:17      131.820      50.9000      17.7100      129.000      3.66249     0.629321    0.0496771
1998-12-02/11:37:19      131.860      50.7500      17.7200      118.000      3.73865     0.469472    0.0576139
1998-12-02/11:37:22      131.890      50.6100      17.7200      120.000      2.92475     0.500000    0.0442076
1998-12-02/11:37:24      131.910      50.4700      17.7200      121.000      3.18689     0.515038    0.0476771
1998-12-02/11:37:27      131.930      50.3400      17.7200      120.000      3.05288     0.500000    0.0461443
1998-12-02/11:37:29      131.950      50.2100      17.7200      120.000      3.44536     0.500000    0.0520766
1998-12-02/11:37:32      131.970      50.0800      17.7200      121.000      3.18689     0.515038    0.0476771
1998-12-02/11:37:34      131.990      49.9500      17.7300      122.000      2.74913     0.529919    0.0406905
1998-12-02/11:37:37      132.020      49.8200      17.7500      124.000      2.26797     0.559193    0.0328162
1998-12-02/11:37:39      132.060      49.6900      17.7700      126.000      4.02896     0.587785    0.0568890
1998-12-02/11:37:42      132.110      49.5600      17.8100      127.000      6.92645     0.601815    0.0965465
1998-12-02/11:37:44      132.160      49.4200      17.8700      125.000      4.26413     0.573576    0.0609638
1998-12-02/11:37:47      132.210      49.2800      17.9300      121.000      5.39685     0.515038    0.0807390
1998-12-02/11:37:49      132.260      49.1400      17.9800      129.000      6.60271     0.629321    0.0895575
1998-12-02/11:37:52      132.310      49.0000      18.0400      134.000      20.5334     0.694658     0.257794
1998-12-02/11:37:54      132.360      48.8600      18.0900      131.000      25.9298     0.656059     0.341552
1998-12-02/11:37:57      132.380      48.7200      18.1400      132.000      9.93885     0.669131     0.128910
1998-12-02/11:37:59      132.400      48.5800      18.2100      127.000      4.57501     0.601815    0.0637702
1998-12-02/11:38:02      132.410      48.4500      18.2700      122.000      3.12708     0.529919    0.0462846
1998-12-02/11:38:04      132.420      48.3200      18.3300      120.000      3.57647     0.500000    0.0540583
1998-12-02/11:38:07      132.450      48.1900      18.3900      119.000      2.64246     0.484810    0.0403371
1998-12-02/11:38:09      132.480      48.0600      18.4600      118.000      2.91367     0.469472    0.0449007
1998-12-02/11:38:12      132.510      47.9300      18.5200      121.000      2.49214     0.515038    0.0372834
1998-12-02/11:38:14      132.550      47.8000      18.5700      121.000      2.75133     0.515038    0.0411610
1998-12-02/11:38:16      132.590      47.6600      18.6200      121.000      2.69424     0.515038    0.0403069
1998-12-02/11:38:19      132.630      47.5300      18.6500      120.000      2.87450     0.500000    0.0434480
1998-12-02/11:38:21      132.670      47.4200      18.6800      118.000      3.56851     0.469472    0.0549920
1998-12-02/11:38:23      132.720      47.2800      18.6900      117.000      3.48879     0.453991    0.0542542
1998-12-02/11:38:26      132.750      47.1400      18.7100      119.000      2.87886     0.484810    0.0439458
1998-12-02/11:38:28      132.780      47.0000      18.7200      118.000      2.52996     0.469472    0.0389875
1998-12-02/11:38:31      132.790      46.8700      18.7300      120.000      2.87450     0.500000    0.0434480
1998-12-02/11:38:33      132.790      46.7300      18.7300      121.000      2.80403     0.515038    0.0419494
1998-12-02/11:38:36      132.810      46.6100      18.7400      122.000      2.56560     0.529919    0.0379740
1998-12-02/11:38:38      132.820      46.4800      18.7500      126.000      3.44405     0.587785    0.0486300
1998-12-02/11:38:41      132.830      46.3500      18.7600      130.000      5.12876     0.642788    0.0685715
1998-12-02/11:38:43      132.840      46.2200      18.7900      132.000      3.84916     0.669131    0.0499249
1998-12-02/11:38:46      132.850      46.0900      18.8200      135.000      5.96779     0.707107    0.0736505
1998-12-02/11:38:48      132.850      45.9700      18.8500      134.000      8.49070     0.694658     0.106599
1998-12-02/11:38:51      132.940      45.8000      18.8900      170.000      19.7469     0.984808    0.0598476
1998-12-02/11:38:53      133.020      45.6400      18.9200      167.000      19.9319     0.974370    0.0782553
1998-12-02/11:38:56      133.050      45.5000      18.9500      126.000      25.0610     0.587785     0.353862
1998-12-02/11:38:58      133.070      45.3600      18.9900      124.000      7.07276     0.559193     0.102339
1998-12-02/11:39:01      133.100      45.2500      19.0300      146.000      4.03107     0.829038    0.0393423
1998-12-02/11:39:03      133.120      45.1400      19.0700      115.000      6.18140     0.422618    0.0977777
1998-12-02/11:39:06      133.120      44.9900      19.1000      113.000      3.00172     0.390731    0.0482252
1998-12-02/11:39:08      133.120      44.8400      19.1300      111.000      3.50869     0.358368    0.0571708
1998-12-02/11:39:11      133.140      44.7400      19.1600      115.000      3.75347     0.422618    0.0593726
1998-12-02/11:39:13      133.150      44.6300      19.1800      114.000      2.05132     0.406737    0.0327070
1998-12-02/11:39:16      133.140      44.4900      19.1900      113.000      1.92248     0.390731    0.0308863
1998-12-02/11:39:18      133.140      44.3400      19.1900      110.000      2.83141     0.342020    0.0464372
1998-12-02/11:39:21      133.160      44.2400      19.2000      114.000      2.85912     0.406737    0.0455869
1998-12-02/11:39:23      133.180      44.1400      19.2000      108.000      3.81802     0.309017    0.0633756
1998-12-02/11:39:26      133.180      44.0000      19.1900      108.000      5.65703     0.309017    0.0939014
1998-12-02/11:39:28      133.190      43.8500      19.1900      107.000      3.22839     0.292372    0.0538840
1998-12-02/11:39:31      133.260      43.7300      19.2000      110.000      3.82218     0.342020    0.0626865
1998-12-02/11:39:33      133.350      43.6100      19.1900      111.000      2.47319     0.358368    0.0402983
1998-12-02/11:39:36      133.360      43.4600      19.1900      114.000      4.72533     0.406737    0.0753424
1998-12-02/11:39:38      133.370      43.3000      19.2000      124.000      7.45410     0.559193     0.107857
1998-12-02/11:39:41      133.410      43.1400      19.2100      115.000      9.17440     0.422618     0.145121
1998-12-02/11:39:44      133.440      43.0200      19.2200      115.000      4.90301     0.422618    0.0775561
1998-12-02/11:39:46      133.450      42.8700      19.2200      134.000      2.58820     0.694658    0.0324945
1998-12-02/11:39:49      133.470      42.7300      19.2300      132.000      3.27162     0.669131    0.0424340
1998-12-02/11:39:51      133.530      42.6100      19.2400      134.000      2.85975     0.694658    0.0359037
1998-12-02/11:39:54      133.580      42.4800      19.2500      130.000      3.76166     0.642788    0.0502934
1998-12-02/11:39:56      133.590      42.3200      19.2600      132.000      3.27162     0.669131    0.0424340
1998-12-02/11:39:59      133.610      42.1700      19.2700      128.000      3.07219     0.615661    0.0422530
1998-12-02/11:40:01      133.640      42.0500      19.2800      128.000      4.62609     0.615661    0.0636244
1998-12-02/11:40:04      133.660      41.9200      19.2800      130.000      2.34656     0.642788    0.0313735
1998-12-02/11:40:06      133.660      41.7800      14.9800      131.000      2.80781     0.656059    0.0369849
1998-12-02/11:40:09      133.660      41.6400      15.0100      130.000      3.76166     0.642788    0.0502934
1998-12-02/11:40:11      133.700      41.5200      15.0600      129.000      2.90193     0.629321    0.0393611
1998-12-02/11:40:14      133.740      41.4000      15.1400      132.000      3.63051     0.669131    0.0470889
1998-12-02/11:40:16      133.760      41.2400      15.2500      126.000      3.17024     0.587785    0.0447638
1998-12-02/11:40:19      133.790      41.0900      15.4100      127.000      3.57709     0.601815    0.0498604
1998-12-02/11:40:21      133.820      40.9700      15.6200      127.000      3.18256     0.601815    0.0443611
1998-12-02/11:40:24      133.850      40.8500      15.8700      129.000      4.42622     0.629321    0.0600362
1998-12-02/11:40:26      133.860      40.7000      16.1700      125.000      2.77985     0.573576    0.0397432
1998-12-02/11:40:29      133.870      40.5500      16.5300      125.000      2.01076     0.573576    0.0287476
1998-12-02/11:40:31      133.880      40.4100      16.9500      125.000      2.54251     0.573576    0.0363500
1998-12-02/11:40:34      133.890      40.2700      17.4200      121.000      2.94793     0.515038    0.0441022
1998-12-02/11:40:36      133.900      40.1400      17.9600      122.000      2.56560     0.529919    0.0379740
1998-12-02/11:40:39      133.900      40.0000      18.5700      121.000      2.80403     0.515038    0.0419494
1998-12-02/11:40:41      133.910      39.8700      19.1900      122.000      2.48027     0.529919    0.0367110
1998-12-02/11:40:44      133.930      39.7400      19.7300      122.000      2.86821     0.529919    0.0424530
1998-12-02/11:40:46      133.950      39.6000      20.3300      125.000      2.77985     0.573576    0.0397432
1998-12-02/11:40:49      133.970      39.4700      20.8100      126.000      4.02896     0.587785    0.0568890
1998-12-02/11:40:51      133.980      39.3400      21.2100      127.000      3.69186     0.601815    0.0514602
1998-12-02/11:40:54      133.990      39.2100      21.3700      126.000      3.17024     0.587785    0.0447638
1998-12-02/11:40:56      134.000      39.0700      21.4800      126.000      3.17024     0.587785    0.0447638
1998-12-02/11:40:59      134.000      38.9400      21.3700      124.000      1.84570     0.559193    0.0267062
1998-12-02/11:41:01      134.010      38.8300      21.2200      120.000      3.05288     0.500000    0.0461443
1998-12-02/11:41:03      134.030      38.7000      20.9500      117.000      3.16633     0.453991    0.0492396
1998-12-02/11:41:05      134.030      38.5600      20.6600      119.000      2.87886     0.484810    0.0439458
1998-12-02/11:41:08      134.040      38.4300      20.3300      115.000      2.78826     0.422618    0.0441048
1998-12-02/11:41:10      134.060      38.2900      19.9900      115.000      2.69276     0.422618    0.0425942
1998-12-02/11:41:13      134.080      38.1600      19.6200      114.000      2.17026     0.406737    0.0346034
1998-12-02/11:41:15      134.100      38.0200      19.2500      120.000      3.34165     0.500000    0.0505090
1998-12-02/11:41:18      134.120      37.8800      18.8400      116.000      3.45764     0.438371    0.0542397
1998-12-02/11:41:20      134.120      37.7400      18.4300      118.000      3.30730     0.469472    0.0509666
1998-12-02/11:41:23      134.120      37.6100      18.0200      116.000      3.12038     0.438371    0.0489491
1998-12-02/11:41:25      134.130      37.4900      17.6100      118.000      2.91367     0.469472    0.0449007
1998-12-02/11:41:28      134.150      37.3800      17.2600      114.000      2.09785     0.406737    0.0334489
1998-12-02/11:41:30      134.140      37.2300      16.9100      116.000      2.75008     0.438371    0.0431403
1998-12-02/11:41:33      134.120      37.0800      16.6800      116.000      2.61791     0.438371    0.0410669
1998-12-02/11:41:35      134.150      36.9600      16.4500      119.000      2.22720     0.484810    0.0339982
1998-12-02/11:41:38      134.200      36.8500      16.3300      120.000      2.39210     0.500000    0.0361566
1998-12-02/11:41:40      134.210      36.7000      16.2000      122.000      1.99687     0.529919    0.0295561
1998-12-02/11:41:43      134.210      36.5500      16.1100      119.000      2.64246     0.484810    0.0403371
1998-12-02/11:41:45      134.230      36.4300      16.0100      122.000      2.40317     0.529919    0.0355699
1998-12-02/11:41:48      134.250      36.3100      15.9200      120.000      5.29080     0.500000    0.0799704
1998-12-02/11:41:50      134.260      36.1700      15.8200      120.000      6.89819     0.500000     0.104266
1998-12-02/11:41:53      134.270      36.0200      15.7300      117.000      7.25609     0.453991     0.112839
1998-12-02/11:41:55      134.290      35.9000      15.6400      120.000      7.06002     0.500000     0.106712
1998-12-02/11:41:58      134.320      35.7800      15.5900      118.000      7.58900     0.469472     0.116949
1998-12-02/11:42:00      134.330      35.6400      15.5300      117.000      6.88610     0.453991     0.107086
1998-12-02/11:42:03      134.330      35.4900      15.5000      117.000      5.81150     0.453991    0.0903746
1998-12-02/11:42:05      134.360      35.3600      15.4700      119.000      4.89643     0.484810    0.0747440
1998-12-02/11:42:08      134.380      35.2400      15.4500      117.000      3.60112     0.453991    0.0560010
1998-12-02/11:42:10      134.390      35.1000      15.4200      121.000      3.18689     0.515038    0.0476771
1998-12-02/11:42:13      134.390      34.9500      15.3800      124.000      2.16123     0.559193    0.0312718
1998-12-02/11:42:15      134.420      34.8200      15.3400      134.000      2.23258     0.694658    0.0280297
1998-12-02/11:42:18      134.460      34.7000      15.2900      134.000      3.27043     0.694658    0.0410597
1998-12-02/11:42:20      134.470      34.5700      15.2300      134.000      3.75230     0.694658    0.0471096
1998-12-02/11:42:22      134.470      34.4200      15.1800      131.000      3.55430     0.656059    0.0468178
1998-12-02/11:42:25      134.480      34.2800      15.1300      126.000      4.16535     0.587785    0.0588148
1998-12-02/11:42:27      134.500      34.1700      15.0800      113.000      1.87336     0.390731    0.0300971
1998-12-02/11:42:30      134.500      34.0300      15.0400      117.000      4.82079     0.453991    0.0749681
1998-12-02/11:42:32      134.490      33.8900      15.0000      116.000      4.31999     0.438371    0.0677673
1998-12-02/11:42:35      134.490      33.7600      14.9700      122.000      3.33634     0.529919    0.0493819
1998-12-02/11:42:37      134.520      33.6500      14.9400      123.000      2.04324     0.544639    0.0299081
1998-12-02/11:42:40      134.530      33.5200      14.9100      130.000      3.40025     0.642788    0.0454613
1998-12-02/11:42:42      134.520      33.3700      14.8800      130.000      3.08779     0.642788    0.0412837
1998-12-02/11:42:45      134.540      33.2400      14.6600      131.000      2.54792     0.656059    0.0335616
1998-12-02/11:42:47      134.570      33.1200      14.6400      125.000      1.64420     0.573576    0.0235070
1998-12-02/11:42:50      134.580      32.9900      14.6500      123.000      1.71277     0.544639    0.0250708
1998-12-02/11:42:52      134.580      32.8300      14.6700      120.000      3.24624     0.500000    0.0490669
1998-12-02/11:42:55      134.600      32.6900      14.6900      119.000      2.87886     0.484810    0.0439458
1998-12-02/11:42:57      134.640      32.5700      14.7300      112.000      2.09250     0.374607    0.0338617
1998-12-02/11:43:00      134.660      32.4300      14.7700      112.000      2.03620     0.374607    0.0329506
1998-12-02/11:43:02      134.660      32.2800      14.8200      110.000      2.78623     0.342020    0.0456962
1998-12-02/11:43:04      134.670      32.1400      14.8800      107.000      3.22839     0.292372    0.0538840
1998-12-02/11:43:07      134.680      32.0200      14.9400      107.000      3.43378     0.292372    0.0573121
1998-12-02/11:43:09      134.680      31.8900      15.0300      110.000      3.59163     0.342020    0.0589054
1998-12-02/11:43:12      134.680      31.7300      15.0900      119.000      4.66063     0.484810    0.0711445
1998-12-02/11:43:14      134.680      31.5900      15.1300      131.000      4.60264     0.656059    0.0606267
1998-12-02/11:43:17      134.690      31.4600      15.1600      130.000      4.98111     0.642788    0.0665974
1998-12-02/11:43:19      134.690      31.3200      15.1600      128.000      5.42834     0.615661    0.0746580
1998-12-02/11:43:22      134.700      31.1900      15.1600      123.000      2.85153     0.544639    0.0417394
1998-12-02/11:43:24      134.710      31.0600      15.1400      114.000      3.55449     0.406737    0.0566741
1998-12-02/11:43:27      134.720      30.9200      15.1100      108.000      3.20879     0.309017    0.0532629
1998-12-02/11:43:29      134.730      30.7900      15.0600      109.000      2.90309     0.325568    0.0479080
1998-12-02/11:43:32      134.740      30.6600      15.0000      108.000      2.72086     0.309017    0.0451637
1998-12-02/11:43:34      134.740      30.5300      14.9500      108.000      2.61726     0.309017    0.0434441
1998-12-02/11:43:37      134.760      30.3900      14.8900      108.000      2.72086     0.309017    0.0451637
1998-12-02/11:43:40      134.770      30.2200      14.8600      112.000      1.81141     0.374607    0.0293130
1998-12-02/11:43:43      134.790      30.0900      14.8200      108.000      2.72086     0.309017    0.0451637
1998-12-02/11:43:45      134.800      29.9600      14.8300      115.000      3.00722     0.422618    0.0475684
1998-12-02/11:43:48      134.800      29.8200      14.8300      116.000      3.12038     0.438371    0.0489491
1998-12-02/11:43:50      134.800      29.6900      14.8800      117.000      3.16633     0.453991    0.0492396
1998-12-02/11:43:52      134.810      29.5500      14.9300      111.000      2.39953     0.358368    0.0390981
1998-12-02/11:43:55      134.820      29.4100      15.0000      115.000      3.09391     0.422618    0.0489396
1998-12-02/11:43:57      134.820      29.2800      15.0800      112.000      2.22430     0.374607    0.0359945
1998-12-02/11:44:00      134.830      29.1400      15.1400      116.000      3.89243     0.438371    0.0610602
1998-12-02/11:44:02      134.830      29.0100      15.2000      129.000      3.81963     0.629321    0.0518085
1998-12-02/11:44:05      134.840      28.8700      15.2300      126.000      4.16535     0.587785    0.0588148
1998-12-02/11:44:07      134.840      28.7300      15.2500      122.000      4.70447     0.529919    0.0696319
1998-12-02/11:44:10      134.840      28.5900      15.2800      125.000      3.38424     0.573576    0.0483841
1998-12-02/11:44:12      134.840      28.4500      15.3000      107.000      4.25171     0.292372    0.0709639
1998-12-02/11:44:15      134.850      28.3200      15.3200      110.000      4.47342     0.342020    0.0733674
1998-12-02/11:44:17      134.850      28.1800      15.3500      115.000      3.47634     0.422618    0.0549889
1998-12-02/11:44:20      134.860      28.0600      15.3800      130.000      3.62131     0.642788    0.0484169
1998-12-02/11:44:22      134.870      27.9400      15.4100      119.000      3.00080     0.484810    0.0458072
1998-12-02/11:44:25      134.870      27.8000      15.4300      125.000      1.91644     0.573576    0.0273992
1998-12-02/11:44:27      134.860      27.6500      15.4400      126.000      2.78934     0.587785    0.0393855
1998-12-02/11:44:30      134.860      27.5200      15.4400      128.000      2.84796     0.615661    0.0391691
1998-12-02/11:44:32      134.880      27.4000      15.4300      128.000      3.30492     0.615661    0.0454538
1998-12-02/11:44:35      134.880      27.2600      15.3900      133.000      2.91887     0.681998    0.0372580
1998-12-02/11:44:37      134.870      27.1000      15.3400      134.000      1.87636     0.694658    0.0235574
1998-12-02/11:44:40      134.880      26.9700      15.2700      136.000      2.05540     0.719340    0.0249198
1998-12-02/11:44:42      134.900      26.8500      15.1900      133.000      2.51485     0.681998    0.0321009
1998-12-02/11:44:45      134.900      26.7100      15.1000      131.000      3.31843     0.656059    0.0437109
1998-12-02/11:44:47      134.890      26.5600      15.0100      121.000      3.31091     0.515038    0.0495325
1998-12-02/11:44:50      134.900      26.4300      14.9000      118.000      4.06758     0.469472    0.0626828
1998-12-02/11:44:52      134.940      26.3100      14.7900      116.000      3.89243     0.438371    0.0610602
1998-12-02/11:44:55      134.930      26.1700      14.6900      114.000      2.54404     0.406737    0.0405631
1998-12-02/11:44:57      134.910      26.0100      14.6000      114.000      2.26885     0.406737    0.0361754
1998-12-02/11:44:59      134.900      25.8900      14.3300      117.000      2.93155     0.453991    0.0455885
1998-12-02/11:45:02      134.930      25.7700      14.3100      117.000      4.15842     0.453991    0.0646676
1998-12-02/11:45:04      134.930      25.6300      14.3200      117.000      2.81654     0.453991    0.0438000
1998-12-02/11:45:07      134.910      25.4800      14.3400      116.000      3.23533     0.438371    0.0507524
1998-12-02/11:45:09      134.910      25.3400      14.3800      117.000      3.38384     0.453991    0.0526221
1998-12-02/11:45:12      134.940      25.2200      14.4300      112.000      3.13059     0.374607    0.0506605
1998-12-02/11:45:14      134.950      25.0900      14.4800      113.000      2.53069     0.390731    0.0406577
1998-12-02/11:45:17      134.940      24.9400      14.5100      108.000      3.72693     0.309017    0.0618636
1998-12-02/11:45:19      134.940      24.8100      14.5400      108.000      3.72693     0.309017    0.0618636
1998-12-02/11:45:22      134.970      24.6900      14.5600      110.000      3.17304     0.342020    0.0520402
1998-12-02/11:45:24      134.980      24.5600      14.5600      113.000      4.23993     0.390731    0.0681180
1998-12-02/11:45:27      134.970      24.4100      14.5600      114.000      2.97444     0.406737    0.0474256
1998-12-02/11:45:29      134.970      24.2700      14.5600      117.000      3.60112     0.453991    0.0560010
1998-12-02/11:45:32      135.000      24.1500      14.5500      117.000      3.85261     0.453991    0.0599119
1998-12-02/11:45:34      135.020      24.0200      14.5500      119.000      4.13137     0.484810    0.0630653
1998-12-02/11:45:37      135.010      23.8700      14.5400      124.000      2.94981     0.559193    0.0426821
1998-12-02/11:45:39      135.020      23.7300      14.5400      126.000      4.35442     0.587785    0.0614845
1998-12-02/11:45:42      135.040      23.6100      14.5400      117.000      5.09721     0.453991    0.0792667
1998-12-02/11:45:44      135.040      23.4900      14.5500      116.000      5.10837     0.438371    0.0801346
1998-12-02/11:45:47      135.020      23.3400      14.5700      114.000      3.37699     0.406737    0.0538440
1998-12-02/11:45:49      135.010      23.2000      14.5900      117.000      8.02201     0.453991     0.124750
1998-12-02/11:45:51      135.030      23.0800      14.6100      147.000      7.03317     0.838671    0.0668555
1998-12-02/11:45:54      135.030      22.9500      14.6400      170.000      7.58249     0.984808    0.0229805
1998-12-02/11:45:56      135.020      22.8000      14.6700      168.000      17.3202     0.978148    0.0628505
1998-12-02/11:45:59      135.020      22.6600      14.6900      118.000      9.49771     0.469472     0.146363
1998-12-02/11:46:01      135.050      22.5400      14.7000      114.000      2.54404     0.406737    0.0405631
1998-12-02/11:46:04      135.060      22.4100      14.7200      115.000      3.61512     0.422618    0.0571842
1998-12-02/11:46:06      135.040      22.2600      14.7500      114.000      2.05132     0.406737    0.0327070
1998-12-02/11:46:09      135.030      22.1200      14.7700      116.000      3.34944     0.438371    0.0525424
1998-12-02/11:46:11      135.020      21.9800      14.7700      117.000      3.27689     0.453991    0.0509589
1998-12-02/11:46:14      135.020      21.8500      14.7800      125.000      3.61859     0.573576    0.0517346
1998-12-02/11:46:16      135.030      21.7200      14.7800      130.000      4.70593     0.642788    0.0629183
1998-12-02/11:46:19      135.030      21.6100      14.7900      134.000      5.00893     0.694658    0.0628864
1998-12-02/11:46:21      135.040      21.4700      14.7900      127.000      7.31930     0.601815     0.102022
1998-12-02/11:46:23      135.040      21.3400      14.7900      128.000      5.03044     0.615661    0.0691856
1998-12-02/11:46:26      135.040      21.2000      14.8000      127.000      3.57709     0.601815    0.0498604
1998-12-02/11:46:28      135.030      21.0600      14.8000      124.000      1.99801     0.559193    0.0289101
1998-12-02/11:46:31      135.040      20.9200      14.7900      124.000      2.26797     0.559193    0.0328162
1998-12-02/11:46:33      135.040      20.7900      14.7800      125.000      4.97892     0.573576    0.0711831
1998-12-02/11:46:36      135.030      20.6600      14.7600      129.000      9.04690     0.629321     0.122710
1998-12-02/11:46:38      135.020      20.5300      14.7400      127.000      8.22300     0.601815     0.114619
1998-12-02/11:46:41      135.030      20.3900      14.7300      124.000      5.29960     0.559193    0.0766822
1998-12-02/11:46:43      135.030      20.2500      14.7200      117.000      22.6838     0.453991     0.352756
1998-12-02/11:46:46      135.030      20.1200      14.7200      116.000      6.06317     0.438371    0.0951124
1998-12-02/11:46:48      135.030      19.9900      14.7200      116.000      6.06317     0.438371    0.0951124
1998-12-02/11:46:51      135.030      19.8500      14.7500      114.000      2.74282     0.406737    0.0437326
1998-12-02/11:46:53      135.030      19.7200      14.7900      128.000      3.90398     0.615661    0.0536929
1998-12-02/11:46:56      135.040      19.5900      14.8100      127.000      3.57709     0.601815    0.0498604
1998-12-02/11:46:58      135.040      19.4600      14.8400      133.000      2.51485     0.681998    0.0321009
1998-12-02/11:47:01      135.040      19.3200      14.8600      123.000      2.04324     0.544639    0.0299081
1998-12-02/11:47:03      135.040      19.1900      14.8800      127.000      3.82036     0.601815    0.0532513
1998-12-02/11:47:06      135.060      19.0600      14.9000      123.000      2.27303     0.544639    0.0332716
1998-12-02/11:47:08      135.070      18.9300      14.9200      124.000      1.84570     0.559193    0.0267062
1998-12-02/11:47:11      135.080      18.7900      14.9400      127.000      4.13394     0.601815    0.0576222
1998-12-02/11:47:13      135.090      18.6600      14.9600      126.000      3.00177     0.587785    0.0423850
1998-12-02/11:47:16      135.110      18.5500      15.0800      125.000      1.64420     0.573576    0.0235070
1998-12-02/11:47:18      135.130      18.4400      15.1000      123.000      1.64087     0.544639    0.0240183
1998-12-02/11:47:21      135.120      18.2900      15.1300      121.000      2.75133     0.515038    0.0411610
1998-12-02/11:47:23      135.110      18.1400      15.1500      119.000      3.71706     0.484810    0.0567409
1998-12-02/11:47:26      135.120      18.0200      15.1700      107.000      3.33396     0.292372    0.0556460
1998-12-02/11:47:28      135.130      17.9000      15.3500      111.000      2.66344     0.358368    0.0433982
1998-12-02/11:47:31      135.140      17.7500      15.3500      110.000      3.10278     0.342020    0.0508879
1998-12-02/11:47:33      135.130      17.6000      15.3600      113.000      2.30954     0.390731    0.0371047
1998-12-02/11:47:36      135.140      17.4800      15.3900      113.000      1.87336     0.390731    0.0300971
1998-12-02/11:47:39      135.150      17.3200      15.4300      115.000      2.78826     0.422618    0.0441048
1998-12-02/11:47:41      135.140      17.1700      15.5000      116.000      2.85385     0.438371    0.0447681
1998-12-02/11:47:44      135.140      17.0300      15.5800      116.000      2.85385     0.438371    0.0447681
1998-12-02/11:47:46      135.160      16.9200      15.6500      115.000      2.90088     0.422618    0.0458863
1998-12-02/11:47:49      135.170      16.7900      15.7500      119.000      2.87886     0.484810    0.0439458
1998-12-02/11:47:51      135.150      16.6500      15.8400      118.000      2.91367     0.469472    0.0449007
1998-12-02/11:47:54      135.140      16.5100      15.9300      122.000      2.93854     0.529919    0.0434940
1998-12-02/11:47:56      135.180      16.3900      16.0200      123.000      2.17132     0.544639    0.0317828
1998-12-02/11:47:59      135.200      16.2700      16.0900      124.000      1.84570     0.559193    0.0267062
1998-12-02/11:48:01      135.180      16.1200      16.1600      124.000      1.94146     0.559193    0.0280918
1998-12-02/11:48:04      135.170      15.9800      16.2100      129.000      3.81963     0.629321    0.0518085
1998-12-02/11:48:06      135.180      15.8600      16.2500      126.000      3.00177     0.587785    0.0423850
1998-12-02/11:48:09      135.190      15.7300      16.2900      128.000      4.88513     0.615661    0.0671871
1998-12-02/11:48:11      135.170      15.5800      16.3300      124.000      1.55036     0.559193    0.0224328
1998-12-02/11:48:14      135.150      15.4300      16.3300      128.000      3.07219     0.615661    0.0422530
1998-12-02/11:48:16      135.160      15.3200      16.3200      130.000      3.08779     0.642788    0.0412837
1998-12-02/11:48:19      135.170      15.1900      16.2800      134.000      2.32540     0.694658    0.0291950
1998-12-02/11:48:21      135.140      15.0400      16.2300      133.000      2.56416     0.681998    0.0327303
1998-12-02/11:48:24      135.110      14.9000      16.1900      136.000      5.20529     0.719340    0.0631093
1998-12-02/11:48:26      135.120      14.7800      16.1500      136.000      5.09926     0.719340    0.0618238
1998-12-02/11:48:29      135.130      14.6500      16.0800      136.000      5.20529     0.719340    0.0631093
1998-12-02/11:48:31      135.090      14.5000      15.9300      132.000      4.03781     0.669131    0.0523717
1998-12-02/11:48:34      135.060      14.3600      15.8900      133.000      3.45868     0.681998    0.0441484
1998-12-02/11:48:36      135.070      14.2400      15.8500      129.000      4.96968     0.629321    0.0674075
1998-12-02/11:48:38      135.090      14.1300      15.8200      129.000      5.15548     0.629321    0.0699277
1998-12-02/11:48:41      135.060      13.9800      15.8100      128.000      4.45622     0.615661    0.0612881
1998-12-02/11:48:43      135.030      13.8300      15.7800      133.000      4.62152     0.681998    0.0589915
1998-12-02/11:48:46      135.050      13.7200      15.7500      129.000      4.78361     0.629321    0.0648837
1998-12-02/11:48:48      135.060      13.6000      15.7300      142.000      11.2209     0.788011     0.120572
1998-12-02/11:48:51      135.050      13.4500      15.7100      142.000      7.58741     0.788011    0.0815291
1998-12-02/11:48:53      135.030      13.3100      15.6900      138.000      12.2961     0.743145     0.143600
1998-12-02/11:48:56      135.020      13.1700      15.6800      131.000      5.91848     0.656059    0.0779592
1998-12-02/11:48:58      135.010      13.0500      15.6700      128.000      6.40122     0.615661    0.0880384
1998-12-02/11:49:01      135.000      12.9100      15.6500      131.000      4.60264     0.656059    0.0606267
1998-12-02/11:49:03      134.990      12.7800      15.6400      130.000      2.80401     0.642788    0.0374896
1998-12-02/11:49:06      134.990      12.6400      15.6200      133.000      2.51485     0.681998    0.0321009
1998-12-02/11:49:08      134.990      12.5100      15.6000      142.000      3.45949     0.788011    0.0371733
1998-12-02/11:49:10      134.990      12.3700      15.5800      141.000      3.60568     0.777146    0.0396037
1998-12-02/11:49:13      134.990      12.2400      15.5600      144.000      3.07767     0.809017    0.0315732
1998-12-02/11:49:15      135.000      12.1000      15.5500      121.000      3.81771     0.515038    0.0571144
1998-12-02/11:49:18      135.010      11.9700      15.5300      117.000      5.81150     0.453991    0.0903746
1998-12-02/11:49:20      135.000      11.8400      15.5200      118.000      3.56851     0.469472    0.0549920
1998-12-02/11:49:23      135.000      11.7100      15.5100      117.000      4.45875     0.453991    0.0693380
1998-12-02/11:49:25      135.000      11.5800      15.5000      116.000      3.89243     0.438371    0.0610602
1998-12-02/11:49:28      134.990      11.4400      15.5000      125.000      2.77985     0.573576    0.0397432
1998-12-02/11:49:30      135.000      11.3100      15.4900      123.000      1.83647     0.544639    0.0268814
1998-12-02/11:49:33      135.010      11.1800      15.4900      124.000      2.94981     0.559193    0.0426821
1998-12-02/11:49:35      135.010      11.0400      15.4900      122.000      2.86821     0.529919    0.0424530
1998-12-02/11:49:38      135.010      10.9100      15.4900      126.000      3.78039     0.587785    0.0533791
1998-12-02/11:49:40      135.010      10.7800      15.4800      123.000      2.17132     0.544639    0.0317828
1998-12-02/11:49:43      135.020      10.6500      15.4800      124.000      2.07314     0.559193    0.0299972
1998-12-02/11:49:45      135.010      10.5200      15.4900      120.000      2.81804     0.500000    0.0425947
1998-12-02/11:49:48      135.010      10.3900      15.4900      118.000      3.42319     0.469472    0.0527525
1998-12-02/11:49:50      135.000      10.2500      15.4900      118.000      3.91119     0.469472    0.0602728
1998-12-02/11:49:53      134.990      10.1200      15.4800      129.000      4.42622     0.629321    0.0600362
1998-12-02/11:49:55      135.000      9.99000      15.4600      122.000      2.93854     0.529919    0.0434940
1998-12-02/11:49:58      135.000      9.87000      15.4400      118.000      5.35676     0.469472    0.0825495
1998-12-02/11:50:00      135.000      9.74000      15.4300      115.000      4.71998     0.422618    0.0746609
1998-12-02/11:50:03      135.000      9.61000      15.4200      116.000      6.06317     0.438371    0.0951124
1998-12-02/11:50:05      135.000      9.47000      15.4000      115.000      3.34448     0.422618    0.0529032
1998-12-02/11:50:08      134.990      9.34000      15.4000      115.000      3.16159     0.422618    0.0500102
1998-12-02/11:50:10      134.990      9.21000      15.4100      115.000      2.62014     0.422618    0.0414455
1998-12-02/11:50:13      134.980      9.07000      15.4200      116.000      3.34944     0.438371    0.0525424
1998-12-02/11:50:15      134.980      8.94000      15.4300      115.000      3.75347     0.422618    0.0593726
1998-12-02/11:50:17      134.990      8.83000      15.4500      117.000      4.15842     0.453991    0.0646676
1998-12-02/11:50:20      134.980      8.71000      15.4700      117.000      4.65407     0.453991    0.0723754
1998-12-02/11:50:22      134.980      8.58000      15.4900      134.000      3.50852     0.694658    0.0440489
1998-12-02/11:50:25      134.970      8.45000      15.5100      133.000      3.45868     0.681998    0.0441484
1998-12-02/11:50:27      134.970      8.31000      15.5300      116.000      5.41446     0.438371    0.0849362
1998-12-02/11:50:30      134.960      8.18000      15.5400      115.000      4.53078     0.422618    0.0716681
1998-12-02/11:50:32      134.950      8.05000      15.5600      117.000      4.56993     0.453991    0.0710670
1998-12-02/11:50:35      134.950      7.91000      15.5900      118.000      2.71868     0.469472    0.0418958
1998-12-02/11:50:37      134.960      7.78000      15.6100      119.000      2.94180     0.484810    0.0449066
1998-12-02/11:50:40      134.960      7.64000      15.6000      125.000      2.35709     0.573576    0.0336991
1998-12-02/11:50:42      134.950      7.50000      15.6000      132.000      3.07640     0.669131    0.0399019
1998-12-02/11:50:44      134.940      7.37000      15.5900      134.000      2.32540     0.694658    0.0291950
1998-12-02/11:50:47      134.950      7.24000      15.5800      135.000      3.37755     0.707107    0.0416835
1998-12-02/11:50:49      134.950      7.10000      15.5600      133.000      3.01339     0.681998    0.0384645
1998-12-02/11:50:52      134.940      6.97000      15.5400      134.000      3.50852     0.694658    0.0440489
1998-12-02/11:50:54      134.930      6.84000      15.5100      132.000      3.27162     0.669131    0.0424340
1998-12-02/11:50:57      134.930      6.71000      15.4700      135.000      4.49516     0.707107    0.0554763
1998-12-02/11:50:59      134.930      6.57000      15.4500      136.000      2.11341     0.719340    0.0256231
1998-12-02/11:51:02      134.910      6.43000      15.4300      139.000      5.16888     0.754710    0.0591857
1998-12-02/11:51:04      134.910      6.30000      15.4000      138.000      3.58444     0.743145    0.0418610
1998-12-02/11:51:07      134.910      6.16000      15.3600      137.000      2.95958     0.731354    0.0352282
1998-12-02/11:51:09      134.910      6.03000      15.3500      134.000      1.92438     0.694658    0.0241603
1998-12-02/11:51:12      134.890      5.89000      15.3400      135.000      1.78255     0.707107    0.0219991
1998-12-02/11:51:14      134.890      5.75000      15.3500      136.000      2.50700     0.719340    0.0303951
1998-12-02/11:51:17      134.900      5.62000      15.3500      135.000      2.37842     0.707107    0.0293529
1998-12-02/11:51:19      134.900      5.48000      15.3700      130.000      5.12876     0.642788    0.0685715
1998-12-02/11:51:22      134.890      5.34000      15.3900      127.000      5.17975     0.601815    0.0721996
1998-12-02/11:51:24      134.890      5.20000      15.3900      132.000      4.84587     0.669131    0.0628525
1998-12-02/11:51:27      134.890      5.06000      15.3900      130.000      6.28058     0.642788    0.0839713
1998-12-02/11:51:29      134.900      4.92000      15.4200      132.000      4.84587     0.669131    0.0628525
1998-12-02/11:51:32      134.900      4.79000      15.4600      157.000      4.71980     0.920505    0.0321869
1998-12-02/11:51:34      134.900      4.65000      15.4700      154.000      4.88278     0.898794    0.0373582
1998-12-02/11:51:36      134.880      4.52000      15.4900      154.000      4.38000     0.898794    0.0335115
1998-12-02/11:51:39      134.860      4.37000      15.5200      146.000      2.70573     0.829038    0.0264073
1998-12-02/11:51:41      134.860      4.24000      15.5400      145.000      2.56806     0.819152    0.0257083
1998-12-02/11:51:44      134.850      4.10000      15.5700      135.000      3.84070     0.707107    0.0473994
1998-12-02/11:51:46      134.850      3.97000      15.6000      115.000      4.90301     0.422618    0.0775561
1998-12-02/11:51:49      134.840      3.84000      15.6200      116.000      4.03187     0.438371    0.0632476
1998-12-02/11:51:51      134.830      3.70000      15.6400      125.000      2.77985     0.573576    0.0397432
1998-12-02/11:51:54      134.820      3.57000      15.6800      118.000      3.91119     0.469472    0.0602728
1998-12-02/11:51:56      134.810      3.44000      15.7100      123.000      2.85153     0.544639    0.0417394
1998-12-02/11:51:59      134.800      3.30000      15.7200      130.000      3.52345     0.642788    0.0471085
1998-12-02/11:52:01      134.800      3.17000      15.7200      127.000      3.96993     0.601815    0.0553361
1998-12-02/11:52:04      134.790      3.04000      15.7200      118.000      3.30730     0.469472    0.0509666
1998-12-02/11:52:06      134.790      2.91000      15.7200      119.000      3.57206     0.484810    0.0545275
1998-12-02/11:52:09      134.790      2.78000      15.7100      122.000      2.40317     0.529919    0.0355699
1998-12-02/11:52:11      134.780      2.64000      15.7000      122.000      2.66196     0.529919    0.0394003
1998-12-02/11:52:14      134.780      2.50000      15.6900      125.000      2.35709     0.573576    0.0336991
1998-12-02/11:52:16      134.780      2.37000      15.6700      127.000      3.32400     0.601815    0.0463326
1998-12-02/11:52:19      134.780      2.24000      15.5500      131.000      3.73483     0.656059    0.0491958
1998-12-02/11:52:21      134.770      2.11000      15.5200      137.000      3.85431     0.731354    0.0458783
1998-12-02/11:52:24      134.770      1.98000      15.5200      131.000      4.20512     0.656059    0.0553905
1998-12-02/11:52:26      134.770      1.85000      15.5100      132.000      3.84916     0.669131    0.0499249
1998-12-02/11:52:29      134.780      1.72000      15.5100      134.000      2.05788     0.694658    0.0258364
1998-12-02/11:52:31      134.770      1.59000      15.5100      134.000      2.41209     0.694658    0.0302834
1998-12-02/11:52:34      134.770      1.46000      15.5400      134.000      2.13954     0.694658    0.0268616
1998-12-02/11:52:36      134.760      1.33000      15.6000      132.000      3.07640     0.669131    0.0399019
1998-12-02/11:52:39      134.760      1.20000      15.6600      138.000      3.86611     0.743145    0.0451505
1998-12-02/11:52:41      134.780      1.09000      15.7400      140.000      4.85964     0.766045    0.0545191
1998-12-02/11:52:43      134.790     0.980000      15.8200      144.000      3.07767     0.809017    0.0315732
1998-12-02/11:52:46      134.770     0.840000      15.8800      149.000      6.72635     0.857167    0.0604639
1998-12-02/11:52:48      134.740     0.700000      15.9100      145.000      3.28167     0.819152    0.0328521
1998-12-02/11:52:51      134.770     0.590000      15.9300      141.000      8.80604     0.777146    0.0967230
1998-12-02/11:52:53      134.790     0.470000      15.9300      144.000      4.70679     0.809017    0.0482860
1998-12-02/11:52:57      134.750     0.290000      15.9300      117.000      9.28522     0.453991     0.144394
1998-12-02/11:52:59      134.750     0.150000      15.9000      122.000      4.46606     0.529919    0.0661032
1998-12-02/11:53:02      134.770    0.0400000      15.8800      122.000      21.3608     0.529919     0.316166
1998-12-02/11:53:04      134.770   -0.0900000      15.8500      123.000      23.1802     0.544639     0.339302
1998-12-02/11:53:07      134.740    -0.240000      15.8200      122.000      3.71607     0.529919    0.0550024
1998-12-02/11:53:09      134.730    -0.370000      15.7300      123.000      2.17132     0.544639    0.0317828
1998-12-02/11:53:12      134.760    -0.470000      15.6400      119.000      3.71706     0.484810    0.0567409
1998-12-02/11:53:14      134.760    -0.590000      15.7300      117.000      3.71922     0.453991    0.0578376
1998-12-02/11:53:17      134.730    -0.730000      15.8400      118.000      3.56851     0.469472    0.0549920
1998-12-02/11:53:19      134.710    -0.870000      15.8500      112.000      3.13059     0.374607    0.0506605
1998-12-02/11:53:22      134.730    -0.980000      15.8400      120.000      3.88265     0.500000    0.0586862
1998-12-02/11:53:24      134.740     -1.10000      15.8500      119.000      3.85064     0.484810    0.0587800
1998-12-02/11:53:27      134.700     -1.25000      15.8600      120.000      3.24624     0.500000    0.0490669
1998-12-02/11:53:29      134.670     -1.38000      15.8500      119.000      3.71706     0.484810    0.0567409
1998-12-02/11:53:31      134.690     -1.49000      15.8400      117.000      3.38384     0.453991    0.0526221
1998-12-02/11:53:34      134.690     -1.62000      15.8600      118.000      3.42319     0.469472    0.0527525
1998-12-02/11:53:36      134.650     -1.76000      15.8800      130.000      5.12876     0.642788    0.0685715
1998-12-02/11:53:39      134.620     -1.90000      15.8700      140.000      4.02727     0.766045    0.0451810
1998-12-02/11:53:41      134.620     -2.02000      15.8600      138.000      4.02178     0.743145    0.0469685
1998-12-02/11:53:44      134.620     -2.14000      15.8500      138.000      4.13341     0.743145    0.0482722
1998-12-02/11:53:46      134.570     -2.28000      15.8500      145.000      13.1770     0.819152     0.131912
1998-12-02/11:53:49      134.550     -2.42000      15.8600      145.000      6.42348     0.819152    0.0643042
1998-12-02/11:53:51      134.570     -2.53000      15.8700      142.000      13.0080     0.788011     0.139775
1998-12-02/11:53:54      134.580     -2.64000      15.8600      142.000      7.96597     0.788011    0.0855969
1998-12-02/11:53:56      134.540     -2.78000      15.8500      143.000      4.53954     0.798636    0.0476817
1998-12-02/11:53:59      134.520     -2.92000      15.8300      136.000      5.60432     0.719340    0.0679472
1998-12-02/11:54:01      134.550     -3.03000      15.7900      136.000      4.01277     0.719340    0.0486511
1998-12-02/11:54:04      134.560     -3.15000      15.7600      142.000      8.84563     0.788011    0.0950491
1998-12-02/11:54:06      134.530     -3.29000      15.7200      136.000      9.39420     0.719340     0.113896
1998-12-02/11:54:09      134.510     -3.43000      15.6900      137.000      12.5060     0.731354     0.148860
1998-12-02/11:54:11      134.540     -3.54000      15.6600      145.000      8.95361     0.819152    0.0896328
1998-12-02/11:54:14      134.560     -3.66000      15.6400      139.000      10.7507     0.754710     0.123100
1998-12-02/11:54:16      134.530     -3.79000      15.6200      137.000      10.5123     0.731354     0.125129
1998-12-02/11:54:18      134.500     -3.93000      15.6100      136.000      3.38449     0.719340    0.0410338
1998-12-02/11:54:21      134.530     -4.04000      15.6200      138.000      6.11781     0.743145    0.0714470
1998-12-02/11:54:23      134.560     -4.15000      15.6000      129.000      4.10091     0.629321    0.0556237
1998-12-02/11:54:26      134.540     -4.30000      15.5700      132.000      7.76444     0.669131     0.100707
1998-12-02/11:54:28      134.520     -4.44000      15.5500      128.000      10.5578     0.615661     0.145205
1998-12-02/11:54:31      134.520     -4.57000      15.5400      125.000      6.20593     0.573576    0.0887256
1998-12-02/11:54:33      134.520     -4.70000      15.5200      124.000      5.29960     0.559193    0.0766822
1998-12-02/11:54:36      134.510     -4.83000      15.5100      117.000      7.43414     0.453991     0.115608
1998-12-02/11:54:38      134.500     -4.96000      15.5100      125.000      4.06454     0.573576    0.0581103
1998-12-02/11:54:41      134.510     -5.08000      15.5400      129.000      4.96968     0.629321    0.0674075
1998-12-02/11:54:43      134.510     -5.20000      15.5500      128.000      4.25030     0.615661    0.0584560
1998-12-02/11:54:46      134.520     -5.33000      15.5500      134.000      3.75230     0.694658    0.0471096
1998-12-02/11:54:48      134.530     -5.45000      15.5600      128.000      4.25030     0.615661    0.0584560
1998-12-02/11:54:51      134.560     -5.57000      15.5700      128.000      5.62066     0.615661    0.0773031
1998-12-02/11:54:53      134.580     -5.69000      15.5500      125.000      2.54251     0.573576    0.0363500
1998-12-02/11:54:56      134.600     -5.82000      15.4800      116.000      4.18389     0.438371    0.0656323
1998-12-02/11:54:58      134.620     -5.95000      15.4400      111.000      2.43529     0.358368    0.0396807
1998-12-02/11:55:01      134.640     -6.09000      15.4200      113.000      2.30954     0.390731    0.0371047
1998-12-02/11:55:03      134.660     -6.22000      15.4000      110.000      4.20403     0.342020    0.0689492
1998-12-02/11:55:06      134.670     -6.36000      15.3800      111.000      11.1366     0.358368     0.181460
1998-12-02/11:55:08      134.680     -6.49000      15.3700      109.000      3.04196     0.325568    0.0501997
1998-12-02/11:55:11      134.680     -6.62000      15.3600      109.000      25.5614     0.325568     0.421825
1998-12-02/11:55:13      134.680     -6.76000      15.3400      119.000      23.7264     0.484810     0.362183
1998-12-02/11:55:16      134.680     -6.88000      15.2900      170.000      11.7026     0.984808    0.0354675
1998-12-02/11:55:18      134.680     -7.01000      15.2600      147.000      6.11702     0.838671    0.0581468
1998-12-02/11:55:21      134.680     -7.14000      15.2500      147.000      13.6997     0.838671     0.130226
1998-12-02/11:55:23      134.670     -7.26000      15.2400      145.000      6.42348     0.819152    0.0643042
1998-12-02/11:55:26      134.680     -7.38000      15.2700      144.000      8.72747     0.809017    0.0895333
1998-12-02/11:55:28      134.700     -7.50000      15.2900      133.000      5.70103     0.681998    0.0727710
1998-12-02/11:55:30      134.700     -7.63000      15.3100      133.000      10.8293     0.681998     0.138231
1998-12-02/11:55:33      134.700     -7.76000      15.3200      131.000      6.82167     0.656059    0.0898562
1998-12-02/11:55:35      134.710     -7.85000      15.3200      111.000      4.86263     0.358368    0.0792319
1998-12-02/11:55:37      134.730     -7.95000      15.3200      110.000      4.20403     0.342020    0.0689492
1998-12-02/11:55:40      134.720     -8.08000      15.3300      116.000      9.40509     0.438371     0.147537
1998-12-02/11:55:42      134.690     -8.22000      15.3200      140.000      7.25249     0.766045    0.0813639
1998-12-02/11:55:45      134.690     -8.34000      15.3100      141.000      10.5230     0.777146     0.115582
1998-12-02/11:55:47      134.720     -8.45000      15.2900      135.000      10.0537     0.707107     0.124076
1998-12-02/11:55:50      134.720     -8.58000      15.2700      135.000      20.6726     0.707107     0.255128
1998-12-02/11:55:52      134.700     -8.73000      15.2500      131.000      8.82231     0.656059     0.116209
1998-12-02/11:55:55      134.710     -8.87000      15.2200      128.000      12.3865     0.615661     0.170356
1998-12-02/11:55:57      134.730     -8.99000      15.2000      127.000      4.38046     0.601815    0.0610584
1998-12-02/11:56:00      134.710     -9.14000      15.1800      127.000      3.96993     0.601815    0.0553361
1998-12-02/11:56:02      134.670     -9.29000      15.1600      128.000      3.17442     0.615661    0.0436590
1998-12-02/11:56:05      134.670     -9.43000      15.1600      130.000      5.12876     0.642788    0.0685715
1998-12-02/11:56:07      134.690     -9.54000      15.1700      135.000      3.17160     0.707107    0.0391418
1998-12-02/11:56:10      134.680     -9.68000      15.2000      135.000      3.17160     0.707107    0.0391418
1998-12-02/11:56:12      134.650     -9.84000      15.2300      135.000      2.66943     0.707107    0.0329443
1998-12-02/11:56:15      134.650     -9.97000      15.2300      137.000      6.42576     0.731354    0.0764866
1998-12-02/11:56:17      134.680     -10.0900      15.2300      133.000      6.45096     0.681998    0.0823435
1998-12-02/11:56:20      134.680     -10.2200      15.2000      124.000      6.94095     0.559193     0.100432
1998-12-02/11:56:22      134.650     -10.3700      15.1600      121.000      6.79686     0.515038     0.101684
1998-12-02/11:56:25      134.660     -10.5000      15.1600      121.000      3.67335     0.515038    0.0549548
1998-12-02/11:56:27      134.690     -10.6000      14.9700      120.000      2.39210     0.500000    0.0361566
1998-12-02/11:56:30      134.700     -10.7300      14.9600      115.000      2.90088     0.422618    0.0458863
1998-12-02/11:56:32      134.680     -10.8700      14.9600      114.000      2.26885     0.406737    0.0361754
1998-12-02/11:56:35      134.690     -11.0000      14.9300      105.000      3.26672     0.258819    0.0550723
1998-12-02/11:56:37      134.720     -11.1200      14.9000      104.000      2.56031     0.241922    0.0433585
1998-12-02/11:56:40      134.730     -11.2500      14.8900      100.000      2.25861     0.173648    0.0388213
1998-12-02/11:56:42      134.710     -11.3900      14.8700      99.0000      2.55400     0.156434    0.0440269
1998-12-02/11:56:45      134.730     -11.5100      14.8800      101.000      1.85434     0.190809    0.0317697
1998-12-02/11:56:47      134.780     -11.6200      14.9000      104.000      2.74456     0.241922    0.0464787
1998-12-02/11:56:50      134.800     -11.7500      14.8800      103.000      1.98394     0.224951    0.0337388
1998-12-02/11:56:52      134.800     -11.8900      14.8700      106.000      2.58370     0.275637    0.0433472
1998-12-02/11:56:55      134.840     -12.0600      14.8400      107.000      3.22839     0.292372    0.0538840
1998-12-02/11:56:58      134.890     -12.1800      14.8200      106.000      3.23908     0.275637    0.0543426
1998-12-02/11:57:00      134.890     -12.3300      14.8000      109.000      2.97829     0.325568    0.0491490
1998-12-02/11:57:03      134.880     -12.4800      14.7800      110.000      1.98295     0.342020    0.0325218
1998-12-02/11:57:05      134.910     -12.6000      14.7600      113.000      1.53310     0.390731    0.0246305
1998-12-02/11:57:08      134.950     -12.7200      14.7400      114.000      2.05132     0.406737    0.0327070
1998-12-02/11:57:10      134.950     -12.8500      14.7300      117.000      3.60112     0.453991    0.0560010
1998-12-02/11:57:13      134.940     -13.0000      14.7400      121.000      3.31091     0.515038    0.0495325
1998-12-02/11:57:15      134.960     -13.1100      14.7500      123.000      2.22103     0.544639    0.0325105
1998-12-02/11:57:18      134.990     -13.2300      14.7700      124.000      1.61080     0.559193    0.0233074
1998-12-02/11:57:20      134.980     -13.3700      14.7900      125.000      2.21851     0.573576    0.0317178
1998-12-02/11:57:23      134.960     -13.5200      14.8100      123.000      1.76984     0.544639    0.0259061
1998-12-02/11:57:25      134.980     -13.6400      14.8100      121.000      3.18689     0.515038    0.0476771
1998-12-02/11:57:28      135.000     -13.7500      14.8000      124.000      3.42183     0.559193    0.0495119
1998-12-02/11:57:30      134.980     -13.8900      14.7800      131.000      4.49430     0.656059    0.0591997
1998-12-02/11:57:33      134.950     -14.0400      14.7700      138.000      5.43261     0.743145    0.0634449
1998-12-02/11:57:35      134.940     -14.1700      14.7600      141.000      8.28318     0.777146    0.0909801
1998-12-02/11:57:38      134.930     -14.3000      14.7600      145.000      3.67505     0.819152    0.0367902
1998-12-02/11:57:40      134.930     -14.4300      14.7800      153.000      4.95870     0.891007    0.0392909
1998-12-02/11:57:43      134.930     -14.5600      14.8300      155.000      4.39440     0.906308    0.0324135
1998-12-02/11:57:45      134.920     -14.6900      14.8700      157.000      4.02964     0.920505    0.0274803
1998-12-02/11:57:48      134.920     -14.8200      14.9200      153.000      5.21928     0.891007    0.0413556
1998-12-02/11:57:50      134.930     -14.9400      14.9600      154.000      4.53906     0.898794    0.0347284
1998-12-02/11:57:53      134.930     -15.0700      15.0100      148.000      11.6026     0.848048     0.107311
1998-12-02/11:57:55      134.930     -15.2000      15.0600      147.000      3.62389     0.838671    0.0344478
1998-12-02/11:57:58      134.930     -15.3200      15.1100      143.000      3.08601     0.798636    0.0324144
1998-12-02/11:58:00      134.930     -15.4500      15.1600      140.000      9.17525     0.766045     0.102935
1998-12-02/11:58:03      134.920     -15.5800      15.2200      131.000      3.55430     0.656059    0.0468178
1998-12-02/11:58:05      134.910     -15.7100      15.2200      117.000      7.07804     0.453991     0.110071
1998-12-02/11:58:08      134.890     -15.8300      15.2200      106.000      3.23908     0.275637    0.0543426
1998-12-02/11:58:10      134.890     -15.9500      15.2600      104.000      2.35032     0.241922    0.0398023
1998-12-02/11:58:13      134.890     -16.0700      15.3100      104.000      2.01372     0.241922    0.0341021
1998-12-02/11:58:15      134.890     -16.1700      15.3300      105.000      1.91034     0.258819    0.0322056
1998-12-02/11:58:17      134.900     -16.3000      15.3500      104.000      1.91551     0.241922    0.0324389
1998-12-02/11:58:19      134.910     -16.4300      15.3400      108.000      2.15622     0.309017    0.0357912
1998-12-02/11:58:22      134.940     -16.5500      15.3300      108.000      2.42687     0.309017    0.0402838
1998-12-02/11:58:24      134.930     -16.6800      15.2800      108.000      2.34566     0.309017    0.0389358
1998-12-02/11:58:27      134.880     -16.8300      15.2200      108.000      2.06552     0.309017    0.0342857
1998-12-02/11:58:29      134.870     -16.9600      15.2300      110.000      2.32336     0.342020    0.0381048
1998-12-02/11:58:32      134.900     -17.0700      15.2500      109.000      2.34075     0.325568    0.0386280
1998-12-02/11:58:34      134.900     -17.1900      15.2500      112.000      1.98706     0.374607    0.0321554
1998-12-02/11:58:37      134.870     -17.3400      15.2500      113.000      1.82806     0.390731    0.0293693
1998-12-02/11:58:39      134.870     -17.4700      15.2400      114.000      2.37061     0.406737    0.0377979
1998-12-02/11:58:42      134.890     -17.5900      15.2200      114.000      2.09785     0.406737    0.0334489
1998-12-02/11:58:44      134.890     -17.7300      15.2300      115.000      3.16159     0.422618    0.0500102
1998-12-02/11:58:47      134.840     -17.8900      15.2500      113.000      1.69368     0.390731    0.0272104
1998-12-02/11:58:49      134.820     -18.0200      15.2700      111.000      2.41315     0.358368    0.0393200
1998-12-02/11:58:52      134.840     -18.1200      15.3000      110.000      2.45938     0.342020    0.0403356
1998-12-02/11:58:54      134.850     -18.2200      15.3100      109.000      3.11900     0.325568    0.0514710
1998-12-02/11:58:57      134.840     -18.3400      15.3300      108.000      2.94697     0.309017    0.0489170
1998-12-02/11:58:59      134.830     -18.4500      15.3800      108.000      3.27522     0.309017    0.0543656
1998-12-02/11:59:02      134.830     -18.5700      15.4300      110.000      2.88719     0.342020    0.0473520
1998-12-02/11:59:04      134.830     -18.6900      15.4800      111.000      2.89320     0.358368    0.0471420
1998-12-02/11:59:07      134.820     -18.8100      15.5200      112.000      1.90709     0.374607    0.0308613
1998-12-02/11:59:09      134.810     -18.9300      15.5600      113.000      1.78538     0.390731    0.0286836
1998-12-02/11:59:12      134.800     -19.0700      15.5900      116.000      3.01723     0.438371    0.0473310
1998-12-02/11:59:14      134.780     -19.2100      15.6200      119.000      3.07917     0.484810    0.0470035
1998-12-02/11:59:17      134.740     -19.3600      15.6400      118.000      3.56851     0.469472    0.0549920
1998-12-02/11:59:19      134.700     -19.5000      15.6700      117.000      6.12295     0.453991    0.0952180
1998-12-02/11:59:22      134.660     -19.6200      15.7000      116.000      3.77145     0.438371    0.0591624
1998-12-02/11:59:24      134.620     -19.7500      15.7300      117.000      3.71922     0.453991    0.0578376
1998-12-02/11:59:27      134.580     -19.9000      15.7700      118.000      3.73865     0.469472    0.0576139
1998-12-02/11:59:29      134.550     -20.0300      15.8100      122.000      2.66196     0.529919    0.0394003
1998-12-02/11:59:32      134.520     -20.1400      15.8700      127.000      3.32400     0.601815    0.0463326
1998-12-02/11:59:34      134.490     -20.2500      15.9300      141.000      4.45813     0.777146    0.0489668
1998-12-02/11:59:36      134.460     -20.3800      16.0000      140.000      3.90846     0.766045    0.0438481
1998-12-02/11:59:39      134.440     -20.5200      16.0500      141.000      4.45813     0.777146    0.0489668
1998-12-02/11:59:41      134.440     -20.6300      16.0900      123.000      3.47125     0.544639    0.0508106
1998-12-02/11:59:44      134.420     -20.7600      16.1200      106.000      4.39636     0.275637    0.0737585
1998-12-02/11:59:46      134.350     -20.9000      16.1400      113.000      1.87336     0.390731    0.0300971
1998-12-02/11:59:49      134.290     -21.0400      16.1500      112.000      1.90709     0.374607    0.0308613
1998-12-02/11:59:51      134.280     -21.1800      16.1600      115.000      3.00722     0.422618    0.0475684
1998-12-02/11:59:54      134.270     -21.3100      16.1600      114.000      2.54404     0.406737    0.0405631
1998-12-02/11:59:56      134.220     -21.4800      16.1700      116.000      3.66487     0.438371    0.0574905
1998-12-02/11:59:59      134.180     -21.6400      16.1600      113.000      2.79642     0.390731    0.0449268
1998-12-02/12:00:01      134.210     -21.7600      16.1500      109.000      3.38317     0.325568    0.0558305
1998-12-02/12:00:04      134.230     -21.8900      16.1100      107.000      3.33396     0.292372    0.0556460
1998-12-02/12:00:06      134.200     -22.0400      16.0600      109.000      3.11900     0.325568    0.0514710
1998-12-02/12:00:09      134.170     -22.1800      16.0200      113.000      1.74178     0.390731    0.0279832
1998-12-02/12:00:11      134.190     -22.2900      15.9900      119.000      2.80616     0.484810    0.0428360
1998-12-02/12:00:14      134.200     -22.4000      15.9500      121.000      2.69424     0.515038    0.0403069
1998-12-02/12:00:16      134.130     -22.5500      15.9200      124.000      1.94146     0.559193    0.0280918
1998-12-02/12:00:18      134.060     -22.6900      15.8800      126.000      4.35442     0.587785    0.0614845
1998-12-02/12:00:21      134.020     -22.8200      15.8500      126.000      3.07954     0.587785    0.0434831
1998-12-02/12:00:23      133.990     -22.9500      15.8100      135.000      2.99077     0.707107    0.0369101
1998-12-02/12:00:26      133.960     -23.0800      15.7700      134.000      2.49403     0.694658    0.0313122
1998-12-02/12:00:28      133.940     -23.2100      15.7600      142.000      3.23603     0.788011    0.0347722
1998-12-02/12:00:31      133.910     -23.3700      15.7400      142.000      3.39940     0.788011    0.0365276
1998-12-02/12:00:33      133.880     -23.5300      15.6800      137.000      6.08562     0.731354    0.0724378
1998-12-02/12:00:36      133.850     -23.6900      15.6200      122.000      4.21993     0.529919    0.0624602
1998-12-02/12:00:38      133.820     -23.8600      15.5700      120.000      4.33929     0.500000    0.0655884
1998-12-02/12:00:41      133.790     -24.0400      15.5200      120.000      2.53734     0.500000    0.0383519
1998-12-02/12:00:43      133.750     -24.2100      15.4700      121.000      2.42035     0.515038    0.0362094
1998-12-02/12:00:46      133.710     -24.3800      15.4300      120.000      2.46330     0.500000    0.0372328
1998-12-02/12:00:48      133.670     -24.5500      15.4100      122.000      2.07130     0.529919    0.0306578
1998-12-02/12:00:51      133.660     -24.7000      15.3900      120.000      2.09699     0.500000    0.0316960
1998-12-02/12:00:54      133.630     -24.9000      15.3900      119.000      2.22720     0.484810    0.0339982
1998-12-02/12:00:57      133.590     -25.0600      15.3900      117.000      2.05042     0.453991    0.0318861
1998-12-02/12:00:59      133.550     -25.2100      15.3900      116.000      2.93375     0.438371    0.0460215
1998-12-02/12:01:02      133.490     -25.3600      9.84000      114.000      1.85548     0.406737    0.0295845
1998-12-02/12:01:04      133.440     -25.5100      9.97000      115.000      3.24076     0.422618    0.0512625
1998-12-02/12:01:06      133.450     -25.6500      10.0500      114.000      3.09401     0.406737    0.0493321
1998-12-02/12:01:09      133.430     -25.8000      10.1200      115.000      3.34448     0.422618    0.0529032
1998-12-02/12:01:11      133.330     -25.9900      10.1400      115.000      2.62014     0.422618    0.0414455
1998-12-02/12:01:14      133.270     -26.1600      10.1300      114.000      1.85548     0.406737    0.0295845
1998-12-02/12:01:16      133.310     -26.3000      10.1000      114.000      2.00852     0.406737    0.0320246
1998-12-02/12:01:19      133.320     -26.4500      10.0000      116.000      3.23533     0.438371    0.0507524
1998-12-02/12:01:21      133.250     -26.6200      9.96000      114.000      2.05132     0.406737    0.0327070
1998-12-02/12:01:24      133.190     -26.7800      9.93000      116.000      3.66487     0.438371    0.0574905
1998-12-02/12:01:26      133.180     -26.9100      9.91000      118.000      3.10994     0.469472    0.0479252
1998-12-02/12:01:29      133.160     -27.0500      9.91000      122.000      3.21278     0.529919    0.0475531
1998-12-02/12:01:31      133.050     -27.2100      9.92000      121.000      4.08844     0.515038    0.0611647
1998-12-02/12:01:34      132.970     -27.3700      9.94000      129.000      5.31607     0.629321    0.0721059
1998-12-02/12:01:36      132.970     -27.4900      9.96000      126.000      4.16535     0.587785    0.0588148
1998-12-02/12:01:39      132.950     -27.6200      9.97000      119.000      4.47089     0.484810    0.0682481
1998-12-02/12:01:41      132.870     -27.7800      9.97000      113.000      2.19499     0.390731    0.0352644
1998-12-02/12:01:44      132.810     -27.9300      9.97000      112.000      2.39763     0.374607    0.0387994
1998-12-02/12:01:46      132.850     -28.0300      9.96000      109.000      3.11900     0.325568    0.0514710
1998-12-02/12:01:49      132.870     -28.1400      9.95000      109.000      7.94700     0.325568     0.131145
1998-12-02/12:01:51      132.810     -28.2900      9.94000      104.000      5.25640     0.241922    0.0890164
1998-12-02/12:01:54      132.770     -28.4200      9.93000      105.000      7.71171     0.258819     0.130009
1998-12-02/12:01:56      132.810     -28.5300      9.90000      105.000      4.06813     0.258819    0.0685829
1998-12-02/12:01:59      132.820     -28.6500      9.86000      105.000      4.42859     0.258819    0.0746598
1998-12-02/12:02:01      132.700     -28.8200      9.80000      104.000      3.12045     0.241922    0.0528444
1998-12-02/12:02:04      132.600     -28.9700      9.42000      109.000      3.38317     0.325568    0.0558305
1998-12-02/12:02:06      132.610     -29.0900      9.33000      108.000      3.86319     0.309017    0.0641254
1998-12-02/12:02:09      132.590     -29.2100      9.26000      112.000      3.38726     0.374607    0.0548140
1998-12-02/12:02:11      132.470     -29.3800      9.20000      135.000      2.82523     0.707107    0.0348671
1998-12-02/12:02:13      132.360     -29.5300      9.16000      138.000      5.25326     0.743145    0.0613504
1998-12-02/12:02:16      132.380     -29.6400      9.13000      141.000      8.80604     0.777146    0.0967230
1998-12-02/12:02:21      132.300     -29.9300      9.85000      96.0000      3.70113     0.104529    0.0642430
1998-12-02/12:02:23      132.190     -30.1000      9.97000      101.000      3.63733     0.190809    0.0623170
1998-12-02/12:02:26      132.190     -30.2300      10.0600      102.000      7.58750     0.207912     0.129533
1998-12-02/12:02:28      132.180     -30.3600      10.1400      108.000      18.8223     0.309017     0.312433
1998-12-02/12:02:31      132.060     -30.5300      10.2300      112.000      2.15767     0.374607    0.0349163
1998-12-02/12:02:33      131.930     -30.7100      10.3200      117.000      4.31892     0.453991    0.0671635
1998-12-02/12:02:36      131.960     -30.8300      10.4200      130.000      2.71760     0.642788    0.0363343
1998-12-02/12:02:38      131.990     -30.9500      10.5200      129.000      3.81963     0.629321    0.0518085
1998-12-02/12:02:41      131.870     -31.1200      10.5700      130.000      2.46697     0.642788    0.0329834
1998-12-02/12:02:43      131.750     -31.3000      10.6300      132.000      3.16030     0.669131    0.0409901
1998-12-02/12:02:46      131.780     -31.4200      10.6000      125.000      2.77985     0.573576    0.0397432
1998-12-02/12:02:48      131.820     -31.5300      10.5800      125.000      4.97892     0.573576    0.0711831
1998-12-02/12:02:51      131.720     -31.6900      10.4700      125.000      2.35709     0.573576    0.0336991
1998-12-02/12:02:53      131.600     -31.8500      10.0800      125.000      6.10809     0.573576    0.0873268
1998-12-02/12:02:56      131.540     -31.9800      10.0500      131.000      4.73450     0.656059    0.0623636
1998-12-02/12:02:58      131.490     -32.1200      10.0100      144.000      4.70679     0.809017    0.0482860
1998-12-02/12:03:01      131.450     -32.2600      9.96000      144.000      4.70679     0.809017    0.0482860
1998-12-02/12:03:03      131.400     -32.4100      9.91000      107.000      9.20008     0.292372     0.153555
1998-12-02/12:03:05      131.410     -32.5400      9.87000      104.000      3.29861     0.241922    0.0558615
1998-12-02/12:03:08      131.430     -32.6700      9.82000      102.000      2.08461     0.207912    0.0355882
1998-12-02/12:03:10      131.450     -32.7700      9.75000      101.000      1.56173     0.190809    0.0267565
1998-12-02/12:03:13      131.480     -32.8600      9.51000      103.000      3.43504     0.224951    0.0584162
1998-12-02/12:03:15      131.460     -32.9700      9.92000      100.000      2.20742     0.173648    0.0379414
1998-12-02/12:03:18      131.440     -33.0800      10.1700      102.000      3.35516     0.207912    0.0572789
1998-12-02/12:03:20      131.400     -33.2000      10.4200      103.000      2.80807     0.224951    0.0477539
1998-12-02/12:03:23      131.350     -33.3300      10.7300      103.000      4.54472     0.224951    0.0772874
1998-12-02/12:03:25      131.340     -33.4700      10.8800      100.000      2.17704     0.173648    0.0374193
1998-12-02/12:03:28      131.330     -33.6100      11.0400      100.000      2.37992     0.173648    0.0409064
1998-12-02/12:03:30      131.310     -33.7500      11.3800      97.0000      3.17298     0.121869    0.0549662
1998-12-02/12:03:32      131.290     -33.8700      11.3700      97.0000      3.27901     0.121869    0.0568029
1998-12-02/12:03:45      131.070     -34.3700      11.3600      109.000      5.39605     0.325568    0.0890478
1998-12-02/12:03:47      131.030     -34.5000      11.2900      112.000      5.11072     0.374607    0.0827038
1998-12-02/12:03:50      130.990     -34.6300      11.2200      115.000      5.82346     0.422618    0.0921158
1998-12-02/12:03:52      130.940     -34.7600      11.1100      121.000      4.08844     0.515038    0.0611647
1998-12-02/12:03:55      130.890     -34.9000      11.0000      124.000      3.18371     0.559193    0.0460665
1998-12-02/12:03:57      130.850     -35.0300      10.9100      128.000      4.62609     0.615661    0.0636244
1998-12-02/12:04:00      130.820     -35.1600      10.8100      131.000      3.42408     0.656059    0.0451026
1998-12-02/12:04:02      130.780     -35.2900      10.7300      136.000      3.14865     0.719340    0.0381745
1998-12-02/12:04:05      130.780     -35.4300      10.6500      136.000      3.05713     0.719340    0.0370649
1998-12-02/12:04:07      130.790     -35.5700      10.5800      150.000      5.40294     0.866026    0.0471495
1998-12-02/12:04:10      130.800     -35.7200      10.5200      152.000      4.80267     0.882948    0.0393522
1998-12-02/12:04:12      130.790     -35.8900      10.4400      151.000      7.99658     0.874620    0.0676632
1998-12-02/12:04:15      130.770     -36.0700      10.3500      127.000      5.57686     0.601815    0.0777348
1998-12-02/12:04:17      130.740     -36.2600      10.2600      123.000      2.53819     0.544639    0.0371529
1998-12-02/12:04:20      130.660     -36.4700      10.1700      121.000      3.13232     0.515038    0.0468607
1998-12-02/12:04:22      130.520     -36.7000      10.0800      120.000      3.44536     0.500000    0.0520766
1998-12-02/12:04:25      130.370     -36.9200      10.0000      117.000      3.48879     0.453991    0.0542542
1998-12-02/12:04:27      130.190     -37.1200      9.94000      122.000      2.66196     0.529919    0.0394003
1998-12-02/12:04:30      130.110     -37.2900      9.88000      120.000      2.81804     0.500000    0.0425947
1998-12-02/12:04:32      130.120     -37.4300      9.84000      121.000      3.04718     0.515038    0.0455870
1998-12-02/12:04:34      130.070     -37.6100      9.81000      115.000      3.47634     0.422618    0.0549889
1998-12-02/12:04:37      129.950     -37.8300      9.79000      114.000      2.37061     0.406737    0.0377979
1998-12-02/12:04:39      129.760     -38.0400      9.78000      115.000      3.24076     0.422618    0.0512625
1998-12-02/12:04:42      129.490     -38.2200      9.77000      117.000      4.56993     0.453991    0.0710670
1998-12-02/12:04:44      129.350     -38.4000      9.77000      122.000      2.33138     0.529919    0.0345073
1998-12-02/12:04:47      129.360     -38.5600      9.78000      123.000      1.71277     0.544639    0.0250708
1998-12-02/12:04:49      129.270     -38.7200      9.79000      125.000      2.29797     0.573576    0.0328538
1998-12-02/12:04:53      128.970     -38.9500      9.80000      124.000      2.39890     0.559193    0.0347107
1998-12-02/12:04:55      129.000     -39.1000      9.81000      126.000      3.00177     0.587785    0.0423850
1998-12-02/12:04:58      129.100     -39.2600      9.83000      125.000      2.21851     0.573576    0.0317178
1998-12-02/12:05:00      128.850     -39.5000      9.85000      119.000      2.80616     0.484810    0.0428360
1998-12-02/12:05:03      128.530     -39.7500      9.86000      118.000      2.30775     0.469472    0.0355632
1998-12-02/12:05:05      128.130     -40.0000      9.87000      115.000      2.26287     0.422618    0.0357942
1998-12-02/12:05:57      123.650     -43.6000      9.87000      120.000      3.05288     0.500000    0.0461443
1998-12-02/12:06:00      123.840     -43.6400      9.88000      118.000      2.62505     0.469472    0.0404529
1998-12-02/12:06:02      124.070     -43.6900      9.89000      122.000      3.03619     0.529919    0.0449393
1998-12-02/12:06:05      123.850     -43.8500      9.91000      125.000      3.85072     0.573576    0.0550534
1998-12-02/12:06:07      123.410     -44.0600      9.93000      127.000      9.65944     0.601815     0.134641
1998-12-02/12:06:10      123.400     -44.1500      9.96000      124.000      5.55415     0.559193    0.0803654
1998-12-02/12:06:12      123.590     -44.1800      9.98000      125.000      6.81630     0.573576    0.0974520
1998-12-02/12:06:14      123.460     -44.3000      10.0100      120.000      4.33929     0.500000    0.0655884
1998-12-02/12:06:17      122.890     -44.5400      9.98000      118.000      4.45736     0.469472    0.0686894
1998-12-02/12:06:19      122.670     -44.7000      9.95000      119.000      3.85064     0.484810    0.0587800
1998-12-02/12:06:22      122.910     -44.7500      9.93000      119.000      3.17715     0.484810    0.0484992
1998-12-02/12:06:24      123.080     -44.8000      9.90000      119.000      3.07917     0.484810    0.0470035
1998-12-02/12:06:27      123.170     -44.8600      9.89000      120.000      2.92475     0.500000    0.0442076
1998-12-02/12:06:29      123.120     -44.9700      9.88000      121.000      2.75133     0.515038    0.0411610
1998-12-02/12:06:32      122.860     -45.1600      9.87000      120.000      3.14954     0.500000    0.0476053
1998-12-02/12:06:34      122.570     -45.3700      9.86000      116.000      3.56278     0.438371    0.0558890
1998-12-02/12:06:37      122.250     -45.6000      9.86000      125.000      2.54251     0.573576    0.0363500
1998-12-02/12:06:39      121.710     -45.8700      9.86000      124.000      2.94981     0.559193    0.0426821
1998-12-02/12:06:42      120.850     -46.1900      9.87000      118.000      7.28891     0.469472     0.112325
1998-12-02/12:06:44      119.670     -46.5600      9.87000      116.000      4.57356     0.438371    0.0717451
1998-12-02/12:06:47      117.970     -47.0100      9.88000      117.000      4.31892     0.453991    0.0671635
1998-12-02/12:06:49      116.500     -47.3700      9.88000      112.000      2.15767     0.374607    0.0349163
1998-12-02/12:06:52      115.450     -47.6000      9.90000      113.000      3.71143     0.390731    0.0596272
1998-12-02/12:06:54      114.810     -47.7800      9.92000      113.000      1.92248     0.390731    0.0308863
1998-12-02/12:06:57      114.930     -47.8600      9.94000      116.000      5.41446     0.438371    0.0849362
1998-12-02/12:06:59      115.200     -47.9300      9.96000      113.000      2.19499     0.390731    0.0352644
1998-12-02/12:07:02      115.770     -47.9400      9.98000      114.000      3.37699     0.406737    0.0538440
1998-12-02/12:07:04      116.200     -47.9900      10.0000      111.000      2.47319     0.358368    0.0402983
1998-12-02/12:07:07      116.330     -48.1000      10.0100      117.000      4.00009     0.453991    0.0622054
1998-12-02/12:07:09      115.820     -48.3000      10.0000      120.000      3.24624     0.500000    0.0490669
1998-12-02/12:07:12      114.000     -48.6900      10.0000      123.000      1.90567     0.544639    0.0278944
1998-12-02/12:10:26      109.380     -59.8600      9.99000      130.000      2.46697     0.642788    0.0329834
1998-12-02/15:32:59      128.260      50.7200      9.98000      106.000      6.94302     0.275637     0.116484
1998-12-02/15:33:01      128.340      50.6200      9.96000      110.000      5.10242     0.342020    0.0836834
1998-12-02/15:33:03      128.440      50.4800      9.94000      111.000      3.27161     0.358368    0.0533078
1998-12-02/15:33:06      128.520      50.3300      9.92000      114.000      4.53015     0.406737    0.0722304
1998-12-02/15:33:08      128.600      50.1800      9.89000      110.000      3.17304     0.342020    0.0520402
1998-12-02/15:33:11      128.660      50.0300      9.88000      112.000      2.39763     0.374607    0.0387994
1998-12-02/15:33:13      128.720      49.8800      9.88000      113.000      4.93153     0.390731    0.0792292
1998-12-02/15:33:16      128.760      49.7400      9.88000      116.000      6.06317     0.438371    0.0951124
1998-12-02/15:33:18      128.810      49.6000      9.89000      120.000      3.57647     0.500000    0.0540583
1998-12-02/15:33:21      128.860      49.4700      9.91000      122.000      3.03619     0.529919    0.0449393
1998-12-02/15:33:23      128.900      49.3300      9.93000      120.000      2.75537     0.500000    0.0416474
1998-12-02/15:33:26      128.930      49.2000      9.95000      116.000      2.85385     0.438371    0.0447681
1998-12-02/15:33:28      128.980      49.0600      9.96000      116.000      2.93375     0.438371    0.0460215
1998-12-02/15:33:30      129.070      48.9200      9.99000      117.000      2.93155     0.453991    0.0455885
1998-12-02/15:33:33      129.150      48.7800      10.0100      117.000      2.81654     0.453991    0.0438000
1998-12-02/15:33:35      129.170      48.6400      10.0200      124.000      1.50721     0.559193    0.0218085
1998-12-02/15:33:38      129.210      48.5000      10.0400      122.000      2.19844     0.529919    0.0325396
1998-12-02/15:33:40      129.280      48.3500      10.0500      124.000      1.84570     0.559193    0.0267062
1998-12-02/15:33:43      129.350      48.2100      10.0600      122.000      2.74913     0.529919    0.0406905
1998-12-02/15:33:45      129.400      48.0700      10.0700      124.000      2.07314     0.559193    0.0299972
1998-12-02/15:33:48      129.450      47.9200      10.0900      117.000      4.15842     0.453991    0.0646676
1998-12-02/15:33:50      129.490      47.7800      10.1200      119.000      3.29344     0.484810    0.0502743
1998-12-02/15:33:53      129.530      47.6500      10.1500      118.000      4.06758     0.469472    0.0626828
1998-12-02/15:33:55      129.560      47.5100      10.1700      117.000      3.48879     0.453991    0.0542542
1998-12-02/15:33:58      129.580      47.3800      10.1900      117.000      3.04900     0.453991    0.0474150
1998-12-02/15:34:00      129.630      47.2500      10.2100      116.000      3.45764     0.438371    0.0542397
1998-12-02/15:34:03      129.670      47.1100      10.2200      117.000      3.60112     0.453991    0.0560010
1998-12-02/15:34:05      129.680      46.9800      10.2400      117.000      3.71922     0.453991    0.0578376
1998-12-02/15:34:08      129.690      46.8400      10.2600      116.000      3.34944     0.438371    0.0525424
1998-12-02/15:34:10      129.730      46.7000      10.2800      116.000      3.34944     0.438371    0.0525424
1998-12-02/15:34:13      129.760      46.5700      10.2900      117.000      3.71922     0.453991    0.0578376
1998-12-02/15:34:15      129.810      46.4200      10.3000      115.000      3.00722     0.422618    0.0475684
1998-12-02/15:34:18      129.860      46.2800      10.3000      114.000      2.17026     0.406737    0.0346034
1998-12-02/15:34:20      129.890      46.1600      10.3000      114.000      2.05132     0.406737    0.0327070
1998-12-02/15:34:22      129.920      46.0200      10.2900      111.000      2.09106     0.358368    0.0340718
1998-12-02/15:34:25      129.970      45.8800      10.2800      116.000      2.85385     0.438371    0.0447681
1998-12-02/15:34:27      130.010      45.7400      10.2700      116.000      2.93375     0.438371    0.0460215
1998-12-02/15:34:30      130.050      45.6000      10.2600      119.000      2.80616     0.484810    0.0428360
1998-12-02/15:34:32      130.080      45.4700      10.2500      133.000      5.70103     0.681998    0.0727710
1998-12-02/15:34:35      130.120      45.3300      10.2400      128.000      5.87966     0.615661    0.0808652
1998-12-02/15:34:37      130.150      45.2000      10.2300      126.000      4.16535     0.587785    0.0588148
1998-12-02/15:34:40      130.180      45.0600      10.2100      117.000      4.00009     0.453991    0.0622054
1998-12-02/15:34:42      130.210      44.9300      10.2000      115.000      3.88985     0.422618    0.0615299
1998-12-02/15:34:45      130.240      44.8000      10.2000      115.000      3.24076     0.422618    0.0512625
1998-12-02/15:34:47      130.260      44.6700      10.2000      113.000      2.19499     0.390731    0.0352644
1998-12-02/15:34:50      130.290      44.5400      10.2100      114.000      3.09401     0.406737    0.0493321
1998-12-02/15:34:52      130.330      44.4200      10.2100      114.000      3.37699     0.406737    0.0538440
1998-12-02/15:34:55      130.340      44.2900      10.2200      117.000      2.81654     0.453991    0.0438000
1998-12-02/15:34:57      130.350      44.1500      10.2200      116.000      2.85385     0.438371    0.0447681
1998-12-02/15:35:00      130.370      44.0200      10.2200      115.000      2.69276     0.422618    0.0425942
1998-12-02/15:35:02      130.390      43.8900      10.2200      114.000      2.37061     0.406737    0.0377979
1998-12-02/15:35:05      130.400      43.7700      10.1800      116.000      3.34944     0.438371    0.0525424
1998-12-02/15:35:07      130.410      43.6400      10.1600      118.000      2.91367     0.469472    0.0449007
1998-12-02/15:35:10      130.430      43.5100      10.1200      122.000      2.48027     0.529919    0.0367110
1998-12-02/15:35:12      130.460      43.3700      10.0900      130.000      3.62131     0.642788    0.0484169
1998-12-02/15:35:15      130.480      43.2400      10.0600      131.000      2.54792     0.656059    0.0335616
1998-12-02/15:35:17      130.490      43.1200      10.0200      128.000      3.45891     0.615661    0.0475717
1998-12-02/15:35:20      130.520      42.9800      10.0000      129.000      3.81963     0.629321    0.0518085
1998-12-02/15:35:22      130.550      42.8400      9.97000      130.000      3.97021     0.642788    0.0530817
1998-12-02/15:35:25      130.570      42.7100      10.0000      123.000      2.22103     0.544639    0.0325105
1998-12-02/15:35:27      130.600      42.5800      10.0100      114.000      2.17026     0.406737    0.0346034
1998-12-02/15:35:29      130.620      42.4500      10.0200      117.000      3.48879     0.453991    0.0542542
1998-12-02/15:35:32      130.640      42.3200      10.0300      118.000      3.42319     0.469472    0.0527525
1998-12-02/15:35:34      130.670      42.1900      10.0500      121.000      3.13232     0.515038    0.0468607
1998-12-02/15:35:37      130.700      42.0600      10.0600      120.000      3.24624     0.500000    0.0490669
1998-12-02/15:35:40      130.710      41.8900      10.0700      116.000      3.89243     0.438371    0.0610602
1998-12-02/15:35:43      130.720      41.7600      10.0700      115.000      3.61512     0.422618    0.0571842
1998-12-02/15:35:45      130.740      41.6300      10.0800      116.000      4.03187     0.438371    0.0632476
1998-12-02/15:35:48      130.770      41.5000      10.1000      112.000      1.98706     0.374607    0.0321554
1998-12-02/15:35:50      130.790      41.3700      10.1100      115.000      3.09391     0.422618    0.0489396
1998-12-02/15:35:53      130.810      41.2500      10.1300      116.000      3.12038     0.438371    0.0489491
1998-12-02/15:35:55      130.830      41.1100      10.1600      116.000      3.12038     0.438371    0.0489491
1998-12-02/15:35:58      130.860      40.9700      10.2000      118.000      2.71868     0.469472    0.0418958
1998-12-02/15:36:00      130.880      40.8400      10.2300      121.000      2.63036     0.515038    0.0393512
1998-12-02/15:36:03      130.900      40.7000      10.2500      122.000      2.19844     0.529919    0.0325396
1998-12-02/15:36:05      130.920      40.5600      10.2900      128.000      3.07219     0.615661    0.0422530
1998-12-02/15:36:08      130.950      40.4200      10.3200      129.000      3.12558     0.629321    0.0423946
1998-12-02/15:36:10      130.950      40.2800      10.3600      133.000      4.09574     0.681998    0.0522802
1998-12-02/15:36:13      130.960      40.1500      10.3900      128.000      7.34587     0.615661     0.101031
1998-12-02/15:36:15      130.970      40.0100      10.4100      126.000      8.38981     0.587785     0.118464
1998-12-02/15:36:17      130.970      39.8800      10.4400      124.000      2.26797     0.559193    0.0328162
1998-12-02/15:36:20      130.980      39.7400      10.4500      123.000      2.17132     0.544639    0.0317828
1998-12-02/15:36:22      130.990      39.6100      10.4600      123.000      1.64087     0.544639    0.0240183
1998-12-02/15:36:25      131.010      39.4800      10.4700      127.000      3.18256     0.601815    0.0443611
1998-12-02/15:36:27      131.030      39.3500      10.4700      126.000      2.37413     0.587785    0.0335227
1998-12-02/15:36:30      131.060      39.2100      10.4700      127.000      4.13394     0.601815    0.0576222
1998-12-02/15:36:32      131.090      39.0800      10.4600      132.000      4.18323     0.669131    0.0542578
1998-12-02/15:36:35      131.100      38.9500      10.4500      136.000      24.0070     0.719340     0.291063
1998-12-02/15:36:37      131.120      38.8100      10.4400      115.000      10.2864     0.422618     0.162711
1998-12-02/15:36:40      131.130      38.6800      10.4400      134.000      4.71938     0.694658    0.0592511
1998-12-02/15:36:42      131.150      38.5500      10.4400      132.000      3.27162     0.669131    0.0424340
1998-12-02/15:36:45      131.180      38.4100      10.4300      130.000      3.52345     0.642788    0.0471085
1998-12-02/15:36:47      131.220      38.2800      10.4300      128.000      3.17442     0.615661    0.0436590
1998-12-02/15:36:50      131.260      38.1400      10.4200      127.000      2.74226     0.601815    0.0382239
1998-12-02/15:36:52      131.300      37.9900      10.4100      125.000      2.41496     0.573576    0.0345264
1998-12-02/15:36:55      131.330      37.8400      10.3700      124.000      1.90183     0.559193    0.0275184
1998-12-02/15:36:57      131.360      37.7000      10.3100      122.000      2.86821     0.529919    0.0424530
1998-12-02/15:36:59      131.390      37.5700      10.2400      120.000      3.44536     0.500000    0.0520766
1998-12-02/15:37:02      131.410      37.4200      9.80000      117.000      3.60112     0.453991    0.0560010
1998-12-02/15:37:04      131.450      37.2800      9.84000      118.000      3.20731     0.469472    0.0494257
1998-12-02/15:37:07      131.480      37.1400      9.93000      116.000      3.77145     0.438371    0.0591624
1998-12-02/15:37:09      131.500      36.9900      10.0700      121.000      2.94793     0.515038    0.0441022
1998-12-02/15:37:12      131.520      36.8500      10.2200      122.000      2.56560     0.529919    0.0379740
1998-12-02/15:37:14      131.530      36.7000      10.3700      126.000      2.78934     0.587785    0.0393855
1998-12-02/15:37:17      131.530      36.5600      10.4800      126.000      2.78934     0.587785    0.0393855
1998-12-02/15:37:19      131.540      36.4300      10.5700      131.000      3.05442     0.656059    0.0402333
1998-12-02/15:37:22      131.540      36.2900      10.6300      131.000      2.73849     0.656059    0.0360719
1998-12-02/15:37:24      131.550      36.1600      10.6600      130.000      2.95564     0.642788    0.0395169
1998-12-02/15:37:27      131.560      36.0300      10.6800      126.000      2.54888     0.587785    0.0359902
1998-12-02/15:37:29      131.570      35.9000      10.6900      132.000      2.66416     0.669131    0.0345550
1998-12-02/15:37:32      131.580      35.7700      10.6900      129.000      3.12558     0.629321    0.0423946
1998-12-02/15:37:34      131.600      35.6500      10.6900      132.000      2.66416     0.669131    0.0345550
1998-12-02/15:37:37      131.630      35.5200      10.6900      133.000      2.38774     0.681998    0.0304784
1998-12-02/15:37:39      131.640      35.3900      10.6800      133.000      2.13236     0.681998    0.0272186
1998-12-02/15:37:42      131.650      35.2600      10.6600      133.000      2.13236     0.681998    0.0272186
1998-12-02/15:37:44      131.670      35.1300      10.6400      133.000      2.38774     0.681998    0.0304784
1998-12-02/15:37:47      131.690      35.0000      10.6300      131.000      2.80781     0.656059    0.0369849
1998-12-02/15:37:49      131.720      34.8700      10.6200      131.000      3.18592     0.656059    0.0419655
1998-12-02/15:37:52      131.740      34.7400      10.6100      123.000      2.22103     0.544639    0.0325105
1998-12-02/15:37:54      131.780      34.6100      10.6200      124.000      1.90183     0.559193    0.0275184
1998-12-02/15:37:57      131.820      34.4800      10.6200      123.000      1.83647     0.544639    0.0268814
1998-12-02/15:37:59      131.850      34.3400      10.6400      124.000      1.50721     0.559193    0.0218085
1998-12-02/15:38:02      131.880      34.2100      10.6600      121.000      2.49214     0.515038    0.0372834
1998-12-02/15:38:04      131.910      34.0700      10.6900      122.000      2.09344     0.529919    0.0309855
1998-12-02/15:38:07      131.950      33.9400      10.7300      122.000      2.14938     0.529919    0.0318135
1998-12-02/15:38:09      131.980      33.7900      10.7600      123.000      2.11018     0.544639    0.0308879
1998-12-02/15:38:11      132.020      33.6500      10.8000      122.000      2.19844     0.529919    0.0325396
1998-12-02/15:38:14      132.040      33.5000      10.8300      121.000      2.69424     0.515038    0.0403069
1998-12-02/15:38:16      132.070      33.3600      10.8600      120.000      2.46330     0.500000    0.0372328
1998-12-02/15:38:19      132.080      33.2300      10.8700      120.000      2.81804     0.500000    0.0425947
1998-12-02/15:38:21      132.100      33.0900      10.8800      118.000      2.42354     0.469472    0.0373476
1998-12-02/15:38:24      132.110      32.9500      10.8700      120.000      2.75537     0.500000    0.0416474
1998-12-02/15:38:26      132.100      32.8100      10.8500      120.000      2.87450     0.500000    0.0434480
1998-12-02/15:38:29      132.090      32.6700      10.8200      119.000      3.00080     0.484810    0.0458072
1998-12-02/15:38:31      132.070      32.5500      10.7900      123.000      1.71277     0.544639    0.0250708
1998-12-02/15:38:34      132.070      32.4300      10.7300      124.000      2.16123     0.559193    0.0312718
1998-12-02/15:38:36      132.090      32.3200      10.6600      124.000      1.94146     0.559193    0.0280918
1998-12-02/15:38:39      132.130      32.2000      10.6100      124.000      2.39890     0.559193    0.0347107
1998-12-02/15:38:41      132.180      32.0800      10.6000      122.000      2.66196     0.529919    0.0394003
1998-12-02/15:38:43      132.240      31.9300      10.5900      122.000      2.93854     0.529919    0.0434940
1998-12-02/15:38:46      132.300      31.7800      10.5800      126.000      3.07954     0.587785    0.0434831
1998-12-02/15:38:48      132.350      31.6200      10.5800      129.000      4.60242     0.629321    0.0624261
1998-12-02/15:38:51      132.390      31.4600      10.5900      126.000      3.00177     0.587785    0.0423850
1998-12-02/15:38:53      132.410      31.3100      10.6100      126.000      4.58610     0.587785    0.0647558
1998-12-02/15:38:56      132.420      31.1600      10.6600      125.000      5.82625     0.573576    0.0832973
1998-12-02/15:38:58      132.430      31.0100      10.7000      123.000      9.48804     0.544639     0.138882
1998-12-02/15:39:01      132.410      30.8700      10.7500      119.000      4.29604     0.484810    0.0655790
1998-12-02/15:39:03      132.400      30.7300      10.8100      119.000      3.71706     0.484810    0.0567409
1998-12-02/15:39:06      132.380      30.6000      10.8600      117.000      3.60112     0.453991    0.0560010
1998-12-02/15:39:08      132.370      30.4700      11.0200      120.000      3.24624     0.500000    0.0490669
1998-12-02/15:39:11      132.340      30.3400      11.0300      121.000      3.04718     0.515038    0.0455870
1998-12-02/15:39:13      132.320      30.2100      11.0000      124.000      1.90183     0.559193    0.0275184
1998-12-02/15:39:16      132.310      30.0900      10.9700      124.000      1.94146     0.559193    0.0280918
1998-12-02/15:39:18      132.300      29.9600      10.9300      123.000      1.90567     0.544639    0.0278944
1998-12-02/15:39:21      132.310      29.8300      10.8900      123.000      1.71277     0.544639    0.0250708
1998-12-02/15:39:23      132.310      29.7100      10.8700      124.000      1.90183     0.559193    0.0275184
1998-12-02/15:39:26      132.300      29.5800      10.8400      121.000      2.69424     0.515038    0.0403069
1998-12-02/15:39:28      132.300      29.4500      10.8400      121.000      2.69424     0.515038    0.0403069
1998-12-02/15:39:31      132.300      29.3200      10.8400      119.000      2.34718     0.484810    0.0358297
1998-12-02/15:39:33      132.310      29.2100      10.8500      121.000      2.69424     0.515038    0.0403069
1998-12-02/15:39:36      132.320      29.1000      10.8700      118.000      2.62505     0.469472    0.0404529
1998-12-02/15:39:39      132.330      28.9600      10.8900      118.000      2.42354     0.469472    0.0373476
1998-12-02/15:39:41      132.340      28.8500      10.9200      116.000      2.15172     0.438371    0.0337538
1998-12-02/15:39:44      132.340      28.7400      10.9500      116.000      2.61791     0.438371    0.0410669
1998-12-02/15:39:46      132.340      28.6100      10.9800      116.000      2.04763     0.438371    0.0321210
1998-12-02/15:39:49      132.330      28.4900      10.9900      117.000      2.81654     0.453991    0.0438000
1998-12-02/15:39:51      132.320      28.3600      11.0000      117.000      3.04900     0.453991    0.0474150
1998-12-02/15:39:54      132.310      28.2300      11.0300      119.000      3.71706     0.484810    0.0567409
1998-12-02/15:39:56      132.310      28.1000      11.0500      120.000      3.05288     0.500000    0.0461443
1998-12-02/15:39:59      132.320      27.9600      11.0700      123.000      3.03702     0.544639    0.0444546
1998-12-02/15:40:01      132.340      27.8200      11.0800      122.000      4.94186     0.529919    0.0731456
1998-12-02/15:40:04      132.350      27.6800      11.0700      122.000      4.70447     0.529919    0.0696319
1998-12-02/15:40:06      132.360      27.5500      11.0700      119.000      3.98186     0.484810    0.0607831
1998-12-02/15:40:09      132.360      27.4200      11.0200      125.000      3.61859     0.573576    0.0517346
1998-12-02/15:40:11      132.350      27.2900      10.9800      122.000      2.66196     0.529919    0.0394003
1998-12-02/15:40:14      132.340      27.1500      10.9200      122.000      2.19844     0.529919    0.0325396
1998-12-02/15:40:16      132.330      27.0300      10.8000      121.000      2.56239     0.515038    0.0383344
1998-12-02/15:40:19      132.320      26.9000      10.7500      121.000      2.75133     0.515038    0.0411610
1998-12-02/15:40:21      132.310      26.7700      10.7300      118.000      2.91367     0.469472    0.0449007
1998-12-02/15:40:24      132.310      26.6300      10.7200      118.000      3.20731     0.469472    0.0494257
1998-12-02/15:40:26      132.320      26.4900      10.7600      116.000      3.77145     0.438371    0.0591624
1998-12-02/15:40:29      132.310      26.3600      10.8100      119.000      3.71706     0.484810    0.0567409
1998-12-02/15:40:31      132.310      26.2200      10.8600      119.000      2.94180     0.484810    0.0449066
1998-12-02/15:40:34      132.310      26.0900      10.9200      119.000      3.00080     0.484810    0.0458072
1998-12-02/15:40:36      132.300      25.9600      10.9600      122.000      2.33138     0.529919    0.0345073
1998-12-02/15:40:39      132.310      25.8300      11.0100      124.000      2.26797     0.559193    0.0328162
1998-12-02/15:40:41      132.310      25.7000      11.0500      123.000      2.17132     0.544639    0.0317828
1998-12-02/15:40:44      132.310      25.5700      11.0800      129.000      4.10091     0.629321    0.0556237
1998-12-02/15:40:46      132.300      25.4500      11.1100      142.000      3.11776     0.788011    0.0335013
1998-12-02/15:40:49      132.290      25.3300      11.1300      138.000      3.58444     0.743145    0.0418610
1998-12-02/15:40:51      132.270      25.2300      11.1400      135.000      2.11900     0.707107    0.0261513
1998-12-02/15:40:53      132.260      25.1200      11.1600      132.000      4.32215     0.669131    0.0560597
1998-12-02/15:40:56      132.250      25.0200      11.1700      127.000      4.13394     0.601815    0.0576222
1998-12-02/15:40:58      132.250      24.9300      11.1900      126.000      3.91933     0.587785    0.0553410
1998-12-02/15:41:01      132.260      24.8200      11.2000      126.000      2.54888     0.587785    0.0359902
1998-12-02/15:41:03      132.280      24.7100      11.2000      128.000      3.30492     0.615661    0.0454538
1998-12-02/15:41:06      132.290      24.6000      11.2000      129.000      2.90193     0.629321    0.0393611
1998-12-02/15:41:08      132.300      24.4800      11.1800      130.000      2.80401     0.642788    0.0374896
1998-12-02/15:41:11      132.330      24.3400      11.1700      129.000      2.65361     0.629321    0.0359929
1998-12-02/15:41:13      132.360      24.2000      11.1600      130.000      3.40025     0.642788    0.0454613
1998-12-02/15:41:16      132.380      24.0800      11.1500      130.000      2.71760     0.642788    0.0363343
1998-12-02/15:41:18      132.400      23.9500      11.1400      130.000      4.24681     0.642788    0.0567798
1998-12-02/15:41:21      132.410      23.8200      11.1300      130.000      5.28399     0.642788    0.0706469
1998-12-02/15:41:23      132.430      23.6900      11.1400      135.000      4.25827     0.707107    0.0525528
1998-12-02/15:41:25      132.450      23.5500      11.1400      135.000      3.37755     0.707107    0.0416835
1998-12-02/15:41:28      132.460      23.4200      11.1400      137.000      10.1044     0.731354     0.120274
1998-12-02/15:41:30      132.450      23.3000      11.1500      136.000      3.75188     0.719340    0.0454881
1998-12-02/15:41:33      132.460      23.1700      11.1700      135.000      2.24506     0.707107    0.0277071
1998-12-02/15:41:35      132.460      23.0500      11.1800      129.000      3.12558     0.629321    0.0423946
1998-12-02/15:41:38      132.480      22.9300      11.1900      123.000      1.71277     0.544639    0.0250708
1998-12-02/15:41:40      132.500      22.8100      11.2000      123.000      1.61630     0.544639    0.0236587
1998-12-02/15:41:43      132.530      22.6900      11.2000      123.000      6.93669     0.544639     0.101536
1998-12-02/15:41:45      132.590      22.5400      11.2100      122.000      6.63312     0.529919    0.0981783
1998-12-02/15:41:48      132.640      22.3800      11.2100      125.000      21.8278     0.573576     0.312070
1998-12-02/15:41:50      132.660      22.2100      11.2100      117.000      22.6838     0.453991     0.352756
1998-12-02/15:41:53      132.670      22.0300      11.2000      115.000      10.0254     0.422618     0.158582
1998-12-02/15:41:55      132.640      21.8700      11.1900      124.000      1.90183     0.559193    0.0275184
1998-12-02/15:41:58      132.600      21.7100      11.1900      121.000      4.36846     0.515038    0.0653539
1998-12-02/15:42:00      132.550      21.5700      11.1900      122.000      2.74913     0.529919    0.0406905
1998-12-02/15:42:03      132.510      21.4300      11.1900      128.000      5.42834     0.615661    0.0746580
1998-12-02/15:42:05      132.470      21.3000      11.2000      126.000      4.58610     0.587785    0.0647558
1998-12-02/15:42:08      132.430      21.1600      11.2000      125.000      4.06454     0.573576    0.0581103
1998-12-02/15:42:10      132.370      21.0300      11.2100      128.000      3.90398     0.615661    0.0536929
1998-12-02/15:42:13      132.310      20.9000      11.2200      132.000      2.98051     0.669131    0.0386582
1998-12-02/15:42:15      132.240      20.7800      11.2200      131.000      3.05442     0.656059    0.0402333
1998-12-02/15:42:17      132.180      20.6800      11.2200      134.000      2.41209     0.694658    0.0302834
1998-12-02/15:42:20      132.130      20.5700      11.2100      136.000      2.11341     0.719340    0.0256231
1998-12-02/15:42:22      132.080      20.4600      11.2100      135.000      2.11900     0.707107    0.0261513
1998-12-02/15:42:25      132.040      20.3400      11.2200      133.000      3.01339     0.681998    0.0384645
1998-12-02/15:42:27      132.000      20.2300      11.2300      130.000      4.84274     0.642788    0.0647474
1998-12-02/15:42:30      132.000      20.1200      11.2500      126.000      3.78039     0.587785    0.0533791
1998-12-02/15:42:32      132.000      20.0000      11.2700      122.000      3.12708     0.529919    0.0462846
1998-12-02/15:42:35      132.020      19.8900      11.2800      122.000      2.81476     0.529919    0.0416619
1998-12-02/15:42:37      132.030      19.7800      11.3000      121.000      3.75244     0.515038    0.0561380
1998-12-02/15:42:40      132.050      19.6700      11.3100      117.000      4.15842     0.453991    0.0646676
1998-12-02/15:42:42      132.080      19.5600      11.3100      117.000      4.31892     0.453991    0.0671635
1998-12-02/15:42:45      132.110      19.4300      11.3100      119.000      2.72378     0.484810    0.0415785
1998-12-02/15:42:47      132.130      19.3100      11.3100      118.000      3.01293     0.469472    0.0464303
1998-12-02/15:42:50      132.150      19.1700      11.3100      115.000      3.00722     0.422618    0.0475684
1998-12-02/15:42:52      132.170      19.0200      11.3000      114.000      2.46245     0.406737    0.0392622
1998-12-02/15:42:55      132.190      18.8800      11.2900      115.000      2.69276     0.422618    0.0425942
1998-12-02/15:42:57      132.200      18.7400      11.2700      117.000      3.38384     0.453991    0.0526221
1998-12-02/15:42:59      132.230      18.6100      11.2600      120.000      2.68786     0.500000    0.0406270
1998-12-02/15:43:02      132.260      18.4800      11.2400      124.000      1.55036     0.559193    0.0224328
1998-12-02/15:43:04      132.270      18.3500      11.2300      126.000      2.45908     0.587785    0.0347222
1998-12-02/15:43:07      132.280      18.2100      11.2100      134.000      2.23258     0.694658    0.0280297
1998-12-02/15:43:09      132.290      18.0800      11.2000      138.000      3.71548     0.743145    0.0433914
1998-12-02/15:43:12      132.290      17.9400      11.1800      141.000      4.76738     0.777146    0.0523635
1998-12-02/15:43:14      132.290      17.7900      10.6800      142.000      3.45949     0.788011    0.0371733
1998-12-02/15:43:17      132.290      17.6400      10.6600      144.000      3.07767     0.809017    0.0315732
1998-12-02/15:43:19      132.300      17.5100      10.6700      142.000      3.32991     0.788011    0.0357809
1998-12-02/15:43:22      132.320      17.3700      10.6900      138.000      4.62862     0.743145    0.0540555
1998-12-02/15:43:24      132.310      17.2600      10.7100      128.000      4.45622     0.615661    0.0612881
1998-12-02/15:43:27      132.290      17.1500      10.7400      124.000      2.73707     0.559193    0.0396039
1998-12-02/15:43:29      132.270      17.0400      10.7900      120.000      3.34165     0.500000    0.0505090
1998-12-02/15:43:32      132.240      16.9400      10.8500      121.000      3.67335     0.515038    0.0549548
1998-12-02/15:43:34      132.220      16.8200      10.9400      121.000      3.18689     0.515038    0.0476771
1998-12-02/15:43:36      132.210      16.7200      11.0200      122.000      3.27587     0.529919    0.0484869
1998-12-02/15:43:39      132.200      16.6000      11.1200      120.000      3.05288     0.500000    0.0461443
1998-12-02/15:43:41      132.190      16.4900      11.2100      119.000      3.00080     0.484810    0.0458072
1998-12-02/15:43:44      132.180      16.3700      11.2800      118.000      2.52996     0.469472    0.0389875
1998-12-02/15:43:46      132.170      16.2400      11.3500      117.000      3.04900     0.453991    0.0474150
1998-12-02/15:43:49      132.150      16.1200      11.3900      115.000      2.36999     0.422618    0.0374886
1998-12-02/15:43:51      132.130      15.9900      11.4300      114.000      1.76200     0.406737    0.0280940
1998-12-02/15:43:54      132.110      15.8600      11.4400      115.000      2.15278     0.422618    0.0340528
1998-12-02/15:43:56      132.080      15.7200      11.4400      116.000      2.85385     0.438371    0.0447681
1998-12-02/15:43:59      132.070      15.5900      11.4500      116.000      2.61791     0.438371    0.0410669
1998-12-02/15:44:01      132.060      15.4500      11.4500      118.000      3.01293     0.469472    0.0464303
1998-12-02/15:44:04      132.060      15.3000      11.4400      128.000      4.25030     0.615661    0.0584560
1998-12-02/15:44:06      132.070      15.1500      11.4300      136.000      4.32886     0.719340    0.0524834
1998-12-02/15:44:09      132.080      15.0000      11.4200      139.000      4.53486     0.754710    0.0519259
1998-12-02/15:44:11      132.090      14.8500      11.4100      142.000      5.76805     0.788011    0.0619795
1998-12-02/15:44:14      132.100      14.6900      11.4000      137.000      5.52538     0.731354    0.0657692
1998-12-02/15:44:16      132.130      14.5300      11.3800      116.000      4.78372     0.438371    0.0750418
1998-12-02/15:44:19      132.130      14.3900      11.3700      113.000      1.87336     0.390731    0.0300971
1998-12-02/15:44:21      132.110      14.2500      11.3300      113.000      2.02531     0.390731    0.0325383
1998-12-02/15:44:24      132.100      14.1100      11.3100      111.000      2.09106     0.358368    0.0340718
1998-12-02/15:44:26      132.100      13.9800      11.3000      112.000      1.56737     0.374607    0.0253638
1998-12-02/15:44:29      132.140      13.8400      11.2900      114.000      1.85548     0.406737    0.0295845
1998-12-02/15:44:31      132.210      13.7000      11.2600      117.000      3.38384     0.453991    0.0526221
1998-12-02/15:44:34      132.280      13.5600      11.2500      124.000      1.99801     0.559193    0.0289101
1998-12-02/15:44:36      132.350      13.4300      11.2300      124.000      2.26797     0.559193    0.0328162
1998-12-02/15:44:39      132.400      13.2800      11.2200      124.000      2.07314     0.559193    0.0299972
1998-12-02/15:44:41      132.430      13.1400      11.2100      120.000      10.0925     0.500000     0.152548
1998-12-02/15:44:44      132.460      13.0000      11.2000      121.000      6.51334     0.515038    0.0974421
1998-12-02/15:44:46      132.500      12.8500      11.2200      128.000      24.7730     0.615661     0.340713
1998-12-02/15:44:49      132.510      12.7000      11.2300      125.000      10.9139     0.573576     0.156035
1998-12-02/15:44:51      132.480      12.5400      11.2400      126.000      7.89555     0.587785     0.111485
1998-12-02/15:44:53      132.460      12.3900      11.2600      126.000      4.16535     0.587785    0.0588148
1998-12-02/15:44:57      132.420      12.1900      11.2800      127.000      7.31930     0.601815     0.102022
1998-12-02/15:44:59      132.420      12.0500      11.3100      117.000      4.15842     0.453991    0.0646676
1998-12-02/15:45:02      132.440      11.9100      11.3200      131.000      4.49430     0.656059    0.0591997
1998-12-02/15:45:04      132.470      11.7700      11.3400      132.000      3.16030     0.669131    0.0409901
1998-12-02/15:45:07      132.510      11.6300      11.3500      133.000      3.09065     0.681998    0.0394507
1998-12-02/15:45:09      132.560      11.4800      11.3600      132.000      2.77902     0.669131    0.0360448
1998-12-02/15:45:12      132.600      11.3300      11.3700      129.000      3.29006     0.629321    0.0446256
1998-12-02/15:45:14      132.610      11.1800      11.3800      123.000      2.11018     0.544639    0.0308879
1998-12-02/15:45:17      132.600      11.0300      11.3800      119.000      3.17715     0.484810    0.0484992
1998-12-02/15:45:19      132.590      10.8800      11.3800      119.000      2.94180     0.484810    0.0449066
1998-12-02/15:45:22      132.570      10.7400      11.3800      120.000      2.68786     0.500000    0.0406270
1998-12-02/15:45:24      132.560      10.6000      11.3800      118.000      2.42354     0.469472    0.0373476
1998-12-02/15:45:27      132.560      10.4600      11.3900      124.000      1.50721     0.559193    0.0218085
1998-12-02/15:45:29      132.550      10.3200      11.4100      124.000      1.61080     0.559193    0.0233074
1998-12-02/15:45:32      132.550      10.1800      11.4400      124.000      1.50721     0.559193    0.0218085
1998-12-02/15:45:34      132.560      10.0300      11.4700      126.000      2.54888     0.587785    0.0359902
1998-12-02/15:45:37      132.570      9.88000      11.5200      127.000      2.53994     0.601815    0.0354038
1998-12-02/15:45:39      132.580      9.73000      11.5600      130.000      2.34656     0.642788    0.0313735
1998-12-02/15:45:41      132.600      9.59000      11.6000      132.000      2.34358     0.669131    0.0303970
1998-12-02/15:45:44      132.610      9.44000      11.6900      133.000      2.27454     0.681998    0.0290334
1998-12-02/15:45:46      132.610      9.29000      11.6900      135.000      1.68462     0.707107    0.0207905
1998-12-02/15:45:49      132.610      9.15000      11.6900      134.000      1.98574     0.694658    0.0249307
1998-12-02/15:45:51      132.610      9.02000      11.7200      124.000      1.94146     0.559193    0.0280918
1998-12-02/15:45:54      132.610      8.89000      11.7200      116.000      3.12038     0.438371    0.0489491
1998-12-02/15:45:56      132.610      8.76000      11.7200      115.000      2.15278     0.422618    0.0340528
1998-12-02/15:45:59      132.610      8.63000      11.7000      115.000      1.94748     0.422618    0.0308053
1998-12-02/15:46:01      132.610      8.49000      11.6700      115.000      2.26287     0.422618    0.0357942
1998-12-02/15:46:04      132.600      8.35000      11.6200      116.000      3.34944     0.438371    0.0525424
1998-12-02/15:46:06      132.600      8.23000      11.5500      133.000      10.2469     0.681998     0.130797
1998-12-02/15:46:09      132.600      8.09000      11.5000      139.000      4.53486     0.754710    0.0519259
1998-12-02/15:46:11      132.610      7.95000      11.4500      143.000      8.66573     0.798636    0.0910218
1998-12-02/15:46:14      132.620      7.81000      11.4100      147.000      7.03317     0.838671    0.0668555
1998-12-02/15:46:16      132.630      7.70000      11.3700      147.000      8.10921     0.838671    0.0770841
1998-12-02/15:46:18      132.640      7.58000      11.3400      152.000      9.46639     0.882948    0.0775659
1998-12-02/15:46:21      132.650      7.46000      11.3200      148.000      6.91827     0.848048    0.0639859
1998-12-02/15:46:23      132.660      7.34000      11.3100      139.000      8.21298     0.754710    0.0940418
1998-12-02/15:46:26      132.670      7.22000      11.3100      135.000      4.39715     0.707107    0.0542667
1998-12-02/15:46:28      132.670      7.09000      11.3100      132.000      3.84916     0.669131    0.0499249
1998-12-02/15:46:31      132.660      6.96000      11.3200      129.000      9.46366     0.629321     0.128363
1998-12-02/15:46:33      132.660      6.83000      11.3400      125.000      3.16559     0.573576    0.0452581
1998-12-02/15:46:36      132.670      6.70000      11.3800      126.000      3.44405     0.587785    0.0486300
1998-12-02/15:46:38      132.680      6.57000      11.4000      127.000      4.57501     0.601815    0.0637702
1998-12-02/15:46:41      132.680      6.43000      11.4200      125.000      3.85072     0.573576    0.0550534
1998-12-02/15:46:43      132.680      6.30000      11.4300      129.000      3.48074     0.629321    0.0472119
1998-12-02/15:46:46      132.690      6.17000      11.4500      130.000      3.62131     0.642788    0.0484169
1998-12-02/15:46:48      132.700      6.04000      11.4600      129.000      3.81963     0.629321    0.0518085
1998-12-02/15:46:51      132.700      5.91000      11.4700      132.000      8.40628     0.669131     0.109032
1998-12-02/15:46:53      132.700      5.79000      11.4800      143.000      3.51992     0.798636    0.0369720
1998-12-02/15:46:56      132.710      5.66000      11.4800      150.000      5.40294     0.866026    0.0471495
1998-12-02/15:46:58      132.700      5.54000      11.4700      154.000      6.65090     0.898794    0.0508862
1998-12-02/15:47:01      132.680      5.41000      11.4600      157.000      5.59402     0.920505    0.0381486
1998-12-02/15:47:03      132.650      5.27000      11.4300      150.000      5.66679     0.866026    0.0494521
1998-12-02/15:47:06      132.630      5.12000      11.4000      140.000      4.58750     0.766045    0.0514661
1998-12-02/15:47:08      132.600      4.98000      11.3500      138.000      5.43261     0.743145    0.0634449
1998-12-02/15:47:11      132.590      4.84000      11.3100      130.000      4.84274     0.642788    0.0647474
1998-12-02/15:47:13      132.590      4.71000      11.2800      124.000      2.94981     0.559193    0.0426821
1998-12-02/15:47:16      132.600      4.59000      11.2500      121.000      2.80403     0.515038    0.0419494
1998-12-02/15:47:18      132.600      4.46000      11.2300      121.000      2.75133     0.515038    0.0411610
1998-12-02/15:47:21      132.600      4.32000      11.2100      120.000      2.81804     0.500000    0.0425947
1998-12-02/15:47:23      132.610      4.19000      11.1900      117.000      3.04900     0.453991    0.0474150
1998-12-02/15:47:26      132.620      4.06000      11.1800      117.000      3.38384     0.453991    0.0526221
1998-12-02/15:47:28      132.630      3.94000      11.1800      114.000      2.17026     0.406737    0.0346034
1998-12-02/15:47:31      132.630      3.83000      11.1700      113.000      1.82806     0.390731    0.0293693
1998-12-02/15:47:33      132.640      3.72000      11.1700      111.000      2.41315     0.358368    0.0393200
1998-12-02/15:47:35      132.640      3.62000      11.1800      108.000      3.46035     0.309017    0.0574386
1998-12-02/15:47:38      132.650      3.50000      11.1700      105.000      4.18673     0.258819    0.0705824
1998-12-02/15:47:40      132.650      3.37000      11.1600      106.000      4.73724     0.275637    0.0794775
1998-12-02/15:47:42      132.660      3.24000      11.1500      103.000      3.18314     0.224951    0.0541324
1998-12-02/15:47:45      132.650      3.10000      11.1400      105.000      3.92395     0.258819    0.0661523
1998-12-02/15:47:47      132.640      2.97000      11.1400      110.000      3.00121     0.342020    0.0492220
1998-12-02/15:47:50      132.630      2.84000      11.1400      111.000      2.25057     0.358368    0.0366709
1998-12-02/15:47:52      132.620      2.71000      11.1400      112.000      1.68015     0.374607    0.0271889
1998-12-02/15:47:55      132.620      2.57000      11.1500      114.000      1.44377     0.406737    0.0230200
1998-12-02/15:47:57      132.620      2.44000      11.1600      114.000      1.85548     0.406737    0.0295845
1998-12-02/15:48:00      132.620      2.30000      11.1700      114.000      2.09785     0.406737    0.0334489
1998-12-02/15:48:02      132.630      2.16000      11.1900      116.000      4.03187     0.438371    0.0632476
1998-12-02/15:48:05      132.630      2.02000      11.2000      121.000      3.43143     0.515038    0.0513355
1998-12-02/15:48:07      132.640      1.89000      11.2200      137.000      5.17898     0.731354    0.0616460
1998-12-02/15:48:10      132.640      1.76000      11.2300      138.000      4.02178     0.743145    0.0469685
1998-12-02/15:48:12      132.640      1.63000      11.2300      139.000      4.27770     0.754710    0.0489813
1998-12-02/15:48:15      132.630      1.52000      11.2300      139.000      4.16955     0.754710    0.0477430
1998-12-02/15:48:17      132.620      1.41000      11.2400      144.000      2.91288     0.809017    0.0298826
1998-12-02/15:48:20      132.580      1.28000      11.2400      144.000      2.37632     0.809017    0.0243782
1998-12-02/15:48:22      132.530      1.15000      11.2400      144.000      2.46889     0.809017    0.0253278
1998-12-02/15:48:25      132.490      1.03000      11.2400      144.000      2.66846     0.809017    0.0273752
1998-12-02/15:48:27      132.460     0.910000      11.2400      144.000      2.91288     0.809017    0.0298826
1998-12-02/15:48:30      132.450     0.780000      11.2300      143.000      3.01788     0.798636    0.0316988
1998-12-02/15:48:32      132.440     0.650000      11.2300      141.000      4.45813     0.777146    0.0489668
1998-12-02/15:48:35      132.470     0.540000      11.2300      142.000      3.39940     0.788011    0.0365276
1998-12-02/15:48:37      132.510     0.430000      11.2300      143.000      3.01788     0.798636    0.0316988
1998-12-02/15:48:40      132.570     0.340000      11.2300      142.000      3.11776     0.788011    0.0335013
1998-12-02/15:48:42      132.640     0.240000      11.2300      138.000      3.05575     0.743145    0.0356867
1998-12-02/15:48:45      132.650     0.120000      11.2300      132.000      3.07640     0.669131    0.0399019
1998-12-02/15:48:47      132.650     -0.00000      11.2400      125.000      2.21851     0.573576    0.0317178
1998-12-02/15:48:50      132.650    -0.140000      11.2400      117.000      3.16633     0.453991    0.0492396
1998-12-02/15:48:52      132.650    -0.280000      11.2400      112.000      1.68015     0.374607    0.0271889
1998-12-02/15:48:55      132.670    -0.460000      11.2400      109.000      2.46527     0.325568    0.0406829
1998-12-02/15:48:58      132.690    -0.590000      11.2500      106.000      2.45874     0.275637    0.0412507
1998-12-02/15:49:00      132.710    -0.730000      11.2600      104.000      2.26526     0.241922    0.0383619
1998-12-02/15:49:03      132.720    -0.870000      11.2600      105.000      2.46569     0.258819    0.0415680
1998-12-02/15:49:05      132.720     -1.02000      11.2600      103.000      1.78707     0.224951    0.0303909
1998-12-02/15:49:08      132.710     -1.16000      11.2600      103.000      1.98394     0.224951    0.0337388
1998-12-02/15:49:10      132.690     -1.30000      11.2600      104.000      2.10729     0.241922    0.0356867
1998-12-02/15:49:13      132.670     -1.44000      11.2500      103.000      1.65840     0.224951    0.0282027
1998-12-02/15:49:15      132.650     -1.58000      11.2400      103.000      1.73153     0.224951    0.0294463
1998-12-02/15:49:18      132.630     -1.71000      11.2400      103.000      1.78707     0.224951    0.0303909
1998-12-02/15:49:20      132.590     -1.85000      11.2400      107.000      2.19297     0.292372    0.0366021
1998-12-02/15:49:23      132.560     -1.98000      11.2300      108.000      2.72086     0.309017    0.0451637
1998-12-02/15:49:25      132.540     -2.12000      11.2300      111.000      2.09106     0.358368    0.0340718
1998-12-02/15:49:28      132.510     -2.26000      11.2400      114.000      1.94222     0.406737    0.0309675
1998-12-02/15:49:30      132.500     -2.39000      11.2600      116.000      2.47717     0.438371    0.0388592
1998-12-02/15:49:33      132.480     -2.53000      11.2700      120.000      3.24624     0.500000    0.0490669
1998-12-02/15:49:35      132.460     -2.67000      11.2700      116.000      3.12038     0.438371    0.0489491
1998-12-02/15:49:38      132.450     -2.81000      11.2800      119.000      3.71706     0.484810    0.0567409
1998-12-02/15:49:40      132.430     -2.95000      11.2800      113.000      1.82806     0.390731    0.0293693
1998-12-02/15:49:43      132.410     -3.09000      11.3000      120.000      4.21716     0.500000    0.0637424
1998-12-02/15:49:45      132.390     -3.24000      11.3100      112.000      1.94513     0.374607    0.0314769
1998-12-02/15:49:48      132.370     -3.39000      11.3200      115.000      2.62014     0.422618    0.0414455
1998-12-02/15:49:50      132.340     -3.54000      11.3300      113.000      4.93153     0.390731    0.0792292
1998-12-02/15:49:53      132.310     -3.69000      11.3400      115.000      3.75347     0.422618    0.0593726
1998-12-02/15:49:55      132.290     -3.83000      11.3500      116.000      4.18389     0.438371    0.0656323
1998-12-02/15:49:58      132.270     -3.98000      11.3700      116.000      3.66487     0.438371    0.0574905
1998-12-02/15:50:00      132.250     -4.13000      11.3800      116.000      3.89243     0.438371    0.0610602
1998-12-02/15:50:03      132.240     -4.29000      11.3900      121.000      2.86288     0.515038    0.0428298
1998-12-02/15:50:05      132.220     -4.43000      11.3900      120.000      3.24624     0.500000    0.0490669
1998-12-02/15:50:08      132.200     -4.57000      11.3900      123.000      3.19075     0.544639    0.0467048
1998-12-02/15:50:10      132.180     -4.72000      11.3900      134.000      2.58820     0.694658    0.0324945
1998-12-02/15:50:13      132.160     -4.86000      11.3900      144.000      3.98731     0.809017    0.0409050
1998-12-02/15:50:15      132.150     -4.97000      11.3800      146.000      2.47869     0.829038    0.0241914
1998-12-02/15:50:17      132.130     -5.12000      11.3700      152.000      5.10461     0.882948    0.0418263
1998-12-02/15:50:20      132.110     -5.26000      11.3500      148.000      6.63263     0.848048    0.0613441
1998-12-02/15:50:22      132.090     -5.41000      11.3400      150.000      15.7884     0.866026     0.137780
1998-12-02/15:50:24      132.080     -5.56000      11.3300      131.000      25.9298     0.656059     0.341552
1998-12-02/15:50:27      132.070     -5.71000      11.3200      127.000      22.1762     0.601815     0.309110
1998-12-02/15:50:29      132.060     -5.85000      11.3100      123.000      5.35613     0.544639    0.0784007
1998-12-02/15:50:32      132.040     -5.99000      11.3000      122.000      2.74913     0.529919    0.0406905
1998-12-02/15:50:34      132.040     -6.13000      11.2900      127.000      4.46316     0.601815    0.0622112
1998-12-02/15:50:37      132.030     -6.27000      11.2700      136.000      2.18785     0.719340    0.0265257
1998-12-02/15:50:39      132.040     -6.40000      11.2500      146.000      14.1954     0.829038     0.138544
1998-12-02/15:50:42      132.050     -6.53000      11.2500      150.000      5.66679     0.866026    0.0494521
1998-12-02/15:50:44      132.060     -6.67000      11.2600      172.000      14.8727     0.990268    0.0361262
1998-12-02/15:50:47      132.080     -6.81000      11.2600      138.000      26.7062     0.743145     0.311889
1998-12-02/15:50:49      132.100     -6.95000      11.2600      140.000      11.7204     0.766045     0.131488
1998-12-02/15:50:52      132.120     -7.09000      11.2500      135.000      3.37755     0.707107    0.0416835
1998-12-02/15:50:54      132.130     -7.23000      11.2300      125.000      2.54251     0.573576    0.0363500
1998-12-02/15:50:57      132.130     -7.38000      11.2400      123.000      1.97618     0.544639    0.0289265
1998-12-02/15:50:59      132.130     -7.51000      11.2500      122.000      2.26089     0.529919    0.0334640
1998-12-02/15:51:02      132.120     -7.64000      11.2500      116.000      3.23533     0.438371    0.0507524
1998-12-02/15:51:04      132.110     -7.78000      11.2500      115.000      3.00722     0.422618    0.0475684
1998-12-02/15:51:07      132.090     -7.92000      11.2500      117.000      3.71922     0.453991    0.0578376
1998-12-02/15:51:09      132.080     -8.05000      11.2400      116.000      3.23533     0.438371    0.0507524
1998-12-02/15:51:12      132.060     -8.19000      11.2400      118.000      3.42319     0.469472    0.0527525
1998-12-02/15:51:14      132.040     -8.33000      11.2400      118.000      3.10994     0.469472    0.0479252
1998-12-02/15:51:17      132.010     -8.46000      11.2400      120.000      2.92475     0.500000    0.0442076
1998-12-02/15:51:19      132.020     -8.59000      11.2300      119.000      2.72378     0.484810    0.0415785
1998-12-02/15:51:22      132.040     -8.72000      11.2300      123.000      1.76984     0.544639    0.0259061
1998-12-02/15:51:24      132.040     -8.87000      11.2400      126.000      2.54888     0.587785    0.0359902
1998-12-02/15:51:27      132.030     -9.02000      11.2400      129.000      3.66249     0.629321    0.0496771
1998-12-02/15:51:29      132.020     -9.17000      11.2500      130.000      3.24964     0.642788    0.0434477
1998-12-02/15:51:32      132.000     -9.32000      11.2500      130.000      3.40025     0.642788    0.0454613
1998-12-02/15:51:34      131.980     -9.44000      11.2600      131.000      3.05442     0.656059    0.0402333
1998-12-02/15:51:36      131.950     -9.58000      11.2600      125.000      2.41496     0.573576    0.0345264
1998-12-02/15:51:39      131.920     -9.71000      11.2700      124.000      1.55036     0.559193    0.0224328
1998-12-02/15:51:41      131.890     -9.83000      11.2800      121.000      2.56239     0.515038    0.0383344
1998-12-02/15:51:44      131.870     -9.96000      11.2800      121.000      2.56239     0.515038    0.0383344
1998-12-02/15:51:46      131.870     -10.0900      11.2900      121.000      2.80403     0.515038    0.0419494
1998-12-02/15:51:49      131.850     -10.2300      11.3000      122.000      2.33138     0.529919    0.0345073
1998-12-02/15:51:51      131.810     -10.3600      11.3000      122.000      2.33138     0.529919    0.0345073
1998-12-02/15:51:54      131.780     -10.5000      11.3000      121.000      2.86288     0.515038    0.0428298
1998-12-02/15:51:56      131.740     -10.6200      11.3000      120.000      2.68786     0.500000    0.0406270
1998-12-02/15:51:59      131.710     -10.7500      11.3000      122.000      2.14938     0.529919    0.0318135
1998-12-02/15:52:01      131.680     -10.8700      11.3000      121.000      2.49214     0.515038    0.0372834
1998-12-02/15:52:04      131.660     -10.9900      11.3000      123.000      1.71277     0.544639    0.0250708
1998-12-02/15:52:06      131.650     -11.0900      11.3100      123.000      1.66979     0.544639    0.0244417
1998-12-02/15:52:09      131.650     -11.2000      11.3100      127.000      3.18256     0.601815    0.0443611
1998-12-02/15:52:11      131.670     -11.3100      11.3100      133.000      2.81077     0.681998    0.0358782
1998-12-02/15:52:14      131.690     -11.4300      11.3100      137.000      3.08131     0.731354    0.0366772
1998-12-02/15:52:16      131.720     -11.5400      11.3100      144.000      2.91288     0.809017    0.0298826
1998-12-02/15:52:19      131.750     -11.6700      11.3200      145.000      2.08371     0.819152    0.0208596
1998-12-02/15:52:21      131.790     -11.8100      11.3200      145.000      1.77038     0.819152    0.0177229
1998-12-02/15:52:23      131.800     -11.9500      11.3400      143.000      2.28330     0.798636    0.0239830
1998-12-02/15:52:26      131.810     -12.0900      11.3500      141.000      2.73950     0.777146    0.0300899
1998-12-02/15:52:28      131.810     -12.2300      11.2600      137.000      2.34111     0.731354    0.0278665
1998-12-02/15:52:31      131.820     -12.3700      11.2200      135.000      1.73604     0.707107    0.0214251
1998-12-02/15:52:33      131.830     -12.5200      11.1900      127.000      3.45851     0.601815    0.0482075
1998-12-02/15:52:36      131.820     -12.6600      11.1600      123.000      1.76984     0.544639    0.0259061
1998-12-02/15:52:38      131.810     -12.8000      11.1300      120.000      2.87450     0.500000    0.0434480
1998-12-02/15:52:41      131.780     -12.9500      11.0900      116.000      2.93375     0.438371    0.0460215
1998-12-02/15:52:43      131.750     -13.0900      11.0600      116.000      3.34944     0.438371    0.0525424
1998-12-02/15:52:46      131.730     -13.2200      11.0200      113.000      1.69368     0.390731    0.0272104
1998-12-02/15:52:48      131.710     -13.3600      10.9800      114.000      2.09785     0.406737    0.0334489
1998-12-02/15:52:51      131.690     -13.5000      10.9300      114.000      2.17026     0.406737    0.0346034
1998-12-02/15:52:54      131.660     -13.6700      10.8700      114.000      1.76200     0.406737    0.0280940
1998-12-02/15:52:57      131.660     -13.7900      8.78000      114.000      2.09785     0.406737    0.0334489
1998-12-02/15:52:59      131.660     -13.9200      8.74000      111.000      2.37731     0.358368    0.0387360
1998-12-02/15:53:02      131.680     -14.0400      8.75000      113.000      2.10025     0.390731    0.0337423
1998-12-02/15:53:04      131.660     -14.1700      8.77000      111.000      2.59786     0.358368    0.0423297
1998-12-02/15:53:07      131.640     -14.3100      8.79000      112.000      2.29214     0.374607    0.0370924
1998-12-02/15:53:09      131.610     -14.4400      8.82000      113.000      1.97323     0.390731    0.0317016
1998-12-02/15:53:11      131.580     -14.5700      8.85000      115.000      3.16159     0.422618    0.0500102
1998-12-02/15:53:14      131.560     -14.7000      8.89000      115.000      2.78826     0.422618    0.0441048
1998-12-02/15:53:16      131.540     -14.8300      8.94000      118.000      3.30730     0.469472    0.0509666
1998-12-02/15:53:19      131.520     -14.9600      8.98000      121.000      2.63036     0.515038    0.0393512
1998-12-02/15:53:21      131.500     -15.0900      9.02000      121.000      2.69424     0.515038    0.0403069
1998-12-02/15:53:24      131.480     -15.2100      9.05000      123.000      1.66979     0.544639    0.0244417
1998-12-02/15:53:26      131.460     -15.3300      9.09000      127.000      3.04156     0.601815    0.0423958
1998-12-02/15:53:29      131.450     -15.4500      9.12000      129.000      3.00037     0.629321    0.0406963
1998-12-02/15:53:31      131.440     -15.5800      9.14000      127.000      2.44444     0.601815    0.0340726
1998-12-02/15:53:34      131.440     -15.7000      9.17000      128.000      2.96915     0.615661    0.0408359
1998-12-02/15:53:36      131.450     -15.8200      9.20000      125.000      1.91644     0.573576    0.0273992
1998-12-02/15:53:39      131.450     -15.9400      9.22000      121.000      2.56239     0.515038    0.0383344
1998-12-02/15:53:41      131.440     -16.0700      9.24000      120.000      2.97762     0.500000    0.0450067
1998-12-02/15:53:44      131.430     -16.1900      9.26000      114.000      1.76200     0.406737    0.0280940
1998-12-02/15:53:46      131.440     -16.3200      9.27000      113.000      1.64092     0.390731    0.0263628
1998-12-02/15:53:49      131.410     -16.4500      9.25000      111.000      2.01220     0.358368    0.0327869
1998-12-02/15:53:51      131.360     -16.5700      9.23000      110.000      2.55790     0.342020    0.0419514
1998-12-02/15:53:54      131.330     -16.6700      9.21000      110.000      2.55790     0.342020    0.0419514
1998-12-02/15:53:56      131.320     -16.7600      9.18000      109.000      2.93767     0.325568    0.0484786
1998-12-02/15:53:59      131.340     -16.8600      9.19000      110.000      2.73958     0.342020    0.0449311
1998-12-02/15:54:01      131.390     -16.9700      9.21000      110.000      2.94955     0.342020    0.0483748
1998-12-02/15:54:04      131.430     -17.0900      9.23000      114.000      2.54404     0.406737    0.0405631
1998-12-02/15:54:06      131.450     -17.2300      9.24000      113.000      1.87336     0.390731    0.0300971
1998-12-02/15:54:09      131.460     -17.3800      9.24000      114.000      2.05132     0.406737    0.0327070
1998-12-02/15:54:11      131.460     -17.5300      9.24000      113.000      1.58863     0.390731    0.0255227
1998-12-02/15:54:13      131.450     -17.6600      9.23000      116.000      2.25007     0.438371    0.0352967
1998-12-02/15:54:16      131.440     -17.8000      9.21000      115.000      2.04489     0.422618    0.0323462
1998-12-02/15:54:18      131.420     -17.9500      9.20000      115.000      2.15278     0.422618    0.0340528
1998-12-02/15:54:21      131.400     -18.0800      9.19000      113.000      1.74178     0.390731    0.0279832
1998-12-02/15:54:23      131.380     -18.2200      9.18000      112.000      2.03620     0.374607    0.0329506
1998-12-02/15:54:26      131.350     -18.3500      9.15000      107.000      3.81446     0.292372    0.0636659
1998-12-02/15:54:28      131.320     -18.4800      9.13000      105.000      3.60824     0.258819    0.0608298
1998-12-02/15:54:31      131.290     -18.6200      9.10000      104.000      2.56031     0.241922    0.0433585
1998-12-02/15:54:33      131.250     -18.7600      9.07000      105.000      2.46569     0.258819    0.0415680
1998-12-02/15:54:36      131.210     -18.9200      9.05000      108.000      2.61726     0.309017    0.0434441
1998-12-02/15:54:38      131.150     -19.0600      9.03000      112.000      1.52115     0.374607    0.0246159
1998-12-02/15:54:41      131.080     -19.2000      9.02000      113.000      1.39088     0.390731    0.0223457
1998-12-02/15:54:43      131.030     -19.3300      9.02000      113.000      1.31741     0.390731    0.0211653
1998-12-02/15:54:46      130.990     -19.4600      9.03000      113.000      1.20991     0.390731    0.0194382
1998-12-02/15:54:48      130.960     -19.5900      9.04000      114.000      1.44377     0.406737    0.0230200
1998-12-02/15:54:51      130.910     -19.7300      9.06000      114.000      1.67200     0.406737    0.0266590
1998-12-02/15:54:53      130.860     -19.8700      9.08000      113.000      1.64092     0.390731    0.0263628
1998-12-02/15:54:56      130.810     -20.0200      9.08000      113.000      1.58863     0.390731    0.0255227
1998-12-02/15:54:58      130.770     -20.1800      9.07000      113.000      1.78538     0.390731    0.0286836
1998-12-02/15:55:01      130.740     -20.3300      9.06000      112.000      1.56737     0.374607    0.0253638
1998-12-02/15:55:03      130.710     -20.4900      9.04000      111.000      2.32941     0.358368    0.0379555
1998-12-02/15:55:05      130.690     -20.6300      9.03000      109.000      2.51082     0.325568    0.0414346
1998-12-02/15:55:08      130.660     -20.7700      9.01000      109.000      2.41105     0.325568    0.0397881
1998-12-02/15:55:10      130.620     -20.9200      9.01000      109.000      2.46527     0.325568    0.0406829
1998-12-02/15:55:13      130.580     -21.0700      9.01000      111.000      2.04548     0.358368    0.0333292
1998-12-02/15:55:15      130.520     -21.2100      9.01000      114.000      1.94222     0.406737    0.0309675
1998-12-02/15:55:18      130.460     -21.3500      9.02000      118.000      2.42354     0.469472    0.0373476
1998-12-02/15:55:20      130.380     -21.4900      9.01000      120.000      2.46330     0.500000    0.0372328
1998-12-02/15:55:23      130.310     -21.6300      9.01000      120.000      2.61527     0.500000    0.0395298
1998-12-02/15:55:25      130.270     -21.7600      9.02000      120.000      2.75537     0.500000    0.0416474
1998-12-02/15:55:28      130.230     -21.8900      9.03000      118.000      2.52996     0.469472    0.0389875
1998-12-02/15:55:30      130.180     -22.0200      9.05000      119.000      2.72378     0.484810    0.0415785
1998-12-02/15:55:32      130.140     -22.1200      9.07000      119.000      2.64246     0.484810    0.0403371
1998-12-02/15:55:35      130.100     -22.2500      9.11000      116.000      2.85385     0.438371    0.0447681
1998-12-02/15:55:37      130.070     -22.3900      9.14000      114.000      1.94222     0.406737    0.0309675
1998-12-02/15:55:40      130.030     -22.5200      9.17000      114.000      2.05132     0.406737    0.0327070
1998-12-02/15:55:42      129.990     -22.6500      9.20000      114.000      2.05132     0.406737    0.0327070
1998-12-02/15:55:45      129.940     -22.8000      9.22000      114.000      2.05132     0.406737    0.0327070
1998-12-02/15:55:47      129.900     -22.9400      9.23000      114.000      1.85548     0.406737    0.0295845
1998-12-02/15:55:50      129.840     -23.0900      9.22000      114.000      1.76200     0.406737    0.0280940
1998-12-02/15:55:52      129.780     -23.2300      9.21000      117.000      2.45583     0.453991    0.0381906
1998-12-02/15:55:55      129.770     -23.3600      9.18000      116.000      2.85385     0.438371    0.0447681
1998-12-02/15:55:57      129.770     -23.4900      9.16000      117.000      2.81654     0.453991    0.0438000
1998-12-02/15:56:00      129.800     -23.6300      9.14000      116.000      2.93375     0.438371    0.0460215
1998-12-02/15:56:02      129.830     -23.7700      9.11000      115.000      2.26287     0.422618    0.0357942
1998-12-02/15:56:05      129.820     -23.9300      9.09000      113.000      1.46827     0.390731    0.0235890
1998-12-02/15:56:07      129.810     -24.0800      9.06000      115.000      2.36999     0.422618    0.0374886
1998-12-02/15:56:10      129.830     -24.2400      9.05000      114.000      1.76200     0.406737    0.0280940
1998-12-02/15:56:12      129.850     -24.4000      9.05000      115.000      2.04489     0.422618    0.0323462
1998-12-02/15:56:15      129.830     -24.5600      9.05000      117.000      2.81654     0.453991    0.0438000
1998-12-02/15:56:17      129.820     -24.7300      9.05000      118.000      2.91367     0.469472    0.0449007
1998-12-02/15:56:20      129.730     -24.9100      9.08000      119.000      2.94180     0.484810    0.0449066
1998-12-02/15:56:22      129.640     -25.1000      9.11000      123.000      1.90567     0.544639    0.0278944
1998-12-02/15:56:25      129.540     -25.2700      9.16000      127.000      3.32400     0.601815    0.0463326
1998-12-02/15:56:27      129.450     -25.4500      9.12000      119.000      2.55857     0.484810    0.0390565
1998-12-02/15:56:30      129.350     -25.6100      9.08000      117.000      2.70413     0.453991    0.0420519
1998-12-02/15:56:32      129.250     -25.7800      9.03000      118.000      3.42319     0.469472    0.0527525
1998-12-02/15:56:34      129.110     -25.9400      8.97000      117.000      3.38384     0.453991    0.0526221
1998-12-02/15:56:37      128.970     -26.1100      8.94000      116.000      3.45764     0.438371    0.0542397
1998-12-02/15:56:39      128.820     -26.2600      8.91000      117.000      2.93155     0.453991    0.0455885
1998-12-02/15:56:42      128.680     -26.4000      8.90000      120.000      2.61527     0.500000    0.0395298
1998-12-02/15:56:44      128.630     -26.5200      8.89000      117.000      2.58715     0.453991    0.0402328
1998-12-02/15:56:47      128.600     -26.6300      8.89000      119.000      3.07917     0.484810    0.0470035
1998-12-02/15:56:49      128.660     -26.7500      8.89000      121.000      3.67335     0.515038    0.0549548
1998-12-02/15:56:53      128.730     -26.9300      8.90000      130.000      5.41771     0.642788    0.0724348
1998-12-02/15:56:55      128.620     -27.1100      8.91000      138.000      4.22890     0.743145    0.0493873
1998-12-02/15:56:58      128.540     -27.2700      8.74000      140.000      4.02727     0.766045    0.0451810
1998-12-02/15:57:00      128.550     -27.3700      8.75000      142.000      3.23603     0.788011    0.0347722
1998-12-02/15:57:03      128.550     -27.4700      8.77000      142.000      2.75560     0.788011    0.0296098
1998-12-02/15:57:05      128.480     -27.6300      8.79000      142.000      2.47561     0.788011    0.0266012
1998-12-02/15:57:08      128.420     -27.7800      8.82000      144.000      2.54515     0.809017    0.0261102
1998-12-02/15:57:10      128.360     -27.9100      8.85000      140.000      3.26071     0.766045    0.0365811
1998-12-02/15:57:13      128.300     -28.0300      8.88000      146.000      1.81493     0.829038    0.0177133
1998-12-02/15:57:15      128.270     -28.1400      8.92000      148.000      2.61311     0.848048    0.0241682
1998-12-02/15:57:18      128.250     -28.2600      8.95000      142.000      5.76805     0.788011    0.0619795
1998-12-02/15:57:20      128.290     -28.3600      8.97000      141.000      11.8649     0.777146     0.130321
1998-12-02/15:57:23      128.340     -28.4600      8.98000      145.000      30.0488     0.819152     0.300812
1998-12-02/15:57:25      128.420     -28.5400      8.97000      137.000      26.5798     0.731354     0.316382
1998-12-02/15:57:28      128.500     -28.6300      8.96000      132.000      12.6497     0.669131     0.164071
1998-12-02/15:57:30      128.580     -28.7600      8.94000      129.000      5.44054     0.629321    0.0737941
1998-12-02/15:57:33      128.650     -28.8900      8.91000      126.000      5.55124     0.587785    0.0783836
1998-12-02/15:57:35      128.600     -29.0300      8.87000      124.000      2.94981     0.559193    0.0426821
1998-12-02/15:57:38      128.550     -29.1700      8.84000      118.000      7.99793     0.469472     0.123251
1998-12-02/15:57:40      128.450     -29.3100      8.80000      119.000      7.69909     0.484810     0.117527
1998-12-02/15:57:43      128.360     -29.4400      8.77000      124.000      5.87619     0.559193    0.0850251
1998-12-02/15:57:45      128.260     -29.5300      8.75000      125.000      2.77985     0.573576    0.0397432
1998-12-02/15:57:47      128.170     -29.6200      8.73000      123.000      3.84539     0.544639    0.0562871
1998-12-02/15:57:50      128.230     -29.6800      8.70000      122.000      2.93854     0.529919    0.0434940
1998-12-02/15:57:52      128.280     -29.7500      8.68000      121.000      3.90478     0.515038    0.0584170
1998-12-02/15:57:55      128.310     -29.8800      8.65000      120.000      3.88265     0.500000    0.0586862
1998-12-02/15:57:57      128.330     -30.0200      8.62000      120.000      21.9826     0.500000     0.332267
1998-12-02/15:58:00      128.230     -30.1600      8.58000      121.000      19.9174     0.515038     0.297973
1998-12-02/15:58:02      128.130     -30.3000      8.54000      126.000      25.0610     0.587785     0.353862
1998-12-02/15:58:05      128.060     -30.4300      8.51000      122.000      4.70447     0.529919    0.0696319
1998-12-02/15:58:07      128.000     -30.5500      8.50000      123.000      3.19075     0.544639    0.0467048
1998-12-02/15:58:10      127.900     -30.7100      8.53000      121.000      2.94793     0.515038    0.0441022
1998-12-02/15:58:12      127.810     -30.8400      8.56000      123.000      2.17132     0.544639    0.0317828
1998-12-02/15:58:14      127.670     -31.0000      8.60000      123.000      1.97618     0.544639    0.0289265
1998-12-02/15:58:17      127.520     -31.1700      8.65000      124.000      3.42183     0.559193    0.0495119
1998-12-02/15:58:19      127.370     -31.3000      8.71000      134.000      3.50852     0.694658    0.0440489
1998-12-02/15:58:22      127.220     -31.4200      8.78000      138.000      9.32259     0.743145     0.108874
1998-12-02/15:58:24      127.130     -31.5500      8.81000      142.000      9.36437     0.788011     0.100623
1998-12-02/15:58:27      127.060     -31.6900      8.84000      128.000      24.7730     0.615661     0.340713
1998-12-02/15:58:29      127.100     -31.8100      8.88000      127.000      22.1762     0.601815     0.309110
1998-12-02/15:58:32      127.160     -31.9300      8.91000      125.000      21.8278     0.573576     0.312070
1998-12-02/15:58:34      127.210     -32.0700      8.93000      122.000      6.63312     0.529919    0.0981783
1998-12-02/15:58:37      127.250     -32.2100      8.95000      123.000      5.86512     0.544639    0.0858511
1998-12-02/15:58:39      127.240     -32.3700      8.97000      126.000      5.29392     0.587785    0.0747502
1998-12-02/15:58:42      127.210     -32.5300      8.99000      132.000      4.66135     0.669131    0.0604592
1998-12-02/15:58:44      127.090     -32.7000      9.00000      133.000      3.01339     0.681998    0.0384645
1998-12-02/15:58:47      126.950     -32.8700      9.01000      135.000      4.49516     0.707107    0.0554763
1998-12-02/15:58:49      126.850     -33.0000      9.01000      135.000      3.60312     0.707107    0.0444673
1998-12-02/15:58:52      126.770     -33.1100      9.01000      132.000      8.40628     0.669131     0.109032
1998-12-02/15:58:54      126.690     -33.2200      9.01000      115.000      6.18140     0.422618    0.0977777
1998-12-02/15:58:57      126.630     -33.3200      9.00000      116.000      5.41446     0.438371    0.0849362
1998-12-02/15:58:59      126.550     -33.4100      9.01000      117.000      3.27689     0.453991    0.0509589
1998-12-02/15:59:02      126.480     -33.5100      9.02000      116.000      2.93375     0.438371    0.0460215
1998-12-02/15:59:04      126.440     -33.6100      9.05000      114.000      1.94222     0.406737    0.0309675
1998-12-02/15:59:07      126.410     -33.7100      9.08000      115.000      2.36999     0.422618    0.0374886
1998-12-02/15:59:09      126.360     -33.8400      9.11000      115.000      2.46981     0.422618    0.0390676
1998-12-02/15:59:12      126.290     -33.9900      9.13000      118.000      2.71868     0.469472    0.0418958
1998-12-02/15:59:14      126.280     -34.1200      9.16000      118.000      2.62505     0.469472    0.0404529
1998-12-02/15:59:17      126.300     -34.2400      9.17000      117.000      2.70413     0.453991    0.0420519
1998-12-02/15:59:19      126.300     -34.3800      9.18000      118.000      2.42354     0.469472    0.0373476
1998-12-02/15:59:21      126.290     -34.5100      9.19000      118.000      1.63059     0.469472    0.0251279
1998-12-02/15:59:24      126.320     -34.6300      9.19000      116.000      2.15172     0.438371    0.0337538
1998-12-02/15:59:26      126.380     -34.7300      9.18000      116.000      2.35343     0.438371    0.0369181
1998-12-02/15:59:29      126.390     -34.8300      9.15000      117.000      2.58715     0.453991    0.0402328
1998-12-02/15:59:31      126.360     -34.9200      9.12000      117.000      3.60112     0.453991    0.0560010
1998-12-02/15:59:34      126.300     -35.0400      9.08000      116.000      3.34944     0.438371    0.0525424
1998-12-02/15:59:36      126.190     -35.1700      9.04000      123.000      1.97618     0.544639    0.0289265
1998-12-02/15:59:39      126.100     -35.3000      9.01000      130.000      3.52345     0.642788    0.0471085
1998-12-02/15:59:41      126.050     -35.4300      8.99000      131.000      2.94219     0.656059    0.0387550
1998-12-02/15:59:44      125.970     -35.5700      8.96000      131.000      2.86963     0.656059    0.0377993
1998-12-02/15:59:46      125.880     -35.7200      8.94000      130.000      2.23617     0.642788    0.0298976
1998-12-02/15:59:49      125.830     -35.8700      8.94000      131.000      2.64955     0.656059    0.0349003
1998-12-02/15:59:51      125.840     -36.0200      8.94000      128.000      2.71384     0.615661    0.0373245
1998-12-02/15:59:53      125.860     -36.1700      8.95000      127.000      3.32400     0.601815    0.0463326
1998-12-02/15:59:56      125.900     -36.3000      8.96000      127.000      3.69186     0.601815    0.0514602
1998-12-02/15:59:58      125.880     -36.4600      8.99000      125.000      2.29797     0.573576    0.0328538
1998-12-02/16:00:01      125.790     -36.6500      9.02000      126.000      2.78934     0.587785    0.0393855
1998-12-02/16:00:03      125.670     -36.8500      9.05000      126.000      2.54888     0.587785    0.0359902
1998-12-02/16:00:06      125.500     -37.0600      9.09000      127.000      3.18256     0.601815    0.0443611
1998-12-02/16:00:08      125.360     -37.2600      9.13000      128.000      2.84796     0.615661    0.0391691
1998-12-02/16:00:11      125.260     -37.4200      9.17000      126.000      2.17909     0.587785    0.0307688
1998-12-02/16:00:13      125.190     -37.5700      9.20000      125.000      1.64420     0.573576    0.0235070
1998-12-02/16:00:16      125.150     -37.7000      9.22000      126.000      2.45908     0.587785    0.0347222
1998-12-02/16:00:18      125.130     -37.8200      9.24000      130.000      2.80401     0.642788    0.0374896
1998-12-02/16:00:21      125.140     -37.9400      9.25000      134.000      3.75230     0.694658    0.0471096
1998-12-02/16:00:23      125.140     -38.0600      9.26000      137.000      3.85431     0.731354    0.0458783
1998-12-02/16:00:26      125.120     -38.2100      9.26000      136.000      3.25040     0.719340    0.0394081
1998-12-02/16:00:28      125.070     -38.3700      9.24000      134.000      2.32540     0.694658    0.0291950
1998-12-02/16:00:31      124.970     -38.5500      9.22000      127.000      4.27100     0.601815    0.0595327
1998-12-02/16:00:33      124.850     -38.7300      9.20000      125.000      2.12168     0.573576    0.0303334
1998-12-02/16:00:36      124.710     -38.9000      9.17000      125.000      1.91644     0.573576    0.0273992
1998-12-02/16:00:38      124.590     -39.0600      9.15000      124.000      1.68852     0.559193    0.0244319
1998-12-02/16:00:41      124.500     -39.2200      9.13000      124.000      1.61080     0.559193    0.0233074
1998-12-02/16:00:43      124.430     -39.3700      9.13000      125.000      2.01076     0.573576    0.0287476
1998-12-02/16:00:46      124.390     -39.5100      9.12000      125.000      2.35709     0.573576    0.0336991
1998-12-02/16:00:48      124.380     -39.6400      9.12000      124.000      2.26797     0.559193    0.0328162
1998-12-02/16:00:51      124.420     -39.8200      9.12000      124.000      1.94146     0.559193    0.0280918
1998-12-02/16:00:54      124.490     -39.9500      9.15000      123.000      1.97618     0.544639    0.0289265
1998-12-02/16:00:56      124.580     -40.0800      9.17000      122.000      2.86821     0.529919    0.0424530
1998-12-02/16:00:59      124.650     -40.2000      9.20000      121.000      3.04718     0.515038    0.0455870
1998-12-02/16:01:01      124.710     -40.3100      9.22000      122.000      2.56560     0.529919    0.0379740
1998-12-02/16:01:04      124.720     -40.4300      9.24000      120.000      3.44536     0.500000    0.0520766
1998-12-02/16:01:06      124.700     -40.5500      9.26000      121.000      3.31091     0.515038    0.0495325
1998-12-02/16:01:09      124.690     -40.6600      9.27000      119.000      3.00080     0.484810    0.0458072
1998-12-02/16:01:11      124.690     -40.7800      9.27000      119.000      2.80616     0.484810    0.0428360
1998-12-02/16:01:14      124.680     -40.9100      9.26000      117.000      2.81654     0.453991    0.0438000
1998-12-02/16:01:16      124.660     -41.0400      9.23000      117.000      2.58715     0.453991    0.0402328
1998-12-02/16:01:19      124.630     -41.1700      9.21000      116.000      2.35343     0.438371    0.0369181
1998-12-02/16:01:21      124.600     -41.3000      9.18000      117.000      3.16633     0.453991    0.0492396
1998-12-02/16:01:24      124.580     -41.4300      9.15000      116.000      3.01723     0.438371    0.0473310
1998-12-02/16:01:26      124.560     -41.5600      9.11000      117.000      3.27689     0.453991    0.0509589
1998-12-02/16:01:29      124.580     -41.6700      9.08000      117.000      3.48879     0.453991    0.0542542
1998-12-02/16:01:31      124.630     -41.7800      9.06000      117.000      4.31892     0.453991    0.0671635
1998-12-02/16:01:34      124.670     -41.9000      9.03000      116.000      3.56278     0.438371    0.0558890
1998-12-02/16:01:36      124.690     -42.0200      9.01000      144.000      8.33847     0.809017    0.0855426
1998-12-02/16:01:39      124.690     -42.1500      9.00000      121.000      3.90478     0.515038    0.0584170
1998-12-02/16:01:41      124.650     -42.2900      8.98000      120.000      4.89963     0.500000    0.0740579
1998-12-02/16:01:44      124.570     -42.4300      8.98000      120.000      3.05288     0.500000    0.0461443
1998-12-02/16:01:46      124.430     -42.5800      8.97000      119.000      2.94180     0.484810    0.0449066
1998-12-02/16:01:49      124.280     -42.7200      8.97000      117.000      2.31939     0.453991    0.0360688
1998-12-02/16:01:51      124.120     -42.8800      8.97000      118.000      2.62505     0.469472    0.0404529
1998-12-02/16:01:54      124.000     -43.0200      8.97000      118.000      2.52996     0.469472    0.0389875
1998-12-02/16:01:56      123.920     -43.1600      8.96000      117.000      3.38384     0.453991    0.0526221
1998-12-02/16:01:59      123.820     -43.3000      8.96000      116.000      3.01723     0.438371    0.0473310
1998-12-02/16:02:01      123.720     -43.4400      8.96000      115.000      3.09391     0.422618    0.0489396
1998-12-02/16:02:03      123.660     -43.5800      8.97000      114.000      2.17026     0.406737    0.0346034
1998-12-02/16:02:06      123.640     -43.7100      8.98000      113.000      1.87336     0.390731    0.0300971
1998-12-02/16:02:08      123.560     -43.8600      9.00000      111.000      2.16209     0.358368    0.0352292
1998-12-02/16:02:11      123.440     -44.0100      9.03000      112.000      2.09250     0.374607    0.0338617
1998-12-02/16:02:13      123.280     -44.1800      9.06000      112.000      1.81141     0.374607    0.0293130
1998-12-02/16:02:16      123.090     -44.3700      9.09000      111.000      2.25057     0.358368    0.0366709
1998-12-02/16:02:18      122.900     -44.5500      9.11000      112.000      1.47353     0.374607    0.0238453
1998-12-02/16:02:21      122.730     -44.7200      9.13000      111.000      2.32941     0.358368    0.0379555
1998-12-02/16:02:23      122.580     -44.9000      9.13000      112.000      1.42458     0.374607    0.0230531
1998-12-02/16:02:26      122.470     -45.0700      9.11000      112.000      1.94513     0.374607    0.0314769
1998-12-02/16:02:28      122.390     -45.2300      9.09000      111.000      2.32941     0.358368    0.0379555
1998-12-02/16:02:31      122.370     -45.3700      9.05000      114.000      3.21946     0.406737    0.0513323
1998-12-02/16:02:33      122.360     -45.5200      9.01000      116.000      3.77145     0.438371    0.0591624
1998-12-02/16:02:35      122.370     -45.6600      8.97000      117.000      4.65407     0.453991    0.0723754
1998-12-02/16:02:38      122.380     -45.8000      8.93000      118.000      4.21409     0.469472    0.0649406
1998-12-02/16:02:40      122.390     -45.9300      8.88000      122.000      2.86821     0.529919    0.0424530
1998-12-02/16:02:43      122.380     -46.0800      8.85000      117.000      2.81654     0.453991    0.0438000
1998-12-02/16:02:45      122.330     -46.2400      8.83000      115.000      2.46981     0.422618    0.0390676
1998-12-02/16:02:48      122.260     -46.4100      8.81000      112.000      1.47353     0.374607    0.0238453
1998-12-02/16:02:50      122.160     -46.6000      8.81000      114.000      2.05132     0.406737    0.0327070
1998-12-02/16:02:53      122.090     -46.7800      8.81000      112.000      1.74712     0.374607    0.0282726
1998-12-02/16:02:55      122.090     -46.9500      8.83000      112.000      1.94513     0.374607    0.0314769
1998-12-02/16:02:58      122.100     -47.1100      8.86000      112.000      1.61897     0.374607    0.0261988
1998-12-02/16:03:00      122.100     -47.2600      8.90000      111.000      2.16209     0.358368    0.0352292
1998-12-02/16:03:03      122.070     -47.4100      8.92000      111.000      2.25057     0.358368    0.0366709
1998-12-02/16:03:05      121.930     -47.5800      8.94000      113.000      1.78538     0.390731    0.0286836
1998-12-02/16:03:08      121.770     -47.7400      8.95000      112.000      1.81141     0.374607    0.0293130
1998-12-02/16:03:10      121.530     -47.9200      8.98000      112.000      2.03620     0.374607    0.0329506
1998-12-02/16:03:13      121.290     -48.0900      9.01000      111.000      2.53204     0.358368    0.0412572
1998-12-02/16:03:15      121.000     -48.2600      9.03000      114.000      2.46245     0.406737    0.0392622
1998-12-02/16:03:18      120.750     -48.4300      9.04000      106.000      3.76704     0.275637    0.0632003
1998-12-02/16:03:20      120.680     -48.5700      9.04000      124.000      1.50721     0.559193    0.0218085
1998-12-02/16:03:23      120.650     -48.7000      9.03000      127.000      2.53994     0.601815    0.0354038
1998-12-02/16:03:25      120.880     -48.8100      9.02000      132.000      2.28452     0.669131    0.0296310
1998-12-02/16:03:28      121.090     -48.9100      9.00000      132.000      2.40943     0.669131    0.0312511
1998-12-02/16:03:30      121.170     -49.0000      8.99000      133.000      2.17168     0.681998    0.0277205
1998-12-02/16:03:32      121.270     -49.1200      8.99000      133.000      2.38774     0.681998    0.0304784
1998-12-02/16:03:35      121.150     -49.2800      8.99000      134.000      2.23258     0.694658    0.0280297
1998-12-02/16:03:37      121.010     -49.4500      9.00000      132.000      2.82961     0.669131    0.0367010
1998-12-02/16:03:40      120.970     -49.5900      9.03000      131.000      3.42408     0.656059    0.0451026
1998-12-02/16:03:42      120.940     -49.7400      9.04000      129.000      3.48074     0.629321    0.0472119
1998-12-02/16:03:45      121.030     -49.8700      9.05000      127.000      3.45851     0.601815    0.0482075
1998-12-02/16:03:47      121.140     -50.0000      9.07000      123.000      1.83647     0.544639    0.0268814
1998-12-02/16:03:50      121.300     -50.1400      9.10000      123.000      1.90567     0.544639    0.0278944
1998-12-02/16:03:52      121.470     -50.2700      9.11000      121.000      2.63036     0.515038    0.0393512
1998-12-02/16:03:55      121.660     -50.4000      9.11000      118.000      3.01293     0.469472    0.0464303
1998-12-02/16:03:57      121.860     -50.5300      9.11000      115.000      3.00722     0.422618    0.0475684
1998-12-02/16:04:00      122.100     -50.6600      9.10000      115.000      3.09391     0.422618    0.0489396
1998-12-02/16:04:02      122.340     -50.7900      9.08000      114.000      1.94222     0.406737    0.0309675
1998-12-02/16:04:04      122.480     -50.9500      9.07000      113.000      1.58863     0.390731    0.0255227
1998-12-02/16:04:07      122.590     -51.1100      9.05000      111.000      2.01220     0.358368    0.0327869
1998-12-02/16:04:09      122.750     -51.2800      9.02000      114.000      2.54404     0.406737    0.0405631
1998-12-02/16:04:12      122.920     -51.4500      9.01000      113.000      1.92248     0.390731    0.0308863
1998-12-02/16:04:14      122.810     -51.7600      9.00000      112.000      1.98706     0.374607    0.0321554
1998-12-02/16:04:17      122.660     -52.1000      9.00000      112.000      1.98706     0.374607    0.0321554
1998-12-02/16:04:19      122.060     -52.5800      8.99000      112.000      2.54874     0.374607    0.0412448
1998-12-02/16:04:22      121.380     -53.0800      8.98000      114.000      2.09785     0.406737    0.0334489
1998-12-02/16:04:24      118.580     -54.0300      8.97000      120.000      3.44536     0.500000    0.0520766
1998-12-02/16:04:27      115.330     -55.0600      8.93000      124.000      1.68852     0.559193    0.0244319
1998-12-02/16:04:29      112.510     -55.6600      8.87000      124.000      1.55036     0.559193    0.0224328
1998-12-02/16:04:32      109.800     -56.1400      8.81000      124.000      1.55036     0.559193    0.0224328
1998-12-02/16:04:34      110.600     -55.9400      8.74000      123.000      1.71277     0.544639    0.0250708
1998-12-02/16:04:37      112.310     -55.5600      8.66000      121.000      2.75133     0.515038    0.0411610
1998-12-02/16:05:04      112.300     -56.4700      8.59000      114.000      3.55449     0.406737    0.0566741
1998-12-02/16:05:06      112.360     -56.5300      8.52000      114.000      4.32846     0.406737    0.0690146
1998-12-02/16:05:09      111.930     -56.7000      8.46000      115.000      5.53081     0.422618    0.0874866
1998-12-02/16:05:11      111.180     -56.9400      8.41000      117.000      2.45583     0.453991    0.0381906
1998-12-02/17:23:50      110.560      74.3500      8.39000      108.000      5.65703     0.309017    0.0939014
1998-12-02/17:23:55      111.240      74.0300      8.37000      91.0000      3.54734    0.0174525    0.0619033
1998-12-02/17:24:20      111.820      72.7200      8.37000      94.0000      3.35741    0.0697566    0.0584551
1998-12-02/17:24:22      111.880      72.6000      8.37000      98.0000      4.26953     0.139173    0.0737922
1998-12-02/17:24:24      111.940      72.4700      8.37000      107.000      4.25171     0.292372    0.0709639
1998-12-02/17:24:27      111.690      72.4300      8.38000      109.000      5.05363     0.325568    0.0833971
1998-12-02/17:24:29      111.450      72.3900      8.40000      109.000      4.13709     0.325568    0.0682720
1998-12-02/17:24:32      111.500      72.2600      8.42000      111.000      2.89320     0.358368    0.0471420
1998-12-02/17:24:34      111.550      72.1300      8.45000      115.000      3.47634     0.422618    0.0549889
1998-12-02/17:24:37      111.660      72.0800      8.48000      108.000      3.03428     0.309017    0.0503662
1998-12-02/17:24:39      111.760      72.0300      8.53000      108.000      2.61726     0.309017    0.0434441
1998-12-02/17:24:42      111.930      71.8900      8.57000      111.000      2.43529     0.358368    0.0396807
1998-12-02/17:24:44      112.100      71.7500      8.59000      109.000      3.11900     0.325568    0.0514710
1998-12-02/17:24:47      112.030      71.7000      8.62000      111.000      4.67092     0.358368    0.0761082
1998-12-02/17:24:49      111.960      71.6500      8.65000      110.000      4.01453     0.342020    0.0658412
1998-12-02/17:24:52      112.500      71.4600      8.68000      109.000      5.20272     0.325568    0.0858574
1998-12-02/17:24:54      113.050      71.2600      8.70000      107.000      3.81446     0.292372    0.0636659
1998-12-02/17:24:57      113.160      71.1800      8.73000      105.000      4.72693     0.258819    0.0796894
1998-12-02/17:24:59      113.260      71.1100      8.75000      104.000      3.45956     0.241922    0.0585871
1998-12-02/17:25:02      113.690      70.9300      8.77000      104.000      5.25640     0.241922    0.0890164
1998-12-02/17:25:04      114.140      70.7400      8.77000      105.000      3.60824     0.258819    0.0608298
1998-12-02/17:25:07      114.260      70.6700      8.77000      107.000      4.92515     0.292372    0.0822040
1998-12-02/17:25:09      114.370      70.6000      8.77000      108.000      2.88853     0.309017    0.0479469
1998-12-02/17:25:12      115.170      70.3800      8.77000      110.000      3.07254     0.342020    0.0503919
1998-12-02/17:25:14      116.010      70.1400      8.78000      111.000      2.47319     0.358368    0.0402983
1998-12-02/17:25:17      116.550      69.9900      8.79000      113.000      2.64073     0.390731    0.0424255
1998-12-02/17:25:19      117.070      69.8500      8.79000      112.000      2.54874     0.374607    0.0412448
1998-12-02/17:25:22      117.600      69.6200      8.80000      111.000      3.72656     0.358368    0.0607208
1998-12-02/17:25:24      118.140      69.3800      8.80000      112.000      2.74726     0.374607    0.0444573
1998-12-02/17:25:27      118.260      69.2600      8.80000      113.000      2.79642     0.390731    0.0449268
1998-12-02/17:25:29      118.340      69.1500      8.80000      113.000      1.97323     0.390731    0.0317016
1998-12-02/17:25:32      118.410      69.0200      8.80000      112.000      4.32754     0.374607    0.0700300
1998-12-02/17:25:34      118.480      68.8800      8.79000      112.000      2.74726     0.374607    0.0444573
1998-12-02/17:25:37      118.790      68.7600      8.78000      108.000      5.99225     0.309017    0.0994658
1998-12-02/17:25:39      119.120      68.6300      8.77000      105.000      4.56806     0.258819    0.0770110
1998-12-02/17:25:42      119.280      68.4600      8.77000      108.000      3.72693     0.309017    0.0618636
1998-12-02/17:25:45      119.410      68.3400      8.76000      108.000      2.94697     0.309017    0.0489170
1998-12-02/17:25:47      119.760      68.2400      8.76000      110.000      3.10278     0.342020    0.0508879
1998-12-02/17:25:50      120.110      68.1400      8.76000      111.000      2.09106     0.358368    0.0340718
1998-12-02/17:25:52      120.510      67.9300      8.77000      111.000      2.32941     0.358368    0.0379555
1998-12-02/17:25:55      120.910      67.7400      8.77000      111.000      2.25057     0.358368    0.0366709
1998-12-02/17:25:57      121.350      67.5800      8.77000      112.000      2.29214     0.374607    0.0370924
1998-12-02/17:26:00      121.750      67.4200      8.77000      112.000      1.90709     0.374607    0.0308613
1998-12-02/17:26:02      121.950      67.1900      8.77000      111.000      3.06196     0.358368    0.0498917
1998-12-02/17:26:05      122.140      66.9800      8.77000      115.000      3.61512     0.422618    0.0571842
1998-12-02/17:26:07      122.160      66.8700      8.78000      111.000      3.42468     0.358368    0.0558019
1998-12-02/17:26:10      122.210      66.7500      8.78000      109.000      3.84268     0.325568    0.0634135
1998-12-02/17:26:12      122.440      66.5400      8.78000      110.000      4.60853     0.342020    0.0755833
1998-12-02/17:26:15      122.650      66.3300      8.78000      112.000      2.74726     0.374607    0.0444573
1998-12-02/17:26:17      122.730      66.2100      8.79000      113.000      4.06747     0.390731    0.0653473
1998-12-02/17:26:20      122.810      66.0900      8.79000      112.000      2.03620     0.374607    0.0329506
1998-12-02/17:26:22      122.930      65.9100      8.78000      111.000      2.59786     0.358368    0.0423297
1998-12-02/17:26:25      123.040      65.7400      8.79000      113.000      2.10025     0.390731    0.0337423
1998-12-02/17:26:27      123.200      65.5800      8.81000      111.000      2.59786     0.358368    0.0423297
1998-12-02/17:26:30      123.360      65.4300      8.83000      110.000      3.00121     0.342020    0.0492220
1998-12-02/17:26:32      123.480      65.2700      8.84000      109.000      3.50897     0.325568    0.0579065
1998-12-02/17:26:34      123.610      65.1200      8.86000      110.000      3.17304     0.342020    0.0520402
1998-12-02/17:26:37      123.800      64.9500      8.88000      105.000      4.30197     0.258819    0.0725251
1998-12-02/17:26:39      123.980      64.7800      8.90000      111.000      3.19789     0.358368    0.0521066
1998-12-02/17:26:42      124.080      64.6100      8.97000      115.000      5.27870     0.422618    0.0834988
1998-12-02/17:26:44      124.190      64.4400      9.02000      117.000      4.65407     0.453991    0.0723754
1998-12-02/17:26:47      124.250      64.2800      9.08000      115.000      22.3924     0.422618     0.354204
1998-12-02/17:26:49      124.300      64.1300      9.15000      115.000      5.53081     0.422618    0.0874866
1998-12-02/17:26:52      124.420      63.9900      9.22000      167.000      11.1554     0.974370    0.0437976
1998-12-02/17:26:54      124.530      63.8400      9.27000      118.000      21.8068     0.469472     0.336050
1998-12-02/17:26:57      124.630      63.7100      9.30000      169.000      9.60327     0.981627    0.0319812
1998-12-02/17:26:59      124.730      63.5900      9.31000      115.000      9.62023     0.422618     0.152173
1998-12-02/17:27:01      124.810      63.4800      9.30000      116.000      21.9194     0.438371     0.343848
1998-12-02/17:27:04      124.900      63.3500      9.29000      130.000      6.28058     0.642788    0.0839713
1998-12-02/17:27:06      125.100      63.2200      9.26000      111.000      6.70059     0.358368     0.109180
1998-12-02/17:27:09      125.330      63.0800      9.23000      111.000      4.16675     0.358368    0.0678932
1998-12-02/17:27:11      125.610      62.9100      9.19000      111.000      4.86263     0.358368    0.0792319
1998-12-02/17:27:14      125.900      62.7300      9.15000      111.000      3.50869     0.358368    0.0571708
1998-12-02/17:27:16      126.180      62.5100      9.12000      114.000      6.96180     0.406737     0.111002
1998-12-02/17:27:19      126.460      62.2700      9.10000      114.000      4.32846     0.406737    0.0690146
1998-12-02/17:27:21      126.510      62.1200      9.09000      113.000      2.42089     0.390731    0.0388936
1998-12-02/17:27:24      126.510      61.9800      9.08000      114.000      2.54404     0.406737    0.0405631
1998-12-02/17:27:26      126.400      61.8200      9.08000      112.000      2.15767     0.374607    0.0349163
1998-12-02/17:27:29      126.270      61.6600      9.07000      110.000      2.65743     0.342020    0.0435838
1998-12-02/17:27:31      126.180      61.5100      9.06000      112.000      2.22430     0.374607    0.0359945
1998-12-02/17:27:34      126.100      61.3700      9.03000      109.000      3.04196     0.325568    0.0501997
1998-12-02/17:27:36      125.960      61.2500      9.00000      112.000      2.39763     0.374607    0.0387994
1998-12-02/17:27:39      125.810      61.1400      8.99000      113.000      1.82806     0.390731    0.0293693
1998-12-02/17:27:41      125.640      61.0800      8.97000      115.000      3.61512     0.422618    0.0571842
1998-12-02/17:27:44      125.460      61.0300      8.94000      113.000      1.92248     0.390731    0.0308863
1998-12-02/17:27:46      125.420      60.9700      8.91000      115.000      3.61512     0.422618    0.0571842
1998-12-02/17:27:49      125.430      60.9100      8.89000      115.000      2.78826     0.422618    0.0441048
1998-12-02/17:27:51      125.510      60.8200      8.87000      115.000      3.16159     0.422618    0.0500102
1998-12-02/17:27:54      125.610      60.7100      8.86000      118.000      3.20731     0.469472    0.0494257
1998-12-02/17:27:56      125.730      60.5900      8.84000      117.000      4.31892     0.453991    0.0671635
1998-12-02/17:27:59      125.860      60.4800      8.83000      123.000      2.22103     0.544639    0.0325105
1998-12-02/17:28:01      126.000      60.3300      8.83000      121.000      3.90478     0.515038    0.0584170
1998-12-02/17:28:04      126.130      60.1800      8.83000      124.000      3.18371     0.559193    0.0460665
1998-12-02/17:28:06      126.210      60.0400      8.83000      167.000      8.35580     0.974370    0.0328060
1998-12-02/17:28:09      126.260      59.9100      8.83000      126.000      5.55124     0.587785    0.0783836
1998-12-02/17:28:11      126.340      59.7700      8.84000      113.000      5.74550     0.390731    0.0923063
1998-12-02/17:28:14      126.440      59.6400      8.85000      113.000      2.42089     0.390731    0.0388936
1998-12-02/17:28:16      126.500      59.4800      8.86000      110.000      4.01453     0.342020    0.0658412
1998-12-02/17:28:19      126.550      59.3200      8.87000      112.000      2.54874     0.374607    0.0412448
1998-12-02/17:28:21      126.550      59.2000      8.89000      110.000      4.60853     0.342020    0.0755833
1998-12-02/17:28:23      126.540      59.0700      8.91000      108.000      3.27522     0.309017    0.0543656
1998-12-02/17:28:26      126.540      58.9300      8.92000      109.000      3.63450     0.325568    0.0599780
1998-12-02/17:28:28      126.560      58.7900      8.93000      111.000      2.89320     0.358368    0.0471420
1998-12-02/17:28:31      126.560      58.6600      8.93000      112.000      5.11072     0.374607    0.0827038
1998-12-02/17:28:33      126.530      58.5400      8.93000      113.000      3.00172     0.390731    0.0482252
1998-12-02/17:28:35      126.500      58.4200      8.92000      114.000      5.47039     0.406737    0.0872220
1998-12-02/17:28:38      126.480      58.3000      8.91000      113.000      2.53069     0.390731    0.0406577
1998-12-02/17:28:40      126.490      58.1900      8.89000      113.000      2.64073     0.390731    0.0424255
1998-12-02/17:28:43      126.540      58.0700      8.87000      113.000      1.78538     0.390731    0.0286836
1998-12-02/17:28:45      126.620      57.9400      8.85000      113.000      2.10025     0.390731    0.0337423
1998-12-02/17:28:48      126.740      57.7900      8.82000      115.000      4.90301     0.422618    0.0775561
1998-12-02/17:28:50      126.840      57.6500      8.80000      166.000      17.4672     0.970296    0.0737523
1998-12-02/17:28:53      126.900      57.5100      8.77000      166.000      23.6946     0.970296     0.100047
1998-12-02/17:28:55      126.970      57.3600      8.76000      87.0000      20.8008    0.0523359     0.362545
1998-12-02/17:28:58      127.050      57.2100      8.76000      168.000      45.0000     0.978148     0.163293
1998-12-02/17:29:00      127.100      57.0600      8.76000      172.000      18.1827     0.990268    0.0441663
1998-12-02/17:29:03      127.110      56.9200      8.77000      110.000      26.6230     0.342020     0.436637
1998-12-02/17:29:05      127.110      56.7900      8.79000      108.000      18.8223     0.309017     0.312433
1998-12-02/17:29:08      127.100      56.6600      8.80000      106.000      4.58811     0.275637    0.0769756
1998-12-02/17:29:10      127.080      56.5500      8.82000      112.000      3.13059     0.374607    0.0506605
1998-12-02/17:29:13      127.060      56.4500      8.83000      112.000      2.09250     0.374607    0.0338617
1998-12-02/17:29:15      127.050      56.3500      8.86000      113.000      4.23993     0.390731    0.0681180
1998-12-02/17:29:18      127.030      56.2500      8.89000      119.000      6.66047     0.484810     0.101672
1998-12-02/17:29:20      127.030      56.1500      8.91000      118.000      9.06853     0.469472     0.139749
1998-12-02/17:29:23      127.030      56.0600      8.91000      118.000      7.28891     0.469472     0.112325
1998-12-02/17:29:25      127.070      55.9600      8.92000      121.000      6.51334     0.515038    0.0974421
1998-12-02/17:29:28      127.190      55.8300      8.93000      118.000      7.28891     0.469472     0.112325
1998-12-02/17:29:30      127.290      55.7000      8.95000      114.000      4.72533     0.406737    0.0753424
1998-12-02/17:29:33      127.390      55.5800      8.95000      114.000      4.53015     0.406737    0.0722304
1998-12-02/17:29:35      127.500      55.4400      8.96000      111.000      3.93253     0.358368    0.0640768
1998-12-02/17:29:38      127.680      55.2700      8.95000      110.000      4.20403     0.342020    0.0689492
1998-12-02/17:29:41      127.840      55.0200      8.95000      115.000      3.75347     0.422618    0.0593726
1998-12-02/17:29:44      127.900      54.8200      8.94000      115.000      5.82346     0.422618    0.0921158
1998-12-02/17:29:46      127.900      54.6500      8.93000      115.000      9.95592     0.422618     0.157483
1998-12-02/17:29:49      127.880      54.5000      8.91000      118.000      21.8068     0.469472     0.336050
1998-12-02/17:29:51      127.880      54.3400      8.90000      119.000      23.7264     0.484810     0.362183
1998-12-02/17:29:53      127.900      54.1800      8.89000      103.000      7.18252     0.224951     0.122146
1998-12-02/17:29:56      127.910      54.0400      8.88000      109.000      5.05363     0.325568    0.0833971
1998-12-02/17:29:58      127.910      53.9100      8.85000      106.000      3.98240     0.275637    0.0668134
1998-12-02/17:30:01      127.930      53.7800      8.82000      108.000      3.86319     0.309017    0.0641254
1998-12-02/17:30:03      127.960      53.6500      8.80000      104.000      3.45956     0.241922    0.0585871
1998-12-02/17:30:06      128.040      53.5000      8.78000      101.000      5.21273     0.190809    0.0893078
1998-12-02/17:30:08      128.160      53.3400      8.76000      98.0000      5.00329     0.139173    0.0864741
1998-12-02/17:30:18      128.270      52.7400      8.75000      111.000      8.14810     0.358368     0.132766
1998-12-02/17:30:21      128.240      52.5900      8.76000      114.000      3.55449     0.406737    0.0566741
1998-12-02/17:30:23      128.180      52.4400      8.77000      108.000      3.46035     0.309017    0.0574386
1998-12-02/17:30:26      128.140      52.3300      8.79000      113.000      1.87336     0.390731    0.0300971
1998-12-02/17:30:28      128.110      52.2400      8.80000      113.000      1.74178     0.390731    0.0279832
1998-12-02/17:30:31      128.090      52.1200      8.83000      113.000      2.30954     0.390731    0.0371047
1998-12-02/17:30:33      128.080      51.9800      8.85000      111.000      2.53204     0.358368    0.0412572
1998-12-02/17:30:36      128.090      51.8700      8.86000      113.000      3.00172     0.390731    0.0482252
1998-12-02/17:30:38      128.120      51.7900      8.86000      111.000      3.06196     0.358368    0.0498917
1998-12-02/17:30:41      128.160      51.6600      8.84000      112.000      5.51131     0.374607    0.0891863
1998-12-02/17:30:43      128.220      51.5000      8.82000      112.000      3.60949     0.374607    0.0584102
1998-12-02/17:30:46      128.250      51.3800      8.79000      112.000      3.28072     0.374607    0.0530900
1998-12-02/17:30:48      128.260      51.2900      8.77000      112.000      2.29214     0.374607    0.0370924
1998-12-02/17:30:51      128.320      51.1700      8.75000      111.000      6.70059     0.358368     0.109180
1998-12-02/17:30:53      128.410      51.0300      8.72000      109.000      5.39605     0.325568    0.0890478
1998-12-02/17:30:56      128.490      50.9100      8.71000      105.000      20.0866     0.258819     0.338632
1998-12-02/17:30:58      128.570      50.8200      8.69000      154.000      12.1514     0.898794    0.0929706
1998-12-02/17:31:00      128.640      50.7100      8.68000      153.000      14.3678     0.891007     0.113845
1998-12-02/17:31:03      128.750      50.5400      8.66000      149.000      11.1052     0.857167    0.0998259
1998-12-02/17:31:05      128.880      50.3800      8.67000      148.000      5.29970     0.848048    0.0490160
1998-12-02/17:31:08      129.020      50.2400      8.67000      133.000      3.88307     0.681998    0.0495656
1998-12-02/17:31:10      129.150      50.0800      8.68000      138.000      4.22890     0.743145    0.0493873
1998-12-02/17:31:13      129.220      49.9000      8.69000      128.000      4.06287     0.615661    0.0558782
1998-12-02/17:31:15      129.290      49.7300      8.70000      124.000      1.99801     0.559193    0.0289101
1998-12-02/17:31:18      129.360      49.6000      8.71000      125.000      2.29797     0.573576    0.0328538
1998-12-02/17:31:20      129.430      49.4500      8.72000      123.000      1.71277     0.544639    0.0250708
1998-12-02/17:31:23      129.470      49.2800      8.71000      120.000      2.92475     0.500000    0.0442076
1998-12-02/17:31:25      129.520      49.1100      8.71000      117.000      3.60112     0.453991    0.0560010
1998-12-02/17:31:27      129.590      48.9600      8.71000      120.000      3.34165     0.500000    0.0505090
1998-12-02/17:31:30      129.650      48.8100      8.70000      120.000      2.68786     0.500000    0.0406270
1998-12-02/17:31:32      129.670      48.6300      8.69000      119.000      3.57206     0.484810    0.0545275
1998-12-02/17:31:35      129.680      48.4700      8.68000      119.000      3.07917     0.484810    0.0470035
1998-12-02/17:31:37      129.710      48.3400      8.69000      121.000      3.18689     0.515038    0.0476771
1998-12-02/17:31:40      129.730      48.2000      8.69000      120.000      3.57647     0.500000    0.0540583
1998-12-02/17:31:42      129.740      48.0300      8.70000      103.000      4.36973     0.224951    0.0743115
1998-12-02/17:31:45      129.740      47.8700      8.70000      123.000      3.03702     0.544639    0.0444546
1998-12-02/17:31:47      129.750      47.7500      8.70000      125.000      2.47499     0.573576    0.0353847
1998-12-02/17:31:50      129.760      47.6100      8.69000      123.000      2.27303     0.544639    0.0332716
1998-12-02/17:31:52      129.790      47.4400      8.67000      116.000      3.56278     0.438371    0.0558890
1998-12-02/17:31:55      129.810      47.2800      8.65000      118.000      3.73865     0.469472    0.0576139
1998-12-02/17:31:57      129.850      47.1500      9.40000      114.000      2.46245     0.406737    0.0392622
1998-12-02/17:32:00      129.880      47.0200      9.52000      115.000      3.16159     0.422618    0.0500102
1998-12-02/17:32:02      129.860      46.8700      9.65000      115.000      3.09391     0.422618    0.0489396
1998-12-02/17:32:05      129.830      46.7200      9.81000      118.000      3.42319     0.469472    0.0527525
1998-12-02/17:32:07      129.840      46.5800      9.98000      111.000      3.42468     0.358368    0.0558019
1998-12-02/17:32:10      129.850      46.4400      10.1700      115.000      4.36896     0.422618    0.0691084
1998-12-02/17:32:12      129.870      46.3100      10.3600      110.000      3.07254     0.342020    0.0503919
1998-12-02/17:32:15      129.880      46.1800      10.5100      112.000      2.03620     0.374607    0.0329506
1998-12-02/17:32:17      129.920      46.0400      10.6400      111.000      2.32941     0.358368    0.0379555
1998-12-02/17:32:19      129.950      45.9200      10.7200      121.000      2.80403     0.515038    0.0419494
1998-12-02/17:32:22      129.960      45.7800      10.7700      129.000      3.12558     0.629321    0.0423946
1998-12-02/17:32:24      129.980      45.6500      10.7300      132.000      2.60335     0.669131    0.0337663
1998-12-02/17:32:27      130.010      45.5100      10.6700      131.000      2.94219     0.656059    0.0387550
1998-12-02/17:32:29      130.050      45.3800      10.5400      138.000      4.22890     0.743145    0.0493873
1998-12-02/17:32:32      130.080      45.2400      10.4100      135.000      2.52047     0.707107    0.0311060
1998-12-02/17:32:34      130.120      45.0900      10.2800      134.000      4.55141     0.694658    0.0571423
1998-12-02/17:32:37      130.140      44.9500      10.1700      130.000      5.41771     0.642788    0.0724348
1998-12-02/17:32:39      130.170      44.8100      10.1500      132.000      6.32968     0.669131    0.0820980
1998-12-02/17:32:42      130.190      44.6700      10.1500      119.000      7.49223     0.484810     0.114369
1998-12-02/17:32:44      130.210      44.5200      10.2100      123.000      7.02375     0.544639     0.102811
1998-12-02/17:32:47      130.230      44.3900      10.2700      115.000      4.24559     0.422618    0.0671570
1998-12-02/17:32:49      130.240      44.2500      10.3300      118.000      3.56851     0.469472    0.0549920
1998-12-02/17:32:52      130.260      44.1100      10.3600      118.000      3.10994     0.469472    0.0479252
1998-12-02/17:32:54      130.270      43.9700      10.2800      117.000      4.15842     0.453991    0.0646676
1998-12-02/17:32:57      130.290      43.8200      10.1600      120.000      4.01660     0.500000    0.0607109
1998-12-02/17:32:59      130.300      43.6800      9.91000      116.000      4.78372     0.438371    0.0750418
1998-12-02/17:33:02      130.300      43.5400      9.61000      117.000      3.04900     0.453991    0.0474150
1998-12-02/17:33:04      130.310      43.4100      9.13000      120.000      3.14954     0.500000    0.0476053
1998-12-02/17:33:07      130.320      43.2700      6.33000      119.000      3.42648     0.484810    0.0523052
1998-12-02/17:33:09      130.330      43.1400      6.22000      122.000      4.21993     0.529919    0.0624602
1998-12-02/17:33:12      130.340      43.0200      6.33000      121.000      4.36846     0.515038    0.0653539
1998-12-02/17:33:14      130.340      42.9100      6.62000      119.000      3.42648     0.484810    0.0523052
1998-12-02/17:33:17      130.340      42.7600      6.95000      119.000      3.57206     0.484810    0.0545275
1998-12-02/17:33:19      130.320      42.6000      8.15000      122.000      2.66196     0.529919    0.0394003
1998-12-02/17:33:22      130.340      42.4800      8.31000      115.000      3.75347     0.422618    0.0593726
1998-12-02/17:33:24      130.370      42.3600      8.42000      118.000      3.42319     0.469472    0.0527525
1998-12-02/17:33:26      130.360      42.2100      8.51000      118.000      3.56851     0.469472    0.0549920
1998-12-02/17:33:29      130.360      42.0500      8.57000      114.000      3.37699     0.406737    0.0538440
1998-12-02/17:33:31      130.390      41.9300      8.61000      106.000      4.88163     0.275637    0.0819000
1998-12-02/17:33:34      130.420      41.8200      8.72000      120.000      4.21716     0.500000    0.0637424
1998-12-02/17:33:36      130.420      41.6700      8.79000      97.0000      3.78387     0.121869    0.0655487
1998-12-02/17:33:40      130.420      41.4700      8.93000      104.000      3.92555     0.241922    0.0664786
1998-12-02/17:33:42      130.440      41.3500      9.15000      106.000      4.88163     0.275637    0.0819000
1998-12-02/17:33:45      130.460      41.2300      9.48000      118.000      4.71316     0.469472    0.0726314
1998-12-02/17:33:47      130.440      41.0800      9.90000      116.000      6.06317     0.438371    0.0951124
1998-12-02/17:33:50      130.430      40.9300      10.3800      117.000      8.49580     0.453991     0.132118
1998-12-02/17:33:52      130.460      40.8100      10.9100      125.000      7.21738     0.573576     0.103186
1998-12-02/17:33:55      130.480      40.7000      11.4100      130.000      7.13225     0.642788    0.0953582
1998-12-02/17:33:57      130.470      40.5400      11.8800      121.000      8.57916     0.515038     0.128348
1998-12-02/17:34:00      130.470      40.4000      12.2700      122.000      7.34258     0.529919     0.108679
1998-12-02/17:34:02      130.510      40.2900      12.5700      122.000      3.33634     0.529919    0.0493819
1998-12-02/17:34:05      130.550      40.1700      12.7100      132.000      6.73908     0.669131    0.0874081
1998-12-02/17:34:07      130.560      40.0300      12.6800      115.000      4.90301     0.422618    0.0775561
1998-12-02/17:34:10      130.570      39.8800      12.6100      115.000      4.24559     0.422618    0.0671570
1998-12-02/17:34:12      130.620      39.7600      12.3700      115.000      3.34448     0.422618    0.0529032
1998-12-02/17:34:14      130.660      39.6400      12.1200      115.000      4.36896     0.422618    0.0691084
1998-12-02/17:34:17      130.640      39.4900      11.8300      114.000      2.74282     0.406737    0.0437326
1998-12-02/17:34:19      130.640      39.3500      11.5300      117.000      5.46353     0.453991    0.0849633
1998-12-02/17:34:22      130.660      39.2300      11.2300      118.000      6.05586     0.469472    0.0933229
1998-12-02/17:34:24      130.690      39.1200      10.9100      124.000      4.60390     0.559193    0.0666158
1998-12-02/17:34:27      130.690      38.9700      10.5300      128.000      9.41108     0.615661     0.129434
1998-12-02/17:34:29      130.690      38.8300      10.1400      123.000      6.37952     0.544639    0.0933806
1998-12-02/17:34:32      130.690      38.7200      9.71000      127.000      8.63176     0.601815     0.120317
1998-12-02/17:34:34      130.690      38.6100      9.26000      113.000      17.3017     0.390731     0.277966
1998-12-02/17:34:37      130.680      38.4600      8.74000      104.000      18.8654     0.241922     0.319483
1998-12-02/17:34:39      130.680      38.3100      8.22000      109.000      25.5614     0.325568     0.421825
1998-12-02/17:34:42      130.700      38.1900      7.71000      111.000      5.62288     0.358368    0.0916195
1998-12-02/17:34:44      130.720      38.0800      7.24000      112.000      2.39763     0.374607    0.0387994
1998-12-02/17:34:47      130.720      37.9300      6.87000      113.000      2.53069     0.390731    0.0406577
1998-12-02/17:34:49      130.720      37.7900      6.54000      112.000      1.98706     0.374607    0.0321554
1998-12-02/17:34:52      130.740      37.6800      6.36000      112.000      2.09250     0.374607    0.0338617
1998-12-02/17:34:54      130.770      37.5700      6.24000      114.000      2.74282     0.406737    0.0437326
1998-12-02/17:34:57      130.770      37.4200      6.46000      115.000      3.75347     0.422618    0.0593726
1998-12-02/17:34:59      130.770      37.2800      6.78000      113.000      2.53069     0.390731    0.0406577
1998-12-02/17:35:01      130.790      37.1500      7.15000      109.000      3.04196     0.325568    0.0501997
1998-12-02/17:35:04      130.810      37.0200      7.70000      115.000      3.34448     0.422618    0.0529032
1998-12-02/17:35:06      130.820      36.8800      8.25000      113.000      2.02531     0.390731    0.0325383
1998-12-02/17:35:09      130.830      36.7500      8.86000      112.000      1.90709     0.374607    0.0308613
1998-12-02/17:35:11      130.840      36.6200      9.45000      109.000      2.93767     0.325568    0.0484786
1998-12-02/17:35:14      130.860      36.4800      9.98000      112.000      3.13059     0.374607    0.0506605
1998-12-02/17:35:16      130.880      36.3500      10.4600      111.000      2.89320     0.358368    0.0471420
1998-12-02/17:35:19      130.900      36.2100      10.7900      112.000      2.15767     0.374607    0.0349163
1998-12-02/17:35:21      130.920      36.0800      11.1200      114.000      2.63779     0.406737    0.0420579
1998-12-02/17:35:24      130.930      35.9500      11.2600      116.000      4.46577     0.438371    0.0700542
1998-12-02/17:35:26      130.940      35.8100      11.3400      114.000      4.12941     0.406737    0.0658409
1998-12-02/17:35:29      130.960      35.6800      11.3700      109.000      4.13709     0.325568    0.0682720
1998-12-02/17:35:31      130.970      35.5400      11.3500      110.000      3.59163     0.342020    0.0589054
1998-12-02/17:35:34      130.990      35.4100      11.3000      109.000      5.20272     0.325568    0.0858574
1998-12-02/17:35:36      131.000      35.2700      11.2300      105.000      3.60824     0.258819    0.0608298
1998-12-02/17:35:39      131.010      35.1400      11.1600      112.000      3.13059     0.374607    0.0506605
1998-12-02/17:35:41      131.020      35.0000      11.0800      117.000      4.65407     0.453991    0.0723754
1998-12-02/17:35:44      131.050      34.8700      11.0000      116.000      7.09205     0.438371     0.111252
1998-12-02/17:35:46      131.060      34.7400      10.8800      131.000      9.97315     0.656059     0.131368
1998-12-02/17:35:49      131.070      34.6100      10.7200      116.000      21.9194     0.438371     0.343848
1998-12-02/17:35:51      131.080      34.4800      10.5500      137.000      26.5798     0.731354     0.316382
1998-12-02/17:35:54      131.100      34.3500      10.3700      114.000      7.90321     0.406737     0.126012
1998-12-02/17:35:56      131.110      34.2200      10.1500      132.000      5.30442     0.669131    0.0688000
1998-12-02/17:35:59      131.130      34.0800      9.92000      114.000      8.15788     0.406737     0.130072
1998-12-02/17:36:01      131.140      33.9400      9.70000      115.000      3.24076     0.422618    0.0512625
1998-12-02/17:36:04      131.160      33.8000      9.50000      113.000      4.06747     0.390731    0.0653473
1998-12-02/17:36:06      131.170      33.6700      9.33000      112.000      3.60949     0.374607    0.0584102
1998-12-02/17:36:09      131.170      33.5300      9.17000      110.000      9.32133     0.342020     0.152877
1998-12-02/17:36:11      131.200      33.3900      9.08000      114.000      3.37699     0.406737    0.0538440
1998-12-02/17:36:14      131.230      33.2600      9.03000      105.000      4.42859     0.258819    0.0746598
1998-12-02/17:36:16      131.250      33.1200      9.02000      105.000      3.26672     0.258819    0.0550723
1998-12-02/17:36:18      131.260      33.0100      9.04000      100.000      3.10054     0.173648    0.0532925
1998-12-02/17:36:23      131.300      32.7400      9.06000      99.0000      4.06312     0.156434    0.0700417
1998-12-02/17:36:25      131.310      32.6000      9.09000      98.0000      4.02632     0.139173    0.0695887
1998-12-02/17:36:28      131.310      32.4600      9.12000      102.000      3.72861     0.207912    0.0636544
1998-12-02/17:36:30      131.310      32.3200      9.14000      104.000      3.65734     0.241922    0.0619365
1998-12-02/17:36:33      131.330      32.1900      9.15000      107.000      3.13206     0.292372    0.0522762
1998-12-02/17:36:35      131.340      32.0500      9.15000      106.000      3.07495     0.275637    0.0515890
1998-12-02/17:36:38      131.340      31.9100      9.14000      111.000      2.41315     0.358368    0.0393200
1998-12-02/17:36:40      131.350      31.7700      9.13000      124.000      1.94146     0.559193    0.0280918
1998-12-02/17:36:43      131.380      31.6400      9.11000      130.000      2.80401     0.642788    0.0374896
1998-12-02/17:36:45      131.400      31.5100      9.08000      125.000      2.96422     0.573576    0.0423792
1998-12-02/17:36:48      131.390      31.3800      9.05000      116.000      5.86277     0.438371    0.0919688
1998-12-02/17:36:50      131.400      31.2500      9.02000      113.000      2.64073     0.390731    0.0424255
1998-12-02/17:36:53      131.420      31.1100      9.01000      114.000      4.32846     0.406737    0.0690146
1998-12-02/17:36:55      131.430      30.9800      9.03000      112.000      3.60949     0.374607    0.0584102
1998-12-02/17:36:58      131.430      30.8400      9.07000      113.000      3.00172     0.390731    0.0482252
1998-12-02/17:37:00      131.440      30.7000      9.14000      112.000      2.22430     0.374607    0.0359945
1998-12-02/17:37:03      131.460      30.5600      9.23000      113.000      2.64073     0.390731    0.0424255
1998-12-02/17:37:05      131.480      30.4300      9.35000      111.000      2.47319     0.358368    0.0402983
1998-12-02/17:37:08      131.500      30.2900      9.47000      109.000      3.32780     0.325568    0.0549167
1998-12-02/17:37:10      131.510      30.1600      9.56000      109.000      3.63450     0.325568    0.0599780
1998-12-02/17:37:13      131.510      30.0200      9.63000      111.000      3.93253     0.358368    0.0640768
1998-12-02/17:37:15      131.510      29.8900      9.64000      110.000      3.07254     0.342020    0.0503919
1998-12-02/17:37:18      131.520      29.7500      9.62000      109.000      2.83748     0.325568    0.0468253
1998-12-02/17:37:20      131.530      29.6100      9.54000      113.000      4.66686     0.390731    0.0749770
1998-12-02/17:37:23      131.540      29.4800      9.44000      114.000      3.93486     0.406737    0.0627389
1998-12-02/17:37:25      131.540      29.3400      9.33000      120.000      4.01660     0.500000    0.0607109
1998-12-02/17:37:28      131.530      29.2000      9.21000      123.000      4.07612     0.544639    0.0596645
1998-12-02/17:37:30      131.520      29.0700      9.10000      125.000      4.47399     0.573576    0.0639642
1998-12-02/17:37:33      131.540      28.9300      8.99000      124.000      4.82249     0.559193    0.0697787
1998-12-02/17:37:35      131.540      28.8000      8.91000      126.000      25.0610     0.587785     0.353862
1998-12-02/17:37:41      131.540      28.4700      8.85000      97.0000      9.73018     0.121869     0.168558
1998-12-02/17:37:43      131.540      28.3300      8.82000      112.000      6.79187     0.374607     0.109909
1998-12-02/17:37:46      131.550      28.2000      8.80000      114.000      3.93486     0.406737    0.0627389
1998-12-02/17:37:48      131.560      28.0700      8.82000      115.000      5.53081     0.422618    0.0874866
1998-12-02/17:37:51      131.560      27.9300      8.84000      115.000      3.34448     0.422618    0.0529032
1998-12-02/17:37:53      131.560      27.8000      9.31000      115.000      3.75347     0.422618    0.0593726
1998-12-02/17:37:56      131.560      27.6600      9.47000      115.000      2.78826     0.422618    0.0441048
1998-12-02/17:37:58      131.560      27.5200      9.58000      117.000      3.04900     0.453991    0.0474150
1998-12-02/17:38:01      131.560      27.3800      9.68000      116.000      3.56278     0.438371    0.0558890
1998-12-02/17:38:03      131.560      27.2500      9.77000      126.000      3.62091     0.587785    0.0511273
1998-12-02/17:38:06      131.570      27.1100      9.84000      133.000      2.81077     0.681998    0.0358782
1998-12-02/17:38:08      131.570      26.9700      9.90000      133.000      4.47367     0.681998    0.0571043
1998-12-02/17:38:11      131.580      26.8400      9.94000      136.000      4.32886     0.719340    0.0524834
1998-12-02/17:38:13      131.590      26.7000      9.97000      138.000      6.83281     0.743145    0.0797972
1998-12-02/17:38:16      131.590      26.5700      9.97000      135.000      5.34991     0.707107    0.0660251
1998-12-02/17:38:18      131.600      26.4300      9.96000      131.000      8.04393     0.656059     0.105956
1998-12-02/17:38:56      131.660      24.4000      9.91000      163.000      8.17192     0.956305    0.0417001
1998-12-02/17:38:58      131.680      24.3100      9.84000      163.000      22.5857     0.956305     0.115251
1998-12-02/17:39:00      131.700      24.1800      9.75000      161.000      22.4388     0.945519     0.127503
1998-12-02/17:39:03      131.690      24.0400      9.64000      132.000      24.7334     0.669131     0.320800
1998-12-02/17:39:05      131.690      23.9000      9.50000      130.000      5.28399     0.642788    0.0706469
1998-12-02/17:39:08      131.710      23.7900      9.34000      125.000      8.59088     0.573576     0.122823
1998-12-02/17:39:10      131.720      23.6600      9.16000      124.000      2.16123     0.559193    0.0312718
1998-12-02/17:39:12      131.700      23.5200      8.97000      117.000      6.88610     0.453991     0.107086
1998-12-02/17:39:15      131.690      23.3800      8.75000      119.000      3.29344     0.484810    0.0502743
1998-12-02/17:39:17      131.720      23.2600      8.51000      120.000      5.29080     0.500000    0.0799704
1998-12-02/17:39:20      131.740      23.1400      8.26000      122.000      3.51694     0.529919    0.0520550
1998-12-02/17:39:22      131.700      22.9900      8.01000      121.000      2.86288     0.515038    0.0428298
1998-12-02/17:39:25      131.690      22.8500      7.75000      123.000      2.11018     0.544639    0.0308879
1998-12-02/17:39:27      131.710      22.7300      7.48000      123.000      2.53819     0.544639    0.0371529
1998-12-02/17:39:30      131.720      22.6000      7.24000      125.000      2.21851     0.573576    0.0317178
1998-12-02/17:39:32      131.710      22.4500      7.41000      127.000      6.92645     0.601815    0.0965465
1998-12-02/17:39:35      131.700      22.3100      7.66000      126.000      6.22073     0.587785    0.0878368
1998-12-02/17:39:37      131.730      22.1900      8.09000      131.000      7.75094     0.656059     0.102097
1998-12-02/17:39:40      131.750      22.0700      8.50000      131.000      4.89541     0.656059    0.0644832
1998-12-02/17:39:42      131.730      21.9200      8.87000      132.000      7.45392     0.669131    0.0966798
1998-12-02/17:39:45      131.730      21.7700      9.21000      130.000      5.28399     0.642788    0.0706469
1998-12-02/17:39:47      131.750      21.6600      9.45000      132.000      4.66135     0.669131    0.0604592
1998-12-02/17:39:50      131.760      21.5400      9.65000      125.000      9.47304     0.573576     0.135435
1998-12-02/17:39:52      131.750      21.3900      9.73000      127.000      5.79770     0.601815    0.0808131
1998-12-02/17:39:55      131.740      21.2400      9.78000      124.000      2.07314     0.559193    0.0299972
1998-12-02/17:39:57      131.770      21.1200      9.73000      119.000      8.41045     0.484810     0.128385
1998-12-02/17:40:00      131.790      21.0000      9.67000      117.000      6.66541     0.453991     0.103654
1998-12-02/17:40:02      131.770      20.8400      9.52000      116.000      5.66333     0.438371    0.0888402
1998-12-02/17:40:05      131.750      20.6900      9.37000      114.000      5.47039     0.406737    0.0872220
1998-12-02/17:40:07      131.760      20.5700      9.23000      111.000      6.14871     0.358368     0.100187
1998-12-02/17:40:10      131.770      20.4400      9.11000      116.000      4.03187     0.438371    0.0632476
1998-12-02/17:40:12      131.760      20.2900      9.07000      117.000      4.00009     0.453991    0.0622054
1998-12-02/17:40:15      131.750      20.1400      9.05000      132.000      2.98051     0.669131    0.0386582
1998-12-02/17:40:17      131.760      20.0300      9.24000      135.000      2.52047     0.707107    0.0311060
1998-12-02/17:40:19      131.780      19.9100      9.41000      135.000      1.83978     0.707107    0.0227054
1998-12-02/17:40:22      131.760      19.7600      9.60000      137.000      3.41887     0.731354    0.0406952
1998-12-02/17:40:24      131.740      19.6000      9.81000      131.000      4.38158     0.656059    0.0577149
1998-12-02/17:40:27      131.760      19.4900      10.0300      117.000      3.27689     0.453991    0.0509589
1998-12-02/17:40:29      131.790      19.3700      10.2900      118.000      3.30730     0.469472    0.0509666
1998-12-02/17:40:32      131.790      19.2300      10.5500      121.000      2.80403     0.515038    0.0419494
1998-12-02/17:40:34      131.780      19.0800      10.8300      115.000      3.34448     0.422618    0.0529032
1998-12-02/17:40:37      131.780      18.9400      11.1200      122.000      3.03619     0.529919    0.0449393
1998-12-02/17:40:39      131.770      18.8000      11.3900      125.000      2.35709     0.573576    0.0336991
1998-12-02/17:40:42      131.770      18.6700      11.6000      132.000      2.98051     0.669131    0.0386582
1998-12-02/17:40:44      131.770      18.5400      11.6500      136.000      1.70074     0.719340    0.0206199
1998-12-02/17:40:47      131.780      18.4100      11.6500      136.000      2.72704     0.719340    0.0330628
1998-12-02/17:40:49      131.790      18.2800      11.5200      135.000      1.73604     0.707107    0.0214251
1998-12-02/17:40:52      131.780      18.1400      11.2900      138.000      5.25326     0.743145    0.0613504
1998-12-02/17:40:54      131.770      18.0000      11.0600      153.000      7.59046     0.891007    0.0601440
1998-12-02/17:40:57      131.780      17.8700      10.8100      123.000      3.47125     0.544639    0.0508106
1998-12-02/17:40:59      131.780      17.7300      10.5400      122.000      3.27587     0.529919    0.0484869
1998-12-02/17:41:02      131.790      17.6000      10.2700      119.000      6.91906     0.484810     0.105619
1998-12-02/17:41:04      131.800      17.4600      9.98000      124.000      3.97079     0.559193    0.0574551
1998-12-02/17:41:07      131.800      17.3300      9.64000      118.000      3.10994     0.469472    0.0479252
1998-12-02/17:41:09      131.790      17.1900      9.24000      119.000      2.87886     0.484810    0.0439458
1998-12-02/17:41:11      131.790      17.0600      8.86000      118.000      4.34637     0.469472    0.0669791
1998-12-02/17:41:14      131.790      16.9200      8.47000      118.000      4.45736     0.469472    0.0686894
1998-12-02/17:41:16      131.790      16.7900      8.16000      115.000      3.34448     0.422618    0.0529032
1998-12-02/17:41:19      131.790      16.6700      7.92000      115.000      4.53078     0.422618    0.0716681
1998-12-02/17:41:21      131.790      16.5300      7.86000      120.000      7.06002     0.500000     0.106712
1998-12-02/17:41:24      131.790      16.3900      7.95000      118.000      4.98984     0.469472    0.0768951
1998-12-02/17:41:26      131.790      16.2600      8.24000      117.000      6.66541     0.453991     0.103654
1998-12-02/17:41:29      131.800      16.1300      8.70000      121.000      5.49953     0.515038    0.0822751
1998-12-02/17:41:31      131.800      16.0100      9.24000      120.000      21.9826     0.500000     0.332267
1998-12-02/17:41:34      131.810      15.9000      9.87000      115.000      22.3924     0.422618     0.354204
1998-12-02/17:41:37      131.790      15.7200      10.4500      120.000      21.9826     0.500000     0.332267
1998-12-02/17:41:40      131.770      15.5800      11.0000      120.000      21.9826     0.500000     0.332267
1998-12-02/17:41:42      131.790      15.4700      11.4500      116.000      21.9194     0.438371     0.343848
1998-12-02/17:41:45      131.800      15.3500      11.8300      117.000      3.85261     0.453991    0.0599119
1998-12-02/17:41:47      131.800      15.1900      12.0500      122.000      6.10862     0.529919    0.0904151
1998-12-02/17:41:50      131.790      15.0500      12.1500      123.000      4.32308     0.544639    0.0632794
1998-12-02/17:41:52      131.820      14.9400      12.0900      124.000      5.55415     0.559193    0.0803654
1998-12-02/17:41:55      131.840      14.8300      11.6200      126.000      4.35442     0.587785    0.0614845
1998-12-02/17:41:57      131.820      14.6800      11.2600      125.000      21.8278     0.573576     0.312070
1998-12-02/17:41:59      131.800      14.5400      10.8700      123.000      4.07612     0.544639    0.0596645
1998-12-02/17:42:02      131.820      14.4200      10.4600      122.000      7.52825     0.529919     0.111427
1998-12-02/17:42:04      131.830      14.3000      10.0800      122.000      3.33634     0.529919    0.0493819
1998-12-02/17:42:07      131.820      14.1500      9.73000      121.000      2.94793     0.515038    0.0441022
1998-12-02/17:42:09      131.810      14.0000      9.49000      122.000      2.48027     0.529919    0.0367110
1998-12-02/17:42:12      131.830      13.8900      9.15000      121.000      3.18689     0.515038    0.0476771
1998-12-02/17:42:14      131.840      13.7700      8.80000      117.000      4.65407     0.453991    0.0723754
1998-12-02/17:42:17      131.820      13.6200      8.38000      121.000      3.67335     0.515038    0.0549548
1998-12-02/17:42:19      131.800      13.4800      7.94000      121.000      3.31091     0.515038    0.0495325
1998-12-02/17:42:22      131.820      13.3700      7.44000      122.000      3.12708     0.529919    0.0462846
1998-12-02/17:42:24      131.840      13.2600      6.95000      130.000      3.08779     0.642788    0.0412837
1998-12-02/17:42:27      131.810      13.1100      6.46000      131.000      3.73483     0.656059    0.0491958
1998-12-02/17:42:29      131.790      12.9600      6.03000      133.000      3.16770     0.681998    0.0404342
1998-12-02/17:42:32      131.800      12.8400      5.73000      141.000      6.17150     0.777146    0.0677860
1998-12-02/17:42:34      131.810      12.7100      5.51000      135.000      2.99077     0.707107    0.0369101
1998-12-02/17:42:37      131.790      12.5700      5.51000      139.000      6.46150     0.754710    0.0739867
1998-12-02/17:42:39      131.770      12.4200      7.60000      133.000      3.01339     0.681998    0.0384645
1998-12-02/17:42:42      131.790      12.3100      8.13000      130.000      4.84274     0.642788    0.0647474
1998-12-02/17:42:44      131.810      12.1900      8.67000      129.000      4.25829     0.629321    0.0577584
1998-12-02/17:42:47      131.800      12.0600      9.20000      127.000      5.57686     0.601815    0.0777348
1998-12-02/17:42:49      131.780      11.9200      9.70000      122.000      5.61617     0.529919    0.0831262
1998-12-02/17:42:52      131.800      11.8000      10.1700      121.000      10.1557     0.515038     0.151933
1998-12-02/17:42:54      131.810      11.6800      10.5600      115.000      4.24559     0.422618    0.0671570
1998-12-02/17:42:56      131.790      11.5600      10.9100      119.000      5.88945     0.484810    0.0899024
1998-12-02/17:42:59      131.770      11.4100      11.1400      120.000      3.88265     0.500000    0.0586862
1998-12-02/17:43:01      131.780      11.2800      11.3500      119.000      5.88945     0.484810    0.0899024
1998-12-02/17:43:04      131.810      11.1600      11.2000      118.000      7.58900     0.469472     0.116949
1998-12-02/17:43:06      131.800      11.0200      11.0200      123.000      23.1802     0.544639     0.339302
1998-12-02/17:43:09      131.790      10.8700      10.7400      123.000      3.32815     0.544639    0.0487160
1998-12-02/17:43:11      131.800      10.7500      10.3800      124.000      2.39890     0.559193    0.0347107
1998-12-02/17:43:14      131.810      10.6400      10.1200      126.000      3.91933     0.587785    0.0553410
1998-12-02/17:43:16      131.800      10.5000      9.88000      127.000      3.69186     0.601815    0.0514602
1998-12-02/17:43:19      131.780      10.3600      9.67000      133.000      2.51485     0.681998    0.0321009
1998-12-02/17:43:21      131.770      10.2200      9.49000      140.000      4.26135     0.766045    0.0478071
1998-12-02/17:43:24      131.770      10.0900      9.34000      142.000      3.39940     0.788011    0.0365276
1998-12-02/17:43:26      131.770      9.96000      9.20000      143.000      4.93335     0.798636    0.0518182
1998-12-02/17:43:29      131.770      9.84000      9.07000      141.000      5.84887     0.777146    0.0642423
1998-12-02/17:43:31      131.770      9.71000      8.92000      128.000      4.76905     0.615661    0.0655906
1998-12-02/17:43:34      131.760      9.58000      8.76000      126.000      3.17024     0.587785    0.0447638
1998-12-02/17:43:36      131.760      9.45000      8.59000      126.000      2.17909     0.587785    0.0307688
1998-12-02/17:43:39      131.760      9.32000      8.42000      125.000      2.41496     0.573576    0.0345264
1998-12-02/17:43:41      131.760      9.18000      8.26000      123.000      1.97618     0.544639    0.0289265
1998-12-02/17:43:44      131.760      9.04000      8.10000      122.000      2.66196     0.529919    0.0394003
1998-12-02/17:43:46      131.760      8.91000      7.59000      125.000      2.54251     0.573576    0.0363500
1998-12-02/17:43:49      131.770      8.79000      7.56000      115.000      3.09391     0.422618    0.0489396
1998-12-02/17:43:51      131.760      8.67000      7.52000      116.000      4.03187     0.438371    0.0632476
1998-12-02/17:43:54      131.750      8.55000      7.48000      127.000      4.38046     0.601815    0.0610584
1998-12-02/17:43:56      131.740      8.42000      7.44000      112.000      3.60949     0.374607    0.0584102
1998-12-02/17:43:59      131.730      8.29000      7.97000      130.000      4.24681     0.642788    0.0567798
1998-12-02/17:44:01      131.720      8.15000      8.02000      141.000      7.95020     0.777146    0.0873227
1998-12-02/17:44:03      131.720      8.02000      8.19000      149.000      14.9701     0.857167     0.134568
1998-12-02/17:44:06      131.710      7.88000      8.30000      157.000      37.7804     0.920505     0.257645
1998-12-02/17:44:08      131.690      7.75000      8.33000      158.000      10.3776     0.927184    0.0678500
1998-12-02/17:44:11      131.690      7.61000      8.33000      159.000      11.0307     0.933580    0.0689937
1998-12-02/17:44:13      131.680      7.48000      8.34000      155.000      11.0113     0.906308    0.0812203
1998-12-02/17:44:15      131.680      7.37000      8.37000      154.000      10.9134     0.898794    0.0834986
1998-12-02/17:44:18      131.670      7.23000      8.42000      133.000      4.90012     0.681998    0.0625477
1998-12-02/17:44:20      131.670      7.10000      8.54000      116.000      6.70074     0.438371     0.105114
1998-12-02/17:44:23      131.660      6.96000      8.68000      114.000      3.93486     0.406737    0.0627389
1998-12-02/17:44:25      131.670      6.83000      8.89000      113.000      2.53069     0.390731    0.0406577
1998-12-02/17:44:28      131.690      6.71000      9.09000      113.000      1.97323     0.390731    0.0317016
1998-12-02/17:44:30      131.700      6.58000      9.27000      114.000      2.09785     0.406737    0.0334489
1998-12-02/17:44:33      131.680      6.41000      9.41000      116.000      3.45764     0.438371    0.0542397
1998-12-02/17:44:35      131.670      6.26000      9.42000      116.000      5.10837     0.438371    0.0801346
1998-12-02/17:44:38      131.690      6.13000      9.38000      121.000      3.23298     0.515038    0.0483666
1998-12-02/17:44:40      131.690      5.99000      9.23000      121.000      3.31091     0.515038    0.0495325
1998-12-02/17:44:43      131.660      5.84000      9.06000      118.000      3.56851     0.469472    0.0549920
1998-12-02/17:44:45      131.650      5.70000      8.83000      115.000      5.27870     0.422618    0.0834988
1998-12-02/17:44:48      131.660      5.57000      8.63000      113.000      1.92248     0.390731    0.0308863
1998-12-02/17:44:50      131.660      5.43000      8.08000      114.000      3.09401     0.406737    0.0493321
1998-12-02/17:44:53      131.640      5.27000      8.01000      110.000      3.03986     0.342020    0.0498559
1998-12-02/17:44:55      131.630      5.12000      7.92000      114.000      6.39498     0.406737     0.101964
1998-12-02/17:44:58      131.650      5.00000      7.84000      116.000      5.41446     0.438371    0.0849362
1998-12-02/17:45:00      131.660      4.86000      7.81000      122.000      3.27587     0.529919    0.0484869
1998-12-02/17:45:03      131.650      4.70000      7.81000      115.000      4.24559     0.422618    0.0671570
1998-12-02/17:45:05      131.650      4.56000      7.86000      120.000      3.34165     0.500000    0.0505090
1998-12-02/17:45:08      131.670      4.44000      7.95000      115.000      2.46981     0.422618    0.0390676
1998-12-02/17:45:10      131.680      4.32000      8.06000      114.000      2.05132     0.406737    0.0327070
1998-12-02/17:45:13      131.670      4.17000      8.20000      114.000      2.54404     0.406737    0.0405631
1998-12-02/17:45:15      131.670      4.03000      8.34000      115.000      4.36896     0.422618    0.0691084
1998-12-02/17:45:18      131.700      3.92000      8.49000      112.000      3.48033     0.374607    0.0563201
1998-12-02/17:45:20      131.720      3.79000      8.64000      115.000      5.82346     0.422618    0.0921158
1998-12-02/17:45:23      131.700      3.65000      8.78000      114.000      5.84843     0.406737    0.0932496
1998-12-02/17:45:25      131.700      3.52000      8.91000      116.000      8.72278     0.438371     0.136834
1998-12-02/17:45:28      131.740      3.41000      9.03000      113.000      4.06747     0.390731    0.0653473
1998-12-02/17:45:30      131.760      3.29000      9.11000      115.000      4.13745     0.422618    0.0654464
1998-12-02/17:45:33      131.750      3.14000      9.18000      114.000      2.17026     0.406737    0.0346034
1998-12-02/17:45:36      131.750      2.96000      9.21000      115.000      4.90301     0.422618    0.0775561
1998-12-02/17:45:38      131.780      2.84000      9.22000      116.000      5.41446     0.438371    0.0849362
1998-12-02/17:45:41      131.780      2.71000      9.22000      116.000      5.86277     0.438371    0.0919688
1998-12-02/17:45:43      131.770      2.57000      9.22000      119.000      5.88945     0.484810    0.0899024
1998-12-02/17:45:46      131.790      2.45000      9.21000      124.000      3.18371     0.559193    0.0460665
1998-12-02/17:45:48      131.810      2.33000      9.19000      122.000      4.21993     0.529919    0.0624602
1998-12-02/17:45:51      131.810      2.20000      9.17000      124.000      3.61780     0.559193    0.0523475
1998-12-02/17:45:53      131.780      2.05000      9.13000      123.000      2.27303     0.544639    0.0332716
1998-12-02/17:45:56      131.790      1.92000      9.08000      115.000      3.34448     0.422618    0.0529032
1998-12-02/17:45:58      131.820      1.80000      9.02000      116.000      5.41446     0.438371    0.0849362
1998-12-02/17:46:01      131.820      1.66000      8.96000      120.000      7.65753     0.500000     0.115744
1998-12-02/17:46:03      131.800      1.52000      8.89000      117.000      10.7070     0.453991     0.166505
1998-12-02/17:46:06      131.800      1.39000      8.84000      128.000      24.7730     0.615661     0.340713
1998-12-02/17:46:08      131.830      1.27000      8.81000      137.000      8.45725     0.731354     0.100668
1998-12-02/17:46:11      131.820      1.13000      8.80000      131.000      10.4613     0.656059     0.137798
1998-12-02/17:46:13      131.800     0.980000      8.79000      132.000      24.7334     0.669131     0.320800
1998-12-02/17:46:16      131.790     0.840000      8.80000      133.000      9.19740     0.681998     0.117400
1998-12-02/17:46:18      131.800     0.710000      8.81000      127.000      22.1762     0.601815     0.309110
1998-12-02/17:46:21      131.800     0.580000      8.83000      159.000      20.9348     0.933580     0.130941
1998-12-02/17:46:23      131.790     0.460000      8.83000      161.000      6.22764     0.945519    0.0353869
1998-12-02/17:46:26      131.790     0.330000      8.82000      162.000      5.24723     0.951056    0.0283002
1998-12-02/17:46:28      131.800     0.200000      8.81000      123.000      3.32815     0.544639    0.0487160
1998-12-02/17:46:31      131.800    0.0700000      8.81000      119.000      6.91906     0.484810     0.105619
1998-12-02/17:46:33      131.810   -0.0600000      8.80000      114.000      2.85912     0.406737    0.0455869
1998-12-02/17:46:36      131.810    -0.190000      8.80000      118.000      5.71027     0.469472    0.0879972
1998-12-02/17:46:38      131.820    -0.320000      8.80000      122.000      5.61617     0.529919    0.0831262
1998-12-02/17:46:41      131.830    -0.440000      8.81000      124.000      6.29588     0.559193    0.0910978
1998-12-02/17:46:43      131.820    -0.550000      8.82000      124.000      3.42183     0.559193    0.0495119
1998-12-02/17:46:46      131.820    -0.670000      8.84000      123.000      2.27303     0.544639    0.0332716
1998-12-02/17:46:48      131.810    -0.800000      8.88000      123.000      2.11018     0.544639    0.0308879
1998-12-02/17:46:50      131.800    -0.930000      8.94000      123.000      3.19075     0.544639    0.0467048
1998-12-02/17:46:53      131.810     -1.06000      9.03000      123.000      4.58978     0.544639    0.0671832
1998-12-02/17:46:55      131.810     -1.16000      9.13000      123.000      5.35613     0.544639    0.0784007
1998-12-02/17:46:57      131.800     -1.29000      9.29000      123.000      7.31069     0.544639     0.107011
1998-12-02/17:47:00      131.800     -1.41000      9.46000      116.000      6.06317     0.438371    0.0951124
1998-12-02/17:47:02      131.790     -1.53000      9.67000      111.000      3.50869     0.358368    0.0571708
1998-12-02/17:47:05      131.790     -1.65000      9.88000      99.0000      3.85562     0.156434    0.0664648
1998-12-02/17:47:07      131.780     -1.78000      10.0800      97.0000      3.92587     0.121869    0.0680086
1998-12-02/17:47:10      131.780     -1.91000      10.2900      121.000      3.81771     0.515038    0.0571144
1998-12-02/17:47:12      131.790     -2.02000      10.4800      122.000      3.21278     0.529919    0.0475531
1998-12-02/17:47:15      131.800     -2.14000      10.6600      122.000      2.81476     0.529919    0.0416619
1998-12-02/17:47:17      131.770     -2.28000      10.8000      122.000      2.86821     0.529919    0.0424530
1998-12-02/17:47:20      131.740     -2.43000      10.9300      122.000      3.96800     0.529919    0.0587313
1998-12-02/17:47:22      131.750     -2.55000      11.0600      127.000      7.93940     0.601815     0.110666
1998-12-02/17:47:25      131.740     -2.68000      11.1600      138.000      6.83281     0.743145    0.0797972
1998-12-02/17:47:27      131.710     -2.84000      11.1900      134.000      2.85975     0.694658    0.0359037
1998-12-02/17:47:30      131.680     -3.00000      11.2100      134.000      3.75230     0.694658    0.0471096
1998-12-02/17:47:32      131.680     -3.12000      11.2000      133.000      2.51485     0.681998    0.0321009
1998-12-02/17:47:35      131.670     -3.26000      11.1500      118.000      7.28891     0.469472     0.112325
1998-12-02/17:47:37      131.620     -3.42000      11.1000      114.000      3.93486     0.406737    0.0627389
1998-12-02/17:47:40      131.590     -3.59000      11.0000      113.000      8.65085     0.390731     0.138983
1998-12-02/17:47:42      131.610     -3.72000      10.8600      110.000      26.6230     0.342020     0.436637
1998-12-02/17:47:45      131.620     -3.85000      10.7200      170.000      17.8620     0.984808    0.0541350
1998-12-02/17:47:50      131.530     -4.16000      10.5800      172.000      19.4889     0.990268    0.0473391
1998-12-02/17:47:57      131.530     -4.58000      10.4300      116.000      7.66565     0.438371     0.120250
1998-12-02/17:48:00      131.510     -4.73000      10.2800      112.000      8.75018     0.374607     0.141599
1998-12-02/17:48:02      131.540     -4.86000      10.1700      114.000      5.47039     0.406737    0.0872220
1998-12-02/17:48:05      131.570     -4.98000      10.0900      112.000      17.4097     0.374607     0.281731
1998-12-02/17:48:07      131.530     -5.15000      10.0300      113.000      3.49606     0.390731    0.0561671
1998-12-02/17:48:10      131.500     -5.31000      9.98000      108.000      18.8223     0.309017     0.312433
1998-12-02/17:48:12      131.540     -5.43000      9.94000      108.000      4.90683     0.309017    0.0814488
1998-12-02/17:48:14      131.570     -5.54000      9.92000      112.000      2.54874     0.374607    0.0412448
1998-12-02/17:48:17      131.550     -5.68000      9.90000      113.000      1.92248     0.390731    0.0308863
1998-12-02/17:48:56      131.490     -7.87000      9.87000      117.000      5.09721     0.453991    0.0792667
1998-12-02/17:48:59      131.460     -8.02000      9.83000      118.000      4.45736     0.469472    0.0686894
1998-12-02/17:49:01      131.480     -8.13000      9.78000      120.000      3.57647     0.500000    0.0540583
1998-12-02/17:49:04      131.500     -8.24000      9.69000      124.000      1.90183     0.559193    0.0275184
1998-12-02/17:49:06      131.490     -8.39000      9.58000      122.000      2.14938     0.529919    0.0318135
1998-12-02/17:49:09      131.460     -8.54000      9.46000      124.000      1.68852     0.559193    0.0244319
1998-12-02/17:49:11      131.460     -8.68000      9.33000      125.000      1.58056     0.573576    0.0225971
1998-12-02/17:49:14      131.460     -8.82000      9.19000      128.000      3.45891     0.615661    0.0475717
1998-12-02/17:49:16      131.450     -8.95000      9.05000      126.000      3.62091     0.587785    0.0511273
1998-12-02/17:49:19      131.450     -9.08000      8.91000      127.000      3.82036     0.601815    0.0532513
1998-12-02/17:49:21      131.440     -9.23000      8.80000      123.000      2.85153     0.544639    0.0417394
1998-12-02/17:49:24      131.440     -9.38000      8.73000      124.000      2.16123     0.559193    0.0312718
1998-12-02/17:49:26      131.450     -9.50000      8.92000      128.000      3.61859     0.615661    0.0497679
1998-12-02/17:49:29      131.460     -9.63000      9.08000      130.000      4.24681     0.642788    0.0567798
1998-12-02/17:49:31      131.460     -9.74000      9.19000      130.000      4.84274     0.642788    0.0647474
1998-12-02/17:49:35      131.460     -9.88000      9.36000      131.000      3.55430     0.656059    0.0468178
1998-12-02/17:49:37      131.460     -10.0200      9.53000      125.000      2.77985     0.573576    0.0397432
1998-12-02/17:49:40      131.470     -10.1500      9.68000      124.000      2.94981     0.559193    0.0426821
1998-12-02/17:49:42      131.470     -10.2800      9.81000      121.000      5.01394     0.515038    0.0750105
1998-12-02/17:49:44      131.470     -10.4100      9.89000      120.000      6.07296     0.500000    0.0917928
1998-12-02/17:49:47      131.480     -10.5400      9.93000      118.000      3.01293     0.469472    0.0464303
1998-12-02/17:49:49      131.490     -10.6700      9.89000      118.000      2.52996     0.469472    0.0389875
1998-12-02/17:49:52      131.510     -10.7900      9.81000      117.000      2.58715     0.453991    0.0402328
1998-12-02/17:49:54      131.520     -10.9100      9.63000      118.000      2.81502     0.469472    0.0433804
1998-12-02/17:49:57      131.530     -11.0400      9.42000      119.000      2.94180     0.484810    0.0449066
1998-12-02/17:49:59      131.540     -11.1700      9.12000      122.000      2.48027     0.529919    0.0367110
1998-12-02/17:50:02      131.530     -11.3000      8.82000      125.000      3.85072     0.573576    0.0550534
1998-12-02/17:50:04      131.510     -11.4400      8.50000      126.000      6.22073     0.587785    0.0878368
1998-12-02/17:50:07      131.520     -11.5700      7.40000      128.000      9.67942     0.615661     0.133125
1998-12-02/17:50:09      131.520     -11.7100      7.28000      145.000      11.4944     0.819152     0.115068
1998-12-02/17:50:12      131.520     -11.8500      7.67000      151.000      7.23293     0.874620    0.0612016
1998-12-02/17:50:14      131.510     -11.9900      7.80000      150.000      5.66679     0.866026    0.0494521
1998-12-02/17:50:17      131.520     -12.1200      7.96000      151.000      4.96663     0.874620    0.0420253
1998-12-02/17:50:19      131.530     -12.2600      8.10000      148.000      3.88640     0.848048    0.0359447
1998-12-02/17:50:22      131.540     -12.3900      8.24000      146.000      5.71373     0.829038    0.0557646
1998-12-02/17:50:24      131.540     -12.5200      8.39000      146.000      4.50820     0.829038    0.0439989
1998-12-02/17:50:27      131.550     -12.6500      8.54000      124.000      7.07276     0.559193     0.102339
1998-12-02/17:50:29      131.560     -12.7800      8.70000      123.000      4.32308     0.544639    0.0632794
1998-12-02/17:50:32      131.580     -12.9100      8.84000      122.000      3.12708     0.529919    0.0462846
1998-12-02/17:50:34      131.590     -13.0400      8.99000      121.000      3.13232     0.515038    0.0468607
1998-12-02/17:50:37      131.580     -13.1700      9.13000      116.000      3.77145     0.438371    0.0591624
1998-12-02/17:50:39      131.570     -13.3000      9.26000      114.000      1.85548     0.406737    0.0295845
1998-12-02/17:50:42      131.580     -13.4400      9.37000      111.000      2.39953     0.358368    0.0390981
1998-12-02/17:50:44      131.590     -13.5800      9.47000      114.000      2.54404     0.406737    0.0405631
1998-12-02/17:50:47      131.590     -13.7100      9.53000      113.000      1.92248     0.390731    0.0308863
1998-12-02/17:50:49      131.580     -13.8400      9.56000      115.000      3.16159     0.422618    0.0500102
1998-12-02/17:50:52      131.590     -13.9700      9.53000      114.000      2.00852     0.406737    0.0320246
1998-12-02/17:50:54      131.600     -14.0800      9.46000      115.000      3.47634     0.422618    0.0549889
1998-12-02/17:50:56      131.600     -14.2100      9.35000      112.000      2.09250     0.374607    0.0338617
1998-12-02/17:50:59      131.590     -14.3400      9.21000      115.000      3.34448     0.422618    0.0529032
1998-12-02/17:51:01      131.590     -14.4700      9.04000      111.000      2.59786     0.358368    0.0423297
1998-12-02/17:51:04      131.600     -14.6100      8.86000      123.000      2.04324     0.544639    0.0299081
1998-12-02/17:51:06      131.600     -14.7400      8.71000      122.000      3.12708     0.529919    0.0462846
1998-12-02/17:51:09      131.610     -14.8800      8.56000      127.000      7.75740     0.601815     0.108129
1998-12-02/17:51:11      131.620     -15.0200      8.43000      120.000      6.42175     0.500000    0.0970647
1998-12-02/17:51:14      131.630     -15.1500      8.13000      128.000      9.14166     0.615661     0.125729
1998-12-02/17:51:16      131.630     -15.2800      8.11000      114.000      6.96180     0.406737     0.111002
1998-12-02/17:51:19      131.630     -15.4100      8.08000      127.000      5.79770     0.601815    0.0808131
1998-12-02/17:51:21      131.630     -15.5400      8.06000      123.000      2.22103     0.544639    0.0325105
1998-12-02/17:51:24      131.640     -15.6700      8.02000      126.000      3.91933     0.587785    0.0553410
1998-12-02/17:51:26      131.640     -15.8000      7.96000      126.000      4.35442     0.587785    0.0614845
1998-12-02/17:51:29      131.640     -15.9200      7.91000      125.000      2.54251     0.573576    0.0363500
1998-12-02/17:51:31      131.650     -16.0500      7.79000      122.000      2.81476     0.529919    0.0416619
1998-12-02/17:51:34      131.660     -16.1700      6.01000      123.000      3.32815     0.544639    0.0487160
1998-12-02/17:51:36      131.660     -16.2900      5.81000      121.000      2.80403     0.515038    0.0419494
1998-12-02/17:51:39      131.640     -16.4100      5.64000      118.000      3.30730     0.469472    0.0509666
1998-12-02/17:51:41      131.650     -16.5400      5.56000      117.000      3.16633     0.453991    0.0492396
1998-12-02/17:51:44      131.660     -16.6700      5.61000      117.000      3.48879     0.453991    0.0542542
1998-12-02/17:51:46      131.650     -16.8000      5.96000      115.000      3.09391     0.422618    0.0489396
1998-12-02/17:51:48      131.630     -16.9300      6.43000      114.000      2.37061     0.406737    0.0377979
1998-12-02/17:51:51      131.630     -17.0600      7.20000      111.000      2.39953     0.358368    0.0390981
1998-12-02/17:51:53      131.630     -17.1900      8.04000      111.000      2.76042     0.358368    0.0449784
1998-12-02/17:51:56      131.620     -17.3300      9.05000      110.000      2.73958     0.342020    0.0449311
1998-12-02/17:51:58      131.610     -17.4600      10.1000      117.000      3.85261     0.453991    0.0599119
1998-12-02/17:52:01      131.590     -17.6000      11.2100      127.000      4.13394     0.601815    0.0576222
1998-12-02/17:52:03      131.570     -17.7400      12.3300      133.000      2.22003     0.681998    0.0283376
1998-12-02/17:52:06      131.560     -17.8800      13.4700      135.000      1.68462     0.707107    0.0207905
1998-12-02/17:52:08      131.550     -18.0100      14.6100      137.000      2.95958     0.731354    0.0352282
1998-12-02/17:52:11      131.540     -18.1500      15.7300      129.000      2.78939     0.629321    0.0378346
1998-12-02/17:52:13      131.540     -18.2600      16.7600      125.000      2.63929     0.573576    0.0377337
1998-12-02/17:52:15      131.540     -18.4000      17.5800      114.000      2.74282     0.406737    0.0437326
1998-12-02/17:52:18      131.520     -18.5300      18.4100      112.000      2.29214     0.374607    0.0370924
1998-12-02/17:52:20      131.510     -18.6700      18.8000      111.000      2.47319     0.358368    0.0402983
1998-12-02/17:52:23      131.490     -18.8100      18.9300      113.000      1.92248     0.390731    0.0308863
1998-12-02/17:52:25      131.470     -18.9500      18.8700      111.000      2.47319     0.358368    0.0402983
1998-12-02/17:52:28      131.460     -19.0800      18.5500      115.000      4.24559     0.422618    0.0671570
1998-12-02/17:52:30      131.440     -19.2200      18.0500      119.000      3.07917     0.484810    0.0470035
1998-12-02/17:52:33      131.430     -19.3600      17.3500      124.000      1.90183     0.559193    0.0275184
1998-12-02/17:52:35      131.430     -19.4900      16.5000      126.000      3.44405     0.587785    0.0486300
1998-12-02/17:52:38      131.450     -19.6000      15.5700      129.000      4.25829     0.629321    0.0577584
1998-12-02/17:52:40      131.450     -19.7300      14.5800      131.000      3.73483     0.656059    0.0491958
1998-12-02/17:52:43      131.420     -19.8900      13.6300      131.000      5.06210     0.656059    0.0666788
1998-12-02/17:52:45      131.410     -20.0300      12.7200      127.000      4.57501     0.601815    0.0637702
1998-12-02/17:52:48      131.430     -20.1600      11.9200      127.000      3.69186     0.601815    0.0514602
1998-12-02/17:52:50      131.430     -20.2800      11.2200      124.000      2.26797     0.559193    0.0328162
1998-12-02/17:52:53      131.410     -20.3900      10.6500      124.000      3.61780     0.559193    0.0523475
1998-12-02/17:52:55      131.390     -20.5200      9.04000      122.000      3.27587     0.529919    0.0484869
1998-12-02/17:52:58      131.370     -20.6900      9.08000      122.000      3.71607     0.529919    0.0550024
1998-12-02/17:53:00      131.340     -20.8500      9.15000      118.000      4.06758     0.469472    0.0626828
1998-12-02/17:53:03      131.310     -21.0000      9.25000      117.000      3.71922     0.453991    0.0578376
1998-12-02/17:53:05      131.290     -21.1400      9.34000      118.000      3.01293     0.469472    0.0464303
1998-12-02/17:53:08      131.310     -21.2600      9.44000      117.000      3.16633     0.453991    0.0492396
1998-12-02/17:53:10      131.310     -21.3800      9.51000      117.000      3.27689     0.453991    0.0509589
1998-12-02/17:53:13      131.280     -21.4900      9.56000      118.000      3.30730     0.469472    0.0509666
1998-12-02/17:53:15      131.260     -21.6000      9.57000      115.000      2.15278     0.422618    0.0340528
1998-12-02/17:53:17      131.250     -21.7500      9.57000      114.000      2.54404     0.406737    0.0405631
1998-12-02/17:53:20      131.230     -21.8900      9.56000      114.000      2.54404     0.406737    0.0405631
1998-12-02/17:53:22      131.220     -22.0300      9.50000      113.000      2.30954     0.390731    0.0371047
1998-12-02/17:53:25      131.200     -22.1700      9.44000      114.000      2.05132     0.406737    0.0327070
1998-12-02/17:53:27      131.180     -22.3100      9.38000      114.000      3.37699     0.406737    0.0538440
1998-12-02/17:53:30      131.160     -22.4500      9.33000      114.000      2.54404     0.406737    0.0405631
1998-12-02/17:53:33      131.130     -22.6500      9.30000      114.000      1.85548     0.406737    0.0295845
1998-12-02/17:53:36      131.110     -22.7900      9.28000      111.000      2.25057     0.358368    0.0366709
1998-12-02/17:53:38      131.090     -22.9400      9.31000      112.000      1.90709     0.374607    0.0308613
1998-12-02/17:53:41      131.070     -23.0900      9.33000      113.000      1.78538     0.390731    0.0286836
1998-12-02/17:53:43      131.050     -23.2300      9.36000      113.000      1.97323     0.390731    0.0317016
1998-12-02/17:53:46      131.030     -23.3600      9.39000      112.000      1.52115     0.374607    0.0246159
1998-12-02/17:53:48      131.010     -23.5000      9.40000      113.000      1.20991     0.390731    0.0194382
1998-12-02/17:53:51      130.990     -23.6400      9.41000      111.000      1.97620     0.358368    0.0322003
1998-12-02/17:53:53      130.960     -23.7800      9.41000      112.000      1.61897     0.374607    0.0261988
1998-12-02/17:53:56      130.940     -23.9300      9.40000      112.000      2.74726     0.374607    0.0444573
1998-12-02/17:53:58      130.920     -24.0800      9.38000      114.000      3.55449     0.406737    0.0566741
1998-12-02/17:54:01      130.900     -24.2300      9.36000      115.000      4.02131     0.422618    0.0636093
1998-12-02/17:54:03      130.870     -24.3800      9.35000      117.000      5.81150     0.453991    0.0903746
1998-12-02/17:54:06      130.850     -24.5200      9.34000      117.000      6.66541     0.453991     0.103654
1998-12-02/17:54:08      130.820     -24.6700      9.33000      120.000      7.36306     0.500000     0.111293
1998-12-02/17:54:11      130.800     -24.8100      9.33000      119.000      5.88945     0.484810    0.0899024
1998-12-02/17:54:13      130.780     -24.9600      9.33000      121.000      5.63168     0.515038    0.0842521
1998-12-02/17:54:16      130.760     -25.1000      9.34000      122.000      2.56560     0.529919    0.0379740
1998-12-02/17:54:18      130.740     -25.2400      9.35000      121.000      3.56322     0.515038    0.0533072
1998-12-02/17:54:21      130.720     -25.3900      9.37000      115.000      4.90301     0.422618    0.0775561
1998-12-02/17:54:23      130.690     -25.5300      9.37000      128.000      5.87966     0.615661    0.0808652
1998-12-02/17:54:26      130.660     -25.6800      9.37000      117.000      7.07804     0.453991     0.110071
1998-12-02/17:54:28      130.630     -25.8300      9.36000      126.000      6.99875     0.587785    0.0988224
1998-12-02/17:54:31      130.610     -25.9800      9.34000      131.000      7.10549     0.656059    0.0935947
1998-12-02/17:54:33      130.600     -26.1200      9.32000      133.000      9.63654     0.681998     0.123006
1998-12-02/17:54:35      130.590     -26.2600      9.27000      124.000      5.87619     0.559193    0.0850251
1998-12-02/17:54:38      130.570     -26.4100      9.20000      144.000      3.41073     0.809017    0.0349899
1998-12-02/17:54:40      130.550     -26.5500      9.14000      139.000      4.53486     0.754710    0.0519259
1998-12-02/17:54:43      130.540     -26.6800      9.09000      143.000      34.4662     0.798636     0.362021
1998-12-02/17:54:45      130.520     -26.8200      9.04000      140.000      6.92331     0.766045    0.0776709
1998-12-02/17:54:48      130.510     -26.9600      9.00000      143.000      34.4662     0.798636     0.362021
1998-12-02/17:54:50      130.500     -27.1000      8.95000      173.000      22.8577     0.992546    0.0486188
1998-12-02/17:54:52      130.480     -27.2100      8.93000      89.0000      40.8868    0.0174524     0.713501
1998-12-02/17:54:55      130.460     -27.3400      8.92000      139.000      27.2650     0.754710     0.312195
1998-12-02/17:54:57      130.460     -27.4800      8.91000      172.000      25.4967     0.990268    0.0619323
1998-12-02/17:55:00      130.450     -27.6100      8.91000      170.000      15.0855     0.984808    0.0457201
1998-12-02/17:55:02      130.440     -27.7400      8.92000      169.000      18.7414     0.981627    0.0624134
1998-12-02/17:55:05      130.430     -27.8600      8.94000      137.000      7.46158     0.731354    0.0888160
1998-12-02/17:55:07      130.420     -27.9900      8.97000      142.000      5.76805     0.788011    0.0619795
1998-12-02/17:55:10      130.400     -28.1100      9.01000      137.000      3.41887     0.731354    0.0406952
1998-12-02/17:55:12      130.400     -28.2300      9.04000      140.000      4.26135     0.766045    0.0478071
1998-12-02/17:55:15      130.390     -28.3500      9.08000      141.000      5.10732     0.777146    0.0560973
1998-12-02/17:55:17      130.390     -28.4800      9.11000      132.000      5.94674     0.669131    0.0771312
1998-12-02/17:55:20      130.390     -28.6100      9.13000      135.000      4.39715     0.707107    0.0542667
1998-12-02/17:55:22      130.370     -28.7400      9.16000      136.000      4.32886     0.719340    0.0524834
1998-12-02/17:55:25      130.360     -28.8700      9.18000      136.000      4.91887     0.719340    0.0596367
1998-12-02/17:55:27      130.350     -29.0000      9.19000      135.000      4.49516     0.707107    0.0554763
1998-12-02/17:55:30      130.330     -29.1400      9.21000      134.000      3.99895     0.694658    0.0502062
1998-12-02/17:55:32      130.310     -29.2600      9.22000      135.000      9.18601     0.707107     0.113368
1998-12-02/17:55:35      130.290     -29.3900      9.24000      128.000      6.40122     0.615661    0.0880384
1998-12-02/17:55:37      130.270     -29.5200      9.25000      133.000      26.9050     0.681998     0.343430
1998-12-02/17:55:40      130.250     -29.6500      9.25000      134.000      9.29396     0.694658     0.116684
1998-12-02/17:55:42      130.230     -29.7800      9.23000      117.000      22.6838     0.453991     0.352756
1998-12-02/17:55:45      130.200     -29.9100      9.22000      115.000      4.36896     0.422618    0.0691084
1998-12-02/17:55:47      130.170     -30.0400      9.21000      131.000      6.82167     0.656059    0.0898562
1998-12-02/17:55:50      130.150     -30.1800      9.21000      118.000      7.58900     0.469472     0.116949
1998-12-02/17:55:52      130.120     -30.3100      9.21000      122.000      2.86821     0.529919    0.0424530
1998-12-02/17:55:55      130.090     -30.4500      9.21000      126.000      4.58610     0.587785    0.0647558
1998-12-02/17:55:57      130.050     -30.5900      9.21000      130.000      5.57643     0.642788    0.0745569
1998-12-02/17:56:00      130.010     -30.7300      9.21000      136.000      5.09926     0.719340    0.0618238
1998-12-02/17:56:02      129.970     -30.8800      9.21000      146.000      6.03401     0.829038    0.0588905
1998-12-02/17:56:05      129.930     -31.0200      9.21000      143.000      10.0955     0.798636     0.106040
1998-12-02/17:56:07      129.880     -31.1700      9.22000      152.000      10.6951     0.882948    0.0876338
1998-12-02/17:56:09      129.840     -31.3100      9.22000      142.000      8.49064     0.788011    0.0912346
1998-12-02/17:56:12      129.830     -31.4400      9.21000      121.000      6.51334     0.515038    0.0974421
1998-12-02/17:56:14      129.820     -31.5800      9.20000      120.000      5.29080     0.500000    0.0799704
1998-12-02/17:56:17      129.770     -31.7200      9.19000      123.000      2.85153     0.544639    0.0417394
1998-12-02/17:56:19      129.720     -31.8700      9.18000      123.000      2.34112     0.544639    0.0342683
1998-12-02/17:56:22      129.690     -32.0200      9.16000      118.000      8.07114     0.469472     0.124379
1998-12-02/17:56:24      129.650     -32.1800      9.14000      130.000      25.7972     0.642788     0.344909
1998-12-02/17:56:27      129.620     -32.3400      9.12000      121.000      19.9174     0.515038     0.297973
1998-12-02/17:56:29      129.590     -32.4900      9.11000      130.000      12.0405     0.642788     0.160981
1998-12-02/17:56:32      129.570     -32.6400      9.09000      131.000      25.9298     0.656059     0.341552
1998-12-02/17:56:34      129.550     -32.7900      9.07000      121.000      19.9174     0.515038     0.297973
1998-12-02/17:56:37      129.530     -32.9300      9.07000      122.000      9.83224     0.529919     0.145529
1998-12-02/17:56:39      129.510     -33.0700      9.07000      117.000      5.81150     0.453991    0.0903746
1998-12-02/17:56:41      129.490     -33.2200      9.09000      117.000      4.65407     0.453991    0.0723754
1998-12-02/17:56:44      129.470     -33.3700      9.12000      117.000      4.65407     0.453991    0.0723754
1998-12-02/17:56:46      129.450     -33.5200      9.15000      125.000      4.06454     0.573576    0.0581103
1998-12-02/17:56:49      129.430     -33.6700      9.19000      126.000      8.38981     0.587785     0.118464
1998-12-02/17:56:51      129.410     -33.8100      9.22000      145.000      30.0488     0.819152     0.300812
1998-12-02/17:56:54      129.410     -33.9500      9.25000      144.000      9.99323     0.809017     0.102518
1998-12-02/17:56:56      129.350     -34.1000      9.28000      148.000      12.2336     0.848048     0.113147
1998-12-02/17:56:59      129.290     -34.2500      9.30000      147.000      12.5731     0.838671     0.119517
1998-12-02/17:57:01      129.290     -34.3900      9.31000      150.000      9.77396     0.866026    0.0852939
1998-12-02/17:57:04      129.300     -34.5300      9.32000      145.000      8.08267     0.819152    0.0809140
1998-12-02/17:57:06      129.280     -34.6700      9.33000      144.000      6.72165     0.809017    0.0689560
1998-12-02/17:57:09      129.260     -34.8100      9.33000      134.000      8.90229     0.694658     0.111767
1998-12-02/17:57:11      129.230     -34.9500      9.34000      136.000      9.39420     0.719340     0.113896
1998-12-02/17:57:14      129.190     -35.0900      9.34000      130.000      8.42084     0.642788     0.112587
1998-12-02/17:57:16      129.170     -35.2200      9.33000      126.000      25.0610     0.587785     0.353862
1998-12-02/17:57:19      129.160     -35.3600      9.31000      126.000      6.55871     0.587785    0.0926090
1998-12-02/17:57:21      129.120     -35.5000      9.29000      129.000      4.60242     0.629321    0.0624261
1998-12-02/17:57:24      129.080     -35.6500      9.28000      126.000      3.44405     0.587785    0.0486300
1998-12-02/17:57:26      129.050     -35.7900      9.26000      132.000      3.42443     0.669131    0.0444160
1998-12-02/17:57:29      129.020     -35.9300      9.25000      132.000      3.16030     0.669131    0.0409901
1998-12-02/17:57:32      128.960     -36.1300      9.24000      132.000      3.84916     0.669131    0.0499249
1998-12-02/17:57:34      128.900     -36.2800      9.23000      126.000      3.00177     0.587785    0.0423850
1998-12-02/17:57:37      128.840     -36.4400      9.23000      133.000      3.66805     0.681998    0.0468209
1998-12-02/17:57:39      128.770     -36.6000      9.22000      126.000      8.98264     0.587785     0.126835
1998-12-02/17:57:42      128.700     -36.7700      9.22000      129.000      25.6400     0.629321     0.347775
1998-12-02/17:57:44      128.620     -36.9300      9.21000      134.000      9.44291     0.694658     0.118554
1998-12-02/17:57:47      128.550     -37.0900      9.21000      145.000      11.4944     0.819152     0.115068
1998-12-02/17:57:49      128.470     -37.2500      9.22000      144.000      5.07259     0.809017    0.0520386
1998-12-02/17:57:52      128.390     -37.4100      9.23000      141.000      4.16401     0.777146    0.0457363
1998-12-02/17:57:54      128.320     -37.5800      9.25000      136.000      2.50700     0.719340    0.0303951
1998-12-02/17:57:57      128.250     -37.7400      9.27000      134.000      2.85975     0.694658    0.0359037
1998-12-02/17:57:59      128.170     -37.8900      9.29000      128.000      3.30492     0.615661    0.0454538
1998-12-02/17:58:02      128.100     -38.0700      9.30000      131.000      5.06210     0.656059    0.0666788
1998-12-02/17:58:04      128.020     -38.2400      9.32000      141.000      6.41107     0.777146    0.0704173
1998-12-02/17:58:07      127.930     -38.4200      9.34000      148.000      6.63263     0.848048    0.0613441
1998-12-02/17:58:09      127.840     -38.5900      9.36000      149.000      4.28168     0.857167    0.0384885
1998-12-02/17:58:12      127.760     -38.7600      9.38000      152.000      16.9790     0.882948     0.139123
1998-12-02/17:58:14      127.690     -38.9200      9.39000      147.000      7.03317     0.838671    0.0668555
1998-12-02/17:58:17      127.650     -39.0900      9.39000      147.000      10.4519     0.838671    0.0993530
1998-12-02/17:58:19      127.610     -39.2500      9.40000      138.000      26.7062     0.743145     0.311889
1998-12-02/17:58:22      127.500     -39.4300      9.40000      135.000      20.6726     0.707107     0.255128
1998-12-02/17:58:24      127.380     -39.6200      9.41000      138.000      8.92662     0.743145     0.104250
1998-12-02/17:58:27      127.300     -39.8000      9.41000      137.000      6.08562     0.731354    0.0724378
1998-12-02/17:58:29      127.220     -39.9800      9.41000      126.000      3.62091     0.587785    0.0511273
1998-12-02/17:58:32      127.170     -40.1400      9.41000      121.000      2.80403     0.515038    0.0419494
1998-12-02/18:00:33      124.850     -46.9900      9.40000      119.000      6.91906     0.484810     0.105619
1998-12-02/18:00:35      124.770     -47.1400      9.41000      115.000      8.59661     0.422618     0.135982
1998-12-02/18:00:38      124.660     -47.2900      9.41000      130.000      7.13225     0.642788    0.0953582
1998-12-02/18:00:40      124.580     -47.4400      9.41000      131.000      4.89541     0.656059    0.0644832
1998-12-02/18:00:43      124.520     -47.5800      9.42000      128.000      5.42834     0.615661    0.0746580
1998-12-02/18:00:45      124.460     -47.7300      9.43000      132.000      3.84916     0.669131    0.0499249
1998-12-02/18:00:48      124.390     -47.8800      9.43000      133.000      3.16770     0.681998    0.0404342
1998-12-02/18:00:50      124.330     -48.0300      9.43000      135.000      2.82523     0.707107    0.0348671
1998-12-02/18:00:53      124.260     -48.1600      9.43000      135.000      2.24506     0.707107    0.0277071
1998-12-02/18:00:55      124.180     -48.3000      9.43000      136.000      3.14865     0.719340    0.0381745
1998-12-02/18:00:58      124.090     -48.4500      9.43000      139.000      4.27770     0.754710    0.0489813
1998-12-02/18:01:00      123.980     -48.6100      9.43000      141.000      3.30711     0.777146    0.0363243
1998-12-02/18:01:03      123.800     -48.7700      9.42000      136.000      2.05540     0.719340    0.0249198
1998-12-02/18:01:05      123.650     -48.9300      9.42000      138.000      4.22890     0.743145    0.0493873
1998-12-02/18:01:08      123.530     -49.0800      9.41000      135.000      2.52047     0.707107    0.0311060
1998-12-02/18:01:10      123.390     -49.2500      9.40000      132.000      7.45392     0.669131    0.0966798
1998-12-02/18:01:13      123.210     -49.4400      9.39000      127.000      6.49897     0.601815    0.0905880
1998-12-02/18:01:15      123.060     -49.6200      9.39000      127.000      9.65944     0.601815     0.134641
1998-12-02/18:01:18      122.950     -49.7800      9.39000      123.000      4.07612     0.544639    0.0596645
1998-12-02/18:01:20      122.820     -49.9500      9.39000      122.000      3.71607     0.529919    0.0550024
1998-12-02/18:01:23      122.640     -50.1300      9.40000      119.000      4.13137     0.484810    0.0630653
1998-12-02/18:01:25      122.470     -50.3200      9.40000      117.000      4.82079     0.453991    0.0749681
1998-12-02/18:01:28      122.270     -50.5100      9.40000      114.000      2.97444     0.406737    0.0474256
1998-12-02/18:01:30      122.120     -50.6700      9.39000      118.000      7.84933     0.469472     0.120961
1998-12-02/18:01:32      121.920     -50.8700      9.38000      115.000      3.16159     0.422618    0.0500102
1998-12-02/18:01:34      121.720     -51.0600      9.38000      118.000      3.56851     0.469472    0.0549920
1998-12-02/18:01:37      121.550     -51.2500      9.38000      114.000      3.21946     0.406737    0.0513323
1998-12-02/18:01:39      121.370     -51.4400      9.38000      115.000      3.09391     0.422618    0.0489396
1998-12-02/18:01:42      121.240     -51.6100      9.38000      114.000      2.37061     0.406737    0.0377979
1998-12-02/18:01:44      121.100     -51.7700      9.40000      114.000      2.26885     0.406737    0.0361754
1998-12-02/18:01:47      120.980     -51.9400      9.41000      113.000      1.92248     0.390731    0.0308863
1998-12-02/18:01:49      120.860     -52.1000      9.41000      115.000      3.34448     0.422618    0.0529032
1998-12-02/18:01:52      120.710     -52.3000      9.41000      116.000      4.03187     0.438371    0.0632476
1998-12-02/18:01:54      120.550     -52.4900      9.41000      117.000      5.09721     0.453991    0.0792667
1998-12-02/18:01:57      120.480     -52.6300      9.40000      116.000      6.06317     0.438371    0.0951124
1998-12-02/18:01:59      120.410     -52.7800      9.41000      126.000      5.29392     0.587785    0.0747502
1998-12-02/18:02:02      120.310     -52.9300      9.41000      132.000      8.05910     0.669131     0.104529
1998-12-02/18:02:04      120.200     -53.0800      9.41000      125.000      6.42706     0.573576    0.0918870
1998-12-02/18:02:07      120.020     -53.2500      9.41000      119.000      4.29604     0.484810    0.0655790
1998-12-02/18:02:09      119.840     -53.4300      9.40000      124.000      5.05511     0.559193    0.0731446
1998-12-02/18:02:12      119.800     -53.5500      9.40000      124.000      3.42183     0.559193    0.0495119
1998-12-02/18:02:14      119.770     -53.6800      9.40000      127.000      7.31930     0.601815     0.102022
1998-12-02/18:02:17      119.710     -53.8100      9.39000      127.000      4.13394     0.601815    0.0576222
1998-12-02/18:02:19      119.650     -53.9500      9.39000      124.000      2.56447     0.559193    0.0371064
1998-12-02/18:02:22      119.660     -54.0800      9.38000      119.000      4.29604     0.484810    0.0655790
1998-12-02/18:02:24      119.660     -54.2200      9.35000      123.000      6.75454     0.544639    0.0988700
1998-12-02/18:02:27      119.550     -54.3600      9.33000      117.000      7.07804     0.453991     0.110071
1998-12-02/18:02:29      119.430     -54.5100      9.30000      120.000      10.0925     0.500000     0.152548
1998-12-02/18:02:32      119.390     -54.6200      9.28000      123.000      5.35613     0.544639    0.0784007
1998-12-02/18:02:34      119.340     -54.7300      9.26000      123.000      5.86512     0.544639    0.0858511
1998-12-02/18:02:37      119.220     -54.8800      9.26000      117.000      7.07804     0.453991     0.110071
1998-12-02/18:02:39      119.100     -55.0400      9.26000      121.000      7.02267     0.515038     0.105062
1998-12-02/18:02:42      118.980     -55.1700      9.26000      119.000      8.89926     0.484810     0.135847
1998-12-02/18:02:44      118.860     -55.3000      9.26000      134.000      20.5334     0.694658     0.257794
1998-12-02/18:02:47      118.700     -55.4300      9.26000      132.000      12.3685     0.669131     0.160423
1998-12-02/18:02:50      118.450     -55.6200      9.26000      133.000      26.9050     0.681998     0.343430
1998-12-02/18:02:52      118.180     -55.7900      9.26000      114.000      20.2240     0.406737     0.322459
1998-12-02/18:02:55      117.890     -55.9600      9.26000      172.000      18.1827     0.990268    0.0441663
1998-12-02/18:02:57      117.540     -56.1600      9.25000      111.000      22.2732     0.358368     0.362921
1998-12-02/18:03:00      117.160     -56.3600      9.25000      106.000      26.2936     0.275637     0.441133
1998-12-02/18:03:02      116.670     -56.5800      9.24000      103.000      23.4252     0.224951     0.398368
1998-12-02/18:03:05      116.180     -56.8000      9.24000      102.000      19.1297     0.207912     0.326580
1998-12-02/18:03:07      115.680     -57.0300      9.23000      123.000      6.75454     0.544639    0.0988700
1998-12-02/18:03:10      115.100     -57.2700      9.22000      109.000      5.45873     0.325568    0.0900822
1998-12-02/18:03:12      114.240     -57.5700      9.22000      111.000      3.93253     0.358368    0.0640768
1998-12-02/18:03:15      113.270     -57.8900      9.22000      111.000      3.06196     0.358368    0.0498917
1998-12-02/18:03:17      111.880     -58.2800      9.22000      111.000      2.37731     0.358368    0.0387360
1998-12-02/19:25:36      125.220      59.7300      9.23000      115.000      3.61512     0.422618    0.0571842
1998-12-02/19:25:38      125.310      59.5800      9.23000      121.000      19.9174     0.515038     0.297973
1998-12-02/19:25:41      125.400      59.4200      9.23000      124.000      4.82249     0.559193    0.0697787
1998-12-02/19:25:43      125.470      59.2700      9.22000      121.000      19.9174     0.515038     0.297973
1998-12-02/19:25:46      125.550      59.1300      9.22000      124.000      9.60787     0.559193     0.139020
1998-12-02/19:25:48      125.620      58.9800      9.22000      131.000      25.9298     0.656059     0.341552
1998-12-02/19:25:51      125.690      58.8400      9.23000      132.000      24.7334     0.669131     0.320800
1998-12-02/19:25:53      125.730      58.6900      9.24000      134.000      20.5334     0.694658     0.257794
1998-12-02/19:25:55      125.760      58.5400      9.25000      136.000      10.3125     0.719340     0.125030
1998-12-02/19:25:58      125.800      58.3800      9.25000      136.000      24.0070     0.719340     0.291063
1998-12-02/19:26:00      125.840      58.2300      9.24000      135.000      20.6726     0.707107     0.255128
1998-12-02/19:26:03      125.880      58.0500      9.24000      137.000      26.5798     0.731354     0.316382
1998-12-02/19:26:05      125.910      57.8700      9.25000      136.000      24.0070     0.719340     0.291063
1998-12-02/19:26:08      125.940      57.7000      9.25000      137.000      26.5798     0.731354     0.316382
1998-12-02/19:26:10      125.960      57.5300      9.25000      137.000      26.5798     0.731354     0.316382
1998-12-02/19:26:13      125.990      57.3600      9.25000      138.000      26.7062     0.743145     0.311889
1998-12-02/19:26:15      126.010      57.2000      9.25000      154.000      36.0924     0.898794     0.276144
1998-12-02/19:26:18      126.060      57.0400      9.24000      136.000      24.0070     0.719340     0.291063
1998-12-02/19:26:20      126.110      56.9000      9.24000      134.000      20.5334     0.694658     0.257794
1998-12-02/19:26:23      126.140      56.7400      9.23000      131.000      25.9298     0.656059     0.341552
1998-12-02/19:26:25      126.120      56.5900      9.21000      136.000      24.0070     0.719340     0.291063
1998-12-02/19:26:27      126.130      56.4400      9.20000      137.000      26.5798     0.731354     0.316382
1998-12-02/19:26:30      126.160      56.2900      9.19000      153.000      12.5492     0.891007    0.0994352
1998-12-02/19:28:45      127.930      49.1700      9.18000      148.000      12.2336     0.848048     0.113147
1998-12-02/19:28:47      127.960      49.0500      9.17000      148.000      4.89593     0.848048    0.0452816
1998-12-02/19:28:50      127.990      48.9300      9.15000      150.000      7.35244     0.866026    0.0641621
1998-12-02/19:28:52      128.030      48.8100      9.14000      146.000      5.00862     0.829038    0.0488829
1998-12-02/19:28:55      128.060      48.6900      9.13000      141.000      10.7936     0.777146     0.118554
1998-12-02/19:28:57      128.100      48.5800      9.12000      128.000      24.7730     0.615661     0.340713
1998-12-02/19:29:00      128.150      48.4800      9.12000      127.000      9.53132     0.601815     0.132855
1998-12-02/19:29:02      128.200      48.3600      9.11000      127.000      7.59353     0.601815     0.105845
1998-12-02/19:29:05      128.230      48.2300      9.10000      129.000      3.81963     0.629321    0.0518085
1998-12-02/19:29:07      128.270      48.1100      9.10000      129.000      3.48074     0.629321    0.0472119
1998-12-02/19:29:09      128.320      47.9800      9.10000      129.000      4.10091     0.629321    0.0556237
1998-12-02/19:29:12      128.360      47.8600      9.09000      131.000      2.73849     0.656059    0.0360719
1998-12-02/19:29:14      128.410      47.7300      9.09000      131.000      2.64955     0.656059    0.0349003
1998-12-02/19:29:17      128.450      47.6000      9.08000      133.000      3.01339     0.681998    0.0384645
1998-12-02/19:29:19      128.480      47.4700      9.07000      125.000      4.71222     0.573576    0.0673701
1998-12-02/19:29:22      128.520      47.3300      9.07000      126.000      6.99875     0.587785    0.0988224
1998-12-02/19:29:24      128.570      47.1900      9.07000      126.000      8.38981     0.587785     0.118464
1998-12-02/19:29:27      128.620      47.0600      9.07000      124.000      17.6815     0.559193     0.255841
1998-12-02/19:29:29      128.650      46.9100      9.08000      153.000      12.5492     0.891007    0.0994352
1998-12-02/19:29:32      128.680      46.7800      9.09000      125.000      6.02549     0.573576    0.0861458
1998-12-02/19:29:34      128.720      46.6500      9.11000      147.000      11.3868     0.838671     0.108240
1998-12-02/19:29:37      128.750      46.5200      9.13000      145.000      8.71918     0.819152    0.0872860
1998-12-02/19:29:39      128.780      46.4000      9.16000      145.000      7.68005     0.819152    0.0768834
1998-12-02/19:29:42      128.810      46.2800      9.18000      139.000      11.4055     0.754710     0.130597
1998-12-02/19:29:44      128.840      46.1500      9.21000      134.000      10.1597     0.694658     0.127553
1998-12-02/19:29:47      128.870      46.0200      9.25000      128.000      24.7730     0.615661     0.340713
1998-12-02/19:29:49      128.870      45.8900      9.28000      133.000      26.9050     0.681998     0.343430
1998-12-02/19:29:52      128.880      45.7600      9.30000      127.000      22.1762     0.601815     0.309110
1998-12-02/19:29:54      128.890      45.6400      9.32000      128.000      12.3865     0.615661     0.170356
1998-12-02/19:29:57      128.900      45.5200      9.34000      136.000      6.07491     0.719340    0.0736527
1998-12-02/19:29:59      128.930      45.3900      9.34000      137.000      5.52538     0.731354    0.0657692
1998-12-02/19:30:02      128.950      45.2600      9.34000      131.000      8.36815     0.656059     0.110227
1998-12-02/19:30:04      128.970      45.1300      9.32000      133.000      8.70322     0.681998     0.111093
1998-12-02/19:30:07      128.990      45.0000      9.28000      133.000      26.9050     0.681998     0.343430
1998-12-02/19:30:09      129.010      44.8700      9.26000      130.000      25.7972     0.642788     0.344909
1998-12-02/19:30:12      129.040      44.7400      9.23000      127.000      11.2143     0.601815     0.156314
1998-12-02/19:30:14      129.070      44.6100      9.22000      129.000      25.6400     0.629321     0.347775
1998-12-02/19:30:17      129.100      44.4800      9.20000      128.000      7.77639     0.615661     0.106952
1998-12-02/19:30:19      129.120      44.3600      9.19000      129.000      9.04690     0.629321     0.122710
1998-12-02/19:30:21      129.130      44.2300      9.18000      133.000      5.17562     0.681998    0.0660644
1998-12-02/19:30:24      129.150      44.1000      9.17000      133.000      8.93288     0.681998     0.114024
1998-12-02/19:30:26      129.160      43.9600      9.17000      134.000      9.29396     0.694658     0.116684
1998-12-02/19:30:29      129.180      43.8300      9.17000      134.000      7.25543     0.694658    0.0910908
1998-12-02/19:30:31      129.200      43.6900      9.18000      134.000      6.10311     0.694658    0.0766236
1998-12-02/19:30:34      129.210      43.5400      9.18000      136.000      4.32886     0.719340    0.0524834
1998-12-02/19:30:36      129.220      43.4000      9.20000      135.000      9.27146     0.707107     0.114422
1998-12-02/19:30:39      129.220      43.2600      9.21000      137.000      26.5798     0.731354     0.316382
1998-12-02/19:30:41      129.220      43.1200      9.22000      139.000      11.4055     0.754710     0.130597
1998-12-02/19:30:44      129.220      42.9800      9.23000      139.000      27.2650     0.754710     0.312195
1998-12-02/19:30:46      129.220      42.8400      9.24000      141.000      30.1216     0.777146     0.330847
1998-12-02/19:30:49      129.220      42.7100      9.24000      145.000      30.0488     0.819152     0.300812
1998-12-02/19:30:51      129.210      42.5800      9.23000      138.000      12.8230     0.743145     0.149754
1998-12-02/19:30:54      129.210      42.4400      9.22000      137.000      7.80054     0.731354    0.0928507
1998-12-02/19:30:56      129.200      42.3000      9.22000      136.000      3.05713     0.719340    0.0370649
1998-12-02/19:30:59      129.200      42.1700      9.22000      135.000      2.52047     0.707107    0.0311060
1998-12-02/19:31:01      129.200      42.0400      9.19000      133.000      3.45868     0.681998    0.0441484
1998-12-02/19:31:04      129.190      41.9100      9.17000      133.000      4.30268     0.681998    0.0549217
1998-12-02/19:31:06      129.200      41.7800      9.15000      134.000      3.99895     0.694658    0.0502062
1998-12-02/19:31:08      129.210      41.6500      9.13000      142.000      7.96597     0.788011    0.0855969
1998-12-02/19:31:11      129.230      41.5100      9.12000      120.000      5.29080     0.500000    0.0799704
1998-12-02/19:31:13      129.240      41.3800      9.10000      142.000      5.76805     0.788011    0.0619795
1998-12-02/19:31:16      129.250      41.2500      9.10000      139.000      8.85172     0.754710     0.101356
1998-12-02/19:31:18      129.270      41.1200      9.10000      134.000      9.29396     0.694658     0.116684
1998-12-02/19:31:21      129.280      40.9900      9.10000      131.000      8.04393     0.656059     0.105956
1998-12-02/19:31:23      129.320      40.8500      9.11000      125.000      6.81630     0.573576    0.0974520
1998-12-02/19:31:26      129.350      40.7100      9.14000      122.000      3.96800     0.529919    0.0587313
1998-12-02/19:31:28      129.370      40.5700      9.17000      121.000      7.33576     0.515038     0.109746
1998-12-02/19:31:31      129.390      40.4300      9.21000      122.000      7.74172     0.529919     0.114587
1998-12-02/19:31:33      129.390      40.2900      9.25000      132.000      24.7334     0.669131     0.320800
1998-12-02/19:31:36      129.390      40.1600      9.27000      141.000      30.1216     0.777146     0.330847
1998-12-02/19:31:39      129.410      39.9800      9.29000      133.000      26.9050     0.681998     0.343430
1998-12-02/19:31:42      129.430      39.8400      9.31000      132.000      12.3685     0.669131     0.160423
1998-12-02/19:31:44      129.430      39.7000      9.31000      128.000      24.7730     0.615661     0.340713
1998-12-02/19:31:47      129.430      39.5700      9.32000      135.000      20.6726     0.707107     0.255128
1998-12-02/19:31:49      129.450      39.4300      9.32000      168.000      45.0000     0.978148     0.163293
1998-12-02/19:31:52      129.470      39.3000      9.32000      168.000      45.0000     0.978148     0.163293
1998-12-02/19:31:54      129.470      39.1700      9.33000      148.000      32.7620     0.848048     0.303010
1998-12-02/19:31:56      129.470      39.0400      9.33000      150.000      15.7884     0.866026     0.137780
1998-12-02/19:32:19      129.700      37.8400      9.34000      149.000      9.05543     0.857167    0.0814003
1998-12-02/19:32:21      129.720      37.7000      9.36000      148.000      6.63263     0.848048    0.0613441
1998-12-02/19:32:24      129.730      37.5700      9.38000      138.000      3.86611     0.743145    0.0451505
1998-12-02/19:32:26      129.730      37.4400      9.41000      135.000      2.11900     0.707107    0.0261513
1998-12-02/19:32:29      129.740      37.3100      9.43000      157.000      6.35738     0.920505    0.0433544
1998-12-02/19:32:31      129.750      37.1800      9.45000      156.000      10.3663     0.913545    0.0735893
1998-12-02/19:32:34      129.750      37.0600      9.46000      158.000      13.1608     0.927184    0.0860468
1998-12-02/19:32:36      129.750      36.9300      9.48000      155.000      9.86118     0.906308    0.0727369
1998-12-02/19:32:39      129.770      36.8000      9.49000      128.000      24.7730     0.615661     0.340713
1998-12-02/19:32:41      129.780      36.6800      9.51000      121.000      4.36846     0.515038    0.0653539
1998-12-02/19:32:44      129.800      36.5500      9.51000      123.000      2.27303     0.544639    0.0332716
1998-12-02/19:32:46      129.810      36.4200      9.50000      121.000      2.94793     0.515038    0.0441022
1998-12-02/19:32:49      129.830      36.2800      9.49000      125.000      10.3559     0.573576     0.148057
1998-12-02/19:32:51      129.860      36.1500      9.48000      124.000      2.56447     0.559193    0.0371064
1998-12-02/19:32:54      129.880      36.0100      9.46000      128.000      6.07521     0.615661    0.0835547
1998-12-02/19:32:56      129.900      35.8700      9.44000      133.000      2.81077     0.681998    0.0358782
1998-12-02/19:32:58      129.910      35.7500      9.42000      135.000      4.65228     0.707107    0.0574154
1998-12-02/19:33:01      129.920      35.6200      9.42000      132.000      3.42443     0.669131    0.0444160
1998-12-02/19:33:03      129.930      35.4900      9.40000      133.000      2.81077     0.681998    0.0358782
1998-12-02/19:33:06      129.940      35.3500      9.38000      132.000      2.98051     0.669131    0.0386582
1998-12-02/19:33:08      129.940      35.2200      9.37000      125.000      4.06454     0.573576    0.0581103
1998-12-02/19:33:11      129.950      35.0900      9.37000      141.000      6.57197     0.777146    0.0721846
1998-12-02/19:33:13      129.950      34.9500      9.37000      146.000      5.40736     0.829038    0.0527745
1998-12-02/19:33:16      129.960      34.8200      9.37000      153.000      6.35087     0.891007    0.0503219
1998-12-02/19:33:18      129.970      34.6900      9.38000      154.000      6.03886     0.898794    0.0462034
1998-12-02/19:33:21      129.990      34.5500      9.39000      153.000      5.21928     0.891007    0.0413556
1998-12-02/19:33:23      130.010      34.4200      9.39000      151.000      5.83242     0.874620    0.0493512
1998-12-02/19:33:26      130.020      34.2800      9.40000      147.000      4.32540     0.838671    0.0411161
1998-12-02/19:33:28      130.040      34.1400      9.40000      147.000      5.60037     0.838671    0.0532357
1998-12-02/19:33:31      130.050      34.0000      9.40000      145.000      9.33743     0.819152    0.0934751
1998-12-02/19:33:33      130.060      33.8600      9.40000      144.000      6.14262     0.809017    0.0630158
1998-12-02/19:33:36      130.070      33.7200      9.40000      139.000      8.21298     0.754710    0.0940418
1998-12-02/19:33:38      130.080      33.5800      9.39000      136.000      5.60432     0.719340    0.0679472
1998-12-02/19:33:41      130.080      33.4400      9.39000      134.000      3.04750     0.694658    0.0382609
1998-12-02/19:33:43      130.090      33.3000      9.38000      135.000      2.82523     0.707107    0.0348671
1998-12-02/19:33:46      130.110      33.1600      9.37000      133.000      3.45868     0.681998    0.0441484
1998-12-02/19:33:48      130.120      33.0100      9.36000      129.000      4.78361     0.629321    0.0648837
1998-12-02/19:33:50      130.140      32.8700      9.35000      124.000      2.26797     0.559193    0.0328162
1998-12-02/19:33:53      130.150      32.7400      9.35000      125.000      2.77985     0.573576    0.0397432
1998-12-02/19:33:55      130.160      32.6100      9.35000      117.000      3.71922     0.453991    0.0578376
1998-12-02/19:33:58      130.180      32.4700      9.34000      117.000      4.45875     0.453991    0.0693380
1998-12-02/19:34:00      130.190      32.3400      9.34000      130.000      5.28399     0.642788    0.0706469
1998-12-02/19:34:03      130.210      32.2000      9.33000      133.000      6.45096     0.681998    0.0823435
1998-12-02/19:34:05      130.220      32.0600      9.33000      132.000      7.45392     0.669131    0.0966798
1998-12-02/19:34:08      130.240      31.9200      9.32000      132.000      8.40628     0.669131     0.109032
1998-12-02/19:34:10      130.250      31.7800      9.32000      128.000      5.87966     0.615661    0.0808652
1998-12-02/19:34:13      130.250      31.6400      9.32000      126.000      6.22073     0.587785    0.0878368
1998-12-02/19:34:15      130.260      31.5000      9.32000      127.000      9.34365     0.601815     0.130239
1998-12-02/19:34:17      130.260      31.3900      9.31000      126.000      6.84089     0.587785    0.0965934
1998-12-02/19:34:20      130.280      31.2500      9.31000      127.000      9.03646     0.601815     0.125958
1998-12-02/19:34:22      130.290      31.1000      9.30000      127.000      22.1762     0.601815     0.309110
1998-12-02/19:34:25      130.300      30.9600      9.30000      129.000      11.1373     0.629321     0.151064
1998-12-02/19:34:27      130.310      30.8200      9.30000      166.000      14.6811     0.970296    0.0619885
1998-12-02/19:34:30      130.330      30.6800      9.30000      168.000      16.5545     0.978148    0.0600720
1998-12-02/19:34:32      130.340      30.5500      9.30000      166.000      15.7717     0.970296    0.0665934
1998-12-02/19:34:35      130.350      30.4100      9.28000      157.000      4.71980     0.920505    0.0321869
1998-12-02/19:34:37      130.360      30.2800      9.26000      162.000      9.33510     0.951056    0.0503476
1998-12-02/19:34:40      130.370      30.1500      9.25000      161.000      9.02519     0.945519    0.0512833
1998-12-02/19:34:42      130.380      30.0200      9.24000      155.000      13.2620     0.906308    0.0978216
1998-12-02/19:34:45      130.390      29.8800      9.22000      131.000      8.82231     0.656059     0.116209
1998-12-02/19:34:47      130.400      29.7500      9.21000      138.000      11.4550     0.743145     0.133778
1998-12-02/19:34:50      130.410      29.6200      9.20000      136.000      9.09227     0.719340     0.110235
1998-12-02/19:34:52      130.410      29.4800      9.19000      137.000      9.66042     0.731354     0.114989
1998-12-02/19:34:55      130.420      29.3500      9.19000      134.000      5.00893     0.694658    0.0628864
1998-12-02/19:34:57      130.430      29.2200      9.19000      136.000      6.40563     0.719340    0.0776623
1998-12-02/19:35:00      130.440      29.0900      9.20000      126.000      6.55871     0.587785    0.0926090
1998-12-02/19:35:02      130.440      28.9600      9.21000      126.000      8.75951     0.587785     0.123684
1998-12-02/19:35:05      130.440      28.8300      9.22000      127.000      7.59353     0.601815     0.105845
1998-12-02/19:35:07      130.440      28.7000      9.23000      120.000      7.20927     0.500000     0.108968
1998-12-02/19:35:10      130.450      28.5700      9.23000      114.000      5.47039     0.406737    0.0872220
1998-12-02/19:35:45      130.400      26.7200      9.24000      143.000      5.63087     0.798636    0.0591447
1998-12-02/19:35:48      130.400      26.5900      9.25000      144.000      7.64877     0.809017    0.0784671
1998-12-02/19:35:50      130.390      26.4700      9.26000      157.000      11.7159     0.920505    0.0798971
1998-12-02/19:35:53      130.390      26.3400      9.26000      160.000      20.3103     0.939693     0.121240
1998-12-02/19:35:55      130.380      26.2100      9.26000      159.000      12.8722     0.933580    0.0805118
1998-12-02/19:35:58      130.390      26.0800      9.26000      160.000      12.5783     0.939693    0.0750846
1998-12-02/19:36:00      130.400      25.9500      9.27000      157.000      18.5428     0.920505     0.126453
1998-12-02/19:36:03      130.410      25.8100      9.27000      156.000      16.0687     0.913545     0.114070
1998-12-02/19:36:05      130.420      25.6700      9.28000      153.000      9.69597     0.891007    0.0768272
1998-12-02/19:36:08      130.430      25.5300      9.29000      158.000      8.55859     0.927184    0.0559571
1998-12-02/19:36:10      130.440      25.3900      9.29000      152.000      8.47223     0.882948    0.0694200
1998-12-02/19:36:13      130.440      25.2500      9.30000      155.000      4.93631     0.906308    0.0364106
1998-12-02/19:36:15      130.450      25.1100      9.31000      154.000      9.46049     0.898794    0.0723824
1998-12-02/19:36:18      130.460      24.9800      9.31000      153.000      12.5492     0.891007    0.0994352
1998-12-02/19:36:20      130.470      24.8500      9.33000      147.000      9.85431     0.838671    0.0936725
1998-12-02/19:36:23      130.480      24.7200      9.35000      144.000      11.2859     0.809017     0.115780
1998-12-02/19:36:25      130.490      24.5900      9.37000      125.000      21.8278     0.573576     0.312070
1998-12-02/19:36:28      130.500      24.4600      9.40000      125.000      21.8278     0.573576     0.312070
1998-12-02/19:36:30      130.510      24.3400      9.41000      144.000      30.4326     0.809017     0.312202
1998-12-02/19:36:32      130.530      24.2100      9.43000      145.000      30.0488     0.819152     0.300812
1998-12-02/19:36:35      130.540      24.0800      9.46000      147.000      12.1960     0.838671     0.115932
1998-12-02/19:36:37      130.550      23.9600      9.48000      148.000      3.88640     0.848048    0.0359447
1998-12-02/19:36:40      130.550      23.8300      9.50000      148.000      7.46921     0.848048    0.0690815
1998-12-02/19:36:42      130.550      23.7100      9.51000      146.000      13.8235     0.829038     0.134914
1998-12-02/19:36:45      130.580      23.5800      9.52000      146.000      8.26028     0.829038    0.0806183
1998-12-02/19:36:47      130.590      23.4400      9.52000      133.000      26.9050     0.681998     0.343430
1998-12-02/19:37:29      130.540      21.1000      9.52000      136.000      2.72704     0.719340    0.0330628
1998-12-02/19:37:32      130.530      20.9600      9.52000      135.000      2.11900     0.707107    0.0261513
1998-12-02/19:37:34      130.520      20.8300      9.52000      135.000      4.93263     0.707107    0.0608753
1998-12-02/19:37:37      130.510      20.7000      9.52000      136.000      7.43412     0.719340    0.0901318
1998-12-02/19:37:39      130.510      20.5600      9.53000      135.000      20.6726     0.707107     0.255128
1998-12-02/19:37:42      130.500      20.4200      9.52000      136.000      24.0070     0.719340     0.291063
1998-12-02/19:37:44      130.500      20.2800      9.51000      170.000      20.5702     0.984808    0.0623428
1998-12-02/19:37:47      130.510      20.1500      9.50000      170.000      22.0256     0.984808    0.0667537
1998-12-02/19:37:49      130.510      20.0100      12.3200      166.000      18.5420     0.970296    0.0782905
1998-12-02/19:37:52      130.520      19.8800      12.3100      139.000      27.2650     0.754710     0.312195
1998-12-02/19:37:54      130.510      19.7300      12.2800      134.000      20.5334     0.694658     0.257794
1998-12-02/19:37:57      130.510      19.5900      12.2400      134.000      11.0138     0.694658     0.138277
1998-12-02/19:37:59      130.500      19.4500      12.2000      125.000      8.98830     0.573576     0.128505
1998-12-02/19:38:02      130.490      19.3000      12.1600      134.000      20.5334     0.694658     0.257794
1998-12-02/19:38:04      130.490      19.1600      12.1300      134.000      20.5334     0.694658     0.257794
1998-12-02/19:38:06      130.490      19.0200      12.1100      130.000      25.7972     0.642788     0.344909
1998-12-02/19:38:09      130.500      18.8800      12.0800      126.000      25.0610     0.587785     0.353862
1998-12-02/19:38:11      130.500      18.7400      12.0400      125.000      21.8278     0.573576     0.312070
1998-12-02/19:38:14      130.520      18.6100      11.9500      124.000      17.6815     0.559193     0.255841
1998-12-02/19:38:16      130.540      18.5000      11.8400      125.000      21.8278     0.573576     0.312070
1998-12-02/19:38:19      130.530      18.3600      11.6700      125.000      21.8278     0.573576     0.312070
1998-12-02/19:38:21      130.510      18.2300      11.4400      171.000      45.0000     0.987688     0.122863
1998-12-02/19:38:24      130.510      18.1000      11.1000      134.000      20.5334     0.694658     0.257794
1998-12-02/19:38:26      130.500      17.9700      10.7100      135.000      20.6726     0.707107     0.255128
1998-12-02/19:38:29      130.510      17.8400      10.2400      136.000      11.7388     0.719340     0.142322
1998-12-02/19:38:31      130.510      17.7000      9.75000      135.000      5.96779     0.707107    0.0736505
1998-12-02/19:38:33      130.510      17.5600      9.21000      134.000      2.58820     0.694658    0.0324945
1998-12-02/19:38:36      130.510      17.4300      8.75000      138.000      5.10678     0.743145    0.0596397
1998-12-02/19:38:38      130.520      17.2900      8.42000      132.000      5.05634     0.669131    0.0655824
1998-12-02/19:38:41      130.530      17.1500      8.80000      128.000      8.10632     0.615661     0.111489
1998-12-02/19:38:43      130.540      17.0000      9.15000      128.000      10.2366     0.615661     0.140788
1998-12-02/19:38:46      130.550      16.8500      9.54000      143.000      8.14791     0.798636    0.0855828
1998-12-02/19:38:48      130.560      16.7000      9.90000      142.000      9.92565     0.788011     0.106654
1998-12-02/19:38:51      130.560      16.5500      10.2100      143.000      7.85634     0.798636    0.0825203
1998-12-02/19:38:53      130.560      16.4000      10.4700      140.000      8.22101     0.766045    0.0922295
1998-12-02/19:38:56      130.540      16.2500      10.6600      130.000      5.86415     0.642788    0.0784037
1998-12-02/19:38:58      130.540      16.1100      10.8400      111.000      3.50869     0.358368    0.0571708
1998-12-02/19:39:01      130.550      15.9700      10.9800      111.000      3.50869     0.358368    0.0571708
1998-12-02/19:39:03      130.540      15.8300      11.1400      130.000      6.73825     0.642788    0.0900904
1998-12-02/19:39:06      130.540      15.7000      11.3300      135.000      9.35746     0.707107     0.115484
1998-12-02/19:39:08      130.530      15.5600      11.5000      136.000      9.61941     0.719340     0.116626
1998-12-02/19:39:11      130.520      15.4300      11.6500      141.000      9.20524     0.777146     0.101108
1998-12-02/19:39:13      130.520      15.2900      11.8200      144.000      12.5361     0.809017     0.128605
1998-12-02/19:39:16      130.520      15.1600      12.0100      124.000      17.6815     0.559193     0.255841
1998-12-02/19:39:18      130.520      15.0200      12.1900      123.000      7.52598     0.544639     0.110162
1998-12-02/19:39:21      130.520      14.8800      12.3700      122.000      21.3608     0.529919     0.316166
1998-12-02/19:39:23      130.520      14.7500      12.5700      133.000      26.9050     0.681998     0.343430
1998-12-02/19:39:26      130.510      14.6200      12.7700      137.000      26.5798     0.731354     0.316382
1998-12-02/19:39:28      130.510      14.4900      12.9500      137.000      9.66042     0.731354     0.114989
1998-12-02/19:39:31      130.510      14.3500      13.1300      143.000      12.2308     0.798636     0.128468
1998-12-02/19:39:33      130.510      14.2300      13.2900      139.000      7.50324     0.754710    0.0859150
1998-12-02/19:39:36      130.520      14.0700      13.4400      134.000      3.50852     0.694658    0.0440489
1998-12-02/19:39:39      130.500      13.9400      13.5500      125.000      3.38424     0.573576    0.0483841
1998-12-02/19:39:41      130.490      13.8200      13.6500      129.000      5.44054     0.629321    0.0737941
1998-12-02/19:39:44      130.480      13.6900      13.7100      127.000      5.57686     0.601815    0.0777348
1998-12-02/19:39:46      130.470      13.5700      13.7400      127.000      6.09990     0.601815    0.0850254
1998-12-02/19:39:49      130.470      13.4400      13.7000      134.000      4.21481     0.694658    0.0529163
1998-12-02/19:39:51      130.460      13.3000      13.6300      144.000      7.32484     0.809017    0.0751440
1998-12-02/19:39:54      130.450      13.1700      13.5000      154.000      3.45931     0.898794    0.0264672
1998-12-02/19:39:56      130.440      13.0300      13.3400      149.000      12.3555     0.857167     0.111065
1998-12-02/19:39:59      130.420      12.8800      13.1600      146.000      2.16119     0.829038    0.0210927
1998-12-02/19:40:01      130.410      12.7400      12.9800      145.000      8.42524     0.819152    0.0843434
1998-12-02/19:40:04      130.390      12.5900      12.8000      146.000      5.00862     0.829038    0.0488829
1998-12-02/19:40:06      130.380      12.4500      12.6400      146.000      11.8818     0.829038     0.115963
1998-12-02/19:40:09      130.360      12.3100      12.4600      154.000      9.46049     0.898794    0.0723824
1998-12-02/19:40:11      130.340      12.1700      12.2800      154.000      36.0924     0.898794     0.276144
1998-12-02/19:40:14      130.320      12.0400      12.0500      158.000      10.0942     0.927184    0.0659971
1998-12-02/19:40:16      130.310      11.9100      11.8100      160.000      12.1655     0.939693    0.0726204
1998-12-02/19:40:19      130.300      11.7800      11.5400      161.000      12.9167     0.945519    0.0733957
1998-12-03/01:18:47      113.900      63.5500      11.2600      102.000      2.97429     0.207912    0.0507768
1998-12-03/01:18:50      114.000      63.4200      10.9500      99.0000      6.14641     0.156434     0.105954
1998-12-03/01:18:52      114.020      63.2900      10.6400      99.0000      5.91275     0.156434     0.101926
1998-12-03/01:18:55      114.080      63.1600      10.4000      97.0000      9.38476     0.121869     0.162574
1998-12-03/01:18:57      114.200      63.0100      10.1100      97.0000      8.02002     0.121869     0.138932
1998-12-03/01:18:59      114.290      62.8800      10.0300      93.0000     0.544964    0.0523359   0.00949838
1998-12-03/01:19:02      114.360      62.7300      10.1700      96.0000      5.82111     0.104529     0.101041
1998-12-03/01:19:04      114.440      62.5800      10.4000      98.0000      7.08932     0.139173     0.122528
1998-12-03/01:19:07      114.510      62.4300      10.7800      99.0000      5.16476     0.156434    0.0890323
1998-12-03/01:19:09      114.590      62.2800      11.2200      100.000      9.65396     0.173648     0.165934
1998-12-03/01:19:12      114.700      62.1300      11.7700      97.0000      6.94742     0.121869     0.120352
1998-12-03/01:19:14      114.800      61.9900      12.3300      95.0000      26.2134    0.0871559     0.455769
1998-12-03/01:19:29      115.540      61.0800      12.9200      98.0000      9.51524     0.139173     0.164456
1998-12-03/01:19:31      115.680      60.9100      13.4500      103.000      7.18252     0.224951     0.122146
1998-12-03/01:19:34      115.830      60.7300      13.8700      107.000      6.22387     0.292372     0.103881
1998-12-03/01:19:36      116.040      60.5500      14.2200      104.000      7.22898     0.241922     0.122422
1998-12-03/01:20:14      118.500      57.9000      14.4400      102.000      9.08848     0.207912     0.155158
1998-12-03/01:20:16      118.620      57.7500      14.6000      106.000      6.94302     0.275637     0.116484
1998-12-03/01:20:18      118.710      57.6300      14.6500      106.000      5.16517     0.275637    0.0866570
1998-12-03/01:20:21      118.950      57.4400      14.6600      109.000      4.13709     0.325568    0.0682720
1998-12-03/01:20:23      119.190      57.2600      14.6000      106.000      4.73724     0.275637    0.0794775
1998-12-03/01:20:26      119.470      57.0800      14.5400      111.000      4.67092     0.358368    0.0761082
1998-12-03/01:20:28      119.750      56.9100      14.4500      105.000      20.0866     0.258819     0.338632
1998-12-03/01:20:31      119.980      56.7500      14.3600      174.000      45.0000     0.994522    0.0820963
1998-12-03/01:20:33      120.200      56.6000      14.2700      166.000      45.0000     0.970296     0.190005
1998-12-03/01:20:36      120.370      56.4600      14.1700      121.000      19.9174     0.515038     0.297973
1998-12-03/01:20:38      120.530      56.3200      14.0700      114.000      20.2240     0.406737     0.322459
1998-12-03/01:20:41      120.660      56.1900      13.9400      120.000      6.89819     0.500000     0.104266
1998-12-03/01:20:43      120.790      56.0600      13.7800      120.000      4.33929     0.500000    0.0655884
1998-12-03/01:20:46      120.930      55.9300      13.6000      116.000      5.86277     0.438371    0.0919688
1998-12-03/01:20:48      121.060      55.8000      13.3900      117.000      6.88610     0.453991     0.107086
1998-12-03/01:20:51      121.180      55.6700      13.1800      118.000      6.39865     0.469472    0.0986054
1998-12-03/01:20:53      121.290      55.5500      12.9700      117.000      11.3419     0.453991     0.176378
1998-12-03/01:20:56      121.430      55.4300      12.7600      164.000      9.54045     0.961262    0.0458970
1998-12-03/01:20:58      121.570      55.3100      12.4900      169.000      8.14719     0.981627    0.0271321
1998-12-03/01:21:00      121.700      55.2000      12.4000      162.000      8.75620     0.951056    0.0472254
1998-12-03/01:21:03      121.820      55.0900      12.3600      162.000      9.92600     0.951056    0.0535345
1998-12-03/01:21:05      121.910      54.9900      12.3300      132.000      4.18323     0.669131    0.0542578
1998-12-03/01:21:08      122.000      54.9000      12.3200      127.000      4.46316     0.601815    0.0622112
1998-12-03/01:21:10      122.080      54.8100      12.3200      131.000      3.31843     0.656059    0.0437109
1998-12-03/01:21:13      122.150      54.7200      12.3300      131.000      2.94219     0.656059    0.0387550
1998-12-03/01:21:15      122.220      54.6300      12.3200      127.000      2.82921     0.601815    0.0394358
1998-12-03/01:21:18      122.290      54.5500      12.2700      126.000      3.00177     0.587785    0.0423850
1998-12-03/01:21:20      122.310      54.4700      12.2200      126.000      2.54888     0.587785    0.0359902
1998-12-03/01:21:23      122.320      54.3900      12.1600      123.000      1.97618     0.544639    0.0289265
1998-12-03/01:21:25      122.270      54.3100      12.0800      121.000      3.13232     0.515038    0.0468607
1998-12-03/01:21:28      122.210      54.2200      11.9900      119.000      3.71706     0.484810    0.0567409
1998-12-03/01:21:30      122.160      54.1200      11.8900      122.000      3.12708     0.529919    0.0462846
1998-12-03/01:21:33      122.120      54.0000      11.8000      119.000      3.85064     0.484810    0.0587800
1998-12-03/01:21:35      122.110      53.8800      11.7000      117.000      2.93155     0.453991    0.0455885
1998-12-03/01:21:39      122.100      53.7000      11.6200      115.000      5.27870     0.422618    0.0834988
1998-12-03/01:21:41      122.120      53.5600      11.5600      116.000      3.66487     0.438371    0.0574905
1998-12-03/01:21:44      122.130      53.4100      11.5500      114.000      8.15788     0.406737     0.130072
1998-12-03/01:21:46      122.140      53.2800      11.5600      114.000      2.74282     0.406737    0.0437326
1998-12-03/01:21:49      122.150      53.1400      11.6100      115.000      3.47634     0.422618    0.0549889
1998-12-03/01:21:51      122.240      52.9900      11.6800      114.000      2.74282     0.406737    0.0437326
1998-12-03/01:21:54      122.340      52.8300      11.7500      115.000      3.09391     0.422618    0.0489396
1998-12-03/01:21:56      122.400      52.6900      11.8200      116.000      3.34944     0.438371    0.0525424
1998-12-03/01:21:59      122.470      52.5500      11.8600      118.000      3.73865     0.469472    0.0576139
1998-12-03/01:22:01      122.490      52.4400      11.8200      131.000      4.38158     0.656059    0.0577149
1998-12-03/01:22:04      122.510      52.3300      11.7600      137.000      4.34261     0.731354    0.0516906
1998-12-03/01:22:06      122.540      52.2200      11.6700      138.000      4.37375     0.743145    0.0510790
1998-12-03/01:22:09      122.580      52.1000      11.5600      136.000      5.20529     0.719340    0.0631093
1998-12-03/01:22:11      122.660      51.9500      11.4500      134.000      4.55141     0.694658    0.0571423
1998-12-03/01:22:13      122.740      51.7900      11.3600      132.000      5.94674     0.669131    0.0771312
1998-12-03/01:22:16      122.800      51.6500      11.2400      125.000      2.96422     0.573576    0.0423792
1998-12-03/01:22:18      122.870      51.5100      11.1200      124.000      17.6815     0.559193     0.255841
1998-12-03/01:22:43      123.250      50.1100      11.0000      128.000      7.77639     0.615661     0.106952
1998-12-03/01:22:46      123.270      49.9600      10.8800      129.000      3.95825     0.629321    0.0536887
1998-12-03/01:22:48      123.300      49.8200      10.7700      131.000      4.60264     0.656059    0.0606267
1998-12-03/01:22:51      123.330      49.6800      10.6800      128.000      3.90398     0.615661    0.0536929
1998-12-03/01:22:53      123.350      49.5300      10.6300      127.000      4.74053     0.601815    0.0660774
1998-12-03/01:22:56      123.350      49.4000      10.6700      126.000      3.17024     0.587785    0.0447638
1998-12-03/01:22:58      123.350      49.3000      10.7500      121.000      3.13232     0.515038    0.0468607
1998-12-03/01:23:00      123.370      49.1600      10.9200      124.000      2.39890     0.559193    0.0347107
1998-12-03/01:23:03      123.400      49.0200      11.6000      127.000      4.38046     0.601815    0.0610584
1998-12-03/01:23:05      123.430      48.8800      11.7300      125.000      3.16559     0.573576    0.0452581
1998-12-03/01:23:08      123.460      48.7400      11.8200      120.000      4.21716     0.500000    0.0637424
1998-12-03/01:23:10      123.490      48.5900      11.8900      117.000      3.38384     0.453991    0.0526221
1998-12-03/01:23:47      123.880      46.3500      11.9100      117.000      3.85261     0.453991    0.0599119
1998-12-03/01:23:50      123.900      46.2100      11.9300      117.000      4.82079     0.453991    0.0749681
1998-12-03/01:23:52      123.920      46.0600      11.9200      116.000      3.56278     0.438371    0.0558890
1998-12-03/01:23:55      123.940      45.9100      11.9100      116.000      4.18389     0.438371    0.0656323
1998-12-03/01:23:57      123.960      45.7500      11.9000      114.000      2.26885     0.406737    0.0361754
1998-12-03/01:24:00      123.980      45.6100      11.8800      112.000      1.98706     0.374607    0.0321554
1998-12-03/01:24:02      124.010      45.4700      11.8500      113.000      2.30954     0.390731    0.0371047
1998-12-03/01:24:05      124.040      45.3300      11.8200      115.000      3.75347     0.422618    0.0593726
1998-12-03/01:24:07      124.070      45.2100      11.7700      113.000      3.00172     0.390731    0.0482252
1998-12-03/01:24:10      124.100      45.0800      11.7100      113.000      5.50504     0.390731    0.0884431
1998-12-03/01:24:12      124.120      44.9500      11.6000      114.000      7.39356     0.406737     0.117886
1998-12-03/01:24:15      124.140      44.8300      11.4700      113.000      17.3017     0.390731     0.277966
1998-12-03/01:24:17      124.150      44.7100      11.3000      109.000      5.45873     0.325568    0.0900822
1998-12-03/01:24:19      124.170      44.5900      11.1000      112.000      5.33701     0.374607    0.0863657
1998-12-03/01:24:22      124.190      44.4600      10.7800      107.000      4.67314     0.292372    0.0779978
1998-12-03/01:24:24      124.210      44.3400      10.5600      106.000      4.58811     0.275637    0.0769756
1998-12-03/01:24:27      124.240      44.2200      10.3400      111.000      2.43529     0.358368    0.0396807
1998-12-03/01:24:29      124.280      44.0900      10.1100      117.000      3.48879     0.453991    0.0542542
1998-12-03/01:24:32      124.310      43.9600      9.88000      116.000      3.12038     0.438371    0.0489491
1998-12-03/01:24:34      124.340      43.8400      9.61000      117.000      3.60112     0.453991    0.0560010
1998-12-03/01:24:37      124.360      43.7100      9.32000      115.000      3.24076     0.422618    0.0512625
1998-12-03/01:24:39      124.380      43.5700      9.06000      116.000      4.78372     0.438371    0.0750418
1998-12-03/01:24:42      124.410      43.4300      8.80000      118.000      3.42319     0.469472    0.0527525
1998-12-03/01:24:44      124.450      43.2900      8.66000      122.000      3.51694     0.529919    0.0520550
1998-12-03/01:24:47      124.510      43.1500      8.57000      119.000      4.47089     0.484810    0.0682481
1998-12-03/01:24:49      124.550      43.0100      9.13000      118.000      4.21409     0.469472    0.0649406
1998-12-03/01:24:52      124.550      42.8800      9.49000      118.000      3.30730     0.469472    0.0509666
1998-12-03/01:24:54      124.560      42.7500      9.88000      119.000      2.87886     0.484810    0.0439458
1998-12-03/01:24:57      124.580      42.6100      10.2800      118.000      2.30775     0.469472    0.0355632
1998-12-03/01:24:59      124.600      42.4800      10.6600      122.000      2.81476     0.529919    0.0416619
1998-12-03/01:25:02      124.630      42.3500      11.0300      126.000      3.00177     0.587785    0.0423850
1998-12-03/01:25:04      124.650      42.2100      11.3000      128.000      3.45891     0.615661    0.0475717
1998-12-03/01:25:07      124.680      42.0700      11.5300      127.000      3.45851     0.601815    0.0482075
1998-12-03/01:25:09      124.710      41.9200      11.6400      123.000      1.90567     0.544639    0.0278944
1998-12-03/01:25:12      124.740      41.7800      11.7000      120.000      3.34165     0.500000    0.0505090
1998-12-03/01:25:14      124.770      41.6300      11.6700      118.000      3.42319     0.469472    0.0527525
1998-12-03/01:25:17      124.780      41.5000      10.8700      119.000      3.85064     0.484810    0.0587800
1998-12-03/01:25:19      124.790      41.3600      10.7500      118.000      3.56851     0.469472    0.0549920
1998-12-03/01:25:22      124.800      41.2200      10.7500      121.000      3.13232     0.515038    0.0468607
1998-12-03/01:25:24      124.820      41.0700      10.7800      121.000      3.67335     0.515038    0.0549548
1998-12-03/01:25:27      124.840      40.9200      11.0300      116.000      3.23533     0.438371    0.0507524
1998-12-03/01:25:29      124.870      40.7700      11.1900      115.000      3.24076     0.422618    0.0512625
1998-12-03/01:25:32      124.880      40.6300      11.3800      112.000      2.09250     0.374607    0.0338617
1998-12-03/01:25:34      124.880      40.4900      11.5800      112.000      1.86436     0.374607    0.0301698
1998-12-03/01:25:37      124.850      40.3100      11.7900      115.000      2.55251     0.422618    0.0403757
1998-12-03/01:25:40      124.840      40.1600      12.0000      115.000      2.46981     0.422618    0.0390676
1998-12-03/01:25:42      124.850      40.0000      12.2200      115.000      3.00722     0.422618    0.0475684
1998-12-03/01:25:45      124.890      39.8400      12.4400      120.000      2.87450     0.500000    0.0434480
1998-12-03/01:25:47      124.970      39.6800      12.6500      121.000      3.13232     0.515038    0.0468607
1998-12-03/01:25:50      125.040      39.5300      12.8400      117.000      4.15842     0.453991    0.0646676
1998-12-03/01:25:52      125.100      39.3800      13.0200      118.000      3.42319     0.469472    0.0527525
1998-12-03/01:25:55      125.170      39.2400      13.1800      113.000      2.02531     0.390731    0.0325383
1998-12-03/01:25:57      125.250      39.1000      13.3200      113.000      2.02531     0.390731    0.0325383
1998-12-03/01:26:00      125.320      38.9600      13.4300      112.000      2.03620     0.374607    0.0329506
1998-12-03/01:26:02      125.380      38.8400      13.4900      112.000      3.13059     0.374607    0.0506605
1998-12-03/01:26:05      125.420      38.7100      13.4700      115.000      4.24559     0.422618    0.0671570
1998-12-03/01:26:39      125.410      37.3000      12.7800      115.000      4.53078     0.422618    0.0716681
1998-12-03/01:26:42      125.410      37.1900      12.3700      121.000      3.23298     0.515038    0.0483666
1998-12-03/01:26:44      125.400      37.0800      11.8800      118.000      4.54485     0.469472    0.0700377
1998-12-03/01:26:47      125.380      36.9700      11.4500      115.000      4.53078     0.422618    0.0716681
1998-12-03/01:26:49      125.370      36.8700      11.1000      123.000      5.86512     0.544639    0.0858511
1998-12-03/01:26:52      125.350      36.7600      10.8800      126.000      4.02896     0.587785    0.0568890
1998-12-03/01:26:54      125.330      36.6400      11.3900      126.000      6.22073     0.587785    0.0878368
1998-12-03/01:26:57      125.320      36.5300      12.2000      125.000      3.38424     0.573576    0.0483841
1998-12-03/01:26:59      125.300      36.4000      12.8600      127.000      3.04156     0.601815    0.0423958
1998-12-03/01:27:01      125.300      36.3000      12.9500      127.000      3.32400     0.601815    0.0463326
1998-12-03/01:27:04      125.280      36.1900      12.9800      119.000      5.18222     0.484810    0.0791065
1998-12-03/01:27:06      125.230      36.0900      12.7900      120.000      3.24624     0.500000    0.0490669
1998-12-03/01:27:09      125.190      35.9800      12.5000      116.000      3.77145     0.438371    0.0591624
1998-12-03/01:27:11      125.170      35.8400      12.0600      115.000      3.34448     0.422618    0.0529032
1998-12-03/01:27:14      125.160      35.7100      11.5500      118.000      4.98984     0.469472    0.0768951
1998-12-03/01:27:16      125.180      35.5700      10.9700      117.000      3.48879     0.453991    0.0542542
1998-12-03/01:27:19      125.200      35.4400      10.3500      113.000      1.87336     0.390731    0.0300971
1998-12-03/01:27:21      125.240      35.3000      9.80000      115.000      2.55251     0.422618    0.0403757
1998-12-03/01:27:24      125.290      35.1700      9.28000      117.000      3.27689     0.453991    0.0509589
1998-12-03/01:27:26      125.320      35.0100      8.88000      117.000      2.81654     0.453991    0.0438000
1998-12-03/01:27:29      125.350      34.8500      8.52000      115.000      3.00722     0.422618    0.0475684
1998-12-03/01:27:31      125.390      34.6700      8.36000      120.000      2.87450     0.500000    0.0434480
1998-12-03/01:27:34      125.420      34.5000      8.28000      119.000      3.42648     0.484810    0.0523052
1998-12-03/01:27:36      125.450      34.3500      8.26000      115.000      3.34448     0.422618    0.0529032
1998-12-03/01:27:39      125.490      34.1900      8.27000      126.000      5.55124     0.587785    0.0783836
1998-12-03/01:27:41      125.540      34.0400      8.21000      135.000      3.17160     0.707107    0.0391418
1998-12-03/01:27:44      125.590      33.8900      8.12000      138.000      9.32259     0.743145     0.108874
1998-12-03/01:27:46      125.670      33.7400      7.94000      141.000      11.0564     0.777146     0.121440
1998-12-03/01:27:49      125.740      33.5900      7.71000      142.000      29.0452     0.788011     0.312100
1998-12-03/01:27:51      125.810      33.4400      7.44000      145.000      30.0488     0.819152     0.300812
1998-12-03/01:27:54      125.890      33.2900      8.27000      145.000      30.0488     0.819152     0.300812
1998-12-03/01:27:56      125.950      33.1500      8.71000      120.000      10.0925     0.500000     0.152548
1998-12-03/01:27:59      126.000      33.0100      9.32000      118.000      8.20682     0.469472     0.126470
1998-12-03/01:28:01      126.040      32.8600      9.90000      116.000      2.93375     0.438371    0.0460215
1998-12-03/01:28:04      126.070      32.7100      10.4400      119.000      2.45967     0.484810    0.0375468
1998-12-03/01:28:06      126.120      32.5500      10.8900      120.000      3.05288     0.500000    0.0461443
1998-12-03/01:28:09      126.170      32.3900      11.3100      117.000      3.16633     0.453991    0.0492396
1998-12-03/01:28:11      126.230      32.2500      11.6700      118.000      3.91119     0.469472    0.0602728
1998-12-03/01:28:14      126.280      32.1000      11.9700      110.000      2.88719     0.342020    0.0473520
1998-12-03/01:28:16      126.310      31.9900      12.1800      114.000      3.09401     0.406737    0.0493321
1998-12-03/01:28:18      126.340      31.8500      12.3300      117.000      3.71922     0.453991    0.0578376
1998-12-03/01:28:21      126.350      31.7100      12.3700      117.000      3.85261     0.453991    0.0599119
1998-12-03/01:28:23      126.350      31.5700      12.3500      118.000      4.54485     0.469472    0.0700377
1998-12-03/01:28:26      126.380      31.4100      12.2200      120.000      4.12284     0.500000    0.0623167
1998-12-03/01:28:28      126.410      31.2600      12.0400      123.000      3.32815     0.544639    0.0487160
1998-12-03/01:28:30      126.440      31.0900      11.7900      124.000      1.99801     0.559193    0.0289101
1998-12-03/01:28:33      126.480      30.9200      11.5500      122.000      3.03619     0.529919    0.0449393
1998-12-03/01:28:35      126.500      30.7600      11.3100      122.000      2.93854     0.529919    0.0434940
1998-12-03/01:28:38      126.530      30.5900      11.0800      121.000      3.04718     0.515038    0.0455870
1998-12-03/01:28:40      126.530      30.4400      10.8700      120.000      3.34165     0.500000    0.0505090
1998-12-03/01:28:43      126.530      30.2800      10.6700      122.000      3.33634     0.529919    0.0493819
1998-12-03/01:28:45      126.520      30.1400      10.4900      123.000      2.85153     0.544639    0.0417394
1998-12-03/01:28:48      126.510      30.0000      10.2800      124.000      2.26797     0.559193    0.0328162
1998-12-03/01:29:28      126.710      27.7000      10.0400      115.000      7.36341     0.422618     0.116475
1998-12-03/01:29:30      126.710      27.5700      9.79000      114.000      9.08406     0.406737     0.144840
1998-12-03/01:29:33      126.700      27.4400      8.97000      162.000      21.3209     0.951056     0.114991
1998-12-03/01:29:36      126.700      27.2600      9.18000      167.000      25.0731     0.974370    0.0984403
1998-12-03/01:29:39      126.700      27.1400      9.26000      161.000      45.0000     0.945519     0.255701
1998-12-03/01:29:41      126.710      27.0100      9.34000      158.000      42.4920     0.927184     0.277818
1998-12-03/01:29:43      126.710      26.8900      9.34000      159.000      45.0000     0.933580     0.281462
1998-12-03/01:29:46      126.730      26.7700      9.30000      137.000      26.5798     0.731354     0.316382
1998-12-03/01:29:48      126.750      26.6400      9.23000      140.000      28.7126     0.766045     0.322120
1998-12-03/01:29:51      126.780      26.5000      9.14000      103.000      7.58919     0.224951     0.129062
1998-12-03/01:29:53      126.820      26.3500      9.30000      102.000      3.83874     0.207912    0.0655346
1998-12-03/01:29:56      126.850      26.2100      9.40000      100.000      4.63867     0.173648    0.0797301
1998-12-03/01:29:58      126.890      26.0700      9.49000      98.0000      26.9132     0.139173     0.465153
1998-12-03/01:30:01      126.940      25.9200      9.59000      98.0000      26.9132     0.139173     0.465153
1998-12-03/01:30:03      126.990      25.7600      9.71000      99.0000      24.3528     0.156434     0.419804
1998-12-03/01:30:06      127.020      25.6000      9.86000      175.000      45.0000     0.996195    0.0684519
1998-12-03/01:30:08      127.040      25.4400      10.0600      149.000      31.4226     0.857167     0.282461
1998-12-03/01:30:11      127.070      25.3100      10.2900      92.0000      20.8008    0.0348995     0.362821
1998-12-03/01:30:13      127.090      25.1700      10.5500      100.000      21.1866     0.173648     0.364158
1998-12-03/01:30:16      127.140      25.0400      10.8300      97.0000      18.5254     0.121869     0.320920
1998-12-03/01:30:18      127.180      24.9000      11.0400      95.0000      26.2134    0.0871559     0.455769
1998-12-03/01:30:21      127.190      24.7500      11.2200      112.000      8.14304     0.374607     0.131774
1998-12-03/01:30:23      127.190      24.6000      11.2900      127.000      22.1762     0.601815     0.309110
1998-12-03/01:30:26      127.230      24.4900      11.3200      136.000      8.45889     0.719340     0.102556
1998-12-03/01:30:28      127.270      24.3800      11.2800      135.000      20.6726     0.707107     0.255128
1998-12-03/01:30:31      127.250      24.2600      11.2000      130.000      10.4521     0.642788     0.139745
1998-12-03/01:30:33      127.230      24.1300      11.1000      132.000      11.9687     0.669131     0.155238
1998-12-03/01:30:36      127.240      24.0400      11.0000      128.000      8.87976     0.615661     0.122127
1998-12-03/01:30:38      127.250      23.9400      10.8700      125.000      7.60486     0.573576     0.108726
1998-12-03/01:30:41      127.230      23.8100      10.7100      117.000      22.6838     0.453991     0.352756
1998-12-03/01:30:43      127.210      23.6600      10.5800      112.000      17.4097     0.374607     0.281731
1998-12-03/01:30:48      127.230      23.4500      10.4900      172.000      28.0511     0.990268    0.0681370
1998-12-03/01:30:51      127.190      23.3300      10.3400      172.000      22.5670     0.990268    0.0548159
1998-12-03/01:30:58      127.130      23.0700      10.1500      117.000      22.6838     0.453991     0.352756
1998-12-03/01:31:00      127.130      22.9500      9.96000      111.000      3.72656     0.358368    0.0607208
1998-12-03/01:31:03      127.120      22.8200      9.76000      113.000      7.48251     0.390731     0.120213
1998-12-03/01:31:05      127.120      22.7000      9.58000      116.000      8.72278     0.438371     0.136834
1998-12-03/01:31:08      127.120      22.5900      9.42000      116.000      21.9194     0.438371     0.343848
1998-12-03/01:31:10      127.120      22.4500      9.28000      112.000      7.30873     0.374607     0.118273
1998-12-03/01:31:12      127.110      22.3000      9.16000      115.000      22.3924     0.422618     0.354204
1998-12-03/01:31:15      127.150      22.1600      9.05000      114.000      20.2240     0.406737     0.322459
1998-12-03/01:31:17      127.220      22.0400      8.94000      118.000      21.8068     0.469472     0.336050
1998-12-03/01:31:20      127.260      21.8800      8.84000      121.000      7.02267     0.515038     0.105062
1998-12-03/01:31:22      127.260      21.6900      8.75000      121.000      5.39685     0.515038    0.0807390
1998-12-03/01:31:25      127.310      21.5200      8.66000      112.000      2.95217     0.374607    0.0477732
1998-12-03/01:31:27      127.390      21.3700      8.57000      105.000      3.92395     0.258819    0.0661523
1998-12-03/01:31:30      127.410      21.2000      8.76000      107.000      10.7488     0.292372     0.179405
1998-12-03/01:31:32      127.390      21.0200      8.95000      103.000      4.36973     0.224951    0.0743115
1998-12-03/01:31:35      127.370      20.8600      9.14000      104.000      9.48921     0.241922     0.160698
1998-12-03/01:31:37      127.350      20.7000      9.35000      122.000      21.3608     0.529919     0.316166
1998-12-03/01:31:40      127.330      20.5600      9.54000      125.000      21.8278     0.573576     0.312070
1998-12-03/01:31:42      127.310      20.4200      9.70000      129.000      25.6400     0.629321     0.347775
1998-12-03/01:31:45      127.300      20.2800      9.84000      172.000      28.8087     0.990268    0.0699772
1998-12-03/01:31:47      127.310      20.1400      9.94000      172.000      31.6169     0.990268    0.0767984
1998-12-03/01:31:50      127.320      19.9900      10.0200      127.000      22.1762     0.601815     0.309110
1998-12-03/01:31:52      127.330      19.8400      10.0700      128.000      24.7730     0.615661     0.340713
1998-12-03/01:31:55      127.350      19.6900      10.1000      124.000      17.6815     0.559193     0.255841
1998-12-03/01:31:57      127.370      19.5400      10.1000      144.000      30.4326     0.809017     0.312202
1998-12-03/01:32:00      127.390      19.4000      10.1400      135.000      20.6726     0.707107     0.255128
1998-12-03/01:32:02      127.390      19.2500      10.2100      128.000      24.7730     0.615661     0.340713
1998-12-03/01:32:05      127.390      19.1000      10.2500      145.000      30.0488     0.819152     0.300812
1998-12-03/01:32:07      127.370      18.9600      10.2900      176.000      45.0000     0.997564    0.0547864
1998-12-03/01:32:10      127.370      18.8400      10.3100      174.000      45.0000     0.994522    0.0820963
1998-12-03/01:32:12      127.370      18.7300      10.3200      170.000      23.1844     0.984808    0.0702658
1998-12-03/01:32:14      127.370      18.6300      10.3300      170.000      45.0000     0.984808     0.136383
1998-12-03/01:32:17      127.370      18.4800      10.3300      172.000      45.0000     0.990268     0.109306
1998-12-03/01:32:19      127.360      18.3400      10.3400      170.000      45.0000     0.984808     0.136383
1998-12-03/01:32:24      127.350      18.0700      10.3700      145.000      30.0488     0.819152     0.300812
1998-12-03/01:32:27      127.360      17.9400      10.4000      141.000      30.1216     0.777146     0.330847
1998-12-03/01:32:29      127.370      17.8000      10.4400      133.000      26.9050     0.681998     0.343430
1998-12-03/01:32:32      127.350      17.6500      10.4800      130.000      25.7972     0.642788     0.344909
1998-12-03/01:32:34      127.340      17.5100      10.5000      132.000      24.7334     0.669131     0.320800
1998-12-03/01:32:37      127.330      17.3800      10.5000      126.000      25.0610     0.587785     0.353862
1998-12-03/01:32:39      127.330      17.2700      10.4900      172.000      45.0000     0.990268     0.109306
1998-12-03/01:32:42      127.370      17.1600      10.4500      173.000      31.7538     0.992546    0.0675410
1998-12-03/01:32:44      127.380      17.0500      10.4000      174.000      27.0809     0.994522    0.0494054
1998-12-03/01:32:47      127.320      16.9200      10.3400      137.000      26.5798     0.731354     0.316382
1998-12-03/01:32:49      127.270      16.7800      10.2700      138.000      26.7062     0.743145     0.311889
1998-12-03/01:32:52      127.260      16.6500      10.2100      139.000      27.2650     0.754710     0.312195
1998-12-03/01:32:54      127.250      16.5100      10.1400      143.000      11.0796     0.798636     0.116376
1998-12-03/01:32:57      127.240      16.3700      10.0800      140.000      28.7126     0.766045     0.322120
1998-12-03/01:32:59      127.230      16.2200      10.0200      141.000      13.1511     0.777146     0.144448
1998-12-03/01:33:02      127.250      16.0700      9.98000      137.000      26.5798     0.731354     0.316382
1998-12-03/01:33:04      127.260      15.9200      9.93000      141.000      30.1216     0.777146     0.330847
1998-12-03/01:33:07      127.260      15.7800      9.91000      134.000      20.5334     0.694658     0.257794
1998-12-03/01:33:09      127.260      15.6400      9.90000      145.000      30.0488     0.819152     0.300812
1998-12-03/01:33:11      127.290      15.5600      9.92000      156.000      39.3380     0.913545     0.279256
1998-12-03/01:33:14      127.310      15.4700      9.95000      166.000      22.2214     0.970296    0.0938261
1998-12-03/01:33:16      127.310      15.3600      10.0000      165.000      22.1691     0.965926     0.100143
1998-12-03/01:33:19      127.310      15.2400      10.0600      147.000      8.63457     0.838671    0.0820780
1998-12-03/01:33:21      127.320      15.1100      10.1400      146.000      13.0978     0.829038     0.127831
1998-12-03/01:33:24      127.340      14.9800      10.2300      142.000      9.92565     0.788011     0.106654
1998-12-03/01:33:26      127.360      14.8400      10.3200      142.000      29.0452     0.788011     0.312100
1998-12-03/01:33:29      127.380      14.6900      10.4100      143.000      34.4662     0.798636     0.362021
1998-12-03/01:33:31      127.380      14.5200      10.4800      120.000      21.9826     0.500000     0.332267
1998-12-03/01:33:35      127.380      14.3200      10.5300      124.000      9.60787     0.559193     0.139020
1998-12-03/01:33:37      127.380      14.1700      10.5800      128.000      24.7730     0.615661     0.340713
1998-12-03/01:33:40      127.380      14.0300      10.6100      132.000      7.76444     0.669131     0.100707
1998-12-03/01:33:42      127.390      13.8900      10.6400      130.000      7.45448     0.642788    0.0996664
1998-12-03/01:33:45      127.400      13.7500      10.6600      133.000      9.19740     0.681998     0.117400
1998-12-03/01:33:47      127.390      13.6200      10.6700      129.000      25.6400     0.629321     0.347775
1998-12-03/01:33:50      127.390      13.4900      10.6700      129.000      25.6400     0.629321     0.347775
1998-12-03/01:33:52      127.390      13.3600      10.6300      130.000      25.7972     0.642788     0.344909
1998-12-03/01:33:55      127.400      13.2200      10.5500      132.000      24.7334     0.669131     0.320800
1998-12-03/01:33:57      127.410      13.0600      10.4400      134.000      20.5334     0.694658     0.257794
1998-12-03/01:33:59      127.410      12.9200      10.3100      137.000      26.5798     0.731354     0.316382
1998-12-03/01:34:02      127.390      12.8000      10.1900      130.000      9.83340     0.642788     0.131473
1998-12-03/01:34:04      127.380      12.6700      10.0800      128.000      24.7730     0.615661     0.340713
1998-12-03/01:34:07      127.400      12.5400      10.0100      128.000      24.7730     0.615661     0.340713
1998-12-03/01:34:09      127.410      12.4100      10.0000      126.000      25.0610     0.587785     0.353862
1998-12-03/01:34:14      127.420      12.1100      9.99000      150.000      35.6382     0.866026     0.311002
1998-12-03/01:34:17      127.410      11.9600      10.0100      146.000      28.3908     0.829038     0.277087
1998-12-03/01:34:19      127.410      11.8000      10.0000      135.000      20.6726     0.707107     0.255128
1998-12-03/01:34:22      127.410      11.6500      9.97000      112.000      17.4097     0.374607     0.281731
1998-12-03/01:34:24      127.410      11.5100      9.93000      117.000      22.6838     0.453991     0.352756
1998-12-03/01:34:27      127.410      11.3600      9.88000      124.000      17.6815     0.559193     0.255841
1998-12-03/01:34:29      127.400      11.2100      9.85000      123.000      23.1802     0.544639     0.339302
1998-12-03/01:34:32      127.380      11.0600      9.87000      123.000      23.1802     0.544639     0.339302
1998-12-03/01:34:34      127.370      10.9200      9.92000      168.000      15.6964     0.978148    0.0569582
1998-12-03/01:34:37      127.350      10.7900      10.0400      169.000      18.0385     0.981627    0.0600726
1998-12-03/01:34:39      127.350      10.6600      10.1600      170.000      11.7026     0.984808    0.0354675
1998-12-03/01:34:42      127.350      10.5300      10.3300      172.000      18.8130     0.990268    0.0456973
1998-12-03/01:34:44      127.360      10.3900      10.4500      169.000      14.5559     0.981627    0.0484747
1998-12-03/01:34:47      127.380      10.2500      10.5800      167.000      25.0731     0.974370    0.0984403
1998-12-03/01:34:49      127.390      10.1200      10.6000      146.000      28.3908     0.829038     0.277087
1998-12-03/01:34:52      127.380      9.98000      10.5700      143.000      34.4662     0.798636     0.362021
1998-12-03/01:34:54      127.370      9.87000      10.4800      144.000      30.4326     0.809017     0.312202
1998-12-03/01:34:56      127.380      9.79000      10.3600      141.000      30.1216     0.777146     0.330847
1998-12-03/01:34:59      127.400      9.69000      10.2100      127.000      22.1762     0.601815     0.309110
1998-12-03/01:35:01      127.420      9.54000      10.0500      156.000      14.7081     0.913545     0.104411
1998-12-03/01:35:04      127.450      9.40000      9.91000      154.000      9.93717     0.898794    0.0760295
1998-12-03/01:35:06      127.450      9.25000      9.79000      152.000      16.4181     0.882948     0.134527
1998-12-03/01:35:09      127.460      9.11000      9.72000      153.000      15.9390     0.891007     0.126295
1998-12-03/01:35:11      127.470      8.97000      9.68000      152.000      38.7864     0.882948     0.317809
1998-12-03/01:35:14      127.490      8.83000      9.70000      144.000      30.4326     0.809017     0.312202
1998-12-03/01:35:16      127.500      8.68000      9.74000      150.000      17.8191     0.866026     0.155501
1998-12-03/01:35:19      127.500      8.54000      9.82000      126.000      10.8082     0.587785     0.152612
1998-12-03/01:35:21      127.520      8.39000      9.91000      114.000      9.46257     0.406737     0.150875
1998-12-03/01:35:24      127.540      8.24000      10.0000      118.000      7.58900     0.469472     0.116949
1998-12-03/01:35:26      127.550      8.12000      10.1000      121.000      5.39685     0.515038    0.0807390
1998-12-03/01:35:29      127.550      8.00000      10.1400      123.000      3.84539     0.544639    0.0562871
1998-12-03/01:35:31      127.550      7.87000      10.1600      123.000      6.75454     0.544639    0.0988700
1998-12-03/01:35:34      127.550      7.74000      10.1200      122.000      5.61617     0.529919    0.0831262
1998-12-03/01:35:36      127.550      7.60000      10.0500      115.000      4.36896     0.422618    0.0691084
1998-12-03/01:35:39      127.550      7.46000      9.93000      91.0000      7.47303    0.0174525     0.130409
1998-12-03/01:35:41      127.550      7.33000      9.78000      97.0000      7.41957     0.121869     0.128531
1998-12-03/01:35:44      127.540      7.20000      9.62000      102.000      3.74086     0.207912    0.0638636
1998-12-03/01:35:46      127.550      7.06000      9.45000      105.000      3.48493     0.258819    0.0587510
1998-12-03/01:35:49      127.560      6.92000      9.31000      109.000      3.44885     0.325568    0.0569143
1998-12-03/01:35:51      127.550      6.78000      9.18000      114.000      4.94227     0.406737    0.0788014
1998-12-03/01:35:53      127.540      6.64000      9.10000      112.000      6.37525     0.374607     0.103167
1998-12-03/01:35:56      127.540      6.49000      9.03000      116.000      21.9194     0.438371     0.343848
1998-12-03/01:35:58      127.540      6.35000      9.02000      132.000      24.7334     0.669131     0.320800
1998-12-03/01:36:01      127.540      6.19000      9.02000      108.000      18.8223     0.309017     0.312433
1998-12-03/01:36:03      127.540      6.04000      9.05000      98.0000      26.9132     0.139173     0.465153
1998-12-03/01:36:06      127.540      5.88000      9.11000      132.000      11.9687     0.669131     0.155238
1998-12-03/01:36:11      127.530      5.58000      9.17000      112.000      5.97429     0.374607    0.0966784
1998-12-03/01:36:13      127.520      5.46000      9.23000      120.000      5.88799     0.500000    0.0889969
1998-12-03/01:36:15      127.520      5.32000      9.28000      119.000      7.65778     0.484810     0.116896
1998-12-03/01:36:18      127.520      5.19000      9.30000      108.000      9.55748     0.309017     0.158645
1998-12-03/01:36:20      127.520      5.06000      9.30000      106.000      8.98885     0.275637     0.150808
1998-12-03/01:36:23      127.520      4.94000      9.28000      117.000      9.79152     0.453991     0.152268
1998-12-03/01:36:25      127.520      4.80000      9.25000      134.000      8.49070     0.694658     0.106599
1998-12-03/01:36:28      127.520      4.66000      9.22000      133.000      3.28870     0.681998    0.0419787
1998-12-03/01:36:30      127.520      4.51000      9.21000      134.000      2.23258     0.694658    0.0280297
1998-12-03/01:36:33      127.520      4.36000      9.21000      136.000      2.72704     0.719340    0.0330628
1998-12-03/01:36:35      127.510      4.22000      9.20000      136.000      3.54875     0.719340    0.0430253
1998-12-03/01:36:38      127.510      4.08000      9.18000      126.000      7.89555     0.587785     0.111485
1998-12-03/01:36:40      127.510      3.93000      9.15000      135.000      9.35746     0.707107     0.115484
1998-12-03/01:36:43      127.500      3.79000      9.08000      121.000      8.19467     0.515038     0.122595
1998-12-03/01:36:45      127.500      3.65000      9.01000      117.000      8.02201     0.453991     0.124750
1998-12-03/01:36:48      127.500      3.52000      8.92000      115.000      4.24559     0.422618    0.0671570
1998-12-03/01:36:50      127.500      3.38000      8.84000      114.000      3.37699     0.406737    0.0538440
1998-12-03/01:36:53      127.500      3.25000      8.77000      114.000      2.85912     0.406737    0.0455869
1998-12-03/01:36:55      127.500      3.12000      8.71000      114.000      3.37699     0.406737    0.0538440
1998-12-03/01:36:58      127.490      3.00000      8.66000      115.000      5.07437     0.422618    0.0802667
1998-12-03/01:37:00      127.480      2.87000      8.64000      102.000      7.58750     0.207912     0.129533
1998-12-03/01:37:03      127.470      2.75000      8.65000      97.0000      18.5254     0.121869     0.320920
1998-12-03/01:37:13      127.470      2.25000      8.67000      172.000      45.0000     0.990268     0.109306
1998-12-03/01:37:15      127.460      2.13000      8.71000      172.000      30.4926     0.990268    0.0740675
1998-12-03/01:37:18      127.460      2.01000      8.74000      145.000      30.0488     0.819152     0.300812
1998-12-03/01:37:20      127.450      1.89000      8.77000      146.000      28.3908     0.829038     0.277087
1998-12-03/01:37:22      127.450      1.76000      8.62000      143.000      34.4662     0.798636     0.362021
1998-12-03/01:37:25      127.440      1.63000      8.60000      171.000      45.0000     0.987688     0.122863
1998-12-03/01:37:27      127.430      1.50000      8.57000      167.000      45.0000     0.974370     0.176676
1998-12-03/01:37:30      127.410      1.37000      8.58000      171.000      28.5680     0.987688    0.0779991
1998-12-03/01:37:32      127.380      1.26000      8.59000      168.000      45.0000     0.978148     0.163293
1998-12-03/01:37:37      127.370     0.970000      8.57000      170.000      45.0000     0.984808     0.136383
1998-12-03/01:37:42      127.310     0.700000      8.54000      115.000      22.3924     0.422618     0.354204
1998-12-03/01:37:45      127.300     0.580000      8.48000      104.000      18.8654     0.241922     0.319483
1998-12-03/01:37:47      127.320     0.480000      8.40000      112.000      17.4097     0.374607     0.281731
1998-12-03/01:37:50      127.320     0.390000      7.53000      116.000      21.9194     0.438371     0.343848
1998-12-03/01:37:52      127.320     0.310000      7.53000      118.000      21.8068     0.469472     0.336050
1998-12-03/01:37:54      127.320     0.210000      7.56000      124.000      17.6815     0.559193     0.255841
1998-12-03/01:37:57      127.330     0.100000      7.68000      121.000      9.31718     0.515038     0.139389
1998-12-03/01:37:59      127.330   -0.0200000      7.91000      126.000      25.0610     0.587785     0.353862
1998-12-03/01:38:02      127.330    -0.140000      8.20000      127.000      9.03646     0.601815     0.125958
1998-12-03/01:38:04      127.330    -0.270000      8.57000      126.000      8.98264     0.587785     0.126835
1998-12-03/01:38:07      127.340    -0.400000      8.96000      125.000      6.81630     0.573576    0.0974520
1998-12-03/01:38:09      127.340    -0.530000      9.39000      127.000      9.34365     0.601815     0.130239
1998-12-03/01:38:12      127.340    -0.660000      9.84000      126.000      5.55124     0.587785    0.0783836
1998-12-03/01:38:14      127.340    -0.800000      10.3000      127.000      9.03646     0.601815     0.125958
1998-12-03/01:38:17      127.350    -0.930000      10.7700      129.000      5.62312     0.629321    0.0762706
1998-12-03/01:38:19      127.350     -1.07000      11.2300      132.000      5.60423     0.669131    0.0726887
1998-12-03/01:38:22      127.340     -1.21000      11.6600      132.000      4.18323     0.669131    0.0542578
1998-12-03/01:38:24      127.330     -1.36000      12.0600      131.000      7.10549     0.656059    0.0935947
1998-12-03/01:38:27      127.320     -1.50000      12.4100      133.000      4.74620     0.681998    0.0605830
1998-12-03/01:38:29      127.310     -1.65000      12.6900      130.000      8.42084     0.642788     0.112587
1998-12-03/01:38:32      127.280     -1.81000      12.8900      129.000      7.84644     0.629321     0.106427
1998-12-03/01:38:34      127.250     -1.95000      12.9500      127.000      9.34365     0.601815     0.130239
1998-12-03/01:38:37      127.230     -2.08000      12.9600      127.000      7.59353     0.601815     0.105845
1998-12-03/01:38:39      127.210     -2.21000      12.8900      129.000      11.9170     0.629321     0.161639
1998-12-03/01:38:42      127.190     -2.35000      12.7900      130.000      12.3380     0.642788     0.164959
1998-12-03/01:38:44      127.190     -2.48000      12.6300      130.000      12.6153     0.642788     0.168667
1998-12-03/01:38:47      127.200     -2.61000      12.4600      128.000      11.2222     0.615661     0.154343
1998-12-03/01:38:49      127.200     -2.75000      12.2600      129.000      11.9170     0.629321     0.161639
1998-12-03/01:38:52      127.210     -2.92000      12.0600      130.000      9.83340     0.642788     0.131473
1998-12-03/01:38:55      127.220     -3.05000      11.8600      133.000      26.9050     0.681998     0.343430
1998-12-03/01:38:57      127.230     -3.18000      11.6500      134.000      20.5334     0.694658     0.257794
1998-12-03/01:39:07      127.230     -3.73000      11.4200      116.000      21.9194     0.438371     0.343848
1998-12-03/01:39:10      127.230     -3.86000      11.2000      120.000      21.9826     0.500000     0.332267
1998-12-03/01:39:12      127.240     -4.00000      10.9800      124.000      17.6815     0.559193     0.255841
1998-12-03/01:39:15      127.250     -4.14000      10.7600      125.000      21.8278     0.573576     0.312070
1998-12-03/01:39:17      127.260     -4.28000      10.5400      125.000      9.47304     0.573576     0.135435
1998-12-03/01:39:20      127.270     -4.42000      10.3500      125.000      9.47304     0.573576     0.135435
1998-12-03/01:39:22      127.270     -4.56000      10.1800      124.000      7.72540     0.559193     0.111782
1998-12-03/01:39:25      127.270     -4.71000      10.1300      122.000      21.3608     0.529919     0.316166
1998-12-03/01:39:27      127.270     -4.86000      10.1300      122.000      10.6804     0.529919     0.158083
1998-12-03/01:39:30      127.260     -5.01000      10.1700      117.000      8.02201     0.453991     0.124750
1998-12-03/01:39:32      127.270     -5.15000      10.2400      124.000      3.18371     0.559193    0.0460665
1998-12-03/01:39:35      127.270     -5.30000      10.3000      127.000      6.09990     0.601815    0.0850254
1998-12-03/01:39:37      127.270     -5.46000      10.3700      127.000      6.49897     0.601815    0.0905880
1998-12-03/01:39:40      127.270     -5.61000      10.4000      129.000      9.04690     0.629321     0.122710
1998-12-03/01:39:42      127.270     -5.76000      10.4100      124.000      4.38424     0.559193    0.0634375
1998-12-03/01:40:22      127.180     -8.23000      10.4100      136.000      7.43412     0.719340    0.0901318
1998-12-03/01:40:24      127.180     -8.38000      10.4000      112.000      6.79187     0.374607     0.109909
1998-12-03/01:40:27      127.150     -8.52000      10.3600      113.000      17.3017     0.390731     0.277966
1998-12-03/01:40:29      127.120     -8.68000      10.3200      132.000      24.7334     0.669131     0.320800
1998-12-03/01:40:32      127.090     -8.87000      10.2600      110.000      10.5804     0.342020     0.173526
1998-12-03/01:40:34      127.070     -9.04000      10.1800      118.000      8.40150     0.469472     0.129470
1998-12-03/01:40:37      127.040     -9.16000      10.0900      119.000      6.22112     0.484810    0.0949654
1998-12-03/01:40:39      127.020     -9.27000      9.98000      117.000      6.12295     0.453991    0.0952180
1998-12-03/01:40:41      127.010     -9.36000      9.87000      119.000      4.47089     0.484810    0.0682481
1998-12-03/01:40:44      126.990     -9.46000      9.76000      122.000      3.21278     0.529919    0.0475531
1998-12-03/01:40:46      126.970     -9.60000      9.67000      134.000      4.55141     0.694658    0.0571423
1998-12-03/01:40:49      126.960     -9.73000      9.51000      133.000      6.45096     0.681998    0.0823435
1998-12-03/01:40:51      127.010     -9.81000      9.46000      134.000      4.55141     0.694658    0.0571423
1998-12-03/01:40:54      127.050     -9.90000      9.43000      137.000      8.45725     0.731354     0.100668
1998-12-03/01:40:56      127.010     -10.0300      9.41000      137.000      7.15322     0.731354    0.0851456
1998-12-03/01:40:59      126.970     -10.1500      9.40000      126.000      8.75951     0.587785     0.123684
1998-12-03/01:41:01      126.990     -10.2300      9.39000      92.0000      9.10694    0.0348995     0.158849
1998-12-03/01:41:04      126.990     -10.3200      9.38000      139.000      11.4055     0.754710     0.130597
1998-12-03/01:41:06      126.950     -10.4000      9.38000      136.000      9.39420     0.719340     0.113896
1998-12-03/01:41:09      126.920     -10.4800      9.39000      138.000      26.7062     0.743145     0.311889
1998-12-03/01:41:11      126.970     -10.5500      9.40000      138.000      6.83281     0.743145    0.0797972
1998-12-03/01:41:14      127.010     -10.6200      9.41000      136.000      8.45889     0.719340     0.102556
1998-12-03/01:41:16      127.000     -10.7300      9.42000      134.000      9.29396     0.694658     0.116684
1998-12-03/01:41:19      127.000     -10.8400      9.43000      136.000      11.7388     0.719340     0.142322
1998-12-03/01:41:21      127.040     -10.9300      9.43000      136.000      9.92588     0.719340     0.120342
1998-12-03/01:41:24      127.060     -11.0300      9.44000      138.000      26.7062     0.743145     0.311889
1998-12-03/01:41:26      126.990     -11.1700      9.46000      142.000      29.0452     0.788011     0.312100
1998-12-03/01:41:29      126.920     -11.3200      9.49000      141.000      13.7746     0.777146     0.151296
1998-12-03/01:41:31      126.950     -11.4400      9.53000      141.000      12.3312     0.777146     0.135442
1998-12-03/01:41:33      126.970     -11.5800      9.56000      126.000      8.98264     0.587785     0.126835
1998-12-03/01:41:36      126.920     -11.7400      9.58000      128.000      9.67942     0.615661     0.133125
1998-12-03/01:41:38      126.870     -11.9000      9.62000      115.000      9.17440     0.422618     0.145121
1998-12-03/01:41:48      126.830     -12.3600      9.66000      103.000      23.4252     0.224951     0.398368
1998-12-03/01:41:51      126.850     -12.4600      9.69000      115.000      22.3924     0.422618     0.354204
1998-12-03/01:41:53      126.880     -12.5500      9.71000      126.000      7.89555     0.587785     0.111485
1998-12-03/01:41:56      126.860     -12.7000      9.71000      140.000      7.90368     0.766045    0.0886695
1998-12-03/01:41:58      126.830     -12.8600      9.69000      142.000      12.6220     0.788011     0.135627
1998-12-03/01:42:01      126.840     -13.0000      9.66000      145.000      13.1770     0.819152     0.131912
1998-12-03/01:42:03      126.860     -13.1300      9.63000      117.000      22.6838     0.453991     0.352756
1998-12-03/01:42:06      126.810     -13.3000      9.59000      130.000      25.7972     0.642788     0.344909
1998-12-03/01:42:08      126.750     -13.4700      9.55000      130.000      25.7972     0.642788     0.344909
1998-12-03/01:42:11      126.760     -13.6000      9.51000      134.000      10.1597     0.694658     0.127553
1998-12-03/01:42:13      126.790     -13.7300      9.46000      136.000      4.65822     0.719340    0.0564766
1998-12-03/01:42:16      126.740     -13.8800      9.41000      143.000      4.16649     0.798636    0.0437634
1998-12-03/01:42:18      126.680     -14.0400      9.37000      140.000      4.40624     0.766045    0.0494325
1998-12-03/01:42:21      126.690     -14.1700      9.34000      143.000      8.66573     0.798636    0.0910218
1998-12-03/01:42:23      126.720     -14.3000      9.33000      128.000      24.7730     0.615661     0.340713
1998-12-03/01:42:26      126.700     -14.4500      9.32000      124.000      17.6815     0.559193     0.255841
1998-12-03/01:42:28      126.680     -14.6100      9.32000      172.000      14.8727     0.990268    0.0361262
1998-12-03/01:42:31      126.680     -14.7500      9.34000      171.000      7.19712     0.987688    0.0196503
1998-12-03/01:42:33      126.700     -14.8800      9.37000      171.000      5.36328     0.987688    0.0146433
1998-12-03/01:42:35      126.630     -15.0600      9.39000      171.000      10.7823     0.987688    0.0294389
1998-12-03/01:42:38      126.540     -15.2400      9.42000      172.000      26.6650     0.990268    0.0647701
1998-12-03/01:42:40      126.490     -15.4000      9.45000      172.000      45.0000     0.990268     0.109306
1998-12-03/01:42:43      126.450     -15.5500      9.46000      172.000      45.0000     0.990268     0.109306
1998-12-03/01:42:45      126.420     -15.7100      9.48000      172.000      45.0000     0.990268     0.109306
1998-12-03/01:42:48      126.380     -15.8700      9.51000      150.000      35.6382     0.866026     0.311002
1998-12-03/01:42:51      126.350     -16.0600      9.51000      172.000      45.0000     0.990268     0.109306
1998-12-03/01:42:54      126.320     -16.2000      9.51000      175.000      45.0000     0.996195    0.0684519
1998-12-03/01:42:56      126.310     -16.3500      9.49000      171.000      45.0000     0.987688     0.122863
1998-12-03/01:43:06      126.190     -16.9300      9.48000      108.000      18.8223     0.309017     0.312433
1998-12-03/01:43:09      126.130     -17.0700      9.45000      142.000      29.0452     0.788011     0.312100
1998-12-03/01:43:11      126.110     -17.2000      9.43000      111.000      7.62214     0.358368     0.124196
1998-12-03/01:43:14      126.090     -17.3400      9.40000      114.000      7.74852     0.406737     0.123545
1998-12-03/01:43:16      126.130     -17.4400      9.37000      114.000      7.61136     0.406737     0.121358
1998-12-03/01:43:19      126.170     -17.5500      9.35000      116.000      8.84343     0.438371     0.138726
1998-12-03/01:43:21      126.140     -17.7100      9.32000      118.000      6.97891     0.469472     0.107547
1998-12-03/01:43:23      126.100     -17.8600      9.32000      125.000      6.81630     0.573576    0.0974520
1998-12-03/01:43:26      126.130     -17.9500      9.32000      132.000      8.40628     0.669131     0.109032
1998-12-03/01:43:28      126.160     -18.0500      9.32000      131.000      25.9298     0.656059     0.341552
1998-12-03/01:43:31      126.090     -18.1700      9.31000      133.000      10.8293     0.681998     0.138231
1998-12-03/01:43:33      126.010     -18.3000      9.30000      134.000      9.44291     0.694658     0.118554
1998-12-03/01:43:36      126.020     -18.3800      9.29000      134.000      8.49070     0.694658     0.106599
1998-12-03/01:43:38      126.030     -18.4600      9.29000      132.000      6.73908     0.669131    0.0874081
1998-12-03/01:43:41      125.970     -18.5700      9.30000      132.000      4.47968     0.669131    0.0581029
1998-12-03/01:43:43      125.910     -18.6900      9.30000      132.000      4.18323     0.669131    0.0542578
1998-12-03/01:43:46      125.980     -18.7800      9.29000      138.000      4.13341     0.743145    0.0482722
1998-12-03/01:43:48      126.040     -18.8600      9.28000      142.000      6.81144     0.788011    0.0731911
1998-12-03/01:43:51      125.990     -19.0100      9.28000      145.000      8.08267     0.819152    0.0809140
1998-12-03/01:48:34      122.590     -35.8800      9.28000      117.000      2.81654     0.453991    0.0438000
1998-12-03/01:48:36      122.570     -36.0100      9.29000      118.000      4.34637     0.469472    0.0669791
1998-12-03/01:48:39      122.550     -36.1300      9.28000      117.000      3.16633     0.453991    0.0492396
1998-12-03/01:48:41      122.500     -36.2300      9.27000      117.000      7.43414     0.453991     0.115608
1998-12-03/01:48:44      122.470     -36.3200      9.25000      145.000      9.13993     0.819152    0.0914980
1998-12-03/01:48:46      122.530     -36.3800      9.24000      145.000      6.03286     0.819152    0.0603937
1998-12-03/01:48:49      122.590     -36.4400      9.23000      146.000      1.89425     0.829038    0.0184874
1998-12-03/01:48:51      122.560     -36.5500      9.23000      149.000      4.09732     0.857167    0.0368313
1998-12-03/01:48:54      122.530     -36.6600      9.22000      149.000      4.68168     0.857167    0.0420841
1998-12-03/01:48:56      122.520     -36.8100      9.22000      148.000      4.09112     0.848048    0.0378381
1998-12-03/01:48:59      122.510     -36.9600      9.22000      147.000      4.32540     0.838671    0.0411161
1998-12-03/01:49:01      122.470     -37.1300      9.24000      144.000      7.64877     0.809017    0.0784671
1998-12-03/01:49:04      122.430     -37.3100      9.26000      133.000      4.47367     0.681998    0.0571043
1998-12-03/01:49:06      122.330     -37.4800      9.29000      127.000      4.95410     0.601815    0.0690543
1998-12-03/01:49:09      122.230     -37.6500      9.31000      123.000      1.90567     0.544639    0.0278944
1998-12-03/01:49:11      122.190     -37.7800      9.31000      123.000      3.03702     0.544639    0.0444546
1998-12-03/01:49:14      122.140     -37.9100      9.31000      115.000      4.24559     0.422618    0.0671570
1998-12-03/01:49:16      122.100     -38.0500      9.32000      113.000      6.31137     0.390731     0.101397
1998-12-03/01:49:19      122.050     -38.2000      9.33000      117.000      4.82079     0.453991    0.0749681
1998-12-03/01:49:21      121.980     -38.3700      9.34000      113.000      2.30954     0.390731    0.0371047
1998-12-03/01:49:24      121.910     -38.5400      9.35000      113.000      1.78538     0.390731    0.0286836
1998-12-03/01:49:26      121.840     -38.7000      9.34000      114.000      2.26885     0.406737    0.0361754
1998-12-03/01:49:28      121.780     -38.8500      9.34000      116.000      5.66333     0.438371    0.0888402
1998-12-03/01:49:31      121.740     -39.0200      9.33000      119.000      6.47383     0.484810    0.0988230
1998-12-03/01:49:33      121.710     -39.1800      9.33000      121.000      19.9174     0.515038     0.297973
1998-12-03/01:49:36      121.670     -39.3400      9.33000      121.000      19.9174     0.515038     0.297973
1998-12-03/01:49:38      121.630     -39.4900      9.33000      113.000      17.3017     0.390731     0.277966
1998-12-03/01:49:43      121.480     -39.8200      9.32000      170.000      17.8620     0.984808    0.0541350
1998-12-03/01:49:51      121.360     -40.2600      9.31000      102.000      19.1297     0.207912     0.326580
1998-12-03/01:49:53      121.310     -40.4200      9.29000      110.000      6.98811     0.342020     0.114610
1998-12-03/01:49:56      121.280     -40.5800      9.28000      111.000      3.19789     0.358368    0.0521066
1998-12-03/01:49:58      121.260     -40.7500      9.28000      105.000      3.40585     0.258819    0.0574178
1998-12-03/01:50:01      121.220     -40.8900      9.28000      108.000      4.61738     0.309017    0.0766442
1998-12-03/01:50:03      121.170     -41.0300      9.28000      112.000      3.38726     0.374607    0.0548140
1998-12-03/01:50:05      121.140     -41.1700      9.29000      107.000      5.62360     0.292372    0.0938616
1998-12-03/01:50:08      121.120     -41.3000      9.29000      113.000      5.74550     0.390731    0.0923063
1998-12-03/01:50:10      121.140     -41.4000      9.30000      106.000      10.9168     0.275637     0.183153
1998-12-03/01:50:13      121.180     -41.4800      9.31000      121.000      7.33576     0.515038     0.109746
1998-12-03/01:50:15      121.160     -41.6200      9.31000      119.000      10.7474     0.484810     0.164059
1998-12-03/01:50:18      121.130     -41.7700      9.28000      126.000      7.12940     0.587785     0.100667
1998-12-03/01:50:20      121.100     -41.9100      9.28000      129.000      7.05361     0.629321    0.0956734
1998-12-03/01:50:23      121.080     -42.0400      9.30000      132.000      4.84587     0.669131    0.0628525
1998-12-03/01:50:25      121.060     -42.1700      9.31000      132.000      6.73908     0.669131    0.0874081
1998-12-03/01:50:28      121.050     -42.3100      9.31000      133.000      13.4525     0.681998     0.171715
1998-12-03/01:50:30      121.020     -42.4500      9.31000      108.000      5.99225     0.309017    0.0994658
1998-12-03/01:50:33      120.980     -42.5900      9.31000      111.000      3.27161     0.358368    0.0533078
1998-12-03/01:50:35      120.880     -42.7400      9.32000      112.000      4.59444     0.374607    0.0743491
1998-12-03/01:50:38      120.750     -42.8800      9.33000      115.000      9.95592     0.422618     0.157483
1998-12-03/01:50:40      120.660     -43.0200      9.35000      117.000      8.84479     0.453991     0.137545
1998-12-03/01:50:43      120.590     -43.1700      9.36000      120.000      6.42175     0.500000    0.0970647
1998-12-03/01:50:45      120.520     -43.2900      9.38000      120.000      5.29080     0.500000    0.0799704
1998-12-03/01:50:49      120.440     -43.4500      9.39000      114.000      2.26885     0.406737    0.0361754
1998-12-03/01:50:51      120.430     -43.5800      9.40000      115.000      3.34448     0.422618    0.0529032
1998-12-03/01:50:53      120.410     -43.7200      9.41000      111.000      2.41315     0.358368    0.0393200
1998-12-03/01:50:56      120.350     -43.8700      9.43000      109.000      3.32780     0.325568    0.0549167
1998-12-03/01:50:58      120.280     -44.0200      9.44000      111.000      2.43529     0.358368    0.0396807
1998-12-03/01:51:01      120.230     -44.1700      9.44000      108.000      5.21591     0.309017    0.0865792
1998-12-03/01:51:03      120.170     -44.3300      9.44000      106.000      4.17674     0.275637    0.0700739
1998-12-03/01:51:06      120.060     -44.4700      9.44000      108.000      5.65703     0.309017    0.0939014
1998-12-03/01:51:08      119.940     -44.6100      9.44000      111.000      3.19789     0.358368    0.0521066
1998-12-03/01:51:11      119.860     -44.7500      9.45000      114.000      7.90321     0.406737     0.126012
1998-12-03/01:51:13      119.790     -44.9000      9.47000      127.000      7.31930     0.601815     0.102022
1998-12-03/01:51:16      119.740     -45.0400      9.47000      128.000      6.07521     0.615661    0.0835547
1998-12-03/01:51:18      119.690     -45.1900      9.48000      125.000      3.16559     0.573576    0.0452581
1998-12-03/01:51:21      119.680     -45.3200      9.48000      128.000      7.77639     0.615661     0.106952
1998-12-03/01:51:23      119.670     -45.4400      9.48000      122.000      3.27587     0.529919    0.0484869
1998-12-03/01:51:26      119.660     -45.5700      9.50000      114.000      8.15788     0.406737     0.130072
1998-12-03/01:51:28      119.650     -45.6900      9.51000      103.000      8.46224     0.224951     0.143909
1998-12-03/01:51:31      119.680     -45.7900      9.52000      122.000      21.3608     0.529919     0.316166
1998-12-03/01:51:33      119.720     -45.8900      9.52000      130.000      25.7972     0.642788     0.344909
1998-12-03/01:51:36      119.700     -46.0000      9.52000      132.000      24.7334     0.669131     0.320800
1998-12-03/01:51:38      119.660     -46.1200      9.51000      133.000      7.12413     0.681998    0.0909362
1998-12-03/01:51:41      119.500     -46.2600      9.51000      130.000      7.45448     0.642788    0.0996664
1998-12-03/01:51:43      119.320     -46.4100      9.51000      112.000      3.80142     0.374607    0.0615161
1998-12-03/01:51:46      119.200     -46.5800      9.50000      111.000      3.72656     0.358368    0.0607208
1998-12-03/01:51:48      119.070     -46.7500      9.50000      116.000      5.86277     0.438371    0.0919688
1998-12-03/01:51:51      118.980     -46.9200      9.49000      115.000      8.59661     0.422618     0.135982
1998-12-03/01:51:53      118.880     -47.0900      9.47000      116.000      6.46327     0.438371     0.101389
1998-12-03/01:51:56      118.800     -47.2200      9.45000      115.000      5.27870     0.422618    0.0834988
1998-12-03/01:51:58      118.720     -47.3500      9.43000      115.000      4.71998     0.422618    0.0746609
1998-12-03/01:52:01      118.680     -47.4400      9.41000      113.000      4.06747     0.390731    0.0653473
1998-12-03/01:52:03      118.650     -47.5300      9.39000      117.000      3.85261     0.453991    0.0599119
1998-12-03/01:52:06      118.540     -47.6600      9.37000      120.000      4.12284     0.500000    0.0623167
1998-12-03/01:52:08      118.430     -47.7800      9.36000      127.000      7.93940     0.601815     0.110666
1998-12-03/01:52:10      118.300     -47.9400      9.34000      125.000      8.59088     0.573576     0.122823
1998-12-03/01:52:13      118.180     -48.1100      9.33000      124.000      6.70178     0.559193    0.0969710
1998-12-03/01:52:15      118.080     -48.2700      9.32000      124.000      8.06629     0.559193     0.116715
1998-12-03/01:52:18      117.980     -48.4200      9.31000      128.000      24.7730     0.615661     0.340713
1998-12-03/01:52:20      117.890     -48.5500      9.31000      121.000      7.73894     0.515038     0.115778
1998-12-03/01:52:23      117.800     -48.6800      9.30000      117.000      6.88610     0.453991     0.107086
1998-12-03/01:52:25      117.690     -48.8300      9.28000      115.000      8.59661     0.422618     0.135982
1998-12-03/01:52:28      117.560     -48.9900      9.26000      122.000      5.61617     0.529919    0.0831262
1998-12-03/01:52:30      117.440     -49.1400      9.25000      116.000      6.46327     0.438371     0.101389
1998-12-03/01:52:33      117.320     -49.2800      9.24000      110.000      4.77781     0.342020    0.0783596
1998-12-03/01:52:35      117.230     -49.4000      9.22000      132.000      8.79280     0.669131     0.114045
1998-12-03/01:52:38      117.170     -49.5200      9.21000      122.000      3.71607     0.529919    0.0550024
1998-12-03/01:52:40      117.030     -49.6600      9.20000      120.000      5.88799     0.500000    0.0889969
1998-12-03/01:52:43      116.840     -49.8200      9.19000      119.000      5.18222     0.484810    0.0791065
1998-12-03/01:52:45      116.560     -50.0000      9.18000      122.000      5.22966     0.529919    0.0774054
1998-12-03/01:52:47      116.210     -50.2100      9.17000      122.000      4.46606     0.529919    0.0661032
1998-12-03/01:52:50      115.900     -50.4000      9.16000      124.000      17.6815     0.559193     0.255841
1998-12-03/01:52:52      115.620     -50.5900      9.16000      121.000      19.9174     0.515038     0.297973
1998-12-03/01:52:55      115.350     -50.7900      9.14000      125.000      21.8278     0.573576     0.312070
1998-12-03/01:52:57      115.100     -50.9900      9.10000      118.000      21.8068     0.469472     0.336050
1998-12-03/01:53:00      114.890     -51.1700      9.09000      108.000      18.8223     0.309017     0.312433
1998-12-03/01:53:02      114.710     -51.3400      9.10000      108.000      18.8223     0.309017     0.312433
1998-12-03/01:53:05      114.600     -51.4700      9.10000      113.000      17.3017     0.390731     0.277966
1998-12-03/01:53:07      114.540     -51.5800      9.10000      106.000      26.2936     0.275637     0.441133
1998-12-03/01:53:10      114.460     -51.6800      9.10000      113.000      17.3017     0.390731     0.277966
1998-12-03/01:53:12      114.360     -51.7900      9.10000      106.000      8.76014     0.275637     0.146970
1998-12-03/01:53:15      114.360     -51.8900      9.09000      118.000      5.71027     0.469472    0.0879972
1998-12-03/01:53:17      114.440     -51.9800      9.08000      113.000      2.10025     0.390731    0.0337423
1998-12-03/01:53:20      114.460     -52.0700      9.07000      113.000      2.42089     0.390731    0.0388936
1998-12-03/01:53:22      114.440     -52.1400      9.06000      114.000      4.53015     0.406737    0.0722304
1998-12-03/01:53:25      114.400     -52.2300      9.06000      114.000      8.86670     0.406737     0.141374
1998-12-03/01:53:27      114.350     -52.3200      9.05000      123.000      7.81620     0.544639     0.114410
1998-12-03/01:53:29      114.280     -52.4400      9.06000      119.000      9.91503     0.484810     0.151353
1998-12-03/01:53:32      114.150     -52.5700      9.07000      120.000      7.65753     0.500000     0.115744
1998-12-03/01:53:34      113.990     -52.7100      9.08000      122.000      4.21993     0.529919    0.0624602
1998-12-03/01:53:37      113.780     -52.8900      9.09000      118.000      3.56851     0.469472    0.0549920
1998-12-03/01:53:39      113.580     -53.0600      9.10000      114.000      4.32846     0.406737    0.0690146
1998-12-03/01:53:42      113.420     -53.1900      9.10000      110.000      3.82218     0.342020    0.0626865
1998-12-03/01:53:44      113.180     -53.3500      9.11000      111.000      3.35176     0.358368    0.0546138
1998-12-03/01:53:47      112.740     -53.5600      9.12000      115.000      5.07437     0.422618    0.0802667
1998-12-03/01:53:49      112.300     -53.7700      9.13000      111.000      5.62288     0.358368    0.0916195
1998-12-03/01:53:52      111.850     -53.9900      9.14000      111.000      2.89320     0.358368    0.0471420
1998-12-03/01:53:54      111.310     -54.2300      9.14000      113.000      2.53069     0.390731    0.0406577
1998-12-03/01:53:57      110.480     -54.5200      9.13000      114.000      3.75034     0.406737    0.0597968
1998-12-03/01:53:59      109.570     -54.8300      9.12000      114.000      3.93486     0.406737    0.0627389
1998-12-03/01:54:02      108.380     -55.1800      9.11000      117.000      6.66541     0.453991     0.103654
1998-12-03/01:54:04      107.000     -55.5600      9.10000      116.000      6.06317     0.438371    0.0951124
1998-12-03/01:54:07      104.970     -56.0600      9.09000      104.000      4.10868     0.241922    0.0695799
1998-12-03/06:21:33      296.130     -36.6900      9.08000      63.0000      3.89243     0.453990    0.0605312
1998-12-03/06:21:35      296.100     -36.4600      9.07000      64.0000      3.34448     0.438371    0.0524646
1998-12-03/06:21:38      296.360     -36.3600      9.05000      62.0000      3.48879     0.469472    0.0537635
1998-12-03/06:21:40      296.690     -36.2800      9.05000      61.0000      3.20731     0.484810    0.0489596
1998-12-03/06:21:43      297.390     -36.1200      9.03000      60.0000      2.55857     0.500000    0.0386728
1998-12-03/06:21:45      298.190     -35.9500      9.01000      59.0000      2.81804     0.515038    0.0421590
1998-12-03/06:21:48      298.610     -35.7600      9.00000      61.0000      2.18262     0.484810    0.0333177
1998-12-03/06:21:50      298.950     -35.5700      9.00000      61.0000      2.30775     0.484810    0.0352278
1998-12-03/06:21:53      299.110     -35.4400      9.00000      64.0000      1.78727     0.438371    0.0280368
1998-12-03/06:21:55      299.230     -35.3300      8.99000      63.0000      1.94197     0.453990    0.0301996
1998-12-03/06:21:57      299.470     -35.1600      8.99000      63.0000      2.04763     0.453990    0.0318427
1998-12-03/06:22:00      299.730     -34.9600      9.00000      61.0000      2.04967     0.484810    0.0312882
1998-12-03/06:22:02      299.710     -34.7100      9.00000      60.0000      2.22720     0.500000    0.0336641
1998-12-03/06:22:05      299.610     -34.4500      9.01000      58.0000      2.63036     0.529919    0.0389326
1998-12-03/06:22:07      299.180     -34.3000      9.02000      56.0000      1.61630     0.559193    0.0233869
1998-12-03/06:22:10      298.650     -34.2000      9.04000      55.0000      1.68852     0.573576    0.0241406
1998-12-03/06:22:12      298.150     -34.2400      9.04000      56.0000      1.59085     0.559193    0.0230187
1998-12-03/06:22:15      297.660     -34.3300      9.04000      55.0000      1.43726     0.573576    0.0205484
1998-12-03/06:22:17      297.780     -34.1900      9.04000      58.0000      2.35910     0.529919    0.0349176
1998-12-03/06:22:20      298.120     -33.9700      9.05000      58.0000      2.49214     0.529919    0.0368867
1998-12-03/06:22:22      298.410     -33.7800      9.07000      61.0000      2.42354     0.484810    0.0369953
1998-12-03/06:22:25      298.670     -33.5900      9.08000      61.0000      2.30775     0.484810    0.0352278
1998-12-03/06:22:27      298.840     -33.4500      9.08000      63.0000      2.04763     0.453990    0.0318427
1998-12-03/06:22:30      298.980     -33.3200      9.07000      60.0000      2.45967     0.500000    0.0371779
1998-12-03/06:22:32      299.140     -33.1600      9.07000      61.0000      1.90737     0.484810    0.0291160
1998-12-03/06:22:34      299.300     -33.0000      9.06000      62.0000      2.31939     0.469472    0.0357426
1998-12-03/06:22:37      299.350     -32.8400      9.06000      62.0000      2.31939     0.469472    0.0357426
1998-12-03/06:22:39      299.300     -32.6900      9.08000      61.0000      2.42354     0.484810    0.0369953
1998-12-03/06:22:42      299.430     -32.5100      9.09000      62.0000      2.18261     0.469472    0.0336348
1998-12-03/06:22:44      299.710     -32.2800      9.10000      63.0000      2.35343     0.453990    0.0365982
1998-12-03/06:22:47      299.910     -32.0800      9.12000      65.0000      1.51041     0.422618    0.0238917
1998-12-03/06:22:49      300.050     -31.9000      9.14000      65.0000      1.67200     0.422618    0.0264478
1998-12-03/06:22:52      300.130     -31.7300      9.16000      66.0000      1.39088     0.406737    0.0221767
1998-12-03/06:22:54      300.140     -31.5700      9.18000      67.0000      1.52115     0.390731    0.0244386
1998-12-03/06:22:57      300.200     -31.4600      9.20000      67.0000      1.47353     0.390731    0.0236735
1998-12-03/06:22:59      300.280     -31.3900      9.22000      66.0000      1.46827     0.406737    0.0234106
1998-12-03/06:23:02      300.360     -31.3200      9.24000      67.0000      1.47353     0.390731    0.0236735
1998-12-03/06:23:04      300.440     -31.2500      9.26000      66.0000      1.31741     0.406737    0.0210053
1998-12-03/06:23:07      300.550     -31.1500      9.26000      68.0000      1.80723     0.374607    0.0292453
1998-12-03/06:23:09      300.700     -31.0200      9.25000      68.0000      1.86614     0.374607    0.0301986
1998-12-03/06:23:12      300.830     -30.8800      9.23000      69.0000      2.05488     0.358368    0.0334823
1998-12-03/06:23:14      300.930     -30.7300      9.19000      69.0000      2.32336     0.358368    0.0378569
1998-12-03/06:23:17      300.930     -30.5900      9.15000      70.0000      2.16155     0.342020    0.0354510
1998-12-03/06:23:19      300.810     -30.4600      9.09000      70.0000      2.57545     0.342020    0.0422393
1998-12-03/06:23:22      300.680     -30.3200      8.84000      69.0000      2.35372     0.358368    0.0383516
1998-12-03/06:23:24      300.520     -30.1600      8.80000      68.0000      2.25057     0.374607    0.0364197
1998-12-03/06:23:27      300.340     -30.0000      8.78000      67.0000      1.56737     0.390731    0.0251811
1998-12-03/06:23:29      300.140     -29.8300      8.75000      66.0000      1.92248     0.406737    0.0306527
1998-12-03/06:23:32      299.950     -29.6500      8.75000      66.0000      1.64092     0.406737    0.0261634
1998-12-03/06:23:34      299.800     -29.4500      8.75000      67.0000      1.90709     0.390731    0.0306390
1998-12-03/06:23:37      299.630     -29.2300      8.77000      67.0000      1.86436     0.390731    0.0299525
1998-12-03/06:23:39      299.460     -28.9900      8.80000      68.0000      2.41315     0.374607    0.0390506
1998-12-03/06:23:42      299.130     -28.8100      8.84000      68.0000      2.37731     0.374607    0.0384706
1998-12-03/06:23:44      298.590     -28.7200      8.88000      67.0000      1.94513     0.390731    0.0312501
1998-12-03/06:23:47      298.230     -28.6000      8.92000      65.0000      2.00852     0.422618    0.0317709
1998-12-03/06:23:49      298.130     -28.4500      8.97000      64.0000      2.62014     0.438371    0.0411019
1998-12-03/06:23:52      297.940     -28.2900      9.00000      65.0000      1.94222     0.422618    0.0307221
1998-12-03/06:23:54      297.680     -28.1500      9.02000      66.0000      1.58863     0.406737    0.0253297
1998-12-03/06:23:56      297.360     -27.9800      9.03000      67.0000      1.61897     0.390731    0.0260101
1998-12-03/06:23:58      297.050     -27.8200      9.04000      68.0000      2.04548     0.374607    0.0331008
1998-12-03/06:24:01      296.650     -27.6700      9.04000      69.0000      2.32336     0.358368    0.0378569
1998-12-03/06:24:03      295.780     -27.5800      9.03000      68.0000      2.01220     0.374607    0.0325623
1998-12-03/06:24:31      294.570     -27.5900      9.02000      59.0000      4.21716     0.515038    0.0630904
1998-12-03/06:24:33      293.670     -27.3400      9.01000      62.0000      5.81150     0.469472    0.0895572
1998-12-03/06:25:01      294.400     -25.8500      9.01000      54.0000      1.78161     0.587785    0.0251564
1998-12-03/06:25:03      294.790     -25.5000      9.01000      57.0000      2.19844     0.544639    0.0321798
1998-12-03/06:25:06      295.170     -25.1600      9.01000      56.0000      1.61630     0.559193    0.0233869
1998-12-03/06:25:08      295.400     -24.8900      9.01000      55.0000      1.90183     0.573576    0.0271903
1998-12-03/06:25:11      295.600     -24.6200      9.02000      56.0000      1.61630     0.559193    0.0233869
1998-12-03/06:25:14      294.780     -24.1500      9.04000      55.0000      1.94146     0.573576    0.0277569
1998-12-03/06:25:16      294.320     -23.8600      9.06000      57.0000      2.26089     0.544639    0.0330939
1998-12-03/06:25:19      294.090     -23.6700      9.08000      58.0000      2.80403     0.529919    0.0415031
1998-12-03/06:25:21      293.990     -23.4500      9.11000      57.0000      2.19844     0.544639    0.0321798
1998-12-03/06:25:24      294.100     -23.2100      9.13000      57.0000      2.93854     0.544639    0.0430131
1998-12-03/06:25:26      294.190     -23.0000      9.15000      57.0000      2.33138     0.544639    0.0341257
1998-12-03/06:25:29      294.220     -22.8300      9.16000      59.0000      3.14954     0.515038    0.0471184
1998-12-03/06:26:06      294.850     -23.0200      9.18000      51.0000      3.45891     0.629320    0.0469158
1998-12-03/06:26:09      296.260     -22.3000      9.19000      52.0000      3.82036     0.615661    0.0525429
1998-12-03/12:39:42      311.870      42.6500      9.19000      68.0000      4.16675     0.374607    0.0674281
1998-12-03/12:39:44      309.090      42.6500      9.18000      67.0000      5.33701     0.390731    0.0857436
1998-12-03/12:39:47      308.200      42.9400      9.17000      67.0000      4.32754     0.390731    0.0695256
1998-12-03/12:39:49      307.400      43.2600      9.16000      67.0000      2.54874     0.390731    0.0409477
1998-12-03/12:39:52      307.510      43.8000      9.14000      69.0000      3.07254     0.358368    0.0500641
1998-12-03/12:39:54      307.670      44.3700      9.13000      69.0000      2.35372     0.358368    0.0383516
1998-12-03/12:39:57      307.990      44.8500      9.12000      71.0000      2.51776     0.325568    0.0415491
1998-12-03/12:39:59      308.310      45.3300      9.12000      69.0000      2.39465     0.358368    0.0390186
1998-12-03/12:40:02      308.870      45.9400      9.13000      71.0000      2.79788     0.325568    0.0461718
1998-12-03/12:40:04      309.440      46.5500      9.14000      66.0000      1.92248     0.406737    0.0306527
1998-12-03/12:40:07      310.430      47.3800      9.16000      71.0000      3.46035     0.325568    0.0571041
1998-12-03/12:42:07      318.560      51.6600      9.19000      70.0000      2.97829     0.342020    0.0488461
1998-12-03/12:42:09      315.870      51.6300      9.21000      65.0000      2.00852     0.422618    0.0317709
1998-12-03/12:42:12      314.190      51.8800      9.24000      69.0000      2.55790     0.358368    0.0416786
1998-12-03/12:42:14      312.750      52.2000      9.27000      66.0000      1.53310     0.406737    0.0244443
1998-12-03/12:42:17      311.830      52.3800      9.29000      70.0000      2.65359     0.342020    0.0435208
1998-12-03/12:42:19      311.050      52.5200      9.31000      68.0000      1.92688     0.374607    0.0311816
1998-12-03/12:42:22      310.840      52.9300      9.31000      69.0000      2.39465     0.358368    0.0390186
1998-12-03/12:42:24      310.790      53.4100      9.31000      67.0000      1.61897     0.390731    0.0260101
1998-12-03/12:42:27      310.950      54.2600      9.31000      70.0000      2.75142     0.342020    0.0451253
1998-12-03/12:42:29      311.180      55.2200      9.29000      71.0000      2.72086     0.325568    0.0449008
1998-12-03/12:42:32      310.950      55.5000      9.28000      76.0000      2.17751     0.241922    0.0368758
1998-12-03/12:42:34      310.590      55.5700      9.25000      75.0000      2.45144     0.258819    0.0413278
1998-12-03/12:42:36      310.210      55.4800      9.22000      78.0000      1.71735     0.207912    0.0293184
1998-12-03/12:42:39      309.810      55.3400      9.20000      77.0000      1.60103     0.224951    0.0272271
1998-12-03/12:42:41      309.320      55.2600      9.17000      78.0000      1.74878     0.207912    0.0298550
1998-12-03/12:42:44      308.780      55.2000      9.15000      79.0000      2.10644     0.190809    0.0360889
1998-12-03/12:42:46      308.610      55.3200      9.13000      81.0000      2.95756     0.156434    0.0509836
1998-12-03/12:42:49      308.570      55.5000      9.13000      82.0000      2.99788     0.139173    0.0518137
1998-12-03/12:42:51      308.960      55.7500      9.14000      92.0000      1.97205    0.0348995    0.0343978
1998-12-03/12:43:13      310.720      58.5900      9.14000      84.0000      2.86062     0.104528    0.0496537
1998-12-03/12:43:16      309.970      58.7200      9.13000      85.0000      2.79926    0.0871558    0.0486704
1998-12-03/12:43:18      310.070      60.0000      9.14000      86.0000      2.60843    0.0697565    0.0454148
1998-12-03/12:43:21      310.180      61.0900      9.14000      85.0000      3.20026    0.0871558    0.0556425
1998-12-03/12:43:23      310.310      61.9500      9.14000      82.0000      3.41076     0.139173    0.0589497
1998-12-03/12:43:26      310.330      62.3900      9.15000      85.0000      3.67169    0.0871558    0.0638392
1998-12-03/12:43:28      310.230      62.3200      9.14000      87.0000      2.51267    0.0523359    0.0437943
1998-12-03/12:43:31      309.740      61.7200      9.13000      93.0000      3.27567    0.0523359    0.0570929
1998-12-03/12:43:36      308.290      59.6600      9.13000      96.0000      3.75175     0.104529    0.0651217
1998-12-03/12:43:38      308.520      59.5700      9.12000      95.0000      3.56113    0.0871559    0.0619169
1998-12-03/12:43:41      308.950      59.4900      9.11000      99.0000      3.62819     0.156434    0.0625442
1998-12-03/12:43:43      309.650      59.4400      9.10000      96.0000      3.75175     0.104529    0.0651217
1998-12-03/12:43:46      310.120      59.4600      9.10000      99.0000      3.62819     0.156434    0.0625442
1998-12-03/12:43:48      310.300      59.6000      9.11000      91.0000      2.12954    0.0174525    0.0371618
1998-12-03/12:43:51      310.800      60.2100      9.11000      97.0000      3.78387     0.121869    0.0655487
1998-12-03/12:43:53      311.780      61.5500      9.12000      93.0000      3.21233    0.0523359    0.0559889
1998-12-03/12:43:56      312.480      62.4100      9.12000      91.0000      2.30558    0.0174525    0.0402338
1998-12-03/12:43:58      312.740      62.5200      9.12000      87.0000      2.51267    0.0523359    0.0437943
1998-12-03/12:44:01      313.210      62.5300      9.12000      87.0000      2.34627    0.0523359    0.0408940
1998-12-03/12:44:03      314.010      62.3400      9.12000      80.0000      2.78112     0.173648    0.0478023
1998-12-03/12:44:06      314.430      62.0400      9.12000      81.0000      2.98906     0.156434    0.0515267
1998-12-03/12:44:08      314.230      61.5300      9.11000      80.0000      2.59746     0.173648    0.0446455
1998-12-03/12:44:11      314.190      61.1400      9.11000      81.0000      2.71465     0.156434    0.0467963
1998-12-03/12:44:13      314.470      60.9600      9.10000      82.0000      2.65779     0.139173    0.0459357
1998-12-03/12:44:15      314.790      60.8800      9.10000      84.0000      2.51147     0.104528    0.0435933
1998-12-03/12:44:18      315.200      61.0100      9.09000      85.0000      2.32592    0.0871558    0.0404405
1998-12-03/12:44:20      315.560      61.1000      9.09000      89.0000      1.26954    0.0174524    0.0221543
1998-12-03/12:44:24      315.940      61.1300      9.09000      87.0000      1.68126    0.0523359    0.0293033
1998-12-03/12:44:26      316.980      61.3200      9.09000      87.0000      1.72780    0.0523359    0.0301145
1998-12-03/12:44:29      318.380      61.5900      9.09000      85.0000      1.85973    0.0871558    0.0323349
1998-12-03/12:44:31      321.710      62.1100      9.08000      84.0000      2.03249     0.104528    0.0352793
1998-12-03/12:44:34      325.960      62.7500      9.07000      83.0000      2.03298     0.121869    0.0352177
1998-12-03/12:44:36      327.830      62.8500      9.05000      83.0000      2.03298     0.121869    0.0352177
1998-12-03/12:44:39      328.510      62.6700      9.05000      79.0000      1.94149     0.190809    0.0332628
1998-12-03/12:44:41      326.780      62.2400      9.04000      79.0000      2.06637     0.190809    0.0354023
1998-12-03/12:44:44      323.780      61.6700      9.02000      75.0000      2.35032     0.258819    0.0396231
1998-12-03/12:44:46      322.640      61.5900      9.00000      72.0000      2.65356     0.309017    0.0440466
1998-12-03/12:44:49      322.500      61.7800      8.99000      67.0000      1.56737     0.390731    0.0251811
1998-12-03/12:44:51      322.560      61.9600      8.98000      71.0000      2.61726     0.325568    0.0431911
1998-12-03/12:44:54      322.730      62.1300      8.98000      68.0000      2.04548     0.374607    0.0331008
1998-12-03/12:44:56      324.350      62.5200      8.97000      69.0000      2.35372     0.358368    0.0383516
1998-12-03/12:44:59      326.840      63.0500      8.97000      68.0000      1.92688     0.374607    0.0311816
1998-12-03/12:45:01      327.510      63.0800      8.98000      70.0000      2.46527     0.342020    0.0404322
1998-12-03/12:45:04      327.030      62.7800      8.99000      69.0000      2.27385     0.358368    0.0370502
1998-12-03/12:45:06      326.750      62.8100      8.99000      70.0000      2.51082     0.342020    0.0411793
1998-12-03/12:45:09      326.590      63.0500      9.00000      69.0000      2.35372     0.358368    0.0383516
1998-12-03/12:45:11      329.200      63.5400      9.00000      70.0000      2.51082     0.342020    0.0411793
1998-12-03/12:45:14      333.710      64.2100      9.01000      69.0000      2.35372     0.358368    0.0383516
1998-12-03/12:45:31      320.430      65.3300      9.02000      65.0000      2.46245     0.422618    0.0389512
1998-12-03/12:45:33      317.080      64.8400      9.03000      64.0000      2.78826     0.438371    0.0437392
1998-12-03/12:45:36      317.190      65.7900      9.03000      63.0000      3.89243     0.453990    0.0605312
1998-12-03/12:45:38      320.270      67.9600      9.04000      56.0000      2.17132     0.559193    0.0314178
1998-12-03/12:45:41      322.240      68.9100      9.06000      58.0000      3.18689     0.529919    0.0471699
1998-12-03/12:45:43      323.030      68.7900      9.08000      52.0000      3.57709     0.615661    0.0491971
1998-12-03/12:45:45      326.080      68.7900      9.10000      57.0000      2.86821     0.544639    0.0419836
1998-12-03/12:45:48      333.600      69.1400      9.11000      55.0000      2.26797     0.573576    0.0324249
1998-12-03/15:09:16      114.360      43.1300      9.11000      147.000      30.4102     0.838671     0.289071
1998-12-03/15:09:19      114.350      43.0200      9.11000      174.000      45.0000     0.994522    0.0820963
1998-12-03/15:09:21      114.370      42.8400      9.11000      136.000      24.0070     0.719340     0.291063
1998-12-03/15:09:24      114.400      42.6600      9.12000      136.000      5.20529     0.719340    0.0631093
1998-12-03/15:09:26      114.500      42.5500      9.13000      132.000      4.66135     0.669131    0.0604592
1998-12-03/15:09:29      114.590      42.4300      9.14000      127.000      5.79770     0.601815    0.0808131
1998-12-03/15:09:31      114.640      42.2700      9.16000      129.000      4.96968     0.629321    0.0674075
1998-12-03/15:09:34      114.690      42.1200      9.18000      126.000      5.06650     0.587785    0.0715390
1998-12-03/15:09:36      114.750      42.0100      9.19000      109.000      25.5614     0.325568     0.421825
1998-12-03/15:09:39      114.810      41.9000      9.19000      112.000      8.75018     0.374607     0.141599
1998-12-03/15:09:41      114.800      41.7500      9.20000      110.000      26.6230     0.342020     0.436637
1998-12-03/15:09:44      114.790      41.5900      9.22000      133.000      26.9050     0.681998     0.343430
1998-12-03/15:09:46      114.830      41.4700      9.23000      137.000      26.5798     0.731354     0.316382
1998-12-03/15:09:49      114.860      41.3400      9.25000      111.000      8.14810     0.358368     0.132766
1998-12-03/15:09:51      114.900      41.1700      9.26000      118.000      10.9034     0.469472     0.168025
1998-12-03/15:09:54      114.930      40.9900      9.27000      108.000      5.69753     0.309017    0.0945737
1998-12-03/15:09:56      115.000      40.8900      9.28000      109.000      8.52499     0.325568     0.140683
1998-12-03/15:09:59      115.060      40.7800      9.29000      105.000      6.44406     0.258819     0.108638
1998-12-03/15:10:01      115.070      40.6300      9.30000      106.000      26.2936     0.275637     0.441133
1998-12-03/15:10:04      115.070      40.4700      9.32000      110.000      26.6230     0.342020     0.436637
1998-12-03/15:10:06      115.130      40.3600      9.32000      114.000      20.2240     0.406737     0.322459
1998-12-03/15:10:08      115.190      40.2500      9.32000      149.000      16.1128     0.857167     0.144840
1998-12-03/15:10:11      115.180      40.1000      9.31000      117.000      8.62020     0.453991     0.134053
1998-12-03/15:10:14      115.180      39.9000      9.30000      134.000      7.61342     0.694658    0.0955853
1998-12-03/15:10:17      115.230      39.7800      9.27000      134.000      6.71490     0.694658    0.0843045
1998-12-03/15:10:19      115.270      39.6600      9.22000      135.000      6.57219     0.707107    0.0811096
1998-12-03/15:10:22      115.280      39.4900      9.17000      137.000      11.4752     0.731354     0.136591
1998-12-03/15:10:24      115.290      39.3400      9.13000      140.000      10.2567     0.766045     0.115067
1998-12-03/15:10:27      115.350      39.2400      9.09000      133.000      26.9050     0.681998     0.343430
1998-12-03/15:10:29      115.390      39.1200      9.05000      140.000      6.63463     0.766045    0.0744323
1998-12-03/15:10:32      115.390      38.9600      9.02000      134.000      4.55141     0.694658    0.0571423
1998-12-03/15:10:34      115.400      38.8100      8.99000      133.000      3.09065     0.681998    0.0394507
1998-12-03/15:10:37      115.500      38.7300      8.97000      134.000      2.49403     0.694658    0.0313122
1998-12-03/15:10:39      115.570      38.6300      8.96000      132.000      4.03781     0.669131    0.0523717
1998-12-03/15:10:42      115.530      38.4500      8.94000      132.000      3.84916     0.669131    0.0499249
1998-12-03/15:10:44      115.500      38.2900      8.93000      134.000      2.49403     0.694658    0.0313122
1998-12-03/15:10:47      115.540      38.1900      8.92000      137.000      10.9023     0.731354     0.129771
1998-12-03/15:10:49      115.570      38.0900      8.91000      153.000      32.8278     0.891007     0.260115
1998-12-03/15:10:52      115.570      37.9300      8.90000      137.000      9.13064     0.731354     0.108683
1998-12-03/15:10:54      115.560      37.7900      8.88000      136.000      4.91887     0.719340    0.0596367
1998-12-03/15:10:56      115.580      37.7000      8.86000      134.000      8.49070     0.694658     0.106599
1998-12-03/15:10:59      115.590      37.6000      8.84000      127.000      4.38046     0.601815    0.0610584
1998-12-03/15:11:01      115.550      37.4600      8.83000      133.000      3.66805     0.681998    0.0468209
1998-12-03/15:11:04      115.530      37.3200      8.82000      132.000      8.40628     0.669131     0.109032
1998-12-03/15:11:06      115.590      37.2000      8.80000      133.000      11.6502     0.681998     0.148709
1998-12-03/15:11:09      115.640      37.0700      8.78000      134.000      6.71490     0.694658    0.0843045
1998-12-03/15:11:11      115.640      36.9200      8.76000      134.000      8.01356     0.694658     0.100609
1998-12-03/15:11:14      115.650      36.7600      8.75000      134.000      6.10311     0.694658    0.0766236
1998-12-03/15:11:16      115.690      36.6200      8.74000      130.000      5.41771     0.642788    0.0724348
1998-12-03/15:11:19      115.730      36.4800      8.73000      131.000      4.89541     0.656059    0.0644832
1998-12-03/15:11:21      115.770      36.3300      8.72000      124.000      4.82249     0.559193    0.0697787
1998-12-03/15:11:24      115.810      36.1900      8.72000      125.000      4.47399     0.573576    0.0639642
1998-12-03/15:11:26      115.820      36.0700      8.71000      126.000      5.29392     0.587785    0.0747502
1998-12-03/15:11:29      115.820      35.9500      8.71000      132.000      4.84587     0.669131    0.0628525
1998-12-03/15:11:31      115.820      35.8100      8.71000      129.000      4.42622     0.629321    0.0600362
1998-12-03/15:11:33      115.820      35.6900      8.71000      133.000      2.32818     0.681998    0.0297181
1998-12-03/15:11:36      115.830      35.5500      8.72000      135.000      2.66943     0.707107    0.0329443
1998-12-03/15:11:38      115.850      35.4100      8.74000      138.000      6.51124     0.743145    0.0760417
1998-12-03/15:11:41      115.870      35.2800      8.75000      136.000      9.09227     0.719340     0.110235
1998-12-03/15:11:43      115.900      35.1500      8.78000      138.000      7.79971     0.743145    0.0910892
1998-12-03/15:11:46      115.940      35.0100      8.79000      136.000      24.0070     0.719340     0.291063
1998-12-03/15:11:48      115.970      34.8700      8.81000      135.000      9.70436     0.707107     0.119765
1998-12-03/15:11:51      116.020      34.7200      8.83000      130.000      12.8986     0.642788     0.172454
1998-12-03/15:11:53      116.080      34.5800      8.84000      134.000      4.55141     0.694658    0.0571423
1998-12-03/15:11:56      116.140      34.4400      8.86000      132.000      6.32968     0.669131    0.0820980
1998-12-03/15:11:58      116.210      34.3000      8.88000      134.000      4.21481     0.694658    0.0529163
1998-12-03/15:12:01      116.230      34.1700      8.89000      133.000      3.45868     0.681998    0.0441484
1998-12-03/15:12:03      116.240      34.0300      8.90000      132.000      4.32215     0.669131    0.0560597
1998-12-03/15:12:06      116.290      33.9100      8.91000      128.000      5.76257     0.615661    0.0792548
1998-12-03/15:12:08      116.330      33.7900      8.91000      130.000      9.19132     0.642788     0.122888
1998-12-03/15:12:11      116.370      33.6500      8.91000      135.000      20.6726     0.707107     0.255128
1998-12-03/15:12:13      116.420      33.5100      7.92000      144.000      30.4326     0.809017     0.312202
1998-12-03/15:12:16      116.440      33.3800      7.95000      142.000      29.0452     0.788011     0.312100
1998-12-03/15:12:18      116.450      33.2500      8.03000      143.000      13.2280     0.798636     0.138942
1998-12-03/15:12:21      116.470      33.1200      8.12000      137.000      6.65724     0.731354    0.0792419
1998-12-03/15:12:23      116.490      32.9900      8.19000      123.000      7.31069     0.544639     0.107011
1998-12-03/15:12:26      116.530      32.8600      8.28000      132.000      6.73908     0.669131    0.0874081
1998-12-03/15:12:28      116.560      32.7200      8.37000      138.000      8.92662     0.743145     0.104250
1998-12-03/15:12:31      116.580      32.5900      8.45000      144.000      6.14262     0.809017    0.0630158
1998-12-03/15:12:33      116.580      32.4700      8.53000      148.000      8.11211     0.848048    0.0750276
1998-12-03/15:12:36      116.600      32.3500      8.72000      146.000      7.83142     0.829038    0.0764327
1998-12-03/15:12:38      116.620      32.2200      8.77000      150.000      7.97400     0.866026    0.0695863
1998-12-03/15:12:41      116.640      32.0800      8.81000      154.000      4.53906     0.898794    0.0347284
1998-12-03/15:12:43      116.660      31.9400      8.84000      154.000      14.9352     0.898794     0.114270
1998-12-03/15:12:46      116.680      31.8100      8.86000      138.000      7.30121     0.743145    0.0852674
1998-12-03/15:12:48      116.700      31.6800      8.86000      137.000      7.80054     0.731354    0.0928507
1998-12-03/15:12:51      116.700      31.5400      8.85000      130.000      5.86415     0.642788    0.0784037
1998-12-03/15:12:53      116.710      31.4200      8.84000      130.000      5.41771     0.642788    0.0724348
1998-12-03/15:12:55      116.740      31.2800      8.83000      133.000      4.09574     0.681998    0.0522802
1998-12-03/15:12:58      116.790      31.1400      8.82000      130.000      7.98137     0.642788     0.106711
1998-12-03/15:13:00      116.810      31.0100      8.81000      131.000      7.75094     0.656059     0.102097
1998-12-03/15:14:14      117.330      27.0300      8.80000      116.000      5.66333     0.438371    0.0888402
1998-12-03/15:14:17      117.360      26.8900      8.80000      123.000      2.85153     0.544639    0.0417394
1998-12-03/15:14:19      117.370      26.7600      8.80000      126.000      3.78039     0.587785    0.0533791
1998-12-03/15:14:22      117.350      26.6400      8.81000      133.000      2.70353     0.681998    0.0345093
1998-12-03/15:14:24      117.340      26.5100      8.82000      131.000      2.94219     0.656059    0.0387550
1998-12-03/15:14:27      117.380      26.3700      8.83000      130.000      3.40025     0.642788    0.0454613
1998-12-03/15:14:29      117.410      26.2400      8.85000      132.000      2.98051     0.669131    0.0386582
1998-12-03/15:14:32      117.420      26.1200      8.87000      135.000      3.84070     0.707107    0.0473994
1998-12-03/15:14:34      117.430      26.0100      8.89000      137.000      7.15322     0.731354    0.0851456
1998-12-03/15:14:37      117.420      25.8800      8.89000      139.000      8.21298     0.754710    0.0940418
1998-12-03/15:14:39      117.400      25.7500      8.89000      136.000      7.98734     0.719340    0.0968391
1998-12-03/15:14:42      117.390      25.6000      8.90000      135.000      9.48944     0.707107     0.117112
1998-12-03/15:14:44      117.390      25.4500      8.90000      137.000      26.5798     0.731354     0.316382
1998-12-03/15:14:47      117.410      25.3200      8.90000      137.000      26.5798     0.731354     0.316382
1998-12-03/15:14:49      117.420      25.2000      8.89000      141.000      30.1216     0.777146     0.330847
1998-12-03/15:14:52      117.430      25.0700      8.88000      171.000      20.8692     0.987688    0.0569791
1998-12-03/15:14:54      117.440      24.9300      8.87000      169.000      17.1456     0.981627    0.0570990
1998-12-03/15:14:57      117.450      24.8100      8.87000      172.000      45.0000     0.990268     0.109306
1998-12-03/15:14:59      117.470      24.6900      8.85000      148.000      32.7620     0.848048     0.303010
1998-12-03/15:15:01      117.500      24.6000      8.83000      149.000      31.4226     0.857167     0.282461
1998-12-03/15:15:04      117.530      24.5000      8.74000      175.000      45.0000     0.996195    0.0684519
1998-12-03/15:15:06      117.500      24.3400      8.65000      173.000      45.0000     0.992546    0.0957159
1998-12-03/15:15:09      117.490      24.1900      8.51000      117.000      22.6838     0.453991     0.352756
1998-12-03/15:15:11      117.520      24.0800      8.36000      114.000      20.2240     0.406737     0.322459
1998-12-03/15:15:14      117.540      23.9800      8.23000      114.000      20.2240     0.406737     0.322459
1998-12-03/15:15:16      117.480      23.8300      8.10000      115.000      9.17440     0.422618     0.145121
1998-12-03/15:15:19      117.440      23.6900      8.02000      121.000      19.9174     0.515038     0.297973
1998-12-03/15:15:21      117.490      23.5700      7.96000      120.000      9.04683     0.500000     0.136743
1998-12-03/15:15:24      117.540      23.4500      7.73000      124.000      6.70178     0.559193    0.0969710
1998-12-03/15:15:26      117.520      23.3000      7.47000      125.000      6.20593     0.573576    0.0887256
1998-12-03/15:15:29      117.500      23.1600      7.67000      122.000      5.22966     0.529919    0.0774054
1998-12-03/15:15:32      117.520      23.0400      7.96000      122.000      4.21993     0.529919    0.0624602
1998-12-03/15:15:35      117.520      22.9200      8.04000      129.000      5.62312     0.629321    0.0762706
1998-12-03/15:15:37      117.490      22.7500      8.07000      117.000      4.65407     0.453991    0.0723754
1998-12-03/15:15:40      117.480      22.6100      8.10000      116.000      6.06317     0.438371    0.0951124
1998-12-03/15:15:42      117.520      22.5200      8.14000      113.000      6.73520     0.390731     0.108207
1998-12-03/15:15:45      117.530      22.4000      8.04000      107.000      8.78078     0.292372     0.146557
1998-12-03/15:15:47      117.490      22.2300      7.92000      109.000      6.44303     0.325568     0.106326
1998-12-03/15:15:49      117.480      22.0800      8.07000      111.000      5.62288     0.358368    0.0916195
1998-12-03/15:15:52      117.530      21.9600      8.27000      115.000      3.34448     0.422618    0.0529032
1998-12-03/15:15:54      117.550      21.8300      8.46000      118.000      4.06758     0.469472    0.0626828
1998-12-03/15:15:57      117.500      21.7000      8.38000      121.000      2.94793     0.515038    0.0441022
1998-12-03/15:15:59      117.480      21.5700      8.17000      119.000      2.94180     0.484810    0.0449066
1998-12-03/15:16:02      117.500      21.4600      8.21000      121.000      2.63036     0.515038    0.0393512
1998-12-03/15:16:04      117.520      21.3400      8.45000      125.000      2.63929     0.573576    0.0377337
1998-12-03/15:16:07      117.490      21.1900      8.56000      124.000      1.84570     0.559193    0.0267062
1998-12-03/15:16:09      117.480      21.0500      8.55000      128.000      6.40122     0.615661    0.0880384
1998-12-03/15:16:12      117.500      20.9400      8.53000      133.000      4.09574     0.681998    0.0522802
1998-12-03/15:16:14      117.500      20.8200      8.48000      131.000      7.75094     0.656059     0.102097
1998-12-03/15:16:17      117.460      20.6500      8.49000      128.000      24.7730     0.615661     0.340713
1998-12-03/15:16:19      117.440      20.4900      8.56000      128.000      11.2222     0.615661     0.154343
1998-12-03/15:16:22      117.500      20.3700      8.50000      123.000      4.92552     0.544639    0.0720976
1998-12-03/15:16:24      117.540      20.2400      8.35000      119.000      7.96123     0.484810     0.121528
1998-12-03/15:16:27      117.530      20.0800      8.36000      114.000      5.18252     0.406737    0.0826320
1998-12-03/15:16:29      117.540      19.9300      8.52000      114.000      4.53015     0.406737    0.0722304
1998-12-03/15:16:32      117.580      19.8200      8.56000      115.000      8.59661     0.422618     0.135982
1998-12-03/15:16:34      117.610      19.6900      8.49000      116.000      21.9194     0.438371     0.343848
1998-12-03/15:16:37      117.590      19.5300      8.44000      116.000      8.88126     0.438371     0.139320
1998-12-03/15:16:39      117.590      19.3700      8.41000      116.000      8.96136     0.438371     0.140576
1998-12-03/15:16:42      117.620      19.2500      8.40000      117.000      6.88610     0.453991     0.107086
1998-12-03/15:16:44      117.650      19.1200      8.41000      117.000      8.62020     0.453991     0.134053
1998-12-03/15:16:47      117.630      18.9800      8.40000      117.000      3.85261     0.453991    0.0599119
1998-12-03/15:16:49      117.620      18.8500      8.38000      116.000      6.26546     0.438371    0.0982857
1998-12-03/15:16:51      117.640      18.7300      8.20000      117.000      5.81150     0.453991    0.0903746
1998-12-03/15:16:54      117.660      18.6000      7.90000      116.000      6.46327     0.438371     0.101389
1998-12-03/15:16:56      117.680      18.4500      7.89000      121.000      2.80403     0.515038    0.0419494
1998-12-03/15:16:59      117.690      18.3000      8.13000      129.000      5.44054     0.629321    0.0737941
1998-12-03/15:17:01      117.720      18.1700      7.90000      119.000      3.29344     0.484810    0.0502743
1998-12-03/15:17:04      117.750      18.0300      7.72000      120.000      3.14954     0.500000    0.0476053
1998-12-03/15:17:06      117.780      17.9100      7.56000      117.000      3.38384     0.453991    0.0526221
1998-12-03/15:17:09      117.800      17.7800      7.45000      113.000      4.66686     0.390731    0.0749770
1998-12-03/15:17:11      117.820      17.6500      7.37000      114.000      2.63779     0.406737    0.0420579
1998-12-03/15:17:14      117.830      17.5100      7.31000      118.000      6.39865     0.469472    0.0986054
1998-12-03/15:17:16      117.850      17.3900      7.26000      125.000      4.47399     0.573576    0.0639642
1998-12-03/15:17:19      117.870      17.2800      7.25000      129.000      8.63490     0.629321     0.117122
1998-12-03/15:17:21      117.890      17.1400      7.25000      127.000      6.92645     0.601815    0.0965465
1998-12-03/15:17:24      117.910      17.0000      7.24000      121.000      19.9174     0.515038     0.297973
1998-12-03/15:17:26      117.910      16.8800      7.21000      119.000      9.91503     0.484810     0.151353
1998-12-03/15:17:29      117.910      16.7700      7.19000      118.000      21.8068     0.469472     0.336050
1998-12-03/15:17:31      117.920      16.6200      7.17000      115.000      22.3924     0.422618     0.354204
1998-12-03/15:22:17      117.390      1.16000      9.05000      111.000      9.59688     0.358368     0.156372
1998-12-03/15:22:19      117.360      1.02000      9.13000      115.000      22.3924     0.422618     0.354204
1998-12-03/15:22:22      117.410     0.930000      9.22000      115.000      7.36341     0.422618     0.116475
1998-12-03/15:22:24      117.440     0.820000      9.30000      117.000      6.88610     0.453991     0.107086
1998-12-03/15:22:27      117.380     0.670000      9.37000      116.000      8.88126     0.438371     0.139320
1998-12-03/15:22:29      117.340     0.520000      9.45000      135.000      20.6726     0.707107     0.255128
1998-12-03/15:22:32      117.350     0.400000      9.54000      137.000      10.5123     0.731354     0.125129
1998-12-03/15:22:34      117.360     0.270000      9.61000      170.000      29.7183     0.984808    0.0900683
1998-12-03/15:22:36      117.310     0.110000      9.68000      172.000      45.0000     0.990268     0.109306
1998-12-03/15:22:39      117.260   -0.0600000      9.75000      172.000      45.0000     0.990268     0.109306
1998-12-03/15:22:41      117.240    -0.190000      9.80000      170.000      25.7790     0.984808    0.0781293
1998-12-03/15:22:44      117.220    -0.330000      9.82000      168.000      20.2415     0.978148    0.0734512
1998-12-03/15:23:21      117.060     -2.40000      9.83000      121.000      2.75133     0.515038    0.0411610
1998-12-03/15:23:24      117.070     -2.53000      9.82000      118.000      3.20731     0.469472    0.0494257
1998-12-03/15:23:26      117.130     -2.63000      9.81000      126.000      7.40466     0.587785     0.104554
1998-12-03/15:23:29      117.160     -2.78000      9.78000      127.000      9.53132     0.601815     0.132855
1998-12-03/15:23:32      117.090     -2.93000      9.75000      128.000      24.7730     0.615661     0.340713
1998-12-03/15:23:34      117.060     -3.07000      9.70000      126.000      25.0610     0.587785     0.353862
1998-12-03/15:23:37      117.110     -3.17000      9.65000      126.000      25.0610     0.587785     0.353862
1998-12-03/15:23:39      117.130     -3.29000      9.56000      124.000      17.6815     0.559193     0.255841
1998-12-03/15:23:42      117.070     -3.43000      9.47000      123.000      23.1802     0.544639     0.339302
1998-12-03/15:23:44      117.030     -3.57000      9.33000      124.000      17.6815     0.559193     0.255841
1998-12-03/15:23:47      117.070     -3.67000      9.18000      127.000      10.3087     0.601815     0.143691
1998-12-03/15:23:49      117.080     -3.79000      8.95000      127.000      9.03646     0.601815     0.125958
1998-12-03/15:23:52      117.020     -3.94000      8.72000      128.000      8.10632     0.615661     0.111489
1998-12-03/15:23:54      116.990     -4.09000      8.39000      135.000      4.49516     0.707107    0.0554763
1998-12-03/15:23:57      117.050     -4.19000      8.07000      136.000      4.65822     0.719340    0.0564766
1998-12-03/15:23:59      117.070     -4.30000      7.70000      135.000      3.84070     0.707107    0.0473994
1998-12-03/15:24:02      116.990     -4.44000      7.33000      129.000      12.3078     0.629321     0.166940
1998-12-03/15:24:04      116.950     -4.57000      7.04000      143.000      12.2308     0.798636     0.128468
1998-12-03/15:24:07      116.990     -4.65000      6.76000      128.000      24.7730     0.615661     0.340713
1998-12-03/15:24:09      117.010     -4.74000      6.62000      142.000      29.0452     0.788011     0.312100
1998-12-03/15:24:12      116.900     -4.89000      6.53000      141.000      13.1511     0.777146     0.144448
1998-12-03/15:24:14      116.830     -5.03000      6.48000      145.000      2.93425     0.819152    0.0293742
1998-12-03/15:24:17      116.870     -5.12000      6.46000      142.000      4.39176     0.788011    0.0471909
1998-12-03/15:24:19      116.880     -5.23000      6.49000      144.000      2.54515     0.809017    0.0261102
1998-12-03/15:24:22      116.780     -5.39000      6.54000      144.000      8.72747     0.809017    0.0895333
1998-12-03/15:24:24      116.710     -5.53000      6.60000      144.000      13.0306     0.809017     0.133678
1998-12-03/15:24:27      116.740     -5.64000      6.92000      142.000      6.51377     0.788011    0.0699925
1998-12-03/15:24:29      116.740     -5.76000      7.10000      138.000      5.10678     0.743145    0.0596397
1998-12-03/15:24:32      116.630     -5.93000      7.29000      136.000      6.07491     0.719340    0.0736527
1998-12-03/15:24:34      116.550     -6.09000      7.52000      137.000      10.9023     0.731354     0.129771
1998-12-03/15:24:37      116.570     -6.19000      7.76000      142.000      10.4151     0.788011     0.111914
1998-12-03/15:24:39      116.580     -6.30000      8.02000      146.000      9.34279     0.829038    0.0911834
1998-12-03/15:24:42      116.450     -6.46000      8.27000      115.000      22.3924     0.422618     0.354204
1998-12-03/15:24:44      116.340     -6.61000      9.08000      113.000      17.3017     0.390731     0.277966
1998-12-03/15:24:47      116.360     -6.73000      9.19000      104.000      18.8654     0.241922     0.319483
1998-12-03/15:24:49      116.380     -6.82000      9.30000      131.000      25.9298     0.656059     0.341552
1998-12-03/15:24:51      116.250     -7.01000      9.34000      110.000      26.6230     0.342020     0.436637
1998-12-03/15:24:54      116.130     -7.20000      9.35000      114.000      20.2240     0.406737     0.322459
1998-12-03/15:24:56      116.180     -7.32000      9.28000      131.000      12.4791     0.656059     0.164377
1998-12-03/15:24:59      116.230     -7.44000      9.18000      115.000      5.53081     0.422618    0.0874866
1998-12-03/15:25:01      116.120     -7.60000      9.03000      113.000      17.3017     0.390731     0.277966
1998-12-03/15:25:04      116.010     -7.76000      8.87000      126.000      25.0610     0.587785     0.353862
1998-12-03/15:25:06      116.030     -7.87000      8.67000      124.000      17.6815     0.559193     0.255841
1998-12-03/15:25:09      116.050     -7.98000      8.47000      124.000      17.6815     0.559193     0.255841
1998-12-03/15:25:11      116.000     -8.14000      8.28000      132.000      24.7334     0.669131     0.320800
1998-12-03/15:25:14      115.940     -8.31000      8.10000      133.000      26.9050     0.681998     0.343430
1998-12-03/15:25:16      115.980     -8.41000      7.95000      135.000      20.6726     0.707107     0.255128
1998-12-03/15:25:19      116.020     -8.51000      7.78000      141.000      11.8649     0.777146     0.130321
1998-12-03/15:25:21      115.940     -8.68000      7.72000      143.000      12.2308     0.798636     0.128468
1998-12-03/15:25:23      115.840     -8.85000      7.68000      137.000      5.52538     0.731354    0.0657692
1998-12-03/15:25:26      115.810     -9.01000      7.73000      138.000      8.92662     0.743145     0.104250
1998-12-03/15:25:28      115.780     -9.16000      7.79000      135.000      4.07264     0.707107    0.0502618
1998-12-03/15:25:31      115.790     -9.31000      7.99000      136.000      24.0070     0.719340     0.291063
1998-12-03/15:25:33      115.800     -9.46000      8.09000      130.000      25.7972     0.642788     0.344909
1998-12-03/15:25:36      115.810     -9.60000      8.02000      121.000      19.9174     0.515038     0.297973
1998-12-03/15:25:38      115.820     -9.74000      7.95000      114.000      20.2240     0.406737     0.322459
1998-12-03/15:25:41      115.810     -9.86000      7.84000      113.000      4.06747     0.390731    0.0653473
1998-12-03/15:25:43      115.790     -9.97000      7.73000      120.000      7.36306     0.500000     0.111293
1998-12-03/15:25:46      115.760     -10.1000      7.65000      122.000      3.27587     0.529919    0.0484869
1998-12-03/15:25:48      115.720     -10.2300      7.57000      127.000      6.92645     0.601815    0.0965465
1998-12-03/15:25:51      115.710     -10.3600      7.58000      129.000      5.52914     0.629321    0.0749959
1998-12-03/15:25:53      115.710     -10.4900      9.34000      131.000      4.60264     0.656059    0.0606267
1998-12-03/15:25:56      115.720     -10.6000      9.68000      134.000      9.17734     0.694658     0.115220
1998-12-03/15:25:58      115.720     -10.7100      10.0100      140.000      12.1940     0.766045     0.136802
1998-12-03/15:26:01      115.710     -10.8300      10.2200      158.000      42.4920     0.927184     0.277818
1998-12-03/15:26:03      115.690     -10.9500      10.4200      140.000      28.7126     0.766045     0.322120
1998-12-03/15:26:06      115.680     -11.0900      10.5100      140.000      28.7126     0.766045     0.322120
1998-12-03/15:26:08      115.680     -11.1900      10.6000      134.000      8.49070     0.694658     0.106599
1998-12-03/15:26:10      115.670     -11.3300      10.6200      131.000      25.9298     0.656059     0.341552
1998-12-03/15:26:13      115.660     -11.4600      10.6300      127.000      22.1762     0.601815     0.309110
1998-12-03/15:26:15      115.670     -11.5800      10.6000      113.000      17.3017     0.390731     0.277966
1998-12-03/15:26:18      115.690     -11.6900      10.5600      113.000      8.65085     0.390731     0.138983
1998-12-03/15:26:20      115.710     -11.8000      10.4900      110.000      4.77781     0.342020    0.0783596
1998-12-03/15:26:23      115.720     -11.9200      10.4200      110.000      4.01453     0.342020    0.0658412
1998-12-03/15:26:25      115.720     -12.0400      10.3000      112.000      3.80142     0.374607    0.0615161
1998-12-03/15:26:28      115.720     -12.1600      10.1600      107.000      6.22387     0.292372     0.103881
1998-12-03/15:26:30      115.710     -12.2700      9.98000      106.000      7.75714     0.275637     0.130143
1998-12-03/15:26:33      115.690     -12.4000      9.78000      113.000      7.73311     0.390731     0.124239
1998-12-03/15:26:35      115.690     -12.5300      9.56000      110.000      26.6230     0.342020     0.436637
1998-12-03/15:26:38      115.710     -12.6700      9.33000      113.000      7.82908     0.390731     0.125781
1998-12-03/15:26:40      115.710     -12.8100      9.13000      114.000      5.18252     0.406737    0.0826320
1998-12-03/15:26:43      115.690     -12.9500      8.93000      111.000      2.59786     0.358368    0.0423297
1998-12-03/15:26:45      115.680     -13.0800      8.82000      106.000      3.98240     0.275637    0.0668134
1998-12-03/15:26:48      115.690     -13.2000      8.74000      115.000      3.34448     0.422618    0.0529032
1998-12-03/15:26:50      115.680     -13.3300      8.72000      109.000      3.50897     0.325568    0.0579065
1998-12-03/15:26:52      115.670     -13.4500      8.73000      110.000      4.60853     0.342020    0.0755833
1998-12-03/15:26:55      115.670     -13.5800      8.77000      110.000      9.32133     0.342020     0.152877
1998-12-03/15:26:57      115.680     -13.7100      8.83000      116.000      8.88126     0.438371     0.139320
1998-12-03/15:27:00      115.670     -13.8500      8.87000      113.000      17.3017     0.390731     0.277966
1998-12-03/15:27:02      115.640     -13.9900      8.93000      114.000      7.90321     0.406737     0.126012
1998-12-03/15:27:05      115.630     -14.1400      8.91000      115.000      7.36341     0.422618     0.116475
1998-12-03/15:27:07      115.660     -14.2900      8.87000      115.000      4.13745     0.422618    0.0654464
1998-12-03/15:27:10      115.680     -14.4400      8.82000      113.000      4.93153     0.390731    0.0792292
1998-12-03/15:27:12      115.690     -14.5800      8.76000      113.000      1.92248     0.390731    0.0308863
1998-12-03/15:27:15      115.710     -14.7200      8.69000      114.000      3.09401     0.406737    0.0493321
1998-12-03/15:27:17      115.730     -14.8600      8.62000      113.000      6.73520     0.390731     0.108207
1998-12-03/15:27:20      115.730     -15.0000      8.45000      120.000      6.07296     0.500000    0.0917928
1998-12-03/15:27:22      115.690     -15.1600      8.23000      122.000      4.70447     0.529919    0.0696319
1998-12-03/15:27:25      115.690     -15.3000      7.92000      124.000      5.87619     0.559193    0.0850251
1998-12-03/15:27:28      115.730     -15.4900      7.99000      125.000      7.96749     0.573576     0.113910
1998-12-03/15:27:31      115.700     -15.6300      8.06000      129.000      8.42961     0.629321     0.114337
1998-12-03/15:27:33      115.650     -15.7700      8.12000      141.000      30.1216     0.777146     0.330847
1998-12-03/15:27:36      115.640     -15.9200      8.18000      132.000      8.05910     0.669131     0.104529
1998-12-03/15:27:38      115.640     -16.0600      8.21000      141.000      2.99213     0.777146    0.0328647
1998-12-03/15:27:41      115.600     -16.2200      8.24000      144.000      3.41073     0.809017    0.0349899
1998-12-03/15:27:43      115.560     -16.3700      8.25000      148.000      4.32652     0.848048    0.0400153
1998-12-03/15:27:46      115.560     -16.5200      8.25000      144.000      6.45117     0.809017    0.0661812
1998-12-03/15:27:48      115.580     -16.6600      8.26000      142.000      8.49064     0.788011    0.0912346
1998-12-03/15:27:51      115.560     -16.7800      8.26000      139.000      27.2650     0.754710     0.312195
1998-12-03/15:27:53      115.540     -16.9100      8.28000      139.000      5.82442     0.754710    0.0666919
1998-12-03/15:27:56      115.480     -17.0500      8.30000      136.000      8.45889     0.719340     0.102556
1998-12-03/15:27:58      115.410     -17.1900      8.35000      132.000      24.7334     0.669131     0.320800
1998-12-03/15:28:01      115.350     -17.3300      8.42000      132.000      24.7334     0.669131     0.320800
1998-12-03/15:28:13      115.050     -18.0200      8.51000      99.0000      24.3528     0.156434     0.419804
1998-12-03/15:28:15      115.020     -18.1300      8.62000      117.000      22.6838     0.453991     0.352756
1998-12-03/15:28:18      115.000     -18.2500      8.75000      116.000      10.4853     0.438371     0.164482
1998-12-03/15:28:20      114.950     -18.3900      8.88000      112.000      7.30873     0.374607     0.118273
1998-12-03/15:28:23      114.900     -18.5500      9.02000      113.000      6.31137     0.390731     0.101397
1998-12-03/15:28:25      114.860     -18.6900      9.15000      113.000      6.31137     0.390731     0.101397
1998-12-03/15:28:28      114.830     -18.8300      9.25000      112.000      7.71689     0.374607     0.124878
1998-12-03/15:28:30      114.770     -18.9800      9.34000      146.000      28.3908     0.829038     0.277087
1998-12-03/15:28:33      114.700     -19.1200      9.35000      149.000      11.1052     0.857167    0.0998259
1998-12-03/15:28:35      114.640     -19.2700      9.34000      148.000      11.0676     0.848048     0.102362
1998-12-03/15:28:38      114.590     -19.4100      9.25000      149.000      10.6252     0.857167    0.0955111
1998-12-03/15:28:40      114.520     -19.5500      9.13000      123.000      7.31069     0.544639     0.107011
1998-12-03/15:28:43      114.440     -19.6800      8.95000      119.000      23.7264     0.484810     0.362183
1998-12-03/15:28:45      114.340     -19.8300      8.76000      119.000      9.29319     0.484810     0.141860
1998-12-03/15:28:47      114.260     -19.9400      8.53000      120.000      9.38932     0.500000     0.141920
1998-12-03/15:28:50      114.180     -20.1000      8.29000      117.000      22.6838     0.453991     0.352756
1998-12-03/15:28:52      114.120     -20.2600      8.05000      114.000      20.2240     0.406737     0.322459
1998-12-03/15:28:55      114.060     -20.4200      7.79000      109.000      25.5614     0.325568     0.421825
1998-12-03/15:28:57      113.990     -20.5700      7.57000      112.000      7.30873     0.374607     0.118273
1998-12-03/15:29:00      113.950     -20.7200      7.36000      110.000      9.32133     0.342020     0.152877
1998-12-03/15:29:02      113.930     -20.8500      7.22000      111.000      4.16675     0.358368    0.0678932
1998-12-03/15:29:05      113.900     -20.9800      7.81000      114.000      3.93486     0.406737    0.0627389
1998-12-03/15:29:07      113.840     -21.1100      8.10000      115.000      4.90301     0.422618    0.0775561
1998-12-03/15:29:10      113.830     -21.2300      8.38000      114.000      20.2240     0.406737     0.322459
1998-12-03/15:29:12      113.880     -21.3400      8.73000      114.000      8.52896     0.406737     0.135989
1998-12-03/15:29:15      113.840     -21.4600      8.89000      115.000      22.3924     0.422618     0.354204
1998-12-03/15:29:17      113.640     -21.6300      9.05000      110.000      26.6230     0.342020     0.436637
1998-12-03/15:29:25      113.650     -21.9600      9.07000      120.000      10.5005     0.500000     0.158715
1998-12-03/15:29:27      113.440     -22.1500      9.08000      123.000      7.52598     0.544639     0.110162
1998-12-03/15:29:30      113.340     -22.3100      8.98000      144.000      7.32484     0.809017    0.0751440
1998-12-03/15:29:32      113.430     -22.4000      8.88000      143.000      6.17974     0.798636    0.0649098
1998-12-03/15:29:35      113.410     -22.5300      8.74000      118.000      6.05586     0.469472    0.0933229
1998-12-03/15:29:37      113.170     -22.7200      8.60000      116.000      6.06317     0.438371    0.0951124
1998-12-03/15:29:39      113.050     -22.8800      8.51000      120.000      9.04683     0.500000     0.136743
1998-12-03/15:29:42      113.170     -22.9900      8.42000      121.000      19.9174     0.515038     0.297973
1998-12-03/15:29:44      113.180     -23.1200      8.49000      116.000      21.9194     0.438371     0.343848
1998-12-03/15:29:47      112.980     -23.3000      8.68000      117.000      8.62020     0.453991     0.134053
1998-12-03/15:29:49      112.890     -23.4600      8.87000      116.000      8.29996     0.438371     0.130201
1998-12-03/15:29:52      113.060     -23.5400      9.09000      121.000      5.86516     0.515038    0.0877451
1998-12-03/15:29:54      113.100     -23.6600      9.31000      121.000      5.49953     0.515038    0.0822751
1998-12-03/15:29:57      112.840     -23.8500      9.46000      121.000      5.24339     0.515038    0.0784432
1998-12-03/15:29:59      112.700     -24.0000      9.59000      120.000      9.72750     0.500000     0.147031
1998-12-03/15:30:02      112.830     -24.0600      9.62000      138.000      26.7062     0.743145     0.311889
1998-12-03/15:30:04      112.840     -24.1600      9.64000      135.000      9.48944     0.707107     0.117112
1998-12-03/15:30:07      112.580     -24.3300      9.64000      133.000      8.93288     0.681998     0.114024
1998-12-03/15:30:09      112.340     -24.5100      9.64000      133.000      7.12413     0.681998    0.0909362
1998-12-03/15:30:11      112.490     -24.5900      9.69000      132.000      3.27162     0.669131    0.0424340
1998-12-03/15:30:14      112.590     -24.6800      9.75000      125.000      3.61859     0.573576    0.0517346
1998-12-03/15:30:16      112.380     -24.8400      9.94000      117.000      4.56993     0.453991    0.0710670
1998-12-03/15:30:19      112.220     -25.0000      10.1300      114.000      6.96180     0.406737     0.111002
1998-12-03/15:30:21      112.440     -25.0700      10.3400      115.000      8.55196     0.422618     0.135275
1998-12-03/15:30:24      112.610     -25.1600      10.5400      114.000      20.2240     0.406737     0.322459
1998-12-03/15:30:26      112.370     -25.3500      10.6200      118.000      21.8068     0.469472     0.336050
1998-12-03/15:30:29      112.160     -25.5400      10.6900      125.000      21.8278     0.573576     0.312070
1998-12-03/15:30:31      112.340     -25.6300      10.4800      125.000      6.02549     0.573576    0.0861458
1998-12-03/15:30:34      112.480     -25.7300      10.3300      125.000      21.8278     0.573576     0.312070
1998-12-03/15:30:36      112.260     -25.9000      9.92000      125.000      10.9139     0.573576     0.156035
1998-12-03/15:30:39      112.050     -26.0700      9.43000      124.000      9.60787     0.559193     0.139020
1998-12-03/15:30:41      112.040     -26.1900      8.86000      126.000      7.12940     0.587785     0.100667
1998-12-03/15:30:44      112.030     -26.3100      8.28000      128.000      11.2222     0.615661     0.154343
1998-12-03/15:30:46      111.980     -26.4500      7.86000      116.000      8.88126     0.438371     0.139320
1998-12-03/15:30:49      111.930     -26.5800      7.51000      119.000      6.47383     0.484810    0.0988230
1998-12-03/15:30:51      111.850     -26.7100      7.69000      134.000      2.70510     0.694658    0.0339621
1998-12-03/15:30:54      111.780     -26.8500      8.10000      139.000      8.36634     0.754710    0.0957978
1998-12-03/15:30:56      111.770     -26.9900      8.60000      138.000      7.30121     0.743145    0.0852674
1998-12-03/15:30:59      111.750     -27.1300      9.10000      132.000      11.3390     0.669131     0.147070
1998-12-03/15:31:01      111.690     -27.2800      9.60000      131.000      5.91848     0.656059    0.0779592
1998-12-03/15:31:04      111.620     -27.4400      6.30000      123.000      4.07612     0.544639    0.0596645
1998-12-03/15:31:06      111.600     -27.5900      6.44000      121.000      3.67335     0.515038    0.0549548
1998-12-03/15:31:09      111.570     -27.7400      6.65000      121.000      4.36846     0.515038    0.0653539
1998-12-03/15:31:11      111.550     -27.8900      6.81000      123.000      2.68240     0.544639    0.0392638
1998-12-03/15:31:14      111.530     -28.0400      6.97000      120.000      7.06002     0.500000     0.106712
1998-12-03/15:31:16      111.470     -28.1900      7.12000      119.000      8.41045     0.484810     0.128385
1998-12-03/15:31:19      111.420     -28.3400      7.27000      122.000      21.3608     0.529919     0.316166
1998-12-03/15:31:21      111.300     -28.4900      7.44000      124.000      17.6815     0.559193     0.255841
1998-12-03/15:31:24      111.170     -28.6400      7.61000      143.000      13.6768     0.798636     0.143656
1998-12-03/15:31:27      111.150     -28.7900      7.79000      143.000      14.5486     0.798636     0.152813
1998-12-03/15:31:29      111.120     -28.9200      7.98000      124.000      17.6815     0.559193     0.255841
1998-12-03/15:31:32      111.040     -29.0700      8.20000      145.000      9.33743     0.819152    0.0934751
1998-12-03/15:31:34      110.970     -29.2300      8.42000      118.000      21.8068     0.469472     0.336050
1998-12-03/15:31:39      110.910     -29.5400      8.65000      119.000      23.7264     0.484810     0.362183
1998-12-03/15:31:42      110.810     -29.7100      8.88000      142.000      8.84563     0.788011    0.0950491
1998-12-03/15:31:44      110.700     -29.8700      9.06000      117.000      10.2070     0.453991     0.158729
1998-12-03/15:31:47      110.620     -30.0100      9.24000      152.000      8.90213     0.882948    0.0729425
1998-12-03/15:31:49      110.540     -30.1500      9.36000      156.000      14.7081     0.913545     0.104411
1998-12-03/15:31:52      110.520     -30.2900      9.47000      155.000      9.49474     0.906308    0.0700340
1998-12-03/15:31:54      110.540     -30.4200      9.56000      157.000      18.8835     0.920505     0.128777
1998-12-03/15:31:57      110.750     -30.5000      9.65000      160.000      16.1030     0.939693    0.0961249
1998-12-03/15:31:59      110.830     -30.6100      9.73000      133.000      10.8293     0.681998     0.138231
1998-12-03/15:32:02      110.430     -30.8300      9.80000      131.000      11.4657     0.656059     0.151028
1998-12-03/15:32:04      110.130     -31.0300      9.85000      132.000      24.7334     0.669131     0.320800
1998-12-03/15:32:07      110.300     -31.1200      9.90000      135.000      9.35746     0.707107     0.115484
1998-12-03/15:32:09      110.380     -31.2300      9.88000      134.000      20.5334     0.694658     0.257794
1998-12-03/15:32:12      109.970     -31.4600      9.87000      134.000      20.5334     0.694658     0.257794
1998-12-03/15:32:14      109.670     -31.6600      9.82000      133.000      26.9050     0.681998     0.343430
1998-12-03/15:32:17      109.960     -31.7000      9.77000      135.000      20.6726     0.707107     0.255128
1998-12-03/15:32:19      110.160     -31.7600      9.67000      134.000      20.5334     0.694658     0.257794
1998-12-03/15:32:22      109.770     -31.9800      9.56000      136.000      24.0070     0.719340     0.291063
1998-12-03/15:32:24      109.480     -32.1800      9.46000      170.000      45.0000     0.984808     0.136383
1998-12-03/15:32:26      109.810     -32.2600      9.35000      170.000      45.0000     0.984808     0.136383
1998-12-03/15:32:29      110.070     -32.3600      9.23000      168.000      26.9898     0.978148    0.0979390
1998-12-03/15:32:31      109.740     -32.5800      9.15000      164.000      24.0496     0.961262     0.115697
1998-12-03/15:32:34      109.480     -32.7800      8.86000      158.000      19.4910     0.927184     0.127434
1998-12-03/15:32:36      109.720     -32.8600      8.69000      157.000      9.49892     0.920505    0.0647783
1998-12-03/15:32:39      109.880     -32.9500      8.51000      158.000      13.1608     0.927184    0.0860468
1998-12-03/15:32:41      109.440     -33.1700      8.33000      162.000      14.5898     0.951056    0.0786881
1998-12-03/15:32:44      109.060     -33.3800      8.15000      164.000      14.9885     0.961262    0.0721064
1998-12-03/15:32:46      109.300     -33.4600      8.00000      164.000      14.9885     0.961262    0.0721064
1998-12-03/15:32:49      109.570     -33.5500      7.86000      140.000      28.7126     0.766045     0.322120
1998-12-03/15:32:51      109.080     -33.7900      7.76000      125.000      9.47304     0.573576     0.135435
1998-12-03/15:32:54      108.560     -34.0300      7.68000      120.000      10.5005     0.500000     0.158715
1998-12-03/15:32:56      108.770     -34.1300      7.66000      113.000      7.84901     0.390731     0.126101
1998-12-03/15:32:58      109.030     -34.2300      7.66000      109.000      8.52499     0.325568     0.140683
1998-12-03/15:33:01      108.380     -34.5000      7.76000      114.000      7.61136     0.406737     0.121358
1998-12-03/15:33:03      107.660     -34.8000      7.88000      113.000      7.91410     0.390731     0.127147
1998-12-03/15:33:06      107.710     -34.9200      8.06000      115.000      6.18140     0.422618    0.0977777
1998-12-03/15:33:08      107.840     -35.0200      8.25000      113.000      6.73520     0.390731     0.108207
1998-12-03/15:33:11      107.100     -35.3300      8.41000      114.000      5.47039     0.406737    0.0872220
1998-12-03/15:33:13      106.270     -35.6700      8.57000      111.000      5.62288     0.358368    0.0916195
1998-12-03/15:33:16      106.270     -35.8100      8.67000      133.000      4.90012     0.681998    0.0625477
1998-12-03/15:33:18      106.380     -35.9400      8.75000      111.000      4.86263     0.358368    0.0792319
1998-12-03/17:08:36      114.550      38.8300      8.80000      100.000      5.85885     0.173648     0.100703
1998-12-03/17:08:44      114.660      38.4300      8.85000      102.000      4.94791     0.207912    0.0844702
1998-12-03/17:08:46      114.700      38.2800      8.91000      109.000      5.50232     0.325568    0.0908016
1998-12-03/17:08:49      114.750      38.1500      8.96000      111.000      3.50869     0.358368    0.0571708
1998-12-03/17:08:51      114.790      38.0200      9.05000      110.000      5.24256     0.342020    0.0859818
1998-12-03/17:08:54      114.830      37.8900      9.14000      112.000      3.13059     0.374607    0.0506605
1998-12-03/17:08:56      114.860      37.7600      9.23000      109.000      6.95349     0.325568     0.114749
1998-12-03/17:08:59      114.870      37.6300      9.32000      118.000      4.71316     0.469472    0.0726314
1998-12-03/17:09:01      114.880      37.4900      9.39000      115.000      5.53081     0.422618    0.0874866
1998-12-03/17:09:03      114.910      37.3500      9.45000      114.000      3.09401     0.406737    0.0493321
1998-12-03/17:09:06      114.940      37.2200      9.50000      111.000      3.06196     0.358368    0.0498917
1998-12-03/17:09:08      114.980      37.1100      9.55000      115.000      3.75347     0.422618    0.0593726
1998-12-03/17:09:11      115.020      37.0200      9.58000      112.000      2.29214     0.374607    0.0370924
1998-12-03/17:09:13      115.040      36.8900      9.61000      115.000      3.75347     0.422618    0.0593726
1998-12-03/17:09:16      115.050      36.7400      9.59000      116.000      6.46327     0.438371     0.101389
1998-12-03/17:09:18      115.100      36.6300      9.58000      127.000      9.65944     0.601815     0.134641
1998-12-03/17:09:21      115.170      36.5300      9.50000      123.000      7.31069     0.544639     0.107011
1998-12-03/17:09:23      115.190      36.4000      9.43000      125.000      4.06454     0.573576    0.0581103
1998-12-03/17:09:26      115.190      36.2500      9.25000      130.000      5.28399     0.642788    0.0706469
1998-12-03/17:09:28      115.210      36.1200      9.08000      133.000      8.70322     0.681998     0.111093
1998-12-03/17:09:31      115.230      36.0100      8.86000      129.000      25.6400     0.629321     0.347775
1998-12-03/17:09:33      115.260      35.8900      8.64000      133.000      26.9050     0.681998     0.343430
1998-12-03/17:09:35      115.310      35.7300      8.49000      131.000      25.9298     0.656059     0.341552
1998-12-03/17:09:40      115.400      35.4900      8.33000      100.000      21.1866     0.173648     0.364158
1998-12-03/17:09:43      115.410      35.3700      8.28000      143.000      14.5486     0.798636     0.152813
1998-12-03/17:09:45      115.380      35.2200      8.22000      141.000      13.1511     0.777146     0.144448
1998-12-03/17:09:48      115.400      35.0800      8.19000      133.000      7.12413     0.681998    0.0909362
1998-12-03/17:09:50      115.470      34.9600      8.15000      120.000      21.9826     0.500000     0.332267
1998-12-03/17:09:53      115.520      34.8200      8.13000      117.000      22.6838     0.453991     0.352756
1998-12-03/17:09:55      115.530      34.6700      8.11000      118.000      21.8068     0.469472     0.336050
1998-12-03/17:09:58      115.540      34.5300      8.15000      115.000      22.3924     0.422618     0.354204
1998-12-03/17:10:00      115.580      34.4300      8.19000      114.000      20.2240     0.406737     0.322459
1998-12-03/17:10:03      115.610      34.3000      8.28000      115.000      11.1962     0.422618     0.177102
1998-12-03/17:11:44      116.360      28.8000      8.38000      125.000      21.8278     0.573576     0.312070
1998-12-03/17:11:47      116.380      28.6600      8.46000      125.000      21.8278     0.573576     0.312070
1998-12-03/17:11:49      116.410      28.5200      8.54000      122.000      10.6804     0.529919     0.158083
1998-12-03/17:11:52      116.450      28.3700      8.57000      131.000      5.55836     0.656059    0.0732157
1998-12-03/17:11:54      116.470      28.2600      8.59000      130.000      2.86654     0.642788    0.0383256
1998-12-03/17:11:57      116.500      28.1500      8.56000      134.000      4.40170     0.694658    0.0552627
1998-12-03/17:11:59      116.500      27.9900      8.52000      131.000      5.06210     0.656059    0.0666788
1998-12-03/17:12:02      116.500      27.8300      8.48000      126.000      3.17024     0.587785    0.0447638
1998-12-03/17:12:04      116.520      27.7000      8.44000      126.000      6.84089     0.587785    0.0965934
1998-12-03/17:12:07      116.540      27.5600      8.46000      142.000      11.2209     0.788011     0.120572
1998-12-03/17:12:09      116.530      27.4200      8.48000      127.000      6.49897     0.601815    0.0905880
1998-12-03/17:13:59      116.820      21.0900      8.53000      171.000      45.0000     0.987688     0.122863
1998-12-03/17:14:01      116.840      20.9400      8.60000      172.000      30.4926     0.990268    0.0740675
1998-12-03/17:14:04      116.860      20.7900      8.68000      174.000      45.0000     0.994522    0.0820963
1998-12-03/17:14:06      116.870      20.6500      8.77000      132.000      24.7334     0.669131     0.320800
1998-12-03/17:14:09      116.880      20.4900      8.84000      127.000      22.1762     0.601815     0.309110
1998-12-03/17:14:11      116.900      20.3300      8.91000      120.000      4.89963     0.500000    0.0740579
1998-12-03/17:14:14      116.910      20.2000      8.95000      116.000      5.66333     0.438371    0.0888402
1998-12-03/17:14:16      116.920      20.0600      8.98000      121.000      2.86288     0.515038    0.0428298
1998-12-03/17:14:19      116.940      19.9300      8.97000      119.000      7.65778     0.484810     0.116896
1998-12-03/17:14:21      116.960      19.8000      8.95000      114.000      7.74852     0.406737     0.123545
1998-12-03/17:14:24      116.970      19.6600      8.89000      118.000      21.8068     0.469472     0.336050
1998-12-03/17:14:26      116.980      19.5100      8.82000      132.000      24.7334     0.669131     0.320800
1998-12-03/17:14:31      117.020      19.2400      8.72000      112.000      17.4097     0.374607     0.281731
1998-12-03/17:14:34      117.030      19.1100      8.61000      122.000      9.09191     0.529919     0.134571
1998-12-03/17:14:36      117.050      18.9900      8.49000      131.000      5.27110     0.656059    0.0694318
1998-12-03/17:14:39      117.080      18.8400      8.37000      121.000      5.24339     0.515038    0.0784432
1998-12-03/17:14:41      117.110      18.7000      8.88000      123.000      4.32308     0.544639    0.0632794
1998-12-03/17:14:44      117.140      18.5600      8.94000      117.000      8.84479     0.453991     0.137545
1998-12-03/17:14:46      117.170      18.4200      8.96000      144.000      30.4326     0.809017     0.312202
1998-12-03/17:14:49      117.190      18.3000      8.98000      122.000      21.3608     0.529919     0.316166
1998-12-03/17:14:51      117.200      18.2000      8.95000      117.000      22.6838     0.453991     0.352756
1998-12-03/17:14:53      117.230      18.0800      8.90000      112.000      17.4097     0.374607     0.281731
1998-12-03/17:14:56      117.250      17.9600      8.83000      114.000      20.2240     0.406737     0.322459
1998-12-03/17:14:58      117.270      17.8300      8.75000      110.000      26.6230     0.342020     0.436637
1998-12-03/17:15:01      117.290      17.7000      8.68000      112.000      17.4097     0.374607     0.281731
1998-12-03/17:15:03      117.320      17.5600      8.54000      111.000      22.2732     0.358368     0.362921
1998-12-03/17:15:06      117.350      17.4200      8.55000      113.000      17.3017     0.390731     0.277966
1998-12-03/17:15:08      117.370      17.2900      8.55000      112.000      17.4097     0.374607     0.281731
1998-12-03/17:16:17      117.260      13.9800      8.57000      137.000      26.5798     0.731354     0.316382
1998-12-03/17:16:20      117.240      13.8500      8.58000      140.000      28.7126     0.766045     0.322120
1998-12-03/17:16:22      117.220      13.7300      8.58000      130.000      25.7972     0.642788     0.344909
1998-12-03/17:16:25      117.220      13.6000      8.57000      136.000      9.61941     0.719340     0.116626
1998-12-03/17:16:27      117.230      13.4800      8.56000      155.000      16.0765     0.906308     0.118582
1998-12-03/17:16:30      117.250      13.3400      8.54000      157.000      13.7682     0.920505    0.0938928
1998-12-03/17:16:32      117.270      13.2100      8.38000      110.000      26.6230     0.342020     0.436637
1998-12-03/17:16:35      117.250      13.0600      8.35000      145.000      30.0488     0.819152     0.300812
1998-12-03/17:16:37      117.230      12.9100      8.30000      112.000      17.4097     0.374607     0.281731
1998-12-03/17:16:40      117.210      12.7600      8.25000      119.000      8.41045     0.484810     0.128385
1998-12-03/17:20:58      117.240    -0.960000      8.17000      110.000      6.05545     0.342020    0.0993138
1998-12-03/17:21:01      117.210     -1.11000      8.08000      109.000      5.39605     0.325568    0.0890478
1998-12-03/17:21:03      117.220     -1.24000      7.97000      103.000      4.49561     0.224951    0.0764522
1998-12-03/17:21:06      117.260     -1.36000      8.61000      103.000      5.79159     0.224951    0.0984916
1998-12-03/17:21:08      117.250     -1.50000      8.75000      110.000      4.47342     0.342020    0.0733674
1998-12-03/17:21:11      117.220     -1.65000      8.89000      113.000      4.44103     0.390731    0.0713489
1998-12-03/17:21:13      117.230     -1.76000      8.97000      112.000      2.39763     0.374607    0.0387994
1998-12-03/17:21:16      117.270     -1.85000      9.04000      113.000      2.02531     0.390731    0.0325383
1998-12-03/17:21:18      117.240     -1.98000      9.04000      115.000      3.34448     0.422618    0.0529032
1998-12-03/17:21:21      117.190     -2.13000      9.01000      117.000      5.46353     0.453991    0.0849633
1998-12-03/17:21:23      117.210     -2.27000      8.95000      124.000      1.94146     0.559193    0.0280918
1998-12-03/17:21:26      117.270     -2.40000      8.87000      124.000      3.18371     0.559193    0.0460665
1998-12-03/17:21:29      117.270     -2.59000      8.78000      124.000      2.39890     0.559193    0.0347107
1998-12-03/17:21:32      117.240     -2.74000      8.70000      124.000      2.39890     0.559193    0.0347107
1998-12-03/17:21:34      117.270     -2.86000      8.65000      124.000      5.55415     0.559193    0.0803654
1998-12-03/17:21:37      117.320     -2.98000      8.60000      118.000      5.35676     0.469472    0.0825495
1998-12-03/17:21:39      117.290     -3.13000      8.60000      119.000      4.66063     0.484810    0.0711445
1998-12-03/17:21:41      117.250     -3.27000      8.61000      124.000      2.16123     0.559193    0.0312718
1998-12-03/17:21:44      117.280     -3.38000      8.66000      121.000      3.18689     0.515038    0.0476771
1998-12-03/17:21:46      117.320     -3.48000      8.72000      123.000      3.32815     0.544639    0.0487160
1998-12-03/17:21:49      117.280     -3.63000      8.78000      124.000      1.99801     0.559193    0.0289101
1998-12-03/17:21:51      117.230     -3.78000      8.85000      123.000      1.66979     0.544639    0.0244417
1998-12-03/17:21:54      117.240     -3.88000      8.88000      120.000      3.34165     0.500000    0.0505090
1998-12-03/17:21:56      117.250     -3.98000      8.91000      123.000      3.63904     0.544639    0.0532667
1998-12-03/17:21:59      117.210     -4.12000      8.89000      122.000      2.81476     0.529919    0.0416619
1998-12-03/17:22:01      117.150     -4.28000      8.88000      121.000      3.90478     0.515038    0.0584170
1998-12-03/17:22:04      117.130     -4.41000      8.83000      124.000      2.16123     0.559193    0.0312718
1998-12-03/17:22:06      117.120     -4.54000      8.79000      126.000      7.12940     0.587785     0.100667
1998-12-03/17:22:09      117.100     -4.67000      8.72000      126.000      8.98264     0.587785     0.126835
1998-12-03/17:22:11      117.070     -4.80000      8.65000      126.000      9.13130     0.587785     0.128934
1998-12-03/17:22:14      117.060     -4.95000      8.59000      136.000      8.82971     0.719340     0.107052
1998-12-03/17:22:16      117.050     -5.09000      8.52000      134.000      3.99895     0.694658    0.0502062
1998-12-03/17:22:19      117.050     -5.22000      8.48000      136.000      3.14865     0.719340    0.0381745
1998-12-03/17:22:21      117.050     -5.36000      8.43000      137.000      5.17898     0.731354    0.0616460
1998-12-03/17:22:24      117.030     -5.49000      8.42000      136.000      11.4126     0.719340     0.138367
1998-12-03/17:22:26      117.000     -5.63000      8.41000      131.000      8.04393     0.656059     0.105956
1998-12-03/17:22:29      116.980     -5.78000      8.40000      115.000      6.18140     0.422618    0.0977777
1998-12-03/17:22:31      116.960     -5.93000      8.39000      124.000      3.61780     0.559193    0.0523475
1998-12-03/17:22:34      116.940     -6.07000      8.38000      125.000      5.54943     0.573576    0.0793396
1998-12-03/17:22:36      116.930     -6.21000      8.37000      125.000      3.85072     0.573576    0.0550534
1998-12-03/17:22:39      116.870     -6.35000      8.35000      126.000      4.16535     0.587785    0.0588148
1998-12-03/17:22:41      116.800     -6.49000      8.32000      125.000      2.41496     0.573576    0.0345264
1998-12-03/17:22:44      116.760     -6.64000      8.25000      119.000      3.42648     0.484810    0.0523052
1998-12-03/17:22:46      116.720     -6.79000      8.16000      105.000      4.06813     0.258819    0.0685829
1998-12-03/17:22:48      116.730     -6.91000      7.99000      122.000      3.03619     0.529919    0.0449393
1998-12-03/17:22:51      116.760     -7.04000      7.81000      106.000      4.17674     0.275637    0.0700739
1998-12-03/17:22:53      116.740     -7.20000      7.49000      121.000      3.81771     0.515038    0.0571144
1998-12-03/17:22:56      116.700     -7.37000      7.16000      121.000      4.71276     0.515038    0.0705047
1998-12-03/17:22:58      116.710     -7.51000      6.70000      122.000      3.21278     0.529919    0.0475531
1998-12-03/17:23:01      116.750     -7.63000      4.82000      122.000      3.33634     0.529919    0.0493819
1998-12-03/17:23:03      116.720     -7.78000      4.80000      135.000      9.18601     0.707107     0.113368
1998-12-03/17:23:06      116.650     -7.94000      4.87000      130.000      7.13225     0.642788    0.0953582
1998-12-03/17:23:08      116.650     -8.08000      5.13000      132.000      4.84587     0.669131    0.0628525
1998-12-03/17:23:11      116.690     -8.19000      5.44000      130.000      5.41771     0.642788    0.0724348
1998-12-03/17:23:13      116.660     -8.33000      5.82000      133.000      4.47367     0.681998    0.0571043
1998-12-03/17:23:16      116.580     -8.50000      6.22000      124.000      1.94146     0.559193    0.0280918
1998-12-03/17:23:18      116.570     -8.64000      6.61000      128.000      3.17442     0.615661    0.0436590
1998-12-03/17:23:21      116.620     -8.75000      7.00000      132.000      2.89838     0.669131    0.0375929
1998-12-03/17:23:23      116.620     -8.90000      7.32000      136.000      3.05713     0.719340    0.0370649
1998-12-03/17:23:26      116.570     -9.07000      7.63000      133.000      3.88307     0.681998    0.0495656
1998-12-03/17:23:28      116.570     -9.20000      7.86000      140.000      4.58750     0.766045    0.0514661
1998-12-03/17:23:31      116.610     -9.32000      8.07000      138.000      5.73175     0.743145    0.0669384
1998-12-03/17:23:33      116.600     -9.46000      8.20000      129.000      5.52914     0.629321    0.0749959
1998-12-03/17:23:36      116.540     -9.64000      8.31000      125.000      2.77985     0.573576    0.0397432
1998-12-03/17:23:38      116.530     -9.77000      8.37000      127.000      3.04156     0.601815    0.0423958
1998-12-03/17:23:40      116.580     -9.87000      8.42000      127.000      3.04156     0.601815    0.0423958
1998-12-03/17:23:43      116.570     -10.0100      8.44000      125.000      3.61859     0.573576    0.0517346
1998-12-03/17:23:45      116.510     -10.1800      8.45000      124.000      2.16123     0.559193    0.0312718
1998-12-03/17:23:48      116.500     -10.3200      8.43000      121.000      5.39685     0.515038    0.0807390
1998-12-03/17:23:50      116.540     -10.4200      8.34000      121.000      2.86288     0.515038    0.0428298
1998-12-03/17:23:53      116.510     -10.5600      8.30000      117.000      3.48879     0.453991    0.0542542
1998-12-03/17:23:55      116.390     -10.7200      8.26000      116.000      4.31999     0.438371    0.0677673
1998-12-03/17:23:58      116.400     -10.8500      8.24000      117.000      4.65407     0.453991    0.0723754
1998-12-03/17:24:00      116.520     -10.9500      8.21000      115.000      3.34448     0.422618    0.0529032
1998-12-03/17:24:03      116.550     -11.0900      8.19000      108.000      5.65703     0.309017    0.0939014
1998-12-03/17:24:05      116.480     -11.2600      8.17000      113.000      2.42089     0.390731    0.0388936
1998-12-03/17:24:07      116.450     -11.3800      8.16000      113.000      4.23993     0.390731    0.0681180
1998-12-03/17:24:10      116.480     -11.4800      8.14000      113.000      2.53069     0.390731    0.0406577
1998-12-03/17:24:12      116.480     -11.6000      8.14000      113.000      3.25485     0.390731    0.0522919
1998-12-03/17:24:15      116.430     -11.7500      8.15000      113.000      1.87336     0.390731    0.0300971
1998-12-03/17:24:17      116.400     -11.8900      8.19000      113.000      2.42089     0.390731    0.0388936
1998-12-03/17:24:20      116.450     -12.0100      8.23000      113.000      2.02531     0.390731    0.0325383
1998-12-03/17:24:22      116.470     -12.1400      8.27000      114.000      2.85912     0.406737    0.0455869
1998-12-03/17:24:25      116.410     -12.3000      8.30000      111.000      2.53204     0.358368    0.0412572
1998-12-03/17:24:27      116.380     -12.4400      8.31000      111.000      2.32941     0.358368    0.0379555
1998-12-03/17:24:30      116.420     -12.5600      8.32000      111.000      2.37731     0.358368    0.0387360
1998-12-03/17:24:32      116.440     -12.6800      8.30000      112.000      1.94513     0.374607    0.0314769
1998-12-03/17:24:35      116.380     -12.8400      8.28000      111.000      2.66344     0.358368    0.0433982
1998-12-03/17:24:37      116.330     -12.9900      8.37000      118.000      3.10994     0.469472    0.0479252
1998-12-03/17:24:40      116.370     -13.1000      8.46000      117.000      4.56993     0.453991    0.0710670
1998-12-03/17:24:42      116.400     -13.2200      8.62000      114.000      2.37061     0.406737    0.0377979
1998-12-03/17:24:45      116.320     -13.3900      8.78000      113.000      2.42089     0.390731    0.0388936
1998-12-03/17:24:47      116.270     -13.5500      8.95000      115.000      3.75347     0.422618    0.0593726
1998-12-03/17:24:50      116.270     -13.6800      9.12000      114.000      2.63779     0.406737    0.0420579
1998-12-03/17:24:52      116.280     -13.8100      9.26000      116.000      3.34944     0.438371    0.0525424
1998-12-03/17:24:55      116.270     -13.9300      9.39000      122.000      4.21993     0.529919    0.0624602
1998-12-03/17:24:57      116.260     -14.0600      9.46000      123.000      7.02375     0.544639     0.102811
1998-12-03/17:25:00      116.260     -14.1900      9.52000      124.000      6.94095     0.559193     0.100432
1998-12-03/17:25:02      116.250     -14.3300      9.54000      123.000      9.48804     0.544639     0.138882
1998-12-03/17:25:05      116.260     -14.4500      9.56000      105.000      20.0866     0.258819     0.338632
1998-12-03/17:25:07      116.270     -14.5800      9.56000      116.000      9.40509     0.438371     0.147537
1998-12-03/17:25:10      116.260     -14.7000      9.58000      116.000      6.06317     0.438371    0.0951124
1998-12-03/17:25:12      116.260     -14.8300      9.65000      122.000      3.39229     0.529919    0.0502101
1998-12-03/17:25:14      116.320     -14.9700      9.72000      120.000      5.29080     0.500000    0.0799704
1998-12-03/17:25:17      116.370     -15.1100      9.86000      123.000      2.53819     0.544639    0.0371529
1998-12-03/17:25:19      116.340     -15.2300      10.0000      122.000      4.70447     0.529919    0.0696319
1998-12-03/17:25:22      116.310     -15.3500      10.1800      123.000      2.43576     0.544639    0.0356536
1998-12-03/17:25:24      116.300     -15.4700      10.3100      123.000      4.32308     0.544639    0.0632794
1998-12-03/17:25:28      116.280     -15.6400      10.4800      127.000      5.38581     0.601815    0.0750718
1998-12-03/17:25:30      116.280     -15.7800      10.6600      124.000      4.16840     0.559193    0.0603144
1998-12-03/17:25:33      116.290     -15.9100      10.7600      135.000      4.39715     0.707107    0.0542667
1998-12-03/17:25:35      116.320     -16.0100      10.8500      131.000      8.04393     0.656059     0.105956
1998-12-03/17:25:38      116.300     -16.1300      10.8500      135.000      3.60312     0.707107    0.0444673
1998-12-03/17:25:40      116.230     -16.2900      10.8300      135.000      9.27146     0.707107     0.114422
1998-12-03/17:25:43      116.210     -16.4300      10.7400      137.000      11.4752     0.731354     0.136591
1998-12-03/17:25:45      116.260     -16.5400      10.6200      136.000      24.0070     0.719340     0.291063
1998-12-03/17:25:48      116.260     -16.6700      10.4800      135.000      20.6726     0.707107     0.255128
1998-12-03/17:25:50      116.200     -16.8300      10.3200      133.000      26.9050     0.681998     0.343430
1998-12-03/17:25:53      116.180     -16.9700      10.1600      134.000      20.5334     0.694658     0.257794
1998-12-03/17:25:55      116.240     -17.0700      10.0000      130.000      25.7972     0.642788     0.344909
1998-12-03/17:25:58      116.250     -17.1900      9.83000      127.000      7.75740     0.601815     0.108129
1998-12-03/17:26:00      116.200     -17.3600      8.84000      125.000      10.9139     0.573576     0.156035
1998-12-03/17:26:03      116.190     -17.5100      8.84000      119.000      10.7474     0.484810     0.164059
1998-12-03/17:26:05      116.270     -17.6200      8.83000      115.000      22.3924     0.422618     0.354204
1998-12-03/17:26:08      116.300     -17.7600      8.83000      114.000      20.2240     0.406737     0.322459
1998-12-03/17:26:13      116.190     -18.1100      8.84000      106.000      6.30314     0.275637     0.105749
1998-12-03/17:26:15      116.240     -18.2300      8.87000      106.000      5.88729     0.275637    0.0987721
1998-12-03/17:26:18      116.230     -18.3600      8.91000      107.000      6.45796     0.292372     0.107788
1998-12-03/17:26:20      116.140     -18.5200      8.97000      106.000      7.75714     0.275637     0.130143
1998-12-03/17:26:23      116.080     -18.6700      9.03000      106.000      5.39553     0.275637    0.0905218
1998-12-03/17:26:25      116.090     -18.7800      9.10000      109.000      5.14260     0.325568    0.0848653
1998-12-03/17:26:28      116.070     -18.9100      9.16000      108.000      4.90683     0.309017    0.0814488
1998-12-03/17:26:30      115.990     -19.0900      9.21000      108.000      6.39265     0.309017     0.106112
1998-12-03/17:27:29      115.410     -22.4400      9.26000      126.000      9.39647     0.587785     0.132678
1998-12-03/17:27:32      115.290     -22.6200      9.29000      127.000      10.3087     0.601815     0.143691
1998-12-03/17:27:34      115.320     -22.7400      9.31000      125.000      21.8278     0.573576     0.312070
1998-12-03/17:27:37      115.350     -22.8500      9.33000      128.000      24.7730     0.615661     0.340713
1998-12-03/17:27:39      115.250     -23.0200      9.35000      130.000      25.7972     0.642788     0.344909
1998-12-03/17:27:42      115.150     -23.2000      9.35000      135.000      9.35746     0.707107     0.115484
1998-12-03/17:27:44      115.140     -23.3300      9.35000      132.000      11.3390     0.669131     0.147070
1998-12-03/17:27:47      115.130     -23.4500      9.34000      124.000      17.6815     0.559193     0.255841
1998-12-03/17:27:49      115.100     -23.6000      9.33000      117.000      10.4396     0.453991     0.162346
1998-12-03/17:27:52      115.060     -23.7400      9.32000      138.000      8.26807     0.743145    0.0965589
1998-12-03/17:27:54      115.030     -23.8800      9.32000      137.000      26.5798     0.731354     0.316382
1998-12-03/17:27:57      115.000     -24.0200      9.32000      136.000      24.0070     0.719340     0.291063
1998-12-03/17:27:59      114.980     -24.1700      9.32000      132.000      24.7334     0.669131     0.320800
1998-12-03/17:28:02      114.960     -24.3200      9.31000      137.000      26.5798     0.731354     0.316382
1998-12-03/17:28:04      114.940     -24.4600      9.31000      130.000      25.7972     0.642788     0.344909
1998-12-03/17:28:06      114.920     -24.5800      9.30000      132.000      24.7334     0.669131     0.320800
1998-12-03/17:28:56      114.150     -27.4400      9.29000      119.000      23.7264     0.484810     0.362183
1998-12-03/17:28:58      114.110     -27.5700      9.29000      119.000      7.20557     0.484810     0.109993
1998-12-03/17:29:01      114.070     -27.7100      9.28000      126.000      4.02896     0.587785    0.0568890
1998-12-03/17:29:03      114.040     -27.8400      9.27000      122.000      3.33634     0.529919    0.0493819
1998-12-03/17:29:06      114.010     -27.9700      9.27000      123.000      4.92552     0.544639    0.0720976
1998-12-03/17:29:08      113.990     -28.1000      9.26000      130.000      12.0405     0.642788     0.160981
1998-12-03/17:29:11      113.960     -28.2400      9.25000      131.000      11.4657     0.656059     0.151028
1998-12-03/17:29:13      113.930     -28.3800      9.23000      130.000      10.9526     0.642788     0.146436
1998-12-03/17:29:16      113.900     -28.5200      9.21000      144.000      14.7135     0.809017     0.150943
1998-12-03/17:29:18      113.850     -28.6600      9.18000      122.000      21.3608     0.529919     0.316166
1998-12-03/17:29:21      113.790     -28.8000      9.16000      144.000      30.4326     0.809017     0.312202
1998-12-03/17:29:23      113.760     -28.9300      9.12000      145.000      30.0488     0.819152     0.300812
1998-12-03/17:29:26      113.750     -29.0900      9.09000      141.000      30.1216     0.777146     0.330847
1998-12-03/17:29:29      113.640     -29.2400      9.05000      125.000      21.8278     0.573576     0.312070
1998-12-03/17:29:31      113.510     -29.3900      9.02000      136.000      12.0035     0.719340     0.145531
1998-12-03/17:29:34      113.520     -29.5300      9.00000      134.000      20.5334     0.694658     0.257794
1998-12-03/17:29:36      113.540     -29.6600      8.99000      132.000      9.52931     0.669131     0.123598
1998-12-03/17:30:56      111.230     -34.2900      8.98000      125.000      21.8278     0.573576     0.312070
1998-12-03/17:30:58      111.250     -34.4000      8.98000      125.000      21.8278     0.573576     0.312070
1998-12-03/17:31:01      111.340     -34.4700      8.98000      132.000      24.7334     0.669131     0.320800
1998-12-03/17:31:03      111.140     -34.6300      8.99000      129.000      25.6400     0.629321     0.347775
1998-12-03/17:31:06      110.720     -34.8700      9.00000      134.000      9.44291     0.694658     0.118554
1998-12-03/17:31:08      110.570     -35.0500      9.01000      127.000      9.91251     0.601815     0.138169
1998-12-03/17:31:11      110.630     -35.1700      9.02000      138.000      7.30121     0.743145    0.0852674
1998-12-03/17:31:13      110.630     -35.2700      9.02000      125.000      6.81630     0.573576    0.0974520
1998-12-03/17:31:16      110.570     -35.3600      9.02000      127.000      4.27100     0.601815    0.0595327
1998-12-03/17:31:18      110.500     -35.4800      9.01000      129.000      5.15548     0.629321    0.0699277
1998-12-03/17:31:21      110.430     -35.6400      9.01000      133.000      3.01339     0.681998    0.0384645
1998-12-03/17:31:23      110.350     -35.7900      9.01000      129.000      7.47609     0.629321     0.101404
1998-12-03/17:31:25      110.290     -35.9400      9.01000      126.000      5.29392     0.587785    0.0747502
1998-12-03/17:31:28      110.130     -36.1000      9.01000      122.000      6.10862     0.529919    0.0904151
1998-12-03/17:31:30      109.890     -36.2800      9.01000      126.000      6.84089     0.587785    0.0965934
1998-12-03/17:31:33      109.490     -36.5500      9.02000      122.000      5.61617     0.529919    0.0831262
1998-12-03/17:31:35      108.960     -36.9100      9.02000      120.000      9.72750     0.500000     0.147031
1998-12-03/17:31:38      108.780     -37.1400      9.02000      119.000      9.91503     0.484810     0.151353
1998-12-03/17:31:40      108.950     -37.2300      9.02000      120.000      21.9826     0.500000     0.332267
1998-12-03/17:31:43      109.020     -37.3100      9.01000      113.000      17.3017     0.390731     0.277966
1998-12-03/17:31:45      108.990     -37.3700      9.01000      117.000      22.6838     0.453991     0.352756
1998-12-03/17:31:48      108.900     -37.4800      9.00000      115.000      8.59661     0.422618     0.135982
1998-12-03/17:31:50      108.740     -37.6600      8.99000      116.000      21.9194     0.438371     0.343848
1998-12-03/17:31:53      108.390     -37.9100      8.97000      115.000      22.3924     0.422618     0.354204
1998-12-03/17:31:55      107.800     -38.2400      8.96000      126.000      7.89555     0.587785     0.111485
1998-12-03/17:31:58      107.600     -38.4500      8.96000      102.000      19.1297     0.207912     0.326580
1998-12-03/17:32:00      107.890     -38.4800      8.96000      122.000      7.74172     0.529919     0.114587
1998-12-03/17:32:03      107.770     -38.6300      8.97000      103.000      7.87753     0.224951     0.133965
1998-12-03/17:32:05      107.270     -38.8600      8.99000      124.000      5.87619     0.559193    0.0850251
1998-12-03/17:32:07      106.880     -39.0800      9.00000      114.000      9.08406     0.406737     0.144840
1998-12-03/17:32:10      107.300     -39.0900      9.01000      132.000      8.05910     0.669131     0.104529
1998-12-03/17:32:12      107.490     -39.1600      9.02000      108.000      7.94143     0.309017     0.131820
1998-12-03/17:32:15      106.890     -39.4300      9.01000      134.000      5.00893     0.694658    0.0628864
1998-12-03/17:32:17      106.530     -39.6400      9.00000      135.000      8.57594     0.707107     0.105839
1998-12-03/17:32:20      107.020     -39.6200      8.98000      136.000      4.01277     0.719340    0.0486511
1998-12-03/17:32:22      107.300     -39.6600      8.96000      133.000      7.86042     0.681998     0.100335
1998-12-03/17:32:25      106.650     -39.9500      8.93000      134.000      5.43402     0.694658    0.0682233
1998-12-03/17:32:27      106.150     -40.2100      8.91000      130.000      9.83340     0.642788     0.131473
1998-12-03/17:32:30      106.300     -40.3000      8.89000      126.000      5.86017     0.587785    0.0827456
1998-12-03/17:32:32      106.300     -40.4300      8.88000      118.000      6.71855     0.469472     0.103535
1998-12-03/17:32:35      105.610     -40.7400      8.87000      118.000      7.99793     0.469472     0.123251
1998-12-03/17:32:37      105.130     -40.9900      8.87000      117.000      8.84479     0.453991     0.137545
1998-12-03/17:32:40      105.670     -41.0200      8.87000      116.000      8.29996     0.438371     0.130201
1998-12-03/17:32:42      106.130     -41.0500      8.87000      116.000      10.7139     0.438371     0.168068
1998-12-03/17:32:45      106.140     -41.0900      8.87000      152.000      12.5349     0.882948     0.102709
1998-12-03/17:32:47      106.130     -41.1500      8.87000      162.000      20.5418     0.951056     0.110789
1998-12-03/17:32:50      106.000     -41.3000      8.86000      162.000      22.3440     0.951056     0.120509
1998-12-03/17:32:52      105.850     -41.4500      8.85000      166.000      45.0000     0.970296     0.190005
1998-12-03/22:18:43      292.060      9.79000      8.84000      106.000      2.84991     0.275637    0.0478135
1998-12-03/22:18:46      291.730      9.94000      8.83000      106.000      3.45951     0.275637    0.0580408
1998-12-03/22:18:48      291.610      10.0400      8.83000      108.000      2.88853     0.309017    0.0479469
1998-12-03/22:18:51      291.590      10.1200      8.83000      109.000      3.32780     0.325568    0.0549167
1998-12-03/22:18:53      291.470      10.2200      8.83000      110.000      2.83141     0.342020    0.0464372
1998-12-03/22:18:56      291.290      10.3300      8.84000      108.000      3.59103     0.309017    0.0596077
1998-12-03/22:18:58      291.110      10.4600      8.84000      109.000      3.18880     0.325568    0.0526229
1998-12-03/22:19:01      290.930      10.6100      8.84000      107.000      4.19933     0.292372    0.0700896
1998-12-03/22:19:03      290.660      10.7200      8.84000      104.000      4.10868     0.241922    0.0695799
1998-12-03/22:19:06      290.340      10.8200      8.84000      104.000      5.59382     0.241922    0.0947305
1998-12-03/22:19:08      289.930      10.8800      8.84000      103.000      4.49561     0.224951    0.0764522
1998-12-03/22:19:11      289.470      10.9200      8.84000      103.000      4.99506     0.224951    0.0849458
1998-12-03/22:19:13      289.030      10.9800      8.84000      99.0000      4.38296     0.156434    0.0755553
1998-12-03/22:19:16      288.590      11.0600      8.84000      98.0000      5.29420     0.139173    0.0915020
1998-12-03/22:19:18      288.250      11.2000      8.83000      91.0000      2.05850    0.0174525    0.0359221
1998-12-03/22:19:21      287.970      11.3800      8.83000      96.0000      4.68463     0.104529    0.0813143
1998-12-03/22:19:23      288.460      11.5200      8.82000      95.0000      4.02193    0.0871559    0.0699288
1998-12-03/22:19:26      289.440      11.6200      8.82000      109.000      5.14260     0.325568    0.0848653
1998-12-03/22:19:28      290.000      11.7400      8.83000      115.000      4.02131     0.422618    0.0636093
1998-12-03/22:19:31      290.280      11.8700      8.84000      117.000      4.65407     0.453991    0.0723754
1998-12-03/22:19:33      290.130      12.0100      8.85000      114.000      2.09785     0.406737    0.0334489
1998-12-03/22:19:36      289.680      12.1700      8.87000      114.000      2.54404     0.406737    0.0405631
1998-12-03/22:19:38      289.310      12.3900      8.89000      114.000      2.00852     0.406737    0.0320246
1998-12-03/22:19:41      289.000      12.6700      8.91000      111.000      2.32941     0.358368    0.0379555
1998-12-03/22:19:43      288.480      12.9000      8.94000      109.000      2.46527     0.325568    0.0406829
1998-12-03/22:19:45      287.890      13.0800      8.96000      106.000      2.68499     0.275637    0.0450466
1998-12-03/22:19:48      287.490      13.2700      8.99000      107.000      1.99452     0.292372    0.0332899
1998-12-03/22:19:50      287.450      13.4500      9.02000      104.000      2.10729     0.241922    0.0356867
1998-12-03/22:19:53      287.260      13.5900      9.04000      107.000      1.99452     0.292372    0.0332899
1998-12-03/22:19:55      286.830      13.6900      9.05000      106.000      2.31977     0.275637    0.0389192
1998-12-03/22:19:58      286.920      13.8100      9.06000      106.000      2.31977     0.275637    0.0389192
1998-12-03/22:20:00      287.800      13.9700      9.06000      102.000      1.49575     0.207912    0.0255353
1998-12-03/22:20:03      288.480      14.1100      9.05000      103.000      1.73153     0.224951    0.0294463
1998-12-03/22:20:05      288.850      14.2200      9.04000      98.0000      2.54772     0.139173    0.0440334
1998-12-03/22:20:08      288.970      14.3700      9.02000      99.0000      2.49419     0.156434    0.0429959
1998-12-03/22:20:10      288.670      14.5700      9.01000      95.0000      2.51147    0.0871559    0.0436666
1998-12-03/22:20:13      288.400      14.7400      9.00000      97.0000      2.99788     0.121869    0.0519329
1998-12-03/22:20:15      288.210      14.8700      9.00000      92.0000      1.97205    0.0348995    0.0343978
1998-12-03/22:20:18      287.870      15.0000      8.99000      111.000      2.39953     0.358368    0.0390981
1998-12-03/22:20:20      287.240      15.1100      8.98000      108.000      2.88853     0.309017    0.0479469
1998-12-03/22:20:23      286.870      15.2100      8.97000      113.000      2.02531     0.390731    0.0325383
1998-12-03/22:20:25      287.010      15.2900      8.96000      111.000      2.16209     0.358368    0.0352292
1998-12-03/22:20:28      286.900      15.3700      8.95000      116.000      2.75008     0.438371    0.0431403
1998-12-03/22:20:30      286.340      15.4600      8.93000      112.000      1.56737     0.374607    0.0253638
1998-12-03/22:20:33      285.990      15.5500      8.91000      115.000      2.36999     0.422618    0.0374886
1998-12-03/22:20:35      286.070      15.6500      8.90000      113.000      1.46827     0.390731    0.0235890
1998-12-03/22:20:38      286.160      15.7600      8.90000      114.000      1.76200     0.406737    0.0280940
1998-12-03/22:20:40      286.270      15.8900      8.89000      111.000      1.92688     0.358368    0.0313967
1998-12-03/22:20:43      286.280      16.0100      8.89000      113.000      1.39088     0.390731    0.0223457
1998-12-03/22:20:45      286.060      16.1400      8.89000      111.000      1.76109     0.358368    0.0286953
1998-12-03/22:20:47      286.010      16.2700      8.88000      112.000      1.42458     0.374607    0.0230531
1998-12-03/22:20:50      286.350      16.4100      8.87000      111.000      1.76109     0.358368    0.0286953
1998-12-03/22:20:52      286.500      16.5500      8.85000      114.000      1.67200     0.406737    0.0266590
1998-12-03/22:20:55      286.180      16.7000      8.84000      112.000      1.47353     0.374607    0.0238453
1998-12-03/22:20:57      286.070      16.8300      8.81000      115.000      2.26287     0.422618    0.0357942
1998-12-03/22:21:00      286.500      16.9400      8.79000      114.000      1.58638     0.406737    0.0252938
1998-12-03/22:21:02      286.740      17.0500      8.76000      115.000      2.26287     0.422618    0.0357942
1998-12-03/22:21:06      286.320      17.1800      8.73000      112.000      1.61897     0.374607    0.0261988
1998-12-03/22:21:08      285.680      17.2600      8.71000      114.000      1.76200     0.406737    0.0280940
1998-12-03/22:21:11      284.790      17.3300      8.69000      111.000      2.16209     0.358368    0.0352292
1998-12-03/22:21:23      284.380      17.7000      8.68000      111.000      1.97620     0.358368    0.0322003
1998-12-03/22:21:26      285.030      17.8500      8.66000      112.000      1.56737     0.374607    0.0253638
1998-12-03/22:21:28      285.190      17.9900      8.67000      112.000      1.47353     0.374607    0.0238453
1998-12-03/22:21:30      284.880      18.1000      8.68000      110.000      2.32336     0.342020    0.0381048
1998-12-03/22:21:33      284.610      18.2100      8.69000      112.000      1.61897     0.374607    0.0261988
1998-12-03/22:21:35      284.370      18.3100      8.70000      109.000      2.51082     0.325568    0.0414346
1998-12-03/22:21:38      284.400      18.4200      8.71000      111.000      2.09106     0.358368    0.0340718
1998-12-03/22:21:40      284.720      18.5400      8.71000      108.000      2.79788     0.309017    0.0464422
1998-12-03/22:21:43      284.400      18.6400      8.70000      109.000      2.83748     0.325568    0.0468253
1998-12-03/22:21:45      283.390      18.7400      8.69000      107.000      2.72835     0.292372    0.0455380
1998-12-03/22:21:48      282.730      18.8200      8.67000      110.000      2.65743     0.342020    0.0435838
1998-12-03/22:21:50      282.490      18.8700      8.64000      107.000      2.80513     0.292372    0.0468195
1998-12-03/22:21:53      282.630      19.0000      8.61000      108.000      2.85097     0.309017    0.0473234
1998-12-03/22:21:55      283.240      19.2400      8.58000      107.000      3.13206     0.292372    0.0522762
1998-12-03/22:21:58      283.550      19.4300      8.54000      109.000      2.97829     0.325568    0.0491490
1998-12-03/22:22:00      283.470      19.5700      8.51000      106.000      3.45951     0.275637    0.0580408
1998-12-03/22:22:03      283.410      19.6900      8.48000      107.000      3.29316     0.292372    0.0549650
1998-12-03/22:22:05      283.370      19.8100      8.46000      104.000      3.29861     0.241922    0.0558615
1998-12-03/22:22:08      283.340      19.9300      8.44000      107.000      3.29316     0.292372    0.0549650
1998-12-03/22:22:10      283.310      20.0500      8.43000      104.000      3.29861     0.241922    0.0558615
1998-12-03/22:22:13      283.390      20.1900      8.42000      107.000      3.13206     0.292372    0.0522762
1998-12-03/22:22:15      283.620      20.3500      8.43000      106.000      3.50255     0.275637    0.0587629
1998-12-03/22:22:18      283.490      20.4600      8.43000      109.000      3.11900     0.325568    0.0514710
1998-12-03/22:22:20      282.800      20.5000      8.44000      109.000      3.32780     0.325568    0.0549167
1998-12-03/22:22:23      282.580      20.5800      8.45000      110.000      3.00121     0.342020    0.0492220
1998-12-03/22:22:25      283.020      20.7000      8.46000      109.000      3.32780     0.325568    0.0549167
1998-12-03/22:22:27      283.500      20.8400      8.47000      111.000      2.43529     0.358368    0.0396807
1998-12-03/22:22:30      283.860      20.9600      8.49000      108.000      3.35424     0.309017    0.0556773
1998-12-03/22:22:32      284.110      21.0600      8.50000      111.000      2.41315     0.358368    0.0393200
1998-12-03/22:22:35      283.990      21.1400      8.52000      108.000      3.12735     0.309017    0.0519111
1998-12-03/22:22:37      283.960      21.2300      8.53000      111.000      2.39953     0.358368    0.0390981
1998-12-03/22:22:40      284.230      21.4100      8.53000      108.000      3.20879     0.309017    0.0532629
1998-12-03/22:22:42      284.470      21.5800      8.54000      111.000      2.39953     0.358368    0.0390981
1998-12-03/22:22:45      284.560      21.7100      8.55000      109.000      3.04196     0.325568    0.0501997
1998-12-03/22:22:47      284.540      21.8300      8.56000      111.000      2.32941     0.358368    0.0379555
1998-12-03/22:22:50      284.070      21.9200      8.56000      109.000      3.11900     0.325568    0.0514710
1998-12-03/22:22:52      283.750      22.0300      8.57000      111.000      2.25057     0.358368    0.0366709
1998-12-03/22:22:55      284.070      22.2200      8.58000      110.000      2.83141     0.342020    0.0464372
1998-12-03/22:22:57      284.380      22.4000      8.59000      109.000      2.93767     0.325568    0.0484786
1998-12-03/22:23:00      284.720      22.5200      8.59000      106.000      3.37382     0.275637    0.0566032
1998-12-03/22:23:02      285.010      22.6500      8.57000      104.000      2.85144     0.241922    0.0482887
1998-12-03/22:23:05      285.090      22.8200      8.55000      103.000      2.73067     0.224951    0.0464377
1998-12-03/22:23:07      285.180      22.9900      8.52000      101.000      1.95756     0.190809    0.0335381
1998-12-03/22:23:10      285.270      23.1400      8.50000      102.000      2.36358     0.207912    0.0403508
1998-12-03/22:23:15      284.820      23.4100      8.48000      95.0000      3.49480    0.0871559    0.0607637
1998-12-03/22:23:25      284.760      23.9200      8.46000      94.0000      3.60684    0.0697566    0.0627979
1998-12-03/22:23:32      284.500      24.3300      8.45000      98.0000      3.57425     0.139173    0.0617753
1998-12-03/22:23:34      284.760      24.4900      8.44000      104.000      3.65734     0.241922    0.0619365
1998-12-03/22:23:37      284.940      24.6500      8.43000      110.000      3.10278     0.342020    0.0508879
1998-12-03/22:23:39      284.470      24.7500      8.43000      112.000      2.54874     0.374607    0.0412448
1998-12-03/22:23:42      284.020      24.8600      8.42000      118.000      3.10994     0.469472    0.0479252
1998-12-03/22:23:44      283.920      24.9600      8.41000      119.000      3.29344     0.484810    0.0502743
1998-12-03/22:23:46      283.790      25.0800      8.41000      122.000      2.56560     0.529919    0.0379740
1998-12-03/22:23:49      283.660      25.2000      8.41000      120.000      3.24624     0.500000    0.0490669
1998-12-03/22:23:51      283.540      25.3100      8.41000      122.000      2.40317     0.529919    0.0355699
1998-12-03/22:23:54      283.060      25.3900      8.41000      123.000      2.22103     0.544639    0.0325105
1998-12-03/22:23:56      282.520      25.4700      8.41000      123.000      1.90567     0.544639    0.0278944
1998-12-03/22:23:59      282.780      25.6800      8.41000      122.000      2.56560     0.529919    0.0379740
1998-12-03/22:24:01      283.180      25.9000      8.42000      123.000      1.76984     0.544639    0.0259061
1998-12-03/22:24:04      283.140      26.0700      8.42000      120.000      3.05288     0.500000    0.0461443
1998-12-03/22:24:06      283.010      26.2200      8.43000      122.000      2.19844     0.529919    0.0325396
1998-12-03/22:24:09      283.450      26.3900      8.44000      119.000      2.72378     0.484810    0.0415785
1998-12-03/22:24:11      284.000      26.5700      8.46000      119.000      2.45967     0.484810    0.0375468
1998-12-03/22:24:14      284.630      26.7500      8.48000      116.000      2.47717     0.438371    0.0388592
1998-12-03/22:24:16      285.290      26.9300      8.50000      117.000      2.05042     0.453991    0.0318861
1998-12-03/22:24:19      285.670      27.0600      8.51000      115.000      2.04489     0.422618    0.0323462
1998-12-03/22:24:21      285.990      27.1900      8.53000      117.000      2.18261     0.453991    0.0339418
1998-12-03/22:24:24      286.060      27.3100      8.54000      112.000      1.68015     0.374607    0.0271889
1998-12-03/22:24:26      286.080      27.4400      8.57000      115.000      2.62014     0.422618    0.0414455
1998-12-03/22:24:29      286.380      27.5900      8.59000      109.000      3.11900     0.325568    0.0514710
1998-12-03/22:24:31      286.760      27.7500      8.60000      110.000      3.03986     0.342020    0.0498559
1998-12-03/22:24:34      286.710      27.9000      8.61000      94.0000      3.35741    0.0697566    0.0584551
1998-12-03/22:24:36      286.540      28.0400      8.61000      94.0000      3.35741    0.0697566    0.0584551
1998-12-03/22:24:44      286.410      28.4700      8.62000      95.0000      3.29517    0.0871559    0.0572927
1998-12-03/22:24:46      286.360      28.6900      8.62000      105.000      3.60824     0.258819    0.0608298
1998-12-03/22:24:49      284.150      28.7500      8.62000      102.000      2.45751     0.207912    0.0419544
1998-12-03/22:24:51      281.180      28.7600      8.60000      110.000      3.45863     0.342020    0.0567241
1998-12-03/22:25:32      283.730      31.9100      8.59000      118.000      2.52996     0.469472    0.0389875
1998-12-03/22:25:34      284.130      31.9800      8.58000      116.000      2.35343     0.438371    0.0369181
1998-12-03/22:25:37      284.530      32.0500      8.58000      117.000      2.18261     0.453991    0.0339418
1998-12-03/22:25:39      285.290      32.1800      8.59000      115.000      2.04489     0.422618    0.0323462
1998-12-03/22:25:42      286.050      32.3100      8.60000      115.000      1.78727     0.422618    0.0282711
1998-12-03/22:25:44      286.270      32.4500      8.63000      113.000      1.31741     0.390731    0.0211653
1998-12-03/22:25:47      286.480      32.6000      8.66000      112.000      1.33425     0.374607    0.0215914
1998-12-03/22:25:49      286.550      32.7700      8.69000      110.000      2.27385     0.342020    0.0372928
1998-12-03/22:25:52      286.620      32.9300      8.72000      110.000      2.20291     0.342020    0.0361293
1998-12-03/22:25:54      286.000      33.1600      8.74000      107.000      2.31438     0.292372    0.0386285
1998-12-03/22:25:57      285.360      33.3900      8.75000      108.000      2.42687     0.309017    0.0402838
1998-12-03/22:25:59      284.950      33.6600      8.74000      107.000      2.65356     0.292372    0.0442897
1998-12-03/22:26:02      284.550      33.9300      8.72000      108.000      2.51776     0.309017    0.0417925
1998-12-03/22:26:04      283.800      34.2200      8.68000      107.000      2.65356     0.292372    0.0442897
1998-12-03/22:26:07      283.040      34.5000      8.65000      105.000      2.68027     0.258819    0.0451856
1998-12-03/22:26:09      283.410      34.6800      8.45000      104.000      2.56031     0.241922    0.0433585
1998-12-03/22:26:12      283.850      34.8600      8.40000      102.000      1.55031     0.207912    0.0264667
1998-12-03/22:26:14      284.140      34.9800      8.36000      102.000      1.60103     0.207912    0.0273326
1998-12-03/22:26:17      284.410      35.1000      8.32000      102.000      1.60103     0.207912    0.0273326
1998-12-03/22:26:19      284.090      35.2400      8.28000      102.000      1.65815     0.207912    0.0283078
1998-12-03/22:26:22      283.710      35.3800      8.25000      102.000      1.60103     0.207912    0.0273326
1998-12-03/22:31:07      280.690      48.0800      8.23000      102.000      2.97429     0.207912    0.0507768
1998-12-03/22:31:10      281.730      48.3900      8.22000      112.000      3.13059     0.374607    0.0506605
1998-12-03/22:31:12      282.760      48.6900      8.22000      109.000      4.13709     0.325568    0.0682720
1998-12-03/22:31:15      283.750      48.9200      8.25000      115.000      3.88985     0.422618    0.0615299
1998-12-03/22:31:17      284.670      49.1400      8.29000      108.000      4.07119     0.309017    0.0675780
1998-12-03/22:31:20      285.070      49.3100      8.36000      112.000      2.95217     0.374607    0.0477732
1998-12-03/22:31:22      285.410      49.4900      8.43000      107.000      4.19933     0.292372    0.0700896
1998-12-03/22:31:25      285.310      49.6700      8.49000      112.000      2.74726     0.374607    0.0444573
1998-12-03/22:31:27      285.230      49.8600      8.55000      107.000      4.34779     0.292372    0.0725675
1998-12-03/22:31:29      285.330      50.0600      8.61000      109.000      3.63450     0.325568    0.0599780
1998-12-03/22:31:32      285.460      50.2600      8.66000      102.000      2.85176     0.207912    0.0486850
1998-12-03/22:31:34      285.750      50.4300      8.69000      102.000      2.85176     0.207912    0.0486850
1998-12-03/22:31:37      286.010      50.5900      8.71000      99.0000      3.45414     0.156434    0.0595439
1998-12-03/22:31:39      285.890      50.7600      8.70000      102.000      2.56531     0.207912    0.0437947
1998-12-03/22:31:41      285.790      50.8900      8.70000      102.000      2.65735     0.207912    0.0453660
1998-12-03/22:31:44      286.080      51.0500      8.70000      105.000      4.30197     0.258819    0.0725251
1998-12-03/22:31:46      286.430      51.2000      8.69000      104.000      4.43739     0.241922    0.0751466
1998-12-03/22:31:49      286.670      51.3200      8.69000      110.000      4.01453     0.342020    0.0658412
1998-12-03/22:31:51      286.890      51.4200      8.70000      108.000      5.69753     0.309017    0.0945737
1998-12-03/22:31:54      286.690      51.4300      8.71000      112.000      3.80142     0.374607    0.0615161
1998-12-03/22:31:56      286.410      51.4300      8.72000      111.000      3.72656     0.358368    0.0607208
1998-12-03/22:31:59      286.160      51.5200      8.73000      114.000      3.37699     0.406737    0.0538440
1998-12-03/22:32:01      285.910      51.6300      8.73000      115.000      4.36896     0.422618    0.0691084
1998-12-03/22:32:04      286.420      51.7000      8.73000      117.000      4.65407     0.453991    0.0723754
1998-12-03/22:32:06      287.100      51.7700      8.73000      115.000      4.53078     0.422618    0.0716681
1998-12-03/22:32:09      287.300      51.8600      8.74000      117.000      6.40714     0.453991    0.0996374
1998-12-03/22:32:11      287.380      51.9700      8.74000      115.000      6.18140     0.422618    0.0977777
1998-12-03/22:32:14      287.430      52.0700      8.74000      131.000      4.49430     0.656059    0.0591997
1998-12-03/22:32:16      287.470      52.1700      8.75000      129.000      5.44054     0.629321    0.0737941
1998-12-03/22:32:19      287.370      52.2800      8.77000      131.000      4.20512     0.656059    0.0553905
1998-12-03/22:32:21      287.230      52.3900      8.78000      127.000      4.46316     0.601815    0.0622112
1998-12-03/22:32:24      287.270      52.5500      8.79000      128.000      3.76307     0.615661    0.0517549
1998-12-03/22:32:26      287.360      52.7200      8.80000      125.000      2.77985     0.573576    0.0397432
1998-12-03/22:32:29      287.240      52.9200      8.79000      126.000      2.90571     0.587785    0.0410286
1998-12-03/22:32:31      287.050      53.1300      8.77000      121.000      3.13232     0.515038    0.0468607
1998-12-03/22:32:34      287.080      53.3000      8.76000      122.000      2.40317     0.529919    0.0355699
1998-12-03/22:32:36      287.180      53.4500      8.74000      116.000      3.56278     0.438371    0.0558890
1998-12-03/22:32:39      287.250      53.6500      8.73000      118.000      3.56851     0.469472    0.0549920
1998-12-03/22:32:41      287.300      53.8700      8.73000      115.000      4.24559     0.422618    0.0671570
1998-12-03/22:32:44      287.550      54.0800      8.74000      116.000      4.18389     0.438371    0.0656323
1998-12-03/22:32:46      287.880      54.2800      8.76000      114.000      3.93486     0.406737    0.0627389
1998-12-03/22:32:49      287.830      54.4700      8.78000      116.000      4.46577     0.438371    0.0700542
1998-12-03/22:32:51      287.630      54.6600      8.80000      113.000      2.53069     0.390731    0.0406577
1998-12-03/22:32:54      287.550      54.8400      8.82000      114.000      2.26885     0.406737    0.0361754
1998-12-03/22:32:56      287.510      55.0200      8.85000      112.000      2.09250     0.374607    0.0338617
1998-12-03/22:32:58      287.410      55.2800      8.87000      113.000      1.82806     0.390731    0.0293693
1998-12-03/22:33:02      287.230      55.6800      8.88000      111.000      2.41315     0.358368    0.0393200
1998-12-03/22:33:04      287.210      55.8400      8.91000      113.000      1.87336     0.390731    0.0300971
1998-12-03/22:33:07      287.200      56.0000      8.93000      111.000      2.59786     0.358368    0.0423297
1998-12-03/22:33:09      287.420      56.0600      8.95000      113.000      1.97323     0.390731    0.0317016
1998-12-03/22:33:12      287.620      56.1300      8.96000      112.000      2.39763     0.374607    0.0387994
1998-12-03/22:33:14      287.250      56.2300      8.96000      114.000      2.74282     0.406737    0.0437326
1998-12-03/22:33:17      286.880      56.3300      8.95000      113.000      2.64073     0.390731    0.0424255
1998-12-03/22:33:19      286.690      56.4700      8.93000      116.000      3.89243     0.438371    0.0610602
1998-12-03/22:33:22      286.520      56.6100      8.90000      114.000      2.97444     0.406737    0.0474256
1998-12-03/22:33:24      286.630      56.7700      8.87000      116.000      3.12038     0.438371    0.0489491
1998-12-03/22:33:27      286.740      56.9400      8.83000      115.000      2.78826     0.422618    0.0441048
1998-12-03/22:33:29      287.000      57.0100      8.81000      117.000      2.81654     0.453991    0.0438000
1998-12-03/22:33:32      287.250      57.0800      8.79000      115.000      3.00722     0.422618    0.0475684
1998-12-03/22:33:34      287.250      57.2400      8.78000      117.000      3.60112     0.453991    0.0560010
1998-12-03/22:33:37      287.240      57.4000      8.76000      116.000      4.18389     0.438371    0.0656323
1998-12-03/22:33:39      287.490      57.6600      8.75000      117.000      4.15842     0.453991    0.0646676
1998-12-03/22:33:42      287.740      57.9100      8.73000      116.000      4.46577     0.438371    0.0700542
1998-12-03/22:33:44      286.870      58.2000      8.72000      118.000      3.73865     0.469472    0.0576139
1998-12-03/22:33:47      285.980      58.4800      8.71000      118.000      3.91119     0.469472    0.0602728
1998-12-03/22:33:49      285.790      58.5800      8.71000      118.000      3.56851     0.469472    0.0549920
1998-12-03/22:33:52      285.640      58.6800      8.71000      117.000      4.00009     0.453991    0.0622054
1998-12-03/22:33:54      285.750      58.8100      8.71000      117.000      3.60112     0.453991    0.0560010
1998-12-03/22:33:57      285.880      58.9400      8.72000      115.000      3.24076     0.422618    0.0512625
1998-12-03/22:33:59      285.670      58.9900      8.72000      116.000      3.56278     0.438371    0.0558890
1998-12-03/22:34:02      285.450      59.0400      8.71000      115.000      3.34448     0.422618    0.0529032
1998-12-03/22:34:04      285.700      59.1000      8.70000      117.000      4.00009     0.453991    0.0622054
1998-12-03/22:34:07      285.990      59.1700      8.69000      117.000      4.15842     0.453991    0.0646676
1998-12-03/22:34:09      286.550      59.2700      8.69000      120.000      3.57647     0.500000    0.0540583
1998-12-03/22:34:12      287.130      59.3700      8.68000      118.000      4.34637     0.469472    0.0669791
1998-12-03/22:34:14      287.010      59.5100      8.69000      121.000      3.23298     0.515038    0.0483666
1998-12-03/22:34:16      286.810      59.6600      8.70000      119.000      3.85064     0.484810    0.0587800
1998-12-03/22:34:19      286.680      59.8000      8.70000      121.000      3.31091     0.515038    0.0495325
1998-12-03/22:34:21      286.590      59.9200      8.70000      119.000      4.13137     0.484810    0.0630653
1998-12-03/22:34:23      286.530      60.0300      8.71000      120.000      3.73037     0.500000    0.0563845
1998-12-03/22:34:26      286.480      60.1300      8.72000      120.000      4.12284     0.500000    0.0623167
1998-12-03/22:34:28      286.370      60.2400      8.71000      120.000      3.88265     0.500000    0.0586862
1998-12-03/22:34:31      286.210      60.3700      8.70000      119.000      4.29604     0.484810    0.0655790
1998-12-03/22:34:33      286.040      60.4600      8.69000      121.000      3.43143     0.515038    0.0513355
1998-12-03/22:34:36      285.870      60.5400      8.68000      121.000      3.31091     0.515038    0.0495325
1998-12-03/22:34:38      286.160      60.5900      8.67000      123.000      2.53819     0.544639    0.0371529
1998-12-03/22:34:41      286.680      60.6300      8.66000      125.000      3.85072     0.573576    0.0550534
1998-12-03/22:34:43      287.190      60.7000      8.65000      127.000      4.74053     0.601815    0.0660774
1998-12-03/22:34:46      287.690      60.7700      8.63000      126.000      6.22073     0.587785    0.0878368
1998-12-03/22:34:48      288.010      60.9200      8.61000      131.000      6.56013     0.656059    0.0864111
1998-12-03/22:34:51      288.220      61.1100      8.59000      141.000      8.59552     0.777146    0.0944107
1998-12-03/22:34:53      288.250      61.2900      8.56000      143.000      7.10765     0.798636    0.0746563
1998-12-03/22:34:56      288.190      61.4600      8.54000      138.000      7.63842     0.743145    0.0892055
1998-12-03/22:34:58      287.920      61.6500      8.53000      126.000      6.55871     0.587785    0.0926090
1998-12-03/22:35:01      287.520      61.8400      8.53000      118.000      7.99793     0.469472     0.123251
1998-12-03/22:35:03      287.210      62.0100      8.53000      117.000      7.70864     0.453991     0.119877
1998-12-03/22:35:06      286.950      62.1500      8.53000      114.000      6.39498     0.406737     0.101964
1998-12-03/22:35:08      287.010      62.2400      8.52000      115.000      5.53081     0.422618    0.0874866
1998-12-03/22:35:11      287.280      62.2900      8.51000      114.000      5.47039     0.406737    0.0872220
1998-12-03/22:35:13      287.500      62.3400      8.52000      117.000      5.81150     0.453991    0.0903746
1998-12-03/22:35:16      287.690      62.4000      8.52000      118.000      4.98984     0.469472    0.0768951
1998-12-03/22:35:18      287.850      62.5000      8.53000      125.000      3.61859     0.573576    0.0517346
1998-12-03/22:35:21      288.000      62.6400      8.55000      125.000      3.61859     0.573576    0.0517346
1998-12-03/22:35:23      288.100      62.7700      8.58000      125.000      3.38424     0.573576    0.0483841
1998-12-03/22:35:26      288.160      62.8800      8.61000      124.000      2.94981     0.559193    0.0426821
1998-12-03/22:35:28      288.230      62.9700      8.63000      125.000      2.96422     0.573576    0.0423792
1998-12-03/22:35:31      288.320      63.0500      8.64000      127.000      4.74053     0.601815    0.0660774
1998-12-03/22:35:33      288.640      63.1000      8.65000      130.000      4.50733     0.642788    0.0602630
1998-12-03/22:35:36      289.180      63.1200      8.65000      133.000      3.45868     0.681998    0.0441484
1998-12-03/22:35:38      289.780      63.1700      8.66000      135.000      3.60312     0.707107    0.0444673
1998-12-03/22:35:40      290.340      63.2400      8.67000      136.000      5.09926     0.719340    0.0618238
1998-12-03/22:35:43      290.900      63.3300      8.68000      137.000      7.46158     0.731354    0.0888160
1998-12-03/22:35:45      291.350      63.4400      8.70000      140.000      11.2951     0.766045     0.126717
1998-12-03/22:35:48      291.740      63.5600      8.72000      144.000      13.0306     0.809017     0.133678
1998-12-03/22:35:50      292.060      63.7000      8.75000      147.000      13.7508     0.838671     0.130712
1998-12-03/22:35:53      292.330      63.8400      8.76000      149.000      15.2095     0.857167     0.136720
1998-12-03/22:52:52      101.060      67.1700      8.77000      132.000      5.94674     0.669131    0.0771312
1998-12-03/22:52:54      100.600      67.1000      8.78000      134.000      3.99895     0.694658    0.0502062
1998-12-03/22:52:57      101.550      66.9000      8.79000      132.000      4.84587     0.669131    0.0628525
1998-12-03/22:52:59      102.380      66.6900      8.80000      133.000      4.90012     0.681998    0.0625477
1998-12-03/22:53:02      102.800      66.4100      8.81000      133.000      5.17562     0.681998    0.0660644
1998-12-03/22:53:04      103.130      66.1300      8.83000      135.000      3.84070     0.707107    0.0473994
1998-12-03/22:53:07      103.160      65.9000      8.84000      133.000      4.62152     0.681998    0.0589915
1998-12-03/22:53:09      103.180      65.6600      8.84000      134.000      3.99895     0.694658    0.0502062
1998-12-03/22:53:12      103.110      65.4100      8.84000      133.000      4.62152     0.681998    0.0589915
1998-12-03/22:53:14      103.000      65.1600      8.85000      134.000      3.27043     0.694658    0.0410597
1998-12-03/22:53:17      102.640      64.9500      8.87000      133.000      4.47367     0.681998    0.0571043
1998-12-03/22:53:19      102.310      64.7600      8.89000      134.000      3.50852     0.694658    0.0440489
1998-12-03/22:53:22      102.160      64.6400      8.91000      132.000      5.05634     0.669131    0.0655824
1998-12-03/22:53:24      102.020      64.5200      8.93000      134.000      3.75230     0.694658    0.0471096
1998-12-03/22:53:27      101.910      64.3800      8.94000      131.000      5.91848     0.656059    0.0779592
1998-12-03/22:53:29      101.780      64.2500      8.95000      130.000      5.41771     0.642788    0.0724348
1998-12-03/22:53:32      101.470      64.1700      8.96000      127.000      5.79770     0.601815    0.0808131
1998-12-03/22:53:34      101.210      64.1100      8.96000      128.000      5.87966     0.615661    0.0808652
1998-12-03/22:53:37      101.260      64.1800      8.97000      127.000      5.79770     0.601815    0.0808131
1998-12-03/22:53:39      101.470      64.2100      8.99000      134.000      4.40170     0.694658    0.0552627
1998-12-03/22:53:42      102.770      63.9600      9.02000      133.000      5.70103     0.681998    0.0727710
1998-12-03/22:53:44      103.900      63.6900      9.04000      138.000      6.83281     0.743145    0.0797972
1998-12-03/22:53:47      103.730      63.2900      9.06000      136.000      5.20529     0.719340    0.0631093
1998-12-03/22:53:49      103.420      62.8900      9.06000      136.000      4.65822     0.719340    0.0564766
1998-12-03/22:53:52      101.940      62.6300      9.06000      132.000      4.47968     0.669131    0.0581029
1998-12-03/22:53:54      100.470      62.3900      9.03000      132.000      4.03781     0.669131    0.0523717
1998-12-03/22:53:56      99.0600      62.4000      8.99000      127.000      4.27100     0.601815    0.0595327
1998-12-03/22:53:59      97.7000      62.4100      8.95000      128.000      3.07219     0.615661    0.0422530
1998-12-03/22:54:01      96.8600      62.5700      10.2700      125.000      1.91644     0.573576    0.0273992
1998-12-03/22:54:04      96.1100      62.7100      10.3000      123.000      1.61630     0.544639    0.0236587
1998-12-03/22:54:06      96.7600      62.7400      10.3000      122.000      2.07130     0.529919    0.0306578
1998-12-03/22:54:09      97.3900      62.7700      10.3200      124.000      1.50721     0.559193    0.0218085
1998-12-03/22:54:11      97.7800      62.7300      10.3500      122.000      2.11743     0.529919    0.0313406
1998-12-03/22:54:15      98.3300      62.6900      10.3400      123.000      1.71277     0.544639    0.0250708
1998-12-03/22:54:17      98.8400      62.6700      10.2900      122.000      2.11743     0.529919    0.0313406
1998-12-03/22:54:20      99.4100      62.6000      10.2400      125.000      2.01076     0.573576    0.0287476
1998-12-03/22:54:22      100.080      62.4400      10.2000      124.000      1.47084     0.559193    0.0212822
1998-12-03/22:54:25      100.600      62.2600      10.1300      126.000      2.45908     0.587785    0.0347222
1998-12-03/22:54:27      100.860      62.0400      10.0400      126.000      2.27823     0.587785    0.0321686
1998-12-03/22:54:30      100.890      61.8300      10.1400      128.000      2.84796     0.615661    0.0391691
1998-12-03/22:54:32      100.470      61.6700      10.4300      126.000      2.65970     0.587785    0.0375550
1998-12-03/22:54:35      99.8900      61.5600      10.5700      125.000      1.84329     0.573576    0.0263533
1998-12-03/22:54:37      99.0000      61.5900      10.5600      124.000      1.90183     0.559193    0.0275184
1998-12-03/22:54:40      98.3200      61.6100      10.5600      125.000      1.91644     0.573576    0.0273992
1998-12-03/22:54:42      98.1100      61.6200      10.5600      123.000      1.76984     0.544639    0.0259061
1998-12-03/22:54:45      97.9700      61.5800      10.5600      123.000      1.59085     0.544639    0.0232862
1998-12-03/22:54:47      97.9500      61.4600      10.5600      123.000      1.66979     0.544639    0.0244417
1998-12-03/22:54:49      98.0900      61.3000      10.5500      123.000      1.59085     0.544639    0.0232862
1998-12-03/22:54:52      98.5900      61.0400      10.5200      121.000      2.63036     0.515038    0.0393512
1998-12-03/22:54:54      99.0000      60.8100      10.2300      123.000      1.64087     0.544639    0.0240183
1998-12-03/22:54:57      99.1700      60.6600      9.68000      120.000      3.05288     0.500000    0.0461443
1998-12-03/22:54:59      99.1000      60.5400      9.67000      121.000      2.80403     0.515038    0.0419494
1998-12-03/22:55:02      98.3200      60.5200      10.1900      120.000      3.24624     0.500000    0.0490669
1998-12-03/22:55:04      97.5800      60.4800      10.3400      120.000      2.87450     0.500000    0.0434480
1998-12-03/22:55:07      96.9700      60.4000      10.1400      118.000      3.42319     0.469472    0.0527525
1998-12-03/22:55:09      96.7400      60.3000      10.1300      119.000      2.80616     0.484810    0.0428360
1998-12-03/22:55:12      97.6900      60.1200      10.3100      119.000      3.17715     0.484810    0.0484992
1998-12-03/22:55:14      98.4400      59.9500      10.3800      116.000      3.01723     0.438371    0.0473310
1998-12-03/22:55:17      98.5600      59.8200      10.3600      117.000      4.00009     0.453991    0.0622054
1998-12-03/22:55:19      98.5700      59.7000      10.3400      117.000      3.71922     0.453991    0.0578376
1998-12-03/22:55:22      98.2000      59.5800      10.3300      115.000      4.24559     0.422618    0.0671570
1998-12-03/22:55:24      97.8900      59.5100      10.2900      113.000      3.89541     0.390731    0.0625830
1998-12-03/22:55:27      97.8300      59.6000      10.2500      109.000      5.93844     0.325568    0.0979986
1998-12-03/22:55:29      97.8100      59.6700      10.1800      113.000      5.21823     0.390731    0.0838352
1998-12-03/22:55:32      97.9300      59.6600      10.1100      112.000      6.79187     0.374607     0.109909
1998-12-03/22:55:34      98.0100      59.6400      10.1100      116.000      7.09205     0.438371     0.111252
1998-12-03/22:55:36      97.7200      59.3800      10.1400      120.000      6.42175     0.500000    0.0970647
1998-12-03/22:55:39      97.4200      59.1200      10.1200      120.000      4.56678     0.500000    0.0690269
1998-12-03/22:55:41      96.9400      59.0500      10.0700      119.000      6.47383     0.484810    0.0988230
1998-12-03/22:55:44      96.4600      58.9800      10.0300      117.000      5.09721     0.453991    0.0792667
1998-12-03/22:55:46      95.7300      58.9600      9.99000      115.000      5.27870     0.422618    0.0834988
1998-12-03/22:55:49      95.0000      58.9400      9.90000      114.000      4.53015     0.406737    0.0722304
1998-12-03/22:55:51      93.4500      58.9600      10.8200      113.000      4.66686     0.390731    0.0749770
1998-12-03/22:55:54      91.9000      58.9900      10.9900      111.000      3.72656     0.358368    0.0607208
1998-12-03/22:55:56      90.9300      59.0400      11.0500      110.000      4.77781     0.342020    0.0783596
1998-12-03/22:55:59      89.9500      59.0800      10.9800      111.000      3.42468     0.358368    0.0558019
1998-12-03/22:56:01      87.5700      59.0100      11.1700      112.000      3.60949     0.374607    0.0584102
1998-12-03/22:56:04      85.1700      58.9300      11.6100      114.000      2.74282     0.406737    0.0437326
1998-12-03/22:56:06      88.5100      58.8400      11.8300      114.000      2.97444     0.406737    0.0474256
1998-12-03/22:56:09      91.9600      58.7500      11.8500      115.000      3.16159     0.422618    0.0500102
1998-12-03/22:56:11      91.3500      58.6300      11.8400      112.000      2.22430     0.374607    0.0359945
1998-12-03/22:56:14      90.6100      58.5100      11.8100      111.000      2.39953     0.358368    0.0390981
1998-12-03/22:56:16      88.8500      58.4400      11.7300      111.000      2.59786     0.358368    0.0423297
1998-12-03/22:56:19      87.0400      58.3900      11.6100      113.000      1.97323     0.390731    0.0317016
1998-12-03/22:56:46      88.7900      57.4000      11.4700      117.000      5.46353     0.453991    0.0849633
1998-12-03/22:56:48      88.6500      57.1900      11.3200      118.000      4.45736     0.469472    0.0686894
1998-12-03/22:57:05      94.3700      56.3600      11.1100      118.000      5.35676     0.469472    0.0825495
1998-12-03/22:57:08      95.3000      56.1800      10.8400      119.000      4.13137     0.484810    0.0630653
1998-12-03/22:57:10      95.9400      55.9800      10.6100      119.000      5.52790     0.484810    0.0843834
1998-12-03/22:57:13      96.4300      55.7700      10.4100      120.000      4.12284     0.500000    0.0623167
1998-12-03/22:57:15      96.8600      55.5900      10.2100      121.000      4.71276     0.515038    0.0705047
1998-12-03/22:57:18      97.2600      55.4300      10.0000      122.000      3.12708     0.529919    0.0462846
1998-12-03/22:57:20      97.3200      55.2900      9.80000      122.000      3.96800     0.529919    0.0587313
1998-12-03/22:57:23      97.1800      55.1600      9.62000      122.000      3.12708     0.529919    0.0462846
1998-12-03/22:57:25      96.6900      55.0400      9.50000      122.000      3.39229     0.529919    0.0502101
1998-12-03/22:57:28      95.9800      54.9200      9.43000      123.000      2.27303     0.544639    0.0332716
1998-12-03/22:57:30      95.8100      54.7900      9.35000      122.000      3.33634     0.529919    0.0493819
1998-12-03/22:57:33      96.0000      54.6500      9.25000      122.000      2.81476     0.529919    0.0416619
1998-12-03/23:01:44      108.000      38.8600      9.17000      130.000      2.59759     0.642788    0.0347298
1998-12-03/23:01:46      108.050      38.7300      9.10000      131.000      2.54792     0.656059    0.0335616
1998-12-03/23:01:49      108.090      38.6000      9.03000      130.000      2.86654     0.642788    0.0383256
1998-12-03/23:01:51      108.140      38.4500      8.94000      131.000      2.54792     0.656059    0.0335616
1998-12-03/23:01:54      108.190      38.2900      8.82000      128.000      3.45891     0.615661    0.0475717
1998-12-03/23:01:56      108.210      38.1200      8.81000      126.000      2.78934     0.587785    0.0393855
1998-12-03/23:01:59      108.170      37.9800      8.86000      125.000      2.35709     0.573576    0.0336991
1998-12-03/23:02:01      108.140      37.8400      8.98000      125.000      1.91644     0.573576    0.0273992
1998-12-03/23:02:04      108.140      37.7300      9.13000      124.000      1.77427     0.559193    0.0256727
1998-12-03/23:02:06      108.160      37.6200      10.7200      125.000      1.78161     0.573576    0.0254715
1998-12-03/23:02:09      108.200      37.5000      10.8400      125.000      2.01076     0.573576    0.0287476
1998-12-03/23:02:12      108.280      37.3400      10.9600      126.000      2.37413     0.587785    0.0335227
1998-12-03/23:02:15      108.370      37.2000      11.0300      126.000      2.65970     0.587785    0.0375550
1998-12-03/23:02:17      108.440      37.0400      11.1000      126.000      2.45908     0.587785    0.0347222
1998-12-03/23:02:20      108.470      36.8600      11.1300      125.000      2.29797     0.573576    0.0328538
1998-12-03/23:02:22      108.480      36.7000      11.1600      127.000      3.18256     0.601815    0.0443611
1998-12-03/23:02:25      108.480      36.5500      11.1800      126.000      3.29175     0.587785    0.0464795
1998-12-03/23:02:27      108.420      36.4100      11.2000      127.000      3.18256     0.601815    0.0443611
1998-12-03/23:02:29      108.320      36.2700      11.2500      126.000      3.17024     0.587785    0.0447638
1998-12-03/23:02:32      108.250      36.1400      11.3100      127.000      3.45851     0.601815    0.0482075
1998-12-03/23:02:34      108.220      36.0100      11.3400      122.000      2.93854     0.529919    0.0434940
1998-12-03/23:02:37      108.210      35.9000      11.3700      124.000      1.99801     0.559193    0.0289101
1998-12-03/23:02:39      108.220      35.8000      11.4300      122.000      2.93854     0.529919    0.0434940
1998-12-03/23:02:42      108.250      35.7000      11.5100      124.000      1.99801     0.559193    0.0289101
1998-12-03/23:02:44      108.290      35.5900      11.5600      124.000      1.99801     0.559193    0.0289101
1998-12-03/23:02:47      108.330      35.4900      11.6200      130.000      2.80401     0.642788    0.0374896
1998-12-03/23:02:49      108.370      35.3700      11.6800      129.000      3.00037     0.629321    0.0406963
1998-12-03/23:02:52      108.470      35.2500      11.7400      131.000      2.73849     0.656059    0.0360719
1998-12-03/23:02:54      108.640      35.1100      11.7700      132.000      2.77902     0.669131    0.0360448
1998-12-03/23:02:57      108.780      34.9600      11.7900      133.000      2.32818     0.681998    0.0297181
1998-12-03/23:02:59      108.870      34.8000      11.8100      133.000      2.70353     0.681998    0.0345093
1998-12-03/23:03:02      108.910      34.6500      11.8300      133.000      2.51485     0.681998    0.0321009
1998-12-03/23:03:04      108.880      34.5000      11.8300      129.000      3.66249     0.629321    0.0496771
1998-12-03/23:03:07      108.840      34.3500      11.7900      127.000      3.04156     0.601815    0.0423958
1998-12-03/23:03:09      108.770      34.2100      11.7400      125.000      2.29797     0.573576    0.0328538
1998-12-03/23:03:12      108.680      34.0700      11.6700      126.000      2.78934     0.587785    0.0393855
1998-12-03/23:03:14      108.540      33.9400      11.5500      125.000      2.12168     0.573576    0.0303334
1998-12-03/23:03:17      108.450      33.8100      11.3800      127.000      3.18256     0.601815    0.0443611
1998-12-03/23:03:19      108.420      33.6700      10.9600      127.000      3.32400     0.601815    0.0463326
1998-12-03/23:03:22      108.400      33.5400      10.7100      128.000      4.76905     0.615661    0.0655906
1998-12-03/23:03:24      108.390      33.4200      10.4300      129.000      3.12558     0.629321    0.0423946
1998-12-03/23:03:27      108.350      33.3000      10.1400      132.000      2.77902     0.669131    0.0360448
1998-12-03/23:03:29      108.280      33.1600      9.85000      131.000      2.86963     0.656059    0.0377993
1998-12-03/23:03:31      108.230      33.0400      9.56000      134.000      1.92438     0.694658    0.0241603
1998-12-03/23:03:34      108.220      32.9100      9.27000      133.000      2.56416     0.681998    0.0327303
1998-12-03/23:03:36      108.200      32.7800      8.98000      135.000      1.91243     0.707107    0.0236020
1998-12-03/23:03:39      108.110      32.6600      8.70000      132.000      3.16030     0.669131    0.0409901
1998-12-03/23:03:41      108.020      32.5400      8.47000      136.000      4.01277     0.719340    0.0486511
1998-12-03/23:03:44      107.950      32.4300      8.27000      134.000      4.21481     0.694658    0.0529163
1998-12-03/23:03:46      107.870      32.3100      8.19000      140.000      28.7126     0.766045     0.322120
1998-12-03/23:03:49      107.770      32.1900      8.22000      137.000      6.23492     0.731354    0.0742150
1998-12-03/23:03:51      107.670      32.0600      8.39000      144.000      7.32484     0.809017    0.0751440
1998-12-03/23:03:54      107.580      31.9200      8.67000      139.000      4.38475     0.754710    0.0502071
1998-12-03/23:03:56      107.470      31.7900      9.02000      145.000      2.93425     0.819152    0.0293742
1998-12-03/23:03:59      107.310      31.7000      9.41000      143.000      3.51992     0.798636    0.0369720
1998-12-03/23:04:01      107.170      31.6000      9.79000      149.000      3.93693     0.857167    0.0353895
1998-12-03/23:04:04      107.100      31.5100      10.1600      143.000      4.53954     0.798636    0.0476817
1998-12-03/23:04:06      107.050      31.4200      10.5000      140.000      4.85964     0.766045    0.0545191
1998-12-03/23:04:09      107.050      31.3100      10.8000      126.000      2.90571     0.587785    0.0410286
1998-12-03/23:04:11      107.050      31.2100      11.0700      125.000      2.01076     0.573576    0.0287476
1998-12-03/23:04:14      107.090      31.1200      11.3100      123.000      1.59085     0.544639    0.0232862
1998-12-03/23:04:16      107.170      31.0400      11.5000      123.000      1.59085     0.544639    0.0232862
1998-12-03/23:04:19      107.470      30.9600      11.6700      121.000      2.35910     0.515038    0.0352931
1998-12-03/23:04:21      107.740      30.8700      11.7000      121.000      2.24472     0.515038    0.0335819
1998-12-03/23:04:24      107.730      30.7300      11.6900      122.000      2.19844     0.529919    0.0325396
1998-12-03/23:04:26      107.730      30.6100      11.6000      120.000      2.31453     0.500000    0.0349841
1998-12-03/23:04:28      107.920      30.5700      11.4800      121.000      2.35910     0.515038    0.0352931
1998-12-03/23:04:31      108.090      30.5300      11.2500      121.000      2.30422     0.515038    0.0344720
1998-12-03/23:04:33      108.150      30.3900      10.9800      122.000      2.09344     0.529919    0.0309855
1998-12-03/23:04:36      108.200      30.2600      10.6800      121.000      2.49214     0.515038    0.0372834
1998-12-03/23:04:38      108.330      30.2100      10.3700      122.000      2.14938     0.529919    0.0318135
1998-12-03/23:04:41      108.440      30.1600      10.0700      121.000      2.56239     0.515038    0.0383344
1998-12-03/23:04:43      108.390      30.0200      9.78000      121.000      2.49214     0.515038    0.0372834
1998-12-03/23:04:46      108.330      29.8900      9.58000      121.000      2.49214     0.515038    0.0372834
1998-12-03/23:04:48      108.390      29.7900      9.41000      122.000      2.26089     0.529919    0.0334640
1998-12-03/23:04:50      108.440      29.7000      9.32000      123.000      1.76984     0.544639    0.0259061
1998-12-03/23:04:53      108.480      29.5700      9.26000      126.000      3.17024     0.587785    0.0447638
1998-12-03/23:04:55      108.510      29.4400      9.28000      129.000      3.29006     0.629321    0.0446256
1998-12-03/23:04:58      108.720      29.3500      9.32000      129.000      3.81963     0.629321    0.0518085
1998-12-03/23:05:00      108.970      29.2700      10.3300      125.000      2.01076     0.573576    0.0287476
1998-12-03/23:05:03      109.000      29.1200      10.4900      125.000      2.29797     0.573576    0.0328538
1998-12-03/23:05:05      109.000      28.9500      10.6400      121.000      2.69424     0.515038    0.0403069
1998-12-03/23:05:08      109.090      28.8400      10.7300      120.000      2.92475     0.500000    0.0442076
1998-12-03/23:05:10      109.210      28.7600      10.7900      116.000      2.35343     0.438371    0.0369181
1998-12-03/23:05:13      109.170      28.6100      10.7900      111.000      2.89320     0.358368    0.0471420
1998-12-03/23:05:15      109.100      28.4600      10.7700      110.000      2.88719     0.342020    0.0473520
1998-12-03/23:05:18      109.100      28.3600      10.7000      110.000      3.07254     0.342020    0.0503919
1998-12-03/23:05:20      109.120      28.2800      10.6200      112.000      1.90709     0.374607    0.0308613
1998-12-03/23:05:23      109.130      28.1400      10.5500      112.000      1.81141     0.374607    0.0293130
1998-12-03/23:05:25      109.130      28.0000      10.4900      114.000      2.37061     0.406737    0.0377979
1998-12-03/23:05:28      109.140      27.8700      10.4800      115.000      2.90088     0.422618    0.0458863
1998-12-03/23:05:30      109.140      27.7400      10.5100      117.000      3.48879     0.453991    0.0542542
1998-12-03/23:05:33      109.170      27.6100      10.6100      125.000      2.41496     0.573576    0.0345264
1998-12-03/23:05:35      109.200      27.4800      10.7800      137.000      3.73557     0.731354    0.0444649
1998-12-03/23:05:38      109.340      27.3200      11.0100      133.000      2.81077     0.681998    0.0358782
1998-12-03/23:05:40      109.510      27.1700      11.2800      135.000      1.91243     0.707107    0.0236020
1998-12-03/23:05:43      109.610      27.0200      11.5700      132.000      2.66416     0.669131    0.0345550
1998-12-03/23:05:45      109.690      26.8800      11.8600      133.000      2.56416     0.681998    0.0327303
1998-12-03/23:05:48      109.720      26.7500      12.1000      131.000      2.73849     0.656059    0.0360719
1998-12-03/23:05:50      109.730      26.6200      12.2800      133.000      2.51485     0.681998    0.0321009
1998-12-03/23:05:53      109.780      26.4900      12.4400      125.000      1.84329     0.573576    0.0263533
1998-12-03/23:05:55      109.840      26.3700      12.5600      123.000      2.27303     0.544639    0.0332716
1998-12-03/23:05:58      109.950      26.2400      12.6200      119.000      3.17715     0.484810    0.0484992
1998-12-03/23:06:00      110.090      26.1200      12.6200      117.000      6.66541     0.453991     0.103654
1998-12-03/23:06:02      110.170      25.9900      12.5800      116.000      6.70074     0.438371     0.105114
1998-12-03/23:06:05      110.240      25.8500      12.5000      119.000      4.47089     0.484810    0.0682481
1998-12-03/23:06:07      110.250      25.7200      12.3600      121.000      2.94793     0.515038    0.0441022
1998-12-03/23:06:11      110.220      25.5400      12.1700      120.000      3.24624     0.500000    0.0490669
1998-12-03/23:06:13      110.210      25.4000      11.9500      119.000      3.00080     0.484810    0.0458072
1998-12-03/23:06:16      110.190      25.2600      11.6900      122.000      2.48027     0.529919    0.0367110
1998-12-03/23:07:18      111.420      21.8900      11.4300      133.000      4.62152     0.681998    0.0589915
1998-12-03/23:07:20      111.430      21.7600      11.1600      145.000      5.63405     0.819152    0.0564013
1998-12-03/23:07:23      111.430      21.6300      10.9200      127.000      7.31930     0.601815     0.102022
1998-12-03/23:07:25      111.430      21.4900      10.7200      123.000      7.31069     0.544639     0.107011
1998-12-03/23:07:28      111.470      21.3500      10.5600      124.000      3.42183     0.559193    0.0495119
1998-12-03/23:07:30      111.500      21.2400      10.4500      122.000      9.09191     0.529919     0.134571
1998-12-03/23:07:32      111.510      21.1000      10.3900      121.000      3.23298     0.515038    0.0483666
1998-12-03/23:07:35      111.510      20.9500      10.3800      124.000      3.79061     0.559193    0.0548480
1998-12-03/23:07:37      111.490      20.8200      10.4000      117.000      3.85261     0.453991    0.0599119
1998-12-03/23:07:40      111.470      20.6800      10.4600      115.000      22.3924     0.422618     0.354204
1998-12-03/23:07:42      111.430      20.5500      10.5400      113.000      4.44103     0.390731    0.0713489
1998-12-03/23:07:45      111.370      20.4400      10.6600      110.000      26.6230     0.342020     0.436637
1998-12-03/23:07:47      111.390      20.3200      10.7600      109.000      5.66103     0.325568    0.0934207
1998-12-03/23:07:50      111.440      20.2100      10.8500      116.000      21.9194     0.438371     0.343848
1998-12-03/23:07:52      111.460      20.0900      10.9100      122.000      3.51694     0.529919    0.0520550
1998-12-03/23:07:55      111.440      19.9600      10.9700      128.000      4.76905     0.615661    0.0655906
1998-12-03/23:07:57      111.460      19.8400      11.0000      131.000      3.18592     0.656059    0.0419655
1998-12-03/23:08:00      111.500      19.7300      11.0200      140.000      4.02727     0.766045    0.0451810
1998-12-03/23:08:02      111.530      19.6100      11.0300      134.000      1.92438     0.694658    0.0241603
1998-12-03/23:08:05      111.560      19.4900      11.0300      137.000      2.77105     0.731354    0.0329841
1998-12-03/23:08:07      111.590      19.3700      11.0200      134.000      1.87636     0.694658    0.0235574
1998-12-03/23:08:10      111.640      19.2500      11.0100      139.000      3.43040     0.754710    0.0392794
1998-12-03/23:08:12      111.670      19.1400      11.0000      133.000      2.27454     0.681998    0.0290334
1998-12-03/23:08:15      111.680      19.0300      10.9900      136.000      2.05540     0.719340    0.0249198
1998-12-03/23:08:17      111.720      18.9200      10.9700      136.000      1.99193     0.719340    0.0241503
1998-12-03/23:08:20      111.780      18.8200      10.9500      141.000      3.78011     0.777146    0.0415196
1998-12-03/23:08:22      111.790      18.7100      10.9200      138.000      4.22890     0.743145    0.0493873
1998-12-03/23:08:25      111.760      18.6100      10.9000      146.000      6.03401     0.829038    0.0588905
1998-12-03/23:08:27      111.740      18.5000      10.8500      144.000      7.64877     0.809017    0.0784671
1998-12-03/23:08:30      111.710      18.3800      10.7900      145.000      30.0488     0.819152     0.300812
1998-12-03/23:08:32      111.740      18.2700      10.7100      108.000      8.43189     0.309017     0.139962
1998-12-03/23:08:35      111.800      18.1700      10.6200      144.000      7.01272     0.809017    0.0719420
1998-12-03/23:08:37      111.900      18.0500      10.5000      116.000      4.41855     0.438371    0.0693134
1998-12-03/23:08:40      112.030      17.9200      10.3600      123.000      4.07612     0.544639    0.0596645
1998-12-03/23:08:42      112.110      17.8100      10.2100      117.000      4.00009     0.453991    0.0622054
1998-12-03/23:08:45      112.140      17.7000      10.0400      117.000      5.09721     0.453991    0.0792667
1998-12-03/23:08:47      112.180      17.5800      9.87000      112.000      2.03620     0.374607    0.0329506
1998-12-03/23:08:49      112.200      17.4700      9.70000      114.000      2.26885     0.406737    0.0361754
1998-12-03/23:08:52      112.240      17.3400      9.57000      111.000      2.41315     0.358368    0.0393200
1998-12-03/23:08:54      112.290      17.2200      9.46000      113.000      2.02531     0.390731    0.0325383
1998-12-03/23:08:57      112.350      17.1000      9.43000      111.000      3.27161     0.358368    0.0533078
1998-12-03/23:08:59      112.400      16.9600      9.43000      111.000      5.07297     0.358368    0.0826592
1998-12-03/23:09:07      112.550      16.5800      9.85000      121.000      7.73894     0.515038     0.115778
1998-12-03/23:09:09      112.550      16.4800      10.0100      122.000      3.27587     0.529919    0.0484869
1998-12-03/23:09:12      112.560      16.3600      10.1300      121.000      2.56239     0.515038    0.0383344
1998-12-03/23:09:14      112.590      16.2200      10.3200      120.000      2.81804     0.500000    0.0425947
1998-12-03/23:09:17      112.610      16.0800      10.3800      120.000      2.46330     0.500000    0.0372328
1998-12-03/23:09:19      112.630      15.9400      10.4000      121.000      2.63036     0.515038    0.0393512
1998-12-03/23:09:22      112.650      15.8100      10.4100      122.000      2.09344     0.529919    0.0309855
1998-12-03/23:09:24      112.660      15.6700      10.4100      125.000      1.78161     0.573576    0.0254715
1998-12-03/23:09:26      112.690      15.5300      10.4200      126.000      2.78934     0.587785    0.0393855
1998-12-03/23:09:29      112.750      15.3800      10.4000      125.000      2.54251     0.573576    0.0363500
1998-12-03/23:09:31      112.800      15.2400      10.3800      125.000      3.16559     0.573576    0.0452581
1998-12-03/23:09:34      112.840      15.1000      10.3700      122.000      3.27587     0.529919    0.0484869
1998-12-03/23:09:36      112.880      14.9600      10.3600      117.000      3.71922     0.453991    0.0578376
1998-12-03/23:09:39      112.910      14.8200      10.3800      114.000      2.63779     0.406737    0.0420579
1998-12-03/23:09:41      112.940      14.6900      10.4100      112.000      1.74712     0.374607    0.0282726
1998-12-03/23:09:44      112.970      14.5700      10.5100      112.000      3.13059     0.374607    0.0506605
1998-12-03/23:09:46      112.980      14.4400      10.6200      111.000      2.39953     0.358368    0.0390981
1998-12-03/23:09:49      112.960      14.2900      10.7800      112.000      8.14304     0.374607     0.131774
1998-12-03/23:09:51      112.940      14.1400      10.9500      111.000      2.66344     0.358368    0.0433982
1998-12-03/23:09:54      112.980      14.0300      11.1600      114.000      20.2240     0.406737     0.322459
1998-12-03/23:09:56      113.000      13.9100      11.3700      115.000      3.24076     0.422618    0.0512625
1998-12-03/23:09:59      112.950      13.7500      11.5200      120.000      4.12284     0.500000    0.0623167
1998-12-03/23:10:01      112.910      13.6100      11.6600      117.000      3.27689     0.453991    0.0509589
1998-12-03/23:10:04      112.960      13.4900      11.6500      115.000      3.16159     0.422618    0.0500102
1998-12-03/23:10:06      112.990      13.3700      11.6300      115.000      3.09391     0.422618    0.0489396
1998-12-03/23:10:10      112.950      13.1700      11.5300      114.000      2.26885     0.406737    0.0361754
1998-12-03/23:10:12      112.960      13.0400      11.4300      112.000      2.15767     0.374607    0.0349163
1998-12-03/23:10:14      113.020      12.9400      11.2200      116.000      6.70074     0.438371     0.105114
1998-12-03/23:10:17      113.050      12.8200      11.0000      116.000      5.66333     0.438371    0.0888402
1998-12-03/23:10:19      113.040      12.6600      10.8000      125.000      5.54943     0.573576    0.0793396
1998-12-03/23:10:22      113.070      12.5300      10.6500      130.000      3.62131     0.642788    0.0484169
1998-12-03/23:10:24      113.130      12.4200      10.4300      143.000      3.15428     0.798636    0.0331315
1998-12-03/23:10:27      113.140      12.2900      10.2100      139.000      4.38475     0.754710    0.0502071
1998-12-03/23:10:29      113.090      12.1400      10.0000      152.000      4.80267     0.882948    0.0393522
1998-12-03/23:10:32      113.090      12.0000      9.79000      135.000      3.60312     0.707107    0.0444673
1998-12-03/23:10:34      113.130      11.8800      9.62000      144.000      3.21083     0.809017    0.0329392
1998-12-03/23:10:37      113.130      11.7500      9.47000      130.000      4.70593     0.642788    0.0629183
1998-12-03/23:10:39      113.070      11.6100      9.40000      113.000      3.49606     0.390731    0.0561671
1998-12-03/23:10:42      113.050      11.4800      9.35000      113.000      2.30954     0.390731    0.0371047
1998-12-03/23:10:44      113.100      11.3800      9.49000      115.000      3.47634     0.422618    0.0549889
1998-12-03/23:10:47      113.110      11.2600      9.64000      114.000      1.85548     0.406737    0.0295845
1998-12-03/23:10:49      113.060      11.1200      9.80000      114.000      1.94222     0.406737    0.0309675
1998-12-03/23:10:52      113.040      10.9900      9.97000      115.000      2.78826     0.422618    0.0441048
1998-12-03/23:10:54      113.060      10.8800      10.1300      117.000      3.16633     0.453991    0.0492396
1998-12-03/23:10:57      113.030      10.7600      10.2500      118.000      3.42319     0.469472    0.0527525
1998-12-03/23:10:59      112.940      10.6300      10.3500      126.000      2.65970     0.587785    0.0375550
1998-12-03/23:11:02      112.890      10.5000      10.4000      130.000      2.86654     0.642788    0.0383256
1998-12-03/23:11:04      112.920      10.3800      10.4400      131.000      2.44896     0.656059    0.0322581
1998-12-03/23:11:07      112.930      10.2500      10.4500      127.000      2.92358     0.601815    0.0407513
1998-12-03/23:11:09      112.900      10.1000      10.4600      127.000      2.53994     0.601815    0.0354038
1998-12-03/23:11:12      112.900      9.96000      10.4400      125.000      1.78161     0.573576    0.0254715
1998-12-03/23:11:14      112.950      9.84000      10.4100      125.000      1.64420     0.573576    0.0235070
1998-12-03/23:11:17      112.970      9.71000      10.3500      122.000      2.09344     0.529919    0.0309855
1998-12-03/23:11:19      112.920      9.55000      10.2900      120.000      2.46330     0.500000    0.0372328
1998-12-03/23:11:22      112.880      9.41000      10.2500      117.000      2.70413     0.453991    0.0420519
1998-12-03/23:11:24      112.860      9.28000      10.2300      116.000      2.35343     0.438371    0.0369181
1998-12-03/23:11:27      112.830      9.16000      10.2400      115.000      2.55251     0.422618    0.0403757
1998-12-03/23:11:29      112.800      9.05000      10.2600      116.000      2.35343     0.438371    0.0369181
1998-12-03/23:11:31      112.760      8.93000      10.2600      118.000      2.42354     0.469472    0.0373476
1998-12-03/23:11:34      112.750      8.80000      10.2600      117.000      2.05042     0.453991    0.0318861
1998-12-03/23:11:36      112.740      8.68000      10.2100      118.000      2.04967     0.469472    0.0315861
1998-12-03/23:11:39      112.740      8.55000      10.1300      120.000      2.39210     0.500000    0.0361566
1998-12-03/23:11:41      112.740      8.42000      10.0500      118.000      1.90737     0.469472    0.0293932
1998-12-03/23:11:44      112.750      8.29000      9.97000      119.000      2.10667     0.484810    0.0321583
1998-12-03/23:11:46      112.760      8.15000      9.94000      118.000      2.04967     0.469472    0.0315861
1998-12-03/23:11:49      112.780      8.00000      10.0300      120.000      2.53734     0.500000    0.0383519
1998-12-03/23:11:51      112.800      7.85000      10.1500      120.000      2.87450     0.500000    0.0434480
1998-12-03/23:11:54      112.790      7.69000      10.7600      126.000      2.90571     0.587785    0.0410286
1998-12-03/23:11:56      112.770      7.53000      11.6100      137.000      3.85431     0.731354    0.0458783
1998-12-03/23:11:59      112.770      7.38000      11.9800      142.000      6.03022     0.788011    0.0647966
1998-12-03/23:12:01      112.770      7.22000      12.3500      130.000      9.19132     0.642788     0.122888
1998-12-03/23:12:04      112.780      7.09000      12.5100      117.000      22.6838     0.453991     0.352756
1998-12-03/23:12:06      112.800      6.95000      12.6600      117.000      8.62020     0.453991     0.134053
1998-12-03/23:12:09      112.780      6.81000      12.6100      119.000      5.18222     0.484810    0.0791065
1998-12-03/23:12:11      112.770      6.67000      12.5600      123.000      3.47125     0.544639    0.0508106
1998-12-03/23:12:13      112.780      6.52000      12.3800      125.000      5.54943     0.573576    0.0793396
1998-12-03/23:12:16      112.790      6.38000      12.2000      134.000      3.50852     0.694658    0.0440489
1998-12-03/23:12:18      112.820      6.23000      12.0800      131.000      3.97424     0.656059    0.0523494
1998-12-03/23:12:21      112.860      6.08000      11.9800      128.000      5.87966     0.615661    0.0808652
1998-12-03/23:12:23      112.870      5.93000      12.2100      124.000      1.90183     0.559193    0.0275184
1998-12-03/23:12:26      112.890      5.78000      12.4700      124.000      1.90183     0.559193    0.0275184
1998-12-03/23:12:28      112.930      5.66000      13.0000      121.000      3.43143     0.515038    0.0513355
1998-12-03/23:12:31      112.960      5.54000      13.5300      119.000      3.00080     0.484810    0.0458072
1998-12-03/23:12:33      112.930      5.38000      14.0200      116.000      4.78372     0.438371    0.0750418
1998-12-03/23:12:36      112.900      5.22000      14.5000      115.000      4.90301     0.422618    0.0775561
1998-12-03/23:12:38      112.970      5.10000      14.7900      118.000      4.54485     0.469472    0.0700377
1998-12-03/23:12:41      113.030      4.98000      15.0700      116.000      2.75008     0.438371    0.0431403
1998-12-03/23:12:43      112.990      4.81000      15.1800      117.000      2.70413     0.453991    0.0420519
1998-12-03/23:12:46      112.940      4.65000      15.2900      116.000      2.85385     0.438371    0.0447681
1998-12-03/23:12:48      112.970      4.56000      15.2500      118.000      2.71868     0.469472    0.0418958
1998-12-03/23:12:50      112.990      4.46000      15.2200      115.000      2.78826     0.422618    0.0441048
1998-12-03/23:12:53      112.960      4.32000      15.1000      120.000      2.97762     0.500000    0.0450067
1998-12-03/23:12:55      112.920      4.17000      14.9400      118.000      3.20731     0.469472    0.0494257
1998-12-03/23:12:58      112.910      4.07000      14.6900      122.000      2.48027     0.529919    0.0367110
1998-12-03/23:13:00      112.910      3.97000      14.3900      117.000      3.85261     0.453991    0.0599119
1998-12-03/23:13:03      112.820      3.81000      14.0100      121.000      3.43143     0.515038    0.0513355
1998-12-03/23:13:05      112.700      3.63000      13.5900      115.000      4.24559     0.422618    0.0671570
1998-12-03/23:13:08      112.650      3.50000      13.1100      140.000      4.85964     0.766045    0.0545191
1998-12-03/23:13:10      112.630      3.38000      12.6200      136.000      3.75188     0.719340    0.0454881
1998-12-03/23:13:13      112.540      3.23000      12.1600      140.000      6.63463     0.766045    0.0744323
1998-12-03/23:13:15      112.440      3.08000      11.7100      135.000      5.34991     0.707107    0.0660251
1998-12-03/23:13:18      112.410      2.94000      11.3500      172.000      15.4139     0.990268    0.0374408
1998-12-03/23:13:20      112.420      2.81000      11.0300      172.000      26.0641     0.990268    0.0633105
1998-12-03/23:13:23      112.340      2.63000      10.8700      167.000      9.35241     0.974370    0.0367188
1998-12-03/23:13:25      112.240      2.45000      10.7700      171.000      45.0000     0.987688     0.122863
1998-12-03/23:13:28      112.190      2.29000      10.8000      125.000      21.8278     0.573576     0.312070
1998-12-03/23:13:30      112.170      2.15000      10.8800      146.000      12.6474     0.829038     0.123436
1998-12-03/23:13:33      112.050      1.96000      11.0200      144.000      3.98731     0.809017    0.0409050
1998-12-03/23:13:35      111.890      1.76000      11.1700      131.000      3.55430     0.656059    0.0468178
1998-12-03/23:13:38      111.840      1.59000      11.2900      130.000      2.59759     0.642788    0.0347298
1998-12-03/23:13:40      111.820      1.44000      11.3900      127.000      3.04156     0.601815    0.0423958
1998-12-03/23:13:43      111.680      1.24000      11.3400      125.000      1.71507     0.573576    0.0245202
1998-12-03/23:13:45      111.500      1.02000      11.2300      125.000      2.29797     0.573576    0.0328538
1998-12-03/23:13:47      111.470     0.860000      11.1100      131.000      2.94219     0.656059    0.0387550
1998-12-03/23:13:50      111.510     0.720000      10.9800      133.000      5.17562     0.681998    0.0660644
1998-12-03/23:13:52      111.440     0.530000      10.8400      149.000      31.4226     0.857167     0.282461
1998-12-03/23:13:55      111.310     0.320000      10.7100      146.000      28.3908     0.829038     0.277087
1998-12-03/23:13:57      111.240     0.150000      10.7100      95.0000      26.2134    0.0871559     0.455769
1998-12-03/23:14:00      111.220    0.0100000      10.7500      146.000      28.3908     0.829038     0.277087
1998-12-03/23:14:02      111.050    -0.150000      10.8500      98.0000      26.9132     0.139173     0.465153
1998-12-03/23:14:05      110.800    -0.320000      10.9800      154.000      16.6150     0.898794     0.127122
1998-12-03/23:14:08      110.470    -0.510000      11.2200      95.0000      26.2134    0.0871559     0.455769
1998-12-03/23:14:11      110.220    -0.630000      11.2900      141.000      11.4203     0.777146     0.125437
1998-12-03/23:14:13      110.000    -0.740000      11.3500      97.0000      18.5254     0.121869     0.320920
1998-12-03/23:14:16      109.770    -0.850000      11.4700      143.000      8.14791     0.798636    0.0855828
1998-12-03/23:14:18      109.890    -0.900000      11.5900      98.0000      26.9132     0.139173     0.465153
1998-12-03/23:14:21      110.020    -0.960000      11.6600      114.000      20.2240     0.406737     0.322459
1998-12-03/23:14:23      110.230     -1.06000      11.7200      148.000      32.7620     0.848048     0.303010
1998-12-03/23:14:26      110.440     -1.16000      11.8000      133.000      3.01339     0.681998    0.0384645
1998-12-03/23:14:28      110.130     -1.33000      11.8900      131.000      3.31843     0.656059    0.0437109
1998-12-03/23:14:31      109.790     -1.50000      11.8900      125.000      2.35709     0.573576    0.0336991
1998-12-03/23:14:33      109.610     -1.69000      11.8900      127.000      3.32400     0.601815    0.0463326
1998-12-03/23:14:36      109.420     -1.89000      11.9000      125.000      2.21851     0.573576    0.0317178
1998-12-03/23:14:38      109.260     -2.03000      11.9000      123.000      1.59085     0.544639    0.0232862
1998-12-03/23:14:41      109.090     -2.18000      11.8300      122.000      2.07130     0.529919    0.0306578
1998-12-03/23:14:43      108.870     -2.34000      11.7700      122.000      1.93500     0.529919    0.0286404
1998-12-03/23:14:46      108.640     -2.50000      11.7400      121.000      2.30422     0.515038    0.0344720
1998-12-03/23:14:48      108.230     -2.64000      11.7100      120.000      2.09699     0.500000    0.0316960
1998-12-03/23:14:51      107.800     -2.77000      11.6200      119.000      2.22720     0.484810    0.0339982
1998-12-03/23:14:53      107.700     -2.78000      11.5300      118.000      1.76345     0.469472    0.0271754
1998-12-03/23:14:56      107.620     -2.77000      11.4800      117.000      2.05042     0.453991    0.0318861
1998-12-03/23:14:58      107.670     -2.69000      11.4400      117.000      1.91433     0.453991    0.0297697
1998-12-03/23:15:01      107.720     -2.61000      11.3900      114.000      1.76200     0.406737    0.0280940
1998-12-03/23:15:03      107.590     -2.66000      11.3400      114.000      1.58638     0.406737    0.0252938
1998-12-03/23:15:05      107.430     -2.72000      11.3600      110.000      2.55790     0.342020    0.0419514
1998-12-03/23:15:08      106.880     -2.81000      11.3700      112.000      1.56737     0.374607    0.0253638
1998-12-03/23:15:10      106.270     -2.91000      11.3300      113.000      1.78538     0.390731    0.0286836
1998-12-03/23:15:13      106.660     -3.02000      11.3000      113.000      1.58863     0.390731    0.0255227
1998-12-03/23:15:15      107.210     -3.14000      11.3500      115.000      2.69276     0.422618    0.0425942
1998-12-03/23:15:18      107.340     -3.23000      11.3900      114.000      1.76200     0.406737    0.0280940
1998-12-03/23:15:20      107.410     -3.31000      11.4000      112.000      1.74712     0.374607    0.0282726
1998-12-03/23:15:23      107.540     -3.35000      11.4200      113.000      1.46827     0.390731    0.0235890
1998-12-03/23:15:25      107.680     -3.38000      11.4700      111.000      2.09106     0.358368    0.0340718
1998-12-03/23:15:27      107.430     -3.46000      11.5000      114.000      1.67200     0.406737    0.0266590
1998-12-03/23:15:30      107.010     -3.58000      11.5000      113.000      1.69368     0.390731    0.0272104
1998-12-03/23:15:32      105.560     -3.60000      11.4900      116.000      2.15172     0.438371    0.0337538
1998-12-03/23:15:35      103.500     -3.56000      11.5100      116.000      2.25007     0.438371    0.0352967
1998-12-03/23:17:31      102.980     -8.56000      11.5400      127.000      3.32400     0.601815    0.0463326
1998-12-03/23:17:34      104.620     -8.59000      11.5400      123.000      2.17132     0.544639    0.0317828
1998-12-03/23:17:36      106.210     -8.61000      11.5300      124.000      2.26797     0.559193    0.0328162
1998-12-03/23:17:39      107.610     -8.64000      11.5500      117.000      3.71922     0.453991    0.0578376
1998-12-03/23:17:41      108.870     -8.70000      11.5800      118.000      3.10994     0.469472    0.0479252
1998-12-03/23:17:44      109.570     -8.92000      11.5500      108.000      3.03428     0.309017    0.0503662
1998-12-03/23:17:46      110.230     -9.14000      11.5000      114.000      2.17026     0.406737    0.0346034
1998-12-03/23:17:49      110.710     -9.36000      11.4400      118.000      3.42319     0.469472    0.0527525
1998-12-03/23:17:51      111.160     -9.57000      11.3800      119.000      2.87886     0.484810    0.0439458
1998-12-03/23:17:54      111.510     -9.75000      11.2700      122.000      2.74913     0.529919    0.0406905
1998-12-03/23:17:56      111.830     -9.93000      11.1500      125.000      1.91644     0.573576    0.0273992
1998-12-03/23:17:59      112.000     -10.1700      11.0600      127.000      3.32400     0.601815    0.0463326
1998-12-03/23:18:01      112.170     -10.4000      11.0000      131.000      2.94219     0.656059    0.0387550
1998-12-03/23:18:04      112.360     -10.6000      10.9000      130.000      3.24964     0.642788    0.0434477
1998-12-03/23:18:07      112.650     -10.8900      10.8000      133.000      2.51485     0.681998    0.0321009
1998-12-03/23:18:09      112.960     -11.1300      10.7000      126.000      3.62091     0.587785    0.0511273
1998-12-03/23:18:12      113.160     -11.3500      10.5900      138.000      3.47773     0.743145    0.0406148
1998-12-03/23:18:14      113.250     -11.5600      10.3900      133.000      2.70353     0.681998    0.0345093
1998-12-03/23:18:17      113.400     -11.7800      10.1600      141.000      3.69811     0.777146    0.0406190
1998-12-03/23:18:19      113.630     -12.0000      9.88000      131.000      3.05442     0.656059    0.0402333
1998-12-03/23:18:22      113.850     -12.2300      9.58000      133.000      2.17168     0.681998    0.0277205
1998-12-03/23:18:24      114.070     -12.4600      9.60000      133.000      2.45306     0.681998    0.0313122
1998-12-03/23:18:27      114.240     -12.6700      9.94000      135.000      1.54913     0.707107    0.0191183
1998-12-03/23:18:29      114.340     -12.8300      10.3000      134.000      1.80289     0.694658    0.0226350
1998-12-03/23:18:32      114.440     -12.9900      10.7700      137.000      2.19198     0.731354    0.0260914
1998-12-03/23:18:34      114.520     -13.1200      11.0000      137.000      2.77105     0.731354    0.0329841
1998-12-03/23:18:37      114.600     -13.2600      11.2200      138.000      3.05575     0.743145    0.0356867
1998-12-03/23:18:39      114.650     -13.4200      11.2800      134.000      2.05788     0.694658    0.0258364
1998-12-03/23:18:42      114.700     -13.6000      11.3200      133.000      2.27454     0.681998    0.0290334
1998-12-03/23:18:44      114.710     -13.8000      11.1400      128.000      3.90398     0.615661    0.0536929
1998-12-03/23:18:47      114.710     -14.0000      10.9400      125.000      1.91644     0.573576    0.0273992
1998-12-03/23:18:49      114.680     -14.1900      10.6000      123.000      2.68240     0.544639    0.0392638
1998-12-03/23:18:52      114.680     -14.3700      10.2500      124.000      2.94981     0.559193    0.0426821
1998-12-03/23:18:54      114.710     -14.5400      9.44000      125.000      7.60486     0.573576     0.108726
1998-12-03/23:18:57      114.740     -14.7100      9.44000      129.000      4.96968     0.629321    0.0674075
1998-12-03/23:18:59      114.780     -14.8800      9.60000      127.000      4.38046     0.601815    0.0610584
1998-12-03/23:19:02      114.800     -15.0500      9.74000      126.000      3.00177     0.587785    0.0423850
1998-12-03/23:19:04      114.790     -15.2200      9.87000      128.000      4.06287     0.615661    0.0558782
1998-12-03/23:19:07      114.780     -15.3800      9.93000      132.000      3.16030     0.669131    0.0409901
1998-12-03/23:19:09      114.760     -15.5300      9.99000      130.000      4.98111     0.642788    0.0665974
1998-12-03/23:19:12      114.710     -15.6700      9.99000      135.000      3.17160     0.707107    0.0391418
1998-12-03/23:19:14      114.610     -15.8300      9.99000      134.000      4.55141     0.694658    0.0571423
1998-12-03/23:19:17      114.530     -15.9700      9.93000      132.000      4.18323     0.669131    0.0542578
1998-12-03/23:19:19      114.480     -16.0900      9.88000      115.000      4.13745     0.422618    0.0654464
1998-12-03/23:19:22      114.440     -16.2100      9.81000      117.000      3.60112     0.453991    0.0560010
1998-12-03/23:19:24      114.430     -16.3300      9.74000      117.000      3.71922     0.453991    0.0578376
1998-12-03/23:19:26      114.410     -16.4200      9.66000      118.000      3.01293     0.469472    0.0464303
1998-12-03/23:19:29      114.310     -16.4800      9.57000      118.000      3.10994     0.469472    0.0479252
1998-12-03/23:19:31      114.250     -16.5300      9.52000      124.000      1.84570     0.559193    0.0267062
1998-12-03/23:19:34      114.480     -16.4600      9.60000      122.000      2.56560     0.529919    0.0379740
1998-12-03/23:19:36      114.760     -16.4100      9.69000      125.000      2.29797     0.573576    0.0328538
1998-12-03/23:19:39      115.350     -16.5200      9.83000      127.000      4.13394     0.601815    0.0576222
1998-12-03/23:19:41      115.880     -16.6500      9.99000      142.000      2.87535     0.788011    0.0308966
1998-12-03/23:19:44      116.090     -16.8500      10.1400      138.000      4.02178     0.743145    0.0469685
1998-12-03/23:19:46      116.280     -17.0600      10.2700      139.000      3.61108     0.754710    0.0413483
1998-12-03/23:19:49      116.300     -17.2900      10.3900      132.000      3.42443     0.669131    0.0444160
1998-12-03/23:19:51      116.310     -17.5300      10.5000      130.000      3.52345     0.642788    0.0471085
1998-12-03/23:19:54      116.190     -17.8300      10.5800      126.000      4.16535     0.587785    0.0588148
1998-12-03/23:19:56      116.080     -18.1100      10.6600      128.000      3.76307     0.615661    0.0517549
1998-12-03/23:20:58      115.340     -21.7100      10.7100      114.000      5.18252     0.406737    0.0826320
1998-12-03/23:21:00      115.550     -21.8100      10.7500      114.000      4.72533     0.406737    0.0753424
1998-12-03/23:21:08      115.960     -22.4100      10.7500      114.000      4.94227     0.406737    0.0788014
1998-12-03/23:21:10      115.990     -22.6800      10.7400      119.000      4.89643     0.484810    0.0747440
1998-12-03/23:21:13      115.950     -22.9000      10.6900      121.000      3.75244     0.515038    0.0561380
1998-12-03/23:21:15      115.890     -23.1200      10.6200      126.000      4.02896     0.587785    0.0568890
1998-12-03/23:21:18      115.820     -23.3800      10.5200      127.000      5.17975     0.601815    0.0721996
1998-12-03/23:21:20      115.760     -23.6700      10.4100      134.000      3.04750     0.694658    0.0382609
1998-12-03/23:21:23      115.790     -23.9600      10.3200      132.000      4.18323     0.669131    0.0542578
1998-12-03/23:21:25      115.860     -24.2500      10.2400      127.000      6.92645     0.601815    0.0965465
1998-12-03/23:21:28      115.960     -24.5200      10.1700      129.000      7.84644     0.629321     0.106427
1998-12-03/23:21:30      116.070     -24.7900      10.1200      130.000      5.57643     0.642788    0.0745569
1998-12-03/23:21:32      116.100     -25.0100      10.0900      129.000      8.63490     0.629321     0.117122
1998-12-03/23:21:35      116.110     -25.2000      10.0700      130.000      25.7972     0.642788     0.344909
1998-12-03/23:21:37      116.080     -25.2700      10.0600      133.000      7.59222     0.681998    0.0969111
1998-12-03/23:21:40      116.030     -25.2800      10.0600      135.000      20.6726     0.707107     0.255128
1998-12-03/23:21:42      115.900     -25.3100      10.0400      137.000      12.0387     0.731354     0.143298
1998-12-03/23:21:45      115.730     -25.3500      10.0200      138.000      6.51124     0.743145    0.0760417
1998-12-03/23:21:47      115.610     -25.3900      9.98000      137.000      5.17898     0.731354    0.0616460
1998-12-03/23:21:50      115.520     -25.4200      9.93000      138.000      3.71548     0.743145    0.0433914
1998-12-03/23:21:52      115.360     -25.5000      9.88000      134.000      2.32540     0.694658    0.0291950
1998-12-03/23:21:55      115.170     -25.5900      9.81000      135.000      1.70461     0.707107    0.0210372
1998-12-03/23:21:57      115.020     -25.7200      9.76000      132.000      2.60335     0.669131    0.0337663
1998-12-03/23:22:00      114.900     -25.8500      9.71000      133.000      2.27454     0.681998    0.0290334
1998-12-03/23:22:02      114.860     -26.0100      9.67000      128.000      2.96915     0.615661    0.0408359
1998-12-03/23:22:04      114.870     -26.1500      9.63000      138.000      3.47773     0.743145    0.0406148
1998-12-03/23:22:07      115.020     -26.3600      9.60000      137.000      3.85431     0.731354    0.0458783
1998-12-03/23:22:09      115.300     -26.6000      9.57000      150.000      4.58858     0.866026    0.0400429
1998-12-03/23:22:12      115.610     -26.8300      9.56000      142.000      4.73577     0.788011    0.0508874
1998-12-03/23:22:14      115.940     -27.0600      9.55000      143.000      3.29818     0.798636    0.0346429
1998-12-03/23:22:17      116.240     -27.2700      9.58000      140.000      4.85964     0.766045    0.0545191
1998-12-03/23:22:19      116.510     -27.4500      9.62000      141.000      3.93486     0.777146    0.0432194
1998-12-03/23:22:22      116.710     -27.6300      9.68000      142.000      3.45949     0.788011    0.0371733
1998-12-03/23:22:24      116.820     -27.8100      9.74000      144.000      9.11228     0.809017    0.0934809
1998-12-03/23:22:27      116.890     -28.0100      9.79000      143.000      5.30347     0.798636    0.0557058
1998-12-03/23:22:29      116.920     -28.2300      9.84000      144.000      12.3320     0.809017     0.126511
1998-12-03/23:22:32      116.930     -28.4500      9.86000      143.000      3.51992     0.798636    0.0369720
1998-12-03/23:22:34      116.920     -28.6600      9.89000      145.000      2.50573     0.819152    0.0250844
1998-12-03/23:22:37      116.910     -28.8500      9.90000      145.000      2.45175     0.819152    0.0245440
1998-12-03/23:24:02      117.990     -33.1800      9.91000      141.000      5.84887     0.777146    0.0642423
1998-12-03/23:24:05      117.980     -33.4300      9.93000      137.000      3.99400     0.731354    0.0475410
1998-12-03/23:24:07      117.940     -33.5900      9.94000      137.000      3.58474     0.731354    0.0426696
1998-12-03/23:24:10      117.880     -33.6500      9.92000      135.000      2.24506     0.707107    0.0277071
1998-12-03/23:24:12      117.950     -33.6500      9.89000      133.000      2.56416     0.681998    0.0327303
1998-12-03/23:24:15      118.130     -33.6000      9.85000      127.000      3.57709     0.601815    0.0498604
1998-12-03/23:24:17      118.270     -33.5800      9.81000      123.000      1.83647     0.544639    0.0268814
1998-12-03/23:24:20      118.380     -33.6000      9.77000      125.000      3.61859     0.573576    0.0517346
1998-12-03/23:24:22      118.360     -33.6400      9.73000      127.000      3.96993     0.601815    0.0553361
1998-12-03/23:24:24      118.200     -33.7300      9.73000      131.000      4.49430     0.656059    0.0591997
1998-12-03/23:24:27      118.020     -33.8400      9.73000      135.000      2.82523     0.707107    0.0348671
1998-12-03/23:24:29      117.810     -33.9900      9.76000      137.000      3.58474     0.731354    0.0426696
1998-12-03/23:24:32      117.720     -34.1600      9.79000      136.000      2.05540     0.719340    0.0249198
1998-12-03/23:24:34      117.780     -34.3600      9.81000      135.000      2.37842     0.707107    0.0293529
1998-12-03/23:24:37      117.920     -34.5000      9.82000      136.000      2.05540     0.719340    0.0249198
1998-12-03/23:24:39      118.150     -34.5800      9.81000      137.000      2.95958     0.731354    0.0352282
1998-12-03/23:24:42      118.360     -34.6700      9.80000      137.000      2.77105     0.731354    0.0329841
1998-12-03/23:24:44      118.510     -34.7700      9.72000      140.000      3.90846     0.766045    0.0438481
1998-12-03/23:24:47      118.680     -34.9200      9.62000      146.000      2.16119     0.829038    0.0210927
1998-12-03/23:24:49      118.820     -35.1400      9.50000      152.000      4.49814     0.882948    0.0368570
1998-12-03/23:24:52      118.960     -35.3700      9.36000      147.000      2.50985     0.838671    0.0238580
1998-12-03/23:24:54      119.080     -35.5800      9.24000      145.000      2.37764     0.819152    0.0238021
1998-12-03/23:24:56      119.190     -35.7700      9.13000      142.000      3.11776     0.788011    0.0335013
1998-12-03/23:24:59      119.250     -35.8900      9.02000      137.000      3.41887     0.731354    0.0406952
1998-12-03/23:25:01      119.280     -36.0000      9.00000      135.000      2.37842     0.707107    0.0293529
1998-12-03/23:25:04      119.270     -36.1000      8.97000      132.000      3.16030     0.669131    0.0409901
1998-12-03/23:25:06      119.260     -36.2200      8.92000      130.000      3.62131     0.642788    0.0484169
1998-12-03/23:25:09      119.280     -36.3900      8.90000      130.000      3.62131     0.642788    0.0484169
1998-12-03/23:25:11      119.310     -36.5100      8.89000      130.000      2.80401     0.642788    0.0374896
1998-12-03/23:25:14      119.410     -36.4900      8.90000      127.000      2.92358     0.601815    0.0407513
1998-12-03/23:25:16      119.490     -36.4400      8.92000      123.000      1.71277     0.544639    0.0250708
1998-12-03/23:25:19      119.550     -36.2700      8.97000      121.000      2.42035     0.515038    0.0362094
1998-12-03/23:25:21      119.590     -36.1400      9.04000      116.000      2.61791     0.438371    0.0410669
1998-12-03/23:25:24      119.600     -36.1100      9.09000      114.000      1.94222     0.406737    0.0309675
1998-12-03/23:25:26      119.610     -36.1000      9.15000      114.000      1.85548     0.406737    0.0295845
1998-12-03/23:25:29      119.610     -36.1600      9.19000      113.000      2.02531     0.390731    0.0325383
1998-12-03/23:25:31      119.640     -36.2300      9.24000      112.000      1.90709     0.374607    0.0308613
1998-12-03/23:25:34      119.730     -36.3000      9.29000      110.000      2.83141     0.342020    0.0464372
1998-12-03/23:25:36      119.800     -36.3500      9.34000      110.000      3.00121     0.342020    0.0492220
1998-12-03/23:25:39      119.780     -36.3100      9.38000      107.000      3.22839     0.292372    0.0538840
1998-12-03/23:25:41      119.750     -36.2900      9.43000      111.000      2.41315     0.358368    0.0393200
1998-12-03/23:25:44      119.700     -36.4000      9.46000      119.000      2.94180     0.484810    0.0449066
1998-12-03/23:25:46      119.650     -36.5400      9.47000      123.000      1.83647     0.544639    0.0268814
1998-12-03/23:25:49      119.550     -36.8600      9.43000      121.000      3.13232     0.515038    0.0468607
1998-12-03/23:25:51      119.510     -37.1700      9.37000      122.000      2.33138     0.529919    0.0345073
1998-12-03/23:25:54      119.750     -37.4300      9.18000      120.000      2.97762     0.500000    0.0450067
1998-12-03/23:25:56      119.970     -37.6300      8.99000      115.000      2.78826     0.422618    0.0441048
1998-12-03/23:25:59      120.060     -37.5600      8.70000      113.000      2.53069     0.390731    0.0406577
1998-12-03/23:26:01      120.130     -37.5000      8.42000      113.000      3.71143     0.390731    0.0596272
1998-12-03/23:26:04      120.030     -37.5600      8.16000      113.000      5.21823     0.390731    0.0838352
1998-12-03/23:26:07      120.040     -37.6500      7.91000      112.000      4.59444     0.374607    0.0743491
1998-12-03/23:26:09      120.170     -37.7900      7.87000      107.000      4.92515     0.292372    0.0822040
1998-12-03/23:26:12      120.230     -37.9200      7.84000      103.000      2.89847     0.224951    0.0492913
1998-12-03/23:26:14      120.200     -38.0200      8.06000      97.0000      3.27901     0.121869    0.0568029
1998-12-03/23:26:17      120.170     -38.1100      8.28000      95.0000      2.86062    0.0871559    0.0497372
1998-12-03/23:26:19      120.140     -38.1800      8.62000      93.0000      2.45544    0.0523359    0.0427968
1998-12-03/23:26:22      120.110     -38.2200      8.96000      92.0000      2.02629    0.0348995    0.0353439
1998-12-03/23:26:29      120.190     -38.3100      9.33000      91.0000      1.77038    0.0174525    0.0308943
1998-12-03/23:26:34      120.580     -38.5300      9.70000      94.0000      3.60684    0.0697566    0.0627979
1998-12-03/23:26:37      120.790     -38.6000      10.0200      92.0000      3.81572    0.0348995    0.0665563
1998-12-03/23:26:39      120.910     -38.6100      10.3400      92.0000      9.10694    0.0348995     0.158849
1998-12-03/23:26:44      120.800     -38.5400      10.6400      95.0000      5.06815    0.0871559    0.0881193
1998-12-03/23:26:49      120.470     -38.4800      10.9200      101.000      6.34732     0.190809     0.108746
1998-12-03/23:26:52      120.300     -38.4800      11.1300      102.000      9.56484     0.207912     0.163290
1998-12-03/23:26:54      120.170     -38.5200      11.3300      134.000      8.49070     0.694658     0.106599
1998-12-04/02:14:25      295.600      8.60000      11.4000      139.000      8.56860     0.754710    0.0981138
1998-12-04/02:14:28      295.450      8.71000      11.4600      139.000      10.7507     0.754710     0.123100
1998-12-04/02:14:30      295.320      8.87000      11.4300      139.000      27.2650     0.754710     0.312195
1998-12-04/02:14:33      295.230      9.06000      11.3900      135.000      20.6726     0.707107     0.255128
1998-12-04/02:14:35      295.070      9.20000      11.2800      126.000      25.0610     0.587785     0.353862
1998-12-04/02:14:37      294.850      9.30000      11.1600      126.000      12.5305     0.587785     0.176931
1998-12-04/02:14:40      294.590      9.39000      11.0100      125.000      8.98830     0.573576     0.128505
1998-12-04/02:14:42      294.290      9.47000      10.9000      126.000      7.12940     0.587785     0.100667
1998-12-04/02:14:45      294.120      9.59000      10.7400      126.000      6.55871     0.587785    0.0926090
1998-12-04/02:14:47      294.110      9.76000      10.5800      126.000      4.35442     0.587785    0.0614845
1998-12-04/02:14:50      294.240      9.97000      10.4300      125.000      3.38424     0.573576    0.0483841
1998-12-04/02:14:52      294.550      10.2400      10.2800      123.000      2.85153     0.544639    0.0417394
1998-12-04/02:14:55      294.830      10.5700      10.1800      117.000      4.65407     0.453991    0.0723754
1998-12-04/02:14:57      295.070      10.9700      10.0900      115.000      3.88985     0.422618    0.0615299
1998-12-04/02:15:00      295.240      11.2700      10.0200      113.000      2.64073     0.390731    0.0424255
1998-12-04/02:15:02      295.300      11.4400      9.95000      112.000      3.28072     0.374607    0.0530900
1998-12-04/02:15:05      295.360      11.6000      9.89000      111.000      3.42468     0.358368    0.0558019
1998-12-04/02:15:07      295.430      11.7500      9.83000      111.000      3.50869     0.358368    0.0571708
1998-12-04/02:15:10      295.520      11.9200      9.79000      108.000      5.21591     0.309017    0.0865792
1998-12-04/02:15:12      295.640      12.1200      9.76000      108.000      5.83238     0.309017    0.0968121
1998-12-04/02:15:53      297.560      14.5900      9.73000      98.0000      6.06280     0.139173     0.104786
1998-12-04/02:15:55      297.560      14.6500      9.72000      103.000      4.71730     0.224951    0.0802222
1998-12-04/02:15:58      297.500      14.7000      9.72000      100.000      9.65396     0.173648     0.165934
1998-12-04/02:16:00      297.410      14.7700      9.73000      112.000      7.47161     0.374607     0.120909
1998-12-04/02:16:03      297.300      14.8700      9.75000      116.000      21.9194     0.438371     0.343848
1998-12-04/02:16:05      297.200      15.0000      9.78000      115.000      10.2864     0.422618     0.162711
1998-12-04/02:16:08      297.120      15.1500      9.82000      115.000      11.1962     0.422618     0.177102
1998-12-04/02:16:10      297.000      15.3100      9.88000      112.000      5.97429     0.374607    0.0966784
1998-12-04/02:16:13      296.870      15.4700      9.89000      110.000      6.49552     0.342020     0.106531
1998-12-04/02:16:15      296.770      15.6600      9.89000      109.000      5.30545     0.325568    0.0875527
1998-12-04/02:16:18      296.680      15.8600      9.87000      107.000      6.06730     0.292372     0.101267
1998-12-04/02:17:52      289.700      24.0700      9.86000      130.000      5.41771     0.642788    0.0724348
1998-12-04/02:17:54      289.330      24.1900      9.82000      124.000      3.42183     0.559193    0.0495119
1998-12-04/02:17:57      289.030      24.2500      9.79000      125.000      3.16559     0.573576    0.0452581
1998-12-04/02:17:59      288.790      24.2900      9.77000      115.000      3.24076     0.422618    0.0512625
1998-12-04/02:18:02      288.780      24.2100      9.75000      117.000      3.60112     0.453991    0.0560010
1998-12-04/02:18:04      288.760      24.1500      9.79000      106.000      2.76827     0.275637    0.0464438
1998-12-04/02:18:07      288.700      24.2100      9.85000      112.000      1.81141     0.374607    0.0293130
1998-12-04/02:18:09      288.680      24.2600      9.95000      110.000      2.73958     0.342020    0.0449311
1998-12-04/02:18:12      288.820      24.2900      10.1000      111.000      2.16209     0.358368    0.0352292
1998-12-04/02:18:14      288.760      24.3700      10.2100      114.000      2.37061     0.406737    0.0377979
1998-12-04/02:18:17      287.740      24.7200      10.3300      114.000      2.00852     0.406737    0.0320246
1998-12-04/02:18:19      286.770      25.0600      10.4100      113.000      1.78538     0.390731    0.0286836
1998-12-04/02:18:22      285.980      25.3400      10.5000      115.000      2.78826     0.422618    0.0441048
1998-12-04/02:18:24      285.360      25.5700      10.5500      116.000      3.12038     0.438371    0.0489491
1998-12-04/02:18:26      284.750      25.8300      10.6000      121.000      2.94793     0.515038    0.0441022
1998-12-04/02:18:29      284.160      26.1000      10.6400      108.000      3.46035     0.309017    0.0574386
1998-12-04/02:18:31      284.460      26.0300      10.6800      121.000      3.13232     0.515038    0.0468607
1998-12-04/02:18:34      284.820      25.9400      10.7300      114.000      2.85912     0.406737    0.0455869
1998-12-04/02:18:36      284.840      25.8900      10.7800      122.000      2.56560     0.529919    0.0379740
1998-12-04/02:18:39      284.840      25.8500      10.8500      120.000      3.24624     0.500000    0.0490669
1998-12-04/02:18:41      284.950      25.8200      10.9100      125.000      2.29797     0.573576    0.0328538
1998-12-04/02:18:44      285.070      25.7900      10.9700      125.000      2.29797     0.573576    0.0328538
1998-12-04/02:18:46      285.290      25.9100      11.0200      128.000      3.17442     0.615661    0.0436590
1998-12-04/02:18:49      285.520      26.0500      11.0200      129.000      3.29006     0.629321    0.0446256
1998-12-04/02:18:51      285.250      26.3000      11.0100      127.000      2.64459     0.601815    0.0368625
1998-12-04/02:18:54      284.920      26.5600      10.9400      126.000      2.37413     0.587785    0.0335227
1998-12-04/02:18:56      284.060      26.8200      10.8700      126.000      2.27823     0.587785    0.0321686
1998-12-04/02:18:59      283.130      27.0800      10.8000      125.000      1.78161     0.573576    0.0254715
1998-12-04/02:19:11      284.400      27.3600      10.7200      116.000      3.23533     0.438371    0.0507524
1998-12-04/02:19:13      285.460      27.3900      10.6000      118.000      3.56851     0.469472    0.0549920
1998-12-04/02:19:16      286.090      27.4100      10.4800      111.000      2.25057     0.358368    0.0366709
1998-12-04/02:19:18      286.630      27.4300      10.3900      110.000      2.88719     0.342020    0.0473520
1998-12-04/02:19:21      286.700      27.5600      10.3000      105.000      2.24074     0.258819    0.0377757
1998-12-04/02:19:23      286.670      27.7100      10.2000      106.000      2.58370     0.275637    0.0433472
1998-12-04/02:19:26      287.050      27.8100      10.0900      101.000      1.41405     0.190809    0.0242264
1998-12-04/02:19:28      287.530      27.8900      9.69000      98.0000      2.54772     0.139173    0.0440334
1998-12-04/02:19:31      287.740      28.0700      9.63000      98.0000      2.71465     0.139173    0.0469185
1998-12-04/02:19:33      287.890      28.2600      9.60000      99.0000      2.70037     0.156434    0.0465501
1998-12-04/02:19:36      287.740      28.5000      9.55000      96.0000      2.79431     0.104529    0.0485027
1998-12-04/02:19:38      287.520      28.7600      9.51000      94.0000      3.07077    0.0697566    0.0534645
1998-12-04/02:19:41      287.370      28.9800      9.47000      94.0000      2.94591    0.0697566    0.0512906
1998-12-04/02:19:45      287.120      29.3500      9.44000      92.0000      1.92237    0.0348995    0.0335312
1998-12-04/02:19:48      287.000      29.5200      9.43000      92.0000      2.07784    0.0348995    0.0362431
1998-12-04/02:19:50      286.810      29.7000      9.43000      95.0000      2.96642    0.0871559    0.0515768
1998-12-04/02:19:53      286.580      29.8700      9.46000      108.000      3.86319     0.309017    0.0641254
1998-12-04/02:19:55      286.520      30.0200      9.50000      108.000      3.03428     0.309017    0.0503662
1998-12-04/02:19:58      286.560      30.1400      9.57000      115.000      3.34448     0.422618    0.0529032
1998-12-04/02:20:00      286.600      30.2400      9.65000      109.000      2.83748     0.325568    0.0468253
1998-12-04/02:20:03      286.640      30.3100      9.73000      110.000      2.94955     0.342020    0.0483748
1998-12-04/02:20:05      286.740      30.3800      9.81000      110.000      2.35372     0.342020    0.0386027
1998-12-04/02:20:08      286.860      30.4400      9.86000      111.000      2.25057     0.358368    0.0366709
1998-12-04/02:20:10      287.000      30.5000      9.90000      111.000      2.04548     0.358368    0.0333292
1998-12-04/02:20:13      287.160      30.5600      9.92000      111.000      2.37731     0.358368    0.0387360
1998-12-04/02:20:15      287.340      30.6500      9.95000      110.000      2.78623     0.342020    0.0456962
1998-12-04/02:20:18      287.540      30.7500      9.96000      100.000      2.58013     0.173648    0.0443476
1998-12-04/02:20:20      287.710      30.8600      9.97000      97.0000      3.05153     0.121869    0.0528623
1998-12-04/02:20:23      287.860      30.9600      9.98000      92.0000      1.92237    0.0348995    0.0335312
1998-12-04/02:20:25      287.760      31.1100      9.99000      94.0000      2.52613    0.0697566    0.0439819
1998-12-04/02:20:28      287.490      31.3000      9.99000      95.0000      2.47527    0.0871559    0.0430372
1998-12-04/02:20:30      287.440      31.4500      9.99000      97.0000      2.79514     0.121869    0.0484208
1998-12-04/02:20:33      287.550      31.5600      9.98000      97.0000      2.72844     0.121869    0.0472653
1998-12-04/02:20:35      287.570      31.7000      9.97000      101.000      1.68212     0.190809    0.0288191
1998-12-04/02:20:38      287.520      31.8700      9.95000      101.000      1.68212     0.190809    0.0288191
1998-12-04/02:20:40      287.610      32.0000      9.93000      105.000      2.58033     0.258819    0.0435007
1998-12-04/02:20:43      287.810      32.0800      9.90000      107.000      2.44629     0.292372    0.0408302
1998-12-04/02:20:45      287.950      32.2000      9.88000      107.000      2.31438     0.292372    0.0386285
1998-12-04/02:20:48      288.050      32.3500      9.85000      104.000      2.10729     0.241922    0.0356867
1998-12-04/02:20:50      288.090      32.5200      9.83000      105.000      2.24074     0.258819    0.0377757
1998-12-04/02:20:53      288.080      32.7000      9.83000      101.000      1.68212     0.190809    0.0288191
1998-12-04/02:20:55      288.060      32.8800      9.83000      100.000      1.94149     0.173648    0.0333706
1998-12-04/02:20:58      288.020      33.0600      9.82000      94.0000      2.38972    0.0697566    0.0416069
1998-12-04/02:21:00      288.080      33.2200      9.82000      94.0000      2.07602    0.0697566    0.0361451
1998-12-04/02:21:03      288.270      33.4200      9.82000      93.0000      2.17456    0.0523359    0.0379012
1998-12-04/02:21:06      288.190      33.5600      9.82000      94.0000      1.85973    0.0697566    0.0323793
1998-12-04/02:21:08      288.050      33.7000      9.82000      94.0000      2.38972    0.0697566    0.0416069
1998-12-04/02:21:11      287.830      33.8700      9.82000      93.0000      1.92974    0.0523359    0.0336342
1998-12-04/02:21:13      287.590      34.0500      9.83000      92.0000      1.80828    0.0348995    0.0315412
1998-12-04/02:21:16      287.540      34.2400      9.83000      92.0000      1.80828    0.0348995    0.0315412
1998-12-04/02:21:21      287.620      34.6200      9.83000      91.0000      1.44156    0.0174525    0.0251561
1998-12-04/02:21:31      287.800      35.2700      9.83000      93.0000      2.26419    0.0523359    0.0394634
1998-12-04/02:21:33      287.810      35.4200      9.84000      91.0000      1.47669    0.0174525    0.0257692
1998-12-04/02:21:36      287.800      35.5500      9.84000      95.0000      2.47527    0.0871559    0.0430372
1998-12-04/02:21:38      287.790      35.6600      9.82000      94.0000      2.43530    0.0697566    0.0424005
1998-12-04/02:21:41      287.850      35.7400      9.80000      99.0000      2.63679     0.156434    0.0454541
1998-12-04/02:21:43      287.940      35.8000      9.78000      92.0000      1.72780    0.0348995    0.0301374
1998-12-04/02:21:46      288.040      35.8600      9.77000      97.0000      2.79514     0.121869    0.0484208
1998-12-04/02:21:48      288.150      35.9200      9.74000      96.0000      2.59171     0.104529    0.0449861
1998-12-04/02:21:51      288.340      35.9600      9.72000      99.0000      2.34396     0.156434    0.0404062
1998-12-04/02:21:53      288.550      35.9800      9.68000      98.0000      2.63167     0.139173    0.0454843
1998-12-04/02:21:56      288.660      36.0600      9.64000      98.0000      2.47734     0.139173    0.0428170
1998-12-04/02:21:58      288.710      36.1600      9.60000      94.0000      2.21346    0.0697566    0.0385381
1998-12-04/02:22:00      288.740      36.2700      9.57000      91.0000      1.28044    0.0174525    0.0223445
1998-12-04/02:22:08      288.820      36.6300      9.53000      91.0000      1.37634    0.0174525    0.0240180
1998-12-04/02:23:00      287.840      39.5000      9.50000      91.0000      1.17281    0.0174525    0.0204663
1998-12-04/02:23:05      287.630      39.6200      9.50000      92.0000      1.52620    0.0348995    0.0266210
1998-12-04/02:23:07      287.490      39.6800      9.51000      91.0000      1.17281    0.0174525    0.0204663
1998-12-04/02:23:10      287.300      39.7400      9.52000      92.0000      1.56949    0.0348995    0.0273761
1998-12-04/02:23:15      286.810      39.8800      9.54000      92.0000      1.48983    0.0348995    0.0259866
1998-12-04/02:23:17      286.740      39.9700      9.57000      91.0000      1.13757    0.0174525    0.0198513
1998-12-04/02:23:20      286.580      40.0900      9.61000      92.0000      1.48983    0.0348995    0.0259866
1998-12-04/02:23:22      286.280      40.2900      9.64000      92.0000      1.31993    0.0348995    0.0230231
1998-12-04/02:23:25      286.140      40.4700      9.66000      93.0000      2.01383    0.0523359    0.0350998
1998-12-04/02:23:27      286.320      40.5900      9.69000      92.0000      1.37666    0.0348995    0.0240126
1998-12-04/02:23:30      286.470      40.7100      9.72000      93.0000      2.17456    0.0523359    0.0379012
1998-12-04/02:23:32      286.560      40.8300      9.73000      92.0000      1.43717    0.0348995    0.0250681
1998-12-04/02:23:35      286.650      40.9700      9.73000      92.0000      1.62515    0.0348995    0.0283469
1998-12-04/02:23:37      286.740      41.1200      9.74000      91.0000      1.13757    0.0174525    0.0198513
1998-12-04/02:23:40      286.860      41.2600      9.75000      93.0000      1.86007    0.0523359    0.0324199
1998-12-04/02:23:42      287.030      41.3600      9.77000      92.0000      1.37666    0.0348995    0.0240126
1998-12-04/02:23:44      287.210      41.4800      9.78000      92.0000      1.37666    0.0348995    0.0240126
1998-12-04/02:23:47      287.220      41.5600      9.79000      92.0000      1.43717    0.0348995    0.0250681
1998-12-04/02:23:49      287.230      41.6500      9.80000      92.0000      1.48983    0.0348995    0.0259866
1998-12-04/02:23:52      287.130      41.7600      9.79000      91.0000      1.17281    0.0174525    0.0204663
1998-12-04/02:23:54      287.030      41.8800      9.79000      91.0000      1.34171    0.0174525    0.0234137
1998-12-04/02:23:57      286.990      42.0400      9.78000      91.0000      1.30932    0.0174525    0.0228485
1998-12-04/02:23:59      286.940      42.2000      9.78000      92.0000      1.72780    0.0348995    0.0301374
1998-12-04/02:24:01      286.870      42.3300      9.76000      91.0000      1.17281    0.0174525    0.0204663
1998-12-04/02:24:04      286.810      42.4500      9.75000      92.0000      1.68126    0.0348995    0.0293256
1998-12-04/02:24:06      286.850      42.5000      9.74000      92.0000      1.37666    0.0348995    0.0240126
1998-12-04/02:24:09      286.880      42.5400      9.74000      93.0000      1.79121    0.0523359    0.0312197
1998-12-04/02:24:11      286.720      42.6000      9.75000      93.0000      1.79121    0.0523359    0.0312197
1998-12-04/02:24:14      286.570      42.6600      9.75000      96.0000      2.03298     0.104529    0.0352878
1998-12-04/02:24:16      286.620      42.7600      9.76000      95.0000      1.90218    0.0871559    0.0330730
1998-12-04/02:24:19      286.680      42.8600      9.77000      97.0000      2.40785     0.121869    0.0417117
1998-12-04/02:24:21      286.870      42.9400      9.77000      98.0000      2.41921     0.139173    0.0418123
1998-12-04/02:24:24      287.050      43.0100      9.76000      100.000      1.79598     0.173648    0.0308696
1998-12-04/02:24:26      287.030      43.0200      9.75000      100.000      1.86391     0.173648    0.0320371
1998-12-04/02:24:29      287.000      43.0300      9.73000      102.000      1.43056     0.207912    0.0244224
1998-12-04/02:24:31      286.800      43.1900      9.70000      106.000      2.45874     0.275637    0.0412507
1998-12-04/02:24:34      286.590      43.3400      9.66000      111.000      2.04548     0.358368    0.0333292
1998-12-04/02:24:36      286.460      43.5400      9.63000      115.000      2.55251     0.422618    0.0403757
1998-12-04/02:24:39      286.330      43.7400      9.60000      118.000      2.04967     0.469472    0.0315861
1998-12-04/02:24:41      286.360      43.9100      9.57000      118.000      1.90737     0.469472    0.0293932
1998-12-04/02:24:44      286.390      44.0700      9.55000      118.000      1.76345     0.469472    0.0271754
1998-12-04/02:24:46      286.330      44.1900      9.53000      116.000      2.15172     0.438371    0.0337538
1998-12-04/02:24:49      286.270      44.3100      9.52000      117.000      2.31939     0.453991    0.0360688
1998-12-04/02:24:51      286.350      44.4000      9.50000      117.000      2.05042     0.453991    0.0318861
1998-12-04/02:24:54      286.430      44.4800      9.49000      115.000      2.26287     0.422618    0.0357942
1998-12-04/02:24:56      286.100      44.6400      9.50000      114.000      1.76200     0.406737    0.0280940
1998-12-04/02:24:59      285.750      44.7900      9.50000      114.000      1.85548     0.406737    0.0295845
1998-12-04/02:25:02      285.920      44.9600      9.51000      113.000      1.31741     0.390731    0.0211653
1998-12-04/02:25:05      285.990      45.0900      9.53000      113.000      1.74178     0.390731    0.0279832
1998-12-04/02:25:07      285.900      45.2300      9.56000      113.000      1.20991     0.390731    0.0194382
1998-12-04/02:25:10      285.870      45.3600      9.59000      114.000      2.26885     0.406737    0.0361754
1998-12-04/02:25:12      285.960      45.4500      9.62000      113.000      1.31741     0.390731    0.0211653
1998-12-04/02:25:15      285.930      45.5600      9.64000      112.000      1.56737     0.374607    0.0253638
1998-12-04/02:25:17      285.580      45.7100      9.67000      111.000      2.04548     0.358368    0.0333292
1998-12-04/02:25:19      285.280      45.8600      9.69000      106.000      2.45874     0.275637    0.0412507
1998-12-04/02:25:22      285.100      45.9900      9.71000      103.000      1.98394     0.224951    0.0337388
1998-12-04/02:25:24      284.930      46.1400      9.73000      101.000      1.63026     0.190809    0.0279306
1998-12-04/02:25:27      284.750      46.3100      9.74000      99.0000      2.67129     0.156434    0.0460488
1998-12-04/02:25:29      284.540      46.4700      9.75000      99.0000      2.27326     0.156434    0.0391874
1998-12-04/02:25:32      284.240      46.6000      9.75000      99.0000      2.78112     0.156434    0.0479421
1998-12-04/02:25:34      284.000      46.7500      9.75000      98.0000      2.79037     0.139173    0.0482272
1998-12-04/02:25:37      283.920      46.9400      9.75000      96.0000      3.07606     0.104529    0.0533933
1998-12-04/02:25:39      283.790      47.0800      9.75000      95.0000      2.51147    0.0871559    0.0436666
1998-12-04/02:25:42      283.450      47.0600      9.77000      95.0000      3.04153    0.0871559    0.0528827
1998-12-04/02:25:44      283.230      47.0600      9.79000      96.0000      2.70511     0.104529    0.0469544
1998-12-04/02:25:47      283.450      47.1000      9.80000      98.0000      3.06517     0.139173    0.0529767
1998-12-04/02:25:49      283.590      47.1500      9.82000      99.0000      2.63679     0.156434    0.0454541
1998-12-04/02:25:52      283.400      47.2500      9.85000      101.000      2.02113     0.190809    0.0346273
1998-12-04/02:25:54      283.260      47.3500      9.88000      100.000      2.13861     0.173648    0.0367587
1998-12-04/02:25:57      283.280      47.4500      9.91000      99.0000      2.78112     0.156434    0.0479421
1998-12-04/02:25:59      283.230      47.5500      9.94000      100.000      2.20742     0.173648    0.0379414
1998-12-04/02:26:02      282.860      47.6600      9.96000      99.0000      3.05685     0.156434    0.0526952
1998-12-04/02:26:04      282.540      47.7700      9.98000      100.000      2.20742     0.173648    0.0379414
1998-12-04/02:26:07      282.510      47.8300      9.99000      101.000      2.17303     0.190809    0.0372297
1998-12-04/02:26:09      282.420      47.9000      10.0100      104.000      2.85144     0.241922    0.0482887
1998-12-04/02:26:12      281.980      48.0300      10.0200      104.000      3.37305     0.241922    0.0571221
1998-12-04/02:26:14      281.490      48.1600      10.0300      104.000      2.74456     0.241922    0.0464787
1998-12-04/02:26:17      280.640      48.2700      10.0200      103.000      2.41720     0.224951    0.0411068
1998-12-04/02:26:19      279.840      48.3900      10.0200      105.000      3.09738     0.258819    0.0522174
1998-12-04/02:26:21      279.430      48.4900      10.0000      103.000      2.80807     0.224951    0.0477539
1998-12-04/02:26:24      278.940      48.6200      9.99000      103.000      2.32163     0.224951    0.0394816
1998-12-04/02:26:26      278.470      48.7400      9.97000      105.000      3.52055     0.258819    0.0593515
1998-12-04/02:26:29      278.000      48.8500      9.96000      107.000      2.89541     0.292372    0.0483263
1998-12-04/02:26:31      276.900      48.9800      9.94000      107.000      2.89541     0.292372    0.0483263
1998-12-04/02:26:34      275.740      49.1000      9.91000      109.000      2.93767     0.325568    0.0484786
1998-12-04/02:27:40      274.980      52.0900      9.88000      111.000      2.39953     0.358368    0.0390981
1998-12-04/02:27:43      274.760      52.2600      9.85000      113.000      1.64092     0.390731    0.0263628
1998-12-04/02:27:45      273.690      52.3800      9.82000      113.000      1.82806     0.390731    0.0293693
1998-12-04/02:27:48      272.130      52.4700      9.79000      116.000      2.75008     0.438371    0.0431403
1998-12-04/02:31:20      263.640      62.4800      9.76000      102.000      2.45751     0.207912    0.0419544
1998-12-04/02:31:22      266.060      63.1600      9.73000      109.000      3.18880     0.325568    0.0526229
1998-12-04/02:31:25      267.730      63.7600      9.71000      106.000      3.45951     0.275637    0.0580408
1998-12-04/02:31:27      267.850      64.1900      9.68000      112.000      1.90709     0.374607    0.0308613
1998-12-04/02:31:30      266.830      64.5100      9.65000      114.000      2.17026     0.406737    0.0346034
1998-12-04/02:31:32      263.290      64.6200      9.61000      115.000      2.15278     0.422618    0.0340528
1998-12-04/02:34:36      245.320      73.1100      9.59000      118.000      2.42354     0.469472    0.0373476
1998-12-04/02:34:39      248.580      73.5700      9.57000      120.000      2.53734     0.500000    0.0383519
1998-12-04/02:34:41      251.550      73.9200      9.57000      121.000      2.42035     0.515038    0.0362094
1998-12-04/02:34:44      254.490      74.2700      9.58000      120.000      2.68786     0.500000    0.0406270
1998-12-04/02:34:46      255.460      74.5100      9.59000      121.000      2.49214     0.515038    0.0372834
1998-12-04/02:34:49      256.270      74.7300      9.60000      119.000      3.00080     0.484810    0.0458072
1998-12-04/02:56:56      96.3000      44.6100      9.61000      76.0000      2.17751     0.241922    0.0368758
1998-12-04/02:56:58      98.7700      44.3400      9.62000      73.0000      2.76827     0.292372    0.0462043
1998-12-04/02:57:01      100.250      44.2000      9.64000      72.0000      2.31438     0.309017    0.0384165
1998-12-04/02:57:03      101.250      44.1300      9.67000      72.0000      2.44629     0.309017    0.0406061
1998-12-04/02:57:05      102.150      44.0000      9.69000      70.0000      2.57545     0.342020    0.0422393
1998-12-04/02:57:08      102.990      43.8600      9.72000      68.0000      2.04548     0.374607    0.0331008
1998-12-04/02:57:10      103.530      43.7200      9.71000      67.0000      1.56737     0.390731    0.0251811
1998-12-04/02:57:13      103.900      43.5800      9.70000      67.0000      1.74712     0.390731    0.0280690
1998-12-04/02:57:15      104.120      43.3800      9.69000      67.0000      1.74712     0.390731    0.0280690
1998-12-04/02:57:18      104.250      43.1500      9.67000      69.0000      2.55790     0.358368    0.0416786
1998-12-04/02:57:20      104.280      42.9600      9.67000      70.0000      2.83748     0.342020    0.0465367
1998-12-04/02:57:23      104.260      42.8000      9.67000      72.0000      2.80513     0.309017    0.0465625
1998-12-04/02:57:25      104.180      42.6900      9.67000      73.0000      2.58370     0.292372    0.0431237
1998-12-04/02:57:28      104.060      42.6100      9.67000      72.0000      2.56265     0.309017    0.0425376
1998-12-04/02:57:30      104.110      42.4900      9.66000      73.0000      2.45874     0.292372    0.0410380
1998-12-04/02:57:33      104.270      42.3300      9.66000      71.0000      2.51776     0.325568    0.0415491
1998-12-04/02:57:35      104.490      42.1800      9.64000      71.0000      2.42687     0.325568    0.0400492
1998-12-04/02:57:38      104.750      42.0300      9.63000      71.0000      2.72086     0.325568    0.0449008
1998-12-04/02:57:40      105.230      41.7700      9.60000      68.0000      2.01220     0.374607    0.0325623
1998-12-04/02:57:43      105.890      41.4500      9.58000      66.0000      1.64092     0.406737    0.0261634
1998-12-04/02:57:45      106.400      41.1600      9.58000      65.0000      1.76200     0.422618    0.0278714
1998-12-04/02:57:48      106.820      40.8900      9.57000      65.0000      1.94222     0.422618    0.0307221
1998-12-04/02:57:50      107.070      40.6200      9.56000      65.0000      1.67200     0.422618    0.0264478
1998-12-04/02:57:53      107.200      40.3700      9.55000      65.0000      1.94222     0.422618    0.0307221
1998-12-04/02:57:55      107.180      40.1600      9.54000      64.0000      2.46981     0.438371    0.0387437
1998-12-04/02:57:58      107.020      39.9800      9.53000      66.0000      1.78538     0.406737    0.0284668
1998-12-04/02:58:00      106.980      39.7900      9.55000      65.0000      1.94222     0.422618    0.0307221
1998-12-04/02:58:03      107.020      39.5900      9.57000      66.0000      1.78538     0.406737    0.0284668
1998-12-04/02:58:05      106.980      39.4200      9.60000      65.0000      2.00852     0.422618    0.0317709
1998-12-04/02:58:08      106.880      39.2800      9.62000      66.0000      1.74178     0.406737    0.0277716
1998-12-04/04:10:17      288.020      2.99000      9.62000      111.000      22.2732     0.358368     0.362921
1998-12-04/04:10:20      288.070      3.11000      9.63000      112.000      17.4097     0.374607     0.281731
1998-12-04/04:10:22      288.030      3.28000      9.63000      111.000      22.2732     0.358368     0.362921
1998-12-04/04:10:25      288.040      3.44000      9.63000      110.000      26.6230     0.342020     0.436637
1998-12-04/04:10:27      288.130      3.60000      9.66000      111.000      22.2732     0.358368     0.362921
1998-12-04/04:10:30      288.200      3.77000      9.68000      109.000      25.5614     0.325568     0.421825
1998-12-04/04:10:32      288.220      3.93000      9.73000      108.000      8.16549     0.309017     0.135540
1998-12-04/04:10:35      288.220      4.09000      9.78000      107.000      9.20008     0.292372     0.153555
1998-12-04/04:10:37      288.170      4.26000      9.81000      110.000      4.77781     0.342020    0.0783596
1998-12-04/04:10:40      288.120      4.42000      9.83000      110.000      4.60853     0.342020    0.0755833
1998-12-04/04:10:42      288.070      4.58000      9.82000      111.000      3.06196     0.358368    0.0498917
1998-12-04/04:10:45      288.010      4.74000      9.80000      111.000      4.86263     0.358368    0.0792319
1998-12-04/04:10:47      287.960      4.90000      9.79000      113.000      4.23993     0.390731    0.0681180
1998-12-04/04:10:50      287.930      5.07000      9.78000      110.000      6.05545     0.342020    0.0993138
1998-12-04/04:10:52      287.920      5.24000      9.79000      113.000      4.93153     0.390731    0.0792292
1998-12-04/04:10:55      287.910      5.41000      9.80000      112.000      8.75018     0.374607     0.141599
1998-12-04/04:10:57      287.880      5.58000      9.79000      113.000      5.21823     0.390731    0.0838352
1998-12-04/04:11:00      287.860      5.75000      9.77000      114.000      5.84843     0.406737    0.0932496
1998-12-04/04:11:02      287.860      5.93000      9.73000      112.000      3.28072     0.374607    0.0530900
1998-12-04/04:11:05      287.880      6.15000      9.70000      110.000      5.66758     0.342020    0.0929525
1998-12-04/04:11:08      287.900      6.32000      9.67000      109.000      4.47027     0.325568    0.0737702
1998-12-04/04:11:10      287.880      6.50000      9.65000      106.000      8.98885     0.275637     0.150808
1998-12-04/04:11:13      287.820      6.68000      9.64000      105.000      9.12153     0.258819     0.153776
1998-12-04/04:11:15      287.820      6.85000      9.63000      99.0000      24.3528     0.156434     0.419804
1998-12-04/04:11:18      287.840      7.01000      9.61000      107.000      22.5796     0.292372     0.376869
1998-12-04/04:13:29      289.110      13.7900      9.58000      92.0000      2.57276    0.0348995    0.0448758
1998-12-04/04:13:34      288.940      14.1100      9.58000      100.000      3.55340     0.173648    0.0610763
1998-12-04/04:13:37      288.850      14.2300      9.58000      95.0000      4.16876    0.0871559    0.0724817
1998-12-04/04:13:39      288.760      14.3500      9.59000      116.000      6.46327     0.438371     0.101389
1998-12-04/04:13:42      288.730      14.4400      9.61000      119.000      5.88945     0.484810    0.0899024
1998-12-04/04:13:45      288.660      14.5500      9.63000      119.000      7.20557     0.484810     0.109993
1998-12-04/04:13:47      288.580      14.6400      9.64000      119.000      7.65778     0.484810     0.116896
1998-12-04/04:13:50      288.550      14.7400      9.64000      119.000      8.89926     0.484810     0.135847
1998-12-04/04:13:52      288.590      14.8800      9.64000      118.000      9.06853     0.469472     0.139749
1998-12-04/04:13:55      288.620      15.0100      9.64000      120.000      21.9826     0.500000     0.332267
1998-12-04/04:13:57      288.630      15.1600      9.64000      120.000      10.5005     0.500000     0.158715
1998-12-04/04:14:00      288.640      15.3000      9.65000      130.000      12.3380     0.642788     0.164959
1998-12-04/04:14:02      288.610      15.4400      9.66000      123.000      6.75454     0.544639    0.0988700
1998-12-04/04:14:05      288.600      15.5600      9.67000      120.000      7.65753     0.500000     0.115744
1998-12-04/04:14:07      288.610      15.6800      9.68000      104.000      4.98392     0.241922    0.0844020
1998-12-04/04:14:10      288.620      15.7900      9.68000      109.000      5.05363     0.325568    0.0833971
1998-12-04/04:14:12      288.630      15.8900      9.69000      107.000      4.34779     0.292372    0.0725675
1998-12-04/04:14:15      288.640      16.0100      9.70000      110.000      4.60853     0.342020    0.0755833
1998-12-04/04:14:17      288.620      16.1300      9.71000      109.000      3.63450     0.325568    0.0599780
1998-12-04/04:14:20      288.660      16.2600      9.73000      108.000      5.65703     0.309017    0.0939014
1998-12-04/04:14:22      288.800      16.3900      9.75000      107.000      4.67314     0.292372    0.0779978
1998-12-04/04:14:25      288.930      16.5300      9.76000      102.000      4.94791     0.207912    0.0844702
1998-12-04/04:14:27      289.050      16.7000      9.77000      100.000      4.17527     0.173648    0.0717651
1998-12-04/04:14:32      289.110      17.0400      9.76000      93.0000      5.02249    0.0523359    0.0875389
1998-12-04/04:16:56      288.540      24.9500      9.74000      102.000      19.1297     0.207912     0.326580
1998-12-04/04:16:58      288.500      25.0800      9.72000      110.000      26.6230     0.342020     0.436637
1998-12-04/04:17:01      288.480      25.2000      9.71000      120.000      10.0925     0.500000     0.152548
1998-12-04/04:17:03      288.460      25.3200      9.72000      124.000      8.95656     0.559193     0.129596
1998-12-04/04:17:05      288.410      25.4600      9.75000      126.000      7.03291     0.587785    0.0993048
1998-12-04/04:17:08      288.340      25.6100      9.79000      127.000      6.49897     0.601815    0.0905880
1998-12-04/04:17:10      288.310      25.7500      9.84000      123.000      2.53819     0.544639    0.0371529
1998-12-04/04:17:13      288.300      25.8800      9.87000      126.000      7.12940     0.587785     0.100667
1998-12-04/04:17:15      288.270      26.0100      9.90000      123.000      2.85153     0.544639    0.0417394
1998-12-04/04:17:18      288.220      26.1500      9.91000      122.000      3.39229     0.529919    0.0502101
1998-12-04/04:17:20      288.150      26.3000      9.93000      117.000      4.31892     0.453991    0.0671635
1998-12-04/04:17:23      288.080      26.4500      9.92000      115.000      5.27870     0.422618    0.0834988
1998-12-04/04:17:25      288.030      26.6000      9.92000      109.000      3.63450     0.325568    0.0599780
1998-12-04/04:17:28      287.990      26.7500      9.90000      103.000      4.07256     0.224951    0.0692578
1998-12-04/04:17:30      287.950      26.9000      9.89000      101.000      2.66120     0.190809    0.0455933
1998-12-04/04:17:33      287.910      27.0400      9.87000      99.0000      3.62819     0.156434    0.0625442
1998-12-04/04:17:35      287.870      27.1900      9.86000      97.0000      3.78949     0.121869    0.0656461
1998-12-04/04:17:38      287.830      27.3400      9.83000      97.0000      3.62364     0.121869    0.0627730
1998-12-04/04:17:40      287.800      27.4800      9.81000      97.0000      3.78387     0.121869    0.0655487
1998-12-04/04:17:42      287.780      27.6000      9.77000      96.0000      5.82111     0.104529     0.101041
1998-12-04/04:17:45      287.760      27.7300      9.75000      98.0000      8.66591     0.139173     0.149777
1998-12-04/04:17:47      287.770      27.8600      9.72000      98.0000      7.37596     0.139173     0.127482
1998-12-04/04:17:50      287.790      27.9900      9.69000      99.0000      12.1764     0.156434     0.209902
1998-12-04/04:17:52      287.800      28.1200      9.66000      97.0000      18.5254     0.121869     0.320920
1998-12-04/04:17:55      287.820      28.2500      9.63000      99.0000      8.54921     0.156434     0.147375
1998-12-04/04:17:57      287.840      28.3900      9.61000      98.0000      7.14654     0.139173     0.123517
1998-12-04/04:18:00      287.840      28.5400      9.60000      99.0000      6.40077     0.156434     0.110339
1998-12-04/04:18:02      287.800      28.6900      9.58000      98.0000      6.04806     0.139173     0.104531
1998-12-04/04:18:05      287.790      28.8400      9.57000      100.000      3.33630     0.173648    0.0573448
1998-12-04/04:18:07      287.820      28.9900      9.57000      101.000      6.34732     0.190809     0.108746
1998-12-04/04:18:10      287.840      29.1400      9.59000      110.000      5.24256     0.342020    0.0859818
1998-12-04/04:18:12      287.860      29.2900      9.62000      113.000      7.82908     0.390731     0.125781
1998-12-04/04:18:15      287.880      29.4400      9.65000      114.000      8.15788     0.406737     0.130072
1998-12-04/04:18:17      287.910      29.5700      9.73000      114.000      20.2240     0.406737     0.322459
1998-12-04/04:18:20      287.940      29.7000      9.80000      114.000      10.1120     0.406737     0.161230
1998-12-04/04:18:22      287.950      29.8200      9.87000      113.000      17.3017     0.390731     0.277966
1998-12-04/04:18:25      287.960      29.9500      9.93000      116.000      21.9194     0.438371     0.343848
1998-12-31/02:28:59      293.060     -2.55000      9.98000      112.000      1.61897     0.374607    0.0261988
1998-12-31/02:29:01      293.220     -2.37000      10.0300      116.000      2.47717     0.438371    0.0388592
1998-12-31/02:29:04      293.380     -2.19000      10.0700      115.000      2.26287     0.422618    0.0357942
1998-12-31/02:29:06      293.600     -2.01000      10.1100      119.000      2.55857     0.484810    0.0390565
1998-12-31/02:29:09      293.760     -1.84000      10.1400      119.000      2.34718     0.484810    0.0358297
1998-12-31/02:29:11      293.590     -1.74000      10.1500      121.000      2.16399     0.515038    0.0323741
1998-12-31/02:29:14      293.420     -1.63000      10.1500      119.000      2.72378     0.484810    0.0415785
1998-12-31/02:29:16      293.180     -1.54000      10.1400      120.000      2.75537     0.500000    0.0416474
1998-12-31/02:29:19      292.990     -1.44000      10.1300      121.000      2.75133     0.515038    0.0411610
1998-12-31/02:29:21      292.990     -1.30000      10.1200      120.000      2.31453     0.500000    0.0349841
1998-12-31/02:29:24      292.970     -1.15000      10.1300      119.000      2.80616     0.484810    0.0428360
1998-12-31/02:29:26      292.880    -0.980000      10.1300      118.000      2.18262     0.469472    0.0336349
1998-12-31/02:29:29      292.800    -0.820000      10.1200      114.000      1.94222     0.406737    0.0309675
1998-12-31/02:29:31      292.780    -0.690000      10.0900      115.000      2.62014     0.422618    0.0414455
1998-12-31/02:29:34      292.740    -0.570000      10.0800      111.000      2.47319     0.358368    0.0402983
1998-12-31/02:29:36      292.560    -0.500000      10.0700      113.000      2.10025     0.390731    0.0337423
1998-12-31/02:29:39      292.370    -0.430000      10.0700      112.000      2.03620     0.374607    0.0329506
1998-12-31/02:29:41      292.190    -0.330000      10.0600      113.000      1.92248     0.390731    0.0308863
1998-12-31/02:29:44      292.000    -0.240000      10.0600      112.000      1.94513     0.374607    0.0314769
1998-12-31/02:29:46      291.790    -0.130000      10.0600      114.000      2.00852     0.406737    0.0320246
1998-12-31/02:29:49      291.590   -0.0200000      10.0500      113.000      1.58863     0.390731    0.0255227
1998-12-31/02:29:51      291.450     0.130000      10.0500      113.000      1.69368     0.390731    0.0272104
1998-12-31/02:29:54      291.190     0.260000      10.0700      111.000      2.04548     0.358368    0.0333292
1998-12-31/02:29:56      290.390     0.330000      10.0800      112.000      1.86436     0.374607    0.0301698
1998-12-31/02:30:16      290.170      1.23000      10.1000      116.000      2.93375     0.438371    0.0460215
1998-12-31/02:30:18      290.130      1.39000      10.1100      117.000      3.16633     0.453991    0.0492396
1998-12-31/02:31:49      295.120      10.2100      10.1100      169.000      11.4279     0.981627    0.0380577
1998-12-31/02:31:51      296.800      9.64000      10.1100      172.000      28.8087     0.990268    0.0699772
1998-12-31/02:31:54      298.240      9.14000      10.0900      92.0000      20.8008    0.0348995     0.362821
1998-12-31/02:31:56      298.620      9.00000      10.0700      155.000      41.2354     0.906308     0.304156
1998-12-31/02:31:59      298.940      8.87000      10.0600      158.000      10.3776     0.927184    0.0678500
1998-12-31/02:32:01      299.030      8.82000      10.0500      160.000      14.3019     0.939693    0.0853734
1998-12-31/02:32:04      299.090      8.78000      10.0700      161.000      13.4449     0.945519    0.0763971
1998-12-31/02:34:14      294.000      15.7500      10.1000      97.0000      5.76105     0.121869    0.0997998
1998-12-31/02:34:16      293.970      15.8800      10.1300      98.0000      3.65394     0.139173    0.0631526
1998-12-31/02:34:19      293.940      16.0100      10.1500      98.0000      3.15804     0.139173    0.0545818
1998-12-31/02:34:21      293.970      16.1400      10.1600      96.0000      2.99009     0.104529    0.0519010
1998-12-31/02:34:24      294.000      16.2800      10.1700      96.0000      2.64068     0.104529    0.0458361
1998-12-31/02:34:26      294.030      16.4600      10.1800      97.0000      2.72844     0.121869    0.0472653
1998-12-31/02:34:29      294.060      16.6300      10.2000      98.0000      2.71465     0.139173    0.0469185
1998-12-31/02:34:31      294.100      16.8200      10.1900      99.0000      2.59746     0.156434    0.0447761
1998-12-31/02:34:34      294.140      17.0000      10.1900      99.0000      2.49419     0.156434    0.0429959
1998-12-31/02:34:36      294.150      17.1600      10.1600      100.000      2.13861     0.173648    0.0367587
1998-12-31/02:34:39      294.190      17.3100      10.1300      99.0000      2.55400     0.156434    0.0440269
1998-12-31/02:34:41      294.300      17.4300      10.1100      98.0000      2.91341     0.139173    0.0503537
1998-12-31/02:34:44      294.390      17.5500      10.1000      97.0000      2.86343     0.121869    0.0496038
1998-12-31/02:34:46      294.390      17.6900      10.0800      98.0000      3.15804     0.139173    0.0545818
1998-12-31/02:34:49      294.400      17.8300      10.0700      99.0000      2.67129     0.156434    0.0460488
1998-12-31/02:34:51      294.440      17.9700      10.0400      100.000      2.25861     0.173648    0.0388213
1998-12-31/02:34:54      294.480      18.1200      10.0100      101.000      1.71735     0.190809    0.0294227
1998-12-31/02:34:56      294.550      18.2600      9.97000      101.000      1.74878     0.190809    0.0299612
1998-12-31/02:34:59      294.610      18.4000      9.94000      101.000      1.35630     0.190809    0.0232370
1998-12-31/02:35:01      294.650      18.5500      9.92000      101.000      1.41405     0.190809    0.0242264
1998-12-31/02:35:04      294.700      18.6900      9.90000      99.0000      2.13412     0.156434    0.0367888
1998-12-31/02:35:06      294.760      18.8200      9.88000      100.000      2.13861     0.173648    0.0367587
1998-12-31/02:35:09      294.830      18.9500      9.86000      99.0000      2.70037     0.156434    0.0465501
1998-12-31/02:35:11      294.910      19.0700      9.84000      100.000      2.68670     0.173648    0.0461794
1998-12-31/02:35:14      294.990      19.2000      9.82000      101.000      2.28375     0.190809    0.0391266
1998-12-31/02:35:16      295.060      19.3200      9.82000      100.000      2.93754     0.173648    0.0504908
1998-12-31/02:35:19      295.150      19.4400      9.83000      99.0000      3.16593     0.156434    0.0545756
1998-12-31/02:35:21      295.240      19.5900      9.83000      98.0000      4.02632     0.139173    0.0695887
1998-12-31/02:35:24      295.330      19.7300      9.82000      97.0000      5.90919     0.121869     0.102366
1998-12-31/02:35:26      295.370      19.8600      9.82000      96.0000      5.80303     0.104529     0.100727
1998-12-31/02:35:29      295.410      19.9900      9.81000      96.0000      5.33106     0.104529    0.0925348
1998-12-31/02:35:31      295.490      20.1000      9.81000      95.0000      5.22462    0.0871559    0.0908398
1998-12-31/02:35:33      295.540      20.1700      9.80000      95.0000      5.22462    0.0871559    0.0908398
1998-12-31/02:35:36      295.610      20.3000      9.81000      96.0000      5.90345     0.104529     0.102470
1998-12-31/02:35:38      295.670      20.4200      9.81000      96.0000      5.80303     0.104529     0.100727
1998-12-31/02:35:41      295.720      20.5500      9.81000      96.0000      5.03888     0.104529    0.0874633
1998-12-31/02:35:43      295.780      20.6800      9.80000      95.0000      3.29517    0.0871559    0.0572927
1998-12-31/02:35:46      295.810      20.8000      9.81000      96.0000      3.70113     0.104529    0.0642430
1998-12-31/02:35:48      295.830      20.9200      9.81000      95.0000      3.12222    0.0871559    0.0542857
1998-12-31/02:35:51      295.830      21.0400      9.82000      96.0000      2.79431     0.104529    0.0485027
1998-12-31/02:35:53      295.820      21.1700      9.83000      95.0000      2.51147    0.0871559    0.0436666
1998-12-31/02:35:56      295.850      21.2900      9.83000      96.0000      2.64068     0.104529    0.0458361
1998-12-31/02:35:58      295.890      21.4200      9.82000      95.0000      2.30219    0.0871559    0.0400279
1998-12-31/02:36:01      295.990      21.5500      9.80000      98.0000      2.63167     0.139173    0.0454843
1998-12-31/02:36:03      296.090      21.6900      9.78000      97.0000      2.58418     0.121869    0.0447663
1998-12-31/02:36:06      296.140      21.8100      9.76000      99.0000      2.72954     0.156434    0.0470529
1998-12-31/02:36:08      296.190      21.9300      9.74000      99.0000      2.59746     0.156434    0.0447761
1998-12-31/02:36:11      296.200      22.0500      9.73000      99.0000      2.78112     0.156434    0.0479421
1998-12-31/02:36:13      296.220      22.1600      9.73000      99.0000      2.59746     0.156434    0.0447761
1998-12-31/02:36:16      296.230      22.2700      9.71000      99.0000      2.63679     0.156434    0.0454541
1998-12-31/02:36:18      296.240      22.3900      9.69000      100.000      2.17704     0.173648    0.0374193
1998-12-31/02:36:21      296.200      22.5100      9.68000      101.000      1.68212     0.190809    0.0288191
1998-12-31/02:36:23      296.150      22.6400      9.67000      101.000      1.85434     0.190809    0.0317697
1998-12-31/02:36:26      296.100      22.7800      9.66000      100.000      1.79598     0.173648    0.0308696
1998-12-31/02:36:28      296.040      22.9300      9.65000      100.000      1.86391     0.173648    0.0320371
1998-12-31/02:36:31      296.060      23.0600      9.67000      100.000      1.94149     0.173648    0.0333706
1998-12-31/02:36:33      296.100      23.1900      9.68000      101.000      1.41405     0.190809    0.0242264
1998-12-31/02:36:36      296.100      23.3200      9.70000      102.000      1.26700     0.207912    0.0216301
1998-12-31/02:36:38      296.100      23.4500      9.72000      101.000      1.41405     0.190809    0.0242264
1998-12-31/02:36:41      296.130      23.5800      9.74000      104.000      1.81482     0.241922    0.0307337
1998-12-31/02:36:43      296.170      23.7100      9.75000      105.000      2.24074     0.258819    0.0377757
1998-12-31/02:36:46      296.140      23.8400      9.79000      105.000      2.85935     0.258819    0.0482046
1998-12-31/02:36:48      296.100      23.9600      9.82000      105.000      2.68027     0.258819    0.0451856
1998-12-31/02:36:51      296.100      24.0900      9.84000      105.000      2.85935     0.258819    0.0482046
1998-12-31/02:36:54      296.100      24.2600      9.86000      103.000      1.89749     0.224951    0.0322687
1998-12-31/02:36:56      296.060      24.4100      9.87000      104.000      2.45144     0.241922    0.0415148
1998-12-31/02:36:59      296.030      24.5600      9.88000      105.000      2.68027     0.258819    0.0451856
1998-12-31/02:37:01      295.980      24.7300      9.88000      104.000      2.26526     0.241922    0.0383619
1998-12-31/02:37:04      295.950      24.9000      9.87000      106.000      2.31977     0.275637    0.0389192
1998-12-31/02:37:06      295.930      25.0500      9.87000      107.000      3.22839     0.292372    0.0538840
1998-12-31/02:37:09      295.910      25.1900      9.87000      107.000      3.00550     0.292372    0.0501638
1998-12-31/02:37:11      295.880      25.3000      9.89000      109.000      2.97829     0.325568    0.0491490
1998-12-31/02:37:14      295.840      25.4200      9.91000      109.000      2.65359     0.325568    0.0437906
1998-12-31/02:37:16      295.780      25.5300      9.94000      109.000      2.65359     0.325568    0.0437906
1998-12-31/02:37:19      295.730      25.6500      9.97000      108.000      2.25162     0.309017    0.0373748
1998-12-31/02:37:21      295.650      25.8000      9.98000      106.000      2.18013     0.275637    0.0365764
1998-12-31/02:37:24      295.590      25.9400      9.99000      103.000      2.08650     0.224951    0.0354829
1998-12-31/02:37:26      295.560      26.1000      9.97000      100.000      1.94149     0.173648    0.0333706
1998-12-31/02:37:29      295.550      26.2600      9.95000      99.0000      2.59746     0.156434    0.0447761
1998-12-31/02:37:31      295.640      26.4200      9.95000      97.0000      2.72844     0.121869    0.0472653
1998-12-31/02:37:34      295.710      26.5700      9.96000      98.0000      2.71465     0.139173    0.0469185
1998-12-31/02:37:36      295.690      26.6900      9.97000      99.0000      2.20252     0.156434    0.0379680
1998-12-31/02:37:39      295.650      26.8100      9.97000      100.000      2.10644     0.173648    0.0362058
1998-12-31/02:37:41      295.510      26.9200      9.96000      101.000      1.41405     0.190809    0.0242264
1998-12-31/02:37:44      295.380      27.0400      9.95000      103.000      1.49576     0.224951    0.0254368
1998-12-31/02:37:46      295.260      27.1900      9.94000      102.000      1.36590     0.207912    0.0233185
1998-12-31/02:37:49      295.160      27.3500      9.94000      103.000      1.98394     0.224951    0.0337388
1998-12-31/02:37:51      295.140      27.5100      9.96000      104.000      2.26526     0.241922    0.0383619
1998-12-31/02:37:54      295.120      27.6700      10.0000      104.000      2.56031     0.241922    0.0433585
1998-12-31/02:37:56      295.070      27.8000      10.0000      103.000      2.17751     0.224951    0.0370307
1998-12-31/02:37:59      295.000      27.9400      10.0000      104.000      2.45144     0.241922    0.0415148
1998-12-31/02:38:02      294.920      28.0600      10.0100      103.000      2.17751     0.224951    0.0370307
1998-12-31/02:38:04      294.860      28.1800      10.0300      101.000      1.71735     0.190809    0.0294227
1998-12-31/02:38:07      294.830      28.3000      10.0500      100.000      2.13861     0.173648    0.0367587
1998-12-31/02:38:09      294.780      28.4300      10.0600      98.0000      2.95756     0.139173    0.0511168
1998-12-31/02:38:12      294.660      28.5800      10.0900      99.0000      2.72954     0.156434    0.0470529
1998-12-31/02:38:13      294.580      28.6800      10.1100      99.0000      2.78112     0.156434    0.0479421
1998-12-31/02:38:16      294.440      28.8200      10.1200      101.000      2.28375     0.190809    0.0391266
1998-12-31/02:38:18      294.290      28.9500      10.1200      106.000      3.37382     0.275637    0.0566032
1998-12-31/02:38:21      294.240      29.0900      10.1000      108.000      2.79788     0.309017    0.0464422
1998-12-31/02:38:23      294.210      29.2200      10.0700      111.000      2.37731     0.358368    0.0387360
1998-12-31/02:38:26      294.190      29.3500      10.0100      112.000      1.52115     0.374607    0.0246159
1998-12-31/02:38:28      294.160      29.4800      9.94000      114.000      1.94222     0.406737    0.0309675
1998-12-31/02:38:31      294.130      29.6200      9.89000      113.000      1.58863     0.390731    0.0255227
1998-12-31/02:38:33      294.100      29.7600      9.85000      115.000      2.46981     0.422618    0.0390676
1998-12-31/02:38:36      294.090      29.9100      9.83000      116.000      3.01723     0.438371    0.0473310
1998-12-31/02:38:38      294.090      30.0600      9.83000      117.000      2.93155     0.453991    0.0455885
1998-12-31/02:38:41      294.050      30.2000      9.83000      117.000      3.16633     0.453991    0.0492396
1998-12-31/02:38:43      294.000      30.3500      9.83000      118.000      3.01293     0.469472    0.0464303
1998-12-31/02:38:46      293.950      30.4700      9.84000      117.000      3.04900     0.453991    0.0474150
1998-12-31/02:38:48      293.890      30.6000      9.84000      116.000      3.66487     0.438371    0.0574905
1998-12-31/02:38:51      293.850      30.7400      9.85000      112.000      1.90709     0.374607    0.0308613
1998-12-31/02:38:53      293.800      30.8700      9.86000      110.000      3.00121     0.342020    0.0492220
1998-12-31/02:38:56      293.770      31.0000      9.87000      110.000      2.88719     0.342020    0.0473520
1998-12-31/02:38:58      293.740      31.1400      9.87000      107.000      3.00550     0.292372    0.0501638
1998-12-31/02:39:01      293.790      31.2600      9.87000      108.000      2.94697     0.309017    0.0489170
1998-12-31/02:39:03      293.840      31.3900      9.87000      107.000      3.29316     0.292372    0.0549650
1998-12-31/02:39:06      293.840      31.5400      9.85000      107.000      3.33396     0.292372    0.0556460
1998-12-31/02:39:08      293.850      31.6900      9.84000      106.000      3.07495     0.275637    0.0515890
1998-12-31/02:39:11      293.820      31.8400      9.80000      108.000      3.27522     0.309017    0.0543656
1998-12-31/02:39:13      293.780      31.9900      9.76000      107.000      2.89541     0.292372    0.0483263
1998-12-31/02:39:16      293.770      32.1300      9.74000      108.000      3.35424     0.309017    0.0556773
1998-12-31/02:39:18      293.760      32.2600      9.73000      109.000      4.71565     0.325568    0.0778196
1998-12-31/02:39:21      293.680      32.4000      9.74000      109.000      5.39605     0.325568    0.0890478
1998-12-31/02:39:23      293.600      32.5500      9.75000      108.000      3.81802     0.309017    0.0633756
1998-12-31/02:39:26      293.450      32.7100      9.76000      107.000      5.86741     0.292372    0.0979310
1998-12-31/02:39:28      293.300      32.8700      9.77000      106.000      4.39636     0.275637    0.0737585
1998-12-31/02:39:31      293.190      33.0100      9.78000      105.000      3.92395     0.258819    0.0661523
1998-12-31/02:39:34      293.070      33.1800      9.79000      104.000      3.37305     0.241922    0.0571221
1998-12-31/02:39:37      293.020      33.3000      9.81000      101.000      2.66120     0.190809    0.0455933
1998-12-31/02:39:39      292.980      33.4300      9.84000      101.000      2.52565     0.190809    0.0432710
1998-12-31/02:39:42      292.950      33.5700      9.85000      100.000      2.30634     0.173648    0.0396417
1998-12-31/02:39:44      292.930      33.7200      9.86000      101.000      2.09172     0.190809    0.0358367
1998-12-31/02:39:47      292.930      33.8700      9.86000      100.000      2.30634     0.173648    0.0396417
1998-12-31/02:39:49      292.900      34.0300      9.86000      101.000      1.85434     0.190809    0.0317697
1998-12-31/02:39:52      292.750      34.1800      9.87000      100.000      2.10644     0.173648    0.0362058
1998-12-31/02:39:54      292.610      34.3400      9.87000      101.000      1.74878     0.190809    0.0299612
1998-12-31/02:39:57      292.470      34.4900      9.89000      100.000      2.08986     0.173648    0.0359208
1998-12-31/02:39:59      292.340      34.6300      9.90000      101.000      1.78652     0.190809    0.0306078
1998-12-31/02:40:02      292.220      34.7600      9.92000      98.0000      2.91341     0.139173    0.0503537
1998-12-31/02:40:04      292.100      34.9000      9.93000      97.0000      3.10004     0.121869    0.0537026
1998-12-31/02:40:07      291.970      35.0300      9.93000      97.0000      3.54206     0.121869    0.0613598
1998-12-31/02:40:09      291.890      35.1500      9.92000      97.0000      3.05153     0.121869    0.0528623
1998-12-31/02:40:12      291.960      35.2900      9.91000      95.0000      2.47527    0.0871559    0.0430372
1998-12-31/02:40:14      292.030      35.4200      9.89000      98.0000      2.71465     0.139173    0.0469185
1998-12-31/02:40:17      292.090      35.5500      9.88000      98.0000      2.54772     0.139173    0.0440334
1998-12-31/02:40:19      292.090      35.6900      9.87000      97.0000      2.93299     0.121869    0.0508088
1998-12-31/02:40:22      291.890      35.8300      11.0000      96.0000      2.64068     0.104529    0.0458361
1998-12-31/02:40:24      291.720      35.9600      11.1200      95.0000      3.12222    0.0871559    0.0542857
1998-12-31/02:40:27      291.680      36.1100      11.2500      92.0000      1.76223    0.0348995    0.0307380
1998-12-31/02:40:29      291.610      36.2600      11.3900      91.0000      1.41036    0.0174525    0.0246117
1998-12-31/02:40:32      291.420      36.4300      11.5300      91.0000      1.41036    0.0174525    0.0246117
1998-12-31/02:40:34      291.230      36.5900      11.6800      92.0000      1.68126    0.0348995    0.0293256
1998-12-31/02:40:37      291.070      36.7200      11.8300      92.0000      1.92237    0.0348995    0.0335312
1998-12-31/02:40:39      290.930      36.8600      11.9700      92.0000      1.62515    0.0348995    0.0283469
1998-12-31/02:40:42      290.850      37.0000      12.0900      91.0000      1.34171    0.0174525    0.0234137
1998-12-31/02:40:44      290.850      37.1300      12.1600      92.0000      1.52620    0.0348995    0.0266210
1998-12-31/02:40:47      291.140      37.2800      12.1700      92.0000      1.56949    0.0348995    0.0273761
1998-12-31/02:40:49      291.380      37.4200      12.1600      91.0000      1.44156    0.0174525    0.0251561
1998-12-31/02:40:52      291.450      37.5800      12.1300      92.0000      1.76223    0.0348995    0.0307380
1998-12-31/02:40:53      291.500      37.7000      12.0600      91.0000      1.47669    0.0174525    0.0257692
1998-12-31/02:40:56      291.420      37.8400      11.9500      93.0000      2.45544    0.0523359    0.0427968
1998-12-31/02:40:58      291.340      37.9800      11.8300      93.0000      2.55494    0.0523359    0.0445310
1998-12-31/02:41:01      291.370      38.1300      11.7000      96.0000      2.70511     0.104529    0.0469544
1998-12-31/02:41:03      291.400      38.2900      11.5200      97.0000      2.93299     0.121869    0.0508088
1998-12-31/02:41:06      291.450      38.4400      11.2900      98.0000      2.85571     0.139173    0.0493565
1998-12-31/02:41:08      291.500      38.5900      11.0700      98.0000      2.71465     0.139173    0.0469185
1998-12-31/02:41:11      291.620      38.7300      10.8500      98.0000      2.63167     0.139173    0.0454843
1998-12-31/02:41:13      291.740      38.8800      10.6200      96.0000      2.51410     0.104529    0.0436389
1998-12-31/02:41:16      291.800      39.0400      10.3700      96.0000      2.64068     0.104529    0.0458361
1998-12-31/02:41:18      291.850      39.1900      10.1900      96.0000      2.79431     0.104529    0.0485027
1998-12-31/02:41:21      291.710      39.3500      10.0200      98.0000      2.71465     0.139173    0.0469185
1998-12-31/02:41:23      291.540      39.5100      9.86000      97.0000      2.79514     0.121869    0.0484208
1998-12-31/02:41:26      291.490      39.6700      9.75000      100.000      1.94149     0.173648    0.0333706
1998-12-31/02:41:28      291.440      39.8200      9.64000      100.000      1.86391     0.173648    0.0320371
1998-12-31/02:41:31      291.500      39.9700      9.55000      98.0000      2.79037     0.139173    0.0482272
1998-12-31/02:41:33      291.570      40.1100      9.45000      96.0000      2.64068     0.104529    0.0458361
1998-12-31/02:41:36      291.640      40.2600      9.36000      96.0000      2.51410     0.104529    0.0436389
1998-12-31/02:41:38      291.710      40.4000      9.26000      94.0000      2.32592    0.0697566    0.0404961
1998-12-31/02:41:41      291.760      40.5400      9.17000      94.0000      2.66392    0.0697566    0.0463809
1998-12-31/02:41:43      291.820      40.6900      10.3100      95.0000      2.47527    0.0871559    0.0430372
1998-12-31/02:41:46      291.740      40.8500      10.5300      97.0000      2.72844     0.121869    0.0472653
1998-12-31/02:41:48      291.650      41.0200      10.7400      96.0000      2.27516     0.104529    0.0394915
1998-12-31/02:41:51      291.560      41.1600      10.9700      99.0000      2.20252     0.156434    0.0379680
1998-12-31/02:41:53      291.470      41.3100      11.1600      99.0000      2.20252     0.156434    0.0379680
1998-12-31/02:41:56      291.520      41.4300      11.2900      100.000      1.74092     0.173648    0.0299232
1998-12-31/02:41:58      291.590      41.5600      11.4100      101.000      1.68212     0.190809    0.0288191
1998-12-31/02:42:01      291.640      41.7100      11.4800      101.000      1.68212     0.190809    0.0288191
1998-12-31/02:42:03      291.690      41.8600      11.5500      101.000      1.78652     0.190809    0.0306078
1998-12-31/02:42:06      291.820      42.0000      11.5900      98.0000      2.95756     0.139173    0.0511168
1998-12-31/02:42:08      291.950      42.1300      11.6300      98.0000      3.06517     0.139173    0.0529767
1998-12-31/02:42:11      291.920      42.2700      11.6200      92.0000      1.97205    0.0348995    0.0343978
1998-12-31/02:42:14      291.880      42.4600      11.5900      91.0000      1.61460    0.0174525    0.0281758
1998-12-31/02:42:19      291.950      42.7400      11.5300      92.0000      1.86320    0.0348995    0.0324992
1998-12-31/02:42:39      290.900      43.8400      11.4700      91.0000      1.77038    0.0174525    0.0308943
1998-12-31/02:42:42      290.780      43.9700      11.4300      97.0000      3.27901     0.121869    0.0568029
1998-12-31/02:42:44      290.650      44.0900      11.3800      96.0000      3.41592     0.104529    0.0592925
1998-12-31/02:42:47      290.470      44.2000      11.3100      100.000      2.13861     0.173648    0.0367587
1998-12-31/02:42:49      290.310      44.3100      11.2900      101.000      1.82292     0.190809    0.0312314
1998-12-31/02:42:52      290.240      44.4300      11.3100      102.000      1.80454     0.207912    0.0308069
1998-12-31/02:42:54      290.140      44.5400      11.3500      102.000      1.86721     0.207912    0.0318768
1998-12-31/02:42:57      289.970      44.6600      11.3900      101.000      1.95756     0.190809    0.0335381
1998-12-31/02:42:59      289.920      44.7800      11.4700      100.000      2.22837     0.173648    0.0383015
1998-12-31/02:43:02      290.290      44.8800      11.5700      100.000      2.17704     0.173648    0.0374193
1998-12-31/02:43:04      290.530      45.0000      11.5400      96.0000      2.64068     0.104529    0.0458361
1998-12-31/02:43:07      290.360      45.1400      11.3600      95.0000      2.51147    0.0871559    0.0436666
1998-12-31/02:43:09      290.140      45.2800      11.4200      95.0000      2.86062    0.0871559    0.0497372
1998-12-31/02:43:12      289.710      45.4200      11.7400      94.0000      2.79926    0.0697566    0.0487373
1998-12-31/02:43:14      289.290      45.5500      11.9300      94.0000      3.35741    0.0697566    0.0584551
1998-12-31/02:43:17      288.900      45.6800      11.9700      93.0000      2.90107    0.0523359    0.0505638
1998-12-31/02:43:19      288.490      45.8100      11.9900      93.0000      3.05252    0.0523359    0.0532035
1998-12-31/02:43:22      288.020      45.9300      12.0000      92.0000      2.07784    0.0348995    0.0362431
1998-12-31/02:43:51      287.100      47.6300      11.9500      100.000      2.10644     0.173648    0.0362058
1998-12-31/02:43:53      287.540      47.8000      11.8500      99.0000      2.49419     0.156434    0.0429959
1998-12-31/02:43:56      288.030      47.9500      11.7100      99.0000      2.27326     0.156434    0.0391874
1998-12-31/02:43:58      288.530      48.1000      11.5100      100.000      2.13861     0.173648    0.0367587
1998-12-31/02:44:01      288.790      48.2400      11.2600      101.000      1.74878     0.190809    0.0299612
1998-12-31/02:44:03      289.030      48.3700      10.9500      101.000      1.78652     0.190809    0.0306078
1998-12-31/02:44:06      289.370      48.4900      10.6300      102.000      1.49575     0.207912    0.0255353
1998-12-31/02:44:08      289.720      48.6000      9.97000      102.000      1.73073     0.207912    0.0295468
1998-12-31/02:44:11      289.850      48.7100      9.61000      102.000      1.43056     0.207912    0.0244224
1998-12-31/02:44:13      289.970      48.8100      9.27000      103.000      1.78707     0.224951    0.0303909
1998-12-31/02:44:16      290.270      48.8800      8.95000      101.000      1.56173     0.190809    0.0267565
1998-12-31/02:44:18      290.590      48.9400      8.72000      101.000      1.74878     0.190809    0.0299612
1998-12-31/02:44:21      291.160      49.0100      8.59000      99.0000      2.49419     0.156434    0.0429959
1998-12-31/02:44:23      291.750      49.0800      8.57000      97.0000      2.99788     0.121869    0.0519329
1998-12-31/02:44:26      291.990      49.1700      8.72000      95.0000      2.58933    0.0871559    0.0450204
1998-12-31/02:44:28      292.190      49.2600      8.94000      94.0000      2.79926    0.0697566    0.0487373
1998-12-31/02:44:31      292.470      49.3600      10.5000      95.0000      2.86062    0.0871559    0.0497372
1998-12-31/02:44:33      292.760      49.4500      10.8800      96.0000      3.07606     0.104529    0.0533933
1998-12-31/02:44:36      292.910      49.5800      11.2300      96.0000      2.99009     0.104529    0.0519010
1998-12-31/02:44:38      293.030      49.7200      11.5300      97.0000      2.86343     0.121869    0.0496038
1998-12-31/02:44:41      292.980      49.8300      11.8000      99.0000      2.63679     0.156434    0.0454541
1998-12-31/02:44:43      292.900      49.9400      12.0200      99.0000      2.63679     0.156434    0.0454541
1998-12-31/02:44:46      292.900      50.0600      12.2000      100.000      2.20742     0.173648    0.0379414
1998-12-31/02:44:48      292.900      50.1800      12.3100      104.000      3.22223     0.241922    0.0545680
1998-12-31/02:44:51      292.720      50.3100      12.3900      107.000      3.33396     0.292372    0.0556460
1998-12-31/02:44:54      292.420      50.4900      12.3900      106.000      4.17674     0.275637    0.0700739
1998-12-31/02:44:57      292.000      50.6200      12.3700      105.000      3.52055     0.258819    0.0593515
1998-12-31/02:44:59      291.530      50.7500      12.2500      104.000      2.74456     0.241922    0.0464787
1998-12-31/02:45:02      290.950      50.8700      12.1100      103.000      1.89749     0.224951    0.0322687
1998-12-31/02:45:04      290.330      50.9900      11.8700      103.000      2.08650     0.224951    0.0354829
1998-12-31/02:45:07      289.600      51.0800      11.6100      105.000      3.75271     0.258819    0.0632654
1998-12-31/02:45:09      288.840      51.1700      11.3000      105.000      3.48493     0.258819    0.0587510
1998-12-31/02:45:12      287.960      51.2300      10.9900      107.000      3.81446     0.292372    0.0636659
1998-12-31/02:45:14      287.000      51.2900      10.7100      109.000      3.18880     0.325568    0.0526229
1998-12-31/02:45:17      285.760      51.3200      10.4600      109.000      3.11900     0.325568    0.0514710
1998-12-31/02:45:19      284.820      51.3600      10.3000      109.000      2.97829     0.325568    0.0491490
1998-12-31/02:45:22      284.880      51.4700      10.2000      110.000      2.73958     0.342020    0.0449311
1998-12-31/02:45:24      284.940      51.5700      10.2200      110.000      2.35372     0.342020    0.0386027
1998-12-31/02:45:27      284.950      51.6900      10.5700      110.000      2.20291     0.342020    0.0361293
1998-12-31/02:45:29      285.090      51.8100      10.7500      109.000      2.51082     0.325568    0.0414346
1998-12-31/02:45:32      285.640      51.9500      10.9600      108.000      2.94697     0.309017    0.0489170
1998-12-31/02:45:34      286.100      52.1000      11.1100      103.000      2.80807     0.224951    0.0477539
1998-12-31/02:45:37      286.270      52.2500      11.2600      104.000      3.12045     0.241922    0.0528444
1998-12-31/02:45:39      286.370      52.4100      11.4000      104.000      3.12045     0.241922    0.0528444
1998-12-31/02:45:42      286.260      52.5600      11.5000      103.000      2.53537     0.224951    0.0431164
1998-12-31/02:45:44      285.760      52.7000      11.5700      104.000      2.26526     0.241922    0.0383619
1998-12-31/02:45:47      283.980      52.7800      11.5900      106.000      3.07495     0.275637    0.0515890
1998-12-31/14:10:32      344.250      86.3300      11.5400      145.000      5.63405     0.819152    0.0564013
1998-12-31/14:10:35      345.370      86.5000      11.5000      144.000      7.64877     0.809017    0.0784671
1998-12-31/14:10:37      347.580      86.3900      11.4600      143.000      8.36682     0.798636    0.0878822
1998-12-31/14:10:40      349.810      86.2800      11.4000      141.000      8.28318     0.777146    0.0909801
1998-12-31/14:10:42      351.370      86.3000      11.3200      140.000      7.90368     0.766045    0.0886695
1998-12-31/14:10:45      352.910      86.3200      11.2600      138.000      7.48664     0.743145    0.0874330
1998-12-31/14:10:47      355.460      86.4500      11.2300      139.000      7.80653     0.754710    0.0893878
1998-12-31/14:10:50      358.050      86.5800      12.2500      136.000      9.61941     0.719340     0.116626
1998-12-31/14:10:52      183.750      86.4800      12.3100      136.000      9.09227     0.719340     0.110235
1998-12-31/14:10:55      5.23000      86.3700      12.3300      136.000      6.90597     0.719340    0.0837285
1998-12-31/14:10:57      1.98000      86.1100      12.3000      138.000      26.7062     0.743145     0.311889
1998-12-31/14:11:00      2.82000      85.8400      12.2100      138.000      26.7062     0.743145     0.311889
1998-12-31/14:11:02      5.59000      85.8800      12.0500      135.000      6.57219     0.707107    0.0811096
1998-12-31/14:11:05      8.40000      85.9300      11.8800      127.000      7.93940     0.601815     0.110666
1998-12-31/14:11:07      11.0000      86.0500      11.7000      118.000      8.20682     0.469472     0.126470
1998-12-31/14:11:10      13.6000      86.1800      11.5000      121.000      5.49953     0.515038    0.0822751
1998-12-31/14:11:12      17.5700      86.3600      11.2700      117.000      7.07804     0.453991     0.110071
1998-12-31/14:11:15      21.5600      86.5400      11.1000      115.000      5.07437     0.422618    0.0802667
1998-12-31/14:11:17      22.8400      86.3900      10.9400      114.000      6.39498     0.406737     0.101964
1998-12-31/14:11:20      24.0600      86.2400      10.7900      114.000      7.39356     0.406737     0.117886
1998-12-31/14:11:22      27.8000      86.4200      10.6900      113.000      7.48251     0.390731     0.120213
1998-12-31/14:11:25      31.5900      86.6000      10.8000      113.000      7.73311     0.390731     0.124239
1998-12-31/14:11:27      34.5800      86.6300      10.9100      115.000      9.95592     0.422618     0.157483
1998-12-31/14:11:30      37.5600      86.6600      11.0400      115.000      7.99577     0.422618     0.126478
1998-12-31/14:11:32      40.9100      86.6600      11.1700      120.000      8.09911     0.500000     0.122418
1998-12-31/14:11:35      44.2700      86.6700      11.3100      145.000      9.13993     0.819152    0.0914980
1998-12-31/14:11:37      47.8700      86.6900      11.4200      148.000      11.6026     0.848048     0.107311
1998-12-31/14:11:40      51.4700      86.7200      11.5000      149.000      12.6259     0.857167     0.113496
1998-12-31/14:11:43      55.6100      86.6100      11.5500      154.000      14.9352     0.898794     0.114270
1998-12-31/14:11:45      58.5600      86.5100      11.5600      153.000      15.8783     0.891007     0.125814
1998-12-31/14:11:48      59.3600      86.4400      11.5600      153.000      15.8783     0.891007     0.125814
1998-12-31/14:11:50      60.1800      86.3500      11.5500      126.000      8.38981     0.587785     0.118464
1998-12-31/14:11:53      61.1000      86.2500      11.5100      144.000      7.97632     0.809017    0.0818274
1998-12-31/14:11:55      62.0100      86.1500      11.4100      143.000      8.36682     0.798636    0.0878822
1998-12-31/14:11:58      64.4000      86.0500      11.3100      144.000      8.72747     0.809017    0.0895333
1998-12-31/14:12:00      66.8800      85.9600      11.2100      123.000      6.75454     0.544639    0.0988700
1998-12-31/14:12:03      68.7000      85.8900      11.1000      124.000      7.07276     0.559193     0.102339
1998-12-31/14:12:05      70.5200      85.8200      10.9600      125.000      6.42706     0.573576    0.0918870
1998-12-31/14:12:08      72.3300      85.7200      10.8300      126.000      7.40466     0.587785     0.104554
1998-12-31/14:12:10      74.0600      85.6200      10.7500      126.000      7.89555     0.587785     0.111485
1998-12-31/14:12:13      75.4100      85.5100      10.6900      146.000      8.76124     0.829038    0.0855076
1998-12-31/14:12:15      76.7900      85.4000      10.6400      145.000      9.65466     0.819152    0.0966509
1998-12-31/14:12:18      78.3200      85.3000      10.5600      149.000      12.9005     0.857167     0.115964
1998-12-31/14:12:20      79.7700      85.2000      10.4800      144.000      11.2859     0.809017     0.115780
1998-12-31/14:12:23      80.8800      85.0900      10.3800      143.000      11.7554     0.798636     0.123475
1998-12-31/14:12:25      82.0200      84.9800      10.2600      135.000      8.06918     0.707107    0.0995845
1998-12-31/14:12:28      83.2300      84.8700      10.1200      138.000      7.79971     0.743145    0.0910892
1998-12-31/14:12:30      84.3400      84.7600      9.97000      133.000      5.70103     0.681998    0.0727710
1998-12-31/14:12:33      85.0400      84.6300      9.85000      129.000      8.78521     0.629321     0.119160
1998-12-31/14:12:35      85.5900      84.5000      9.76000      128.000      8.38080     0.615661     0.115264
1998-12-31/14:12:38      85.5600      84.3800      9.71000      127.000      9.03646     0.601815     0.125958
1998-12-31/14:12:40      85.5000      84.2500      9.71000      121.000      8.19467     0.515038     0.122595
1998-12-31/14:12:43      85.3000      84.1200      9.77000      122.000      7.34258     0.529919     0.108679
1998-12-31/14:12:45      85.2000      83.9800      9.89000      120.000      6.89819     0.500000     0.104266
1998-12-31/14:12:48      85.5100      83.8200      10.0300      121.000      7.73894     0.515038     0.115778
1998-12-31/14:12:50      85.8100      83.6600      10.2100      121.000      7.73894     0.515038     0.115778
1998-12-31/14:12:53      86.0900      83.5500      10.3800      124.000      7.72540     0.559193     0.111782
1998-12-31/14:12:55      86.2900      83.4300      10.5300      123.000      5.86512     0.544639    0.0858511
1998-12-31/14:12:58      86.1600      83.2800      10.6600      124.000      4.60390     0.559193    0.0666158
1998-12-31/14:13:00      85.9900      83.1200      10.7700      123.000      2.68240     0.544639    0.0392638
1998-12-31/14:13:02      85.7300      83.0000      10.8300      124.000      2.56447     0.559193    0.0371064
1998-12-31/14:13:05      85.4000      82.8400      10.8600      123.000      2.53819     0.544639    0.0371529
1998-12-31/14:13:07      86.4700      82.7400      10.8500      126.000      3.91933     0.587785    0.0553410
1998-12-31/14:13:10      87.5500      82.6400      10.8100      131.000      4.20512     0.656059    0.0553905
1998-12-31/14:13:12      87.5800      82.5000      10.7400      139.000      5.16888     0.754710    0.0591857
1998-12-31/14:13:15      87.5900      82.3600      10.6500      143.000      4.53954     0.798636    0.0476817
1998-12-31/14:13:17      88.2700      82.2100      10.5400      147.000      3.04835     0.838671    0.0289768
1998-12-31/14:13:20      88.9700      82.0600      10.4300      146.000      2.27322     0.829038    0.0221861
1998-12-31/14:13:22      89.8700      81.9300      10.3200      146.000      2.37906     0.829038    0.0232190
1998-12-31/14:13:25      90.7700      81.8000      10.2200      142.000      4.39176     0.788011    0.0471909
1998-12-31/14:13:27      90.9800      81.6400      10.1400      139.000      5.16888     0.754710    0.0591857
1998-12-31/14:13:30      91.1700      81.4800      10.0900      134.000      3.27043     0.694658    0.0410597
1998-12-31/14:13:32      92.3700      81.3500      10.0800      133.000      3.66805     0.681998    0.0468209
1998-12-31/14:13:35      93.5800      81.2300      10.1400      131.000      4.73450     0.656059    0.0623636
1998-12-31/14:13:37      94.3200      81.0300      10.2100      131.000      6.26182     0.656059    0.0824817
1998-12-31/14:13:40      95.0600      80.8400      10.3500      128.000      7.77639     0.615661     0.106952
1998-12-31/14:13:42      95.0900      80.6400      10.4900      130.000      5.28399     0.642788    0.0706469
1998-12-31/14:13:45      95.1200      80.4400      10.6200      129.000      5.31607     0.629321    0.0721059
1998-12-31/14:13:47      94.3800      80.2600      10.7300      131.000      4.60264     0.656059    0.0606267
1998-12-31/14:13:50      93.6200      80.0700      10.7700      129.000      4.42622     0.629321    0.0600362
1998-12-31/14:13:52      93.7800      79.9100      10.7900      135.000      2.66943     0.707107    0.0329443
1998-12-31/14:13:55      93.9500      79.7400      10.7400      135.000      2.52047     0.707107    0.0311060
1998-12-31/14:13:57      93.9600      79.5500      10.6800      136.000      2.18785     0.719340    0.0265257
1998-12-31/14:14:00      93.9600      79.3700      10.5600      134.000      2.32540     0.694658    0.0291950
1998-12-31/14:14:02      92.6400      79.1500      10.4300      132.000      3.07640     0.669131    0.0399019
1998-12-31/14:14:05      91.3000      78.9400      10.2800      128.000      3.90398     0.615661    0.0536929
1998-12-31/14:14:07      90.0500      78.7300      10.1400      128.000      3.17442     0.615661    0.0436590
1998-12-31/14:14:10      88.8000      78.5200      10.0200      126.000      2.78934     0.587785    0.0393855
1998-12-31/14:14:12      88.3800      78.4300      9.93000      126.000      2.78934     0.587785    0.0393855
1998-12-31/14:14:15      87.9700      78.3400      9.92000      132.000      5.30442     0.669131    0.0688000
1998-12-31/14:14:17      87.8200      78.2200      9.92000      84.0000      6.60625     0.104528     0.114669
1998-12-31/14:14:20      87.6700      78.0900      9.96000      119.000      6.47383     0.484810    0.0988230
1998-12-31/14:14:23      87.9600      77.9800      9.99000      119.000      3.98186     0.484810    0.0607831
1998-12-31/14:14:25      88.4200      77.9100      9.99000      119.000      4.29604     0.484810    0.0655790
1998-12-31/14:14:28      89.8300      77.9300      9.98000      103.000      4.49561     0.224951    0.0764522
1998-12-31/14:14:30      91.2000      77.9400      9.93000      170.000      7.58249     0.984808    0.0229805
1998-12-31/14:14:33      92.3700      77.9000      9.88000      172.000      19.4889     0.990268    0.0473391
1998-12-31/14:14:35      93.4000      77.8500      9.82000      122.000      2.93854     0.529919    0.0434940
1998-12-31/14:14:38      93.7900      77.7600      9.76000      121.000      4.71276     0.515038    0.0705047
1998-12-31/14:14:40      94.0900      77.6600      9.72000      119.000      3.00080     0.484810    0.0458072
1998-12-31/14:14:43      93.9300      77.5500      9.70000      122.000      2.66196     0.529919    0.0394003
1998-12-31/14:14:45      93.7800      77.4400      10.0400      120.000      4.21716     0.500000    0.0637424
1998-12-31/14:14:48      93.6400      77.3100      10.2500      117.000      4.82079     0.453991    0.0749681
1998-12-31/14:14:50      93.6600      77.1800      10.5200      120.000      3.34165     0.500000    0.0505090
1998-12-31/14:14:53      94.3900      77.0500      10.7600      122.000      3.03619     0.529919    0.0449393
1998-12-31/14:14:55      94.9900      76.9200      10.9700      121.000      3.43143     0.515038    0.0513355
1998-12-31/14:14:58      95.0900      76.7600      11.1300      120.000      3.44536     0.500000    0.0520766
1998-12-31/14:15:00      95.1900      76.6100      11.2200      121.000      3.43143     0.515038    0.0513355
1998-12-31/14:15:03      95.2600      76.4800      11.2300      119.000      3.98186     0.484810    0.0607831
1998-12-31/14:15:05      95.4000      76.3500      11.1300      121.000      3.43143     0.515038    0.0513355
1998-12-31/14:15:08      95.8500      76.2000      10.9100      120.000      3.14954     0.500000    0.0476053
1998-12-31/14:15:10      96.1100      76.0500      10.6700      121.000      3.18689     0.515038    0.0476771
1998-12-31/14:15:13      95.5200      75.9000      10.4100      120.000      2.87450     0.500000    0.0434480
1998-12-31/14:15:15      94.9800      75.7700      10.1500      120.000      2.81804     0.500000    0.0425947
1998-12-31/14:15:18      94.6600      75.6500      9.88000      119.000      2.64246     0.484810    0.0403371
1998-12-31/14:15:20      94.5000      75.5400      9.65000      118.000      2.91367     0.469472    0.0449007
1998-12-31/14:15:23      95.0000      75.4200      9.45000      118.000      2.71868     0.469472    0.0418958
1998-12-31/14:15:25      95.4700      75.2800      9.30000      118.000      2.91367     0.469472    0.0449007
1998-12-31/14:15:28      95.7700      75.0800      9.21000      119.000      2.72378     0.484810    0.0415785
1998-12-31/14:15:30      95.8700      74.8900      9.19000      119.000      2.94180     0.484810    0.0449066
1998-12-31/14:15:33      95.1200      74.7100      9.27000      120.000      2.68786     0.500000    0.0406270
1998-12-31/14:15:35      94.5400      74.5400      9.44000      118.000      2.91367     0.469472    0.0449007
1998-12-31/14:15:38      94.6700      74.4200      9.73000      120.000      2.87450     0.500000    0.0434480
1998-12-31/14:15:40      94.8400      74.3000      10.1100      119.000      2.64246     0.484810    0.0403371
1998-12-31/14:15:42      95.0900      74.1800      10.6100      120.000      2.87450     0.500000    0.0434480
1998-12-31/14:15:45      95.4000      74.0400      11.1500      118.000      2.71868     0.469472    0.0418958
1998-12-31/14:15:47      96.1800      73.9600      11.7600      120.000      2.92475     0.500000    0.0442076
1998-12-31/14:15:50      96.9600      73.8800      12.3900      119.000      2.87886     0.484810    0.0439458
1998-12-31/14:15:52      97.2000      73.7100      13.0400      121.000      2.69424     0.515038    0.0403069
1998-12-31/14:15:55      97.4300      73.5500      13.5800      122.000      2.40317     0.529919    0.0355699
1998-12-31/14:15:57      97.0800      73.3800      13.9900      121.000      3.13232     0.515038    0.0468607
1998-12-31/14:16:00      96.7200      73.2100      14.2800      121.000      2.80403     0.515038    0.0419494
1998-12-31/14:16:02      96.0100      73.0900      14.4100      120.000      2.97762     0.500000    0.0450067
1998-12-31/14:16:05      95.2900      72.9800      14.4300      119.000      2.94180     0.484810    0.0449066
1998-12-31/14:16:07      95.8500      72.9100      14.3000      121.000      2.86288     0.515038    0.0428298
1998-12-31/14:16:10      96.4300      72.8400      14.1600      121.000      2.56239     0.515038    0.0383344
1998-12-31/14:16:12      97.1500      72.7200      13.9100      121.000      2.69424     0.515038    0.0403069
1998-12-31/14:16:15      97.8700      72.6100      13.6600      121.000      2.80403     0.515038    0.0419494
1998-12-31/14:16:17      97.6800      72.4900      13.4600      120.000      3.05288     0.500000    0.0461443
1998-12-31/14:16:20      97.4800      72.3600      13.3000      120.000      2.75537     0.500000    0.0416474
1998-12-31/14:16:22      98.1100      72.2600      13.2600      120.000      2.92475     0.500000    0.0442076
1998-12-31/14:16:25      98.7500      72.1600      13.2800      119.000      2.80616     0.484810    0.0428360
1998-12-31/14:16:27      98.8800      72.0000      13.4300      119.000      3.00080     0.484810    0.0458072
1998-12-31/14:16:30      99.0000      71.8300      13.6100      119.000      2.87886     0.484810    0.0439458
1998-12-31/14:16:32      99.5200      71.7200      13.8700      119.000      2.87886     0.484810    0.0439458
1998-12-31/14:16:35      100.040      71.6000      14.1700      117.000      3.04900     0.453991    0.0474150
1998-12-31/14:16:37      100.400      71.4800      14.5400      117.000      2.81654     0.453991    0.0438000
1998-12-31/14:16:40      100.770      71.3600      14.9200      116.000      2.75008     0.438371    0.0431403
1998-12-31/14:16:42      100.760      71.2400      15.3500      117.000      2.70413     0.453991    0.0420519
1998-12-31/14:16:45      100.750      71.1200      15.7500      117.000      2.93155     0.453991    0.0455885
1998-12-31/14:16:47      101.120      70.9900      16.0900      117.000      3.04900     0.453991    0.0474150
1998-12-31/14:16:50      101.490      70.8600      16.3700      116.000      2.85385     0.438371    0.0447681
1998-12-31/14:16:52      101.440      70.7200      16.4600      117.000      2.93155     0.453991    0.0455885
1998-12-31/14:16:55      101.400      70.5800      16.4600      116.000      2.93375     0.438371    0.0460215
1998-12-31/14:16:57      101.400      70.4600      16.2300      117.000      2.81654     0.453991    0.0438000
1998-12-31/14:17:00      101.410      70.3400      15.9300      115.000      2.46981     0.422618    0.0390676
1998-12-31/14:17:03      101.340      70.2200      15.4600      116.000      2.85385     0.438371    0.0447681
1998-12-31/14:17:05      101.330      70.1300      14.9900      114.000      2.09785     0.406737    0.0334489
1998-12-31/14:17:08      101.550      70.0500      14.5400      115.000      2.62014     0.422618    0.0414455
1998-12-31/14:17:10      101.840      69.9500      14.1500      114.000      2.09785     0.406737    0.0334489
1998-12-31/14:17:13      102.440      69.8300      13.9300      116.000      3.01723     0.438371    0.0473310
1998-12-31/14:17:15      102.970      69.7100      13.7800      116.000      3.01723     0.438371    0.0473310
1998-12-31/14:17:18      103.210      69.5800      13.8100      118.000      2.91367     0.469472    0.0449007
1998-12-31/14:17:20      103.430      69.4600      13.8800      117.000      3.16633     0.453991    0.0492396
1998-12-31/14:17:23      103.530      69.3500      14.0600      118.000      3.20731     0.469472    0.0494257
1998-12-31/14:17:25      103.600      69.2300      14.2300      116.000      3.23533     0.438371    0.0507524
1998-12-31/14:17:28      103.550      69.1100      14.3800      116.000      3.34944     0.438371    0.0525424
1998-12-31/14:17:30      103.500      68.9900      14.5000      115.000      2.69276     0.422618    0.0425942
1998-12-31/14:17:33      103.470      68.8500      14.5100      114.000      2.37061     0.406737    0.0377979
1998-12-31/14:17:35      103.420      68.7200      14.4200      113.000      1.69368     0.390731    0.0272104
1998-12-31/14:17:38      103.300      68.5800      14.2200      113.000      1.74178     0.390731    0.0279832
1998-12-31/14:17:40      103.200      68.4500      13.9300      111.000      2.37731     0.358368    0.0387360
1998-12-31/14:17:43      103.170      68.3200      13.5400      112.000      1.94513     0.374607    0.0314769
1998-12-31/14:17:45      103.160      68.1900      13.1100      112.000      1.86436     0.374607    0.0301698
1998-12-31/14:17:48      103.180      68.0500      12.6500      114.000      2.00852     0.406737    0.0320246
1998-12-31/14:17:50      103.220      67.9200      12.2300      114.000      2.00852     0.406737    0.0320246
1998-12-31/14:17:53      103.310      67.8000      11.8500      115.000      2.15278     0.422618    0.0340528
1998-12-31/14:17:55      103.410      67.6800      11.5300      114.000      1.58638     0.406737    0.0252938
1998-12-31/14:17:58      103.530      67.5500      11.2800      114.000      1.67200     0.406737    0.0266590
1998-12-31/14:18:00      103.630      67.4200      11.0400      113.000      1.58863     0.390731    0.0255227
1998-12-31/14:18:03      103.640      67.2900      10.8400      113.000      1.46827     0.390731    0.0235890
1998-12-31/14:18:05      103.680      67.1600      10.6700      112.000      1.47353     0.374607    0.0238453
1998-12-31/14:18:08      103.840      67.0400      10.5200      114.000      1.76200     0.406737    0.0280940
1998-12-31/14:18:10      104.020      66.9200      10.4300      114.000      1.51041     0.406737    0.0240825
1998-12-31/14:18:13      104.300      66.8000      10.4800      114.000      1.76200     0.406737    0.0280940
1998-12-31/14:18:15      104.540      66.6800      10.5900      112.000      1.47353     0.374607    0.0238453
1998-12-31/14:18:18      104.630      66.5800      10.7100      113.000      1.58863     0.390731    0.0255227
1998-12-31/14:18:20      104.710      66.4700      10.8200      110.000      2.39465     0.342020    0.0392740
1998-12-31/14:18:22      104.760      66.3700      10.9200      110.000      2.55790     0.342020    0.0419514
1998-12-31/14:18:25      104.810      66.2500      11.0200      110.000      2.45938     0.342020    0.0403356
1998-12-31/14:18:27      104.970      66.1200      11.1200      111.000      2.09106     0.358368    0.0340718
1998-12-31/14:18:30      105.130      65.9900      11.2300      109.000      2.51082     0.325568    0.0414346
1998-12-31/14:18:32      105.000      65.8700      11.3300      110.000      2.39465     0.342020    0.0392740
1998-12-31/14:18:35      104.880      65.7500      11.4300      107.000      2.19297     0.292372    0.0366021
1998-12-31/14:18:37      104.730      65.6200      11.5100      107.000      2.31438     0.292372    0.0386285
1998-12-31/14:18:40      104.580      65.5000      11.5700      104.000      2.26526     0.241922    0.0383619
1998-12-31/14:18:42      104.310      65.3700      11.6100      105.000      2.34766     0.258819    0.0395782
1998-12-31/14:18:45      104.040      65.2400      11.6300      105.000      2.46569     0.258819    0.0415680
1998-12-31/14:18:47      103.870      65.0900      11.6500      106.000      2.45874     0.275637    0.0412507
1998-12-31/14:18:50      103.700      64.9500      11.6500      106.000      2.58370     0.275637    0.0433472
1998-12-31/14:18:52      103.790      64.7600      11.6500      109.000      2.65359     0.325568    0.0437906
1998-12-31/14:18:55      103.890      64.5700      11.6300      109.000      2.75142     0.325568    0.0454051
1998-12-31/14:18:57      104.190      64.3900      11.6100      110.000      2.83141     0.342020    0.0464372
1998-12-31/14:19:00      104.490      64.2100      11.5800      111.000      2.41315     0.358368    0.0393200
1998-12-31/14:19:02      104.910      64.0300      11.5400      111.000      2.39953     0.358368    0.0390981
1998-12-31/14:19:05      105.320      63.8600      11.5000      111.000      2.25057     0.358368    0.0366709
1998-12-31/14:19:07      105.660      63.7200      11.4700      112.000      1.86436     0.374607    0.0301698
1998-12-31/14:19:10      105.990      63.5800      11.4300      110.000      2.73958     0.342020    0.0449311
1998-12-31/14:19:12      106.300      63.4500      11.4100      112.000      1.90709     0.374607    0.0308613
1998-12-31/14:19:15      106.600      63.3100      11.4000      112.000      1.98706     0.374607    0.0321554
1998-12-31/14:19:17      106.760      63.1800      11.4000      113.000      1.97323     0.390731    0.0317016
1998-12-31/14:19:20      106.910      63.0400      11.4100      112.000      1.98706     0.374607    0.0321554
1998-12-31/14:19:22      107.070      62.9000      11.4000      115.000      2.78826     0.422618    0.0441048
1998-12-31/14:19:25      107.230      62.7500      11.3800      113.000      1.74178     0.390731    0.0279832
1998-12-31/14:19:27      107.400      62.6100      11.3500      115.000      2.55251     0.422618    0.0403757
1998-12-31/14:19:30      107.560      62.4600      11.2600      114.000      1.94222     0.406737    0.0309675
1998-12-31/14:19:32      107.590      62.3300      11.1600      117.000      2.81654     0.453991    0.0438000
1998-12-31/14:19:35      107.610      62.2000      11.0500      114.000      1.94222     0.406737    0.0309675
1998-12-31/14:19:37      107.710      62.0500      10.9200      117.000      3.04900     0.453991    0.0474150
1998-12-31/14:19:40      107.800      61.9000      10.7500      117.000      2.93155     0.453991    0.0455885
1998-12-31/14:19:43      108.090      61.7200      10.5600      119.000      2.72378     0.484810    0.0415785
1998-12-31/14:19:45      108.310      61.5700      10.3500      118.000      2.71868     0.469472    0.0418958
1998-12-31/14:19:48      108.470      61.4400      10.1400      119.000      2.72378     0.484810    0.0415785
1998-12-31/14:19:50      108.630      61.3100      10.1100      119.000      2.64246     0.484810    0.0403371
1998-12-31/14:19:53      108.760      61.1900      10.3700      121.000      2.56239     0.515038    0.0383344
1998-12-31/14:19:55      108.890      61.0700      10.6500      120.000      2.81804     0.500000    0.0425947
1998-12-31/14:19:58      108.980      60.9600      10.8900      124.000      1.77427     0.559193    0.0256727
1998-12-31/14:20:00      109.070      60.8500      11.1100      124.000      1.84570     0.559193    0.0267062
1998-12-31/14:20:03      109.130      60.7400      11.2900      124.000      2.39890     0.559193    0.0347107
1998-12-31/14:20:05      109.190      60.6300      11.4500      121.000      3.31091     0.515038    0.0495325
1998-12-31/14:20:08      109.210      60.5300      11.5700      122.000      3.27587     0.529919    0.0484869
1998-12-31/14:20:10      109.220      60.4200      11.6400      115.000      4.02131     0.422618    0.0636093
1998-12-31/14:20:13      109.200      60.3100      11.6800      112.000      3.28072     0.374607    0.0530900
1998-12-31/14:20:15      109.170      60.2100      11.6900      104.000      3.37305     0.241922    0.0571221
1998-12-31/14:20:18      109.100      60.1100      11.6300      102.000      2.23194     0.207912    0.0381034
1998-12-31/14:20:20      109.020      60.0000      11.5100      102.000      1.65815     0.207912    0.0283078
1998-12-31/14:20:23      108.960      59.8900      11.3400      101.000      1.68212     0.190809    0.0288191
1998-12-31/14:20:25      108.880      59.7700      11.1200      102.000      1.49575     0.207912    0.0255353
1998-12-31/14:20:28      108.740      59.6600      10.9000      102.000      1.65815     0.207912    0.0283078
1998-12-31/14:20:30      108.580      59.5500      10.6800      103.000      1.89749     0.224951    0.0322687
1998-12-31/14:20:33      108.350      59.4400      10.4900      104.000      2.85144     0.241922    0.0482887
1998-12-31/14:20:35      108.130      59.3200      10.3300      105.000      2.96037     0.258819    0.0499077
1998-12-31/14:20:38      107.930      59.2000      10.1800      106.000      3.07495     0.275637    0.0515890
1998-12-31/14:20:40      107.750      59.0800      10.0500      107.000      2.31438     0.292372    0.0386285
1998-12-31/14:20:43      107.710      58.9400      9.95000      108.000      2.34566     0.309017    0.0389358
1998-12-31/14:20:45      107.680      58.8100      9.89000      108.000      2.25162     0.309017    0.0373748
1998-12-31/14:20:48      107.690      58.6700      9.91000      110.000      2.35372     0.342020    0.0386027
1998-12-31/14:20:50      107.720      58.5300      9.97000      110.000      2.32336     0.342020    0.0381048
1998-12-31/14:20:53      107.840      58.3800      10.0700      111.000      2.37731     0.358368    0.0387360
1998-12-31/14:20:55      107.970      58.2300      10.1600      111.000      2.37731     0.358368    0.0387360
1998-12-31/14:20:58      108.140      58.0700      10.2500      112.000      2.03620     0.374607    0.0329506
1998-12-31/14:21:00      108.310      57.9100      10.3200      110.000      2.55790     0.342020    0.0419514
1998-12-31/14:21:02      108.450      57.7800      10.3700      111.000      2.32941     0.358368    0.0379555
1998-12-31/14:21:05      108.630      57.6200      10.4200      109.000      2.65359     0.325568    0.0437906
1998-12-31/14:21:07      108.730      57.4700      10.4400      110.000      2.35372     0.342020    0.0386027
1998-12-31/14:21:10      108.830      57.3200      10.4500      108.000      2.15622     0.309017    0.0357912
1998-12-31/14:21:12      108.870      57.1900      10.4500      108.000      2.61726     0.309017    0.0434441
1998-12-31/14:21:15      108.910      57.0600      10.4500      107.000      2.08872     0.292372    0.0348621
1998-12-31/14:21:17      108.980      56.9300      10.4700      107.000      2.80513     0.292372    0.0468195
1998-12-31/14:21:20      109.050      56.8100      10.4900      106.000      2.68499     0.275637    0.0450466
1998-12-31/14:21:22      109.230      56.6600      10.5200      107.000      2.80513     0.292372    0.0468195
1998-12-31/14:21:25      109.410      56.5100      10.5700      109.000      2.83748     0.325568    0.0468253
1998-12-31/14:21:27      109.430      56.3700      10.6600      109.000      2.75142     0.325568    0.0454051
1998-12-31/14:21:30      109.450      56.2400      10.7600      107.000      2.31438     0.292372    0.0386285
1998-12-31/14:21:32      109.420      56.1700      10.8800      107.000      2.08872     0.292372    0.0348621
1998-12-31/14:21:35      109.390      56.1100      11.0100      106.000      1.80236     0.275637    0.0302385
1998-12-31/14:21:37      109.380      55.9800      11.1300      107.000      1.99452     0.292372    0.0332899
1998-12-31/14:21:40      109.380      55.8500      11.2600      106.000      1.80236     0.275637    0.0302385
1998-12-31/14:21:42      109.250      55.7100      11.4000      106.000      2.04680     0.275637    0.0343395
1998-12-31/14:21:45      109.130      55.5700      11.5100      105.000      2.24074     0.258819    0.0377757
1998-12-31/14:21:47      109.180      55.4600      11.5400      105.000      2.46569     0.258819    0.0415680
1998-12-31/14:21:50      109.240      55.3400      11.5500      104.000      2.35032     0.241922    0.0398023
1998-12-31/14:21:52      109.480      55.1300      11.5100      105.000      2.58033     0.258819    0.0435007
1998-12-31/14:21:55      109.710      54.9300      11.4500      107.000      2.44629     0.292372    0.0408302
1998-12-31/14:21:57      109.600      54.8200      11.3500      108.000      2.34566     0.309017    0.0389358
1998-12-31/14:22:00      109.490      54.7200      11.2600      110.000      2.20291     0.342020    0.0361293
1998-12-31/14:22:02      109.540      54.5900      11.1800      110.000      2.20291     0.342020    0.0361293
1998-12-31/14:22:05      109.600      54.4600      11.1200      112.000      1.52115     0.374607    0.0246159
1998-12-31/14:22:07      109.650      54.2400      11.1100      113.000      1.31741     0.390731    0.0211653
1998-12-31/14:22:10      109.700      54.0200      11.1000      112.000      1.47353     0.374607    0.0238453
1998-12-31/14:22:12      109.660      53.8900      11.1100      113.000      1.58863     0.390731    0.0255227
1998-12-31/14:22:15      109.630      53.7700      11.1200      113.000      1.58863     0.390731    0.0255227
1998-12-31/14:22:17      109.890      53.5800      11.1200      113.000      1.82806     0.390731    0.0293693
1998-12-31/14:22:20      110.160      53.4000      11.1200      112.000      1.86436     0.374607    0.0301698
1998-12-31/14:22:23      110.360      53.2100      11.1000      114.000      2.09785     0.406737    0.0334489
1998-12-31/14:22:25      110.510      53.0700      11.0800      111.000      2.09106     0.358368    0.0340718
1998-12-31/14:22:28      110.560      52.9900      11.0500      110.000      2.55790     0.342020    0.0419514
1998-12-31/14:22:30      110.640      52.9100      11.0100      108.000      2.72086     0.309017    0.0451637
1998-12-31/14:22:33      110.810      52.8000      10.9600      108.000      2.72086     0.309017    0.0451637
1998-12-31/14:22:35      110.940      52.7000      10.9100      104.000      2.10729     0.241922    0.0356867
1998-12-31/14:22:38      110.860      52.6100      10.8600      104.000      1.72400     0.241922    0.0291957
1998-12-31/14:22:40      110.730      52.5300      10.8100      104.000      1.64793     0.241922    0.0279075
1998-12-31/14:22:43      110.420      52.5100      10.7600      104.000      1.81482     0.241922    0.0307337
1998-12-31/14:22:45      110.130      52.4700      10.7000      104.000      1.81482     0.241922    0.0307337
1998-12-31/14:22:48      109.930      52.3900      10.6400      103.000      1.49576     0.224951    0.0254368
1998-12-31/14:22:50      109.720      52.3100      10.6000      102.000      1.14495     0.207912    0.0195465
1998-12-31/14:22:53      109.500      52.2100      10.5600      103.000      1.31930     0.224951    0.0224360
1998-12-31/14:22:55      109.250      52.1100      10.5300      104.000      1.58372     0.241922    0.0268201
1998-12-31/14:22:58      108.890      52.0000      10.5000      105.000      1.61197     0.258819    0.0271755
1998-12-31/14:23:00      108.470      51.8900      10.4700      109.000      2.25531     0.325568    0.0372181
1998-12-31/14:23:03      107.810      51.8200      10.4300      111.000      2.01220     0.358368    0.0327869
1998-12-31/14:23:05      107.160      51.7200      10.4100      112.000      1.56737     0.374607    0.0253638
1998-12-31/14:23:08      106.550      51.5300      10.4200      111.000      2.16209     0.358368    0.0352292
1998-12-31/14:23:10      106.110      51.3000      10.4400      112.000      1.61897     0.374607    0.0261988
1998-12-31/14:23:13      106.410      50.9700      10.4700      112.000      1.68015     0.374607    0.0271889
1998-12-31/14:23:15      106.820      50.6400      10.5000      111.000      2.04548     0.358368    0.0333292
1998-12-31/14:23:18      107.700      50.3700      10.5200      112.000      1.61897     0.374607    0.0261988
1998-12-31/14:23:20      108.320      50.0800      10.5300      114.000      2.17026     0.406737    0.0346034
1998-12-31/14:23:23      107.910      49.7200      10.5500      115.000      2.78826     0.422618    0.0441048
1998-12-31/14:23:25      107.730      49.4300      10.5500      112.000      2.03620     0.374607    0.0329506
1998-12-31/14:23:28      108.400      49.3500      10.5500      110.000      2.88719     0.342020    0.0473520
1998-12-31/14:23:30      109.030      49.2800      10.5400      106.000      3.07495     0.275637    0.0515890
1998-12-31/14:23:33      109.500      49.2200      10.5200      106.000      2.94420     0.275637    0.0493954
1998-12-31/14:23:35      109.860      49.1400      10.5100      105.000      3.09738     0.258819    0.0522174
1998-12-31/14:23:38      109.800      48.9900      10.4900      107.000      2.89541     0.292372    0.0483263
1998-12-31/14:23:40      109.760      48.8400      10.4400      109.000      3.11900     0.325568    0.0514710
1998-12-31/14:23:42      109.820      48.6900      10.5000      114.000      2.46245     0.406737    0.0392622
1998-12-31/14:23:45      109.910      48.4900      10.5900      117.000      4.00009     0.453991    0.0622054
1998-12-31/14:23:47      110.200      48.3100      10.6800      120.000      3.24624     0.500000    0.0490669
1998-12-31/14:23:50      110.490      48.1300      10.7800      119.000      3.42648     0.484810    0.0523052
1998-12-31/14:23:52      110.790      47.9700      10.8700      116.000      3.45764     0.438371    0.0542397
1998-12-31/14:23:55      111.090      47.8000      10.9200      114.000      2.54404     0.406737    0.0405631
1998-12-31/14:23:57      111.290      47.6600      10.9500      114.000      2.63779     0.406737    0.0420579
1998-12-31/14:24:00      111.490      47.5200      10.9300      111.000      2.66344     0.358368    0.0433982
1998-12-31/14:24:02      111.580      47.3800      10.9000      113.000      3.00172     0.390731    0.0482252
1998-12-31/14:24:05      111.660      47.2400      10.8300      111.000      3.50869     0.358368    0.0571708
1998-12-31/14:24:07      111.720      47.1000      10.7600      113.000      3.89541     0.390731    0.0625830
1998-12-31/14:24:10      111.780      46.9500      10.6700      111.000      3.35176     0.358368    0.0546138
1998-12-31/14:24:12      111.850      46.8100      10.6000      112.000      2.54874     0.374607    0.0412448
1998-12-31/14:24:15      111.930      46.6700      10.5400      111.000      2.53204     0.358368    0.0412572
1998-12-31/14:24:17      112.020      46.5400      10.4900      113.000      2.79642     0.390731    0.0449268
1998-12-31/14:24:20      112.110      46.4200      10.4600      113.000      2.79642     0.390731    0.0449268
1998-12-31/14:24:22      112.160      46.3100      10.4400      113.000      3.25485     0.390731    0.0522919
1998-12-31/14:24:25      112.210      46.2000      10.4200      113.000      3.49606     0.390731    0.0561671
1998-12-31/14:24:27      112.170      46.1100      10.4100      114.000      5.18252     0.406737    0.0826320
1998-12-31/14:24:30      112.130      46.0100      10.4200      112.000      3.60949     0.374607    0.0584102
1998-12-31/14:24:32      112.000      45.9300      10.4200      109.000      3.84268     0.325568    0.0634135
1998-12-31/14:24:35      111.870      45.8500      10.4100      103.000      2.89847     0.224951    0.0492913
1998-12-31/14:24:37      111.660      45.7600      10.4000      104.000      3.22223     0.241922    0.0545680
1998-12-31/14:24:40      111.460      45.6600      10.3900      102.000      1.80454     0.207912    0.0308069
1998-12-31/14:24:42      111.190      45.5600      10.3700      102.000      1.65815     0.207912    0.0283078
1998-12-31/14:24:45      110.920      45.4500      10.3700      100.000      2.06637     0.173648    0.0355171
1998-12-31/14:24:47      110.670      45.3300      10.3700      100.000      2.10644     0.173648    0.0362058
1998-12-31/14:24:50      110.420      45.2100      10.3800      101.000      1.78652     0.190809    0.0306078
1998-12-31/14:24:52      110.270      45.0700      10.3900      105.000      2.85935     0.258819    0.0482046
1998-12-31/14:24:55      110.120      44.9200      10.3800      106.000      2.76827     0.275637    0.0464438
1998-12-31/14:24:57      109.880      44.7800      10.3800      109.000      2.75142     0.325568    0.0454051
1998-12-31/14:25:00      109.650      44.6300      10.3800      109.000      2.75142     0.325568    0.0454051
1998-12-31/14:25:03      109.400      44.4800      10.3800      108.000      3.03428     0.309017    0.0503662
1998-12-31/14:25:05      109.220      44.3400      10.5100      109.000      4.92358     0.325568    0.0812510
1998-12-31/14:25:08      109.150      44.1600      10.6400      147.000      5.90090     0.838671    0.0560924
1998-12-31/14:25:10      109.050      44.0000      10.8500      149.000      6.72635     0.857167    0.0604639
1998-12-31/14:25:13      108.840      43.8500      11.1300      124.000      17.6815     0.559193     0.255841
1998-12-31/14:25:15      108.670      43.7100      11.5100      151.000      37.2472     0.874620     0.315168
1998-12-31/14:25:18      108.670      43.5400      12.0000      156.000      39.3380     0.913545     0.279256
1998-12-31/14:25:20      108.640      43.3800      12.6300      111.000      6.14871     0.358368     0.100187
1998-12-31/14:25:23      108.510      43.2100      13.2900      109.000      3.84268     0.325568    0.0634135
1998-12-31/14:25:25      108.370      43.0500      14.0100      111.000      2.41315     0.358368    0.0393200
1998-12-31/14:25:28      108.260      42.9100      14.7100      115.000      2.62014     0.422618    0.0414455
1998-12-31/14:25:30      108.140      42.7600      15.3900      109.000      2.57545     0.325568    0.0425011
1998-12-31/14:25:33      108.000      42.6000      15.9700      112.000      1.86436     0.374607    0.0301698
1998-12-31/14:25:35      107.860      42.4400      16.4300      111.000      2.09106     0.358368    0.0340718
1998-12-31/14:25:38      107.690      42.3000      16.7400      113.000      1.78538     0.390731    0.0286836
1998-12-31/14:25:40      107.610      42.1500      16.8800      113.000      1.53310     0.390731    0.0246305
1998-12-31/14:25:43      107.840      41.9900      16.8800      115.000      2.15278     0.422618    0.0340528
1998-12-31/14:25:45      108.020      41.8300      16.7200      115.000      2.15278     0.422618    0.0340528
1998-12-31/14:25:48      108.010      41.6800      16.5400      116.000      2.47717     0.438371    0.0388592
1998-12-31/14:25:50      108.050      41.5400      16.2100      115.000      2.55251     0.422618    0.0403757
1998-12-31/14:25:53      108.240      41.4000      15.8600      115.000      3.16159     0.422618    0.0500102
1998-12-31/14:25:55      108.430      41.2700      15.4700      116.000      3.56278     0.438371    0.0558890
1998-12-31/14:25:58      108.600      41.1300      15.0900      114.000      3.37699     0.406737    0.0538440
1998-12-31/14:26:00      108.780      41.0000      14.7300      114.000      2.63779     0.406737    0.0420579
1998-12-31/14:26:03      109.000      40.8600      14.3800      114.000      2.09785     0.406737    0.0334489
1998-12-31/14:26:05      109.190      40.7200      14.0600      114.000      2.17026     0.406737    0.0346034
1998-12-31/14:26:08      109.270      40.5800      13.7600      114.000      1.94222     0.406737    0.0309675
1998-12-31/14:26:10      109.360      40.4300      13.4800      116.000      2.85385     0.438371    0.0447681
1998-12-31/14:26:13      109.480      40.2800      13.2100      114.000      1.94222     0.406737    0.0309675
1998-12-31/14:26:15      109.620      40.1300      12.9500      118.000      3.01293     0.469472    0.0464303
1998-12-31/14:26:18      109.780      39.9900      12.7000      123.000      2.17132     0.544639    0.0317828
1998-12-31/14:26:20      109.920      39.8400      12.4700      134.000      2.58820     0.694658    0.0324945
1998-12-31/14:26:22      109.990      39.7300      12.2400      156.000      3.02394     0.913545    0.0214666
1998-12-31/14:26:25      110.070      39.6000      12.0400      154.000      4.88278     0.898794    0.0373582
1998-12-31/14:26:27      110.040      39.4500      11.8400      156.000      4.53131     0.913545    0.0321673
1998-12-31/14:26:30      110.020      39.3100      11.6600      145.000      8.08267     0.819152    0.0809140
1998-12-31/14:26:32      110.080      39.1500      11.5000      97.0000      18.5254     0.121869     0.320920
1998-12-31/14:26:35      110.130      38.9900      11.3600      97.0000      4.33456     0.121869    0.0750884
1998-12-31/14:26:37      110.180      38.8300      11.2500      98.0000      5.00329     0.139173    0.0864741
1998-12-31/14:26:40      110.220      38.6800      11.1900      98.0000      3.27851     0.139173    0.0566639
1998-12-31/14:26:42      110.250      38.5200      11.1500      99.0000      3.25690     0.156434    0.0561438
1998-12-31/14:26:45      110.290      38.3600      11.1400      103.000      2.73067     0.224951    0.0464377
1998-12-31/14:26:47      110.350      38.2200      11.1400      106.000      4.39636     0.275637    0.0737585
1998-12-31/14:26:50      110.410      38.0800      11.1800      110.000      3.29185     0.342020    0.0539887
1998-12-31/14:26:52      110.390      37.9300      11.2100      118.000      4.34637     0.469472    0.0669791
1998-12-31/14:26:55      110.360      37.7800      11.2600      123.000      1.97618     0.544639    0.0289265
1998-12-31/14:26:57      110.430      37.6500      11.3000      123.000      1.90567     0.544639    0.0278944
1998-12-31/14:27:00      110.490      37.5200      11.3400      122.000      2.40317     0.529919    0.0355699
1998-12-31/14:27:02      110.410      37.3900      11.3700      120.000      2.81804     0.500000    0.0425947
1998-12-31/14:27:05      110.340      37.2500      11.3800      117.000      3.27689     0.453991    0.0509589
1998-12-31/14:27:07      110.350      37.1100      11.3900      116.000      3.45764     0.438371    0.0542397
1998-12-31/14:27:10      110.360      36.9700      11.3900      116.000      3.23533     0.438371    0.0507524
1998-12-31/14:27:12      110.360      36.8500      11.3800      116.000      3.01723     0.438371    0.0473310
1998-12-31/14:27:15      110.360      36.7300      11.3600      116.000      3.01723     0.438371    0.0473310
1998-12-31/14:27:17      110.360      36.5800      11.3400      118.000      3.10994     0.469472    0.0479252
1998-12-31/14:27:20      110.360      36.4300      11.3400      120.000      2.81804     0.500000    0.0425947
1998-12-31/14:27:22      110.400      36.3000      11.3200      120.000      2.92475     0.500000    0.0442076
1998-12-31/14:27:25      110.440      36.1800      11.2900      119.000      2.72378     0.484810    0.0415785
1998-12-31/14:27:27      110.380      36.0400      11.2600      118.000      2.62505     0.469472    0.0404529
1998-12-31/14:27:30      110.320      35.9000      11.2600      116.000      2.75008     0.438371    0.0431403
1998-12-31/14:27:32      110.390      35.7400      11.2600      118.000      3.01293     0.469472    0.0464303
1998-12-31/14:27:35      110.460      35.5900      11.2700      117.000      3.16633     0.453991    0.0492396
1998-12-31/14:27:37      110.440      35.4500      11.3000      118.000      3.42319     0.469472    0.0527525
1998-12-31/14:27:40      110.430      35.3000      11.3400      120.000      3.44536     0.500000    0.0520766
1998-12-31/14:27:43      110.520      35.1100      11.3900      120.000      3.14954     0.500000    0.0476053
1998-12-31/14:27:45      110.600      34.9500      11.4400      116.000      3.34944     0.438371    0.0525424
1998-12-31/14:27:48      110.700      34.8100      11.4900      120.000      3.14954     0.500000    0.0476053
1998-12-31/14:27:50      110.780      34.6700      11.5500      120.000      2.87450     0.500000    0.0434480
1998-12-31/14:27:53      110.820      34.5300      11.5900      120.000      2.97762     0.500000    0.0450067
1998-12-31/14:27:55      110.850      34.3900      11.6100      120.000      2.87450     0.500000    0.0434480
1998-12-31/14:27:58      110.880      34.2500      11.6100      120.000      2.97762     0.500000    0.0450067
1998-12-31/14:28:00      110.910      34.1100      11.5900      120.000      2.97762     0.500000    0.0450067
1998-12-31/14:28:03      110.970      33.9900      11.5600      121.000      2.80403     0.515038    0.0419494
1998-12-31/14:28:05      111.030      33.8600      11.5400      122.000      2.26089     0.529919    0.0334640
1998-12-31/14:28:08      111.110      33.7400      11.4900      124.000      1.77427     0.559193    0.0256727
1998-12-31/17:15:07      284.880     -38.5800      11.4300      84.0000      2.58933     0.104528    0.0449448
1998-12-31/17:15:09      284.950     -38.4100      11.3800      87.0000      1.86320    0.0523359    0.0324744
1998-12-31/17:15:12      285.050     -38.2700      11.3200      83.0000      2.59171     0.121869    0.0448967
1998-12-31/17:15:14      285.110     -38.1300      11.2500      82.0000      2.86343     0.139173    0.0494899
1998-12-31/17:15:17      285.100     -38.0200      11.0900      83.0000      2.59171     0.121869    0.0448967
1998-12-31/17:15:19      285.040     -37.9100      11.0200      85.0000      2.38972    0.0871558    0.0415498
1998-12-31/17:15:22      284.860     -37.8400      10.9700      82.0000      2.58418     0.139173    0.0446635
1998-12-31/17:15:24      284.780     -37.7500      10.9100      82.0000      2.72844     0.139173    0.0471568
1998-12-31/17:15:27      284.910     -37.6500      10.8700      81.0000      2.79037     0.156434    0.0481016
1998-12-31/17:15:29      285.060     -37.5400      10.8900      83.0000      2.79431     0.121869    0.0484064
1998-12-31/17:15:32      285.250     -37.4400      10.9100      83.0000      2.64068     0.121869    0.0457450
1998-12-31/17:15:34      285.470     -37.3300      10.9200      86.0000      2.26419    0.0697565    0.0394213
1998-12-31/17:15:37      285.720     -37.2300      10.9500      85.0000      2.52613    0.0871558    0.0439215
1998-12-31/17:15:39      285.950     -37.1200      10.9900      86.0000      2.62598    0.0697565    0.0457203
1998-12-31/17:15:42      286.090     -36.9800      11.0300      83.0000      2.79431     0.121869    0.0484064
1998-12-31/17:15:45      286.180     -36.8500      11.0500      79.0000      2.30634     0.190809    0.0395137
1998-12-31/17:15:47      286.140     -36.7600      11.0500      80.0000      2.72954     0.173648    0.0469157
1998-12-31/17:15:50      286.080     -36.6600      11.0400      79.0000      2.37992     0.190809    0.0407743
1998-12-31/17:15:52      285.970     -36.5300      11.0300      79.0000      2.08986     0.190809    0.0358048
1998-12-31/17:15:55      285.880     -36.4200      11.0100      79.0000      2.17704     0.190809    0.0372984
1998-12-31/17:15:57      285.790     -36.3100      11.0000      79.0000      2.08986     0.190809    0.0358048
1998-12-31/17:16:00      285.730     -36.2300      11.0300      76.0000      2.17751     0.241922    0.0368758
1998-12-31/17:16:02      285.700     -36.1700      11.0600      76.0000      1.78707     0.241922    0.0302638
1998-12-31/17:16:05      285.540     -36.1300      11.0600      75.0000      2.74456     0.258819    0.0462694
1998-12-31/17:16:07      285.250     -36.1000      11.0500      75.0000      2.45144     0.258819    0.0413278
1998-12-31/17:16:10      285.190     -36.0300      10.9900      74.0000      3.09738     0.275637    0.0519653
1998-12-31/17:16:12      285.340     -35.9200      10.9200      74.0000      2.96037     0.275637    0.0496667
1998-12-31/17:16:15      285.660     -35.7900      10.8200      74.0000      3.40585     0.275637    0.0571406
1998-12-31/17:16:17      286.130     -35.6600      10.7400      73.0000      3.23908     0.292372    0.0540624
1998-12-31/17:16:20      286.370     -35.5400      10.6800      72.0000      3.33396     0.309017    0.0553406
1998-12-31/17:16:22      286.390     -35.4300      10.6700      73.0000      3.37382     0.292372    0.0563113
1998-12-31/17:16:25      286.480     -35.2800      10.6700      71.0000      3.35424     0.325568    0.0553531
1998-12-31/17:16:27      286.650     -35.0900      10.6800      70.0000      3.18880     0.342020    0.0522987
1998-12-31/17:16:30      286.740     -34.9200      10.6900      69.0000      3.03986     0.358368    0.0495316
1998-12-31/17:16:32      286.780     -34.7800      10.7000      68.0000      2.39953     0.374607    0.0388302
1998-12-31/17:16:35      286.880     -34.6200      10.7100      67.0000      2.03620     0.390731    0.0327133
1998-12-31/17:16:37      287.040     -34.4600      10.7000      66.0000      1.78538     0.406737    0.0284668
1998-12-31/17:16:40      287.100     -34.2700      10.6800      65.0000      2.17026     0.422618    0.0343293
1998-12-31/17:16:42      287.060     -34.0700      10.6600      63.0000      3.45764     0.453990    0.0537698
1998-12-31/17:16:45      287.160     -33.8800      10.6300      63.0000      5.10837     0.453990    0.0794403
1998-12-31/17:16:47      287.370     -33.7100      10.6200      63.0000      6.46327     0.453990     0.100510
1998-12-31/17:16:50      287.550     -33.5600      10.6000      117.000      4.82079     0.453991    0.0749681
1998-12-31/17:16:52      287.690     -33.4200      10.5700      113.000      4.23993     0.390731    0.0681180
1998-12-31/17:16:55      287.810     -33.2600      10.5600      107.000      7.31677     0.292372     0.122122
1998-12-31/17:16:57      287.920     -33.0500      10.5600      98.0000      4.26953     0.139173    0.0737922
1998-12-31/17:17:00      287.950     -32.9000      10.5600      82.0000      4.33456     0.139173    0.0749161
1998-12-31/17:17:02      287.920     -32.7900      10.5500      73.0000      3.50255     0.292372    0.0584599
1998-12-31/17:17:04      287.850     -32.6900      10.5500      71.0000      3.20879     0.325568    0.0529528
1998-12-31/17:17:07      287.700     -32.5700      10.5500      71.0000      2.88853     0.325568    0.0476677
1998-12-31/17:17:09      287.610     -32.4400      10.5500      71.0000      3.12735     0.325568    0.0516088
1998-12-31/17:17:12      287.690     -32.2900      10.5400      69.0000      2.78623     0.358368    0.0453990
1998-12-31/17:17:14      287.660     -32.1600      10.5300      70.0000      3.38317     0.342020    0.0554865
1998-12-31/17:17:17      287.390     -32.0600      10.5100      70.0000      2.93767     0.342020    0.0481799
1998-12-31/17:17:19      287.230     -31.9500      10.5000      72.0000      3.33396     0.309017    0.0553406
1998-12-31/17:17:22      287.280     -31.7900      10.4900      76.0000      2.24958     0.241922    0.0380963
1998-12-31/17:17:24      287.270     -31.6400      10.4800      79.0000      2.37992     0.190809    0.0407743
1998-12-31/17:17:27      287.100     -31.5300      10.4600      77.0000      1.80454     0.224951    0.0306879
1998-12-31/17:17:29      286.900     -31.4000      10.4600      76.0000      2.32163     0.241922    0.0393165
1998-12-31/17:17:32      286.630     -31.2100      10.4600      78.0000      1.68212     0.207912    0.0287170
1998-12-31/17:17:34      286.370     -31.0700      10.4700      77.0000      1.80454     0.224951    0.0306879
1998-12-31/17:17:37      286.110     -31.0600      10.4900      77.0000      1.55031     0.224951    0.0263645
1998-12-31/17:17:39      285.790     -31.0100      10.5000      77.0000      2.08461     0.224951    0.0354508
1998-12-31/17:17:42      285.350     -30.8500      10.5200      74.0000      3.26672     0.275637    0.0548064
1998-12-31/17:17:44      285.140     -30.7100      10.5100      74.0000      3.52055     0.275637    0.0590649
1998-12-31/17:17:47      285.450     -30.6100      10.4900      74.0000      3.40585     0.275637    0.0571406
1998-12-31/17:17:49      285.580     -30.5000      10.4600      75.0000      3.55530     0.258819    0.0599373
1998-12-31/17:17:52      285.300     -30.3300      10.4300      73.0000      3.23908     0.292372    0.0540624
1998-12-31/17:17:54      285.240     -30.1600      10.3800      74.0000      4.18673     0.275637    0.0702415
1998-12-31/17:17:57      285.650     -29.9900      10.3300      78.0000      2.52565     0.207912    0.0431176
1998-12-31/17:17:59      285.940     -29.8500      10.3000      80.0000      4.24290     0.173648    0.0729276
1998-12-31/17:18:02      285.950     -29.7700      10.2800      75.0000      3.37305     0.258819    0.0568649
1998-12-31/17:18:04      285.820     -29.6600      10.2700      77.0000      2.08461     0.224951    0.0354508
1998-12-31/17:18:07      285.380     -29.4900      10.2500      77.0000      1.73073     0.224951    0.0294327
1998-12-31/17:18:09      285.090     -29.3600      10.2300      73.0000      3.23908     0.292372    0.0540624
1998-12-31/17:18:12      285.130     -29.3100      10.2300      73.0000      2.94420     0.292372    0.0491407
1998-12-31/17:18:14      284.890     -29.2300      10.2200      74.0000      3.60824     0.275637    0.0605361
1998-12-31/17:18:17      284.040     -29.1000      10.2200      72.0000      4.34779     0.309017    0.0721693
1998-12-31/17:18:19      283.570     -28.9700      10.2300      75.0000      5.59382     0.258819    0.0943039
1998-12-31/17:18:22      283.940     -28.8700      10.2300      107.000      4.92515     0.292372    0.0822040
1998-12-31/17:25:27      288.190     -4.74000      10.2400      84.0000      2.47527     0.104528    0.0429650
1998-12-31/17:25:29      288.060     -4.56000      10.2600      87.0000      1.86320    0.0523359    0.0324744
1998-12-31/17:25:32      287.920     -4.38000      10.2700      85.0000      2.43530    0.0871558    0.0423423
1998-12-31/17:25:34      287.780     -4.21000      10.2900      87.0000      1.76223    0.0523359    0.0307146
1998-12-31/17:25:37      287.660     -4.05000      10.3200      82.0000      2.79514     0.139173    0.0483096
1998-12-31/17:25:39      287.580     -3.90000      10.3500      83.0000      2.99009     0.121869    0.0517979
1998-12-31/17:25:42      287.560     -3.75000      10.3700      83.0000      3.07606     0.121869    0.0532872
1998-12-31/17:25:44      287.490     -3.58000      10.3900      83.0000      2.99009     0.121869    0.0517979
1998-12-31/17:25:47      287.320     -3.40000      10.4100      83.0000      3.49060     0.121869    0.0604684
1998-12-31/17:25:49      287.230     -3.23000      10.4300      85.0000      2.66392    0.0871558    0.0463173
1998-12-31/17:25:52      287.280     -3.11000      10.4400      86.0000      2.34355    0.0697565    0.0408030
1998-12-31/17:25:54      287.300     -2.98000      10.4500      86.0000      2.45544    0.0697565    0.0427511
1998-12-31/17:25:57      287.280     -2.83000      10.4600      85.0000      2.79926    0.0871558    0.0486704
1998-12-31/17:25:59      287.290     -2.70000      10.4700      86.0000      2.55494    0.0697565    0.0444835
1998-12-31/17:26:02      287.380     -2.61000      10.4800      82.0000      3.41076     0.139173    0.0589497
1998-12-31/17:26:04      287.380     -2.47000      10.5100      73.0000      3.37382     0.292372    0.0563113
1998-12-31/17:26:07      287.210     -2.26000      10.5400      76.0000      2.53537     0.241922    0.0429361
1998-12-31/17:26:09      287.090     -2.07000      10.5400      72.0000      3.22839     0.309017    0.0535883
1998-12-31/17:26:12      287.060     -1.94000      10.5400      76.0000      2.32163     0.241922    0.0393165
1998-12-31/17:26:14      286.990     -1.80000      10.5300      77.0000      1.92393     0.224951    0.0327183
1998-12-31/17:26:17      286.850     -1.63000      10.5100      75.0000      2.74456     0.258819    0.0462694
1998-12-31/17:26:19      286.780     -1.48000      10.4800      76.0000      2.32163     0.241922    0.0393165
1998-12-31/17:26:22      286.860     -1.39000      10.4400      76.0000      2.08650     0.241922    0.0353346
1998-12-31/17:26:25      286.770     -1.22000      10.4200      73.0000      3.07495     0.292372    0.0513230
1998-12-31/17:26:27      286.500     -1.03000      10.3900      72.0000      2.80513     0.309017    0.0465625
1998-12-31/17:26:30      286.350    -0.880000      10.3500      77.0000      1.80454     0.224951    0.0306879
1998-12-31/17:26:33      286.320    -0.770000      10.3300      74.0000      2.85935     0.275637    0.0479718
1998-12-31/17:26:35      286.220    -0.630000      10.3200      75.0000      2.56031     0.258819    0.0431632
1998-12-31/17:26:38      286.050    -0.470000      10.3100      71.0000      3.03428     0.325568    0.0500729
1998-12-31/17:26:40      286.040    -0.370000      10.3100      70.0000      3.04196     0.342020    0.0498904
1998-12-31/17:26:43      286.170    -0.310000      10.3000      70.0000      2.75142     0.342020    0.0451253
1998-12-31/17:26:45      285.990    -0.150000      10.2800      67.0000      1.81141     0.390731    0.0291018
1998-12-31/17:26:48      285.550    0.0800000      10.2700      68.0000      2.43529     0.374607    0.0394089
1998-12-31/17:26:50      285.250     0.290000      10.2600      70.0000      2.93767     0.342020    0.0481799
1998-12-31/17:26:53      285.060     0.460000      10.2700      71.0000      2.85097     0.325568    0.0470479
1998-12-31/17:26:55      284.450     0.730000      10.2800      74.0000      2.85935     0.275637    0.0479718
1998-12-31/17:26:58      283.500      1.06000      10.3000      74.0000      2.96037     0.275637    0.0496667
1998-12-31/17:27:00      282.890      1.34000      10.3100      74.0000      3.60824     0.275637    0.0605361
1998-12-31/17:27:03      282.560      1.56000      10.3300      74.0000      3.48493     0.275637    0.0584673
1998-12-31/17:27:30      283.230      2.98000      10.3600      69.0000      3.29185     0.358368    0.0536376
1998-12-31/17:27:33      284.590      2.85000      10.3900      71.0000      3.46035     0.325568    0.0571041
1998-12-31/17:27:35      285.290      2.86000      10.4400      79.0000      2.22837     0.190809    0.0381778
1998-12-31/17:27:38      285.460      2.99000      10.4700      81.0000      3.15804     0.156434    0.0544396
1998-12-31/17:27:40      285.760      3.06000      10.5000      81.0000      2.98906     0.156434    0.0515267
1998-12-31/17:27:43      286.170      3.08000      10.5300      83.0000      2.89748     0.121869    0.0501936
1998-12-31/17:27:45      286.330      3.12000      10.5600      83.0000      2.64068     0.121869    0.0457450
1998-12-31/17:27:47      286.280      3.23000      10.6000      83.0000      2.59171     0.121869    0.0448967
1998-12-31/17:27:50      286.330      3.31000      10.6600      82.0000      2.79514     0.139173    0.0483096
1998-12-31/17:27:52      286.580      3.33000      10.7100      82.0000      2.72844     0.139173    0.0471568
1998-12-31/17:27:55      286.790      3.36000      10.7600      84.0000      2.58933     0.104528    0.0449448
1998-12-31/17:27:57      286.940      3.41000      10.8100      84.0000      2.58933     0.104528    0.0449448
1998-12-31/17:28:00      287.100      3.46000      10.8600      89.0000      1.33819    0.0174524    0.0233523
1998-12-31/17:28:02      287.270      3.48000      10.9200      89.0000      1.59087    0.0174524    0.0277617
1998-12-31/17:28:05      287.280      3.54000      10.9800      89.0000      1.27453    0.0174524    0.0222414
1998-12-31/17:28:07      286.980      3.66000      11.0300      84.0000      2.86062     0.104528    0.0496537
1998-12-31/17:28:10      286.810      3.76000      11.1300      80.0000      2.59746     0.173648    0.0446455
1998-12-31/17:28:12      286.880      3.83000      11.2200      75.0000      2.65779     0.258819    0.0448066
1998-12-31/17:28:15      286.900      3.91000      11.2700      76.0000      1.83560     0.241922    0.0310856
1998-12-31/17:28:17      286.810      4.00000      11.3100      72.0000      2.80513     0.309017    0.0465625
1998-12-31/17:28:20      286.750      4.07000      11.3500      73.0000      2.68499     0.292372    0.0448143
1998-12-31/17:28:22      286.760      4.10000      11.3700      70.0000      2.83748     0.342020    0.0465367
1998-12-31/17:28:25      286.550      4.16000      11.3600      70.0000      2.65359     0.342020    0.0435208
1998-12-31/17:28:27      285.910      4.28000      11.3400      70.0000      3.18880     0.342020    0.0522987
1998-12-31/17:28:30      285.450      4.40000      11.3200      71.0000      2.72086     0.325568    0.0449008
1998-12-31/17:28:32      285.320      4.52000      11.2900      71.0000      2.72086     0.325568    0.0449008
