1999-05-28/00:08:12      152.640     -23.7500      13.2800      149.000      31.4226     0.857167     0.282461
1999-05-28/00:08:32      152.360     -22.9200      13.5500      141.000      8.80604     0.777146    0.0967230
1999-05-28/00:08:51      152.370     -21.8000      12.0600      140.000      7.58084     0.766045    0.0850476
1999-05-28/00:09:11      152.200     -20.9300      11.1300      111.000      22.2732     0.358368     0.362921
1999-05-28/00:09:52      151.630     -18.5600      10.9100      97.0000      5.81941     0.121869     0.100811
1999-05-28/00:10:12      151.610     -17.5200      13.1000      116.000      4.46577     0.438371    0.0700542
1999-05-28/00:10:32      151.050     -16.3900      13.0900      143.000      5.30347     0.798636    0.0557058
1999-05-28/00:10:52      151.630     -15.1300      13.4700      114.000      4.12941     0.406737    0.0658409
1999-05-28/00:11:11      152.010     -14.1400      12.8000      164.000      18.3266     0.961262    0.0881652
1999-05-28/00:11:31      151.840     -13.2300      10.4100      144.000      7.97632     0.809017    0.0818274
1999-05-28/00:12:11      151.780     -10.8800      12.3000      99.0000      4.24290     0.156434    0.0731409
1999-05-28/00:12:31      151.720     -9.76000      14.3500      165.000      3.98887     0.965926    0.0180187
1999-05-28/00:12:51      151.670     -8.66000      12.5300      126.000      25.0610     0.587785     0.353862
1999-05-28/00:13:11      151.780     -7.50000      12.1000      129.000      10.7422     0.629321     0.145705
1999-05-28/00:13:30      151.810     -6.65000      13.7900      169.000      25.7970     0.981627    0.0859102
1999-05-28/00:13:51      151.420     -5.34000      13.6800      103.000      4.71730     0.224951    0.0802222
1999-05-28/00:14:11      151.900     -4.17000      15.1500      106.000      6.58798     0.275637     0.110528
1999-05-28/00:14:31      151.800     -3.35000      14.8800      123.000      23.1802     0.544639     0.339302
1999-05-28/00:14:51      151.660     -2.17000      13.9100      162.000      9.92600     0.951056    0.0535345
1999-05-28/00:15:30      151.770    0.0500000      13.6300      164.000      23.5598     0.961262     0.113341
1999-05-28/00:15:50      151.160      1.15000      12.5000      144.000      8.33847     0.809017    0.0855426
1999-05-28/00:16:10      151.460      2.09000      13.1100      128.000      4.06287     0.615661    0.0558782
1999-05-28/00:16:31      150.940      3.30000      12.8400      129.000      25.6400     0.629321     0.347775
1999-05-28/00:16:51      151.170      4.56000      13.7300      93.0000      2.90107    0.0523359    0.0505638
1999-05-28/00:17:11      151.310      5.67000      12.7400      129.000      4.25829     0.629321    0.0577584
1999-05-28/00:17:31      151.410      6.70000      12.3300      105.000      2.68027     0.258819    0.0451856
1999-05-28/00:17:50      151.460      7.61000      13.0100      130.000      4.98111     0.642788    0.0665974
1999-05-28/00:18:10      151.000      8.64000      12.9000      142.000      29.0452     0.788011     0.312100
1999-05-28/00:18:30      150.670      9.90000      15.7300      104.000      18.8654     0.241922     0.319483
1999-05-28/00:18:50      150.750      11.2900      15.1900      102.000      2.28924     0.207912    0.0390817
1999-05-28/00:19:11      151.130      12.3500      16.9400      108.000      2.61726     0.309017    0.0434441
1999-05-28/00:19:30      151.160      13.2500      15.3200      100.000      5.85885     0.173648     0.100703
1999-05-28/00:19:50      151.030      14.4800      13.3800      152.000      12.2637     0.882948     0.100487
1999-05-28/00:20:10      151.160      15.4600      14.1800      110.000      4.20403     0.342020    0.0689492
1999-05-28/00:20:50      150.840      17.7700      13.0000      109.000      5.39605     0.325568    0.0890478
1999-05-28/00:21:10      150.900      18.8900      13.5400      134.000      2.85975     0.694658    0.0359037
1999-05-28/00:21:30      150.790      19.8800      13.9200      115.000      3.61512     0.422618    0.0571842
1999-05-28/00:22:09      150.820      22.0400      13.6900      109.000      2.97829     0.325568    0.0491490
1999-05-28/00:22:29      150.770      23.0800      13.4300      131.000      25.9298     0.656059     0.341552
1999-05-28/00:22:49      150.630      24.0800      13.5600      128.000      24.7730     0.615661     0.340713
1999-05-28/00:23:10      150.400      25.1600      12.4100      152.000      11.8559     0.882948    0.0971452
1999-05-28/00:23:30      150.010      26.3500      12.4900      123.000      8.21298     0.544639     0.120218
1999-05-28/00:23:49      149.810      27.7200      11.8700      136.000      24.0070     0.719340     0.291063
1999-05-28/00:24:09      149.810      28.9500      11.1600      125.000      2.96422     0.573576    0.0423792
1999-05-28/00:24:29      150.100      29.8700      11.9300      116.000      3.89243     0.438371    0.0610602
1999-05-28/00:24:49      150.190      30.8600      12.4700      101.000      2.40509     0.190809    0.0412055
1999-05-28/00:25:29      150.050      33.0800      12.5100      103.000      1.83560     0.224951    0.0312162
1999-05-28/00:25:48      149.970      34.1200      12.2400      106.000      3.23908     0.275637    0.0543426
1999-05-28/00:26:08      149.740      35.2800      11.8000      115.000      3.09391     0.422618    0.0489396
1999-05-28/00:26:28      149.690      36.4100      11.6800      112.000      1.90709     0.374607    0.0308613
1999-05-28/00:26:48      149.560      37.5000      11.9800      112.000      1.86436     0.374607    0.0301698
1999-05-28/00:27:08      149.520      38.7000      11.6400      122.000      2.81476     0.529919    0.0416619
1999-05-28/00:27:28      149.530      39.6800      11.4700      112.000      1.86436     0.374607    0.0301698
1999-05-28/00:27:48      149.290      40.8000      11.0100      112.000      1.86436     0.374607    0.0301698
1999-05-28/00:28:08      148.790      42.1300      10.9800      118.000      8.07114     0.469472     0.124379
1999-05-28/00:28:28      148.930      43.2200      10.9100      112.000      1.98706     0.374607    0.0321554
1999-05-28/00:28:48      149.030      44.2600      13.2700      112.000      1.47353     0.374607    0.0238453
1999-05-28/00:29:08      149.020      45.3500      14.6600      99.0000      3.45414     0.156434    0.0595439
1999-05-28/00:29:28      149.220      46.3600      13.4300      94.0000      2.38972    0.0697566    0.0416069
1999-05-28/00:29:48      149.210      47.3500      12.0100      92.0000      2.34627    0.0348995    0.0409252
1999-05-28/00:30:08      148.810      48.5600      11.6100      112.000      2.74726     0.374607    0.0444573
1999-05-28/00:30:28      148.610      49.6900      11.6200      91.0000      1.47669    0.0174525    0.0257692
1999-05-28/00:31:08      148.050      51.9800      12.2900      104.000      3.45956     0.241922    0.0585871
1999-05-28/00:31:27      147.730      53.0400      12.4700      101.000      3.12846     0.190809    0.0535987
1999-05-28/00:31:47      147.210      54.3900      12.2200      104.000      2.74456     0.241922    0.0464787
1999-05-28/00:32:07      147.280      55.4700      11.9400      106.000      3.50255     0.275637    0.0587629
1999-05-28/00:32:27      146.950      56.5600      11.6600      110.000      2.39465     0.342020    0.0392740
1999-05-28/00:32:47      146.640      57.7300      11.9800      101.000      2.09172     0.190809    0.0358367
1999-05-28/02:04:49      150.760     -6.35000      12.0700      119.000      9.29319     0.484810     0.141860
1999-05-28/02:05:08      150.740     -5.03000      11.9900      151.000      37.2472     0.874620     0.315168
1999-05-28/02:06:09      149.670     -2.22000      11.9900      142.000      29.0452     0.788011     0.312100
1999-05-28/02:07:08      150.950      1.49000      11.9800      122.000      6.63312     0.529919    0.0981783
1999-05-28/02:07:28      150.530      2.42000      11.6200      139.000      6.78485     0.754710    0.0776892
1999-05-28/02:07:48      150.450      3.46000      11.6900      99.0000      6.33120     0.156434     0.109140
1999-05-28/02:08:09      150.370      4.87000      11.9000      121.000      3.75244     0.515038    0.0561380
1999-05-28/02:08:29      150.600      5.87000      11.9400      123.000      6.93669     0.544639     0.101536
1999-05-28/02:08:49      150.600      6.86000      11.9400      94.0000      5.10464    0.0697566    0.0888757
1999-05-28/02:09:09      150.520      7.86000      11.7600      126.000      25.0610     0.587785     0.353862
1999-05-28/02:09:28      150.210      8.93000      11.5800      111.000      3.72656     0.358368    0.0607208
1999-05-28/02:09:48      149.620      10.1900      11.6800      145.000      6.82253     0.819152    0.0682990
1999-05-28/02:10:08      149.970      11.5800      11.7800      138.000      8.26807     0.743145    0.0965589
1999-05-28/02:10:28      150.220      12.4600      11.8300      128.000      8.10632     0.615661     0.111489
1999-05-28/02:11:09      150.260      14.7500      11.9100      131.000      3.05442     0.656059    0.0402333
1999-05-28/02:11:28      150.190      15.8000      11.7500      102.000      1.92393     0.207912    0.0328451
1999-05-28/02:11:48      149.940      16.9400      11.3900      147.000      13.0352     0.838671     0.123909
1999-05-28/02:12:08      149.770      18.0800      11.3900      140.000      5.94440     0.766045    0.0666888
1999-05-28/02:12:28      149.960      19.2300      11.5000      144.000      4.34195     0.809017    0.0445431
1999-05-28/02:12:48      149.890      20.1600      11.4600      98.0000      2.85571     0.139173    0.0493565
1999-05-28/02:13:08      149.790      21.3700      11.4500      104.000      2.85144     0.241922    0.0482887
1999-05-28/02:13:27      149.780      22.4300      11.4800      121.000      5.63168     0.515038    0.0842521
1999-05-28/02:13:47      149.630      23.3800      11.6700      152.000      16.2763     0.882948     0.133365
1999-05-28/02:14:07      149.520      24.3700      11.6900      124.000      17.6815     0.559193     0.255841
1999-05-28/02:14:27      149.290      25.2400      11.5600      141.000      6.41107     0.777146    0.0704173
1999-05-28/02:14:48      148.500      26.4700      11.5200      113.000      3.49606     0.390731    0.0561671
1999-05-28/02:15:08      148.540      27.8600      11.3200      121.000      2.56239     0.515038    0.0383344
1999-05-28/02:15:28      149.080      28.9600      11.1300      113.000      2.42089     0.390731    0.0388936
1999-05-28/02:15:47      149.350      29.9100      11.0800      102.000      2.65735     0.207912    0.0453660
1999-05-28/02:16:07      149.300      30.9100      11.0900      93.0000      3.27567    0.0523359    0.0570929
1999-05-28/02:16:27      149.140      32.0900      10.8300      109.000      3.18880     0.325568    0.0526229
1999-05-28/02:16:47      149.220      33.1600      10.8300      110.000      3.59163     0.342020    0.0589054
1999-05-28/02:17:07      149.090      34.2100      11.1500      115.000      3.24076     0.422618    0.0512625
1999-05-28/02:17:27      148.940      35.3800      11.2200      114.000      2.85912     0.406737    0.0455869
1999-05-28/02:17:47      148.830      36.5200      11.1300      106.000      2.84991     0.275637    0.0478135
1999-05-28/02:18:07      148.660      37.7000      11.1300      108.000      2.79788     0.309017    0.0464422
1999-05-28/02:18:27      148.680      38.8000      11.1200      111.000      2.37731     0.358368    0.0387360
1999-05-28/02:18:47      148.520      39.8100      11.1400      105.000      3.40585     0.258819    0.0574178
1999-05-28/02:19:07      148.080      41.0100      10.9800      110.000      2.55790     0.342020    0.0419514
1999-05-28/02:19:26      147.960      42.2100      10.8700      112.000      1.90709     0.374607    0.0308613
1999-05-28/02:19:46      147.930      43.2900      10.8400      109.000      3.44885     0.325568    0.0569143
1999-05-28/02:20:06      147.780      44.4200      11.0500      110.000      2.39465     0.342020    0.0392740
1999-05-28/02:20:26      147.800      45.5000      10.9700      102.000      1.26700     0.207912    0.0216301
1999-05-28/02:20:46      147.890      46.5500      11.0500      107.000      3.00550     0.292372    0.0501638
1999-05-28/02:21:06      147.740      47.5400      11.2100      111.000      2.32941     0.358368    0.0379555
1999-05-28/02:21:26      147.350      48.7300      11.3800      114.000      2.37061     0.406737    0.0377979
1999-05-28/02:21:46      147.280      49.7400      11.6300      116.000      4.18389     0.438371    0.0656323
1999-05-28/02:22:26      146.790      52.1600      11.7200      94.0000      3.53395    0.0697566    0.0615288
1999-05-28/02:22:46      146.580      53.1300      11.9700      112.000      3.13059     0.374607    0.0506605
1999-05-28/02:23:06      145.880      54.5000      11.7100      109.000      3.18880     0.325568    0.0526229
1999-05-28/02:23:26      146.010      55.5900      11.3700      109.000      3.11900     0.325568    0.0514710
1999-05-28/02:23:46      145.680      56.6500      10.8300      102.000      1.86721     0.207912    0.0318768
1999-05-28/02:24:06      145.570      57.7500      10.3900      94.0000      3.27280    0.0697566    0.0569820
1999-05-28/02:24:26      145.310      58.8400      10.3100      120.000      3.73037     0.500000    0.0563845
1999-05-28/02:24:46      145.030      59.9300      10.3600      111.000      2.53204     0.358368    0.0412572
1999-05-28/02:25:25      144.120      62.2000      10.4400      121.000      8.19467     0.515038     0.122595
1999-05-28/02:25:45      143.930      63.1700      16.7900      118.000      8.07114     0.469472     0.124379
1999-05-28/02:26:05      141.700      64.4900      16.8000      117.000      3.48879     0.453991    0.0542542
1999-05-28/02:26:25      140.300      65.7200      17.0700      105.000      9.39453     0.258819     0.158378
1999-05-28/02:26:45      135.450      67.4200      17.3100      103.000      3.43504     0.224951    0.0584162
1999-05-28/02:27:05      138.020      68.3900      16.6000      102.000      1.73073     0.207912    0.0295468
1999-05-28/02:27:24      136.480      69.4800      16.1200      108.000      2.72086     0.309017    0.0451637
1999-05-28/02:27:44      131.450      71.0300      14.1900      106.000      3.07495     0.275637    0.0515890
1999-05-28/05:27:49      146.800     -70.7200      16.5800      103.000      2.08650     0.224951    0.0354829
1999-05-28/05:28:09      143.760     -70.3500      16.0500      92.0000      1.97205    0.0348995    0.0343978
1999-05-28/05:28:49      146.280     -67.4900      16.4300      145.000      8.42524     0.819152    0.0843434
1999-05-28/05:29:28      146.070     -65.4000      16.4300      114.000      7.90321     0.406737     0.126012
1999-05-28/05:29:48      147.990     -63.7800      13.7800      170.000      19.7469     0.984808    0.0598476
1999-05-28/05:30:28      149.800     -61.5900      16.2000      170.000      45.0000     0.984808     0.136383
1999-05-28/05:30:48      148.950     -60.8000      15.0000      93.0000      3.05252    0.0523359    0.0532035
1999-05-28/05:31:28      148.730     -57.8200      16.2300      122.000      4.46606     0.529919    0.0661032
1999-05-28/05:31:48      148.450     -57.1500      15.7600      111.000      2.59786     0.358368    0.0423297
1999-05-28/05:32:08      148.550     -55.9500      16.3000      124.000      6.94095     0.559193     0.100432
1999-05-28/05:32:28      149.610     -54.5800      15.6300      146.000      28.3908     0.829038     0.277087
1999-05-28/05:32:48      149.280     -53.9300      16.2300      170.000      9.20930     0.984808    0.0279109
1999-05-28/05:33:47      149.420     -50.1700      15.1600      144.000      9.99323     0.809017     0.102518
1999-05-28/05:34:08      149.620     -49.0500      14.5300      140.000      6.15250     0.766045    0.0690234
1999-05-28/05:34:28      149.500     -48.6400      15.4800      117.000      4.15842     0.453991    0.0646676
1999-05-28/05:35:08      152.380     -44.9500      14.5700      62.0000      10.4396     0.469472     0.160878
1999-05-28/05:35:27      147.080     -44.5400      13.9700      147.000      10.8708     0.838671     0.103335
1999-05-28/05:35:47      147.470     -43.8800      14.4500      115.000      22.3924     0.422618     0.354204
1999-05-28/05:36:27      149.910     -41.0900      13.8200      164.000      17.7893     0.961262    0.0855804
1999-05-28/05:37:47      149.860     -36.8900      16.3700      139.000      27.2650     0.754710     0.312195
1999-05-28/05:38:07      149.130     -36.1100      15.2900      93.0000      4.60378    0.0523359    0.0802410
1999-05-28/05:39:07      149.450     -32.3300      17.9800      132.000      4.32215     0.669131    0.0560597
1999-05-28/05:39:26      149.410     -31.4400      18.3300      118.000      3.73865     0.469472    0.0576139
1999-05-28/05:39:46      149.300     -30.4400      17.6500      109.000      3.44885     0.325568    0.0569143
1999-05-28/05:40:06      149.090     -29.4100      21.7100      120.000      9.04683     0.500000     0.136743
1999-05-28/05:41:27      148.640     -24.9400      20.8500      113.000      4.23993     0.390731    0.0681180
1999-05-28/05:41:47      148.680     -24.0800      20.2500      123.000      2.22103     0.544639    0.0325105
1999-05-28/05:42:46      149.160     -20.4500      18.1100      129.000      10.7422     0.629321     0.145705
1999-05-28/05:43:06      149.090     -19.5300      16.1800      172.000      20.3318     0.990268    0.0493866
1999-05-28/05:43:47      148.450     -17.6500      16.5800      159.000      20.3561     0.933580     0.127321
1999-05-28/05:45:46      148.890     -10.6500      17.3100      115.000      11.1962     0.422618     0.177102
1999-05-28/05:46:45      148.710     -7.30000      17.7100      143.000      6.77975     0.798636    0.0712121
1999-05-28/05:47:05      148.810     -6.29000      17.3300      95.0000      3.44413    0.0871559    0.0598827
1999-05-28/05:48:06      149.050     -3.11000      15.9400      169.000      16.4775     0.981627    0.0548741
1999-05-28/05:48:26      148.910     -2.37000      17.9000      136.000      6.90597     0.719340    0.0837285
1999-05-28/05:48:45      148.180     -1.31000      16.9500      167.000      45.0000     0.974370     0.176676
1999-05-28/05:49:05      147.660     0.100000      15.5000      157.000      7.52651     0.920505    0.0513273
1999-05-28/05:49:25      148.570      1.33000      16.9200      141.000      6.41107     0.777146    0.0704173
1999-05-28/05:49:45      148.600      2.44000      16.3500      124.000      4.60390     0.559193    0.0666158
1999-05-28/05:50:06      148.480      3.63000      16.5200      134.000      10.1597     0.694658     0.127553
1999-05-28/05:50:26      148.470      4.70000      15.9200      133.000      2.81077     0.681998    0.0358782
1999-05-28/05:50:46      148.630      5.70000      16.3600      113.000      17.3017     0.390731     0.277966
1999-05-28/05:51:25      147.880      7.89000      16.6400      136.000      10.3125     0.719340     0.125030
1999-05-28/05:52:05      148.220      10.3600      16.2300      166.000      8.79032     0.970296    0.0371157
1999-05-28/05:52:25      148.260      11.3800      16.2900      160.000      42.0716     0.939693     0.251141
1999-05-28/05:52:44      148.380      12.2900      16.2200      138.000      10.3111     0.743145     0.120419
1999-05-28/05:53:04      148.110      13.1100      17.5700      106.000      4.47458     0.275637    0.0750708
1999-05-28/05:53:24      147.340      14.4500      24.6800      128.000      4.88513     0.615661    0.0671871
1999-05-28/05:53:44      147.950      15.6300      21.8400      107.000      4.92515     0.292372    0.0822040
1999-05-28/05:55:05      148.110      19.9200      18.9400      123.000      2.27303     0.544639    0.0332716
1999-05-28/05:55:24      147.920      21.0300      17.7700      119.000      6.91906     0.484810     0.105619
1999-05-28/05:55:44      147.920      22.2100      17.7500      123.000      8.21298     0.544639     0.120218
1999-05-28/05:56:24      147.800      24.3000      17.7000      141.000      13.4685     0.777146     0.147934
1999-05-28/05:56:44      147.690      25.3700      17.5200      141.000      9.69305     0.777146     0.106466
1999-05-28/05:57:04      147.440      26.3800      17.8700      112.000      17.4097     0.374607     0.281731
1999-05-28/05:57:24      147.470      27.5100      17.8600      157.000      3.56805     0.920505    0.0243325
1999-05-28/05:57:44      147.580      28.6200      17.3900      91.0000      1.65454    0.0174525    0.0288728
1999-05-28/05:58:04      147.590      29.7300      17.7800      91.0000      3.54734    0.0174525    0.0619033
1999-05-28/05:58:44      147.260      32.2200      17.9200      115.000      2.55251     0.422618    0.0403757
1999-05-28/05:59:04      147.240      33.3700      17.1300      106.000      4.47458     0.275637    0.0750708
1999-05-28/05:59:24      147.140      34.5400      17.3600      107.000      3.81446     0.292372    0.0636659
1999-05-28/05:59:44      147.110      35.6500      17.3800      103.000      8.69886     0.224951     0.147933
1999-05-28/06:00:04      147.000      36.7300      17.4800      113.000      1.58863     0.390731    0.0255227
1999-05-28/06:00:24      146.800      37.9200      17.4300      112.000      1.86436     0.374607    0.0301698
1999-05-28/06:00:44      146.750      38.9300      17.3700      108.000      2.72086     0.309017    0.0451637
1999-05-28/06:01:04      146.720      39.9200      17.5600      100.000      2.22837     0.173648    0.0383015
1999-05-28/06:01:24      146.360      41.1900      17.7300      113.000      1.46827     0.390731    0.0235890
1999-05-28/06:01:44      146.180      42.3400      17.7000      104.000      2.45144     0.241922    0.0415148
1999-05-28/06:02:04      146.040      43.5500      17.5000      110.000      2.88719     0.342020    0.0473520
1999-05-28/06:02:24      145.830      44.7800      17.5200      105.000      2.85935     0.258819    0.0482046
1999-05-28/06:02:44      145.640      45.8800      17.8500      104.000      2.56031     0.241922    0.0433585
1999-05-28/06:03:04      145.360      47.1100      18.4100      113.000      1.78538     0.390731    0.0286836
1999-05-28/06:03:23      145.280      48.2800      18.2000      115.000      2.36999     0.422618    0.0374886
1999-05-28/06:03:43      145.150      49.3800      17.9700      106.000      2.31977     0.275637    0.0389192
1999-05-28/06:04:03      144.590      50.4800      17.8700      119.000      2.80616     0.484810    0.0428360
1999-05-28/06:04:23      144.130      51.9500      17.7100      122.000      3.21278     0.529919    0.0475531
1999-05-28/06:04:43      143.430      53.3000      17.7200      109.000      3.38317     0.325568    0.0558305
1999-05-28/06:05:03      142.440      54.7100      17.8900      113.000      1.69368     0.390731    0.0272104
1999-05-28/06:05:23      141.660      55.8800      18.3600      106.000      2.68499     0.275637    0.0450466
1999-05-28/06:05:43      140.900      57.1900      18.7000      116.000      2.75008     0.438371    0.0431403
1999-05-28/06:06:03      141.410      58.0700      18.8000      107.000      1.99452     0.292372    0.0332899
1999-05-28/06:06:23      140.470      59.4100      19.1000      116.000      4.41855     0.438371    0.0693134
1999-05-28/06:06:43      139.840      60.5700      19.1900      106.000      6.08789     0.275637     0.102138
1999-05-28/06:07:03      139.670      61.5200      19.2200      114.000      2.09785     0.406737    0.0334489
1999-05-28/06:07:23      139.590      62.2600      19.2900      108.000      3.72693     0.309017    0.0618636
1999-05-28/06:07:43      138.630      63.7300      19.5100      112.000      1.86436     0.374607    0.0301698
1999-05-28/07:16:47      134.740     -79.2300      19.9800      99.0000      2.59746     0.156434    0.0447761
1999-05-28/07:18:46      146.410     -71.1300      20.2800      107.000      3.43378     0.292372    0.0573121
1999-05-28/07:20:46      147.830     -64.1700      20.5500      104.000      4.29017     0.241922    0.0726534
1999-05-28/07:21:06      148.430     -63.2000      20.6600      110.000      4.47342     0.342020    0.0733674
1999-05-28/07:21:26      149.550     -61.9600      20.6700      91.0000      12.3407    0.0174525     0.215353
1999-05-28/07:22:45      148.190     -57.3600      20.6700      103.000      4.07256     0.224951    0.0692578
1999-05-28/07:23:06      147.360     -56.5000      20.4100      124.000      3.79061     0.559193    0.0548480
1999-05-28/07:23:26      148.500     -55.2600      19.5300      158.000      2.04745     0.927184    0.0133865
1999-05-28/07:23:46      148.840     -54.2900      18.7000      130.000      25.7972     0.642788     0.344909
1999-05-28/07:24:06      148.330     -53.0100      18.0300      126.000      25.0610     0.587785     0.353862
1999-05-28/07:24:25      148.770     -52.0500      17.6300      151.000      12.6830     0.874620     0.107317
1999-05-28/07:25:25      149.000     -48.8100      17.6000      143.000      34.4662     0.798636     0.362021
1999-05-28/07:26:44      148.220     -44.2800      18.1300      124.000      17.6815     0.559193     0.255841
1999-05-28/07:27:25      148.940     -41.1700      18.5400      135.000      10.7221     0.707107     0.132325
1999-05-28/07:27:45      149.180     -42.0400      18.6800      162.000      45.0000     0.951056     0.242701
1999-05-28/07:28:05      151.160     -38.2000      18.4800      29.0000      35.6382     0.874620     0.301553
1999-05-28/07:28:24      148.280     -38.5100      18.4300      101.000      3.12846     0.190809    0.0535987
1999-05-28/07:30:05      150.180     -32.7200      18.4200      12.0000      28.0752     0.978148     0.101878
1999-05-28/07:30:44      148.630     -30.9300      18.3600      91.0000      20.6698    0.0174525     0.360701
1999-05-28/07:31:04      148.530     -29.8500      18.2600      121.000      5.86516     0.515038    0.0877451
1999-05-28/07:31:24      148.260     -29.0100      14.9700      158.000      10.3776     0.927184    0.0678500
1999-05-28/07:31:44      147.820     -27.8700      14.9900      148.000      6.26250     0.848048    0.0579208
1999-05-28/07:32:04      147.620     -26.6300      15.1700      105.000      20.0866     0.258819     0.338632
1999-05-28/07:32:23      147.790     -25.6000      17.5900      146.000      28.3908     0.829038     0.277087
1999-05-28/07:32:43      148.020     -24.5200      21.4600      124.000      4.82249     0.559193    0.0697787
1999-05-28/07:33:03      147.560     -23.5800      19.4400      104.000      2.98416     0.241922    0.0505363
1999-05-28/07:33:23      147.060     -22.3200      16.5600      100.000      21.1866     0.173648     0.364158
1999-05-28/07:33:44      147.660     -21.1500      15.7000      146.000      28.3908     0.829038     0.277087
1999-05-28/07:34:04      148.200     -19.9900      15.3600      111.000      11.1366     0.358368     0.181460
1999-05-28/07:34:24      147.900     -18.7400      14.9900      101.000      25.3882     0.190809     0.434967
1999-05-28/07:34:43      148.090     -17.7700      14.6900      99.0000      4.47393     0.156434    0.0771235
1999-05-28/07:35:03      147.580     -17.0900      14.8100      115.000      22.3924     0.422618     0.354204
1999-05-28/07:35:43      147.780     -14.1700      15.1600      159.000      20.3561     0.933580     0.127321
1999-05-28/07:36:03      147.790     -13.6000      14.8400      140.000      28.7126     0.766045     0.322120
1999-05-28/07:36:22      147.020     -12.5900      15.1700      133.000      8.41973     0.681998     0.107474
1999-05-28/07:36:42      147.590     -11.2500      15.3900      126.000      25.0610     0.587785     0.353862
1999-05-28/07:37:02      147.680     -10.3000      15.2300      97.0000      5.46114     0.121869    0.0946044
1999-05-28/07:37:43      147.300     -7.83000      14.5500      131.000      8.36815     0.656059     0.110227
1999-05-28/07:38:02      147.800     -6.89000      14.6000      160.000      10.2337     0.939693    0.0610888
1999-05-28/07:38:42      147.390     -4.56000      14.7700      122.000      21.3608     0.529919     0.316166
1999-05-28/07:39:02      147.720     -3.34000      14.8000      168.000      45.0000     0.978148     0.163293
1999-05-28/07:40:02      146.850   -0.0500000      14.7400      123.000      23.1802     0.544639     0.339302
1999-05-28/07:40:22      147.640     0.880000      14.9300      152.000      7.29646     0.882948    0.0597859
1999-05-28/07:41:02      148.020      3.17000      15.0900      105.000      10.0433     0.258819     0.169316
1999-05-28/07:41:22      147.940      4.02000      15.3600      126.000      25.0610     0.587785     0.353862
1999-05-28/07:41:42      147.700      4.86000      15.8900      123.000      3.84539     0.544639    0.0562871
1999-05-28/07:42:02      146.620      5.71000      16.3300      96.0000      5.62353     0.104529    0.0976114
1999-05-28/07:42:21      145.760      7.60000      15.7400      120.000      2.68786     0.500000    0.0406270
1999-05-28/07:42:41      146.910      8.20000      15.6100      127.000      3.82036     0.601815    0.0532513
1999-05-28/07:43:21      147.610      11.1100      15.5000      103.000      4.36973     0.224951    0.0743115
1999-05-28/07:44:01      147.600      12.6300      15.4900      126.000      9.83639     0.587785     0.138890
1999-05-28/07:44:21      146.940      13.7300      15.4000      109.000      3.38317     0.325568    0.0558305
1999-05-28/07:44:41      146.220      14.9500      15.5200      124.000      17.6815     0.559193     0.255841
1999-05-28/07:45:01      146.030      16.5100      15.5800      136.000      2.72704     0.719340    0.0330628
1999-05-28/07:45:21      146.020      17.5700      15.3800      103.000      23.4252     0.224951     0.398368
1999-05-28/07:45:40      146.430      18.7000      15.3900      112.000      3.38726     0.374607    0.0548140
1999-05-28/07:46:00      146.780      19.8000      15.5800      105.000      3.60824     0.258819    0.0608298
1999-05-28/07:46:20      147.000      20.5600      15.7200      98.0000      3.27851     0.139173    0.0566639
1999-05-28/07:46:40      146.830      21.6400      15.9300      120.000      4.56678     0.500000    0.0690269
1999-05-28/07:47:01      146.710      22.8200      15.7900      158.000      10.1007     0.927184    0.0660396
1999-05-28/07:47:21      146.640      23.7800      15.8700      168.000      4.55563     0.978148    0.0165312
1999-05-28/07:47:41      146.820      24.7100      15.8600      157.000      37.7804     0.920505     0.257645
1999-05-28/07:48:20      146.880      26.6100      15.6300      149.000      31.4226     0.857167     0.282461
1999-05-28/07:49:20      144.420      30.4200      15.5100      121.000      3.18689     0.515038    0.0476771
1999-05-28/07:49:40      142.310      32.5800      15.5200      116.000      2.25007     0.438371    0.0352967
1999-05-28/07:49:59      143.150      33.4900      15.3200      117.000      2.81654     0.453991    0.0438000
1999-05-28/07:50:19      144.130      34.1100      15.3200      115.000      2.36999     0.422618    0.0374886
1999-05-28/07:50:39      144.570      35.0700      15.2300      113.000      1.58863     0.390731    0.0255227
1999-05-28/07:51:00      144.610      36.1300      15.2300      112.000      1.90709     0.374607    0.0308613
1999-05-28/07:51:20      143.270      37.7900      15.0900      107.000      2.19297     0.292372    0.0366021
1999-05-28/07:51:40      144.460      38.3900      14.9500      105.000      2.14212     0.258819    0.0361131
1999-05-28/07:52:00      142.720      39.9900      14.8600      111.000      2.01220     0.358368    0.0327869
1999-05-28/07:52:19      143.550      40.6400      14.7500      109.000      2.46527     0.325568    0.0406829
1999-05-28/07:52:39      144.060      41.3300      14.7600      119.000      2.45967     0.484810    0.0375468
1999-05-28/07:52:59      143.230      42.7900      15.0400      112.000      1.61897     0.374607    0.0261988
1999-05-28/07:53:19      142.040      44.6800      15.3200      111.000      2.39953     0.358368    0.0390981
1999-05-28/07:53:40      139.710      46.4200      15.2500      110.000      2.65743     0.342020    0.0435838
1999-05-28/07:54:59      140.480      49.7800      15.3000      112.000      1.61897     0.374607    0.0261988
1999-05-28/07:56:58      139.120      56.4400      15.6100      111.000      2.09106     0.358368    0.0340718
1999-05-28/07:57:18      135.850      58.0000      15.8900      114.000      2.37061     0.406737    0.0377979
1999-05-28/07:57:39      139.030      58.7500      16.1600      111.000      2.39953     0.358368    0.0390981
1999-05-28/07:57:59      138.610      60.2300      15.9800      117.000      4.45875     0.453991    0.0693380
1999-05-28/15:13:52      141.280      29.9000      15.3900      94.0000      2.88913    0.0697566    0.0503020
1999-05-28/15:14:12      141.230      30.9300      15.2900      109.000      3.32780     0.325568    0.0549167
1999-05-28/15:14:32      140.860      31.9100      13.5500      114.000      3.37699     0.406737    0.0538440
1999-05-28/15:14:52      140.010      33.4600      12.5500      119.000      4.13137     0.484810    0.0630653
1999-05-28/15:15:12      141.080      34.3400      13.3400      102.000      2.36358     0.207912    0.0403508
1999-05-28/15:15:32      141.290      35.2800      13.7100      107.000      4.13682     0.292372    0.0690463
1999-05-28/15:15:52      141.340      36.3700      13.5700      112.000      2.95217     0.374607    0.0477732
1999-05-28/15:16:11      141.130      37.5100      13.4200      108.000      3.46035     0.309017    0.0574386
1999-05-28/15:16:31      140.900      38.5900      13.1400      109.000      3.84268     0.325568    0.0634135
1999-05-28/15:16:51      140.870      39.6100      12.9800      112.000      2.15767     0.374607    0.0349163
1999-05-28/15:17:11      140.440      40.7600      14.4700      108.000      2.51776     0.309017    0.0417925
1999-05-28/15:17:32      140.890      41.8400      14.1900      101.000      1.78652     0.190809    0.0306078
1999-05-28/15:17:51      140.850      42.7400      12.6500      92.0000      2.04513    0.0348995    0.0356725
1999-05-28/15:18:11      140.190      43.9200      11.2700      94.0000      3.60684    0.0697566    0.0627979
1999-05-28/15:18:31      139.730      45.3300      14.6600      108.000      3.27522     0.309017    0.0543656
1999-05-28/15:18:51      139.700      46.5300      14.1300      115.000      4.02131     0.422618    0.0636093
1999-05-28/15:19:11      139.890      47.8100      13.6400      106.000      5.16517     0.275637    0.0866570
1999-05-28/15:19:31      139.620      49.0300      13.7500      97.0000      3.54206     0.121869    0.0613598
1999-05-28/15:19:51      139.590      49.8800      12.4900      97.0000      3.10004     0.121869    0.0537026
1999-05-28/15:20:11      138.970      51.3500      14.1400      110.000      2.45938     0.342020    0.0403356
1999-05-28/16:41:55      143.240     -46.9400      13.7200      103.000      23.4252     0.224951     0.398368
1999-05-28/16:42:35      143.220     -44.3700      12.5600      115.000      9.17440     0.422618     0.145121
1999-05-28/16:42:55      143.460     -43.9200      12.4700      161.000      16.6515     0.945519    0.0946177
1999-05-28/16:43:14      143.440     -43.4700      11.9900      118.000      10.5665     0.469472     0.162833
1999-05-28/16:43:54      142.620     -40.8900      12.7900      97.0000      18.5254     0.121869     0.320920
1999-05-28/16:44:34      142.440     -38.5600      13.1000      121.000      19.9174     0.515038     0.297973
1999-05-28/16:44:54      142.590     -37.1300      12.1600      109.000      3.28169     0.325568    0.0541558
1999-05-28/16:45:14      142.810     -35.9800      12.4200      126.000      9.13130     0.587785     0.128934
1999-05-28/16:45:54      143.040     -33.8900      12.1300      93.0000      2.34355    0.0523359    0.0408466
1999-05-28/16:46:14      142.940     -32.7200      12.2900      94.0000      5.10464    0.0697566    0.0888757
1999-05-28/16:46:33      142.990     -31.4700      11.9800      99.0000      3.10816     0.156434    0.0535798
1999-05-28/16:46:53      142.880     -30.6100      13.1400      138.000      5.10678     0.743145    0.0596397
1999-05-28/16:47:33      142.600     -28.7600      13.3700      169.000      8.51857     0.981627    0.0283689
1999-05-28/16:48:33      142.930     -24.8600      13.6500      131.000      8.04393     0.656059     0.105956
1999-05-28/16:48:53      142.900     -23.8500      13.5700      121.000      6.79686     0.515038     0.101684
1999-05-28/16:49:13      142.840     -22.6800      13.3700      95.0000      3.29517    0.0871559    0.0572927
1999-05-28/16:49:33      142.500     -21.7300      13.4100      112.000      3.48033     0.374607    0.0563201
1999-05-28/16:49:53      142.880     -20.3600      13.5900      171.000      45.0000     0.987688     0.122863
1999-05-28/16:50:13      142.570     -19.5100      13.6000      122.000      3.51694     0.529919    0.0520550
1999-05-28/16:50:33      142.740     -18.2100      13.5200      143.000      14.5486     0.798636     0.152813
1999-05-28/16:50:53      142.760     -17.1600      13.3500      106.000      6.58798     0.275637     0.110528
1999-05-28/16:51:12      142.610     -16.1900      13.4500      113.000      3.71143     0.390731    0.0596272
1999-05-28/16:51:32      142.590     -15.0600      13.6700      114.000      2.74282     0.406737    0.0437326
1999-05-28/16:51:53      142.400     -14.0700      14.0400      125.000      5.54943     0.573576    0.0793396
1999-05-28/16:52:13      142.590     -12.9100      13.8000      125.000      10.9139     0.573576     0.156035
1999-05-28/16:53:12      142.450     -9.65000      13.2400      102.000      2.28924     0.207912    0.0390817
1999-05-28/16:53:32      142.460     -8.40000      13.3700      120.000      3.88265     0.500000    0.0586862
1999-05-28/16:53:52      142.810     -7.43000      13.2900      112.000      5.97429     0.374607    0.0966784
1999-05-28/16:54:53      142.700     -3.89000      13.2000      103.000      8.46224     0.224951     0.143909
1999-05-28/16:55:13      142.660     -3.01000      13.1600      133.000      10.2469     0.681998     0.130797
1999-05-28/16:55:52      142.410    -0.790000      13.1200      112.000      2.03620     0.374607    0.0329506
1999-05-28/16:56:12      142.530     0.390000      13.1800      111.000      2.76042     0.358368    0.0449784
1999-05-28/16:56:32      142.610      1.55000      13.1400      91.0000      20.6698    0.0174525     0.360701
1999-05-28/16:56:52      142.710      2.54000      13.1600      112.000      17.4097     0.374607     0.281731
1999-05-28/16:57:11      142.550      3.56000      13.0700      105.000      3.60824     0.258819    0.0608298
1999-05-28/16:57:31      142.520      4.72000      14.1200      134.000      4.71938     0.694658    0.0592511
1999-05-28/16:57:51      142.480      5.81000      14.3900      117.000      22.6838     0.453991     0.352756
1999-05-28/16:58:11      142.490      6.94000      13.8100      101.000      3.50109     0.190809    0.0599829
1999-05-28/16:58:32      142.420      8.04000      13.0000      96.0000      2.70511     0.104529    0.0469544
1999-05-28/16:58:52      142.410      9.15000      13.0200      118.000      8.20682     0.469472     0.126470
1999-05-28/16:59:12      142.160      10.1500      12.9400      133.000      3.28870     0.681998    0.0419787
1999-05-28/16:59:32      142.190      11.3600      12.8900      105.000      5.12132     0.258819    0.0863382
1999-05-28/16:59:51      142.310      12.4300      13.1100      111.000      9.59688     0.358368     0.156372
1999-05-28/17:00:11      142.150      13.3600      13.3600      172.000      21.9485     0.990268    0.0533136
1999-05-28/17:00:31      141.870      14.4500      13.0300      171.000      23.7188     0.987688    0.0647594
1999-05-28/17:01:30      142.270      17.8700      13.0200      118.000      21.8068     0.469472     0.336050
1999-05-28/17:01:50      141.810      18.8300      13.0200      124.000      9.60787     0.559193     0.139020
1999-05-28/17:02:10      141.530      20.0800      13.0300      140.000      9.17525     0.766045     0.102935
1999-05-28/17:02:31      141.470      21.5300      13.0000      136.000      10.3125     0.719340     0.125030
1999-05-28/17:02:51      142.040      22.4600      13.1900      114.000      6.39498     0.406737     0.101964
1999-05-28/17:03:31      141.770      24.7000      12.8600      113.000      4.66686     0.390731    0.0749770
1999-05-28/17:03:50      141.930      25.5100      12.9000      111.000      3.06196     0.358368    0.0498917
1999-05-28/17:04:30      141.280      27.7400      13.0000      119.000      5.52790     0.484810    0.0843834
1999-05-28/17:04:50      141.230      28.9700      12.9000      105.000      3.48493     0.258819    0.0587510
1999-05-28/17:05:11      141.270      30.0600      13.1100      113.000      7.48251     0.390731     0.120213
1999-05-28/17:05:30      141.110      31.1500      13.2100      93.0000      3.13732    0.0523359    0.0546815
1999-05-28/17:05:50      140.520      32.4600      13.1400      113.000      2.53069     0.390731    0.0406577
1999-05-28/17:06:10      140.660      33.7500      13.1800      111.000      3.27161     0.358368    0.0533078
1999-05-28/17:06:30      141.250      34.4600      13.2800      92.0000      1.86320    0.0348995    0.0324992
1999-05-28/17:06:50      141.170      35.4000      13.2100      111.000      2.53204     0.358368    0.0412572
1999-05-28/17:07:10      140.990      36.5300      13.1500      113.000      1.58863     0.390731    0.0255227
1999-05-28/17:07:30      140.920      37.6800      12.9800      110.000      3.45863     0.342020    0.0567241
1999-05-28/17:07:50      140.880      38.7900      13.1800      119.000      3.98186     0.484810    0.0607831
1999-05-28/17:08:10      140.730      39.8800      10.8300      103.000      2.17751     0.224951    0.0370307
1999-05-28/17:08:30      140.730      40.9500      11.6200      100.000      2.58013     0.173648    0.0443476
1999-05-28/17:08:50      140.690      42.0100      11.2700      111.000      3.19789     0.358368    0.0521066
1999-05-28/17:09:10      140.570      43.0400      10.3300      109.000      3.32780     0.325568    0.0549167
1999-05-28/17:09:30      140.150      44.2500      11.5300      110.000      3.17304     0.342020    0.0520402
1999-05-28/17:09:50      139.820      45.4800      11.6200      111.000      3.19789     0.358368    0.0521066
1999-05-28/17:10:09      139.890      46.6200      11.2500      109.000      3.56289     0.325568    0.0587963
1999-05-28/17:10:29      140.030      47.5300      12.4900      113.000      2.42089     0.390731    0.0388936
1999-05-28/17:10:49      139.730      48.7000      12.5500      98.0000      3.85170     0.139173    0.0665706
1999-05-28/17:11:09      139.710      49.7700      12.1100      100.000      2.30634     0.173648    0.0396417
1999-05-28/17:11:29      139.650      50.8100      11.7700      113.000      1.39088     0.390731    0.0223457
1999-05-28/17:11:49      139.080      52.0300      12.1500      111.000      22.2732     0.358368     0.362921
1999-05-28/17:12:09      138.340      53.3500      11.5200      112.000      1.74712     0.374607    0.0282726
1999-05-28/17:12:29      138.100      54.5200      12.3600      108.000      3.72693     0.309017    0.0618636
1999-05-28/17:12:49      138.660      55.4100      10.9600      91.0000      1.51848    0.0174525    0.0264984
1999-05-28/17:13:09      137.680      56.6400      11.0000      102.000      2.75810     0.207912    0.0470860
1999-05-28/17:13:28      137.650      57.9500      12.2600      97.0000      3.17298     0.121869    0.0549662
1999-05-28/17:13:48      136.960      59.1500      11.2600      115.000      7.36341     0.422618     0.116475
1999-05-28/17:14:08      137.310      60.3600      10.2500      93.0000      8.94637    0.0523359     0.155930
1999-05-28/17:14:28      137.280      61.0000      9.60000      139.000      13.6325     0.754710     0.156097
1999-05-28/17:14:48      134.050      62.6900      10.2000      111.000      3.06196     0.358368    0.0498917
1999-05-28/17:15:08      133.650      63.9100      11.4200      97.0000      3.78387     0.121869    0.0655487
1999-05-28/17:15:28      133.630      65.1300      7.85000      103.000      1.98394     0.224951    0.0337388
1999-05-28/17:15:48      134.300      66.0100      9.02000      93.0000      2.60843    0.0523359    0.0454633
1999-05-28/17:16:08      135.320      66.7300      10.2800      107.000      3.13206     0.292372    0.0522762
1999-05-28/17:16:28      132.200      67.7000      10.1500      117.000      3.71922     0.453991    0.0578376
1999-05-28/17:16:48      122.960      69.8300      9.09000      101.000      1.68212     0.190809    0.0288191
1999-05-28/18:24:14      127.860     -78.0900      10.6800      95.0000      1.90218    0.0871559    0.0330730
1999-05-28/18:24:34      123.800     -77.5100      11.5600      98.0000      2.85571     0.139173    0.0493565
1999-05-28/18:25:54      139.630     -71.2500      11.5500      111.000      7.62214     0.358368     0.124196
1999-05-28/18:27:14      137.360     -67.5500      11.2100      107.000      3.00550     0.292372    0.0501638
1999-05-28/18:28:13      141.210     -63.2800      11.3100      103.000      23.4252     0.224951     0.398368
1999-05-28/18:28:33      138.640     -63.0500      10.9200      101.000      25.3882     0.190809     0.434967
1999-05-28/18:29:13      141.820     -59.5400      10.5700      128.000      9.14166     0.615661     0.125729
1999-05-28/18:29:33      142.030     -58.9200      10.6800      125.000      5.26571     0.573576    0.0752833
1999-05-28/18:31:32      139.650     -51.7700      10.8800      123.000      4.32308     0.544639    0.0632794
1999-05-28/18:31:52      142.080     -50.8100      10.7400      128.000      10.8989     0.615661     0.149897
1999-05-28/18:32:12      140.830     -49.8100      10.4300      123.000      3.47125     0.544639    0.0508106
1999-05-28/18:32:32      142.140     -48.4400      10.8100      95.0000      26.2134    0.0871559     0.455769
1999-05-28/18:32:52      142.300     -47.4200      10.9200      101.000      5.81995     0.190809    0.0997110
1999-05-28/18:33:12      141.340     -46.9200      9.07000      132.000      5.30442     0.669131    0.0688000
1999-05-28/18:33:32      141.890     -45.1700      9.68000      107.000      9.71783     0.292372     0.162197
1999-05-28/18:33:52      142.330     -44.3400      10.0100      138.000      6.11781     0.743145    0.0714470
1999-05-28/18:34:12      141.140     -43.8600      10.0500      113.000      1.92248     0.390731    0.0308863
1999-05-28/18:34:52      142.100     -40.8000      10.5200      142.000      29.0452     0.788011     0.312100
1999-05-28/18:35:12      141.800     -40.1200      10.0400      98.0000      26.9132     0.139173     0.465153
1999-05-28/18:35:32      141.300     -38.8100      10.2400      117.000      22.6838     0.453991     0.352756
1999-05-28/18:35:52      141.560     -37.7300      10.4900      117.000      9.79152     0.453991     0.152268
1999-05-28/18:36:11      141.980     -36.4900      10.7100      110.000      5.40118     0.342020    0.0885833
1999-05-28/18:36:31      141.880     -35.6000      10.6200      114.000      9.16334     0.406737     0.146104
1999-05-28/18:36:52      141.960     -34.2800      10.6400      109.000      6.95349     0.325568     0.114749
1999-05-28/18:37:12      141.940     -33.3200      10.6900      119.000      3.00080     0.484810    0.0458072
1999-05-28/18:37:52      142.230     -30.8600      10.8000      104.000      8.54881     0.241922     0.144773
1999-05-28/18:38:11      141.540     -30.1600      11.1500      112.000      17.4097     0.374607     0.281731
1999-05-28/18:38:31      141.920     -28.7300      11.2800      173.000      45.0000     0.992546    0.0957159
1999-05-28/18:38:51      141.220     -28.3000      11.8500      135.000      2.24506     0.707107    0.0277071
1999-05-28/18:39:11      141.180     -26.7400      11.8700      108.000      18.8223     0.309017     0.312433
1999-05-28/18:39:50      141.930     -24.3900      11.7200      103.000      3.43504     0.224951    0.0584162
1999-05-28/18:40:10      141.760     -23.4100      11.6500      94.0000      3.96444    0.0697566    0.0690240
1999-05-28/18:40:30      141.760     -22.2000      11.3900      111.000      4.42117     0.358368    0.0720388
1999-05-28/18:40:51      141.720     -21.1500      11.0100      111.000      3.58961     0.358368    0.0584893
1999-05-28/18:41:11      141.540     -19.9600      10.4600      133.000      3.88307     0.681998    0.0495656
1999-05-28/18:41:31      141.690     -18.9100      9.82000      111.000      4.86263     0.358368    0.0792319
1999-05-28/18:42:10      141.820     -16.8300      9.05000      117.000      7.43414     0.453991     0.115608
1999-05-28/18:42:30      141.360     -15.7800      9.28000      119.000      23.7264     0.484810     0.362183
1999-05-28/18:58:07      140.360      35.7100      9.47000      104.000      2.56031     0.241922    0.0433585
1999-05-28/18:58:27      140.220      36.8600      9.43000      101.000      2.09172     0.190809    0.0358367
1999-05-28/18:58:47      140.280      37.9600      10.5200      103.000      2.73067     0.224951    0.0464377
1999-05-28/18:59:07      140.230      39.0200      10.7200      119.000      3.42648     0.484810    0.0523052
1999-05-28/18:59:27      140.250      40.0800      10.3600      93.0000      2.17456    0.0523359    0.0379012
1999-05-28/18:59:47      140.210      41.1200      10.7100      93.0000      2.55494    0.0523359    0.0445310
1999-05-28/19:00:07      140.070      42.2600      10.1300      114.000      2.54404     0.406737    0.0405631
1999-05-28/19:00:27      139.960      43.3800      8.78000      122.000      2.93854     0.529919    0.0434940
1999-05-28/19:00:47      139.720      44.5300      8.90000      115.000      3.00722     0.422618    0.0475684
1999-05-28/19:01:07      139.590      45.6900      8.87000      107.000      2.65356     0.292372    0.0442897
1999-05-28/19:01:27      139.670      46.8100      8.84000      118.000      4.06758     0.469472    0.0626828
1999-05-28/19:01:47      139.680      47.8800      9.11000      103.000      2.89847     0.224951    0.0492913
1999-05-28/19:02:06      139.670      48.9700      9.30000      93.0000      2.21888    0.0523359    0.0386737
1999-05-28/19:02:26      139.580      50.0300      9.08000      109.000      2.97829     0.325568    0.0491490
1999-05-28/19:02:46      139.300      51.1100      8.12000      117.000      3.71922     0.453991    0.0578376
1999-05-28/19:03:06      138.770      52.2900      8.29000      112.000      3.13059     0.374607    0.0506605
1999-05-28/19:03:27      138.530      53.5200      9.20000      107.000      2.19297     0.292372    0.0366021
1999-05-28/19:03:47      138.660      54.5200      9.13000      113.000      3.71143     0.390731    0.0596272
1999-05-28/19:04:27      137.770      56.9100      9.38000      104.000      3.65734     0.241922    0.0619365
1999-05-28/19:04:46      137.760      57.9500      9.77000      94.0000      3.53395    0.0697566    0.0615288
1999-05-28/19:05:06      137.280      59.2700      10.1700      131.000      5.91848     0.656059    0.0779592
1999-05-28/19:05:46      137.250      61.2900      9.81000      147.000      5.60037     0.838671    0.0532357
1999-05-28/19:06:05      136.800      62.3700      9.41000      100.000      3.33630     0.173648    0.0573448
1999-05-28/19:06:25      136.360      63.6000      9.13000      104.000      5.25640     0.241922    0.0890164
1999-05-28/19:06:45      136.080      64.9400      10.0500      108.000      3.35424     0.309017    0.0556773
1999-05-28/19:07:05      136.340      65.8900      9.88000      95.0000      2.40810    0.0871559    0.0418693
1999-05-28/19:07:26      136.540      66.7900      10.0700      93.0000      3.21233    0.0523359    0.0559889
1999-05-28/19:07:46      134.540      67.9300      10.0100      117.000      4.31892     0.453991    0.0671635
1999-05-28/19:08:06      133.590      69.1200      10.3800      97.0000      3.05153     0.121869    0.0528623
1999-05-28/19:08:26      133.320      70.2800      9.85000      107.000      3.59803     0.292372    0.0600535
1999-05-28/19:08:45      132.620      71.3400      9.86000      112.000      2.09250     0.374607    0.0338617
1999-05-28/20:17:11      133.800     -72.5800      9.93000      117.000      5.09721     0.453991    0.0792667
1999-05-28/20:17:31      132.510     -71.7500      9.98000      124.000      6.70178     0.559193    0.0969710
1999-05-28/20:18:31      129.860     -68.9400      10.0300      92.0000      2.25777    0.0348995    0.0393815
1999-05-28/20:19:31      139.980     -62.9300      10.1800      124.000      3.79061     0.559193    0.0548480
1999-05-28/20:21:51      138.520     -55.7300      10.3000      168.000      45.0000     0.978148     0.163293
1999-05-28/20:22:31      144.220     -51.9600      10.2300      26.0000      32.8278     0.898794     0.251166
1999-05-28/20:22:51      140.820     -51.1600      10.2200      119.000      4.29604     0.484810    0.0655790
1999-05-28/20:23:10      139.990     -50.7500      10.0400      121.000      3.18689     0.515038    0.0476771
1999-05-28/20:23:30      140.710     -49.4900      10.0100      136.000      4.91887     0.719340    0.0596367
1999-05-28/20:24:10      141.460     -47.2000      10.0900      141.000      11.0564     0.777146     0.121440
1999-05-28/20:24:30      140.460     -46.4500      10.3000      120.000      4.56678     0.500000    0.0690269
1999-05-28/20:25:09      140.700     -44.3200      10.4700      97.0000      3.10004     0.121869    0.0537026
1999-05-28/20:25:29      140.580     -43.1500      10.4300      95.0000      4.33158    0.0871559    0.0753127
1999-05-28/20:25:50      139.920     -42.0400      10.6900      107.000      5.62360     0.292372    0.0938616
1999-05-28/20:26:30      140.040     -39.9000      10.6100      125.000      4.97892     0.573576    0.0711831
1999-05-28/20:27:09      140.500     -37.5600      10.8100      117.000      8.62020     0.453991     0.134053
1999-05-28/20:27:29      141.070     -36.3800      10.7800      96.0000      5.03888     0.104529    0.0874633
1999-05-28/20:28:09      141.120     -34.0300      10.8400      117.000      7.43414     0.453991     0.115608
1999-05-28/20:28:30      140.950     -33.0100      10.9500      91.0000      2.01692    0.0174525    0.0351965
1999-05-28/20:28:50      140.090     -32.5000      10.8900      124.000      8.06629     0.559193     0.116715
1999-05-28/20:29:30      141.030     -29.5700      11.0600      100.000      10.7631     0.173648     0.184998
1999-05-28/20:30:09      140.540     -27.7400      10.8300      102.000      3.74086     0.207912    0.0638636
1999-05-28/20:30:29      139.090     -26.8600      10.9400      130.000      5.57643     0.642788    0.0745569
1999-05-28/20:32:08      141.170     -20.9000      11.1600      92.0000      10.4004    0.0348995     0.181411
1999-05-28/20:33:29      140.940     -16.5300      11.1600      93.0000      7.16695    0.0523359     0.124915
1999-05-28/20:33:48      140.840     -15.4000      11.1800      121.000      6.18368     0.515038    0.0925103
1999-05-28/20:34:08      140.870     -14.3700      11.1900      93.0000      4.60378    0.0523359    0.0802410
1999-05-28/20:34:28      138.680     -14.0900      11.2200      123.000      3.32815     0.544639    0.0487160
1999-05-28/20:34:48      140.470     -12.2700      11.2700      93.0000      9.62548    0.0523359     0.167766
1999-05-28/20:35:08      140.210     -10.5500      11.3000      112.000      4.59444     0.374607    0.0743491
1999-05-28/20:35:28      140.830     -9.98000      11.3100      130.000      9.83340     0.642788     0.131473
1999-05-28/20:35:48      141.100     -8.56000      11.4400      137.000      5.79798     0.731354    0.0690140
1999-05-28/20:36:08      140.690     -8.16000      11.3100      105.000      4.88719     0.258819    0.0823911
1999-05-28/20:36:48      140.700     -5.38000      11.2100      98.0000      3.49675     0.139173    0.0604359
1999-05-28/20:37:08      140.820     -4.34000      11.3800      97.0000      3.92587     0.121869    0.0680086
1999-05-28/20:37:47      140.880     -2.31000      11.6100      143.000      6.77975     0.798636    0.0712121
1999-05-28/20:38:07      140.430     -1.47000      11.6900      99.0000      24.3528     0.156434     0.419804
1999-05-28/20:38:27      140.520    0.0700000      11.5900      136.000      5.60432     0.719340    0.0679472
1999-05-28/20:38:47      140.620      1.01000      11.3100      127.000      3.57709     0.601815    0.0498604
1999-05-28/20:39:08      140.470      2.07000      11.4200      116.000      4.78372     0.438371    0.0750418
1999-05-28/20:39:27      140.470      3.26000      11.4400      113.000      4.23993     0.390731    0.0681180
1999-05-28/20:39:47      140.480      4.32000      11.2000      102.000      2.45751     0.207912    0.0419544
1999-05-28/20:40:07      140.300      5.47000      11.1600      118.000      9.93816     0.469472     0.153150
1999-05-28/20:40:27      140.410      6.65000      11.1800      137.000      4.56578     0.731354    0.0543470
1999-05-28/20:40:47      140.400      7.57000      11.2400      122.000      2.86821     0.529919    0.0424530
1999-05-28/20:41:07      140.290      8.72000      11.2300      126.000      8.98264     0.587785     0.126835
1999-05-28/20:41:27      140.350      9.79000      11.2600      123.000      3.63904     0.544639    0.0532667
1999-05-28/20:42:07      140.480      12.0000      11.2300      91.0000      1.82906    0.0174525    0.0319183
1999-05-28/20:42:27      140.420      13.1400      11.2900      134.000      3.99895     0.694658    0.0502062
1999-05-28/20:42:47      140.240      13.8800      11.3900      95.0000      26.2134    0.0871559     0.455769
1999-05-28/20:43:07      137.360      14.6000      11.3400      101.000      12.6941     0.190809     0.217483
1999-05-28/20:43:27      139.430      16.8600      11.2500      118.000      4.71316     0.469472    0.0726314
1999-05-28/20:43:47      140.240      17.5900      11.2600      104.000      5.96616     0.241922     0.101036
1999-05-28/20:44:26      140.300      19.7500      11.3000      100.000      6.64558     0.173648     0.114225
1999-05-28/20:44:46      140.140      20.6300      11.3100      126.000      8.75951     0.587785     0.123684
1999-05-28/20:45:06      139.230      21.7600      11.1400      123.000      4.32308     0.544639    0.0632794
1999-05-28/20:45:26      139.940      23.1700      11.3600      126.000      3.17024     0.587785    0.0447638
1999-05-28/20:45:46      139.890      24.1500      9.42000      91.0000      1.70496    0.0174525    0.0297526
1999-05-28/20:46:06      140.050      25.2700      10.4700      123.000      5.35613     0.544639    0.0784007
1999-05-28/20:46:26      139.920      26.1800      9.77000      111.000      3.27161     0.358368    0.0533078
1999-05-28/20:46:46      139.750      27.2400      8.89000      119.000      3.57206     0.484810    0.0545275
1999-05-28/20:47:06      139.580      28.3900      8.87000      112.000      1.94513     0.374607    0.0314769
1999-05-28/20:47:25      139.550      29.5500      9.15000      112.000      1.98706     0.374607    0.0321554
1999-05-28/20:47:45      139.540      30.6300      9.23000      109.000      6.44303     0.325568     0.106326
1999-05-28/20:48:05      139.400      31.7300      9.19000      106.000      2.68499     0.275637    0.0450466
1999-05-28/20:48:25      139.430      32.8300      9.02000      111.000      1.97620     0.358368    0.0322003
1999-05-28/20:48:45      139.450      33.9000      9.07000      124.000      4.38424     0.559193    0.0634375
1999-05-28/20:49:05      139.340      35.0100      9.02000      120.000      21.9826     0.500000     0.332267
1999-05-28/20:49:25      139.300      36.1000      9.13000      111.000      2.43529     0.358368    0.0396807
1999-05-28/20:49:45      139.230      37.2400      9.17000      104.000      2.85144     0.241922    0.0482887
1999-05-28/20:50:05      139.130      38.3800      9.05000      112.000      2.03620     0.374607    0.0329506
1999-05-28/20:50:25      139.110      39.4800      8.89000      109.000      3.11900     0.325568    0.0514710
1999-05-28/20:50:45      139.060      40.6400      8.90000      92.0000      1.76223    0.0348995    0.0307380
1999-05-28/20:51:05      139.020      41.7300      8.66000      109.000      3.23959     0.325568    0.0534610
1999-05-28/20:51:25      138.950      42.7900      8.60000      112.000      1.98706     0.374607    0.0321554
1999-05-28/20:51:44      138.760      43.8900      8.92000      94.0000      2.66392    0.0697566    0.0463809
1999-05-28/20:52:04      138.660      45.0600      9.01000      106.000      2.04680     0.275637    0.0343395
1999-05-28/20:52:25      138.680      46.2000      9.14000      92.0000      2.12414    0.0348995    0.0370507
1999-05-28/20:52:45      138.710      47.3100      9.11000      99.0000      3.45414     0.156434    0.0595439
1999-05-28/20:53:05      138.720      48.3400      8.95000      94.0000      3.07077    0.0697566    0.0534645
1999-05-28/20:53:44      138.400      50.6200      9.18000      160.000      42.0716     0.939693     0.251141
1999-05-28/20:54:04      138.120      51.6100      9.21000      106.000      6.58798     0.275637     0.110528
1999-05-28/20:54:24      137.740      52.7300      9.13000      100.000      3.59287     0.173648    0.0617547
1999-05-28/20:54:44      137.720      53.8700      9.27000      93.0000      4.11658    0.0523359    0.0717494
1999-05-28/20:55:03      137.670      54.8700      9.05000      92.0000      2.18475    0.0348995    0.0381079
1999-05-28/20:55:43      136.720      57.2800      8.97000      99.0000      3.25690     0.156434    0.0561438
1999-05-28/20:56:03      136.190      58.4700      9.04000      109.000      5.30545     0.325568    0.0875527
1999-05-28/20:56:44      135.820      60.9700      9.03000      117.000      8.62020     0.453991     0.134053
1999-05-28/20:57:04      135.480      61.9100      8.81000      146.000      2.57573     0.829038    0.0251385
1999-05-28/20:57:24      135.030      62.9200      9.00000      107.000      3.22839     0.292372    0.0538840
1999-05-28/20:57:43      133.120      64.5400      8.99000      114.000      4.94227     0.406737    0.0788014
1999-05-28/20:58:03      132.960      65.8600      9.11000      100.000      2.17704     0.173648    0.0374193
1999-05-28/20:58:23      133.990      66.6200      9.01000      95.0000      3.12222    0.0871559    0.0542857
1999-05-28/20:58:43      133.880      67.4300      8.84000      112.000      3.48033     0.374607    0.0563201
1999-05-28/20:59:04      133.180      68.3500      8.38000      96.0000      3.33394     0.104529    0.0578695
1999-05-28/20:59:24      131.630      69.5500      8.47000      107.000      3.59803     0.292372    0.0600535
1999-05-28/20:59:44      130.420      70.8300      8.72000      104.000      3.65734     0.241922    0.0619365
1999-05-28/21:00:04      129.200      72.0100      8.78000      96.0000      3.07606     0.104529    0.0533933
1999-05-28/21:00:23      126.980      73.1300      8.78000      101.000      2.66120     0.190809    0.0455933
1999-05-28/21:00:41      120.730      74.5300      8.77000      104.000      2.65779     0.241922    0.0450093
1999-05-28/21:00:59      111.660      75.9900      8.78000      102.000      1.55031     0.207912    0.0264667
1999-05-28/21:01:16      112.360      76.8500      8.87000      98.0000      2.79037     0.139173    0.0482272
1999-05-28/21:13:00      301.970      72.7800      9.24000      88.0000      1.65454    0.0348994    0.0288596
1999-05-28/21:13:19      297.580      72.4100      9.04000      80.0000      4.06312     0.173648    0.0698375
1999-05-28/21:13:40      304.650      70.5400      8.87000      76.0000      3.30191     0.241922    0.0559174
1999-05-28/21:14:00      308.940      68.8100      8.85000      70.0000      5.14260     0.342020    0.0843424
1999-05-28/21:15:19      314.150      63.5600      8.93000      76.0000      3.09582     0.241922    0.0524273
1999-05-28/21:15:59      315.560      61.2400      8.78000      88.0000      1.70496    0.0348994    0.0297390
1999-05-28/22:08:09      134.370     -72.5900      8.83000      110.000      2.39465     0.342020    0.0392740
1999-05-28/22:08:29      132.700     -71.9000      8.95000      119.000      3.00080     0.484810    0.0458072
1999-05-28/22:08:49      135.580     -70.1500      8.90000      116.000      4.57356     0.438371    0.0717451
1999-05-28/22:09:09      137.330     -68.5400      8.75000      100.000      3.55340     0.173648    0.0610763
1999-05-28/22:11:49      134.320     -59.6100      8.85000      123.000      8.76421     0.544639     0.128287
1999-05-28/22:12:48      138.610     -55.5700      8.69000      120.000      5.29080     0.500000    0.0799704
1999-05-28/22:14:09      140.050     -51.1100      8.72000      124.000      2.73707     0.559193    0.0396039
1999-05-28/22:14:48      139.960     -49.2300      8.69000      170.000      45.0000     0.984808     0.136383
1999-05-28/22:15:48      139.600     -45.9600      8.61000      115.000      8.38167     0.422618     0.132582
1999-05-28/22:16:27      140.310     -43.3100      8.59000      103.000      9.73667     0.224951     0.165581
1999-05-28/22:17:07      139.450     -41.2500      8.69000      118.000      21.8068     0.469472     0.336050
1999-05-28/22:17:28      139.530     -40.0400      8.62000      117.000      22.6838     0.453991     0.352756
1999-05-28/22:17:48      139.530     -39.3200      8.48000      173.000      22.0887     0.992546    0.0469831
1999-05-28/22:18:08      140.310     -37.7300      8.51000      150.000      35.6382     0.866026     0.311002
1999-05-28/22:18:28      140.040     -36.9500      8.57000      158.000      8.55859     0.927184    0.0559571
1999-05-28/22:18:47      140.190     -36.1600      8.44000      97.0000      18.5254     0.121869     0.320920
1999-05-28/22:19:47      140.080     -32.5300      8.04000      102.000      7.58750     0.207912     0.129533
1999-05-28/22:20:08      139.560     -31.8700      8.37000      130.000      7.98137     0.642788     0.106711
1999-05-28/22:20:28      139.630     -30.0200      8.97000      116.000      8.72278     0.438371     0.136834
1999-05-28/22:20:48      140.040     -29.1100      8.79000      131.000      4.49430     0.656059    0.0591997
1999-05-28/22:21:08      140.050     -28.1600      8.70000      114.000      3.55449     0.406737    0.0566741
1999-05-28/22:21:27      139.970     -26.9700      9.01000      105.000      5.42565     0.258819    0.0914688
1999-05-28/22:21:47      140.010     -25.8700      10.6200      122.000      4.94186     0.529919    0.0731456
1999-05-28/22:22:07      138.720     -25.4000      10.8200      143.000      6.47353     0.798636    0.0679957
1999-05-28/22:23:06      139.690     -21.4900      10.6300      119.000      5.18222     0.484810    0.0791065
1999-05-28/22:23:26      139.450     -20.6400      10.7000      118.000      9.49771     0.469472     0.146363
1999-05-28/22:23:46      139.790     -19.3200      10.7700      105.000      6.17242     0.258819     0.104058
1999-05-28/22:25:26      139.650     -13.9500      10.7000      125.000      21.8278     0.573576     0.312070
1999-05-28/22:25:46      139.710     -12.8100      10.5300      97.0000      3.50062     0.121869    0.0606419
1999-05-28/22:26:06      139.540     -11.8500      10.3000      114.000      3.93486     0.406737    0.0627389
1999-05-28/22:26:26      139.930     -10.3400      10.1100      106.000      8.12844     0.275637     0.136372
1999-05-28/22:26:46      139.690     -9.44000      9.96000      98.0000      26.9132     0.139173     0.465153
1999-05-28/22:27:06      139.930     -8.66000      9.91000      102.000      7.58750     0.207912     0.129533
1999-05-28/22:27:26      139.450     -7.71000      9.68000      106.000      5.88729     0.275637    0.0987721
1999-05-28/22:28:06      139.670     -4.95000      9.40000      125.000      5.26571     0.573576    0.0752833
1999-05-28/22:29:06      139.820     -2.11000      9.42000      94.0000      26.9820    0.0697566     0.469778
1999-05-28/22:29:25      139.610     -1.11000      9.85000      121.000      4.36846     0.515038    0.0653539
1999-05-28/22:30:05      139.820      1.36000      9.94000      132.000      4.18323     0.669131    0.0542578
1999-05-28/22:30:25      139.510      2.38000      9.74000      93.0000      2.71011    0.0523359    0.0472355
1999-05-28/22:30:46      139.470      3.65000      8.85000      106.000      26.2936     0.275637     0.441133
1999-05-28/22:31:06      139.350      4.74000      8.88000      109.000      6.44303     0.325568     0.106326
1999-05-28/22:31:25      139.360      5.97000      9.12000      112.000      3.28072     0.374607    0.0530900
1999-05-28/22:31:45      139.510      6.99000      9.73000      98.0000      3.27851     0.139173    0.0566639
1999-05-28/22:32:05      139.380      8.07000      9.88000      93.0000      4.60378    0.0523359    0.0802410
1999-05-28/22:32:25      139.390      9.17000      9.81000      103.000      2.73067     0.224951    0.0464377
1999-05-28/22:32:45      139.330      10.2000      9.63000      121.000      3.67335     0.515038    0.0549548
1999-05-28/22:33:05      139.230      11.3000      9.24000      117.000      22.6838     0.453991     0.352756
1999-05-28/22:33:45      139.530      13.6300      9.07000      91.0000      5.66563    0.0174525    0.0988688
1999-05-28/22:34:25      138.670      15.6000      8.82000      110.000      5.66758     0.342020    0.0929525
1999-05-28/22:34:45      138.760      16.9200      8.59000      114.000      4.32846     0.406737    0.0690146
1999-05-28/22:35:04      138.910      17.9000      8.27000      106.000      3.37382     0.275637    0.0566032
1999-05-28/22:35:24      138.720      19.0500      8.79000      117.000      2.93155     0.453991    0.0455885
1999-05-28/22:35:44      139.000      20.2100      8.75000      103.000      2.64059     0.224951    0.0449058
1999-05-28/22:36:04      139.080      21.0400      8.65000      98.0000      2.95756     0.139173    0.0511168
1999-05-28/22:36:24      138.170      22.2800      9.00000      119.000      3.57206     0.484810    0.0545275
1999-05-28/22:36:44      138.720      23.5200      9.34000      117.000      5.46353     0.453991    0.0849633
1999-05-28/22:37:04      138.680      24.6000      9.41000      91.0000      2.30558    0.0174525    0.0402338
1999-05-28/22:37:24      139.030      25.6900      9.14000      111.000      3.72656     0.358368    0.0607208
1999-05-28/22:37:44      138.890      26.6200      8.46000      107.000      7.31677     0.292372     0.122122
1999-05-28/22:38:04      138.660      27.7200      6.80000      109.000      4.13709     0.325568    0.0682720
1999-05-28/22:38:24      138.420      28.8600      6.36000      112.000      4.59444     0.374607    0.0743491
1999-05-28/22:38:44      138.390      29.9600      5.94000      113.000      2.42089     0.390731    0.0388936
1999-05-28/22:39:04      138.320      31.1000      4.84000      106.000      3.50255     0.275637    0.0587629
1999-05-28/22:39:23      138.310      32.2100      6.28000      111.000      2.37731     0.358368    0.0387360
1999-05-28/22:39:43      138.290      33.3300      7.99000      102.000      1.65815     0.207912    0.0283078
1999-05-28/22:40:04      138.150      34.5300      8.21000      112.000      1.86436     0.374607    0.0301698
1999-05-28/22:40:24      138.050      35.5900      7.48000      112.000      2.39763     0.374607    0.0387994
1999-05-28/22:40:44      138.050      36.6800      6.68000      107.000      3.29316     0.292372    0.0549650
1999-05-28/22:41:04      137.950      37.8100      6.85000      109.000      3.23959     0.325568    0.0534610
1999-05-28/22:41:23      137.950      38.8500      6.37000      102.000      1.99423     0.207912    0.0340453
1999-05-28/22:41:43      137.870      39.9400      4.91000      120.000      4.89963     0.500000    0.0740579
1999-05-28/22:42:03      137.620      41.1800      4.66000      117.000      5.09721     0.453991    0.0792667
1999-05-28/22:42:23      137.720      42.2800      5.22000      103.000      2.80807     0.224951    0.0477539
1999-05-28/22:42:43      137.780      43.2100      5.96000      94.0000      3.67169    0.0697566    0.0639270
1999-05-28/22:43:02      137.520      44.4300      5.35000      111.000      3.35176     0.358368    0.0546138
1999-05-28/22:43:42      137.180      46.6700      5.40000      93.0000      3.27567    0.0523359    0.0570929
1999-05-28/22:44:43      136.510      50.2700      5.48000      113.000      3.25485     0.390731    0.0522919
1999-05-28/22:45:03      136.790      51.2100      5.77000      121.000      3.67335     0.515038    0.0549548
1999-05-28/22:45:22      136.720      52.0800      6.64000      104.000      7.22898     0.241922     0.122422
1999-05-28/22:45:42      136.470      53.2000      6.75000      98.0000      3.06517     0.139173    0.0529767
1999-05-28/22:46:22      136.170      55.3500      6.66000      112.000      5.11072     0.374607    0.0827038
1999-05-28/22:46:43      135.280      56.7200      7.29000      120.000      4.12284     0.500000    0.0623167
1999-05-28/22:47:03      135.070      57.8800      7.31000      94.0000      3.13460    0.0697566    0.0545758
1999-05-28/22:47:43      133.720      60.5700      7.01000      108.000      4.32231     0.309017    0.0717463
1999-05-28/22:48:02      134.290      61.3000      6.98000      104.000      3.76712     0.241922    0.0637956
1999-05-28/22:48:22      134.420      62.1400      6.60000      125.000      5.82625     0.573576    0.0832973
1999-05-28/22:48:42      132.820      63.3400      6.51000      104.000      2.65779     0.241922    0.0450093
1999-05-28/22:49:02      130.540      65.0500      6.34000      110.000      2.78623     0.342020    0.0456962
1999-05-28/22:49:21      130.910      66.1800      5.80000      103.000      1.89749     0.224951    0.0322687
1999-05-28/22:49:41      131.690      67.0100      5.16000      103.000      3.09582     0.224951    0.0526474
1999-05-28/22:50:01      131.990      67.8200      4.60000      96.0000      3.24676     0.104529    0.0563562
1999-05-28/22:50:21      132.320      68.5200      4.98000      97.0000      4.33456     0.121869    0.0750884
1999-05-28/22:50:42      130.000      69.8200      6.62000      105.000      3.09738     0.258819    0.0522174
1999-05-28/22:51:02      127.420      71.3100      6.36000      108.000      3.12735     0.309017    0.0519111
1999-05-28/22:51:22      126.160      72.5000      4.61000      104.000      2.45144     0.241922    0.0415148
1999-05-28/22:51:42      118.820      74.1700      5.15000      98.0000      26.9132     0.139173     0.465153
1999-05-29/01:50:26      133.940     -72.1600      5.26000      104.000      2.10729     0.241922    0.0356867
1999-05-29/01:50:46      132.540     -71.5700      5.17000      107.000      2.80513     0.292372    0.0468195
1999-05-29/01:51:06      128.980     -71.2200      5.47000      106.000      3.50255     0.275637    0.0587629
1999-05-29/01:51:25      132.710     -69.3800      5.42000      98.0000      4.26953     0.139173    0.0737922
1999-05-29/01:51:45      133.970     -68.0500      5.21000      114.000      7.61136     0.406737     0.121358
1999-05-29/01:52:05      137.240     -66.1700      5.87000      120.000      7.06002     0.500000     0.106712
1999-05-29/01:52:25      132.170     -67.0000      6.77000      108.000      3.27522     0.309017    0.0543656
1999-05-29/01:53:44      137.780     -60.6600      9.16000      148.000      4.89593     0.848048    0.0452816
1999-05-29/01:54:05      133.820     -60.9000      9.38000      138.000      8.00324     0.743145    0.0934661
1999-05-29/01:54:45      135.350     -57.6400      9.35000      107.000      3.43378     0.292372    0.0573121
1999-05-29/01:55:05      136.020     -56.7700      9.42000      126.000      25.0610     0.587785     0.353862
1999-05-29/01:56:04      136.190     -52.4200      9.41000      123.000      6.93669     0.544639     0.101536
1999-05-29/01:56:24      137.680     -51.6500      9.57000      143.000      2.85718     0.798636    0.0300108
1999-05-29/01:57:05      138.210     -49.5800      9.70000      93.0000      5.02249    0.0523359    0.0875389
1999-05-29/01:58:04      138.500     -46.0800      9.35000      166.000      14.6811     0.970296    0.0619885
1999-05-29/01:58:24      137.120     -45.4400      8.95000      142.000      3.59207     0.788011    0.0385979
1999-05-29/01:59:04      137.740     -42.9500      8.50000      122.000      3.71607     0.529919    0.0550024
1999-05-29/01:59:24      138.060     -41.5200      8.14000      99.0000      5.16476     0.156434    0.0890323
1999-05-29/01:59:44      137.990     -40.7300      8.01000      112.000      1.98706     0.374607    0.0321554
1999-05-29/02:01:24      136.200     -35.8700      8.18000      108.000      18.8223     0.309017     0.312433
1999-05-29/02:01:44      137.610     -33.9900      8.20000      102.000      4.94791     0.207912    0.0844702
1999-05-29/02:02:23      137.550     -32.2800      8.50000      111.000      3.50869     0.358368    0.0571708
1999-05-29/02:02:43      136.820     -31.1300      8.57000      91.0000      7.90612    0.0174525     0.137967
1999-05-29/02:03:03      137.900     -29.5400      9.08000      116.000      4.03187     0.438371    0.0632476
1999-05-29/02:03:44      137.750     -27.4800      9.67000      108.000      5.69753     0.309017    0.0945737
1999-05-29/02:04:23      137.700     -25.0300      9.79000      148.000      14.2100     0.848048     0.131426
1999-05-29/02:04:43      137.520     -24.2600      9.71000      113.000      7.84901     0.390731     0.126101
1999-05-29/02:05:03      136.980     -23.2800      9.49000      149.000      7.56164     0.857167    0.0679724
1999-05-29/02:05:23      137.620     -21.8600      9.41000      110.000      5.10242     0.342020    0.0836834
1999-05-29/02:06:23      137.730     -18.6800      8.87000      106.000      26.2936     0.275637     0.441133
1999-05-29/02:06:43      137.760     -17.5400      8.66000      98.0000      3.49675     0.139173    0.0604359
1999-05-29/02:07:03      137.460     -16.6000      8.41000      105.000      4.06813     0.258819    0.0685829
1999-05-29/02:08:03      137.870     -13.1500      8.11000      132.000      4.84587     0.669131    0.0628525
1999-05-29/02:08:23      137.570     -12.1000      8.26000      112.000      4.32754     0.374607    0.0700300
1999-05-29/02:08:42      137.570     -10.9000      8.94000      110.000      2.78623     0.342020    0.0456962
1999-05-29/02:09:02      137.890     -9.75000      8.78000      91.0000      2.01692    0.0174525    0.0351965
1999-05-29/02:09:22      138.120     -8.84000      8.49000      128.000      6.07521     0.615661    0.0835547
1999-05-29/02:09:42      136.900     -7.94000      9.12000      135.000      5.96779     0.707107    0.0736505
1999-05-29/02:10:03      136.700     -6.22000      9.23000      114.000      7.39356     0.406737     0.117886
1999-05-29/02:10:22      137.490     -5.16000      9.19000      167.000      11.1554     0.974370    0.0437976
1999-05-29/02:10:42      137.340     -4.53000      9.04000      122.000      4.46606     0.529919    0.0661032
1999-05-29/02:11:22      137.380     -2.05000      9.55000      119.000      3.71706     0.484810    0.0567409
1999-05-29/02:16:41      137.490      15.4100      9.50000      98.0000      4.26953     0.139173    0.0737922
1999-05-29/02:17:01      137.300      16.4400      8.95000      113.000      17.3017     0.390731     0.277966
1999-05-29/02:17:21      137.040      17.6200      9.14000      119.000      5.88945     0.484810    0.0899024
1999-05-29/02:17:41      137.180      18.7400      8.75000      110.000      5.66758     0.342020    0.0929525
1999-05-29/02:18:01      136.990      19.8000      8.21000      115.000      4.02131     0.422618    0.0636093
1999-05-29/02:18:21      136.950      21.0100      7.95000      115.000      9.62023     0.422618     0.152173
1999-05-29/02:18:41      137.070      22.0100      7.75000      106.000      3.98240     0.275637    0.0668134
1999-05-29/02:25:19      135.490      44.0900      7.04000      106.000      4.73724     0.275637    0.0794775
1999-05-29/02:25:39      135.410      45.2300      6.91000      103.000      3.80260     0.224951    0.0646669
1999-05-29/02:26:00      135.280      46.3900      6.48000      123.000      5.35613     0.544639    0.0784007
1999-05-29/02:26:20      134.900      47.7100      5.77000      119.000      4.89643     0.484810    0.0747440
1999-05-29/02:26:40      135.150      48.6500      5.08000      107.000      3.43378     0.292372    0.0573121
1999-05-29/02:27:00      134.980      49.8000      5.28000      116.000      10.7139     0.438371     0.168068
1999-05-29/02:27:19      135.140      50.8300      5.09000      107.000      5.62360     0.292372    0.0938616
1999-05-29/02:28:19      134.740      54.0100      5.46000      111.000      4.86263     0.358368    0.0792319
1999-05-29/02:28:39      134.570      55.0700      4.01000      117.000      3.71922     0.453991    0.0578376
1999-05-29/02:28:58      133.520      56.3600      4.13000      115.000      2.62014     0.422618    0.0414455
1999-05-29/02:29:18      133.360      57.4600      4.93000      99.0000      3.10816     0.156434    0.0535798
1999-05-29/02:29:38      132.660      58.6700      4.99000      104.000      3.37305     0.241922    0.0571221
1999-05-29/02:29:59      131.830      60.1900      5.49000      97.0000      5.90919     0.121869     0.102366
1999-05-29/02:30:39      132.900      62.2700      7.05000      114.000      20.2240     0.406737     0.322459
1999-05-29/02:30:59      132.860      62.9000      8.27000      94.0000      3.13460    0.0697566    0.0545758
1999-05-29/02:31:18      130.580      64.3900      8.66000      97.0000      3.76633     0.121869    0.0652449
1999-05-29/02:31:38      129.440      65.9800      8.86000      108.000      2.51776     0.309017    0.0417925
1999-05-29/02:31:58      129.610      67.0300      9.15000      105.000      2.76988     0.258819    0.0466963
1999-05-29/02:32:18      129.520      68.1000      9.92000      102.000      1.43056     0.207912    0.0244224
1999-05-29/02:32:39      130.450      68.9100      9.89000      102.000      1.80454     0.207912    0.0308069
1999-05-29/02:32:59      129.470      69.8700      9.82000      108.000      2.51776     0.309017    0.0417925
1999-05-29/02:33:19      125.510      71.6400      9.82000      106.000      2.45874     0.275637    0.0412507
1999-05-29/04:05:18      136.280      7.50000      8.81000      122.000      2.56560     0.529919    0.0379740
1999-05-29/04:05:39      136.140      8.53000      8.04000      107.000      2.08872     0.292372    0.0348621
1999-05-29/04:05:59      135.830      9.34000      7.70000      112.000      1.56737     0.374607    0.0253638
1999-05-29/04:06:19      135.080      10.8300      7.29000      113.000      3.49606     0.390731    0.0561671
1999-05-29/04:06:39      135.620      11.7600      7.97000      97.0000      4.33456     0.121869    0.0750884
1999-05-29/04:07:58      135.810      16.2200      8.44000      98.0000      5.49410     0.139173    0.0949569
1999-05-29/04:08:19      135.490      17.2500      8.41000      123.000      6.93669     0.544639     0.101536
1999-05-29/04:08:39      134.970      18.5600      8.63000      115.000      6.18140     0.422618    0.0977777
1999-05-29/04:08:59      135.380      19.4500      8.69000      113.000      1.97323     0.390731    0.0317016
1999-05-29/04:09:19      135.020      20.5100      8.58000      102.000      1.65815     0.207912    0.0283078
1999-05-29/04:09:38      135.410      21.6200      8.40000      94.0000      2.88913    0.0697566    0.0503020
1999-05-29/04:10:38      135.000      24.9600      8.41000      102.000      1.92393     0.207912    0.0328451
1999-05-29/04:10:58      135.230      25.9900      8.51000      108.000      3.20879     0.309017    0.0532629
1999-05-29/04:11:17      135.190      27.1700      7.91000      95.0000      3.04153    0.0871559    0.0528827
1999-05-29/04:12:18      134.930      30.6400      8.39000      114.000      6.39498     0.406737     0.101964
1999-05-29/04:12:38      134.750      31.7400      8.61000      115.000      3.47634     0.422618    0.0549889
1999-05-29/04:12:58      134.680      32.8200      8.61000      107.000      2.72835     0.292372    0.0455380
1999-05-29/04:13:18      134.420      34.0800      8.69000      104.000      1.91551     0.241922    0.0324389
1999-05-29/04:13:37      134.940      34.8300      4.09000      101.000      1.71735     0.190809    0.0294227
1999-05-29/04:13:57      134.780      35.8600      3.54000      112.000      1.98706     0.374607    0.0321554
1999-05-29/04:14:17      134.250      37.5800      6.37000      112.000      3.48033     0.374607    0.0563201
1999-05-29/04:14:37      134.610      38.2300      6.16000      121.000      5.39685     0.515038    0.0807390
1999-05-29/04:15:18      133.680      40.6600      6.24000      107.000      4.48756     0.292372    0.0749004
1999-05-29/04:15:38      133.550      41.7500      6.33000      103.000      2.08650     0.224951    0.0354829
1999-05-29/04:15:58      133.680      42.6500      6.36000      111.000      2.25057     0.358368    0.0366709
1999-05-29/04:16:17      129.830      44.7300      6.21000      113.000      2.30954     0.390731    0.0371047
1999-05-29/04:16:37      130.460      45.6600      6.48000      114.000      2.17026     0.406737    0.0346034
1999-05-29/04:16:57      130.760      46.8800      6.14000      111.000      2.59786     0.358368    0.0423297
1999-05-29/04:17:17      130.910      47.9700      7.48000      108.000      2.61726     0.309017    0.0434441
1999-05-29/04:17:57      128.980      50.6200      7.87000      107.000      3.00550     0.292372    0.0501638
1999-05-29/04:18:17      130.810      51.4100      7.43000      103.000      1.83560     0.224951    0.0312162
1999-05-29/04:18:37      132.500      51.8000      7.57000      101.000      2.40509     0.190809    0.0412055
1999-05-29/04:19:37      130.890      54.9500      8.05000      114.000      4.94227     0.406737    0.0788014
1999-05-29/04:19:57      127.470      56.6200      7.94000      113.000      1.87336     0.390731    0.0300971
1999-05-29/04:28:13      163.010      75.2600      7.61000      74.0000      3.48493     0.275637    0.0584673
1999-05-29/04:28:33      162.320      77.0900      7.53000      75.0000      4.43739     0.258819    0.0748081
1999-05-29/04:28:53      158.950      79.9100      7.33000      81.0000      3.57425     0.156434    0.0616144
1999-05-29/04:29:13      159.450      81.4700      7.71000      85.0000      2.21346    0.0871558    0.0384852
1999-05-29/04:29:33      161.800      82.5200      8.32000      87.0000      1.52620    0.0523359    0.0266007
1999-05-29/04:29:52      167.960      83.1800      7.68000      79.0000      2.47242     0.190809    0.0423590
1999-05-29/04:30:12      177.490      83.2700      7.45000      78.0000      1.68212     0.207912    0.0287170
1999-05-29/04:30:53      202.000      83.9400      7.14000      66.0000      3.71143     0.406737    0.0591764
1999-05-29/04:31:13      217.090      86.7300      6.20000      69.0000      3.10278     0.358368    0.0505569
1999-05-29/04:31:33      236.470      87.0000      4.20000      73.0000      3.07495     0.292372    0.0513230
1999-05-29/04:31:53      258.400      86.9300      4.24000      67.0000      2.15767     0.390731    0.0346648
1999-05-29/04:32:12      264.600      85.6900      4.00000      63.0000      3.66487     0.453990    0.0569924
1999-05-29/04:32:32      288.010      85.0800      5.92000      65.0000      3.21946     0.422618    0.0509256
1999-05-29/04:32:52      300.880      84.2900      7.17000      87.0000      4.20326    0.0523359    0.0732602
1999-05-29/05:49:37      134.810     -15.6600      6.30000      123.000      2.68240     0.544639    0.0392638
1999-05-29/05:49:57      134.980     -14.4400      10.1100      106.000      7.75714     0.275637     0.130143
1999-05-29/05:50:17      135.530     -13.1600      6.84000      100.000      5.78148     0.173648    0.0993729
1999-05-29/05:50:38      135.340     -12.1900      5.45000      112.000      4.85743     0.374607    0.0786049
1999-05-29/05:50:58      135.290     -10.9500      9.35000      114.000      3.21946     0.406737    0.0513323
1999-05-29/05:51:18      135.360     -10.0900      9.21000      102.000      19.1297     0.207912     0.326580
1999-05-29/05:51:38      135.310     -8.67000      11.5800      101.000      2.09172     0.190809    0.0358367
1999-05-29/05:51:57      135.470     -7.70000      11.7000      106.000      4.73724     0.275637    0.0794775
1999-05-29/05:52:17      135.580     -7.01000      12.8500      137.000      4.15427     0.731354    0.0494488
1999-05-29/05:52:37      130.250     -5.59000      13.3200      129.000      8.17918     0.629321     0.110940
1999-05-29/05:52:57      135.850     -4.19000      12.9900      112.000      17.4097     0.374607     0.281731
1999-05-29/05:53:16      136.000     -3.60000      13.1500      134.000      20.5334     0.694658     0.257794
1999-05-29/05:53:56      135.500     -1.49000      13.3600      122.000      5.61617     0.529919    0.0831262
1999-05-29/05:54:16      139.300    -0.220000      13.9600      69.0000      26.6230     0.358368     0.433797
1999-05-29/05:54:37      134.240      1.47000      13.7400      110.000      4.30470     0.342020    0.0706002
1999-05-29/05:54:57      134.240      2.45000      13.5500      95.0000      3.80613    0.0871559    0.0661767
1999-05-29/05:55:17      134.710      3.57000      13.6900      97.0000      3.41076     0.121869    0.0590853
1999-05-29/05:55:56      134.850      5.66000      13.4400      109.000      3.56289     0.325568    0.0587963
1999-05-29/05:56:36      135.320      7.65000      12.7600      114.000      2.37061     0.406737    0.0377979
1999-05-29/05:56:56      135.290      8.66000      12.4500      108.000      2.72086     0.309017    0.0451637
1999-05-29/05:57:16      135.220      9.78000      12.2100      108.000      3.72693     0.309017    0.0618636
1999-05-29/05:57:36      135.200      10.8800      12.3900      101.000      1.95756     0.190809    0.0335381
1999-05-29/05:57:56      134.870      12.0700      12.8400      111.000      2.66344     0.358368    0.0433982
1999-05-29/05:58:16      134.710      13.1600      13.2100      122.000      21.3608     0.529919     0.316166
1999-05-29/05:59:16      134.420      16.5500      13.2700      109.000      3.04196     0.325568    0.0501997
1999-05-29/05:59:36      134.170      17.7600      13.1800      124.000      1.90183     0.559193    0.0275184
1999-05-29/05:59:55      133.950      18.8400      10.9800      122.000      2.74913     0.529919    0.0406905
1999-05-29/06:00:15      134.220      19.8300      10.5900      102.000      2.75810     0.207912    0.0470860
1999-05-29/06:00:55      134.280      21.9900      9.98000      113.000      17.3017     0.390731     0.277966
1999-05-29/06:01:16      134.090      23.1200      10.0400      120.000      7.20927     0.500000     0.108968
1999-05-29/06:01:35      133.650      24.4500      9.98000      115.000      6.18140     0.422618    0.0977777
1999-05-29/06:01:55      133.060      25.7500      10.2800      121.000      3.81771     0.515038    0.0571144
1999-05-29/06:02:15      133.460      26.7100      10.3500      111.000      2.25057     0.358368    0.0366709
1999-05-29/06:02:35      133.410      27.7900      10.1500      101.000      2.28375     0.190809    0.0391266
1999-05-29/06:02:55      133.300      28.9000      9.99000      113.000      5.99490     0.390731    0.0963131
1999-05-29/06:03:15      131.860      30.6000      9.72000      113.000      1.87336     0.390731    0.0300971
1999-05-29/06:03:35      132.100      31.6200      9.42000      106.000      3.45951     0.275637    0.0580408
1999-05-29/06:03:54      132.380      32.5000      9.58000      103.000      4.07256     0.224951    0.0692578
1999-05-29/06:04:14      132.630      33.3500      9.19000      103.000      2.89847     0.224951    0.0492913
1999-05-29/06:04:34      132.610      34.4400      9.40000      105.000      4.88719     0.258819    0.0823911
1999-05-29/06:04:54      132.630      35.3100      10.5300      108.000      3.86319     0.309017    0.0641254
1999-05-29/06:05:15      131.480      36.7500      9.65000      110.000      2.32336     0.342020    0.0381048
1999-05-29/06:05:35      131.150      37.8200      10.4000      114.000      2.17026     0.406737    0.0346034
1999-05-29/06:05:54      127.180      39.9100      9.29000      119.000      4.13137     0.484810    0.0630653
1999-05-29/06:06:34      130.130      41.6100      8.72000      109.000      3.44885     0.325568    0.0569143
1999-05-29/06:06:54      130.420      42.6400      8.24000      112.000      1.98706     0.374607    0.0321554
1999-05-29/06:07:14      129.990      43.8600      6.67000      100.000      2.20742     0.173648    0.0379414
1999-05-29/06:07:34      130.050      44.7700      9.43000      102.000      3.72861     0.207912    0.0636544
1999-05-29/06:07:53      129.810      45.8900      7.98000      111.000      2.59786     0.358368    0.0423297
1999-05-29/06:08:13      127.810      47.3000      5.68000      111.000      2.89320     0.358368    0.0471420
1999-05-29/06:08:33      128.980      48.0200      4.50000      93.0000      3.35027    0.0523359    0.0583931
1999-05-29/06:08:53      124.770      50.5100      6.36000      109.000      3.50897     0.325568    0.0579065
1999-05-29/06:09:33      127.690      52.3100      8.72000      111.000      2.43529     0.358368    0.0396807
1999-05-29/07:22:20      133.760     -76.2600      8.09000      91.0000      1.37634    0.0174525    0.0240180
1999-05-29/07:22:40      133.930     -75.1800      7.91000      98.0000      2.54772     0.139173    0.0440334
1999-05-29/07:22:59      134.200     -74.0100      7.63000      94.0000      2.52613    0.0697566    0.0439819
1999-05-29/07:23:39      135.470     -71.7800      6.65000      109.000      3.18880     0.325568    0.0526229
1999-05-29/07:23:59      135.060     -70.7600      5.04000      94.0000      2.21346    0.0697566    0.0385381
1999-05-29/07:24:19      134.890     -69.9000      4.98000      104.000      2.35032     0.241922    0.0398023
1999-05-29/07:24:39      134.460     -68.7300      5.69000      111.000      2.41315     0.358368    0.0393200
1999-05-29/07:24:58      135.030     -67.6000      4.56000      97.0000      2.99788     0.121869    0.0519329
1999-05-29/07:25:18      135.360     -66.7500      4.93000      93.0000      10.1753    0.0523359     0.177349
1999-05-29/07:26:19      131.940     -64.1300      4.19000      121.000      3.56322     0.515038    0.0533072
1999-05-29/07:26:59      134.550     -60.9500      3.30000      130.000      9.19132     0.642788     0.122888
1999-05-29/07:27:18      134.940     -60.5000      3.74000      123.000      7.31069     0.544639     0.107011
1999-05-29/07:27:38      134.900     -59.0500      3.80000      104.000      4.56736     0.241922    0.0773476
1999-05-29/07:29:18      134.570     -53.0400      2.86000      140.000      6.15250     0.766045    0.0690234
1999-05-29/07:29:38      135.840     -52.2300      3.16000      136.000      9.09227     0.719340     0.110235
1999-05-29/07:31:37      135.380     -45.7500      8.58000      168.000      16.5545     0.978148    0.0600720
1999-05-29/07:33:17      135.170     -40.2800      9.07000      92.0000      3.53082    0.0348995    0.0615869
1999-05-29/07:33:37      133.580     -40.9000      9.24000      167.000      11.1554     0.974370    0.0437976
1999-05-29/07:34:17      134.680     -36.7900      9.30000      120.000      21.9826     0.500000     0.332267
1999-05-29/07:34:37      134.960     -35.9800      8.29000      113.000      7.82908     0.390731     0.125781
1999-05-29/07:34:56      135.060     -34.7000      8.88000      116.000      6.26546     0.438371    0.0982857
1999-05-29/07:35:16      134.040     -34.7300      9.26000      144.000      4.70679     0.809017    0.0482860
1999-05-29/07:36:37      135.270     -29.5300      9.56000      101.000      3.38606     0.190809    0.0580121
1999-05-29/07:36:56      134.600     -28.7200      9.51000      122.000      4.21993     0.529919    0.0624602
1999-05-29/07:37:56      134.230     -25.2700      8.65000      111.000      4.67092     0.358368    0.0761082
1999-05-29/07:38:35      135.430     -22.8400      8.52000      102.000      1.99423     0.207912    0.0340453
1999-05-29/07:38:55      135.130     -21.9300      8.74000      101.000      7.29205     0.190809     0.124932
1999-05-29/07:39:15      134.720     -20.8400      8.88000      104.000      2.35032     0.241922    0.0398023
1999-05-29/07:39:36      134.470     -19.9300      8.19000      116.000      3.45764     0.438371    0.0542397
1999-05-29/07:39:56      134.430     -18.5400      7.80000      120.000      3.14954     0.500000    0.0476053
1999-05-29/07:40:16      134.540     -17.4600      8.26000      107.000      3.22839     0.292372    0.0538840
1999-05-29/07:40:36      134.460     -16.3400      8.42000      105.000      3.92395     0.258819    0.0661523
1999-05-29/07:40:55      134.380     -15.3400      9.35000      115.000      3.61512     0.422618    0.0571842
1999-05-29/07:41:15      134.090     -14.1700      9.44000      117.000      4.00009     0.453991    0.0622054
1999-05-29/07:41:35      134.400     -13.0300      9.81000      105.000      5.93599     0.258819     0.100072
1999-05-29/07:41:55      134.500     -11.8600      10.0300      115.000      4.24559     0.422618    0.0671570
1999-05-29/07:42:15      134.860     -10.7800      9.90000      115.000      2.90088     0.422618    0.0458863
1999-05-29/07:43:14      134.970     -7.39000      10.1600      142.000      29.0452     0.788011     0.312100
1999-05-29/07:43:35      134.350     -7.09000      10.3100      105.000      6.17242     0.258819     0.104058
1999-05-29/07:43:55      134.450     -5.55000      10.4600      93.0000      8.13879    0.0523359     0.141854
1999-05-29/07:44:35      134.800     -3.26000      10.3200      91.0000      20.6698    0.0174525     0.360701
1999-05-29/07:44:54      133.860     -2.40000      11.7800      141.000      6.78775     0.777146    0.0745547
1999-05-29/07:45:14      134.180     -1.06000      12.1700      135.000      4.93263     0.707107    0.0608753
1999-05-29/07:45:34      133.930    -0.140000      12.2800      112.000      17.4097     0.374607     0.281731
1999-05-29/07:46:15      134.290      2.47000      12.1600      112.000      4.05729     0.374607    0.0656567
1999-05-29/07:46:35      133.940      3.24000      11.6600      111.000      2.76042     0.358368    0.0449784
1999-05-29/07:46:54      134.050      4.58000      11.6300      111.000      2.47319     0.358368    0.0402983
1999-05-29/07:47:14      134.280      5.57000      11.2600      126.000      8.75951     0.587785     0.123684
1999-05-29/07:47:54      134.470      7.91000      11.3000      95.0000      3.40869    0.0871559    0.0592665
1999-05-29/07:48:14      134.400      8.87000      11.5600      99.0000      24.3528     0.156434     0.419804
1999-05-29/07:48:34      134.430      9.88000      11.6700      118.000      5.35676     0.469472    0.0825495
1999-05-29/07:48:53      134.170      10.8800      11.7600      94.0000      3.96444    0.0697566    0.0690240
1999-05-29/07:49:13      134.140      12.0700      11.7700      114.000      20.2240     0.406737     0.322459
1999-05-29/07:49:33      133.670      12.6900      11.5700      134.000      20.5334     0.694658     0.257794
1999-05-29/07:50:34      133.960      16.4800      11.4800      102.000      2.23194     0.207912    0.0381034
1999-05-29/07:50:54      134.160      17.6000      11.4400      112.000      2.95217     0.374607    0.0477732
1999-05-29/07:51:13      134.280      18.4700      10.9100      94.0000      26.9820    0.0697566     0.469778
1999-05-29/07:51:33      134.400      19.4400      10.7300      96.0000      3.41592     0.104529    0.0592925
1999-05-29/07:52:13      134.070      21.7500      10.3200      92.0000      5.35622    0.0348995    0.0934267
1999-05-29/07:52:33      134.000      22.7900      9.80000      109.000      3.84268     0.325568    0.0634135
1999-05-29/07:52:53      133.720      24.0100      10.8800      95.0000      5.29387    0.0871559    0.0920439
1999-05-29/07:53:13      133.760      25.1700      10.8000      110.000      2.94955     0.342020    0.0483748
1999-05-29/07:53:33      133.720      26.2300      10.3400      114.000      3.09401     0.406737    0.0493321
1999-05-29/07:53:53      133.640      27.3100      10.9300      96.0000      3.07606     0.104529    0.0533933
1999-05-29/07:54:13      133.240      28.5500      10.5700      107.000      3.59803     0.292372    0.0600535
1999-05-29/07:54:32      133.170      29.7200      10.0900      109.000      2.65359     0.325568    0.0437906
1999-05-29/07:54:52      133.340      30.8100      10.1400      98.0000      2.85571     0.139173    0.0493565
1999-05-29/07:55:32      133.110      32.9400      10.4400      105.000      4.06813     0.258819    0.0685829
1999-05-29/07:55:52      133.100      33.9600      10.7500      101.000      1.95756     0.190809    0.0335381
1999-05-29/07:56:12      132.910      35.0800      10.9500      112.000      2.09250     0.374607    0.0338617
1999-05-29/07:56:32      132.670      36.2600      10.4900      103.000      2.08650     0.224951    0.0354829
1999-05-29/07:56:52      132.390      37.3400      10.1800      108.000      2.85097     0.309017    0.0473234
1999-05-29/07:57:12      131.970      38.6900      9.76000      108.000      3.03428     0.309017    0.0503662
1999-05-29/07:57:32      132.110      39.8800      9.69000      97.0000      2.06085     0.121869    0.0357005
1999-05-29/07:57:52      132.000      40.9600      9.75000      92.0000      2.00491    0.0348995    0.0349710
1999-05-29/07:58:12      131.730      42.0600      9.41000      94.0000      2.66392    0.0697566    0.0463809
1999-05-29/07:58:32      131.810      43.2200      9.54000      98.0000      2.79037     0.139173    0.0482272
1999-05-29/07:58:51      131.270      44.6000      9.41000      100.000      2.86438     0.173648    0.0492334
1999-05-29/07:59:11      130.790      46.2100      9.33000      108.000      2.88853     0.309017    0.0479469
1999-05-29/07:59:32      131.020      47.2000      9.20000      101.000      1.95756     0.190809    0.0335381
1999-05-29/07:59:52      126.860      49.1300      9.11000      110.000      3.82218     0.342020    0.0626865
1999-05-29/08:00:32      124.020      52.5900      9.14000      108.000      2.94697     0.309017    0.0489170
1999-05-29/08:24:46      313.100      54.3000      9.62000      84.0000      3.29517     0.104528    0.0571965
1999-05-29/08:25:06      313.390      53.0200      9.64000      78.0000      3.53374     0.207912    0.0603276
1999-05-29/08:25:46      314.970      50.8900      9.38000      73.0000      3.45951     0.292372    0.0577415
1999-05-29/08:26:05      315.300      50.2700      8.77000      70.0000      3.23959     0.342020    0.0531316
1999-05-29/08:26:45      322.540      44.4700      8.15000      74.0000      4.18673     0.275637    0.0702415
1999-05-29/08:27:05      320.120      43.6800      7.80000      71.0000      2.85097     0.325568    0.0470479
1999-05-29/08:27:26      318.740      43.5200      8.00000      75.0000      2.65779     0.258819    0.0448066
1999-05-29/08:27:46      317.840      42.7900      8.33000      79.0000      2.17704     0.190809    0.0372984
1999-05-29/08:28:06      317.890      41.2400      8.35000      80.0000      2.97469     0.173648    0.0511294
1999-05-29/08:29:45      311.610      37.5400      8.46000      77.0000      2.85176     0.224951    0.0484969
1999-05-29/08:30:05      312.010      36.5000      8.64000      82.0000      18.5254     0.139173     0.320183
1999-05-29/08:30:24      312.190      35.3400      8.88000      80.0000      4.55162     0.173648    0.0782339
1999-05-29/08:30:44      312.380      34.0100      8.99000      80.0000      24.3528     0.173648     0.418579
1999-05-29/08:31:04      312.350      33.1200      8.74000      79.0000      21.1866     0.190809     0.362982
1999-05-29/08:31:25      312.290      31.8800      8.55000      85.0000      4.83681    0.0871558    0.0840970
1999-05-29/08:31:45      312.530      30.7600      8.45000      89.0000      7.78070    0.0174524     0.135778
1999-05-29/08:32:05      312.010      29.4400      8.90000      82.0000      7.41957     0.139173     0.128236
1999-05-29/08:32:25      311.930      29.0400      9.25000      85.0000      26.9820    0.0871558     0.469133
1999-05-29/08:32:44      312.160      28.2400      9.38000      84.0000      12.1939     0.104528     0.211658
1999-05-29/08:33:04      312.820      27.1700      8.15000      85.0000      4.83681    0.0871558    0.0840970
1999-05-29/08:34:25      312.820      22.5200      7.61000      79.0000      21.1866     0.190809     0.362982
1999-05-29/08:34:45      312.830      21.7900      7.14000      85.0000      4.08838    0.0871558    0.0710842
1999-05-29/08:37:43      313.420      12.2100      6.99000      77.0000      1.55031     0.224951    0.0263645
1999-05-29/08:38:04      313.200      10.9800      6.90000      63.0000      3.23533     0.453990    0.0503126
1999-05-29/08:38:24      313.280      9.86000      6.92000      45.0000      1.82770     0.707107    0.0225563
1999-05-29/08:38:44      313.300      8.78000      7.72000      53.0000      25.0610     0.601815     0.349321
1999-05-29/08:39:04      313.220      7.71000      8.32000      55.0000      8.46171     0.573576     0.120976
1999-05-29/08:43:03      313.290     -5.64000      8.73000      87.0000      10.4004    0.0523359     0.181272
1999-05-29/08:43:22      313.420     -6.82000      8.60000      88.0000      20.6698    0.0348994     0.360536
1999-05-29/08:43:42      313.550     -7.90000      8.49000      84.0000      3.90654     0.104528    0.0678085
1999-05-29/08:44:22      313.370     -10.1200      8.02000      89.0000      40.8868    0.0174524     0.713501
1999-05-29/08:44:43      313.190     -11.2400      8.45000      67.0000      2.29214     0.390731    0.0368252
1999-05-29/08:45:03      313.260     -12.2800      9.01000      66.0000      5.50504     0.406737    0.0877744
1999-05-29/08:45:23      313.220     -13.2900      9.37000      72.0000      8.50490     0.309017     0.141173
1999-05-29/08:45:42      313.210     -14.2900      9.40000      72.0000      3.81446     0.309017    0.0633165
1999-05-29/08:46:02      313.210     -15.2700      9.23000      78.0000      1.68212     0.207912    0.0287170
1999-05-29/08:47:02      312.750     -18.4400      9.15000      88.0000      1.65454    0.0348994    0.0288596
1999-05-29/08:47:22      312.810     -19.7600      9.05000      81.0000      2.41921     0.156434    0.0417033
1999-05-29/08:47:42      312.840     -21.0400      9.10000      70.0000      3.23959     0.342020    0.0531316
1999-05-29/08:48:02      312.860     -22.1400      9.20000      77.0000      2.65735     0.224951    0.0451908
1999-05-29/08:48:42      312.610     -24.2500      8.97000      89.0000      12.9313    0.0174524     0.225659
1999-05-29/08:49:41      311.850     -27.7900      8.97000      89.0000      11.4005    0.0174524     0.198946
1999-05-29/08:50:01      311.830     -28.8800      9.00000      86.0000      2.90107    0.0697565    0.0505099
1999-05-29/08:50:41      311.620     -31.1500      8.61000      87.0000      7.57190    0.0523359     0.131973
1999-05-29/08:51:21      311.250     -33.5500      7.13000      85.0000      3.96444    0.0871558    0.0689292
1999-05-29/08:53:40      310.650     -40.9300      6.01000      67.0000      2.39763     0.390731    0.0385199
1999-05-29/08:54:01      305.630     -42.9400      6.75000      63.0000      5.66333     0.453990    0.0880704
1999-05-29/08:54:41      310.820     -44.4000      10.3100      58.0000      6.51334     0.529919    0.0964055
1999-05-29/08:55:40      310.700     -47.4000      10.0000      87.0000      2.07784    0.0523359    0.0362155
1999-05-29/08:56:40      309.140     -51.0600      9.07000      78.0000      2.52565     0.207912    0.0431176
1999-05-29/08:57:00      307.760     -52.4700      10.7100      85.0000      5.42306    0.0871558    0.0942901
1999-05-29/08:57:19      306.770     -53.6700      11.4300      67.0000      17.4097     0.390731     0.279702
1999-05-29/08:57:39      305.630     -54.8000      10.4300      52.0000      6.49897     0.615661    0.0893828
1999-05-29/08:58:00      300.510     -56.5800      9.70000      59.0000      7.06002     0.515038     0.105621
1999-05-29/08:59:19      301.380     -62.0500      9.21000      76.0000      1.83560     0.241922    0.0310856
1999-05-29/08:59:39      302.050     -62.3500      8.24000      73.0000      3.98240     0.292372    0.0664689
1999-05-29/09:24:55      132.600     -39.3400      7.50000      121.000      4.36846     0.515038    0.0653539
1999-05-29/09:25:15      133.910     -37.5900      8.15000      122.000      6.63312     0.529919    0.0981783
1999-05-29/09:25:35      134.380     -36.6000      5.85000      125.000      6.02549     0.573576    0.0861458
1999-05-29/09:25:55      134.290     -35.7000      4.36000      121.000      3.81771     0.515038    0.0571144
1999-05-29/09:26:15      134.490     -34.5800      5.92000      101.000      2.74699     0.190809    0.0470632
1999-05-29/09:26:35      132.860     -33.9500      6.47000      143.000      4.53954     0.798636    0.0476817
1999-05-29/09:26:55      132.720     -32.6500      6.91000      143.000      7.48954     0.798636    0.0786675
1999-05-29/09:27:15      133.180     -31.4400      8.71000      144.000      9.99323     0.809017     0.102518
1999-05-29/09:27:35      133.520     -30.3600      9.32000      125.000      4.06454     0.573576    0.0581103
1999-05-29/09:27:55      133.950     -29.1300      9.44000      97.0000      6.04684     0.121869     0.104751
1999-05-29/09:28:15      133.110     -28.6500      9.52000      153.000      12.1037     0.891007    0.0959052
1999-05-29/09:28:35      132.740     -27.4100      11.3100      122.000      2.81476     0.529919    0.0416619
1999-05-29/09:28:54      133.580     -26.0300      10.3800      119.000      4.66063     0.484810    0.0711445
1999-05-29/09:29:34      133.720     -23.5200      11.0000      106.000      5.01508     0.275637    0.0841389
1999-05-29/09:30:15      133.930     -21.4900      12.2000      112.000      5.11072     0.374607    0.0827038
1999-05-29/09:30:35      133.820     -20.4500      12.9100      106.000      8.98885     0.275637     0.150808
1999-05-29/09:30:55      133.520     -19.3600      13.0700      95.0000      4.16876    0.0871559    0.0724817
1999-05-29/09:31:14      133.620     -18.2100      13.3900      116.000      3.12038     0.438371    0.0489491
1999-05-29/09:31:34      133.490     -17.0800      11.4500      102.000      2.45751     0.207912    0.0419544
1999-05-29/09:31:54      133.740     -15.9300      12.0600      102.000      1.99423     0.207912    0.0340453
1999-05-29/09:32:14      133.690     -14.9000      10.3300      100.000      2.17704     0.173648    0.0374193
1999-05-29/09:32:35      133.630     -13.8300      6.60000      115.000      4.24559     0.422618    0.0671570
1999-05-29/09:32:55      133.650     -12.6000      6.92000      105.000      5.42565     0.258819    0.0914688
1999-05-29/09:33:15      134.000     -11.4600      8.70000      95.0000      3.72461    0.0871559    0.0647593
1999-05-29/09:34:14      133.540     -7.82000      7.91000      129.000      5.31607     0.629321    0.0721059
1999-05-29/09:34:34      134.220     -7.35000      9.09000      113.000      17.3017     0.390731     0.277966
1999-05-29/09:34:54      133.750     -6.21000      8.83000      94.0000      6.92390    0.0697566     0.120550
1999-05-29/09:35:53      133.520     -2.92000      8.60000      104.000      3.45956     0.241922    0.0585871
1999-05-29/09:36:13      133.520     -1.80000      10.9700      122.000      21.3608     0.529919     0.316166
1999-05-29/09:36:34      133.650    -0.840000      11.3000      114.000      2.74282     0.406737    0.0437326
1999-05-29/09:36:54      133.590     0.180000      11.4500      95.0000      3.04153    0.0871559    0.0528827
1999-05-29/09:37:14      133.220      1.46000      11.3600      93.0000      4.60378    0.0523359    0.0802410
1999-05-29/09:37:34      133.040      2.57000      11.0300      98.0000      3.43655     0.139173    0.0593954
1999-05-29/09:37:53      132.840      3.58000      13.3500      95.0000      4.79402    0.0871559    0.0833530
1999-05-29/09:38:13      132.790      4.60000      11.4700      120.000      9.04683     0.500000     0.136743
1999-05-29/09:38:33      132.750      5.90000      11.3000      122.000      8.08792     0.529919     0.119711
1999-05-29/09:38:53      133.040      6.89000      11.5200      92.0000      9.10694    0.0348995     0.158849
1999-05-29/09:39:34      133.180      9.35000      10.5500      127.000      8.63176     0.601815     0.120317
1999-05-29/09:39:54      133.090      10.2400      10.3200      116.000      4.18389     0.438371    0.0656323
1999-05-29/09:40:14      132.470      11.6300      11.4800      103.000      3.43504     0.224951    0.0584162
1999-05-29/09:40:33      133.230      12.5500      12.3800      112.000      2.39763     0.374607    0.0387994
1999-05-29/09:41:13      131.520      14.9500      11.6000      103.000      3.80260     0.224951    0.0646669
1999-05-29/09:41:33      132.040      16.0300      11.9100      108.000      4.07119     0.309017    0.0675780
1999-05-29/09:41:54      131.290      17.5100      12.1900      109.000      3.23959     0.325568    0.0534610
1999-05-29/09:43:13      132.190      21.6900      10.5100      103.000      4.71730     0.224951    0.0802222
1999-05-29/09:43:33      132.650      22.4400      10.3900      117.000      7.25609     0.453991     0.112839
1999-05-29/09:44:13      132.400      24.8100      10.6700      95.0000      4.16876    0.0871559    0.0724817
1999-05-29/09:44:32      132.500      25.8300      10.5300      114.000      8.52896     0.406737     0.135989
1999-05-29/09:44:52      132.440      26.7900      10.6100      96.0000      3.49060     0.104529    0.0605887
1999-05-29/09:45:12      131.670      28.0000      11.4500      108.000      2.85097     0.309017    0.0473234
1999-05-29/09:45:32      131.500      29.2700      11.5600      113.000      3.89541     0.390731    0.0625830
1999-05-29/09:45:53      131.510      30.3500      14.4900      106.000      2.94420     0.275637    0.0493954
1999-05-29/09:46:13      131.660      31.4600      15.1900      115.000      4.02131     0.422618    0.0636093
1999-05-29/09:46:33      131.700      32.5100      15.7400      114.000      2.05132     0.406737    0.0327070
1999-05-29/09:46:53      131.740      33.4100      15.4200      108.000      3.03428     0.309017    0.0503662
1999-05-29/09:47:12      131.630      34.5000      14.8200      114.000      2.85912     0.406737    0.0455869
1999-05-29/09:47:32      131.830      35.3800      14.9100      95.0000      3.64144    0.0871559    0.0633133
1999-05-29/09:47:52      131.330      36.4500      14.8800      91.0000      1.51848    0.0174525    0.0264984
1999-05-29/09:48:12      130.760      37.5900      14.4700      112.000      3.28072     0.374607    0.0530900
1999-05-29/09:48:33      130.800      38.7100      14.8400      106.000      3.45951     0.275637    0.0580408
1999-05-29/09:48:53      130.470      39.6300      14.9000      100.000      3.33630     0.173648    0.0573448
1999-05-29/09:49:33      128.390      41.7400      13.7300      112.000      3.38726     0.374607    0.0548140
1999-05-29/09:49:52      128.320      42.7800      13.4300      93.0000      2.77723    0.0523359    0.0484054
1999-05-29/09:50:12      125.420      44.0100      13.2700      104.000      2.65779     0.241922    0.0450093
1999-05-29/09:50:32      127.210      45.3300      12.7500      103.000      2.17751     0.224951    0.0370307
1999-05-29/15:38:45      254.670      87.2100      12.5600      70.0000      2.41105     0.342020    0.0395430
1999-05-29/15:39:05      260.460      86.5900      14.3100      67.0000      1.56737     0.390731    0.0251811
1999-05-29/15:39:24      241.490      83.4100      11.9800      66.0000      1.31741     0.406737    0.0210053
1999-05-29/15:39:44      279.120      84.7900      12.7600      60.0000      2.64246     0.500000    0.0399408
1999-05-29/15:40:04      281.580      84.0800      13.1000      61.0000      2.91367     0.484810    0.0444772
1999-05-29/15:40:24      281.170      83.0100      13.5000      88.0000      1.82906    0.0348994    0.0319037
1999-05-29/15:40:45      286.590      82.3400      14.9200      69.0000      2.20291     0.358368    0.0358943
1999-05-29/15:41:05      276.440      81.9200      14.2900      58.0000      2.49214     0.529919    0.0368867
1999-05-29/15:43:04      291.940      75.8200      14.2500      87.0000      2.12414    0.0523359    0.0370224
1999-05-29/15:43:43      300.920      73.2600      13.5000      84.0000      2.47527     0.104528    0.0429650
1999-05-29/15:44:44      302.640      70.1400      14.4200      89.0000      1.05765    0.0174524    0.0184567
1999-05-29/15:45:04      301.720      69.2400      14.9300      89.0000      1.33819    0.0174524    0.0233523
1999-05-29/15:45:44      301.450      67.0700      14.3100      79.0000      1.94149     0.190809    0.0332628
1999-05-29/15:46:03      300.910      66.0200      13.6400      87.0000      1.97205    0.0523359    0.0343716
1999-05-29/15:46:23      302.580      64.8400      13.4400      88.0000      1.37634    0.0348994    0.0240070
1999-05-29/15:46:43      300.030      64.0600      12.9100      73.0000      2.04680     0.292372    0.0341625
1999-05-29/15:47:03      299.860      62.8200      11.1800      75.0000      2.18875     0.258819    0.0368992
1999-05-29/15:47:24      302.160      61.6200      12.2400      78.0000      1.48621     0.207912    0.0253724
1999-05-29/15:47:43      301.760      60.7100      12.6500      81.0000      2.91341     0.156434    0.0502226
1999-05-29/15:50:22      305.210      51.7200      13.3100      83.0000      3.49060     0.121869    0.0604684
1999-05-29/15:50:42      305.340      50.6300      13.9000      78.0000      2.52565     0.207912    0.0431176
1999-05-29/15:51:02      304.520      49.5100      12.6200      69.0000      2.94955     0.358368    0.0480601
1999-05-29/15:51:23      305.050      48.2300      12.8900      69.0000      3.00121     0.358368    0.0489019
1999-05-29/15:51:43      305.970      46.9200      12.9100      72.0000      3.33396     0.309017    0.0553406
1999-05-29/15:53:02      306.090      42.2500      13.9000      87.0000      2.51267    0.0523359    0.0437943
1999-05-29/15:53:22      306.410      41.4000      13.9600      82.0000      2.99788     0.139173    0.0518137
1999-05-29/15:53:42      306.300      40.4400      11.0200      87.0000      2.00491    0.0523359    0.0349443
1999-05-29/15:55:22      306.050      34.7600      12.9100      83.0000      2.40437     0.121869    0.0416514
1999-05-29/15:55:41      306.520      33.8800      14.2000      81.0000      3.37386     0.156434    0.0581600
1999-05-29/15:56:01      306.060      32.9700      14.5900      86.0000      2.17456    0.0697565    0.0378608
1999-05-29/15:56:21      305.760      31.7600      13.0200      86.0000      2.71011    0.0697565    0.0471851
1999-05-29/15:57:01      306.050      29.3200      10.8200      84.0000      2.58933     0.104528    0.0449448
1999-05-29/15:58:21      306.520      24.8100      9.62000      89.0000      1.27453    0.0174524    0.0222414
1999-05-29/15:58:41      306.860      23.8200      7.83000      89.0000      1.19762    0.0174524    0.0208992
1999-05-29/15:59:21      307.000      21.6600      7.32000      89.0000      1.23199    0.0174524    0.0214990
1999-05-29/15:59:41      306.810      20.5400      4.09000      87.0000      1.72780    0.0523359    0.0301145
1999-05-29/16:00:00      307.030      19.3900      8.62000      87.0000      1.92237    0.0523359    0.0335057
1999-05-29/16:00:20      306.850      18.2100      12.1700      85.0000      2.88913    0.0871558    0.0502330
1999-05-29/16:05:20      308.230      1.82000      11.4400      87.0000      1.43717    0.0523359    0.0250490
1999-05-29/16:05:40      308.400     0.840000      10.2000      86.0000      1.92974    0.0697565    0.0335983
1999-05-29/16:05:59      308.180    0.0600000      7.82000      84.0000      2.40810     0.104528    0.0417990
1999-05-29/16:06:19      307.820     -1.07000      9.06000      57.0000      2.33138     0.544639    0.0341257
1999-05-29/16:06:39      307.970     -2.15000      9.54000      58.0000      3.67335     0.529919    0.0543701
1999-05-29/16:06:59      308.070     -3.18000      12.0300      65.0000      3.75034     0.422618    0.0593231
1999-05-29/16:08:59      307.800     -9.77000      13.2700      89.0000      1.83671    0.0174524    0.0320518
1999-05-29/16:09:39      308.200     -11.9400      9.84000      77.0000      3.13465     0.224951    0.0533077
1999-05-29/16:09:58      308.150     -13.0300      13.4300      46.0000      3.01339     0.694658    0.0378327
1999-05-29/16:10:58      307.940     -16.5300      11.8200      88.0000      8.59401    0.0348994     0.149902
1999-05-29/16:11:19      307.940     -17.6700      8.94000      79.0000      2.01648     0.190809    0.0345476
1999-05-29/16:11:39      307.950     -18.7800      10.0800      76.0000      3.18314     0.241922    0.0539060
1999-05-29/16:11:59      307.930     -19.8600      11.4700      84.0000      3.12222     0.104528    0.0541945
1999-05-29/16:12:58      308.230     -23.0600      12.6400      54.0000      10.3559     0.587785     0.146225
1999-05-29/16:13:18      308.680     -23.7900      11.3500      52.0000      8.22300     0.615661     0.113094
1999-05-29/16:13:38      308.120     -24.7900      10.6400      77.0000      2.75810     0.224951    0.0469042
1999-05-29/16:13:59      307.600     -26.2000      11.4300      76.0000      2.64059     0.241922    0.0447180
1999-05-29/16:14:18      307.440     -27.3800      11.8400      59.0000      4.56678     0.515038    0.0683208
1999-05-29/16:14:38      307.250     -28.6000      11.7400      72.0000      2.72835     0.309017    0.0452881
1999-05-29/16:14:58      307.130     -29.7400      12.5200      76.0000      2.73067     0.241922    0.0462435
1999-05-29/16:15:18      306.990     -30.8500      13.2800      75.0000      3.12045     0.258819    0.0526064
1999-05-29/16:15:38      307.090     -31.9300      14.5000      76.0000      2.08650     0.241922    0.0353346
1999-05-29/16:15:58      307.260     -32.9300      15.2400      79.0000      2.68670     0.190809    0.0460302
1999-05-29/16:16:18      307.050     -33.9900      14.3700      62.0000      9.28522     0.469472     0.143088
1999-05-29/16:16:37      306.260     -35.2700      13.6400      62.0000      3.85261     0.469472    0.0593700
1999-05-29/16:16:57      306.110     -36.5000      13.5500      78.0000      1.85434     0.207912    0.0316571
1999-05-29/16:17:17      306.430     -37.4600      13.6500      78.0000      1.74878     0.207912    0.0298550
1999-05-29/16:17:37      306.340     -38.4000      13.8200      83.0000      3.07606     0.121869    0.0532872
1999-05-29/16:17:58      305.260     -39.9100      14.0900      65.0000      4.32846     0.422618    0.0684678
1999-05-29/16:18:18      305.400     -41.1900      14.0800      72.0000      8.50490     0.309017     0.141173
1999-05-29/16:18:38      305.310     -42.1700      13.4700      70.0000      5.30545     0.342020    0.0870133
1999-05-29/16:18:57      304.780     -43.3100      13.7500      67.0000      1.74712     0.390731    0.0280690
1999-05-29/16:19:17      304.560     -44.4100      13.7100      48.0000      2.80781     0.669131    0.0364182
1999-05-29/16:19:37      305.670     -45.2800      13.6200      83.0000      3.75175     0.121869    0.0649923
1999-05-29/16:19:57      306.650     -45.9000      13.7700      84.0000      2.96642     0.104528    0.0514902
1999-05-29/16:20:17      304.690     -47.4600      13.6700      68.0000      2.66344     0.374607    0.0431009
1999-05-29/16:20:36      304.240     -49.0400      13.3600      71.0000      2.88853     0.325568    0.0476677
1999-05-29/16:20:56      306.260     -49.4800      13.2200      71.0000      2.79788     0.325568    0.0461718
1999-05-29/16:21:16      304.950     -50.6200      13.0700      58.0000      5.63168     0.529919    0.0833558
1999-05-29/16:22:17      301.640     -55.5700      12.6100      77.0000      2.28924     0.224951    0.0389307
1999-05-29/16:22:36      305.050     -55.1300      12.7300      85.0000      3.07077    0.0871558    0.0533911
1999-05-29/16:22:56      305.050     -55.9500      12.7800      86.0000      5.39595    0.0697565    0.0939477
1999-05-29/16:23:36      300.810     -59.2600      13.3300      79.0000      3.56687     0.190809    0.0611099
1999-05-29/16:38:14      116.550     -78.0700      14.5200      118.000      2.71868     0.469472    0.0418958
1999-05-29/16:38:34      120.150     -76.7000      15.0200      107.000      3.00550     0.292372    0.0501638
1999-05-29/16:38:54      122.600     -75.4400      14.5500      96.0000      2.79431     0.104529    0.0485027
1999-05-29/16:39:13      123.930     -74.3100      14.1600      99.0000      2.86740     0.156434    0.0494294
1999-05-29/16:39:33      124.650     -73.2300      14.1500      107.000      4.01054     0.292372    0.0669386
1999-05-29/16:39:53      125.000     -72.1600      13.8700      104.000      2.65779     0.241922    0.0450093
1999-05-29/16:40:13      123.340     -71.2100      13.8100      106.000      1.92121     0.275637    0.0322325
1999-05-29/16:40:34      123.700     -70.0400      14.3400      104.000      3.12045     0.241922    0.0528444
1999-05-29/16:40:54      124.370     -68.8600      14.2700      104.000      2.56031     0.241922    0.0433585
1999-05-29/16:41:14      125.060     -67.8000      14.2500      118.000      3.10994     0.469472    0.0479252
1999-05-29/16:41:34      127.230     -65.9000      13.6100      92.0000      2.18475    0.0348995    0.0381079
1999-05-29/16:41:53      127.480     -65.4500      13.4100      143.000      7.10765     0.798636    0.0746563
1999-05-29/16:42:13      127.800     -64.2000      13.7700      115.000      3.09391     0.422618    0.0489396
1999-05-29/16:42:33      128.720     -63.0200      13.4800      113.000      1.78538     0.390731    0.0286836
1999-05-29/16:42:53      129.580     -61.8700      13.7300      113.000      1.64092     0.390731    0.0263628
1999-05-29/16:43:12      129.320     -61.4300      13.3200      112.000      1.56737     0.374607    0.0253638
1999-05-29/16:43:32      129.360     -60.6500      13.2000      114.000      1.76200     0.406737    0.0280940
1999-05-29/16:43:52      129.170     -60.3400      13.1500      120.000      2.68786     0.500000    0.0406270
1999-05-29/16:44:12      129.720     -59.1800      13.4000      124.000      4.82249     0.559193    0.0697787
1999-05-29/16:45:33      131.000     -53.1900      13.3100      103.000      2.32163     0.224951    0.0394816
1999-05-29/16:45:52      130.640     -52.1700      13.0500      112.000      1.74712     0.374607    0.0282726
1999-05-29/16:46:12      131.140     -50.9200      13.0500      102.000      2.23194     0.207912    0.0381034
1999-05-29/16:46:32      131.490     -49.5600      13.1700      137.000      2.27068     0.731354    0.0270282
1999-05-29/16:46:52      131.290     -49.2900      12.9600      122.000      4.94186     0.529919    0.0731456
1999-05-29/16:47:33      130.640     -46.0900      13.0100      118.000      2.71868     0.469472    0.0418958
1999-05-29/16:47:53      130.580     -45.1100      13.3600      129.000      3.12558     0.629321    0.0423946
1999-05-29/16:48:13      130.400     -44.6700      13.2700      128.000      3.61859     0.615661    0.0497679
1999-05-29/16:49:12      130.480     -40.8000      13.3300      108.000      3.72693     0.309017    0.0618636
1999-05-29/16:50:11      130.390     -37.4000      13.1700      94.0000      4.83681    0.0697566    0.0842126
1999-05-29/16:50:31      130.280     -36.3800      13.3600      140.000      4.40624     0.766045    0.0494325
1999-05-29/16:51:32      130.230     -32.8600      11.4700      100.000      3.55340     0.173648    0.0610763
1999-05-29/16:53:52      129.790     -25.2900      11.3200      131.000      3.73483     0.656059    0.0491958
1999-05-29/16:54:31      129.910     -23.0800      11.4300      118.000      3.73865     0.469472    0.0576139
1999-05-29/16:54:51      129.840     -21.9900      11.5200      102.000      1.99423     0.207912    0.0340453
1999-05-29/16:55:11      129.850     -20.9100      11.4200      105.000      1.91034     0.258819    0.0322056
1999-05-29/16:55:31      129.870     -19.7500      11.4300      109.000      1.88990     0.325568    0.0311879
1999-05-29/16:55:51      129.900     -18.5800      11.3900      114.000      3.09401     0.406737    0.0493321
1999-05-29/16:56:31      130.020     -16.3400      11.1800      118.000      3.01293     0.469472    0.0464303
1999-05-29/16:56:51      129.940     -15.2600      11.3100      116.000      4.31999     0.438371    0.0677673
1999-05-29/16:57:11      129.730     -14.3800      11.2400      140.000      3.76416     0.766045    0.0422292
1999-05-29/16:57:31      129.320     -13.2200      10.9800      111.000      2.32941     0.358368    0.0379555
1999-05-29/16:57:51      129.320     -12.1400      11.1300      143.000      4.53954     0.798636    0.0476817
1999-05-29/16:58:11      129.480     -11.0100      10.6900      113.000      2.30954     0.390731    0.0371047
1999-05-29/16:58:31      129.510     -10.0300      10.5700      104.000      2.10729     0.241922    0.0356867
1999-05-29/16:58:51      129.320     -8.84000      11.1100      105.000      2.68027     0.258819    0.0451856
1999-05-29/16:59:11      129.590     -7.66000      11.6300      107.000      3.13206     0.292372    0.0522762
1999-05-29/16:59:51      129.430     -5.40000      11.2400      93.0000      3.31445    0.0523359    0.0577688
1999-05-29/17:00:11      129.660     -4.53000      10.7600      100.000      2.10644     0.173648    0.0362058
1999-05-29/17:00:31      129.440     -3.58000      11.2300      114.000      3.93486     0.406737    0.0627389
1999-05-29/17:01:10      129.790     -1.11000      12.0000      113.000      1.46827     0.390731    0.0235890
1999-05-29/17:01:30      129.870    -0.130000      12.3200      110.000      2.39465     0.342020    0.0392740
1999-05-29/17:02:50      129.850      4.39000      11.7500      104.000      4.29017     0.241922    0.0726534
1999-05-29/17:03:10      129.670      5.53000      11.9900      124.000      1.61080     0.559193    0.0233074
1999-05-29/17:03:30      129.350      6.42000      12.2600      130.000      3.40025     0.642788    0.0454613
1999-05-29/17:03:50      129.330      7.69000      12.3600      104.000      2.65779     0.241922    0.0450093
1999-05-29/17:04:10      129.520      8.71000      12.0600      115.000      3.00722     0.422618    0.0475684
1999-05-29/17:04:30      129.410      9.71000      11.1600      109.000      2.57545     0.325568    0.0425011
1999-05-29/17:04:50      129.100      10.7600      11.4100      126.000      3.91933     0.587785    0.0553410
1999-05-29/17:05:09      129.080      11.9300      11.6200      123.000      2.53819     0.544639    0.0371529
1999-05-29/17:05:29      129.010      13.0200      12.0900      116.000      3.01723     0.438371    0.0473310
1999-05-29/17:05:50      129.090      14.3700      12.1300      126.000      2.54888     0.587785    0.0359902
1999-05-29/17:06:10      129.250      15.4300      11.9300      117.000      2.81654     0.453991    0.0438000
1999-05-29/17:06:30      129.150      16.4400      11.1500      122.000      3.71607     0.529919    0.0550024
1999-05-29/17:07:09      129.160      18.5100      11.0700      137.000      4.15427     0.731354    0.0494488
1999-05-29/17:07:29      128.870      19.6800      11.7500      116.000      4.46577     0.438371    0.0700542
1999-05-29/17:07:49      128.940      20.6800      11.6400      123.000      1.76984     0.544639    0.0259061
1999-05-29/17:08:09      128.630      21.7300      11.9000      121.000      3.18689     0.515038    0.0476771
1999-05-29/17:08:49      127.820      24.9600      12.5200      122.000      2.40317     0.529919    0.0355699
1999-05-29/17:09:09      128.690      25.1200      12.8600      117.000      4.82079     0.453991    0.0749681
1999-05-29/17:09:29      128.350      26.2400      13.1700      112.000      1.94513     0.374607    0.0314769
1999-05-29/17:09:49      128.730      27.4200      13.1700      102.000      1.60103     0.207912    0.0273326
1999-05-29/17:10:09      128.780      28.4500      13.1200      102.000      1.65815     0.207912    0.0283078
1999-05-29/17:10:29      128.830      29.5100      13.1600      110.000      3.59163     0.342020    0.0589054
1999-05-29/17:10:49      128.680      30.5800      13.5100      110.000      2.78623     0.342020    0.0456962
1999-05-29/17:11:09      128.620      31.7400      13.7100      111.000      3.27161     0.358368    0.0533078
1999-05-29/17:11:29      128.670      32.8400      13.3900      109.000      2.93767     0.325568    0.0484786
1999-05-29/17:11:48      128.580      33.9400      13.1200      104.000      2.26526     0.241922    0.0383619
1999-05-29/17:12:08      128.460      35.2000      12.7200      101.000      1.74878     0.190809    0.0299612
1999-05-29/17:12:29      128.420      36.4900      12.2900      107.000      2.31438     0.292372    0.0386285
1999-05-29/17:12:49      128.670      37.5400      12.3200      102.000      2.16385     0.207912    0.0369410
1999-05-29/17:13:29      128.600      39.7600      11.8200      114.000      1.94222     0.406737    0.0309675
1999-05-29/17:13:48      128.390      40.9100      10.9600      111.000      2.04548     0.358368    0.0333292
1999-05-29/17:14:08      128.440      41.8900      11.0200      99.0000      2.13412     0.156434    0.0367888
1999-05-29/17:14:28      128.360      42.9300      10.3300      111.000      2.41315     0.358368    0.0393200
1999-05-29/17:14:48      128.130      44.0600      10.0900      112.000      1.61897     0.374607    0.0261988
1999-05-29/17:15:09      127.990      45.2600      9.35000      111.000      2.43529     0.358368    0.0396807
1999-05-29/17:15:29      128.060      46.2100      8.61000      117.000      2.93155     0.453991    0.0455885
1999-05-29/17:15:49      127.740      47.3900      9.16000      108.000      2.72086     0.309017    0.0451637
1999-05-29/17:16:09      127.540      48.4500      10.7600      112.000      1.86436     0.374607    0.0301698
1999-05-29/17:16:28      127.250      49.5000      10.3600      108.000      3.20879     0.309017    0.0532629
1999-05-29/17:16:48      127.060      50.6400      9.99000      108.000      2.61726     0.309017    0.0434441
1999-05-29/17:17:08      126.730      51.7700      9.46000      124.000      3.61780     0.559193    0.0523475
1999-05-29/17:17:28      125.390      53.2400      9.82000      117.000      2.93155     0.453991    0.0455885
1999-05-29/17:17:49      123.970      54.8700      10.5900      114.000      4.53015     0.406737    0.0722304
1999-05-29/17:18:09      126.110      55.3900      10.7900      102.000      1.99423     0.207912    0.0340453
1999-05-29/17:18:29      126.150      56.2500      9.75000      96.0000      2.79431     0.104529    0.0485027
1999-05-29/17:19:28      124.120      59.8600      9.62000      118.000      7.58900     0.469472     0.116949
1999-05-29/17:19:48      122.240      61.6400      10.3200      115.000      3.47634     0.422618    0.0549889
1999-05-29/17:20:08      123.160      62.6600      10.4800      113.000      1.87336     0.390731    0.0300971
1999-05-29/17:20:27      124.560      63.1600      10.4300      111.000      5.07297     0.358368    0.0826592
1999-05-29/17:20:47      122.960      64.4000      9.91000      102.000      7.02018     0.207912     0.119848
1999-05-29/17:21:07      121.860      65.7900      9.67000      101.000      1.74878     0.190809    0.0299612
1999-05-29/17:21:27      121.290      66.9600      9.35000      99.0000      2.59746     0.156434    0.0447761
1999-05-29/17:21:48      119.130      68.5900      9.55000      103.000      3.18314     0.224951    0.0541324
1999-05-29/17:22:08      119.440      69.6000      6.88000      103.000      2.89847     0.224951    0.0492913
1999-05-29/17:22:28      119.010      70.6700      8.46000      102.000      3.13465     0.207912    0.0535144
1999-05-29/17:22:48      117.820      71.9400      11.4200      101.000      1.56173     0.190809    0.0267565
1999-05-29/18:28:11      104.190     -81.8200      10.1100      100.000      2.25861     0.173648    0.0388213
1999-05-29/18:28:31      111.910     -80.7100      10.2900      103.000      2.64059     0.224951    0.0449058
1999-05-29/18:30:32      123.320     -73.8300      11.2400      101.000      2.40509     0.190809    0.0412055
1999-05-29/18:32:10      124.490     -68.4900      9.89000      111.000      3.72656     0.358368    0.0607208
1999-05-29/18:32:50      127.730     -65.5700      10.9700      110.000      4.77781     0.342020    0.0783596
1999-05-29/18:33:10      126.220     -64.9900      11.3100      128.000      24.7730     0.615661     0.340713
1999-05-29/18:33:31      126.400     -63.6700      9.10000      102.000      1.49575     0.207912    0.0255353
1999-05-29/18:34:31      127.010     -60.5600      10.2900      99.0000      2.72954     0.156434    0.0470529
1999-05-29/18:34:50      125.830     -60.0400      9.86000      112.000      2.22430     0.374607    0.0359945
1999-05-29/18:36:11      126.690     -54.7100      9.85000      128.000      8.10632     0.615661     0.111489
1999-05-29/18:36:31      127.460     -53.6800      10.1100      116.000      8.72278     0.438371     0.136834
1999-05-29/18:37:10      128.270     -51.2500      10.1300      91.0000      20.6698    0.0174525     0.360701
1999-05-29/18:37:30      127.820     -50.5000      8.52000      131.000      10.9474     0.656059     0.144201
1999-05-29/18:45:09      128.250     -25.1500      8.45000      127.000      3.96993     0.601815    0.0553361
1999-05-29/18:45:28      128.270     -23.9600      10.8600      122.000      21.3608     0.529919     0.316166
1999-05-29/18:46:08      128.350     -21.8300      11.5500      101.000      6.78284     0.190809     0.116208
1999-05-29/18:46:28      128.330     -20.7200      12.5300      107.000      10.7488     0.292372     0.179405
1999-05-29/18:46:48      128.300     -19.5600      12.4300      106.000      6.58798     0.275637     0.110528
1999-05-29/18:47:08      128.290     -18.4200      12.6700      112.000      2.15767     0.374607    0.0349163
1999-05-29/18:47:28      128.360     -17.2800      13.0300      117.000      6.88610     0.453991     0.107086
1999-05-29/18:47:48      128.670     -16.1100      13.2400      98.0000      3.65394     0.139173    0.0631526
1999-05-29/18:48:08      128.690     -15.1600      13.5400      135.000      3.84070     0.707107    0.0473994
1999-05-29/18:48:28      128.560     -14.1500      13.7700      123.000      23.1802     0.544639     0.339302
1999-05-29/18:48:47      128.260     -13.0000      13.9200      122.000      8.52208     0.529919     0.126137
1999-05-29/18:49:28      128.400     -10.7400      14.3000      94.0000      3.20026    0.0697566    0.0557190
1999-05-29/18:49:48      128.120     -9.62000      14.4400      123.000      2.43576     0.544639    0.0356536
1999-05-29/18:50:08      128.120     -8.46000      14.5700      118.000      3.42319     0.469472    0.0527525
1999-05-29/18:50:28      128.520     -7.44000      14.8800      112.000      1.94513     0.374607    0.0314769
1999-05-29/18:51:07      128.240     -5.12000      14.7100      121.000      3.90478     0.515038    0.0584170
1999-05-29/18:51:27      128.270     -4.13000      14.8300      121.000      5.01394     0.515038    0.0750105
1999-05-29/18:51:47      128.260     -3.22000      15.2300      124.000      6.70178     0.559193    0.0969710
1999-05-29/18:52:27      128.250    -0.730000      15.5200      122.000      2.48027     0.529919    0.0367110
1999-05-29/18:52:47      127.310    -0.100000      15.2100      118.000      3.42319     0.469472    0.0527525
1999-05-29/18:53:07      127.560      1.05000      15.1200      126.000      3.91933     0.587785    0.0553410
1999-05-29/18:53:47      126.800      4.41000      15.2300      134.000      2.41209     0.694658    0.0302834
1999-05-29/18:54:07      127.770      5.07000      15.6500      119.000      7.69909     0.484810     0.117527
1999-05-29/18:54:27      128.180      5.96000      16.1800      115.000      22.3924     0.422618     0.354204
1999-05-29/18:54:46      128.030      6.78000      16.5400      125.000      9.47304     0.573576     0.135435
1999-05-29/18:55:06      127.740      7.91000      15.3700      115.000      9.62023     0.422618     0.152173
1999-05-29/18:56:07      128.190      11.3100      15.0700      102.000      3.35516     0.207912    0.0572789
1999-05-29/18:56:27      128.080      12.1200      15.3700      138.000      9.76858     0.743145     0.114083
1999-05-29/18:56:47      127.510      13.4100      15.6200      99.0000      9.68878     0.156434     0.167019
1999-05-29/18:57:07      127.720      14.8000      15.7800      112.000      5.51131     0.374607    0.0891863
1999-05-29/18:57:26      127.860      15.8400      15.5300      133.000      10.8293     0.681998     0.138231
1999-05-29/18:57:46      127.890      16.7600      15.4100      137.000      8.75485     0.731354     0.104210
1999-05-29/18:58:06      127.190      18.1600      15.7000      133.000      26.9050     0.681998     0.343430
1999-05-29/18:58:45      127.400      20.3500      15.8500      131.000      4.89541     0.656059    0.0644832
1999-05-29/18:59:05      127.720      21.2700      16.1800      132.000      8.79280     0.669131     0.114045
1999-05-29/18:59:25      126.480      22.2400      16.2500      113.000      4.93153     0.390731    0.0792292
1999-05-29/18:59:45      124.710      23.9100      16.5200      104.000      18.8654     0.241922     0.319483
1999-05-29/19:20:40      195.630      84.4300      16.7100      69.0000      26.6230     0.358368     0.433797
1999-05-29/19:21:00      209.990      85.8900      17.2800      72.0000      10.2462     0.309017     0.170077
1999-05-29/19:21:21      223.330      85.7400      17.5900      78.0000      2.28375     0.207912    0.0389879
1999-05-29/19:21:41      220.150      83.3700      17.5300      78.0000      1.68212     0.207912    0.0287170
1999-05-29/19:22:01      236.680      84.0700      17.5600      75.0000      2.98416     0.258819    0.0503087
1999-05-29/19:22:21      256.000      84.4100      17.6600      70.0000      3.56289     0.342020    0.0584340
1999-05-29/19:22:40      273.020      83.9000      18.1400      51.0000      4.88513     0.629320    0.0662607
1999-05-29/19:23:00      281.000      83.0900      18.4000      82.0000      18.5254     0.139173     0.320183
1999-05-29/19:23:20      284.950      82.2500      18.4200      68.0000      2.53204     0.374607    0.0409745
1999-05-29/19:23:40      284.160      81.3700      18.2100      57.0000      3.39229     0.544639    0.0496549
1999-05-29/19:23:59      286.170      80.5000      18.2300      65.0000      20.2240     0.422618     0.319904
1999-05-29/19:24:19      280.990      79.8700      18.1200      65.0000      20.2240     0.422618     0.319904
1999-05-30/01:10:32      297.650      35.2700      18.1900      82.0000      2.30754     0.139173    0.0398822
1999-05-30/01:11:51      297.340      30.5500      18.0900      79.0000      1.74092     0.190809    0.0298265
1999-05-30/01:12:10      295.920      27.5500      18.0300      74.0000      2.14212     0.275637    0.0359387
1999-05-30/01:12:30      298.570      28.3300      17.9300      77.0000      1.19059     0.224951    0.0202471
1999-05-30/01:12:50      301.050      27.4800      17.8500      80.0000      2.06573     0.173648    0.0355061
1999-05-30/01:13:10      300.120      26.5800      17.8000      79.0000      1.79598     0.190809    0.0307699
1999-05-30/01:13:31      300.180      25.6500      17.7000      78.0000      1.56173     0.207912    0.0266617
1999-05-30/01:13:51      300.750      24.3700      16.8700      79.0000      1.74092     0.190809    0.0298265
1999-05-30/01:14:11      300.650      22.9800      16.4000      74.0000      2.34766     0.275637    0.0393871
1999-05-30/01:14:31      299.600      21.4200      16.3800      67.0000      1.61897     0.390731    0.0260101
1999-05-30/01:14:50      298.660      19.5900      16.6300      71.0000      2.42687     0.325568    0.0400492
1999-05-30/01:16:29      300.220      15.0700      13.5300      72.0000      1.77603     0.309017    0.0294804
1999-05-30/01:16:49      300.470      13.9700      13.5500      71.0000      1.81096     0.325568    0.0298852
1999-05-30/01:17:09      300.810      13.4300      13.4600      70.0000      1.88990     0.342020    0.0309957
1999-05-30/01:17:30      301.520      12.7600      13.3700      76.0000      1.31930     0.241922    0.0223422
1999-05-30/03:44:21      93.5800     -81.4600      13.4000      92.0000      1.97205    0.0348995    0.0343978
1999-05-30/03:45:01      95.7200     -79.8000      13.3800      114.000      1.94222     0.406737    0.0309675
1999-05-30/03:45:21      107.260     -78.7200      13.4900      124.000      1.43726     0.559193    0.0207963
1999-05-30/03:46:01      111.300     -76.2200      13.6400      122.000      2.74913     0.529919    0.0406905
1999-05-30/03:46:21      111.670     -75.3800      13.6500      101.000      2.61109     0.190809    0.0447348
1999-05-30/03:47:00      113.560     -73.1500      13.7000      96.0000      3.16120     0.104529    0.0548711
1999-05-30/03:47:20      113.820     -71.9300      13.7100      105.000      3.52055     0.258819    0.0593515
1999-05-30/03:47:41      117.100     -70.2300      13.8000      106.000      3.37382     0.275637    0.0566032
1999-05-30/03:48:01      118.780     -69.1400      13.7800      116.000      3.23533     0.438371    0.0507524
1999-05-30/03:48:21      117.300     -68.1700      14.0100      115.000      2.90088     0.422618    0.0458863
1999-05-30/03:48:41      119.620     -66.8000      14.0200      117.000      4.31892     0.453991    0.0671635
1999-05-30/03:49:00      119.900     -65.8300      13.7600      116.000      3.23533     0.438371    0.0507524
1999-05-30/03:49:20      120.270     -64.6500      13.7400      103.000      1.89749     0.224951    0.0322687
1999-05-30/03:49:40      119.670     -63.8700      13.5500      107.000      3.29316     0.292372    0.0549650
1999-05-30/03:50:00      120.100     -62.4700      13.6600      107.000      7.31677     0.292372     0.122122
1999-05-30/03:50:40      121.110     -60.0100      13.7100      97.0000      4.95064     0.121869    0.0857609
1999-05-30/03:55:00      121.700     -45.9300      13.7300      98.0000      4.60170     0.139173    0.0795332
1999-05-30/03:55:39      122.740     -43.2000      13.7500      109.000      5.39605     0.325568    0.0890478
1999-05-30/03:55:59      122.640     -42.3000      13.8700      107.000      4.67314     0.292372    0.0779978
1999-05-30/03:56:19      122.750     -41.1900      13.8300      103.000      23.4252     0.224951     0.398368
1999-05-30/03:56:39      122.620     -40.0300      13.7000      101.000      12.6941     0.190809     0.217483
1999-05-30/03:56:58      121.700     -39.1000      13.7600      112.000      3.60949     0.374607    0.0584102
1999-05-30/03:57:18      122.860     -37.8200      13.7100      114.000      7.90321     0.406737     0.126012
1999-05-30/03:57:38      121.990     -37.2700      13.7800      112.000      7.71689     0.374607     0.124878
1999-05-30/03:58:19      123.190     -34.4300      13.7300      114.000      2.74282     0.406737    0.0437326
1999-05-30/03:58:39      122.330     -33.5600      13.6100      125.000      6.02549     0.573576    0.0861458
1999-05-30/03:59:19      123.420     -31.3100      13.5400      124.000      5.05511     0.559193    0.0731446
1999-05-30/04:00:59      123.140     -26.0200      13.5700      115.000      3.16159     0.422618    0.0500102
1999-05-30/04:01:19      122.250     -24.9500      13.8400      114.000      4.94227     0.406737    0.0788014
1999-05-30/04:01:39      122.960     -23.6800      13.8000      95.0000      3.12222    0.0871559    0.0542857
1999-05-30/04:01:59      122.800     -22.5300      12.6800      112.000      2.09250     0.374607    0.0338617
1999-05-30/04:02:18      123.170     -21.4200      12.7700      107.000      2.80513     0.292372    0.0468195
1999-05-30/04:02:38      123.160     -20.3400      12.6300      107.000      3.22839     0.292372    0.0538840
1999-05-30/04:02:58      122.980     -19.3300      12.1100      113.000      1.87336     0.390731    0.0300971
1999-05-30/04:03:37      123.350     -17.1100      12.5300      111.000      3.19789     0.358368    0.0521066
1999-05-30/04:03:57      123.280     -15.9400      12.5900      110.000      8.40116     0.342020     0.137785
1999-05-30/04:04:17      123.010     -14.8300      12.5600      125.000      3.85072     0.573576    0.0550534
1999-05-30/04:04:37      123.200     -13.6200      12.3400      119.000      2.80616     0.484810    0.0428360
1999-05-30/04:04:58      123.260     -12.5300      12.3400      101.000      2.52565     0.190809    0.0432710
1999-05-30/04:05:18      123.310     -11.3000      12.3700      112.000      2.22430     0.374607    0.0359945
1999-05-30/04:05:38      123.420     -10.1500      12.1800      112.000      3.60949     0.374607    0.0584102
1999-05-30/04:06:57      123.500     -6.22000      12.1700      170.000      45.0000     0.984808     0.136383
1999-05-30/04:07:17      121.680     -4.79000      12.0500      123.000      3.19075     0.544639    0.0467048
1999-05-30/04:07:37      122.810     -3.46000      12.5500      112.000      3.38726     0.374607    0.0548140
1999-05-30/04:07:57      123.100     -2.45000      12.3700      111.000      3.50869     0.358368    0.0571708
1999-05-30/04:08:17      122.990     -1.28000      12.2700      98.0000      5.49410     0.139173    0.0949569
1999-05-30/04:08:37      122.940    -0.200000      12.2700      123.000      2.53819     0.544639    0.0371529
1999-05-30/04:08:57      122.690     0.720000      12.2000      105.000      3.48493     0.258819    0.0587510
1999-05-30/04:09:17      122.630      1.96000      12.1300      95.0000      5.17963    0.0871559    0.0900576
1999-05-30/04:09:37      122.830      3.03000      12.3100      170.000      45.0000     0.984808     0.136383
1999-05-30/04:09:57      123.010      4.16000      12.5900      104.000      9.29244     0.241922     0.157366
1999-05-30/04:10:16      123.110      5.03000      13.0000      111.000      8.14810     0.358368     0.132766
1999-05-30/04:10:36      122.960      6.24000      13.0200      113.000      17.3017     0.390731     0.277966
1999-05-30/04:11:16      123.160      8.41000      13.0600      106.000      8.98885     0.275637     0.150808
1999-05-30/04:11:37      122.920      9.69000      13.1600      116.000      9.40509     0.438371     0.147537
1999-05-30/04:11:57      123.280      10.6200      13.2400      120.000      7.20927     0.500000     0.108968
1999-05-30/04:12:16      122.650      11.7700      13.0500      122.000      3.21278     0.529919    0.0475531
1999-05-30/04:12:36      122.830      12.8500      11.8600      114.000      20.2240     0.406737     0.322459
1999-05-30/04:12:56      122.840      13.6800      12.5900      116.000      4.46577     0.438371    0.0700542
1999-05-30/04:13:16      120.430      15.1500      13.3300      98.0000      3.65394     0.139173    0.0631526
1999-05-30/04:13:36      122.470      16.5200      13.4700      101.000      3.12846     0.190809    0.0535987
1999-05-30/04:13:56      122.590      17.3800      13.1800      107.000      6.71536     0.292372     0.112084
1999-05-30/04:14:16      122.780      18.6100      13.0000      94.0000      3.13460    0.0697566    0.0545758
1999-05-30/04:14:36      122.720      19.5400      12.5400      133.000      8.93288     0.681998     0.114024
1999-05-30/04:14:56      122.510      20.8800      12.2800      106.000      6.08789     0.275637     0.102138
1999-05-30/04:15:16      122.740      21.5600      13.2800      94.0000      3.87326    0.0697566    0.0674365
1999-05-30/04:15:55      121.970      23.9500      13.9000      122.000      3.39229     0.529919    0.0502101
1999-05-30/04:16:15      121.280      25.6200      13.4300      133.000      13.4525     0.681998     0.171715
1999-05-30/04:16:35      120.770      26.5000      11.8800      126.000      25.0610     0.587785     0.353862
1999-05-30/04:16:55      120.420      28.3400      9.56000      123.000      3.19075     0.544639    0.0467048
1999-05-30/04:17:15      122.520      28.4400      14.1700      115.000      6.70687     0.422618     0.106090
1999-05-30/04:17:35      122.290      29.4300      13.5700      117.000      4.45875     0.453991    0.0693380
1999-05-30/04:17:55      122.420      30.3600      11.9600      107.000      4.48756     0.292372    0.0749004
1999-05-30/04:18:15      122.110      31.5000      13.7300      114.000      20.2240     0.406737     0.322459
1999-05-30/04:18:35      121.410      33.1100      12.9200      102.000      2.45751     0.207912    0.0419544
1999-05-30/04:18:55      122.500      33.8500      13.7300      92.0000      2.07784    0.0348995    0.0362431
1999-05-30/04:19:15      122.420      34.7000      15.7700      97.0000      3.70421     0.121869    0.0641688
1999-05-30/04:19:35      121.740      36.1200      14.7100      110.000      3.45863     0.342020    0.0567241
1999-05-30/04:20:15      121.750      38.2700      13.8400      105.000      3.48493     0.258819    0.0587510
1999-05-30/04:20:34      121.920      39.2600      13.3600      104.000      4.68251     0.241922    0.0792976
1999-05-30/04:20:55      121.250      40.4000      12.5400      115.000      5.82346     0.422618    0.0921158
1999-05-30/04:21:15      120.180      42.0100      13.3500      113.000      5.74550     0.390731    0.0923063
1999-05-30/04:21:35      120.570      43.0400      13.5600      111.000      2.01220     0.358368    0.0327869
1999-05-30/04:21:55      119.940      44.4200      12.9300      128.000      3.90398     0.615661    0.0536929
1999-05-30/04:22:14      119.880      45.5500      13.5200      144.000      7.97632     0.809017    0.0818274
1999-05-30/04:22:34      120.470      46.5000      12.4800      124.000      3.18371     0.559193    0.0460665
1999-05-30/04:22:54      121.200      47.3600      15.1900      99.0000      4.47393     0.156434    0.0771235
1999-05-30/04:23:14      120.430      48.2800      14.5700      123.000      2.17132     0.544639    0.0317828
1999-05-30/04:23:35      118.450      49.9000      12.5600      138.000      12.2961     0.743145     0.143600
1999-05-30/04:23:55      117.600      50.8400      13.5400      122.000      21.3608     0.529919     0.316166
1999-05-30/04:24:15      118.670      51.8000      13.3600      109.000      4.13709     0.325568    0.0682720
1999-05-30/05:35:59      115.520     -79.3500      11.1200      123.000      2.11018     0.544639    0.0308879
1999-05-30/05:36:19      116.220     -78.2700      12.0500      123.000      1.61630     0.544639    0.0236587
1999-05-30/05:36:39      116.900     -77.1900      13.0800      124.000      17.6815     0.559193     0.255841
1999-05-30/05:36:59      117.760     -75.9900      13.1100      123.000      4.32308     0.544639    0.0632794
1999-05-30/05:37:19      118.610     -74.8400      13.6600      109.000      3.44885     0.325568    0.0569143
1999-05-30/05:37:39      119.190     -73.7400      10.7100      112.000      3.38726     0.374607    0.0548140
1999-05-30/05:37:58      119.470     -72.6600      21.7900      112.000      7.47161     0.374607     0.120909
1999-05-30/05:38:18      119.920     -71.4600      23.0800      100.000      2.78705     0.173648    0.0479042
1999-05-30/05:38:38      119.890     -70.2900      17.5500      107.000      3.33396     0.292372    0.0556460
1999-05-30/05:38:58      120.520     -69.1300      17.7700      122.000      3.21278     0.529919    0.0475531
1999-05-30/05:39:19      120.630     -68.1300      15.1100      111.000      2.39953     0.358368    0.0390981
1999-05-30/05:39:39      120.670     -66.9700      14.4900      112.000      1.94513     0.374607    0.0314769
1999-05-30/05:42:37      121.820     -57.1200      15.3700      102.000      19.1297     0.207912     0.326580
1999-05-30/05:42:57      121.530     -56.0300      13.5500      108.000      3.91815     0.309017    0.0650376
1999-05-30/05:43:18      120.140     -55.1000      11.7200      116.000      10.9597     0.438371     0.171924
1999-05-30/05:43:58      122.200     -52.4400      12.7900      125.000      3.38424     0.573576    0.0483841
1999-05-30/05:44:18      121.830     -51.4600      11.5200      120.000      8.61405     0.500000     0.130201
1999-05-30/05:44:37      121.690     -50.2700      13.4600      133.000      6.45096     0.681998    0.0823435
1999-05-30/05:44:57      122.060     -49.4200      14.9000      110.000      8.40116     0.342020     0.137785
1999-05-30/05:45:17      121.990     -48.2500      15.0200      95.0000      3.72461    0.0871559    0.0647593
1999-05-30/05:45:37      122.180     -47.0800      15.5600      98.0000      2.95756     0.139173    0.0511168
1999-05-30/05:45:56      122.120     -46.0400      14.7500      98.0000      3.57425     0.139173    0.0617753
1999-05-30/05:46:16      121.870     -44.9500      14.7800      100.000      2.10644     0.173648    0.0362058
1999-05-30/05:46:36      122.120     -43.6200      13.8000      100.000      2.93754     0.173648    0.0504908
1999-05-30/05:46:56      122.490     -42.6700      13.4100      111.000      3.27161     0.358368    0.0533078
1999-05-30/05:47:17      122.330     -41.6200      13.4600      95.0000      26.2134    0.0871559     0.455769
1999-05-30/05:47:37      121.970     -40.5500      13.6400      111.000      2.53204     0.358368    0.0412572
1999-05-30/05:47:57      121.880     -39.4800      13.9900      113.000      17.3017     0.390731     0.277966
1999-05-30/05:48:17      121.960     -38.3000      13.8700      105.000      4.30197     0.258819    0.0725251
1999-05-30/05:48:36      122.350     -37.3400      13.0600      110.000      3.00121     0.342020    0.0492220
1999-05-30/05:48:56      120.750     -36.6300      12.0700      111.000      3.72656     0.358368    0.0607208
1999-05-30/05:49:16      120.690     -34.5700      13.4800      121.000      19.9174     0.515038     0.297973
1999-05-30/05:49:36      122.330     -33.9100      13.6400      111.000      3.72656     0.358368    0.0607208
1999-05-30/05:51:16      119.940     -27.8700      13.4100      132.000      24.7334     0.669131     0.320800
1999-05-30/05:51:36      122.130     -27.3900      13.6200      143.000      5.63087     0.798636    0.0591447
1999-05-30/05:51:56      121.920     -26.3300      13.6300      100.000      21.1866     0.173648     0.364158
1999-05-30/05:52:36      121.150     -23.9200      13.7900      123.000      3.47125     0.544639    0.0508106
1999-05-30/05:52:56      121.610     -22.9100      13.9700      121.000      7.02267     0.515038     0.105062
1999-05-30/05:53:16      121.620     -21.8700      13.8400      107.000      6.06730     0.292372     0.101267
1999-05-30/05:53:36      121.730     -20.7500      13.6800      110.000      3.07254     0.342020    0.0503919
1999-05-30/05:53:56      121.910     -19.7100      13.6400      110.000      4.01453     0.342020    0.0658412
1999-05-30/05:54:16      121.550     -18.6000      13.8700      112.000      2.54874     0.374607    0.0412448
1999-05-30/05:54:36      121.680     -17.5100      14.2200      107.000      2.89541     0.292372    0.0483263
1999-05-30/05:54:56      120.710     -16.4800      14.2200      106.000      1.80236     0.275637    0.0302385
1999-05-30/05:55:15      119.700     -15.0100      13.8900      114.000      3.09401     0.406737    0.0493321
1999-05-30/05:55:35      121.780     -14.1300      13.5800      108.000      2.88853     0.309017    0.0479469
1999-05-30/05:55:55      121.800     -13.1800      13.3700      107.000      2.31438     0.292372    0.0386285
1999-05-30/05:56:15      121.480     -11.9200      13.4100      112.000      3.38726     0.374607    0.0548140
1999-05-30/05:56:35      122.130     -10.7800      13.7000      103.000      2.99630     0.224951    0.0509550
1999-05-30/05:56:55      122.330     -9.84000      13.9100      106.000      8.98885     0.275637     0.150808
1999-05-30/05:57:15      121.530     -8.40000      13.8000      143.000      34.4662     0.798636     0.362021
1999-05-30/05:57:35      122.070     -7.09000      13.3500      133.000      26.9050     0.681998     0.343430
1999-05-30/05:57:55      122.340     -6.54000      13.3300      160.000      17.8920     0.939693     0.106804
1999-05-30/05:58:34      121.980     -4.54000      13.3900      111.000      5.62288     0.358368    0.0916195
1999-05-30/05:58:54      121.080     -3.38000      13.5400      107.000      6.22387     0.292372     0.103881
1999-05-30/05:59:14      121.120     -1.87000      13.5100      112.000      1.90709     0.374607    0.0308613
1999-05-30/05:59:34      120.620    -0.300000      13.5300      104.000      3.37305     0.241922    0.0571221
1999-05-30/05:59:54      122.010     0.580000      13.5700      123.000      2.11018     0.544639    0.0308879
1999-05-30/06:00:14      121.680      1.49000      13.6900      115.000      22.3924     0.422618     0.354204
1999-05-30/06:00:34      118.720      2.51000      13.6300      135.000      8.96907     0.707107     0.110690
1999-05-30/06:01:14      121.790      4.65000      13.4900      113.000      3.00172     0.390731    0.0482252
1999-05-30/06:01:34      121.530      5.56000      13.6100      127.000      5.57686     0.601815    0.0777348
1999-05-30/06:01:54      121.860      6.54000      13.6800      145.000      30.0488     0.819152     0.300812
1999-05-30/06:02:34      121.670      9.21000      13.6800      120.000      6.42175     0.500000    0.0970647
1999-05-30/06:02:54      122.090      10.0900      13.7600      105.000      4.06813     0.258819    0.0685829
1999-05-30/06:03:14      122.130      10.8600      13.8900      106.000      4.17674     0.275637    0.0700739
1999-05-30/06:03:34      121.750      12.0800      13.9500      101.000      3.38606     0.190809    0.0580121
1999-05-30/06:03:54      122.170      13.0800      13.9700      92.0000      4.87933    0.0348995    0.0851085
1999-05-30/06:05:13      121.780      17.6200      14.0600      103.000      4.55580     0.224951    0.0774758
1999-05-30/06:05:54      122.260      19.8400      14.0900      151.000      37.2472     0.874620     0.315168
1999-05-30/06:06:34      121.710      21.9300      14.1500      107.000      22.5796     0.292372     0.376869
1999-05-30/06:06:54      120.460      23.3900      14.1000      120.000      21.9826     0.500000     0.332267
1999-05-30/06:07:13      120.310      24.6100      13.8600      108.000      5.65703     0.309017    0.0939014
1999-05-30/06:07:33      120.660      25.6400      13.6600      134.000      2.70510     0.694658    0.0339621
1999-05-30/06:07:53      119.780      26.8000      13.9700      120.000      4.12284     0.500000    0.0623167
1999-05-30/06:08:13      119.330      28.2200      13.9600      112.000      2.54874     0.374607    0.0412448
1999-05-30/06:08:32      120.390      28.9800      13.8500      112.000      5.33701     0.374607    0.0863657
1999-05-30/06:08:52      121.180      29.7000      13.8500      92.0000      2.07784    0.0348995    0.0362431
1999-05-30/06:09:12      120.800      30.7800      13.9600      95.0000      3.56113    0.0871559    0.0619169
1999-05-30/06:09:32      120.600      31.7100      14.0100      97.0000      6.94742     0.121869     0.120352
1999-05-30/06:09:53      118.830      33.6500      13.8800      105.000      20.0866     0.258819     0.338632
1999-05-30/06:10:53      120.120      36.6300      14.0900      114.000      3.37699     0.406737    0.0538440
1999-05-30/06:11:12      120.270      37.6700      13.7900      112.000      3.80142     0.374607    0.0615161
1999-05-30/06:11:32      119.810      38.7900      13.7900      101.000      2.17303     0.190809    0.0372297
1999-05-30/06:11:52      119.920      39.8700      13.6200      106.000      6.58798     0.275637     0.110528
1999-05-30/06:12:12      118.780      40.9900      13.7100      110.000      3.67818     0.342020    0.0603248
1999-05-30/06:12:31      117.040      42.4000      13.6900      100.000      2.22837     0.173648    0.0383015
1999-05-30/06:12:51      115.150      44.0400      13.5900      103.000      2.08650     0.224951    0.0354829
1999-05-30/06:13:11      112.940      45.8400      13.5800      106.000      4.17674     0.275637    0.0700739
1999-05-30/06:13:31      114.120      46.6500      13.5400      113.000      4.06747     0.390731    0.0653473
1999-05-30/06:13:52      115.550      47.6000      13.5900      98.0000      3.71770     0.139173    0.0642546
1999-05-30/06:14:52      119.640      49.6100      13.7600      121.000      19.9174     0.515038     0.297973
1999-05-30/11:10:52      98.0600     -76.7900      13.7300      116.000      8.88126     0.438371     0.139320
1999-05-30/11:11:12      102.620     -75.6500      13.3800      113.000      2.79642     0.390731    0.0449268
1999-05-30/11:11:33      102.210     -74.8200      13.7300      100.000      3.53087     0.173648    0.0606891
1999-05-30/11:11:53      96.0600     -74.2000      13.5700      107.000      4.01054     0.292372    0.0669386
1999-05-30/11:12:52      113.060     -69.3600      13.8300      96.0000      2.51410     0.104529    0.0436389
1999-05-30/11:13:12      114.950     -67.8700      13.7900      116.000      21.9194     0.438371     0.343848
1999-05-30/11:13:32      114.940     -67.0200      13.8900      139.000      5.82442     0.754710    0.0666919
1999-05-30/11:13:52      114.620     -66.2500      13.8400      117.000      4.82079     0.453991    0.0749681
1999-05-30/11:14:12      113.030     -65.6200      13.7500      114.000      4.12941     0.406737    0.0658409
1999-05-30/11:14:32      115.160     -63.6200      14.0400      115.000      5.27870     0.422618    0.0834988
1999-05-30/11:14:52      115.860     -62.5200      14.0300      100.000      6.64558     0.173648     0.114225
1999-05-30/11:15:12      114.180     -61.7800      13.7200      135.000      2.82523     0.707107    0.0348671
1999-05-30/11:15:32      117.060     -60.2600      13.6100      112.000      3.13059     0.374607    0.0506605
1999-05-30/11:15:52      116.830     -59.4500      14.0700      127.000      6.92645     0.601815    0.0965465
1999-05-30/11:16:51      117.440     -55.6500      13.9700      103.000      2.32163     0.224951    0.0394816
1999-05-30/11:17:11      117.290     -54.4400      14.5500      112.000      2.03620     0.374607    0.0329506
1999-05-30/11:17:31      116.880     -53.6300      13.1000      123.000      3.84539     0.544639    0.0562871
1999-05-30/11:17:51      117.780     -52.3500      15.8000      122.000      5.61617     0.529919    0.0831262
1999-05-30/11:18:11      118.280     -51.1000      14.0300      122.000      3.27587     0.529919    0.0484869
1999-05-30/11:18:31      118.220     -50.1600      13.2700      110.000      3.45863     0.342020    0.0567241
1999-05-30/11:19:11      118.280     -47.8100      14.9200      102.000      2.85176     0.207912    0.0486850
1999-05-30/11:19:31      118.740     -46.7500      13.8300      123.000      23.1802     0.544639     0.339302
1999-05-30/11:20:11      118.970     -44.2600      15.1000      172.000      18.1827     0.990268    0.0441663
1999-05-30/11:20:30      119.070     -43.4200      15.9100      171.000      21.5726     0.987688    0.0588996
1999-05-30/11:21:10      119.220     -41.0500      14.7400      93.0000      4.60378    0.0523359    0.0802410
1999-05-30/11:21:30      118.890     -40.0800      14.5400      103.000      9.73667     0.224951     0.165581
1999-05-30/11:21:50      119.090     -38.9500      14.1400      107.000      6.06730     0.292372     0.101267
1999-05-30/11:22:10      118.790     -38.0100      15.2000      114.000      4.53015     0.406737    0.0722304
1999-05-30/11:22:30      118.860     -36.7600      14.3000      112.000      3.60949     0.374607    0.0584102
1999-05-30/11:22:50      119.110     -35.8700      14.5400      109.000      3.32780     0.325568    0.0549167
1999-05-30/11:23:30      118.750     -33.3400      14.5800      134.000      10.1597     0.694658     0.127553
1999-05-30/11:23:50      119.180     -32.1800      13.7900      155.000      14.6485     0.906308     0.108049
1999-05-30/11:24:10      118.980     -31.6100      13.9400      124.000      5.29960     0.559193    0.0766822
1999-05-30/11:24:30      118.190     -30.3800      14.8000      109.000      5.45873     0.325568    0.0900822
1999-05-30/11:24:50      119.010     -28.7200      15.4300      147.000      8.10921     0.838671    0.0770841
1999-05-30/11:25:10      119.330     -28.0800      15.4100      134.000      2.05788     0.694658    0.0258364
1999-05-30/11:25:30      118.930     -26.9300      10.5300      91.0000      20.6698    0.0174525     0.360701
1999-05-30/11:26:29      119.270     -23.5700      8.53000      122.000      8.52208     0.529919     0.126137
1999-05-30/11:26:49      119.240     -22.5500      11.9900      130.000      5.28399     0.642788    0.0706469
1999-05-30/11:28:10      119.070     -17.9800      12.2400      113.000      7.73311     0.390731     0.124239
1999-05-30/11:28:30      119.030     -16.9400      15.2000      125.000      2.12168     0.573576    0.0303334
1999-05-30/11:28:49      118.950     -15.8600      13.7400      129.000      7.84644     0.629321     0.106427
1999-05-30/11:29:09      119.330     -14.6400      19.6400      130.000      3.97021     0.642788    0.0530817
1999-05-30/11:30:08      119.270     -11.6000      21.2300      108.000      3.91815     0.309017    0.0650376
1999-05-30/11:30:28      119.260     -10.3500      17.8600      106.000      3.76704     0.275637    0.0632003
1999-05-30/11:30:48      119.300     -9.28000      17.3900      107.000      5.27146     0.292372    0.0879842
1999-05-30/11:31:29      119.550     -6.87000      14.1800      108.000      2.42687     0.309017    0.0402838
1999-05-30/11:31:49      119.230     -5.90000      15.2800      113.000      4.06747     0.390731    0.0653473
1999-05-30/11:32:29      119.540     -3.61000      15.1900      94.0000      3.13460    0.0697566    0.0545758
1999-05-30/11:32:48      119.390     -2.54000      14.2900      102.000      3.35516     0.207912    0.0572789
1999-05-30/11:33:08      119.500     -1.41000      15.8000      94.0000      5.42306    0.0697566    0.0944197
1999-05-30/11:33:28      119.450    -0.290000      14.0000      133.000      26.9050     0.681998     0.343430
1999-05-30/11:34:27      119.830      2.86000      14.2800      91.0000      20.6698    0.0174525     0.360701
1999-05-30/11:35:07      119.420      5.18000      15.7600      105.000      2.96037     0.258819    0.0499077
1999-05-30/11:35:28      119.410      6.31000      16.2000      108.000      4.90683     0.309017    0.0814488
1999-05-30/11:36:08      119.350      8.56000      16.3300      97.0000      3.92587     0.121869    0.0680086
1999-05-30/11:36:28      119.300      9.58000      16.3800      113.000      5.99490     0.390731    0.0963131
1999-05-30/11:36:47      119.280      10.6900      14.9300      114.000      3.55449     0.406737    0.0566741
1999-05-30/11:37:27      119.630      12.8700      13.7500      136.000      6.40563     0.719340    0.0776623
1999-05-30/11:38:08      119.370      14.9200      13.8700      104.000      6.34069     0.241922     0.107379
1999-05-30/11:38:28      118.150      16.3400      14.1300      131.000      25.9298     0.656059     0.341552
1999-05-30/11:38:48      119.070      17.5900      14.3400      131.000      25.9298     0.656059     0.341552
1999-05-30/11:39:07      119.230      18.4900      14.5000      124.000      5.87619     0.559193    0.0850251
1999-05-30/11:39:27      118.970      19.6800      14.3800      121.000      8.92907     0.515038     0.133582
1999-05-30/11:40:27      119.170      22.9000      14.1000      121.000      19.9174     0.515038     0.297973
1999-05-30/11:40:47      118.910      23.9300      14.2500      170.000      29.7183     0.984808    0.0900683
1999-05-30/11:41:07      118.240      25.4800      14.3700      107.000      22.5796     0.292372     0.376869
1999-05-30/11:42:27      118.690      29.4300      14.3500      113.000      4.44103     0.390731    0.0713489
1999-05-30/11:42:47      118.410      30.5800      14.1300      121.000      19.9174     0.515038     0.297973
1999-05-30/11:43:07      118.470      31.6000      14.4200      104.000      3.37305     0.241922    0.0571221
1999-05-30/11:43:26      117.970      32.7800      14.4600      132.000      9.93885     0.669131     0.128910
1999-05-30/11:43:46      117.870      34.0600      14.4800      133.000      26.9050     0.681998     0.343430
1999-05-30/11:44:06      117.820      35.0700      14.2800      115.000      3.61512     0.422618    0.0571842
1999-05-30/11:44:26      117.750      36.2300      14.5300      106.000      2.76827     0.275637    0.0464438
1999-05-30/11:44:47      117.960      37.3200      14.6200      111.000      1.92688     0.358368    0.0313967
1999-05-30/11:45:06      118.140      38.3800      14.6200      111.000      2.59786     0.358368    0.0423297
1999-05-30/11:45:26      118.010      39.5000      14.4900      115.000      6.70687     0.422618     0.106090
1999-05-30/11:45:46      118.030      40.5900      14.2700      116.000      6.26546     0.438371    0.0982857
1999-05-30/11:46:06      118.210      41.4800      14.2400      96.0000      10.6536     0.104529     0.184922
1999-05-30/11:46:26      117.720      42.6600      14.3400      111.000      4.16675     0.358368    0.0678932
1999-05-30/11:46:46      117.400      44.2900      14.3400      120.000      7.65753     0.500000     0.115744
1999-05-30/11:47:05      118.330      45.0400      14.4300      94.0000      3.27280    0.0697566    0.0569820
1999-05-30/11:48:05      117.110      48.5000      14.4100      116.000      8.88126     0.438371     0.139320
1999-05-30/11:48:25      117.360      49.9500      13.9000      106.000      26.2936     0.275637     0.441133
1999-05-30/11:49:05      117.620      51.5500      14.1100      143.000      10.6223     0.798636     0.111573
1999-05-30/11:49:45      116.850      54.0900      14.2200      102.000      2.65735     0.207912    0.0453660
1999-05-30/11:50:05      116.510      55.2400      14.3600      110.000      3.00121     0.342020    0.0492220
1999-05-30/11:50:25      115.400      56.6300      14.4100      116.000      5.10837     0.438371    0.0801346
1999-05-30/11:50:45      113.960      58.1700      14.3600      120.000      10.9913     0.500000     0.166133
1999-05-30/11:51:05      113.650      59.4800      14.2300      113.000      2.42089     0.390731    0.0388936
1999-05-30/11:51:25      115.040      59.9600      14.2200      103.000      3.80260     0.224951    0.0646669
1999-05-30/13:00:31      106.330     -80.3500      14.2700      94.0000      2.21346    0.0697566    0.0385381
1999-05-30/13:00:51      106.050     -79.3900      14.3200      102.000      1.43056     0.207912    0.0244224
1999-05-30/13:01:11      107.140     -78.4100      14.3800      116.000      3.34944     0.438371    0.0525424
1999-05-30/13:01:31      106.530     -77.5700      14.3500      125.000      5.54943     0.573576    0.0793396
1999-05-30/13:01:50      107.690     -76.4200      14.3600      125.000      5.54943     0.573576    0.0793396
1999-05-30/13:02:30      111.850     -74.0600      14.4400      101.000      2.66120     0.190809    0.0455933
1999-05-30/13:02:50      109.630     -73.2100      14.5700      98.0000      6.00833     0.139173     0.103845
1999-05-30/13:04:10      114.230     -68.3600      14.4500      104.000      8.06438     0.241922     0.136569
1999-05-30/13:04:30      115.570     -67.1600      14.3600      149.000      4.09732     0.857167    0.0368313
1999-05-30/13:04:50      115.430     -66.3200      14.2800      122.000      2.81476     0.529919    0.0416619
1999-05-30/13:05:10      114.490     -65.5100      14.0300      104.000      3.22223     0.241922    0.0545680
1999-05-30/13:05:30      111.620     -64.9500      14.1100      114.000      7.39356     0.406737     0.117886
1999-05-30/13:05:49      114.760     -63.0100      14.2000      102.000      2.97429     0.207912    0.0507768
1999-05-30/13:06:09      115.270     -61.9300      14.3000      142.000      5.76805     0.788011    0.0619795
1999-05-30/13:06:29      114.870     -60.7700      14.1200      112.000      5.11072     0.374607    0.0827038
1999-05-30/13:06:49      115.720     -59.8400      14.0400      123.000      3.19075     0.544639    0.0467048
1999-05-30/13:07:10      114.830     -59.0400      14.1800      128.000      5.87966     0.615661    0.0808652
1999-05-30/13:08:29      117.270     -53.8500      14.3800      99.0000      3.16593     0.156434    0.0545756
1999-05-30/13:08:49      116.830     -52.8800      14.0000      100.000      2.20742     0.173648    0.0379414
1999-05-30/13:09:09      116.970     -51.8100      14.1400      113.000      1.39088     0.390731    0.0223457
1999-05-30/13:09:29      117.350     -50.7500      14.1100      125.000      2.96422     0.573576    0.0423792
1999-05-30/13:09:49      117.110     -49.8900      13.9300      143.000      4.93335     0.798636    0.0518182
1999-05-30/13:10:09      116.580     -48.5200      13.9300      111.000      4.86263     0.358368    0.0792319
1999-05-30/13:10:29      117.240     -47.5300      13.8100      118.000      6.39865     0.469472    0.0986054
1999-05-30/13:10:49      115.430     -46.7800      13.8500      116.000      8.29996     0.438371     0.130201
1999-05-30/13:11:09      117.390     -45.0600      13.6600      114.000      7.39356     0.406737     0.117886
1999-05-30/13:11:29      117.530     -44.0800      13.8100      129.000      4.10091     0.629321    0.0556237
1999-05-30/13:12:49      117.910     -39.5200      13.9500      115.000      8.55196     0.422618     0.135275
1999-05-30/13:13:09      117.940     -38.5100      13.9800      111.000      3.58961     0.358368    0.0584893
1999-05-30/13:13:29      117.560     -37.5500      14.1700      113.000      1.74178     0.390731    0.0279832
1999-05-30/13:13:49      117.520     -36.4000      14.1800      122.000      2.93854     0.529919    0.0434940
1999-05-30/13:14:09      117.090     -35.6700      13.9000      117.000      10.2070     0.453991     0.158729
1999-05-30/13:14:28      115.140     -34.3300      13.8700      115.000      3.61512     0.422618    0.0571842
1999-05-30/13:14:48      118.210     -32.9100      13.9500      131.000      5.27110     0.656059    0.0694318
1999-05-30/13:15:09      118.100     -31.8900      13.9000      98.0000      4.60170     0.139173    0.0795332
1999-05-30/13:15:49      117.780     -29.7000      14.1200      104.000      2.74456     0.241922    0.0464787
1999-05-30/13:16:09      117.880     -28.7300      13.8600      116.000      5.66333     0.438371    0.0888402
1999-05-30/13:16:28      117.630     -27.5900      13.8500      115.000      9.17440     0.422618     0.145121
1999-05-30/13:16:48      117.690     -26.5900      14.0000      110.000      3.67818     0.342020    0.0603248
1999-05-30/13:17:08      117.610     -25.5500      14.1200      124.000      4.16840     0.559193    0.0603144
1999-05-30/13:17:48      118.060     -23.3300      14.3600      101.000      2.09172     0.190809    0.0358367
1999-05-30/13:18:08      117.370     -22.4900      14.3900      121.000      2.56239     0.515038    0.0383344
1999-05-30/13:18:28      117.060     -21.3000      13.5900      114.000      5.84843     0.406737    0.0932496
1999-05-30/13:19:08      117.330     -18.7200      14.3700      134.000      9.17734     0.694658     0.115220
1999-05-30/13:19:28      117.770     -17.6800      13.2300      158.000      10.9580     0.927184    0.0716447
1999-05-30/13:19:48      118.250     -16.6800      15.0500      159.000      4.48864     0.933580    0.0280751
1999-05-30/13:20:08      118.120     -15.7500      15.0300      104.000      4.56736     0.241922    0.0773476
1999-05-30/13:20:28      118.130     -14.6600      14.0300      119.000      4.89643     0.484810    0.0747440
1999-05-30/13:21:07      118.070     -12.4600      14.0400      113.000      1.74178     0.390731    0.0279832
1999-05-30/13:21:27      117.800     -11.3700      13.9200      110.000      3.29185     0.342020    0.0539887
1999-05-30/13:21:48      117.940     -10.2000      12.1300      110.000      2.78623     0.342020    0.0456962
1999-05-30/13:22:08      117.920     -9.18000      14.4900      99.0000      2.72954     0.156434    0.0470529
1999-05-30/13:22:48      118.300     -6.75000      15.5900      110.000      3.03986     0.342020    0.0498559
1999-05-30/13:23:07      117.960     -5.89000      13.2900      125.000      5.54943     0.573576    0.0793396
1999-05-30/13:23:27      118.130     -4.64000      12.6800      94.0000      3.53395    0.0697566    0.0615288
1999-05-30/13:24:27      117.980     -1.40000      14.3100      114.000      20.2240     0.406737     0.322459
1999-05-30/13:24:47      118.330    -0.290000      14.8900      133.000      26.9050     0.681998     0.343430
1999-05-30/13:25:06      117.980     0.660000      13.4900      105.000      4.88719     0.258819    0.0823911
1999-05-30/13:25:26      117.790      1.85000      12.0200      145.000      10.0322     0.819152     0.100430
1999-05-30/13:26:27      117.940      5.18000      14.9700      134.000      3.75230     0.694658    0.0471096
1999-05-30/13:26:47      117.870      6.16000      15.9400      150.000      35.6382     0.866026     0.311002
1999-05-30/13:27:06      117.730      7.25000      15.5000      98.0000      6.70133     0.139173     0.115822
1999-05-30/13:27:26      117.840      8.52000      10.8800      111.000      4.67092     0.358368    0.0761082
1999-05-30/13:27:46      117.990      9.58000      15.3300      126.000      2.65970     0.587785    0.0375550
1999-05-30/13:28:06      117.850      10.5500      15.6600      92.0000      3.29409    0.0348995    0.0574577
1999-05-30/13:29:07      118.240      13.9300      14.2900      103.000      23.4252     0.224951     0.398368
1999-05-30/13:29:27      117.470      14.7300      15.5700      104.000      18.8654     0.241922     0.319483
1999-05-30/13:29:46      116.510      16.1100      23.6500      126.000      25.0610     0.587785     0.353862
1999-05-30/13:30:06      116.970      17.2600      15.8200      114.000      9.08406     0.406737     0.144840
1999-05-30/13:30:26      117.620      18.4200      14.3200      109.000      2.90309     0.325568    0.0479080
1999-05-30/13:30:46      117.610      19.5400      13.5600      100.000      1.69625     0.173648    0.0291554
1999-05-30/13:31:07      117.440      20.5700      13.5200      111.000      3.93253     0.358368    0.0640768
1999-05-30/13:31:27      117.360      21.7600      14.0300      115.000      2.69276     0.422618    0.0425942
1999-05-30/13:31:47      117.870      22.8100      12.0900      114.000      3.55449     0.406737    0.0566741
1999-05-30/13:32:07      117.840      23.9600      13.6000      124.000      3.97079     0.559193    0.0574551
1999-05-30/13:33:45      117.620      29.3800      18.1000      113.000      1.92248     0.390731    0.0308863
1999-05-30/13:34:05      117.650      30.4200      18.0900      104.000      6.77114     0.241922     0.114668
1999-05-30/13:34:45      117.270      32.6800      18.7100      117.000      4.65407     0.453991    0.0723754
1999-05-30/13:35:06      117.570      33.7600      17.1400      114.000      4.72533     0.406737    0.0753424
1999-05-30/13:35:26      117.570      34.9100      14.6500      99.0000      6.33120     0.156434     0.109140
1999-05-30/13:35:46      117.580      36.0500      16.5100      102.000      3.70093     0.207912    0.0631819
1999-05-30/13:36:06      117.380      37.2100      17.3400      109.000      6.44303     0.325568     0.106326
1999-05-30/13:36:25      117.410      38.2200      15.0900      100.000      2.10644     0.173648    0.0362058
1999-05-30/13:36:45      117.280      39.1800      14.2300      117.000      5.46353     0.453991    0.0849633
1999-05-30/13:37:05      117.280      40.3500      14.8100      113.000      1.78538     0.390731    0.0286836
1999-05-30/13:38:06      117.300      44.1500      14.8500      109.000      2.93767     0.325568    0.0484786
1999-05-30/13:38:26      117.900      45.0400      14.9400      117.000      8.84479     0.453991     0.137545
1999-05-30/13:38:46      117.820      46.1800      14.3700      121.000      9.74690     0.515038     0.145817
1999-05-30/13:39:05      117.560      47.0100      14.9900      125.000      8.59088     0.573576     0.122823
1999-05-30/13:39:25      117.080      48.0400      14.3700      114.000      6.96180     0.406737     0.111002
1999-05-30/13:40:25      116.900      51.4900      14.8900      114.000      7.39356     0.406737     0.117886
1999-05-30/13:40:45      116.680      52.6000      14.7700      147.000      7.03317     0.838671    0.0668555
1999-05-30/13:41:05      116.380      53.7700      14.6200      95.0000      3.12222    0.0871559    0.0542857
1999-05-30/13:41:25      116.410      54.7100      14.2700      100.000      2.68670     0.173648    0.0461794
1999-05-30/13:41:45      116.490      55.6900      14.2800      98.0000      5.29420     0.139173    0.0915020
1999-05-30/13:42:05      116.000      56.9600      14.3400      120.000      4.12284     0.500000    0.0623167
1999-05-30/13:42:25      116.050      58.1300      14.5400      116.000      21.9194     0.438371     0.343848
1999-05-30/13:42:45      116.340      59.1400      14.5600      98.0000      3.65394     0.139173    0.0631526
1999-05-30/13:43:04      114.190      60.2300      14.3400      116.000      6.26546     0.438371    0.0982857
1999-05-30/13:43:24      114.540      61.8400      14.1600      103.000      2.41720     0.224951    0.0411068
1999-05-30/13:43:44      114.900      62.7300      14.1100      101.000      2.61109     0.190809    0.0447348
1999-05-30/13:44:04      115.020      63.7700      14.4100      101.000      2.40509     0.190809    0.0412055
1999-05-30/13:44:25      114.450      64.8400      14.5500      98.0000      3.43655     0.139173    0.0593954
1999-05-30/13:44:45      112.730      66.1600      14.2700      98.0000      2.54772     0.139173    0.0440334
1999-05-30/13:45:05      112.320      67.3600      14.2500      101.000      2.61109     0.190809    0.0447348
1999-05-30/13:45:25      111.920      68.5400      14.2300      101.000      2.02113     0.190809    0.0346273
1999-05-30/13:45:44      111.370      69.6300      14.1700      92.0000      1.76223    0.0348995    0.0307380
1999-05-30/13:46:04      110.640      70.7600      13.4800      101.000      1.63026     0.190809    0.0279306
1999-05-30/13:46:24      108.800      72.0100      13.7600      103.000      2.08650     0.224951    0.0354829
1999-05-30/13:46:44      107.050      73.2300      14.1700      105.000      3.40585     0.258819    0.0574178
1999-05-30/13:47:05      104.770      74.5500      14.2700      101.000      2.09172     0.190809    0.0358367
1999-05-30/13:47:24      103.090      75.6800      14.5100      104.000      2.45144     0.241922    0.0415148
1999-05-30/13:47:44      99.1800      76.8700      14.5900      104.000      2.35032     0.241922    0.0398023
1999-05-30/21:05:58      111.330      54.1000      14.6100      87.0000      8.72309    0.0523359     0.152038
1999-05-30/21:06:18      111.160      55.3100      14.5100      73.0000      8.98885     0.292372     0.150030
1999-05-30/21:06:38      110.760      56.6300      14.2900      75.0000      5.59382     0.258819    0.0943039
1999-05-30/21:06:57      110.180      57.7100      14.3700      77.0000      5.50034     0.224951    0.0935386
1999-05-30/21:07:17      105.840      59.4500      14.4700      83.0000      10.2091     0.121869     0.176854
1999-05-30/21:08:37      106.260      63.5400      14.4300      79.0000      10.1256     0.190809     0.173478
1999-05-30/21:08:57      106.490      64.4000      14.4300      83.0000      4.68463     0.121869    0.0811528
1999-05-30/21:09:57      104.290      68.1200      14.4200      82.0000      8.02002     0.139173     0.138614
1999-05-30/21:10:17      100.550      69.1000      14.3900      77.0000      6.19681     0.224951     0.105383
1999-05-30/22:53:20      109.970      42.7100      14.5200      78.0000      1.85434     0.207912    0.0316571
1999-05-30/22:53:40      109.370      44.0200      14.5700      16.0000      13.4905     0.961262    0.0648998
1999-05-30/22:54:20      109.060      46.3900      14.6800      62.0000      3.71922     0.469472    0.0573145
1999-05-30/22:56:00      110.610      50.4100      14.5800      67.0000      3.13059     0.390731    0.0502956
1999-05-30/22:56:20      110.130      51.6900      14.5700      71.0000      5.21591     0.325568    0.0860751
1999-05-30/22:56:40      110.810      52.6600      14.5900      82.0000      3.10004     0.139173    0.0535793
1999-05-30/22:57:00      110.590      53.7000      14.6700      67.0000      2.54874     0.390731    0.0409477
1999-05-30/22:57:19      107.700      55.6800      14.7700      68.0000      3.19789     0.374607    0.0517496
1999-05-30/22:57:39      108.730      56.5700      14.7100      87.0000      1.62515    0.0523359    0.0283253
1999-05-30/22:58:19      104.390      59.6600      14.4800      70.0000      3.38317     0.342020    0.0554865
1999-05-30/22:59:59      100.170      65.3700      14.5000      86.0000      2.62598    0.0697565    0.0457203
1999-05-30/23:01:18      99.0000      68.8400      14.4900      81.0000      3.06517     0.156434    0.0528387
1999-05-30/23:01:38      98.0000      70.0700      14.9600      79.0000      2.13861     0.190809    0.0366400
1999-05-30/23:01:58      98.4600      71.0600      14.6500      80.0000      2.97469     0.173648    0.0511294
1999-05-31/02:45:52      113.800      74.0100      14.2700      77.0000      1.86721     0.224951    0.0317537
1999-05-31/02:46:12      113.810      75.1000      14.4800      88.0000      1.28044    0.0348994    0.0223343
1999-05-31/02:46:32      115.090      76.1400      14.4100      79.0000      1.74092     0.190809    0.0298265
1999-05-31/02:46:52      115.680      77.2200      14.2500      67.0000      1.42458     0.390731    0.0228871
1999-05-31/02:47:11      116.300      78.0500      14.2500      65.0000      2.74282     0.422618    0.0433861
1999-05-31/02:47:31      115.820      78.9100      14.2100      80.0000      2.97469     0.173648    0.0511294
1999-05-31/02:47:51      117.880      79.7900      14.0600      84.0000      2.40810     0.104528    0.0417990
1999-05-31/02:48:11      121.250      80.5600      14.1900      86.0000      2.21888    0.0697565    0.0386324
1999-05-31/02:48:30      124.950      81.1700      14.2600      87.0000      2.00491    0.0523359    0.0349443
1999-05-31/02:48:50      127.270      81.8800      14.1400      76.0000      1.98394     0.241922    0.0335977
1999-05-31/02:49:10      128.540      82.7800      14.1700      78.0000      1.41405     0.207912    0.0241405
1999-05-31/02:49:30      131.620      83.9000      14.4500      75.0000      1.91551     0.258819    0.0322928
1999-05-31/02:49:51      135.500      85.0400      14.3200      75.0000      2.26526     0.258819    0.0381891
1999-05-31/02:50:11      139.250      86.7100      14.2200      71.0000      2.94697     0.325568    0.0486321
1999-05-31/02:56:09      294.360      72.8400      14.2000      79.0000      1.63122     0.190809    0.0279471
1999-05-31/02:56:29      294.410      71.8500      14.1600      79.0000      1.39500     0.190809    0.0239000
1999-05-31/02:56:49      294.850      70.7600      14.1100      81.0000      2.05483     0.156434    0.0354220
1999-05-31/02:57:09      294.770      69.5000      14.1500      72.0000      2.08872     0.309017    0.0346708
1999-05-31/02:57:29      294.610      68.3100      14.1400      68.0000      1.92688     0.374607    0.0311816
1999-05-31/02:57:49      294.520      67.3400      13.8200      76.0000      1.78707     0.241922    0.0302638
1999-05-31/02:58:09      295.150      66.1000      13.5800      87.0000      1.52620    0.0523359    0.0266007
1999-05-31/02:58:29      295.200      64.7700      13.0800      88.0000      1.17281    0.0348994    0.0204569
1999-05-31/02:58:48      294.760      63.8800      13.4700      81.0000      2.63167     0.156434    0.0453658
1999-05-31/02:59:08      294.260      62.6300      14.1200      79.0000      1.94149     0.190809    0.0332628
1999-05-31/02:59:28      293.290      61.5600      13.7300      79.0000      1.79598     0.190809    0.0307699
1999-05-31/03:01:48      288.690      54.7800      13.1700      69.0000      2.78623     0.358368    0.0453990
1999-05-31/03:02:08      288.100      53.7700      12.1400      63.0000      2.93375     0.453990    0.0456227
1999-05-31/03:02:28      287.940      52.7800      14.7500      68.0000      2.04548     0.374607    0.0331008
1999-05-31/03:02:48      287.870      51.8600      15.7000      73.0000      2.18013     0.292372    0.0363878
1999-05-31/03:03:08      288.050      50.8100      13.3600      73.0000      2.45874     0.292372    0.0410380
1999-05-31/03:03:28      288.560      49.8200      13.5300      77.0000      1.60103     0.224951    0.0272271
1999-05-31/03:03:48      288.170      48.4600      13.4800      70.0000      3.04196     0.342020    0.0498904
1999-05-31/03:04:08      288.630      46.7800      12.3500      72.0000      3.33396     0.309017    0.0553406
1999-05-31/03:07:27      288.780      37.0100      14.7200      83.0000      1.78208     0.121869    0.0308713
1999-05-31/03:07:47      288.880      35.6600      13.1500      79.0000      1.69625     0.190809    0.0290612
1999-05-31/03:08:07      288.720      34.2000      13.9000      89.0000      1.10706    0.0174524    0.0193189
1999-05-31/03:08:26      288.020      32.6400      13.7200      64.0000      2.04489     0.438371    0.0320780
1999-05-31/03:08:46      288.140      31.3600      12.8300      71.0000      2.15622     0.325568    0.0355828
1999-05-31/03:09:06      285.230      28.7200      14.7900      69.0000      2.39465     0.358368    0.0390186
1999-05-31/03:09:26      284.500      26.1900      14.8100      68.0000      2.04548     0.374607    0.0331008
1999-05-31/03:09:46      286.460      25.8700      10.5800      46.0000      2.56416     0.694658    0.0321926
1999-05-31/03:10:06      285.700      23.6600      12.8700      44.0000      1.70461     0.719340    0.0206668
1999-05-31/03:13:05      287.840      13.6600      13.9400      72.0000      2.65356     0.309017    0.0440466
1999-05-31/08:10:13      107.000      42.7800      14.0900      78.0000      1.63026     0.207912    0.0278316
1999-05-31/08:10:33      104.610      43.3400      13.0900      78.0000      1.30014     0.207912    0.0221959
1999-05-31/08:10:53      101.190      44.0400      11.6000      79.0000      1.66439     0.190809    0.0285154
1999-05-31/08:11:13      105.360      46.0900      14.9400      85.0000      2.66392    0.0871558    0.0463173
1999-05-31/08:11:33      106.320      46.9000      13.7300      87.0000      1.48983    0.0523359    0.0259668
1999-05-31/08:14:12      97.9200      60.1700      13.0600      105.000      2.85935     0.258819    0.0482046
1999-05-31/08:22:49      121.830      81.6000      12.4600      87.0000      1.62515    0.0523359    0.0283253
1999-05-31/08:23:09      122.710      82.7700      13.4700      74.0000      1.78862     0.275637    0.0300080
1999-05-31/08:23:29      123.530      83.7900      13.4500      67.0000      2.03620     0.390731    0.0327133
1999-05-31/08:23:49      126.200      84.7300      12.7000      78.0000      1.63026     0.207912    0.0278316
1999-05-31/08:24:09      131.620      84.9400      5.78000      72.0000      3.59803     0.309017    0.0597240
1999-05-31/08:25:49      248.180      87.7700      15.0100      87.0000      1.56949    0.0523359    0.0273552
1999-05-31/08:26:08      247.150      87.0900      22.2800      77.0000      1.22979     0.224951    0.0209138
1999-05-31/09:02:42      291.020     -36.7600      13.2500      73.0000      2.18013     0.292372    0.0363878
1999-05-31/09:03:02      291.490     -37.8300      12.1500      87.0000      2.12414    0.0523359    0.0370224
1999-05-31/09:05:00      289.580     -45.8200      11.1600      62.0000      3.16633     0.469472    0.0487942
1999-05-31/09:05:20      290.750     -45.5500      13.1900      63.0000      4.18389     0.453990    0.0650637
1999-05-31/09:05:40      293.590     -49.1800      18.4000      59.0000      2.31453     0.515038    0.0346263
1999-05-31/09:06:41      291.020     -48.4300      21.7500      73.0000      2.18013     0.292372    0.0363878
1999-05-31/09:07:01      290.080     -48.5100      14.7400      73.0000      2.58370     0.292372    0.0431237
1999-05-31/09:07:20      289.610     -49.1800      13.5400      78.0000      1.48621     0.207912    0.0253724
1999-05-31/09:07:40      289.200     -49.8600      16.5000      83.0000      2.03298     0.121869    0.0352177
1999-05-31/09:08:00      288.720     -50.7700      15.4400      80.0000      2.27326     0.173648    0.0390731
1999-05-31/09:08:20      288.360     -51.6000      10.0300      81.0000      2.79037     0.156434    0.0481016
1999-05-31/09:08:41      287.890     -52.7600      10.4800      67.0000      1.52115     0.390731    0.0244386
1999-05-31/09:09:01      287.600     -53.3800      13.6200      79.0000      1.86391     0.190809    0.0319337
1999-05-31/09:09:21      287.230     -54.4100      13.4300      70.0000      2.25531     0.342020    0.0369887
1999-05-31/09:09:41      286.830     -55.4800      13.1600      84.0000      2.51147     0.104528    0.0435933
1999-05-31/09:11:00      282.030     -61.4100      12.7000      78.0000      1.89705     0.207912    0.0323862
1999-05-31/09:11:19      280.480     -62.9500      12.0800      74.0000      2.85935     0.275637    0.0479718
1999-05-31/09:11:39      280.880     -64.1200      12.5400      83.0000      2.59171     0.121869    0.0448967
1999-05-31/10:04:49      102.680      57.1400      12.5800      106.000      2.94420     0.275637    0.0493954
1999-05-31/10:05:09      104.940      56.7700      12.6900      109.000      2.41105     0.325568    0.0397881
1999-05-31/10:05:29      101.890      58.5300      12.9900      108.000      2.79788     0.309017    0.0464422
1999-05-31/10:05:50      104.220      60.5700      13.2300      101.000      1.35630     0.190809    0.0232370
1999-05-31/10:06:10      105.510      60.0200      12.5400      103.000      1.89749     0.224951    0.0322687
1999-05-31/10:06:30      104.840      61.3500      12.0500      106.000      2.18013     0.275637    0.0365764
1999-05-31/10:06:50      105.480      62.2000      12.2900      106.000      2.04680     0.275637    0.0343395
1999-05-31/10:07:09      104.200      63.8500      12.3700      111.000      2.04548     0.358368    0.0333292
1999-05-31/10:07:29      104.070      65.0700      12.5000      111.000      1.80723     0.358368    0.0294471
1999-05-31/10:07:49      104.280      66.1500      12.3200      108.000      2.15622     0.309017    0.0357912
1999-05-31/10:08:09      103.480      66.8300      12.2300      105.000      2.03478     0.258819    0.0343035
1999-05-31/10:08:30      101.830      67.5600      11.9500      102.000      1.43056     0.207912    0.0244224
1999-05-31/10:08:50      100.250      68.6300      11.7600      106.000      2.04680     0.275637    0.0343395
1999-05-31/10:09:09      97.6400      70.6000      12.2800      104.000      1.72400     0.241922    0.0291957
1999-05-31/10:09:29      101.650      71.2700      12.2900      104.000      2.18875     0.241922    0.0370662
1999-05-31/10:09:49      98.8900      72.1400      12.2900      105.000      1.91034     0.258819    0.0322056
1999-05-31/10:10:09      98.6600      73.0500      12.4200      106.000      2.04680     0.275637    0.0343395
1999-05-31/10:10:29      100.050      73.7600      12.2800      109.000      2.34075     0.325568    0.0386280
1999-05-31/10:10:49      99.6300      75.0300      12.0300      107.000      2.72835     0.292372    0.0455380
1999-05-31/10:11:08      98.2500      75.9700      11.8400      109.000      2.90309     0.325568    0.0479080
1999-05-31/10:11:28      96.4200      77.0800      11.9800      107.000      2.56265     0.292372    0.0427723
1999-05-31/10:11:48      97.1500      78.1500      11.7600      103.000      1.73153     0.224951    0.0294463
1999-05-31/10:12:08      91.6400      79.2200      11.7500      101.000      1.63026     0.190809    0.0279306
1999-05-31/10:12:27      88.5800      80.5200      11.8000      110.000      2.35372     0.342020    0.0386027
1999-05-31/10:12:47      87.9300      81.6800      11.7600      106.000      2.31977     0.275637    0.0389192
1999-05-31/10:13:07      84.9000      82.6400      11.7800      111.000      1.97620     0.358368    0.0322003
1999-05-31/10:13:27      57.5500      83.5400      12.3900      114.000      1.85548     0.406737    0.0295845
1999-05-31/10:13:47      36.9800      83.3700      12.8400      112.000      1.61897     0.374607    0.0261988
1999-05-31/10:14:27      24.4200      83.8100      12.6700      109.000      2.65359     0.325568    0.0437906
1999-05-31/10:14:47      15.0000      83.9600      12.6900      108.000      2.25162     0.309017    0.0373748
1999-05-31/10:15:07      5.04000      84.4300      12.7200      100.000      1.86391     0.173648    0.0320371
1999-05-31/10:15:27      3.68000      86.4500      12.6400      99.0000      2.63679     0.156434    0.0454541
1999-05-31/10:15:46      350.670      84.7900      12.6100      109.000      4.13709     0.325568    0.0682720
1999-05-31/11:19:54      99.2300     -66.2000      12.4500      107.000      3.43378     0.292372    0.0573121
1999-05-31/11:22:14      103.410     -57.6000      12.3000      100.000      2.20742     0.173648    0.0379414
1999-05-31/11:22:34      102.310     -56.8800      12.2900      110.000      3.29185     0.342020    0.0539887
1999-05-31/11:23:33      104.500     -52.9000      12.1100      115.000      3.34448     0.422618    0.0529032
1999-05-31/11:28:33      105.220     -36.3500      12.5200      114.000      2.63779     0.406737    0.0420579
1999-05-31/11:28:53      105.280     -35.1300      12.3300      104.000      4.98392     0.241922    0.0844020
1999-05-31/11:29:13      105.060     -34.4600      12.2300      112.000      1.90709     0.374607    0.0308613
1999-05-31/11:29:53      105.610     -31.8900      12.6200      96.0000      2.70511     0.104529    0.0469544
1999-05-31/11:30:13      105.150     -31.1200      12.4600      107.000      4.48756     0.292372    0.0749004
1999-05-31/11:30:33      104.600     -30.1400      12.5600      100.000      2.25861     0.173648    0.0388213
1999-05-31/11:30:53      104.640     -29.1600      12.7300      91.0000      2.05850    0.0174525    0.0359221
1999-05-31/11:31:33      104.790     -26.2900      12.7600      156.000      17.1663     0.913545     0.121862
1999-05-31/11:31:53      105.230     -25.0400      12.7400      106.000      6.30314     0.275637     0.105749
1999-05-31/11:32:12      106.170     -23.8100      12.6500      135.000      4.65228     0.707107    0.0574154
1999-05-31/11:32:32      105.410     -23.5000      12.6500      145.000      12.0559     0.819152     0.120689
1999-05-31/11:33:12      105.460     -20.8500      12.6500      102.000      4.57661     0.207912    0.0781314
1999-05-31/11:33:32      105.800     -19.6200      12.7200      115.000      3.24076     0.422618    0.0512625
1999-05-31/11:33:52      105.900     -18.6400      12.5100      139.000      6.24757     0.754710    0.0715371
1999-05-31/11:34:12      105.960     -17.5300      12.1800      109.000      3.38317     0.325568    0.0558305
1999-05-31/11:34:32      105.900     -16.2000      11.9100      115.000      3.34448     0.422618    0.0529032
1999-05-31/11:34:52      106.370     -15.0600      12.5200      116.000      10.9597     0.438371     0.171924
1999-05-31/11:35:12      106.010     -14.2300      12.4000      114.000      7.61136     0.406737     0.121358
1999-05-31/11:35:32      106.180     -13.0900      11.6700      121.000      2.94793     0.515038    0.0441022
1999-05-31/11:35:52      105.980     -11.9800      11.9500      119.000      8.89926     0.484810     0.135847
1999-05-31/11:36:11      106.020     -10.8400      11.9900      115.000      8.75206     0.422618     0.138441
1999-05-31/11:36:31      106.010     -9.76000      11.9500      143.000      11.4444     0.798636     0.120208
1999-05-31/11:37:32      106.170     -6.24000      12.0100      124.000      2.56447     0.559193    0.0371064
1999-05-31/11:37:51      106.180     -5.16000      12.0500      104.000      18.8654     0.241922     0.319483
1999-05-31/11:39:11      106.320    -0.730000      11.9900      113.000      4.44103     0.390731    0.0713489
1999-05-31/11:39:31      106.310     0.280000      11.9100      97.0000      18.5254     0.121869     0.320920
1999-05-31/11:40:11      106.250      2.49000      12.1800      138.000      5.73175     0.743145    0.0669384
1999-05-31/11:40:51      106.490      4.73000      12.0200      168.000      17.3202     0.978148    0.0628505
1999-05-31/11:41:11      105.780      5.66000      12.1700      120.000      3.88265     0.500000    0.0586862
1999-05-31/11:41:30      106.130      6.88000      12.5000      115.000      4.24559     0.422618    0.0671570
1999-05-31/11:41:50      106.050      7.94000      12.6000      123.000      4.92552     0.544639    0.0720976
1999-05-31/11:42:10      105.390      9.13000      12.2800      142.000      10.7696     0.788011     0.115723
1999-05-31/11:42:30      105.960      10.3700      12.3200      173.000      15.5984     0.992546    0.0331781
1999-05-31/11:42:50      106.080      11.1000      12.5600      157.000      5.59402     0.920505    0.0381486
1999-05-31/11:43:10      105.880      12.0800      12.5000      160.000      14.3019     0.939693    0.0853734
1999-05-31/11:43:30      105.420      13.6300      12.3000      123.000      23.1802     0.544639     0.339302
1999-05-31/11:43:50      106.150      14.3900      12.5200      113.000      3.49606     0.390731    0.0561671
1999-05-31/11:44:30      106.200      16.9600      12.4200      114.000      7.74852     0.406737     0.123545
1999-05-31/11:44:50      106.140      17.9200      12.4500      158.000      42.4920     0.927184     0.277818
1999-05-31/11:45:10      105.180      18.7500      12.6200      121.000      4.08844     0.515038    0.0611647
1999-05-31/11:45:30      103.060      19.9500      12.4900      171.000      6.22288     0.987688    0.0169903
1999-05-31/11:45:50      103.070      22.2600      12.3400      170.000      20.0173     0.984808    0.0606671
1999-05-31/11:46:09      105.230      22.2600      12.3700      168.000      8.82093     0.978148    0.0320089
1999-05-31/11:46:29      103.660      24.0500      12.3000      127.000      22.1762     0.601815     0.309110
1999-05-31/11:46:50      105.970      24.4700      12.6900      143.000      8.36682     0.798636    0.0878822
1999-05-31/11:47:10      105.330      25.4300      12.7400      114.000      20.2240     0.406737     0.322459
1999-05-31/11:47:30      103.720      27.5600      12.5600      130.000      25.7972     0.642788     0.344909
1999-05-31/11:47:50      106.040      27.9900      12.1700      142.000      9.92565     0.788011     0.106654
1999-05-31/11:48:09      105.730      28.8500      12.5100      103.000      9.73667     0.224951     0.165581
1999-05-31/11:48:29      105.150      30.2200      12.4800      122.000      7.40268     0.529919     0.109569
1999-05-31/11:48:49      105.890      31.2400      12.4900      102.000      8.53174     0.207912     0.145653
1999-05-31/11:49:09      105.700      32.1600      12.6600      96.0000      3.59625     0.104529    0.0624226
1999-05-31/11:49:30      105.150      33.4000      12.9100      134.000      7.61342     0.694658    0.0955853
1999-05-31/11:49:50      105.200      34.4300      12.8900      126.000      5.55124     0.587785    0.0783836
1999-05-31/11:50:10      105.110      35.5500      12.6800      106.000      7.34229     0.275637     0.123183
1999-05-31/11:50:30      105.440      36.6200      12.8000      97.0000      2.93299     0.121869    0.0508088
1999-05-31/11:50:49      104.950      37.8400      12.8600      102.000      4.15178     0.207912    0.0708788
1999-05-31/11:51:09      105.290      38.8700      12.8800      110.000      26.6230     0.342020     0.436637
1999-05-31/11:51:49      104.640      41.1600      13.1800      117.000      6.40714     0.453991    0.0996374
1999-05-31/11:52:08      103.000      42.7400      13.1200      110.000      2.73958     0.342020    0.0449311
1999-05-31/11:52:28      103.600      43.9600      13.4900      105.000      3.40585     0.258819    0.0574178
1999-05-31/11:52:48      104.060      44.8800      13.5300      108.000      3.12735     0.309017    0.0519111
1999-05-31/11:53:08      103.910      46.0100      12.4800      117.000      3.60112     0.453991    0.0560010
1999-05-31/11:53:29      103.410      47.2600      12.3900      112.000      2.95217     0.374607    0.0477732
1999-05-31/11:53:49      103.470      48.2300      11.8800      103.000      2.08650     0.224951    0.0354829
1999-05-31/11:54:09      103.530      49.2100      12.9300      99.0000      3.25690     0.156434    0.0561438
1999-05-31/11:54:29      103.610      50.2400      14.0200      105.000      3.26672     0.258819    0.0550723
1999-05-31/11:54:48      102.920      51.3700      13.9100      111.000      2.53204     0.358368    0.0412572
1999-05-31/11:55:08      99.8700      53.2800      13.2000      112.000      2.54874     0.374607    0.0412448
1999-05-31/11:55:28      97.4800      55.0000      13.0700      108.000      3.72693     0.309017    0.0618636
1999-05-31/11:55:48      98.5400      55.8000      13.3700      104.000      3.22223     0.241922    0.0545680
1999-05-31/11:56:07      97.9100      56.8800      13.5500      102.000      1.36590     0.207912    0.0233185
1999-05-31/17:23:57      101.860      35.9100      13.0600      86.0000      2.83998    0.0697565    0.0494463
1999-05-31/17:24:56      101.700      39.4700      13.9300      69.0000      3.00121     0.358368    0.0489019
1999-05-31/17:25:55      102.160      42.5300      13.6200      81.0000      2.71465     0.156434    0.0467963
1999-05-31/17:26:15      102.360      43.6400      13.7100      81.0000      2.85571     0.156434    0.0492279
1999-05-31/17:27:34      102.540      48.1200      13.8300      70.0000      2.83748     0.342020    0.0465367
1999-05-31/17:27:54      102.490      49.0600      13.5300      82.0000      2.93299     0.139173    0.0506922
1999-05-31/17:28:15      102.310      50.2400      12.7400      80.0000      3.10816     0.173648    0.0534235
1999-05-31/17:28:35      101.790      51.6300      13.1600      72.0000      4.92515     0.309017    0.0817529
1999-05-31/17:28:55      101.460      52.7100      13.7900      69.0000      2.65743     0.358368    0.0433003
1999-05-31/17:29:15      101.540      53.3900      15.8900      73.0000      3.07495     0.292372    0.0513230
1999-05-31/17:29:34      101.830      54.2900      14.8800      88.0000      1.28044    0.0348994    0.0223343
1999-05-31/17:29:54      101.790      55.4600      13.4700      81.0000      2.63167     0.156434    0.0453658
1999-05-31/17:30:14      101.750      56.6300      13.5700      79.0000      2.01648     0.190809    0.0345476
1999-05-31/17:30:34      101.470      57.7300      12.9300      76.0000      1.78707     0.241922    0.0302638
1999-05-31/17:30:53      101.020      58.8000      13.4000      77.0000      1.55031     0.224951    0.0263645
1999-05-31/17:31:13      100.620      60.0000      13.4200      78.0000      1.63026     0.207912    0.0278316
1999-05-31/17:31:33      100.200      61.2000      13.5800      81.0000      2.54772     0.156434    0.0439187
1999-05-31/17:31:53      100.360      62.3800      13.5500      86.0000      2.34355    0.0697565    0.0408030
1999-05-31/17:32:14      100.390      63.5000      12.9800      77.0000      1.99423     0.224951    0.0339138
1999-05-31/17:32:33      99.8300      64.8000      13.3400      73.0000      2.68499     0.292372    0.0448143
1999-05-31/17:32:53      99.5000      65.9800      12.9100      79.0000      2.08986     0.190809    0.0358048
1999-05-31/17:33:13      99.4200      67.1600      13.1500      83.0000      3.07606     0.121869    0.0532872
1999-05-31/17:33:33      99.1300      68.2100      13.2600      81.0000      2.63167     0.156434    0.0453658
1999-05-31/17:33:53      99.2100      69.1700      13.0500      79.0000      2.06637     0.190809    0.0354023
1999-05-31/17:34:13      100.210      69.7400      12.9700      71.0000      2.25162     0.325568    0.0371572
1999-05-31/17:34:32      100.230      70.4700      13.3800      74.0000      2.58033     0.275637    0.0432907
1999-05-31/17:34:52      100.530      71.5900      13.4800      75.0000      2.26526     0.258819    0.0381891
1999-05-31/17:35:12      100.100      72.8100      13.6500      80.0000      2.97469     0.173648    0.0511294
1999-05-31/17:35:32      98.8400      74.0500      13.8100      82.0000      2.19406     0.139173    0.0379209
1999-05-31/17:35:52      98.0200      75.2000      12.3600      77.0000      1.43056     0.224951    0.0243281
1999-05-31/17:36:10      97.3900      76.1500      12.2700      79.0000      2.08986     0.190809    0.0358048
1999-05-31/17:36:30      95.2800      77.3900      14.8500      81.0000      3.06517     0.156434    0.0528387
1999-05-31/17:36:50      92.4800      78.7200      15.5100      71.0000      2.79788     0.325568    0.0461718
1999-05-31/17:37:10      91.7700      79.8300      14.1900      72.0000      3.00550     0.309017    0.0498885
1999-05-31/17:37:29      91.2100      80.8000      14.1600      66.0000      1.92248     0.406737    0.0306527
1999-05-31/17:37:49      92.9100      81.7600      14.1300      60.0000      2.87886     0.500000    0.0435140
1999-05-31/17:38:09      94.0100      82.7600      14.0500      61.0000      3.01293     0.484810    0.0459924
1999-05-31/17:38:29      92.8300      83.7100      13.9600      80.0000      2.00340     0.173648    0.0344347
1999-05-31/17:38:48      90.8600      84.7600      14.2200      88.0000      1.47669    0.0348994    0.0257574
1999-05-31/17:39:48      53.9700      88.0100      14.1200      73.0000      4.73724     0.292372    0.0790677
1999-05-31/17:40:09      34.2000      87.6500      14.9600      70.0000      3.56289     0.342020    0.0584340
